Name,Email,Phone,Street,City,Country
Royal Trading FZCO 0001,accounts1@import-royal.example,+971 7 703 3863,27 Street 23,Muscat,Oman
Faisal John Siddiqui,faisal.siddiqui.imp2@mail.example,+971 54 543 3370,71 Street 32,Dubai,United Arab Emirates
Peter Ali George,peter.george.imp3@mail.example,+971 56 546 7045,84 Street 35,Sharjah,United Arab Emirates
Cedar Medical Supplies Est. 0004,accounts4@import-cedar.example,+971 9 272 8516,11 Street 23,Sharjah,United Arab Emirates
Bilal Rashid Reyes,bilal.reyes.imp5@mail.example,+971 54 442 8529,96 Street 28,Ras al-Khaimah,United Arab Emirates
Nadia Bilal Jaber,nadia.jaber.imp6@mail.example,+971 54 140 7421,18 Street 30,Chennai,India
Maitha Karim Haddad,maitha.haddad.imp7@mail.example,+971 50 183 1863,97 Street 30,Sharjah,United Arab Emirates
Hind Tariq Chen,hind.chen.imp8@mail.example,+971 58 752 6152,106 Street 26,Abu Dhabi,United Arab Emirates
Waleed Grace Khan,waleed.khan.imp9@mail.example,+971 58 321 7603,78 Street 32,London,United Kingdom
Al Wasl Building Materials FZCO 0010,accounts10@import-al.example,+971 3 868 4939,101 Street 28,Abu Dhabi,United Arab Emirates
Noura Ravi Reyes,noura.reyes.imp11@mail.example,+971 55 192 3933,16 Street 36,Ras al-Khaimah,United Arab Emirates
Aisha Amal Al Ameri,aisha.al.ameri.imp12@mail.example,+971 50 360 2459,3 Street 30,Fujairah,United Arab Emirates
Al Noor Medical Supplies FZE 0013,accounts13@import-al.example,+971 6 787 8877,48 Street 27,Mumbai,India
Rania Bilal Nasr,rania.nasr.imp14@mail.example,+971 50 139 2299,90 Street 40,Umm al-Quwain,United Arab Emirates
Prime Furniture Industries LLC 0015,accounts15@import-prime.example,+971 2 779 9397,52 Street 9,Dubai,United Arab Emirates
Hassan Hind Khoury,hassan.khoury.imp16@mail.example,+971 50 166 7840,29 Street 38,Sharjah,United Arab Emirates
Layla Omar Aziz,layla.aziz.imp17@mail.example,+971 56 453 5925,2 Street 23,Ajman,United Arab Emirates
Falcon Trading LLC 0018,accounts18@import-falcon.example,+971 2 507 0924,64 Street 28,Fujairah,United Arab Emirates
Samir Latifa Rahman,samir.rahman.imp19@mail.example,+971 52 457 1464,76 Street 29,Abu Dhabi,United Arab Emirates
Ravi Maria Al Ketbi,ravi.al.ketbi.imp20@mail.example,+971 50 262 0317,103 Street 32,Ras al-Khaimah,United Arab Emirates
Mariam Hamdan Al Ameri,mariam.al.ameri.imp21@mail.example,+971 58 872 4768,22 Street 2,Abu Dhabi,United Arab Emirates
Ibrahim Layla Al Ketbi,ibrahim.al.ketbi.imp22@mail.example,+971 54 279 2926,34 Street 17,Abu Dhabi,United Arab Emirates
Al Fajr Marine Supplies Est. 0023,accounts23@import-al.example,+971 6 521 8795,27 Street 13,Dubai,United Arab Emirates
Khalid Grace Santos,khalid.santos.imp24@mail.example,+971 58 113 8584,46 Street 5,Jeddah,Saudi Arabia
Al Noor Building Materials Co. 0025,accounts25@import-al.example,+971 6 299 4270,76 Street 31,Umm al-Quwain,United Arab Emirates
Maitha Karim Al Qasimi,maitha.al.qasimi.imp26@mail.example,+971 54 893 8831,38 Street 1,Dubai,United Arab Emirates
Peter Dana Al Mansouri,peter.al.mansouri.imp27@mail.example,+971 58 857 7082,3 Street 21,Umm al-Quwain,United Arab Emirates
Hind Maria Darwish,hind.darwish.imp28@mail.example,+971 52 815 2456,70 Street 2,Fujairah,United Arab Emirates
Atlas Cables Co. 0029,accounts29@import-atlas.example,+971 9 530 3094,34 Street 14,Ras al-Khaimah,United Arab Emirates
Prime Steel Industries Co. 0030,accounts30@import-prime.example,+971 9 692 5400,32 Street 27,Ras al-Khaimah,United Arab Emirates
Mohammed Shamma Patel,mohammed.patel.imp31@mail.example,+971 55 817 3079,52 Street 27,Umm al-Quwain,United Arab Emirates
Rashid Saeed Al Dhaheri,rashid.al.dhaheri.imp32@mail.example,+971 54 242 9279,7 Street 16,Ajman,United Arab Emirates
Anna Dana Kowalski,anna.kowalski.imp33@mail.example,+971 55 631 1478,39 Street 11,Umm al-Quwain,United Arab Emirates
Salem Faisal Siddiqui,salem.siddiqui.imp34@mail.example,+971 52 261 0719,97 Street 13,Sharjah,United Arab Emirates
Fahad Joseph Patel,fahad.patel.imp35@mail.example,+971 56 780 6428,20 Street 34,Fujairah,United Arab Emirates
Anna Majid Al Falasi,anna.al.falasi.imp36@mail.example,+971 58 736 0884,46 Street 24,Ajman,United Arab Emirates
Falcon Electronics Est. 0037,accounts37@import-falcon.example,+971 7 603 0812,37 Street 13,Abu Dhabi,United Arab Emirates
Atlas Furniture FZCO 0038,accounts38@import-atlas.example,+971 4 767 6394,91 Street 8,Sharjah,United Arab Emirates
Majid Rahul Liu,majid.liu.imp39@mail.example,+971 52 163 3774,57 Street 26,Abu Dhabi,United Arab Emirates
Gulf Marine Supplies Industries LLC 0040,accounts40@import-gulf.example,+971 2 404 7521,55 Street 1,Umm al-Quwain,United Arab Emirates
Daniel Shamma Mansour,daniel.mansour.imp41@mail.example,+971 58 243 3716,54 Street 15,Ras al-Khaimah,United Arab Emirates
Mona Rahul Wang,mona.wang.imp42@mail.example,+971 58 417 0439,32 Street 10,Yiwu,China
Latifa Nadia Yassin,latifa.yassin.imp43@mail.example,+971 56 399 9698,1 Street 13,Abu Dhabi,United Arab Emirates
Asma Asma Liu,asma.liu.imp44@mail.example,+971 56 644 8498,28 Street 39,Umm al-Quwain,United Arab Emirates
Lotus Logistics Est. 0045,accounts45@import-lotus.example,+971 3 207 3552,105 Street 23,Abu Dhabi,United Arab Emirates
Zenith General Trading LLC 0046,accounts46@import-zenith.example,+971 4 782 0478,62 Street 35,Ajman,United Arab Emirates
John John Al Mazrouei,john.al.mazrouei.imp47@mail.example,+971 54 908 2638,6 Street 4,Sharjah,United Arab Emirates
Prime Aluminium Est. 0048,accounts48@import-prime.example,+971 9 449 5073,32 Street 28,Fujairah,United Arab Emirates
Fatima Saeed Al Falasi,fatima.al.falasi.imp49@mail.example,+971 50 644 4797,38 Street 39,Fujairah,United Arab Emirates
Elena Layla Darwish,elena.darwish.imp50@mail.example,+971 54 740 9366,109 Street 1,Umm al-Quwain,United Arab Emirates
Silver Trading FZE 0051,accounts51@import-silver.example,+971 4 380 2340,99 Street 12,Abu Dhabi,United Arab Emirates
Dune Electronics FZE 0052,accounts52@import-dune.example,+971 2 755 7123,30 Street 12,Dubai,United Arab Emirates
Wei Reem Yassin,wei.yassin.imp53@mail.example,+971 50 607 8433,52 Street 7,Ajman,United Arab Emirates
Desert Textiles Industries LLC 0054,accounts54@import-desert.example,+971 9 736 7332,82 Street 6,Umm al-Quwain,United Arab Emirates
Crescent Foodstuff FZCO 0055,accounts55@import-crescent.example,+971 4 211 5348,48 Street 12,Jeddah,Saudi Arabia
Grace Maitha Haddad,grace.haddad.imp56@mail.example,+971 52 558 3805,35 Street 9,Sharjah,United Arab Emirates
Huda Ahmed Liu,huda.liu.imp57@mail.example,+971 54 121 1083,93 Street 38,Manchester,United Kingdom
Arjun Rahul Dsouza,arjun.dsouza.imp58@mail.example,+971 58 202 5386,95 Street 11,Fujairah,United Arab Emirates
Wei Ravi Nair,wei.nair.imp59@mail.example,+971 56 114 8209,78 Street 2,Abu Dhabi,United Arab Emirates
Abdullah Dana Santos,abdullah.santos.imp60@mail.example,+971 50 357 8315,23 Street 13,Dubai,United Arab Emirates
Mohammed Saeed Khan,mohammed.khan.imp61@mail.example,+971 55 206 1267,98 Street 24,Abu Dhabi,United Arab Emirates
Ravi Sara Menon,ravi.menon.imp62@mail.example,+971 55 414 4749,91 Street 16,Umm al-Quwain,United Arab Emirates
Dune Glass Co. 0063,accounts63@import-dune.example,+971 4 310 4591,29 Street 13,Fujairah,United Arab Emirates
Al Fajr Plastics Est. 0064,accounts64@import-al.example,+971 3 859 7361,30 Street 35,Sharjah,United Arab Emirates
Blue Wave Medical Supplies FZCO 0065,accounts65@import-blue.example,+971 7 444 8278,119 Street 1,Salalah,Oman
Mariam John Al Mazrouei,mariam.al.mazrouei.imp66@mail.example,+971 50 169 5024,109 Street 1,Umm al-Quwain,United Arab Emirates
Hamad Majid Mansour,hamad.mansour.imp67@mail.example,+971 50 580 2028,78 Street 39,Sharjah,United Arab Emirates
Yousef Aisha Sharma,yousef.sharma.imp68@mail.example,+971 58 272 2673,36 Street 33,Dubai,United Arab Emirates
Latifa Priya Thomas,latifa.thomas.imp69@mail.example,+971 58 501 7666,45 Street 14,Dubai,United Arab Emirates
Summit Paper Products LLC 0070,accounts70@import-summit.example,+971 2 617 9049,118 Street 20,Ajman,United Arab Emirates
Asma Sultan Al Ketbi,asma.al.ketbi.imp71@mail.example,+971 55 291 3428,6 Street 39,Umm al-Quwain,United Arab Emirates
Mohammed Priya Aziz,mohammed.aziz.imp72@mail.example,+971 55 285 3444,69 Street 19,Fujairah,United Arab Emirates
Mansour Ibrahim Liu,mansour.liu.imp73@mail.example,+971 54 515 3901,70 Street 20,Ras al-Khaimah,United Arab Emirates
Dune Furniture Industries LLC 0074,accounts74@import-dune.example,+971 7 597 6087,70 Street 10,Umm al-Quwain,United Arab Emirates
Elena Arjun Al Ketbi,elena.al.ketbi.imp75@mail.example,+971 54 809 2591,29 Street 14,Ajman,United Arab Emirates
Prime Glass LLC 0076,accounts76@import-prime.example,+971 4 404 3845,99 Street 26,Ajman,United Arab Emirates
Desert Chemicals FZE 0077,accounts77@import-desert.example,+971 3 627 9127,47 Street 33,Ras al-Khaimah,United Arab Emirates
Atlas Furniture LLC 0078,accounts78@import-atlas.example,+971 2 722 1355,98 Street 2,Fujairah,United Arab Emirates
Karim Grace Al Blooshi,karim.al.blooshi.imp79@mail.example,+971 55 537 8028,3 Street 19,Ras al-Khaimah,United Arab Emirates
Zenith Chemicals Industries LLC 0080,accounts80@import-zenith.example,+971 3 763 9798,77 Street 27,Riyadh,Saudi Arabia
Waleed Fatima Menon,waleed.menon.imp81@mail.example,+971 56 768 8824,60 Street 12,Sharjah,United Arab Emirates
Horizon Furniture Est. 0082,accounts82@import-horizon.example,+971 9 814 1084,51 Street 39,Ras al-Khaimah,United Arab Emirates
Abdullah Asma Al Dhaheri,abdullah.al.dhaheri.imp83@mail.example,+971 56 151 1791,40 Street 28,Abu Dhabi,United Arab Emirates
Mona Nasser Nasr,mona.nasr.imp84@mail.example,+971 52 772 7412,70 Street 6,Ras al-Khaimah,United Arab Emirates
Desert Foodstuff Industries LLC 0085,accounts85@import-desert.example,+971 7 572 5807,57 Street 9,Abu Dhabi,United Arab Emirates
Cedar Logistics FZE 0086,accounts86@import-cedar.example,+971 3 629 2266,93 Street 24,Ajman,United Arab Emirates
Sara Saeed Al Qasimi,sara.al.qasimi.imp87@mail.example,+971 54 767 9480,17 Street 14,Abu Dhabi,United Arab Emirates
Rahul Wei Fernandes,rahul.fernandes.imp88@mail.example,+971 58 602 3840,101 Street 33,Ras al-Khaimah,United Arab Emirates
Priya Mariam Smith,priya.smith.imp89@mail.example,+971 54 688 5753,24 Street 17,Shanghai,China
Star Aluminium FZE 0090,accounts90@import-star.example,+971 6 557 1617,32 Street 17,Dubai,United Arab Emirates
Lotus Paper Products LLC 0091,accounts91@import-lotus.example,+971 4 564 6658,36 Street 4,Dubai,United Arab Emirates
Sky Packaging LLC 0092,accounts92@import-sky.example,+971 4 858 4270,100 Street 24,Sharjah,United Arab Emirates
Elena Sanjay Menon,elena.menon.imp93@mail.example,+971 56 241 9748,34 Street 33,Umm al-Quwain,United Arab Emirates
Saeed Waleed Aziz,saeed.aziz.imp94@mail.example,+971 58 274 8969,107 Street 22,Kochi,India
Khalid Arjun Al Falasi,khalid.al.falasi.imp95@mail.example,+971 54 587 6116,4 Street 4,Fujairah,United Arab Emirates
Gulf Plastics FZE 0096,accounts96@import-gulf.example,+971 7 610 5940,71 Street 34,Mumbai,India
Golden General Trading FZE 0097,accounts97@import-golden.example,+971 9 889 6838,71 Street 6,Ras al-Khaimah,United Arab Emirates
Mansour Mona Santos,mansour.santos.imp98@mail.example,+971 52 827 3391,24 Street 25,Sharjah,United Arab Emirates
Bilal Rashid Obaid,bilal.obaid.imp99@mail.example,+971 54 209 5237,26 Street 40,Abu Dhabi,United Arab Emirates
Zayed Asma George,zayed.george.imp100@mail.example,+971 56 347 1682,11 Street 4,Abu Dhabi,United Arab Emirates
Hamad Shamma Kowalski,hamad.kowalski.imp101@mail.example,+971 50 932 0827,112 Street 1,Ras al-Khaimah,United Arab Emirates
Salem Abdullah Farouk,salem.farouk.imp102@mail.example,+971 52 411 1856,24 Street 8,Ras al-Khaimah,United Arab Emirates
Khalid Nasser Al Dhaheri,khalid.al.dhaheri.imp103@mail.example,+971 55 303 0534,35 Street 19,Riyadh,Saudi Arabia
Asma Rania Yassin,asma.yassin.imp104@mail.example,+971 55 599 8924,47 Street 25,Salalah,Oman
Ibrahim Arjun Habib,ibrahim.habib.imp105@mail.example,+971 55 477 4073,45 Street 16,Ras al-Khaimah,United Arab Emirates
Waleed Waleed Fernandes,waleed.fernandes.imp106@mail.example,+971 50 344 7807,55 Street 21,Abu Dhabi,United Arab Emirates
Shamma Anil Iyer,shamma.iyer.imp107@mail.example,+971 55 381 0687,7 Street 15,Ras al-Khaimah,United Arab Emirates
Reem Sultan Fernandes,reem.fernandes.imp108@mail.example,+971 58 269 0356,107 Street 12,Dubai,United Arab Emirates
Maitha Omar George,maitha.george.imp109@mail.example,+971 52 328 1085,94 Street 38,Abu Dhabi,United Arab Emirates
Star Building Materials FZCO 0110,accounts110@import-star.example,+971 7 362 1439,27 Street 10,Ajman,United Arab Emirates
Anna Maitha Al Falasi,anna.al.falasi.imp111@mail.example,+971 58 900 7442,7 Street 17,Fujairah,United Arab Emirates
Royal Medical Supplies FZE 0112,accounts112@import-royal.example,+971 6 635 5906,71 Street 12,Fujairah,United Arab Emirates
Nasser Elena Darwish,nasser.darwish.imp113@mail.example,+971 55 857 9050,3 Street 30,Dubai,United Arab Emirates
Marina Packaging Co. 0114,accounts114@import-marina.example,+971 3 294 2253,3 Street 12,Ras al-Khaimah,United Arab Emirates
Amal Reem Al Mazrouei,amal.al.mazrouei.imp115@mail.example,+971 50 346 2512,29 Street 38,Shanghai,China
Sanjay Grace Reyes,sanjay.reyes.imp116@mail.example,+971 58 411 9233,59 Street 37,Abu Dhabi,United Arab Emirates
Zenith Steel Industries Est. 0117,accounts117@import-zenith.example,+971 9 743 9252,84 Street 1,Dubai,United Arab Emirates
Cedar Paper Products Co. 0118,accounts118@import-cedar.example,+971 9 737 2154,43 Street 33,Ras al-Khaimah,United Arab Emirates
Coral Building Materials FZCO 0119,accounts119@import-coral.example,+971 9 737 7789,40 Street 31,Dubai,United Arab Emirates
Prime Building Materials FZE 0120,accounts120@import-prime.example,+971 6 462 2882,86 Street 17,Sohar,Oman
Al Bayan Foodstuff Industries LLC 0121,accounts121@import-al.example,+971 2 872 5722,46 Street 33,Umm al-Quwain,United Arab Emirates
Emirates Furniture FZCO 0122,accounts122@import-emirates.example,+971 6 711 2132,28 Street 22,Abu Dhabi,United Arab Emirates
Palm Marine Supplies FZCO 0123,accounts123@import-palm.example,+971 3 451 4052,29 Street 15,Fujairah,United Arab Emirates
Dana Aisha Rahman,dana.rahman.imp124@mail.example,+971 56 898 8840,120 Street 34,Fujairah,United Arab Emirates
Blue Wave Logistics FZE 0125,accounts125@import-blue.example,+971 4 669 7925,113 Street 13,Kochi,India
Shamma Waleed Liu,shamma.liu.imp126@mail.example,+971 58 430 7866,88 Street 21,Ras al-Khaimah,United Arab Emirates
Al Fajr Marine Supplies Co. 0127,accounts127@import-al.example,+971 6 884 0535,110 Street 20,Umm al-Quwain,United Arab Emirates
Mansour Mariam Al Romaithi,mansour.al.romaithi.imp128@mail.example,+971 50 227 6025,43 Street 31,Ajman,United Arab Emirates
Sara Reem Mansour,sara.mansour.imp129@mail.example,+971 56 350 7197,97 Street 2,Sharjah,United Arab Emirates
Faisal Hind Menon,faisal.menon.imp130@mail.example,+971 55 854 7593,98 Street 3,Abu Dhabi,United Arab Emirates
Sultan Ibrahim Al Suwaidi,sultan.al.suwaidi.imp131@mail.example,+971 54 318 8878,118 Street 33,Dubai,United Arab Emirates
Omar Nasser Al Ameri,omar.al.ameri.imp132@mail.example,+971 52 242 3364,9 Street 17,Umm al-Quwain,United Arab Emirates
Majid Huda Sharma,majid.sharma.imp133@mail.example,+971 56 525 3830,94 Street 4,Ras al-Khaimah,United Arab Emirates
Falcon Plastics Est. 0134,accounts134@import-falcon.example,+971 6 202 7217,23 Street 23,Abu Dhabi,United Arab Emirates
Abdullah Mohammed Jaber,abdullah.jaber.imp135@mail.example,+971 55 933 6668,93 Street 28,Dubai,United Arab Emirates
Sky Steel Industries LLC 0136,accounts136@import-sky.example,+971 4 237 0090,117 Street 4,Dubai,United Arab Emirates
Emirates Electronics Industries LLC 0137,accounts137@import-emirates.example,+971 2 232 6809,56 Street 24,Ajman,United Arab Emirates
Elena Noura Al Shamsi,elena.al.shamsi.imp138@mail.example,+971 55 471 8268,27 Street 32,Umm al-Quwain,United Arab Emirates
Golden Trading FZCO 0139,accounts139@import-golden.example,+971 9 814 7864,57 Street 8,Umm al-Quwain,United Arab Emirates
Sultan Ahmed Liu,sultan.liu.imp140@mail.example,+971 55 627 5241,63 Street 6,Abu Dhabi,United Arab Emirates
Palm Furniture Est. 0141,accounts141@import-palm.example,+971 9 470 2837,112 Street 1,Abu Dhabi,United Arab Emirates
Falcon Cables FZCO 0142,accounts142@import-falcon.example,+971 7 818 3748,103 Street 21,Dubai,United Arab Emirates
Al Wasl Furniture LLC 0143,accounts143@import-al.example,+971 6 775 7298,77 Street 8,Sharjah,United Arab Emirates
Layla Imran Yassin,layla.yassin.imp144@mail.example,+971 50 967 5837,51 Street 10,Dubai,United Arab Emirates
Latifa Mansour Santos,latifa.santos.imp145@mail.example,+971 58 956 5406,35 Street 9,Dubai,United Arab Emirates
Hamad Saeed Obaid,hamad.obaid.imp146@mail.example,+971 58 325 0417,44 Street 4,Ras al-Khaimah,United Arab Emirates
Joseph Omar Qureshi,joseph.qureshi.imp147@mail.example,+971 50 809 8427,114 Street 15,Muscat,Oman
Peter Sanjay Al Ketbi,peter.al.ketbi.imp148@mail.example,+971 56 558 1698,105 Street 2,Ajman,United Arab Emirates
Sky Trading Est. 0149,accounts149@import-sky.example,+971 6 894 2505,107 Street 15,Dubai,United Arab Emirates
Asma Mariam Smith,asma.smith.imp150@mail.example,+971 58 716 6485,68 Street 20,Sharjah,United Arab Emirates
Unity Steel Industries Est. 0151,accounts151@import-unity.example,+971 7 267 0974,50 Street 38,Ajman,United Arab Emirates
Lotus Aluminium FZE 0152,accounts152@import-lotus.example,+971 6 888 2821,60 Street 34,Umm al-Quwain,United Arab Emirates
Yousef Hamad Al Hashimi,yousef.al.hashimi.imp153@mail.example,+971 58 586 9858,51 Street 3,Umm al-Quwain,United Arab Emirates
Gulf Glass FZE 0154,accounts154@import-gulf.example,+971 6 820 8727,102 Street 21,Fujairah,United Arab Emirates
Salem Grace Saleh,salem.saleh.imp155@mail.example,+971 50 885 7173,109 Street 37,Sharjah,United Arab Emirates
Latifa Saeed Al Qasimi,latifa.al.qasimi.imp156@mail.example,+971 58 268 5460,75 Street 2,Fujairah,United Arab Emirates
Priya Priya Al Suwaidi,priya.al.suwaidi.imp157@mail.example,+971 54 350 1267,114 Street 30,Umm al-Quwain,United Arab Emirates
Peter Amal Al Hashimi,peter.al.hashimi.imp158@mail.example,+971 56 221 0478,100 Street 18,Dubai,United Arab Emirates
Nasser Aisha George,nasser.george.imp159@mail.example,+971 55 617 9776,16 Street 7,Ras al-Khaimah,United Arab Emirates
Grace Rahul Chen,grace.chen.imp160@mail.example,+971 56 809 0160,17 Street 18,Umm al-Quwain,United Arab Emirates
Prime Steel Industries FZE 0161,accounts161@import-prime.example,+971 6 300 8544,34 Street 27,Ras al-Khaimah,United Arab Emirates
Palm Foodstuff FZE 0162,accounts162@import-palm.example,+971 6 729 1199,120 Street 34,Fujairah,United Arab Emirates
Horizon Packaging FZCO 0163,accounts163@import-horizon.example,+971 7 725 8145,105 Street 6,Ras al-Khaimah,United Arab Emirates
Al Bayan Furniture Industries LLC 0164,accounts164@import-al.example,+971 7 603 1977,22 Street 32,Sharjah,United Arab Emirates
Al Fajr Marine Supplies FZCO 0165,accounts165@import-al.example,+971 9 783 5412,37 Street 24,Abu Dhabi,United Arab Emirates
Fatima Omar Al Falasi,fatima.al.falasi.imp166@mail.example,+971 50 894 4663,118 Street 13,Kochi,India
Rahul John Darwish,rahul.darwish.imp167@mail.example,+971 55 711 7107,25 Street 9,Dubai,United Arab Emirates
Joseph Joseph Al Ketbi,joseph.al.ketbi.imp168@mail.example,+971 54 218 7610,25 Street 21,Jeddah,Saudi Arabia
Summit Medical Supplies FZCO 0169,accounts169@import-summit.example,+971 7 696 0894,25 Street 9,Sharjah,United Arab Emirates
Faisal Waleed Barakat,faisal.barakat.imp170@mail.example,+971 52 886 3162,69 Street 8,Abu Dhabi,United Arab Emirates
Saeed Omar Al Hashimi,saeed.al.hashimi.imp171@mail.example,+971 52 912 9301,106 Street 2,Ras al-Khaimah,United Arab Emirates
Oasis Plastics LLC 0172,accounts172@import-oasis.example,+971 2 674 1117,26 Street 39,Fujairah,United Arab Emirates
Atlas Paints FZE 0173,accounts173@import-atlas.example,+971 3 638 7011,61 Street 24,Abu Dhabi,United Arab Emirates
Al Noor Steel Industries Industries LLC 0174,accounts174@import-al.example,+971 6 247 6634,35 Street 7,Sharjah,United Arab Emirates
Dune Furniture Industries LLC 0175,accounts175@import-dune.example,+971 3 623 6676,114 Street 38,Jeddah,Saudi Arabia
Imran Amal Ivanova,imran.ivanova.imp176@mail.example,+971 50 780 5367,69 Street 40,Ras al-Khaimah,United Arab Emirates
Lotus Foodstuff Est. 0177,accounts177@import-lotus.example,+971 7 571 9916,20 Street 23,Ajman,United Arab Emirates
Hamdan Reem Dsouza,hamdan.dsouza.imp178@mail.example,+971 55 823 9727,63 Street 25,Umm al-Quwain,United Arab Emirates
Royal Trading Industries LLC 0179,accounts179@import-royal.example,+971 7 698 2677,2 Street 4,Dubai,United Arab Emirates
Dana Faisal Al Muhairi,dana.al.muhairi.imp180@mail.example,+971 52 207 7233,31 Street 10,Ajman,United Arab Emirates
Zayed Ibrahim Sharma,zayed.sharma.imp181@mail.example,+971 50 780 6016,38 Street 32,Abu Dhabi,United Arab Emirates
Sultan Dana Khoury,sultan.khoury.imp182@mail.example,+971 50 311 1825,82 Street 24,Dubai,United Arab Emirates
Layla Rania Al Suwaidi,layla.al.suwaidi.imp183@mail.example,+971 56 982 5992,3 Street 37,Fujairah,United Arab Emirates
Arjun Noura Reyes,arjun.reyes.imp184@mail.example,+971 55 688 5028,88 Street 6,Sohar,Oman
Abdullah Sultan Darwish,abdullah.darwish.imp185@mail.example,+971 55 278 2603,101 Street 27,Salalah,Oman
Rashid Layla Nasr,rashid.nasr.imp186@mail.example,+971 56 412 8293,69 Street 40,Jeddah,Saudi Arabia
Palm Aluminium Co. 0187,accounts187@import-palm.example,+971 3 703 5745,59 Street 37,Abu Dhabi,United Arab Emirates
Palm Building Materials Est. 0188,accounts188@import-palm.example,+971 3 220 1219,3 Street 8,Fujairah,United Arab Emirates
Rania Reem Dsouza,rania.dsouza.imp189@mail.example,+971 58 379 5365,94 Street 35,Ras al-Khaimah,United Arab Emirates
Mariam Mansour Al Ameri,mariam.al.ameri.imp190@mail.example,+971 50 343 1696,119 Street 27,Riyadh,Saudi Arabia
Prime Marine Supplies FZCO 0191,accounts191@import-prime.example,+971 2 224 5063,61 Street 15,Riyadh,Saudi Arabia
Rania Elena Farouk,rania.farouk.imp192@mail.example,+971 58 607 4692,74 Street 1,Ras al-Khaimah,United Arab Emirates
Crescent Auto Spare Parts Industries LLC 0193,accounts193@import-crescent.example,+971 4 895 7486,3 Street 38,Fujairah,United Arab Emirates
Ravi Zayed Khoury,ravi.khoury.imp194@mail.example,+971 56 659 0714,118 Street 40,Ajman,United Arab Emirates
Anil Salem Nasr,anil.nasr.imp195@mail.example,+971 55 993 3562,5 Street 28,Dubai,United Arab Emirates
Maitha Rahul Pillai,maitha.pillai.imp196@mail.example,+971 52 981 8386,75 Street 13,Riyadh,Saudi Arabia
Mona Maitha Smith,mona.smith.imp197@mail.example,+971 50 186 1573,50 Street 31,Fujairah,United Arab Emirates
Imran Ibrahim Thomas,imran.thomas.imp198@mail.example,+971 58 142 8556,115 Street 24,Sharjah,United Arab Emirates
Horizon Aluminium FZE 0199,accounts199@import-horizon.example,+971 4 467 9362,38 Street 27,Dubai,United Arab Emirates
Priya Maria Al Nuaimi,priya.al.nuaimi.imp200@mail.example,+971 58 335 7714,85 Street 1,Umm al-Quwain,United Arab Emirates
Khalid Elena Obaid,khalid.obaid.imp201@mail.example,+971 54 143 4208,99 Street 10,Dubai,United Arab Emirates
Gulf Logistics Co. 0202,accounts202@import-gulf.example,+971 9 720 8254,118 Street 38,Kochi,India
Omar Sultan Al Mazrouei,omar.al.mazrouei.imp203@mail.example,+971 50 937 6787,69 Street 40,Umm al-Quwain,United Arab Emirates
Prime Foodstuff Co. 0204,accounts204@import-prime.example,+971 7 663 9819,71 Street 14,Ras al-Khaimah,United Arab Emirates
Marina General Trading Co. 0205,accounts205@import-marina.example,+971 6 273 1506,92 Street 25,Dammam,Saudi Arabia
Amal Fatima Wang,amal.wang.imp206@mail.example,+971 54 981 5993,75 Street 1,Yiwu,China
Daniel Reem Smith,daniel.smith.imp207@mail.example,+971 52 971 6667,111 Street 31,Umm al-Quwain,United Arab Emirates
Unity Textiles FZE 0208,accounts208@import-unity.example,+971 2 276 5022,52 Street 26,Dubai,United Arab Emirates
Emirates Electronics FZE 0209,accounts209@import-emirates.example,+971 4 442 7787,56 Street 25,Fujairah,United Arab Emirates
Bilal Bilal Patel,bilal.patel.imp210@mail.example,+971 50 427 8064,2 Street 4,Ajman,United Arab Emirates
Anna Sanjay Yassin,anna.yassin.imp211@mail.example,+971 56 380 7171,82 Street 11,Sharjah,United Arab Emirates
Dune Furniture FZCO 0212,accounts212@import-dune.example,+971 2 697 6999,35 Street 12,Ras al-Khaimah,United Arab Emirates
Ravi Faisal Mahmoud,ravi.mahmoud.imp213@mail.example,+971 50 392 7735,114 Street 30,Abu Dhabi,United Arab Emirates
Lotus Auto Spare Parts FZCO 0214,accounts214@import-lotus.example,+971 3 271 4628,28 Street 25,Ras al-Khaimah,United Arab Emirates
Salem Fahad Al Ketbi,salem.al.ketbi.imp215@mail.example,+971 52 696 2407,117 Street 30,Abu Dhabi,United Arab Emirates
Lotus Plastics Industries LLC 0216,accounts216@import-lotus.example,+971 3 812 3661,86 Street 14,Ras al-Khaimah,United Arab Emirates
Reem Rahul Al Hashimi,reem.al.hashimi.imp217@mail.example,+971 52 148 9464,52 Street 20,Umm al-Quwain,United Arab Emirates
Waleed Ali Al Zaabi,waleed.al.zaabi.imp218@mail.example,+971 55 103 0304,66 Street 23,Dubai,United Arab Emirates
Majid Karim Al Suwaidi,majid.al.suwaidi.imp219@mail.example,+971 50 521 2816,19 Street 30,Fujairah,United Arab Emirates
Faisal John Khan,faisal.khan.imp220@mail.example,+971 52 492 0554,81 Street 7,Umm al-Quwain,United Arab Emirates
Amal Fatima Al Ketbi,amal.al.ketbi.imp221@mail.example,+971 54 238 4742,34 Street 33,Ras al-Khaimah,United Arab Emirates
Emirates Furniture FZCO 0222,accounts222@import-emirates.example,+971 4 437 4420,64 Street 28,Fujairah,United Arab Emirates
Prime Paints Co. 0223,accounts223@import-prime.example,+971 4 393 4758,104 Street 29,Dubai,United Arab Emirates
Anna Peter Smith,anna.smith.imp224@mail.example,+971 56 652 3107,94 Street 4,Abu Dhabi,United Arab Emirates
Hamad Bilal Ivanova,hamad.ivanova.imp225@mail.example,+971 50 428 1482,1 Street 24,Abu Dhabi,United Arab Emirates
Faisal Reem Al Dhaheri,faisal.al.dhaheri.imp226@mail.example,+971 55 216 7315,29 Street 10,Riyadh,Saudi Arabia
Saeed Peter Barakat,saeed.barakat.imp227@mail.example,+971 50 576 0404,55 Street 29,Dubai,United Arab Emirates
Fatima Khalid Al Mazrouei,fatima.al.mazrouei.imp228@mail.example,+971 54 656 1780,31 Street 26,Chennai,India
Dana Sultan Al Marri,dana.al.marri.imp229@mail.example,+971 58 921 2058,105 Street 1,Umm al-Quwain,United Arab Emirates
Arjun Faisal Liu,arjun.liu.imp230@mail.example,+971 54 534 2111,44 Street 40,Fujairah,United Arab Emirates
Ravi Peter Smith,ravi.smith.imp231@mail.example,+971 55 135 1179,93 Street 27,Fujairah,United Arab Emirates
Rania Aisha Al Blooshi,rania.al.blooshi.imp232@mail.example,+971 50 532 1280,79 Street 9,Ajman,United Arab Emirates
Daniel Sanjay Al Falasi,daniel.al.falasi.imp233@mail.example,+971 52 504 1587,47 Street 16,Abu Dhabi,United Arab Emirates
Mansour Hamdan Reyes,mansour.reyes.imp234@mail.example,+971 52 649 6454,14 Street 9,Dubai,United Arab Emirates
Huda Saeed Al Dhaheri,huda.al.dhaheri.imp235@mail.example,+971 55 576 9977,20 Street 36,Sharjah,United Arab Emirates
Latifa Saeed Al Nuaimi,latifa.al.nuaimi.imp236@mail.example,+971 56 667 9674,47 Street 34,Umm al-Quwain,United Arab Emirates
Joseph Anil Al Zaabi,joseph.al.zaabi.imp237@mail.example,+971 54 120 0871,32 Street 38,Fujairah,United Arab Emirates
Horizon Logistics FZE 0238,accounts238@import-horizon.example,+971 4 399 7315,40 Street 25,Abu Dhabi,United Arab Emirates
Yousef Elena Al Hashimi,yousef.al.hashimi.imp239@mail.example,+971 58 460 2726,47 Street 26,Ajman,United Arab Emirates
Blue Wave Packaging Industries LLC 0240,accounts240@import-blue.example,+971 4 898 4523,19 Street 24,Shanghai,China
Hamad Zayed Al Romaithi,hamad.al.romaithi.imp241@mail.example,+971 58 569 4636,54 Street 19,Dubai,United Arab Emirates
Unity Glass Industries LLC 0242,accounts242@import-unity.example,+971 6 574 3823,58 Street 11,Dubai,United Arab Emirates
Reem Hind Al Muhairi,reem.al.muhairi.imp243@mail.example,+971 54 834 1781,20 Street 29,Dubai,United Arab Emirates
Dana Grace Al Hashimi,dana.al.hashimi.imp244@mail.example,+971 58 804 0593,32 Street 23,Ras al-Khaimah,United Arab Emirates
Peter Grace Nair,peter.nair.imp245@mail.example,+971 54 876 2756,119 Street 40,Dubai,United Arab Emirates
Maria Maitha Al Ameri,maria.al.ameri.imp246@mail.example,+971 54 722 3188,2 Street 24,Fujairah,United Arab Emirates
Anil Imran Al Hashimi,anil.al.hashimi.imp247@mail.example,+971 52 207 3472,118 Street 1,Sharjah,United Arab Emirates
Maitha Joseph Al Mazrouei,maitha.al.mazrouei.imp248@mail.example,+971 54 718 4322,35 Street 1,Ajman,United Arab Emirates
Cedar Furniture Co. 0249,accounts249@import-cedar.example,+971 3 553 3688,72 Street 32,Yiwu,China
John Anna Nair,john.nair.imp250@mail.example,+971 55 158 0533,65 Street 14,Ajman,United Arab Emirates
Wei Noura Habib,wei.habib.imp251@mail.example,+971 54 111 6537,112 Street 19,Fujairah,United Arab Emirates
Hamdan Dana Al Mazrouei,hamdan.al.mazrouei.imp252@mail.example,+971 50 268 4698,71 Street 31,Dubai,United Arab Emirates
Wei Anil Pillai,wei.pillai.imp253@mail.example,+971 56 199 2634,10 Street 19,Fujairah,United Arab Emirates
Hassan Layla Haddad,hassan.haddad.imp254@mail.example,+971 54 587 0613,22 Street 38,Ajman,United Arab Emirates
Karim Grace Al Kaabi,karim.al.kaabi.imp255@mail.example,+971 50 259 2448,78 Street 20,Umm al-Quwain,United Arab Emirates
Sky Foodstuff Co. 0256,accounts256@import-sky.example,+971 9 504 2703,89 Street 4,Umm al-Quwain,United Arab Emirates
Falcon Furniture Est. 0257,accounts257@import-falcon.example,+971 3 297 9728,16 Street 8,Shenzhen,China
Majid Priya Haddad,majid.haddad.imp258@mail.example,+971 56 794 3821,57 Street 38,Abu Dhabi,United Arab Emirates
Imran Wei Al Hashimi,imran.al.hashimi.imp259@mail.example,+971 55 140 5215,70 Street 28,Ajman,United Arab Emirates
Dana Nadia Iyer,dana.iyer.imp260@mail.example,+971 50 210 8303,27 Street 35,Dubai,United Arab Emirates
Noura Rahul Patel,noura.patel.imp261@mail.example,+971 54 539 3633,118 Street 27,Ajman,United Arab Emirates
Peter Aisha Saleh,peter.saleh.imp262@mail.example,+971 56 734 2914,106 Street 29,Umm al-Quwain,United Arab Emirates
Atlas General Trading Co. 0263,accounts263@import-atlas.example,+971 2 888 4052,90 Street 32,Abu Dhabi,United Arab Emirates
Prime Aluminium Est. 0264,accounts264@import-prime.example,+971 2 336 9056,14 Street 17,Fujairah,United Arab Emirates
Reem John Patel,reem.patel.imp265@mail.example,+971 50 200 6404,14 Street 39,Dubai,United Arab Emirates
Al Bayan Glass Co. 0266,accounts266@import-al.example,+971 9 310 4469,114 Street 20,Umm al-Quwain,United Arab Emirates
Lotus Plastics FZE 0267,accounts267@import-lotus.example,+971 3 891 6990,54 Street 35,Fujairah,United Arab Emirates
Al Noor Marine Supplies Industries LLC 0268,accounts268@import-al.example,+971 3 741 8181,92 Street 31,Umm al-Quwain,United Arab Emirates
Ravi Huda Al Mazrouei,ravi.al.mazrouei.imp269@mail.example,+971 52 556 9561,101 Street 24,Abu Dhabi,United Arab Emirates
Nasser Wei Al Shamsi,nasser.al.shamsi.imp270@mail.example,+971 52 245 5467,22 Street 19,Dubai,United Arab Emirates
Silver Paper Products LLC 0271,accounts271@import-silver.example,+971 3 274 3074,40 Street 7,Dubai,United Arab Emirates
Al Safa Trading Co. 0272,accounts272@import-al.example,+971 7 724 1639,56 Street 16,Dubai,United Arab Emirates
Ravi Priya Thomas,ravi.thomas.imp273@mail.example,+971 56 214 0878,42 Street 21,Fujairah,United Arab Emirates
Al Safa Trading Industries LLC 0274,accounts274@import-al.example,+971 3 696 9206,101 Street 6,Sharjah,United Arab Emirates
Emirates Trading Industries LLC 0275,accounts275@import-emirates.example,+971 4 288 9726,69 Street 32,Ras al-Khaimah,United Arab Emirates
Ravi Waleed Karam,ravi.karam.imp276@mail.example,+971 54 119 6184,4 Street 3,Umm al-Quwain,United Arab Emirates
Desert Plastics FZE 0277,accounts277@import-desert.example,+971 6 406 7639,90 Street 25,Dubai,United Arab Emirates
Summit Aluminium Co. 0278,accounts278@import-summit.example,+971 2 720 0937,78 Street 6,Dubai,United Arab Emirates
Hind Priya Fernandes,hind.fernandes.imp279@mail.example,+971 54 830 2263,75 Street 26,Mumbai,India
Summit Paper Products FZE 0280,accounts280@import-summit.example,+971 9 825 4063,48 Street 24,Umm al-Quwain,United Arab Emirates
John Fahad Fernandes,john.fernandes.imp281@mail.example,+971 55 356 1347,112 Street 36,Umm al-Quwain,United Arab Emirates
Gulf Medical Supplies Est. 0282,accounts282@import-gulf.example,+971 9 750 4246,62 Street 37,Yiwu,China
Blue Wave Paper Products Industries LLC 0283,accounts283@import-blue.example,+971 7 302 8466,107 Street 28,Dammam,Saudi Arabia
Elena Rania Menon,elena.menon.imp284@mail.example,+971 52 819 2173,16 Street 35,Fujairah,United Arab Emirates
Summit Packaging LLC 0285,accounts285@import-summit.example,+971 6 812 3637,13 Street 5,Abu Dhabi,United Arab Emirates
Samir Hassan Reyes,samir.reyes.imp286@mail.example,+971 55 862 3173,83 Street 7,Dubai,United Arab Emirates
Coral Steel Industries FZE 0287,accounts287@import-coral.example,+971 3 391 7811,14 Street 2,Abu Dhabi,United Arab Emirates
Anil Waleed Siddiqui,anil.siddiqui.imp288@mail.example,+971 52 564 7486,95 Street 27,Umm al-Quwain,United Arab Emirates
Arjun Maria Al Ameri,arjun.al.ameri.imp289@mail.example,+971 56 635 0029,103 Street 27,Abu Dhabi,United Arab Emirates
Noura Waleed Al Muhairi,noura.al.muhairi.imp290@mail.example,+971 50 982 0248,70 Street 27,Jeddah,Saudi Arabia
Hamad Bilal Qureshi,hamad.qureshi.imp291@mail.example,+971 52 297 9096,85 Street 17,Fujairah,United Arab Emirates
Ahmed Imran Obaid,ahmed.obaid.imp292@mail.example,+971 50 418 6921,25 Street 26,Ajman,United Arab Emirates
Anil Faisal Nasr,anil.nasr.imp293@mail.example,+971 54 634 1748,89 Street 25,Abu Dhabi,United Arab Emirates
Al Fajr Marine Supplies FZE 0294,accounts294@import-al.example,+971 3 537 4593,46 Street 7,Dubai,United Arab Emirates
Al Noor Building Materials Co. 0295,accounts295@import-al.example,+971 7 682 5731,54 Street 11,Abu Dhabi,United Arab Emirates
Daniel Arjun Al Hammadi,daniel.al.hammadi.imp296@mail.example,+971 54 816 6985,22 Street 40,Abu Dhabi,United Arab Emirates
Faisal Anna Saleh,faisal.saleh.imp297@mail.example,+971 56 286 8325,27 Street 16,Sharjah,United Arab Emirates
Zenith Cables Est. 0298,accounts298@import-zenith.example,+971 3 260 1645,30 Street 9,Ajman,United Arab Emirates
Noura Rahul Fernandes,noura.fernandes.imp299@mail.example,+971 54 762 9942,32 Street 37,Ras al-Khaimah,United Arab Emirates
Ravi Amal Novak,ravi.novak.imp300@mail.example,+971 56 403 3677,109 Street 14,Sharjah,United Arab Emirates
Rashid Rashid Al Hashimi,rashid.al.hashimi.imp301@mail.example,+971 54 955 7481,5 Street 27,Fujairah,United Arab Emirates
Saeed Anil George,saeed.george.imp302@mail.example,+971 52 223 9036,72 Street 14,Sharjah,United Arab Emirates
Daniel Hamad Ivanova,daniel.ivanova.imp303@mail.example,+971 56 376 7955,111 Street 6,Sohar,Oman
Noura Maitha Liu,noura.liu.imp304@mail.example,+971 50 871 4378,2 Street 27,Umm al-Quwain,United Arab Emirates
Summit Glass Industries LLC 0305,accounts305@import-summit.example,+971 3 778 5986,6 Street 11,Fujairah,United Arab Emirates
Al Wasl Marine Supplies Est. 0306,accounts306@import-al.example,+971 9 303 7524,5 Street 33,Fujairah,United Arab Emirates
Dune General Trading LLC 0307,accounts307@import-dune.example,+971 7 295 9082,30 Street 37,Ajman,United Arab Emirates
Crescent Cables Industries LLC 0308,accounts308@import-crescent.example,+971 6 710 2913,59 Street 7,Fujairah,United Arab Emirates
Dune Packaging FZE 0309,accounts309@import-dune.example,+971 6 662 6515,49 Street 21,Dubai,United Arab Emirates
Karim Abdullah Awad,karim.awad.imp310@mail.example,+971 54 492 3283,17 Street 25,Jeddah,Saudi Arabia
Priya Priya Al Mazrouei,priya.al.mazrouei.imp311@mail.example,+971 52 650 0026,3 Street 39,Ras al-Khaimah,United Arab Emirates
Al Safa Cables LLC 0312,accounts312@import-al.example,+971 3 414 3968,66 Street 3,Ajman,United Arab Emirates
Mariam Yousef Awad,mariam.awad.imp313@mail.example,+971 58 710 7782,67 Street 24,Umm al-Quwain,United Arab Emirates
Anil Fahad Rahman,anil.rahman.imp314@mail.example,+971 50 165 6887,56 Street 30,Abu Dhabi,United Arab Emirates
Dune Cables Est. 0315,accounts315@import-dune.example,+971 3 438 9903,11 Street 28,Ajman,United Arab Emirates
Atlas Logistics LLC 0316,accounts316@import-atlas.example,+971 6 659 4477,21 Street 32,Ajman,United Arab Emirates
Star Aluminium Est. 0317,accounts317@import-star.example,+971 6 559 6528,105 Street 22,Umm al-Quwain,United Arab Emirates
Rashid Grace Santos,rashid.santos.imp318@mail.example,+971 50 373 9330,1 Street 28,Ajman,United Arab Emirates
Coral Marine Supplies Est. 0319,accounts319@import-coral.example,+971 9 312 5802,38 Street 5,Umm al-Quwain,United Arab Emirates
Coral Marine Supplies Est. 0320,accounts320@import-coral.example,+971 3 806 6203,89 Street 11,London,United Kingdom
Al Wasl Plastics Est. 0321,accounts321@import-al.example,+971 9 204 6003,38 Street 9,Mumbai,India
Royal Plastics Industries LLC 0322,accounts322@import-royal.example,+971 2 645 2262,55 Street 35,London,United Kingdom
Shamma Mansour Al Hashimi,shamma.al.hashimi.imp323@mail.example,+971 58 226 2385,92 Street 25,Abu Dhabi,United Arab Emirates
Ravi Peter Sharma,ravi.sharma.imp324@mail.example,+971 52 893 0047,14 Street 2,Umm al-Quwain,United Arab Emirates
Dana Mansour Khan,dana.khan.imp325@mail.example,+971 55 369 7011,109 Street 4,Ras al-Khaimah,United Arab Emirates
Gulf Foodstuff LLC 0326,accounts326@import-gulf.example,+971 9 408 2848,48 Street 22,Ajman,United Arab Emirates
Fahad Karim Reyes,fahad.reyes.imp327@mail.example,+971 50 372 8835,70 Street 14,Abu Dhabi,United Arab Emirates
Lotus Furniture FZE 0328,accounts328@import-lotus.example,+971 4 482 9489,23 Street 28,London,United Kingdom
Majid Majid Novak,majid.novak.imp329@mail.example,+971 52 193 4187,45 Street 33,Sharjah,United Arab Emirates
Hind Faisal Al Zaabi,hind.al.zaabi.imp330@mail.example,+971 58 986 1496,31 Street 5,Ajman,United Arab Emirates
Star Marine Supplies FZE 0331,accounts331@import-star.example,+971 6 228 4630,65 Street 36,Ajman,United Arab Emirates
Asma Mansour Barakat,asma.barakat.imp332@mail.example,+971 54 373 2638,76 Street 24,Ras al-Khaimah,United Arab Emirates
Aisha Daniel Hussain,aisha.hussain.imp333@mail.example,+971 56 130 9404,94 Street 38,Sharjah,United Arab Emirates
Bilal Mariam Rahman,bilal.rahman.imp334@mail.example,+971 55 602 6844,56 Street 6,Ajman,United Arab Emirates
Yousef Mariam Karam,yousef.karam.imp335@mail.example,+971 50 664 0482,36 Street 18,Umm al-Quwain,United Arab Emirates
Samir Amal Al Marri,samir.al.marri.imp336@mail.example,+971 55 506 8574,25 Street 34,Kochi,India
Prime Cables Co. 0337,accounts337@import-prime.example,+971 6 685 6293,78 Street 23,Fujairah,United Arab Emirates
Arjun Layla Khoury,arjun.khoury.imp338@mail.example,+971 54 251 7137,112 Street 6,Fujairah,United Arab Emirates
Faisal Ibrahim Thomas,faisal.thomas.imp339@mail.example,+971 55 778 9749,83 Street 7,Sharjah,United Arab Emirates
Ravi Ravi Kowalski,ravi.kowalski.imp340@mail.example,+971 50 151 4248,57 Street 23,Yiwu,China
Shamma Dana Menon,shamma.menon.imp341@mail.example,+971 52 943 1696,119 Street 9,Mumbai,India
Coral Steel Industries FZCO 0342,accounts342@import-coral.example,+971 9 465 5885,36 Street 5,Dubai,United Arab Emirates
Yousef Mansour Al Ketbi,yousef.al.ketbi.imp343@mail.example,+971 52 826 9259,103 Street 37,Dubai,United Arab Emirates
Ibrahim Karim Al Hammadi,ibrahim.al.hammadi.imp344@mail.example,+971 52 973 1653,5 Street 24,Abu Dhabi,United Arab Emirates
Rania Sanjay Mahmoud,rania.mahmoud.imp345@mail.example,+971 50 827 2352,106 Street 35,Shanghai,China
Tariq Faisal Yassin,tariq.yassin.imp346@mail.example,+971 52 815 2412,71 Street 31,Ras al-Khaimah,United Arab Emirates
Aisha Huda Nair,aisha.nair.imp347@mail.example,+971 52 753 2031,90 Street 14,Abu Dhabi,United Arab Emirates
Golden Trading FZE 0348,accounts348@import-golden.example,+971 9 650 1355,51 Street 20,Abu Dhabi,United Arab Emirates
Al Safa Foodstuff LLC 0349,accounts349@import-al.example,+971 7 244 3657,93 Street 24,Umm al-Quwain,United Arab Emirates
Royal Packaging FZCO 0350,accounts350@import-royal.example,+971 2 893 3556,47 Street 32,Ras al-Khaimah,United Arab Emirates
Sara Nadia Aziz,sara.aziz.imp351@mail.example,+971 56 878 0241,64 Street 30,Ajman,United Arab Emirates
Star Packaging Est. 0352,accounts352@import-star.example,+971 6 237 5419,1 Street 34,Abu Dhabi,United Arab Emirates
Abdullah Hamad Novak,abdullah.novak.imp353@mail.example,+971 55 839 4504,7 Street 24,Umm al-Quwain,United Arab Emirates
Pearl Packaging FZE 0354,accounts354@import-pearl.example,+971 4 853 8469,84 Street 28,Fujairah,United Arab Emirates
Ali Rashid Menon,ali.menon.imp355@mail.example,+971 50 736 0063,95 Street 9,Sharjah,United Arab Emirates
Hamad Rania Mathew,hamad.mathew.imp356@mail.example,+971 56 212 0067,18 Street 40,Sharjah,United Arab Emirates
Golden Logistics FZCO 0357,accounts357@import-golden.example,+971 2 267 7224,42 Street 1,Ajman,United Arab Emirates
Atlas Foodstuff Est. 0358,accounts358@import-atlas.example,+971 7 261 0977,38 Street 29,Jeddah,Saudi Arabia
Asma Khalid Rahman,asma.rahman.imp359@mail.example,+971 56 687 1097,76 Street 15,Sharjah,United Arab Emirates
Arjun Samir Nair,arjun.nair.imp360@mail.example,+971 55 832 0062,57 Street 11,Ras al-Khaimah,United Arab Emirates
Crescent Aluminium Est. 0361,accounts361@import-crescent.example,+971 6 414 1788,43 Street 10,Abu Dhabi,United Arab Emirates
Layla Mariam Obaid,layla.obaid.imp362@mail.example,+971 54 599 3754,24 Street 39,Dubai,United Arab Emirates
Khalid Omar Yassin,khalid.yassin.imp363@mail.example,+971 54 653 0805,5 Street 34,Umm al-Quwain,United Arab Emirates
Rania Yousef Al Shamsi,rania.al.shamsi.imp364@mail.example,+971 52 136 5179,43 Street 32,Muscat,Oman
Waleed Rahul Yassin,waleed.yassin.imp365@mail.example,+971 50 802 0407,35 Street 39,Ajman,United Arab Emirates
Yousef Fatima Wang,yousef.wang.imp366@mail.example,+971 50 707 1971,47 Street 1,Abu Dhabi,United Arab Emirates
Emirates Marine Supplies Industries LLC 0367,accounts367@import-emirates.example,+971 2 397 1528,63 Street 29,Fujairah,United Arab Emirates
Ali Saeed Obaid,ali.obaid.imp368@mail.example,+971 50 348 4487,16 Street 5,Umm al-Quwain,United Arab Emirates
Palm Foodstuff Co. 0369,accounts369@import-palm.example,+971 4 520 8348,87 Street 23,Sharjah,United Arab Emirates
Elena Mariam Al Qasimi,elena.al.qasimi.imp370@mail.example,+971 52 964 5239,101 Street 38,Ras al-Khaimah,United Arab Emirates
Arjun Amal Chen,arjun.chen.imp371@mail.example,+971 52 805 3623,110 Street 5,Sharjah,United Arab Emirates
Majid Grace Patel,majid.patel.imp372@mail.example,+971 56 983 9575,86 Street 24,Dubai,United Arab Emirates
Daniel Yousef Al Blooshi,daniel.al.blooshi.imp373@mail.example,+971 56 177 6922,62 Street 18,Dubai,United Arab Emirates
Reem Layla Menon,reem.menon.imp374@mail.example,+971 58 501 4645,10 Street 25,Fujairah,United Arab Emirates
Amal Arjun Thomas,amal.thomas.imp375@mail.example,+971 58 357 5263,57 Street 9,Ajman,United Arab Emirates
Unity Paints FZCO 0376,accounts376@import-unity.example,+971 4 470 9039,23 Street 11,Sharjah,United Arab Emirates
Yousef Ravi Al Mansouri,yousef.al.mansouri.imp377@mail.example,+971 58 776 6123,67 Street 2,Ajman,United Arab Emirates
Mariam Peter Rahman,mariam.rahman.imp378@mail.example,+971 58 385 2851,65 Street 31,Umm al-Quwain,United Arab Emirates
Maria Maria Karam,maria.karam.imp379@mail.example,+971 55 279 8381,54 Street 4,Ajman,United Arab Emirates
Ahmed Fatima Smith,ahmed.smith.imp380@mail.example,+971 55 378 5929,96 Street 26,Jeddah,Saudi Arabia
Hamad Samir Sharma,hamad.sharma.imp381@mail.example,+971 50 136 4144,96 Street 21,Fujairah,United Arab Emirates
Maitha Karim Ivanova,maitha.ivanova.imp382@mail.example,+971 50 345 1962,54 Street 39,Yiwu,China
Hamad Huda Al Dhaheri,hamad.al.dhaheri.imp383@mail.example,+971 55 215 2051,49 Street 27,Abu Dhabi,United Arab Emirates
Shamma Zayed Nair,shamma.nair.imp384@mail.example,+971 56 340 7635,92 Street 13,Chennai,India
Faisal Yousef Nasr,faisal.nasr.imp385@mail.example,+971 55 123 5145,66 Street 7,Jeddah,Saudi Arabia
Ali Asma Al Falasi,ali.al.falasi.imp386@mail.example,+971 50 994 7200,16 Street 13,Ajman,United Arab Emirates
Hassan Fahad Al Marri,hassan.al.marri.imp387@mail.example,+971 52 785 4458,72 Street 33,Dubai,United Arab Emirates
Wei Imran Al Mansouri,wei.al.mansouri.imp388@mail.example,+971 56 755 4838,37 Street 9,Ajman,United Arab Emirates
Golden Cables Industries LLC 0389,accounts389@import-golden.example,+971 3 501 4640,60 Street 33,Manchester,United Kingdom
Lotus Aluminium LLC 0390,accounts390@import-lotus.example,+971 2 241 3392,63 Street 11,Sharjah,United Arab Emirates
Fahad Hamdan Barakat,fahad.barakat.imp391@mail.example,+971 58 494 1547,105 Street 10,Mumbai,India
Blue Wave Foodstuff Industries LLC 0392,accounts392@import-blue.example,+971 6 415 5670,71 Street 21,Abu Dhabi,United Arab Emirates
Tariq Noura Al Hammadi,tariq.al.hammadi.imp393@mail.example,+971 58 885 6640,95 Street 9,Ras al-Khaimah,United Arab Emirates
Layla Anil Al Ameri,layla.al.ameri.imp394@mail.example,+971 50 533 9086,14 Street 6,Abu Dhabi,United Arab Emirates
Majid Rahul Kowalski,majid.kowalski.imp395@mail.example,+971 52 525 8253,11 Street 26,Abu Dhabi,United Arab Emirates
Pearl Glass FZCO 0396,accounts396@import-pearl.example,+971 6 279 0343,98 Street 5,Riyadh,Saudi Arabia
Ibrahim Hamdan Al Qasimi,ibrahim.al.qasimi.imp397@mail.example,+971 52 655 3195,100 Street 39,Dubai,United Arab Emirates
Star Aluminium Industries LLC 0398,accounts398@import-star.example,+971 6 332 8992,108 Street 20,Fujairah,United Arab Emirates
Hassan Ali Ivanova,hassan.ivanova.imp399@mail.example,+971 54 799 4426,116 Street 30,Dubai,United Arab Emirates
Rashid Layla Thomas,rashid.thomas.imp400@mail.example,+971 58 512 4345,15 Street 22,Abu Dhabi,United Arab Emirates
Tariq Rashid Al Suwaidi,tariq.al.suwaidi.imp401@mail.example,+971 50 506 2862,93 Street 40,Abu Dhabi,United Arab Emirates
Pearl Building Materials Industries LLC 0402,accounts402@import-pearl.example,+971 6 635 8330,6 Street 12,Ajman,United Arab Emirates
Al Safa Paper Products LLC 0403,accounts403@import-al.example,+971 6 320 1648,69 Street 19,Ajman,United Arab Emirates
Huda Ahmed Khan,huda.khan.imp404@mail.example,+971 58 939 9399,28 Street 16,Sharjah,United Arab Emirates
Rania Huda Al Marri,rania.al.marri.imp405@mail.example,+971 52 197 6444,70 Street 28,Dubai,United Arab Emirates
Imran Nasser Al Qasimi,imran.al.qasimi.imp406@mail.example,+971 52 683 5028,98 Street 23,Abu Dhabi,United Arab Emirates
Blue Wave Aluminium FZE 0407,accounts407@import-blue.example,+971 9 807 8046,41 Street 34,London,United Kingdom
Majid Dana Al Muhairi,majid.al.muhairi.imp408@mail.example,+971 50 615 0080,43 Street 20,Umm al-Quwain,United Arab Emirates
Palm Chemicals Industries LLC 0409,accounts409@import-palm.example,+971 3 803 2628,94 Street 15,Umm al-Quwain,United Arab Emirates
Priya Rashid Al Qasimi,priya.al.qasimi.imp410@mail.example,+971 52 845 8721,37 Street 16,Ajman,United Arab Emirates
Desert Medical Supplies Industries LLC 0411,accounts411@import-desert.example,+971 3 251 7761,87 Street 33,Sharjah,United Arab Emirates
Rashid Mariam Al Shamsi,rashid.al.shamsi.imp412@mail.example,+971 50 987 9667,19 Street 17,Sharjah,United Arab Emirates
Marina Auto Spare Parts FZCO 0413,accounts413@import-marina.example,+971 3 660 4567,29 Street 9,Abu Dhabi,United Arab Emirates
Golden Textiles Industries LLC 0414,accounts414@import-golden.example,+971 7 708 7291,44 Street 21,Dubai,United Arab Emirates
Asma Asma Al Ketbi,asma.al.ketbi.imp415@mail.example,+971 58 181 7600,83 Street 19,Abu Dhabi,United Arab Emirates
Ibrahim Reem Al Hashimi,ibrahim.al.hashimi.imp416@mail.example,+971 58 608 0310,112 Street 3,Umm al-Quwain,United Arab Emirates
Rahul Hassan Pillai,rahul.pillai.imp417@mail.example,+971 54 497 5005,44 Street 24,Mumbai,India
Al Safa Furniture FZCO 0418,accounts418@import-al.example,+971 3 544 9886,7 Street 31,Sharjah,United Arab Emirates
Aisha Ahmed Sharma,aisha.sharma.imp419@mail.example,+971 58 993 8307,36 Street 9,Umm al-Quwain,United Arab Emirates
Maria Daniel Ivanova,maria.ivanova.imp420@mail.example,+971 56 866 1441,116 Street 16,Umm al-Quwain,United Arab Emirates
Tariq Yousef Kowalski,tariq.kowalski.imp421@mail.example,+971 56 980 6683,18 Street 34,Dubai,United Arab Emirates
Horizon Paints FZCO 0422,accounts422@import-horizon.example,+971 3 817 8512,40 Street 25,Dubai,United Arab Emirates
Rania Latifa Al Ketbi,rania.al.ketbi.imp423@mail.example,+971 52 526 1627,44 Street 38,Umm al-Quwain,United Arab Emirates
Al Wasl Aluminium Industries LLC 0424,accounts424@import-al.example,+971 4 797 3928,105 Street 2,Sharjah,United Arab Emirates
Samir Omar Nasr,samir.nasr.imp425@mail.example,+971 52 709 8298,49 Street 38,Kochi,India
Anil Ali Santos,anil.santos.imp426@mail.example,+971 50 192 6398,94 Street 23,Abu Dhabi,United Arab Emirates
Majid Ibrahim Al Suwaidi,majid.al.suwaidi.imp427@mail.example,+971 52 362 6241,83 Street 6,Dubai,United Arab Emirates
Summit Trading FZCO 0428,accounts428@import-summit.example,+971 9 407 7852,88 Street 17,Ras al-Khaimah,United Arab Emirates
Summit Paper Products Co. 0429,accounts429@import-summit.example,+971 9 377 5785,14 Street 35,Ajman,United Arab Emirates
Saeed Bilal Al Romaithi,saeed.al.romaithi.imp430@mail.example,+971 54 851 9115,51 Street 12,Dubai,United Arab Emirates
Maria Maitha Novak,maria.novak.imp431@mail.example,+971 58 612 3358,44 Street 21,Dubai,United Arab Emirates
Rania Rashid Kowalski,rania.kowalski.imp432@mail.example,+971 50 486 2681,1 Street 30,Fujairah,United Arab Emirates
Sultan Bilal Smith,sultan.smith.imp433@mail.example,+971 58 389 8325,3 Street 37,Fujairah,United Arab Emirates
Tariq Asma Al Falasi,tariq.al.falasi.imp434@mail.example,+971 52 131 9738,47 Street 19,Dubai,United Arab Emirates
Marina Steel Industries Co. 0435,accounts435@import-marina.example,+971 7 696 7378,99 Street 16,Fujairah,United Arab Emirates
Mohammed Sara Al Kaabi,mohammed.al.kaabi.imp436@mail.example,+971 55 926 9359,47 Street 33,Shenzhen,China
Ahmed Ali Mathew,ahmed.mathew.imp437@mail.example,+971 55 184 8229,11 Street 40,Dubai,United Arab Emirates
Nasser Bilal Al Mansouri,nasser.al.mansouri.imp438@mail.example,+971 58 116 3938,91 Street 29,Umm al-Quwain,United Arab Emirates
Coral Plastics LLC 0439,accounts439@import-coral.example,+971 2 865 5483,113 Street 30,London,United Kingdom
Maitha John Al Blooshi,maitha.al.blooshi.imp440@mail.example,+971 54 841 3778,112 Street 19,Sharjah,United Arab Emirates
Prime Trading LLC 0441,accounts441@import-prime.example,+971 6 220 6169,105 Street 4,Abu Dhabi,United Arab Emirates
Salem Anna Chen,salem.chen.imp442@mail.example,+971 50 187 7488,38 Street 7,Dubai,United Arab Emirates
Marina Textiles FZE 0443,accounts443@import-marina.example,+971 4 361 9492,38 Street 17,Mumbai,India
Nasser Asma Menon,nasser.menon.imp444@mail.example,+971 54 835 4238,57 Street 38,Dubai,United Arab Emirates
Maria Majid Saleh,maria.saleh.imp445@mail.example,+971 55 786 1868,10 Street 22,Ajman,United Arab Emirates
Ibrahim Grace Al Kaabi,ibrahim.al.kaabi.imp446@mail.example,+971 55 420 1512,88 Street 30,Sharjah,United Arab Emirates
Mariam Omar Wang,mariam.wang.imp447@mail.example,+971 58 272 2546,22 Street 35,Dubai,United Arab Emirates
Hamad Ali Al Suwaidi,hamad.al.suwaidi.imp448@mail.example,+971 55 656 3772,10 Street 16,Ras al-Khaimah,United Arab Emirates
Asma Nadia Al Zaabi,asma.al.zaabi.imp449@mail.example,+971 52 698 7896,9 Street 37,Mumbai,India
Prime Textiles FZE 0450,accounts450@import-prime.example,+971 9 331 4513,15 Street 10,Ras al-Khaimah,United Arab Emirates
Royal Packaging Co. 0451,accounts451@import-royal.example,+971 3 282 8333,52 Street 13,Ras al-Khaimah,United Arab Emirates
Hind Saeed Wang,hind.wang.imp452@mail.example,+971 58 256 1192,32 Street 29,Dubai,United Arab Emirates
Ali Samir Aziz,ali.aziz.imp453@mail.example,+971 50 241 4534,25 Street 28,Fujairah,United Arab Emirates
Anna John Reyes,anna.reyes.imp454@mail.example,+971 52 697 3767,12 Street 30,Ajman,United Arab Emirates
Dana Ali Khoury,dana.khoury.imp455@mail.example,+971 54 340 8679,72 Street 33,Ras al-Khaimah,United Arab Emirates
Rashid Karim Saleh,rashid.saleh.imp456@mail.example,+971 54 609 6994,60 Street 15,Fujairah,United Arab Emirates
Blue Wave Cables FZE 0457,accounts457@import-blue.example,+971 3 884 9102,65 Street 33,Ajman,United Arab Emirates
John Ravi Al Blooshi,john.al.blooshi.imp458@mail.example,+971 54 361 8452,46 Street 21,Dubai,United Arab Emirates
Salem Fatima Habib,salem.habib.imp459@mail.example,+971 58 346 9839,14 Street 16,Umm al-Quwain,United Arab Emirates
Majid Bilal Karam,majid.karam.imp460@mail.example,+971 58 240 1704,29 Street 9,Ras al-Khaimah,United Arab Emirates
Yousef Saeed Smith,yousef.smith.imp461@mail.example,+971 52 716 9070,49 Street 16,Ras al-Khaimah,United Arab Emirates
Saeed Fatima Liu,saeed.liu.imp462@mail.example,+971 58 984 1502,120 Street 21,Ras al-Khaimah,United Arab Emirates
Mona Hind Karam,mona.karam.imp463@mail.example,+971 58 105 3374,95 Street 36,Ras al-Khaimah,United Arab Emirates
Zayed Sultan Gupta,zayed.gupta.imp464@mail.example,+971 58 440 3958,104 Street 30,Dubai,United Arab Emirates
Priya Fatima Chen,priya.chen.imp465@mail.example,+971 58 348 5426,37 Street 27,Ajman,United Arab Emirates
Reem Mohammed Chen,reem.chen.imp466@mail.example,+971 55 841 3123,97 Street 7,Ras al-Khaimah,United Arab Emirates
Blue Wave Foodstuff Industries LLC 0467,accounts467@import-blue.example,+971 2 279 0049,113 Street 25,Fujairah,United Arab Emirates
Elena Rahul Al Romaithi,elena.al.romaithi.imp468@mail.example,+971 52 626 2470,79 Street 18,Chennai,India
Yousef Mona Rahman,yousef.rahman.imp469@mail.example,+971 50 756 4369,103 Street 7,Ajman,United Arab Emirates
Maitha Aisha Haddad,maitha.haddad.imp470@mail.example,+971 52 400 5264,7 Street 17,Ras al-Khaimah,United Arab Emirates
Layla Bilal Al Hammadi,layla.al.hammadi.imp471@mail.example,+971 54 883 7159,110 Street 26,Mumbai,India
Emirates Building Materials LLC 0472,accounts472@import-emirates.example,+971 3 748 1645,22 Street 30,Sharjah,United Arab Emirates
Crescent Medical Supplies Co. 0473,accounts473@import-crescent.example,+971 4 430 4724,44 Street 11,Dubai,United Arab Emirates
Omar Arjun Siddiqui,omar.siddiqui.imp474@mail.example,+971 50 288 3587,98 Street 15,Umm al-Quwain,United Arab Emirates
John Rania Al Mansouri,john.al.mansouri.imp475@mail.example,+971 58 495 2143,28 Street 40,Manchester,United Kingdom
Saeed Ahmed Al Suwaidi,saeed.al.suwaidi.imp476@mail.example,+971 56 942 9905,45 Street 24,Dubai,United Arab Emirates
Al Safa Building Materials LLC 0477,accounts477@import-al.example,+971 2 615 5707,60 Street 24,Dubai,United Arab Emirates
Anna Joseph Reyes,anna.reyes.imp478@mail.example,+971 52 502 2329,98 Street 28,Ajman,United Arab Emirates
Rania Reem Rahman,rania.rahman.imp479@mail.example,+971 55 194 3656,36 Street 8,Sharjah,United Arab Emirates
Al Safa Foodstuff FZCO 0480,accounts480@import-al.example,+971 9 403 3647,9 Street 12,Umm al-Quwain,United Arab Emirates
Faisal Samir Kowalski,faisal.kowalski.imp481@mail.example,+971 50 792 0182,32 Street 10,Dammam,Saudi Arabia
Waleed Mansour Siddiqui,waleed.siddiqui.imp482@mail.example,+971 55 336 3480,109 Street 30,Ras al-Khaimah,United Arab Emirates
Maitha Maitha Gupta,maitha.gupta.imp483@mail.example,+971 50 624 9214,116 Street 13,Ras al-Khaimah,United Arab Emirates
Samir Joseph Reyes,samir.reyes.imp484@mail.example,+971 55 465 7312,42 Street 27,Mumbai,India
Mona Salem Yassin,mona.yassin.imp485@mail.example,+971 56 983 5264,91 Street 38,Ajman,United Arab Emirates
Star Packaging Industries LLC 0486,accounts486@import-star.example,+971 3 564 3538,60 Street 28,Fujairah,United Arab Emirates
Peter Faisal Khan,peter.khan.imp487@mail.example,+971 56 648 6896,19 Street 3,Sharjah,United Arab Emirates
Ibrahim Majid Chen,ibrahim.chen.imp488@mail.example,+971 55 667 9299,62 Street 19,Ras al-Khaimah,United Arab Emirates
Sultan Rahul Santos,sultan.santos.imp489@mail.example,+971 52 242 3962,3 Street 30,Fujairah,United Arab Emirates
Gulf Furniture Co. 0490,accounts490@import-gulf.example,+971 9 305 3963,14 Street 9,Umm al-Quwain,United Arab Emirates
Dana Fatima Habib,dana.habib.imp491@mail.example,+971 56 312 6647,6 Street 16,Umm al-Quwain,United Arab Emirates
Salem Abdullah Karam,salem.karam.imp492@mail.example,+971 56 535 2400,24 Street 18,Ras al-Khaimah,United Arab Emirates
Faisal Sanjay Al Nuaimi,faisal.al.nuaimi.imp493@mail.example,+971 55 774 8269,120 Street 22,Umm al-Quwain,United Arab Emirates
Asma Rashid Ivanova,asma.ivanova.imp494@mail.example,+971 52 616 8483,101 Street 2,Ras al-Khaimah,United Arab Emirates
Peter Joseph Al Shamsi,peter.al.shamsi.imp495@mail.example,+971 55 391 5456,9 Street 14,Sharjah,United Arab Emirates
Prime Furniture Industries LLC 0496,accounts496@import-prime.example,+971 9 431 2081,106 Street 29,Ras al-Khaimah,United Arab Emirates
Faisal Hamdan Haddad,faisal.haddad.imp497@mail.example,+971 55 480 9895,33 Street 7,Ajman,United Arab Emirates
Mariam Layla Al Muhairi,mariam.al.muhairi.imp498@mail.example,+971 52 285 5459,54 Street 28,Dubai,United Arab Emirates
Saeed Majid Jaber,saeed.jaber.imp499@mail.example,+971 58 821 1922,63 Street 27,Dammam,Saudi Arabia
Sanjay Samir Al Blooshi,sanjay.al.blooshi.imp500@mail.example,+971 55 731 2986,33 Street 8,Ajman,United Arab Emirates
Saeed Asma Al Kaabi,saeed.al.kaabi.imp501@mail.example,+971 52 963 7934,41 Street 10,Ajman,United Arab Emirates
Horizon Medical Supplies FZE 0502,accounts502@import-horizon.example,+971 2 840 2491,73 Street 34,Dubai,United Arab Emirates
Golden Steel Industries FZE 0503,accounts503@import-golden.example,+971 3 801 7195,98 Street 37,Kochi,India
Al Fajr Furniture Est. 0504,accounts504@import-al.example,+971 3 857 8611,81 Street 16,Dubai,United Arab Emirates
Al Noor Auto Spare Parts LLC 0505,accounts505@import-al.example,+971 2 533 9803,92 Street 40,Fujairah,United Arab Emirates
Grace Elena Siddiqui,grace.siddiqui.imp506@mail.example,+971 56 645 0489,69 Street 35,Dubai,United Arab Emirates
Imran Elena Sharma,imran.sharma.imp507@mail.example,+971 50 185 3427,81 Street 34,Ras al-Khaimah,United Arab Emirates
Amal Reem Aziz,amal.aziz.imp508@mail.example,+971 52 540 9038,15 Street 10,Shanghai,China
Daniel Ali Al Mansouri,daniel.al.mansouri.imp509@mail.example,+971 50 340 0987,44 Street 8,Fujairah,United Arab Emirates
Omar Ahmed Al Marri,omar.al.marri.imp510@mail.example,+971 56 145 6273,98 Street 33,Ras al-Khaimah,United Arab Emirates
Karim Rashid Awad,karim.awad.imp511@mail.example,+971 54 185 8867,119 Street 1,Dubai,United Arab Emirates
Anna Anil Wang,anna.wang.imp512@mail.example,+971 55 506 9715,5 Street 35,Salalah,Oman
Samir Shamma Ivanova,samir.ivanova.imp513@mail.example,+971 54 706 9736,14 Street 32,Sharjah,United Arab Emirates
Atlas Electronics LLC 0514,accounts514@import-atlas.example,+971 9 775 0793,14 Street 11,Sharjah,United Arab Emirates
Hamad Yousef Fernandes,hamad.fernandes.imp515@mail.example,+971 55 785 4933,57 Street 32,Sharjah,United Arab Emirates
Al Fajr Cables FZCO 0516,accounts516@import-al.example,+971 7 777 4659,6 Street 24,Dubai,United Arab Emirates
Saeed Hamad Mathew,saeed.mathew.imp517@mail.example,+971 56 492 6857,33 Street 37,Ras al-Khaimah,United Arab Emirates
Oasis Paints Co. 0518,accounts518@import-oasis.example,+971 9 792 6851,60 Street 26,Ajman,United Arab Emirates
Cedar Steel Industries FZCO 0519,accounts519@import-cedar.example,+971 3 467 7193,46 Street 18,Shenzhen,China
Reem Anna Al Qasimi,reem.al.qasimi.imp520@mail.example,+971 54 823 5551,42 Street 22,Umm al-Quwain,United Arab Emirates
Hassan Saeed Al Suwaidi,hassan.al.suwaidi.imp521@mail.example,+971 54 863 7840,24 Street 12,Fujairah,United Arab Emirates
Peter Bilal Kowalski,peter.kowalski.imp522@mail.example,+971 50 924 5008,48 Street 34,Umm al-Quwain,United Arab Emirates
Royal Aluminium LLC 0523,accounts523@import-royal.example,+971 9 298 7026,8 Street 5,Ras al-Khaimah,United Arab Emirates
Blue Wave Logistics FZE 0524,accounts524@import-blue.example,+971 9 345 5816,120 Street 31,Ras al-Khaimah,United Arab Emirates
Fatima Mansour Al Hammadi,fatima.al.hammadi.imp525@mail.example,+971 58 521 2312,43 Street 16,Ajman,United Arab Emirates
Fatima Shamma Karam,fatima.karam.imp526@mail.example,+971 58 755 2134,113 Street 40,Sharjah,United Arab Emirates
Royal Medical Supplies Co. 0527,accounts527@import-royal.example,+971 6 216 7738,5 Street 37,Fujairah,United Arab Emirates
Mansour Majid Jaber,mansour.jaber.imp528@mail.example,+971 52 294 3469,73 Street 34,Sharjah,United Arab Emirates
Tariq Anil Al Dhaheri,tariq.al.dhaheri.imp529@mail.example,+971 52 941 2620,75 Street 23,Dubai,United Arab Emirates
Hassan Rashid Ivanova,hassan.ivanova.imp530@mail.example,+971 52 481 7382,111 Street 27,Umm al-Quwain,United Arab Emirates
Nadia Imran Al Mansouri,nadia.al.mansouri.imp531@mail.example,+971 50 735 1105,90 Street 10,Yiwu,China
Dune Foodstuff Est. 0532,accounts532@import-dune.example,+971 4 721 3616,12 Street 14,Fujairah,United Arab Emirates
Gulf Medical Supplies Co. 0533,accounts533@import-gulf.example,+971 3 681 0891,36 Street 24,Manchester,United Kingdom
Layla Joseph Mahmoud,layla.mahmoud.imp534@mail.example,+971 58 187 6663,25 Street 6,Dammam,Saudi Arabia
Saeed Khalid Al Dhaheri,saeed.al.dhaheri.imp535@mail.example,+971 50 669 0304,80 Street 9,Sharjah,United Arab Emirates
Rahul Mansour Barakat,rahul.barakat.imp536@mail.example,+971 54 138 9623,13 Street 19,Dubai,United Arab Emirates
Hamdan Bilal Mansour,hamdan.mansour.imp537@mail.example,+971 50 399 3728,13 Street 39,Sohar,Oman
Maitha Samir Hussain,maitha.hussain.imp538@mail.example,+971 50 283 6609,98 Street 38,Umm al-Quwain,United Arab Emirates
Lotus Medical Supplies LLC 0539,accounts539@import-lotus.example,+971 7 853 8556,49 Street 35,Ajman,United Arab Emirates
Aisha Samir Al Shamsi,aisha.al.shamsi.imp540@mail.example,+971 52 235 6672,109 Street 6,Ras al-Khaimah,United Arab Emirates
Mohammed Layla Novak,mohammed.novak.imp541@mail.example,+971 55 932 3477,15 Street 1,Fujairah,United Arab Emirates
Hamdan Noura Reyes,hamdan.reyes.imp542@mail.example,+971 50 363 3831,17 Street 33,Ajman,United Arab Emirates
Summit Logistics FZE 0543,accounts543@import-summit.example,+971 7 208 6602,75 Street 40,Dammam,Saudi Arabia
Sky Trading Est. 0544,accounts544@import-sky.example,+971 3 445 6599,64 Street 2,Fujairah,United Arab Emirates
Grace Salem Aziz,grace.aziz.imp545@mail.example,+971 50 530 4551,58 Street 14,Riyadh,Saudi Arabia
Summit Paints LLC 0546,accounts546@import-summit.example,+971 3 545 8168,6 Street 20,Ras al-Khaimah,United Arab Emirates
Royal Cables Co. 0547,accounts547@import-royal.example,+971 6 368 5142,85 Street 7,Ajman,United Arab Emirates
Huda Sanjay Ivanova,huda.ivanova.imp548@mail.example,+971 54 877 5403,17 Street 19,Fujairah,United Arab Emirates
Nasser Rahul Thomas,nasser.thomas.imp549@mail.example,+971 54 598 8157,90 Street 4,Fujairah,United Arab Emirates
Anna Rahul Obaid,anna.obaid.imp550@mail.example,+971 58 448 0951,39 Street 24,Sharjah,United Arab Emirates
Al Wasl Paper Products Industries LLC 0551,accounts551@import-al.example,+971 6 526 1944,24 Street 15,Kochi,India
Emirates Logistics Co. 0552,accounts552@import-emirates.example,+971 9 689 5650,107 Street 40,Sharjah,United Arab Emirates
Lotus General Trading FZCO 0553,accounts553@import-lotus.example,+971 3 676 9388,101 Street 23,Sharjah,United Arab Emirates
Khalid Majid Nair,khalid.nair.imp554@mail.example,+971 56 150 7912,12 Street 25,Fujairah,United Arab Emirates
Rashid Majid Al Dhaheri,rashid.al.dhaheri.imp555@mail.example,+971 56 952 1276,3 Street 28,Abu Dhabi,United Arab Emirates
Rahul Tariq George,rahul.george.imp556@mail.example,+971 50 417 8414,13 Street 11,Ajman,United Arab Emirates
Hassan Elena Qureshi,hassan.qureshi.imp557@mail.example,+971 54 934 4032,70 Street 29,Sharjah,United Arab Emirates
Dana Mariam Qureshi,dana.qureshi.imp558@mail.example,+971 55 256 7425,42 Street 29,Ras al-Khaimah,United Arab Emirates
Tariq Maitha Hussain,tariq.hussain.imp559@mail.example,+971 55 989 4912,92 Street 27,Dubai,United Arab Emirates
Maitha Nasser Barakat,maitha.barakat.imp560@mail.example,+971 58 461 0535,32 Street 15,Ras al-Khaimah,United Arab Emirates
Huda Salem Mahmoud,huda.mahmoud.imp561@mail.example,+971 56 288 1713,8 Street 10,Ras al-Khaimah,United Arab Emirates
Karim Maitha Habib,karim.habib.imp562@mail.example,+971 52 362 5976,22 Street 12,Ras al-Khaimah,United Arab Emirates
Mariam Nadia Nasr,mariam.nasr.imp563@mail.example,+971 52 235 0369,111 Street 18,Ras al-Khaimah,United Arab Emirates
John John Patel,john.patel.imp564@mail.example,+971 55 859 4669,97 Street 34,Ras al-Khaimah,United Arab Emirates
Unity Auto Spare Parts LLC 0565,accounts565@import-unity.example,+971 3 681 2473,22 Street 23,Fujairah,United Arab Emirates
Hamdan Reem Al Nuaimi,hamdan.al.nuaimi.imp566@mail.example,+971 55 772 5122,75 Street 10,Abu Dhabi,United Arab Emirates
Mansour Khalid Al Hammadi,mansour.al.hammadi.imp567@mail.example,+971 55 223 1171,8 Street 12,Fujairah,United Arab Emirates
Cedar Cables Co. 0568,accounts568@import-cedar.example,+971 3 801 2249,54 Street 22,Ras al-Khaimah,United Arab Emirates
Ali Mariam Barakat,ali.barakat.imp569@mail.example,+971 50 866 6331,25 Street 13,Ras al-Khaimah,United Arab Emirates
Prime Auto Spare Parts Co. 0570,accounts570@import-prime.example,+971 3 278 7809,53 Street 15,Umm al-Quwain,United Arab Emirates
Tariq Rania Santos,tariq.santos.imp571@mail.example,+971 54 124 3189,106 Street 16,Muscat,Oman
Khalid Salem Farouk,khalid.farouk.imp572@mail.example,+971 54 469 8612,89 Street 38,Abu Dhabi,United Arab Emirates
Salem Mariam Al Ketbi,salem.al.ketbi.imp573@mail.example,+971 54 664 0340,4 Street 9,Sharjah,United Arab Emirates
Marina Furniture Co. 0574,accounts574@import-marina.example,+971 9 758 9975,113 Street 9,Fujairah,United Arab Emirates
Khalid Priya Jaber,khalid.jaber.imp575@mail.example,+971 54 554 4551,63 Street 28,Dammam,Saudi Arabia
Mohammed Amal Al Marri,mohammed.al.marri.imp576@mail.example,+971 52 510 6422,9 Street 13,Dubai,United Arab Emirates
Zenith Paper Products Est. 0577,accounts577@import-zenith.example,+971 4 427 5353,24 Street 30,Dubai,United Arab Emirates
Blue Wave General Trading Industries LLC 0578,accounts578@import-blue.example,+971 9 532 4163,17 Street 17,Dubai,United Arab Emirates
Al Fajr Paints FZE 0579,accounts579@import-al.example,+971 7 893 5339,33 Street 31,Ajman,United Arab Emirates
Hamdan Ravi Habib,hamdan.habib.imp580@mail.example,+971 50 974 0599,31 Street 1,Jeddah,Saudi Arabia
Priya Huda Smith,priya.smith.imp581@mail.example,+971 58 746 1644,89 Street 22,Abu Dhabi,United Arab Emirates
Lotus Logistics FZCO 0582,accounts582@import-lotus.example,+971 3 288 4268,89 Street 27,Ajman,United Arab Emirates
Palm Plastics Est. 0583,accounts583@import-palm.example,+971 4 206 0205,50 Street 20,Ajman,United Arab Emirates
Pearl Marine Supplies FZE 0584,accounts584@import-pearl.example,+971 2 532 1199,52 Street 3,Jeddah,Saudi Arabia
Bilal Mariam George,bilal.george.imp585@mail.example,+971 54 995 5446,109 Street 25,London,United Kingdom
Sultan Mansour Liu,sultan.liu.imp586@mail.example,+971 55 196 8943,1 Street 5,Chennai,India
Priya Bilal Al Romaithi,priya.al.romaithi.imp587@mail.example,+971 55 195 4017,78 Street 18,Dubai,United Arab Emirates
Unity Paints Industries LLC 0588,accounts588@import-unity.example,+971 6 717 8804,49 Street 36,Fujairah,United Arab Emirates
Wei Priya Kowalski,wei.kowalski.imp589@mail.example,+971 52 663 4514,54 Street 23,Ras al-Khaimah,United Arab Emirates
Shamma Sara Qureshi,shamma.qureshi.imp590@mail.example,+971 55 785 9504,1 Street 34,Fujairah,United Arab Emirates
Horizon Logistics FZCO 0591,accounts591@import-horizon.example,+971 6 201 7880,43 Street 16,Abu Dhabi,United Arab Emirates
John Ibrahim Pillai,john.pillai.imp592@mail.example,+971 55 581 0358,89 Street 18,Ajman,United Arab Emirates
Mona Khalid Al Hammadi,mona.al.hammadi.imp593@mail.example,+971 50 120 9963,41 Street 18,Shanghai,China
Dana Samir Khan,dana.khan.imp594@mail.example,+971 50 551 1297,54 Street 1,Dubai,United Arab Emirates
Al Fajr Plastics Est. 0595,accounts595@import-al.example,+971 9 779 6792,43 Street 20,Umm al-Quwain,United Arab Emirates
Silver Trading LLC 0596,accounts596@import-silver.example,+971 7 646 1699,16 Street 2,Jeddah,Saudi Arabia
Lotus Logistics FZCO 0597,accounts597@import-lotus.example,+971 6 249 8531,104 Street 3,Ajman,United Arab Emirates
Nadia Aisha Al Kaabi,nadia.al.kaabi.imp598@mail.example,+971 52 216 5186,64 Street 35,Abu Dhabi,United Arab Emirates
Aisha Hassan Santos,aisha.santos.imp599@mail.example,+971 56 968 4530,71 Street 9,Dubai,United Arab Emirates
Lotus Marine Supplies FZCO 0600,accounts600@import-lotus.example,+971 2 488 3483,118 Street 18,Fujairah,United Arab Emirates
Joseph Hind Iyer,joseph.iyer.imp601@mail.example,+971 55 655 8024,12 Street 23,Sharjah,United Arab Emirates
Lotus Textiles FZCO 0602,accounts602@import-lotus.example,+971 3 311 2467,119 Street 37,Ajman,United Arab Emirates
Anil Zayed Al Shamsi,anil.al.shamsi.imp603@mail.example,+971 50 538 5179,35 Street 27,Fujairah,United Arab Emirates
Golden Furniture FZCO 0604,accounts604@import-golden.example,+971 3 341 2583,86 Street 3,Sharjah,United Arab Emirates
Hassan Priya Mahmoud,hassan.mahmoud.imp605@mail.example,+971 58 459 9105,107 Street 6,Dammam,Saudi Arabia
Oasis Cables Industries LLC 0606,accounts606@import-oasis.example,+971 3 331 2498,70 Street 35,Ajman,United Arab Emirates
Sara Bilal Smith,sara.smith.imp607@mail.example,+971 54 955 7212,53 Street 1,Umm al-Quwain,United Arab Emirates
Ravi Dana Karam,ravi.karam.imp608@mail.example,+971 52 329 5755,49 Street 16,Sharjah,United Arab Emirates
Royal Steel Industries FZE 0609,accounts609@import-royal.example,+971 7 615 7168,7 Street 36,Salalah,Oman
Fahad Rahul Fernandes,fahad.fernandes.imp610@mail.example,+971 58 779 0358,27 Street 35,Fujairah,United Arab Emirates
Ahmed Noura Nasr,ahmed.nasr.imp611@mail.example,+971 56 235 3828,64 Street 17,Sharjah,United Arab Emirates
Ibrahim Rania Al Falasi,ibrahim.al.falasi.imp612@mail.example,+971 54 475 3946,29 Street 32,Fujairah,United Arab Emirates
Peter Imran Qureshi,peter.qureshi.imp613@mail.example,+971 56 230 6584,72 Street 9,Fujairah,United Arab Emirates
Karim Fahad Haddad,karim.haddad.imp614@mail.example,+971 50 822 4940,28 Street 14,Ajman,United Arab Emirates
Oasis Steel Industries Est. 0615,accounts615@import-oasis.example,+971 7 508 7435,119 Street 2,Abu Dhabi,United Arab Emirates
Rashid Latifa Fernandes,rashid.fernandes.imp616@mail.example,+971 55 147 7666,60 Street 20,London,United Kingdom
Al Safa Marine Supplies FZCO 0617,accounts617@import-al.example,+971 3 364 3270,68 Street 14,Umm al-Quwain,United Arab Emirates
Ravi Noura Gupta,ravi.gupta.imp618@mail.example,+971 58 220 2608,93 Street 9,Fujairah,United Arab Emirates
Rania Imran Nasr,rania.nasr.imp619@mail.example,+971 56 307 0709,110 Street 30,Ras al-Khaimah,United Arab Emirates
Silver Steel Industries Est. 0620,accounts620@import-silver.example,+971 7 876 1970,33 Street 28,Umm al-Quwain,United Arab Emirates
Samir Ibrahim Khoury,samir.khoury.imp621@mail.example,+971 55 416 5208,9 Street 28,Abu Dhabi,United Arab Emirates
Aisha Rashid Mansour,aisha.mansour.imp622@mail.example,+971 56 636 1374,64 Street 40,Ajman,United Arab Emirates
Aisha Hamdan Smith,aisha.smith.imp623@mail.example,+971 50 425 8700,108 Street 28,Fujairah,United Arab Emirates
Maria John Patel,maria.patel.imp624@mail.example,+971 50 210 7842,114 Street 21,Ras al-Khaimah,United Arab Emirates
Desert Chemicals Co. 0625,accounts625@import-desert.example,+971 4 447 1281,8 Street 3,Fujairah,United Arab Emirates
Hamdan Dana Karam,hamdan.karam.imp626@mail.example,+971 54 273 2673,101 Street 31,Ajman,United Arab Emirates
Emirates Marine Supplies Est. 0627,accounts627@import-emirates.example,+971 4 619 9658,99 Street 37,Umm al-Quwain,United Arab Emirates
Mariam Faisal Al Dhaheri,mariam.al.dhaheri.imp628@mail.example,+971 52 751 6691,43 Street 12,Jeddah,Saudi Arabia
Asma Omar Nasr,asma.nasr.imp629@mail.example,+971 58 921 9305,15 Street 8,Ras al-Khaimah,United Arab Emirates
Horizon General Trading FZCO 0630,accounts630@import-horizon.example,+971 6 669 3191,17 Street 9,Fujairah,United Arab Emirates
Hamad Imran Al Blooshi,hamad.al.blooshi.imp631@mail.example,+971 50 264 9605,72 Street 2,Abu Dhabi,United Arab Emirates
Unity Marine Supplies LLC 0632,accounts632@import-unity.example,+971 9 813 9675,61 Street 10,Salalah,Oman
Star Foodstuff Industries LLC 0633,accounts633@import-star.example,+971 3 259 0021,92 Street 24,Umm al-Quwain,United Arab Emirates
Emirates Foodstuff FZCO 0634,accounts634@import-emirates.example,+971 6 552 2802,64 Street 35,Ras al-Khaimah,United Arab Emirates
Sara Huda Al Romaithi,sara.al.romaithi.imp635@mail.example,+971 58 733 7336,23 Street 33,Ajman,United Arab Emirates
Summit Furniture Co. 0636,accounts636@import-summit.example,+971 4 367 1153,86 Street 2,Sharjah,United Arab Emirates
Sky Building Materials Co. 0637,accounts637@import-sky.example,+971 3 890 4190,7 Street 33,Dubai,United Arab Emirates
Pearl Packaging Industries LLC 0638,accounts638@import-pearl.example,+971 3 711 8898,117 Street 6,Muscat,Oman
Ahmed Omar Awad,ahmed.awad.imp639@mail.example,+971 58 800 0879,60 Street 22,Ajman,United Arab Emirates
Cedar Glass Industries LLC 0640,accounts640@import-cedar.example,+971 3 393 5285,3 Street 8,Dubai,United Arab Emirates
Nasser Aisha Patel,nasser.patel.imp641@mail.example,+971 54 669 2403,76 Street 13,Sharjah,United Arab Emirates
Waleed Nadia Al Qasimi,waleed.al.qasimi.imp642@mail.example,+971 54 535 0863,66 Street 17,Fujairah,United Arab Emirates
Unity Auto Spare Parts Co. 0643,accounts643@import-unity.example,+971 7 241 8804,70 Street 34,Dubai,United Arab Emirates
Hind Priya Al Ameri,hind.al.ameri.imp644@mail.example,+971 58 254 8762,68 Street 35,Sharjah,United Arab Emirates
Prime Steel Industries LLC 0645,accounts645@import-prime.example,+971 4 693 5429,32 Street 18,Ajman,United Arab Emirates
Falcon Textiles FZE 0646,accounts646@import-falcon.example,+971 3 394 8648,14 Street 10,Fujairah,United Arab Emirates
Arjun Karim Karam,arjun.karam.imp647@mail.example,+971 52 753 9274,69 Street 29,Ras al-Khaimah,United Arab Emirates
Marina Electronics Est. 0648,accounts648@import-marina.example,+971 4 234 8020,18 Street 30,Abu Dhabi,United Arab Emirates
Mona Elena Haddad,mona.haddad.imp649@mail.example,+971 58 298 5070,84 Street 13,Fujairah,United Arab Emirates
Cedar Paper Products Industries LLC 0650,accounts650@import-cedar.example,+971 7 450 3939,97 Street 17,Sharjah,United Arab Emirates
Pearl Textiles LLC 0651,accounts651@import-pearl.example,+971 9 641 3333,103 Street 27,Dubai,United Arab Emirates
Desert Furniture Industries LLC 0652,accounts652@import-desert.example,+971 6 631 6877,53 Street 10,Dubai,United Arab Emirates
Ravi Ahmed Darwish,ravi.darwish.imp653@mail.example,+971 56 182 3507,106 Street 35,Umm al-Quwain,United Arab Emirates
Cedar Auto Spare Parts Co. 0654,accounts654@import-cedar.example,+971 3 764 6917,20 Street 25,Fujairah,United Arab Emirates
Samir Nasser Dsouza,samir.dsouza.imp655@mail.example,+971 55 371 9052,99 Street 31,Ras al-Khaimah,United Arab Emirates
Al Safa Building Materials LLC 0656,accounts656@import-al.example,+971 7 556 8679,4 Street 7,Abu Dhabi,United Arab Emirates
Amal Waleed Al Mansouri,amal.al.mansouri.imp657@mail.example,+971 58 743 9546,6 Street 25,Umm al-Quwain,United Arab Emirates
Oasis Textiles Industries LLC 0658,accounts658@import-oasis.example,+971 4 311 0506,92 Street 29,Ras al-Khaimah,United Arab Emirates
Lotus General Trading FZCO 0659,accounts659@import-lotus.example,+971 9 506 6402,53 Street 5,Ras al-Khaimah,United Arab Emirates
Unity General Trading FZE 0660,accounts660@import-unity.example,+971 6 541 2493,41 Street 21,Jeddah,Saudi Arabia
Omar Majid Menon,omar.menon.imp661@mail.example,+971 54 314 7511,81 Street 17,Muscat,Oman
Amal Asma Mathew,amal.mathew.imp662@mail.example,+971 52 503 7757,30 Street 35,Jeddah,Saudi Arabia
Latifa Ahmed Gupta,latifa.gupta.imp663@mail.example,+971 54 288 9498,69 Street 21,Ras al-Khaimah,United Arab Emirates
Rania Anna Saleh,rania.saleh.imp664@mail.example,+971 58 696 0407,115 Street 27,Dubai,United Arab Emirates
Saeed Fahad Liu,saeed.liu.imp665@mail.example,+971 52 302 5852,76 Street 28,Ajman,United Arab Emirates
Coral Foodstuff LLC 0666,accounts666@import-coral.example,+971 3 541 3096,52 Street 17,Shenzhen,China
Mona Shamma George,mona.george.imp667@mail.example,+971 50 828 6415,80 Street 38,Umm al-Quwain,United Arab Emirates
Royal Glass FZCO 0668,accounts668@import-royal.example,+971 9 222 2522,50 Street 26,Ras al-Khaimah,United Arab Emirates
Cedar Furniture Est. 0669,accounts669@import-cedar.example,+971 7 542 0304,64 Street 33,Dubai,United Arab Emirates
Mohammed Maria Iyer,mohammed.iyer.imp670@mail.example,+971 52 242 2856,77 Street 32,Ras al-Khaimah,United Arab Emirates
Asma Anil Chen,asma.chen.imp671@mail.example,+971 56 381 0884,85 Street 26,Jeddah,Saudi Arabia
Crescent Cables Co. 0672,accounts672@import-crescent.example,+971 4 290 7317,84 Street 12,Ras al-Khaimah,United Arab Emirates
Asma Asma Farouk,asma.farouk.imp673@mail.example,+971 58 324 8342,65 Street 27,Ajman,United Arab Emirates
Saeed Anil Farouk,saeed.farouk.imp674@mail.example,+971 55 416 5971,116 Street 34,Dubai,United Arab Emirates
Gulf Paper Products Est. 0675,accounts675@import-gulf.example,+971 4 743 0188,48 Street 18,Abu Dhabi,United Arab Emirates
Aisha Sultan Qureshi,aisha.qureshi.imp676@mail.example,+971 58 438 1079,114 Street 39,London,United Kingdom
Peter Shamma George,peter.george.imp677@mail.example,+971 52 968 2201,42 Street 18,Dubai,United Arab Emirates
Pearl Plastics Co. 0678,accounts678@import-pearl.example,+971 2 276 1969,41 Street 29,Jeddah,Saudi Arabia
Royal Steel Industries Co. 0679,accounts679@import-royal.example,+971 6 829 8214,108 Street 5,Ajman,United Arab Emirates
Layla Daniel Al Kaabi,layla.al.kaabi.imp680@mail.example,+971 52 477 3449,112 Street 26,Abu Dhabi,United Arab Emirates
Anil Majid Liu,anil.liu.imp681@mail.example,+971 50 252 7109,60 Street 36,Fujairah,United Arab Emirates
Cedar Paper Products LLC 0682,accounts682@import-cedar.example,+971 7 533 9611,50 Street 24,Umm al-Quwain,United Arab Emirates
Pearl Plastics Co. 0683,accounts683@import-pearl.example,+971 6 420 7012,105 Street 37,Sharjah,United Arab Emirates
Hassan Abdullah Liu,hassan.liu.imp684@mail.example,+971 56 408 5395,32 Street 29,Fujairah,United Arab Emirates
Sanjay Daniel Santos,sanjay.santos.imp685@mail.example,+971 50 721 6045,120 Street 29,Ras al-Khaimah,United Arab Emirates
Ali Noura Al Shamsi,ali.al.shamsi.imp686@mail.example,+971 50 608 1769,10 Street 30,Fujairah,United Arab Emirates
Nadia Hassan Pillai,nadia.pillai.imp687@mail.example,+971 56 446 5390,3 Street 1,Ajman,United Arab Emirates
Layla Khalid Darwish,layla.darwish.imp688@mail.example,+971 54 767 4549,16 Street 37,Ajman,United Arab Emirates
Dune Furniture LLC 0689,accounts689@import-dune.example,+971 7 647 2494,103 Street 21,Mumbai,India
Anna Tariq Al Dhaheri,anna.al.dhaheri.imp690@mail.example,+971 55 457 6766,98 Street 10,Sharjah,United Arab Emirates
Silver Cables Co. 0691,accounts691@import-silver.example,+971 6 319 4548,85 Street 31,Riyadh,Saudi Arabia
Anil Arjun Jaber,anil.jaber.imp692@mail.example,+971 56 753 9261,110 Street 20,Abu Dhabi,United Arab Emirates
Fahad Dana Al Qasimi,fahad.al.qasimi.imp693@mail.example,+971 54 238 2579,43 Street 5,Ras al-Khaimah,United Arab Emirates
Lotus Electronics FZE 0694,accounts694@import-lotus.example,+971 4 223 3734,73 Street 28,Dubai,United Arab Emirates
Al Bayan Furniture FZCO 0695,accounts695@import-al.example,+971 6 514 3438,64 Street 7,Dubai,United Arab Emirates
Aisha Mariam Wang,aisha.wang.imp696@mail.example,+971 52 253 4340,93 Street 24,Ajman,United Arab Emirates
Nasser Mona Santos,nasser.santos.imp697@mail.example,+971 56 248 4416,70 Street 3,Ras al-Khaimah,United Arab Emirates
Gulf Medical Supplies Est. 0698,accounts698@import-gulf.example,+971 6 640 2852,98 Street 36,Abu Dhabi,United Arab Emirates
Prime Packaging Est. 0699,accounts699@import-prime.example,+971 3 435 1056,60 Street 26,Abu Dhabi,United Arab Emirates
Joseph Wei Novak,joseph.novak.imp700@mail.example,+971 54 334 0817,13 Street 26,Fujairah,United Arab Emirates
Tariq Reem Barakat,tariq.barakat.imp701@mail.example,+971 56 813 6370,101 Street 17,Ras al-Khaimah,United Arab Emirates
Cedar Cables Est. 0702,accounts702@import-cedar.example,+971 2 720 7049,55 Street 13,Ajman,United Arab Emirates
Silver Logistics Co. 0703,accounts703@import-silver.example,+971 3 404 7427,101 Street 35,Sharjah,United Arab Emirates
Gulf Plastics Co. 0704,accounts704@import-gulf.example,+971 2 384 4249,106 Street 32,Fujairah,United Arab Emirates
Maitha Samir George,maitha.george.imp705@mail.example,+971 55 326 3157,49 Street 22,Yiwu,China
Oasis Trading Co. 0706,accounts706@import-oasis.example,+971 7 788 0451,101 Street 19,Dubai,United Arab Emirates
Gulf Medical Supplies FZE 0707,accounts707@import-gulf.example,+971 6 499 2744,77 Street 3,Ras al-Khaimah,United Arab Emirates
Marina Aluminium Industries LLC 0708,accounts708@import-marina.example,+971 3 348 7547,115 Street 6,Fujairah,United Arab Emirates
Imran Samir Al Marri,imran.al.marri.imp709@mail.example,+971 55 186 0499,87 Street 35,Fujairah,United Arab Emirates
Horizon Building Materials Est. 0710,accounts710@import-horizon.example,+971 3 501 7961,31 Street 2,Jeddah,Saudi Arabia
Noura Samir Jaber,noura.jaber.imp711@mail.example,+971 58 602 0234,110 Street 34,Umm al-Quwain,United Arab Emirates
Noura Aisha Wang,noura.wang.imp712@mail.example,+971 52 960 6336,46 Street 15,Ajman,United Arab Emirates
Karim Fatima Smith,karim.smith.imp713@mail.example,+971 58 759 1079,32 Street 9,Abu Dhabi,United Arab Emirates
Oasis Plastics Est. 0714,accounts714@import-oasis.example,+971 9 528 9540,1 Street 2,Ajman,United Arab Emirates
Khalid Omar Awad,khalid.awad.imp715@mail.example,+971 52 308 8223,43 Street 15,Dubai,United Arab Emirates
Fahad Aisha Al Suwaidi,fahad.al.suwaidi.imp716@mail.example,+971 55 589 7094,53 Street 1,Chennai,India
Noura Sanjay Sharma,noura.sharma.imp717@mail.example,+971 58 601 8312,28 Street 39,Ajman,United Arab Emirates
Wei Zayed Aziz,wei.aziz.imp718@mail.example,+971 52 201 6318,90 Street 30,Muscat,Oman
Daniel Majid Nasr,daniel.nasr.imp719@mail.example,+971 56 497 4862,70 Street 25,Sharjah,United Arab Emirates
Arjun Hamdan Al Mazrouei,arjun.al.mazrouei.imp720@mail.example,+971 56 199 9902,22 Street 15,Umm al-Quwain,United Arab Emirates
Marina Chemicals Industries LLC 0721,accounts721@import-marina.example,+971 2 523 3366,84 Street 18,Abu Dhabi,United Arab Emirates
Hamdan Bilal Al Marri,hamdan.al.marri.imp722@mail.example,+971 50 344 5681,43 Street 10,Ras al-Khaimah,United Arab Emirates
Falcon Packaging Co. 0723,accounts723@import-falcon.example,+971 6 859 8095,86 Street 7,Ras al-Khaimah,United Arab Emirates
Fahad Saeed Mahmoud,fahad.mahmoud.imp724@mail.example,+971 55 341 7690,41 Street 20,Dammam,Saudi Arabia
Pearl Furniture FZCO 0725,accounts725@import-pearl.example,+971 3 239 3182,36 Street 24,Shanghai,China
Karim Faisal Menon,karim.menon.imp726@mail.example,+971 50 130 8088,46 Street 12,Fujairah,United Arab Emirates
Khalid Dana Iyer,khalid.iyer.imp727@mail.example,+971 56 813 0299,1 Street 39,Umm al-Quwain,United Arab Emirates
Anil Hamdan Darwish,anil.darwish.imp728@mail.example,+971 56 963 0935,95 Street 28,Umm al-Quwain,United Arab Emirates
Shamma Hamdan Hussain,shamma.hussain.imp729@mail.example,+971 52 777 5198,110 Street 20,Jeddah,Saudi Arabia
Silver Packaging Industries LLC 0730,accounts730@import-silver.example,+971 2 491 8611,116 Street 2,Dubai,United Arab Emirates
Grace Reem Al Marri,grace.al.marri.imp731@mail.example,+971 50 689 4338,58 Street 5,Sharjah,United Arab Emirates
John Amal Jaber,john.jaber.imp732@mail.example,+971 52 152 0571,21 Street 17,Ras al-Khaimah,United Arab Emirates
Prime Chemicals Co. 0733,accounts733@import-prime.example,+971 9 593 0438,72 Street 35,Ajman,United Arab Emirates
Omar Maria Barakat,omar.barakat.imp734@mail.example,+971 55 449 4542,13 Street 37,Abu Dhabi,United Arab Emirates
Fahad Peter Mathew,fahad.mathew.imp735@mail.example,+971 50 664 8764,60 Street 13,Dubai,United Arab Emirates
Layla Aisha Khan,layla.khan.imp736@mail.example,+971 54 594 3122,14 Street 14,Fujairah,United Arab Emirates
Pearl Auto Spare Parts FZE 0737,accounts737@import-pearl.example,+971 2 533 6227,23 Street 24,Umm al-Quwain,United Arab Emirates
Hamad Tariq Al Qasimi,hamad.al.qasimi.imp738@mail.example,+971 55 826 8511,18 Street 18,Yiwu,China
Silver Logistics FZE 0739,accounts739@import-silver.example,+971 7 354 2893,35 Street 10,Dubai,United Arab Emirates
Star Aluminium Industries LLC 0740,accounts740@import-star.example,+971 2 753 6199,16 Street 3,Ras al-Khaimah,United Arab Emirates
Majid Sultan Obaid,majid.obaid.imp741@mail.example,+971 52 128 9672,115 Street 11,Ras al-Khaimah,United Arab Emirates
Mansour Joseph Al Romaithi,mansour.al.romaithi.imp742@mail.example,+971 58 488 6329,64 Street 17,Sharjah,United Arab Emirates
Ravi Anil Karam,ravi.karam.imp743@mail.example,+971 55 653 2646,56 Street 13,Fujairah,United Arab Emirates
Daniel Grace Saleh,daniel.saleh.imp744@mail.example,+971 54 992 3211,18 Street 29,Sharjah,United Arab Emirates
Yousef Omar Jaber,yousef.jaber.imp745@mail.example,+971 56 495 4247,86 Street 32,Ajman,United Arab Emirates
Bilal Rahul Iyer,bilal.iyer.imp746@mail.example,+971 54 126 5344,39 Street 7,Abu Dhabi,United Arab Emirates
Zenith Marine Supplies FZCO 0747,accounts747@import-zenith.example,+971 6 294 3283,82 Street 10,Umm al-Quwain,United Arab Emirates
Al Safa Building Materials LLC 0748,accounts748@import-al.example,+971 4 556 4790,83 Street 40,Dubai,United Arab Emirates
Horizon Medical Supplies LLC 0749,accounts749@import-horizon.example,+971 3 491 7060,32 Street 10,Abu Dhabi,United Arab Emirates
Ali Khalid Al Dhaheri,ali.al.dhaheri.imp750@mail.example,+971 55 321 3598,82 Street 19,Sharjah,United Arab Emirates
Karim Maria Al Muhairi,karim.al.muhairi.imp751@mail.example,+971 58 733 9496,4 Street 9,Ajman,United Arab Emirates
Fatima Mona Patel,fatima.patel.imp752@mail.example,+971 50 319 6657,66 Street 16,Dubai,United Arab Emirates
Royal Paper Products Industries LLC 0753,accounts753@import-royal.example,+971 9 660 4933,20 Street 18,Manchester,United Kingdom
Sky Marine Supplies Est. 0754,accounts754@import-sky.example,+971 6 374 4472,18 Street 21,Dubai,United Arab Emirates
Bilal Hamad Obaid,bilal.obaid.imp755@mail.example,+971 58 583 2997,38 Street 31,Sharjah,United Arab Emirates
Aisha Daniel Santos,aisha.santos.imp756@mail.example,+971 54 986 0126,35 Street 32,Ras al-Khaimah,United Arab Emirates
Omar Mona Al Mazrouei,omar.al.mazrouei.imp757@mail.example,+971 52 998 7627,78 Street 10,Umm al-Quwain,United Arab Emirates
Peter Hind Al Muhairi,peter.al.muhairi.imp758@mail.example,+971 50 571 7638,90 Street 18,Ras al-Khaimah,United Arab Emirates
Unity Electronics Industries LLC 0759,accounts759@import-unity.example,+971 6 213 1837,92 Street 18,Fujairah,United Arab Emirates
Fatima Omar Jaber,fatima.jaber.imp760@mail.example,+971 55 960 7275,113 Street 37,Kochi,India
Al Fajr Foodstuff FZE 0761,accounts761@import-al.example,+971 7 887 6867,1 Street 13,Ajman,United Arab Emirates
Fatima Maitha Al Romaithi,fatima.al.romaithi.imp762@mail.example,+971 50 928 5766,29 Street 17,Abu Dhabi,United Arab Emirates
Sara Ibrahim Santos,sara.santos.imp763@mail.example,+971 56 592 3109,5 Street 3,Sharjah,United Arab Emirates
Coral Building Materials Co. 0764,accounts764@import-coral.example,+971 9 235 2332,79 Street 26,Sharjah,United Arab Emirates
Sara Dana Gupta,sara.gupta.imp765@mail.example,+971 56 116 7195,38 Street 38,Dubai,United Arab Emirates
Al Wasl Electronics Est. 0766,accounts766@import-al.example,+971 4 630 7516,57 Street 6,Umm al-Quwain,United Arab Emirates
Sky Textiles Co. 0767,accounts767@import-sky.example,+971 9 497 0475,3 Street 8,Umm al-Quwain,United Arab Emirates
Desert Chemicals Est. 0768,accounts768@import-desert.example,+971 6 839 9906,106 Street 26,Ras al-Khaimah,United Arab Emirates
Sara Waleed Al Romaithi,sara.al.romaithi.imp769@mail.example,+971 55 611 4194,98 Street 29,Ras al-Khaimah,United Arab Emirates
Rashid Peter Ivanova,rashid.ivanova.imp770@mail.example,+971 56 230 4703,60 Street 30,London,United Kingdom
Pearl Paper Products Co. 0771,accounts771@import-pearl.example,+971 6 450 5592,32 Street 24,Ajman,United Arab Emirates
Al Wasl Building Materials FZCO 0772,accounts772@import-al.example,+971 9 655 6549,85 Street 31,Ajman,United Arab Emirates
Ravi Ibrahim Al Mazrouei,ravi.al.mazrouei.imp773@mail.example,+971 52 614 3277,112 Street 35,Ras al-Khaimah,United Arab Emirates
Elena Layla Darwish,elena.darwish.imp774@mail.example,+971 50 940 7185,101 Street 37,Jeddah,Saudi Arabia
Gulf General Trading FZCO 0775,accounts775@import-gulf.example,+971 9 599 9434,88 Street 19,Dubai,United Arab Emirates
Falcon Textiles Industries LLC 0776,accounts776@import-falcon.example,+971 9 271 3936,61 Street 19,Dubai,United Arab Emirates
Fatima Hind Awad,fatima.awad.imp777@mail.example,+971 52 880 0786,37 Street 16,Dubai,United Arab Emirates
Latifa Amal Habib,latifa.habib.imp778@mail.example,+971 52 385 5888,41 Street 18,Umm al-Quwain,United Arab Emirates
Al Wasl Auto Spare Parts Est. 0779,accounts779@import-al.example,+971 3 327 9093,71 Street 32,Umm al-Quwain,United Arab Emirates
Dana Daniel Novak,dana.novak.imp780@mail.example,+971 52 782 7824,112 Street 22,Abu Dhabi,United Arab Emirates
Ali Sara Wang,ali.wang.imp781@mail.example,+971 55 153 7557,36 Street 8,Ras al-Khaimah,United Arab Emirates
Crescent Trading FZE 0782,accounts782@import-crescent.example,+971 3 260 8700,36 Street 17,Fujairah,United Arab Emirates
Horizon Marine Supplies LLC 0783,accounts783@import-horizon.example,+971 6 720 9312,5 Street 39,Fujairah,United Arab Emirates
Fahad Mohammed Siddiqui,fahad.siddiqui.imp784@mail.example,+971 54 751 1154,74 Street 7,Dubai,United Arab Emirates
Al Wasl Aluminium FZCO 0785,accounts785@import-al.example,+971 9 268 8922,35 Street 36,Ajman,United Arab Emirates
Daniel Aisha Kowalski,daniel.kowalski.imp786@mail.example,+971 50 284 6373,43 Street 24,Dubai,United Arab Emirates
Al Bayan Chemicals FZCO 0787,accounts787@import-al.example,+971 4 624 5675,41 Street 29,Ras al-Khaimah,United Arab Emirates
Sultan Elena Al Romaithi,sultan.al.romaithi.imp788@mail.example,+971 58 982 2217,107 Street 35,Umm al-Quwain,United Arab Emirates
Sara Mansour Yassin,sara.yassin.imp789@mail.example,+971 52 513 0833,104 Street 36,Ajman,United Arab Emirates
Rania Mohammed Al Mansouri,rania.al.mansouri.imp790@mail.example,+971 56 837 0901,71 Street 6,Sharjah,United Arab Emirates
Ali Latifa Al Ketbi,ali.al.ketbi.imp791@mail.example,+971 56 399 0555,58 Street 11,Umm al-Quwain,United Arab Emirates
John Sanjay Kowalski,john.kowalski.imp792@mail.example,+971 56 367 4005,1 Street 12,Ajman,United Arab Emirates
Maitha John Gupta,maitha.gupta.imp793@mail.example,+971 52 249 4940,87 Street 28,Umm al-Quwain,United Arab Emirates
Grace Ravi Sharma,grace.sharma.imp794@mail.example,+971 58 364 1539,12 Street 19,Ras al-Khaimah,United Arab Emirates
Gulf Textiles Est. 0795,accounts795@import-gulf.example,+971 7 811 8933,110 Street 35,Dubai,United Arab Emirates
Waleed Yousef Al Nuaimi,waleed.al.nuaimi.imp796@mail.example,+971 58 938 2318,91 Street 7,Umm al-Quwain,United Arab Emirates
Zenith Textiles Est. 0797,accounts797@import-zenith.example,+971 7 480 5209,54 Street 11,Sharjah,United Arab Emirates
Yousef Grace Kowalski,yousef.kowalski.imp798@mail.example,+971 55 646 5367,6 Street 28,Umm al-Quwain,United Arab Emirates
Elena Dana Al Qasimi,elena.al.qasimi.imp799@mail.example,+971 58 723 5181,14 Street 20,Abu Dhabi,United Arab Emirates
Latifa Sultan Smith,latifa.smith.imp800@mail.example,+971 50 976 2598,111 Street 13,Dammam,Saudi Arabia
Unity Paper Products LLC 0801,accounts801@import-unity.example,+971 9 890 9032,73 Street 11,Abu Dhabi,United Arab Emirates
Bilal Priya Al Zaabi,bilal.al.zaabi.imp802@mail.example,+971 52 683 5220,16 Street 19,Ajman,United Arab Emirates
Mohammed Faisal Al Mansouri,mohammed.al.mansouri.imp803@mail.example,+971 56 716 1832,119 Street 21,Ajman,United Arab Emirates
Bilal Hind Nair,bilal.nair.imp804@mail.example,+971 56 780 0064,74 Street 21,London,United Kingdom
Noura Huda Gupta,noura.gupta.imp805@mail.example,+971 55 403 9340,19 Street 21,Dubai,United Arab Emirates
Shamma Ibrahim Kowalski,shamma.kowalski.imp806@mail.example,+971 50 218 4730,79 Street 9,Sharjah,United Arab Emirates
Ali Hamdan Sharma,ali.sharma.imp807@mail.example,+971 55 789 9830,5 Street 20,Ras al-Khaimah,United Arab Emirates
Golden Glass FZCO 0808,accounts808@import-golden.example,+971 3 319 9677,101 Street 22,Umm al-Quwain,United Arab Emirates
Wei Fahad Mansour,wei.mansour.imp809@mail.example,+971 55 832 3294,107 Street 4,Ajman,United Arab Emirates
Sanjay Reem Al Mazrouei,sanjay.al.mazrouei.imp810@mail.example,+971 56 954 0397,117 Street 33,Sharjah,United Arab Emirates
Maria Sanjay Al Mazrouei,maria.al.mazrouei.imp811@mail.example,+971 58 616 5447,48 Street 13,Dubai,United Arab Emirates
Mansour Elena Farouk,mansour.farouk.imp812@mail.example,+971 55 573 5520,57 Street 37,Ajman,United Arab Emirates
Nadia Ravi Al Zaabi,nadia.al.zaabi.imp813@mail.example,+971 52 235 6629,23 Street 18,Sharjah,United Arab Emirates
Crescent Paints FZE 0814,accounts814@import-crescent.example,+971 6 681 7510,92 Street 10,Fujairah,United Arab Emirates
Fatima John Saleh,fatima.saleh.imp815@mail.example,+971 56 580 0762,60 Street 13,Sharjah,United Arab Emirates
Rania Nadia Rahman,rania.rahman.imp816@mail.example,+971 56 652 7250,29 Street 5,Ajman,United Arab Emirates
Mohammed Faisal Wang,mohammed.wang.imp817@mail.example,+971 55 319 7052,74 Street 24,Umm al-Quwain,United Arab Emirates
Sky Building Materials Est. 0818,accounts818@import-sky.example,+971 7 695 5914,54 Street 31,Fujairah,United Arab Emirates
Layla Omar Al Kaabi,layla.al.kaabi.imp819@mail.example,+971 56 854 8898,93 Street 2,Sharjah,United Arab Emirates
Sara Sara Al Hammadi,sara.al.hammadi.imp820@mail.example,+971 50 725 1126,14 Street 19,Dubai,United Arab Emirates
Aisha Rashid Jaber,aisha.jaber.imp821@mail.example,+971 55 824 4811,86 Street 38,Chennai,India
Mansour Wei Santos,mansour.santos.imp822@mail.example,+971 50 574 1732,64 Street 9,Dubai,United Arab Emirates
Priya Mona Sharma,priya.sharma.imp823@mail.example,+971 58 386 7884,91 Street 36,Abu Dhabi,United Arab Emirates
Asma Dana Liu,asma.liu.imp824@mail.example,+971 50 631 0387,77 Street 27,Umm al-Quwain,United Arab Emirates
Imran Majid Al Hashimi,imran.al.hashimi.imp825@mail.example,+971 52 553 9043,70 Street 27,Kochi,India
Mansour Hind Novak,mansour.novak.imp826@mail.example,+971 54 761 1631,70 Street 35,Mumbai,India
Rahul Maitha Wang,rahul.wang.imp827@mail.example,+971 55 800 1235,57 Street 36,Muscat,Oman
Arjun Ahmed Al Ameri,arjun.al.ameri.imp828@mail.example,+971 58 455 7373,81 Street 26,Dubai,United Arab Emirates
Bilal Dana George,bilal.george.imp829@mail.example,+971 55 132 9089,50 Street 38,Dubai,United Arab Emirates
Marina Logistics Co. 0830,accounts830@import-marina.example,+971 9 506 7189,89 Street 19,Sharjah,United Arab Emirates
Prime Medical Supplies FZCO 0831,accounts831@import-prime.example,+971 4 389 3829,52 Street 3,London,United Kingdom
Saeed Wei Gupta,saeed.gupta.imp832@mail.example,+971 58 325 2303,79 Street 39,Umm al-Quwain,United Arab Emirates
Faisal Mansour Iyer,faisal.iyer.imp833@mail.example,+971 52 211 2158,7 Street 29,Dubai,United Arab Emirates
John Mariam Habib,john.habib.imp834@mail.example,+971 56 827 2374,75 Street 36,Riyadh,Saudi Arabia
Saeed Rania Al Hammadi,saeed.al.hammadi.imp835@mail.example,+971 56 569 8053,76 Street 24,Umm al-Quwain,United Arab Emirates
Unity Medical Supplies FZCO 0836,accounts836@import-unity.example,+971 6 284 7126,19 Street 31,Ajman,United Arab Emirates
Ibrahim Amal Al Ameri,ibrahim.al.ameri.imp837@mail.example,+971 54 913 1095,120 Street 1,Fujairah,United Arab Emirates
Hassan Waleed Wang,hassan.wang.imp838@mail.example,+971 55 844 3818,49 Street 16,Fujairah,United Arab Emirates
Wei Ravi Rahman,wei.rahman.imp839@mail.example,+971 56 423 1530,27 Street 38,Dubai,United Arab Emirates
Sultan Wei Reyes,sultan.reyes.imp840@mail.example,+971 54 489 1458,61 Street 7,Ras al-Khaimah,United Arab Emirates
Falcon Trading FZE 0841,accounts841@import-falcon.example,+971 9 315 9413,32 Street 15,Dubai,United Arab Emirates
Joseph Dana Pillai,joseph.pillai.imp842@mail.example,+971 54 606 6510,61 Street 9,Sharjah,United Arab Emirates
Omar Waleed Hussain,omar.hussain.imp843@mail.example,+971 58 780 4906,55 Street 7,Sohar,Oman
Samir Imran Iyer,samir.iyer.imp844@mail.example,+971 52 818 2162,34 Street 2,Sharjah,United Arab Emirates
Elena Saeed Jaber,elena.jaber.imp845@mail.example,+971 52 439 4522,76 Street 12,Kochi,India
Tariq Ibrahim Wang,tariq.wang.imp846@mail.example,+971 56 959 3191,52 Street 36,Umm al-Quwain,United Arab Emirates
Salem Sanjay Darwish,salem.darwish.imp847@mail.example,+971 55 268 6315,115 Street 37,Ras al-Khaimah,United Arab Emirates
Latifa Aisha Darwish,latifa.darwish.imp848@mail.example,+971 50 403 1551,56 Street 18,Sharjah,United Arab Emirates
Mona Nadia Nair,mona.nair.imp849@mail.example,+971 56 276 0905,17 Street 1,Dubai,United Arab Emirates
Tariq Tariq Awad,tariq.awad.imp850@mail.example,+971 58 543 5329,62 Street 3,Ras al-Khaimah,United Arab Emirates
Faisal Latifa Mathew,faisal.mathew.imp851@mail.example,+971 55 571 1938,67 Street 1,Ajman,United Arab Emirates
Coral Paper Products LLC 0852,accounts852@import-coral.example,+971 7 675 5859,92 Street 31,Sharjah,United Arab Emirates
Mansour Samir Ivanova,mansour.ivanova.imp853@mail.example,+971 56 319 3959,27 Street 21,Manchester,United Kingdom
Latifa Huda Mansour,latifa.mansour.imp854@mail.example,+971 56 212 8113,73 Street 10,Sharjah,United Arab Emirates
Al Wasl Paper Products FZE 0855,accounts855@import-al.example,+971 9 801 1721,2 Street 18,Ras al-Khaimah,United Arab Emirates
Khalid Amal Al Dhaheri,khalid.al.dhaheri.imp856@mail.example,+971 58 358 0990,28 Street 29,Riyadh,Saudi Arabia
Sky Building Materials Industries LLC 0857,accounts857@import-sky.example,+971 7 500 9866,83 Street 14,Abu Dhabi,United Arab Emirates
Ravi Hassan Novak,ravi.novak.imp858@mail.example,+971 50 697 2698,77 Street 3,Abu Dhabi,United Arab Emirates
Shamma Mohammed Thomas,shamma.thomas.imp859@mail.example,+971 52 777 7243,112 Street 40,Dubai,United Arab Emirates
Huda Khalid Liu,huda.liu.imp860@mail.example,+971 52 832 8428,105 Street 27,Umm al-Quwain,United Arab Emirates
Gulf Plastics FZE 0861,accounts861@import-gulf.example,+971 3 399 0159,75 Street 32,Umm al-Quwain,United Arab Emirates
Al Noor Medical Supplies Co. 0862,accounts862@import-al.example,+971 7 741 0266,110 Street 1,Fujairah,United Arab Emirates
Sky Plastics LLC 0863,accounts863@import-sky.example,+971 6 580 3079,104 Street 36,Umm al-Quwain,United Arab Emirates
Pearl Textiles Est. 0864,accounts864@import-pearl.example,+971 9 585 1027,44 Street 36,Sohar,Oman
Mohammed Layla Obaid,mohammed.obaid.imp865@mail.example,+971 56 141 6129,35 Street 11,Sharjah,United Arab Emirates
Omar Tariq Yassin,omar.yassin.imp866@mail.example,+971 55 912 8665,38 Street 28,Abu Dhabi,United Arab Emirates
Zenith Steel Industries FZCO 0867,accounts867@import-zenith.example,+971 2 535 7098,71 Street 14,Dubai,United Arab Emirates
Cedar Furniture Est. 0868,accounts868@import-cedar.example,+971 6 439 2019,77 Street 25,Ajman,United Arab Emirates
Fatima Amal Al Shamsi,fatima.al.shamsi.imp869@mail.example,+971 58 147 9832,44 Street 13,Sohar,Oman
Fatima Arjun Menon,fatima.menon.imp870@mail.example,+971 52 539 9072,113 Street 29,Manchester,United Kingdom
Abdullah Ali Farouk,abdullah.farouk.imp871@mail.example,+971 50 678 1998,33 Street 31,Muscat,Oman
Karim Anil Mansour,karim.mansour.imp872@mail.example,+971 50 531 5073,96 Street 15,Shanghai,China
Tariq Wei Al Falasi,tariq.al.falasi.imp873@mail.example,+971 50 382 2198,53 Street 38,Sharjah,United Arab Emirates
Marina Foodstuff FZE 0874,accounts874@import-marina.example,+971 6 853 3237,78 Street 26,Sharjah,United Arab Emirates
Gulf Glass Industries LLC 0875,accounts875@import-gulf.example,+971 2 450 1083,64 Street 20,Fujairah,United Arab Emirates
Reem Mona Reyes,reem.reyes.imp876@mail.example,+971 55 489 9955,20 Street 15,Fujairah,United Arab Emirates
John John Al Muhairi,john.al.muhairi.imp877@mail.example,+971 58 280 0309,38 Street 19,Sharjah,United Arab Emirates
Hamdan Mona Al Hammadi,hamdan.al.hammadi.imp878@mail.example,+971 55 588 2947,11 Street 29,Umm al-Quwain,United Arab Emirates
Al Safa Trading Est. 0879,accounts879@import-al.example,+971 6 788 1154,98 Street 33,Dubai,United Arab Emirates
Pearl Medical Supplies FZE 0880,accounts880@import-pearl.example,+971 7 277 9116,111 Street 1,Ajman,United Arab Emirates
Shamma Sultan Al Muhairi,shamma.al.muhairi.imp881@mail.example,+971 52 366 6862,10 Street 40,Umm al-Quwain,United Arab Emirates
Hassan Abdullah Khoury,hassan.khoury.imp882@mail.example,+971 52 549 9599,82 Street 8,Fujairah,United Arab Emirates
Horizon Aluminium Industries LLC 0883,accounts883@import-horizon.example,+971 7 377 5011,48 Street 20,Jeddah,Saudi Arabia
Wei Huda Dsouza,wei.dsouza.imp884@mail.example,+971 58 148 9658,83 Street 24,Fujairah,United Arab Emirates
Daniel Yousef Mahmoud,daniel.mahmoud.imp885@mail.example,+971 58 155 1092,66 Street 27,Ras al-Khaimah,United Arab Emirates
Noura Shamma Kowalski,noura.kowalski.imp886@mail.example,+971 54 314 3978,114 Street 40,Kochi,India
Mariam Samir Al Falasi,mariam.al.falasi.imp887@mail.example,+971 58 308 0734,94 Street 16,London,United Kingdom
Abdullah Saeed Al Zaabi,abdullah.al.zaabi.imp888@mail.example,+971 55 629 5690,116 Street 39,Fujairah,United Arab Emirates
Tariq Dana Rahman,tariq.rahman.imp889@mail.example,+971 52 291 6700,50 Street 4,Jeddah,Saudi Arabia
Zenith Auto Spare Parts FZCO 0890,accounts890@import-zenith.example,+971 9 456 4982,27 Street 31,Sharjah,United Arab Emirates
Summit Auto Spare Parts FZCO 0891,accounts891@import-summit.example,+971 6 291 6411,10 Street 31,Sharjah,United Arab Emirates
Mona Sanjay Mansour,mona.mansour.imp892@mail.example,+971 50 685 6415,30 Street 33,Fujairah,United Arab Emirates
Dana Nasser Al Blooshi,dana.al.blooshi.imp893@mail.example,+971 55 103 0250,95 Street 14,Sharjah,United Arab Emirates
Sultan Waleed George,sultan.george.imp894@mail.example,+971 55 755 7621,20 Street 36,Dubai,United Arab Emirates
Daniel Elena Jaber,daniel.jaber.imp895@mail.example,+971 54 655 6456,42 Street 4,Dubai,United Arab Emirates
Latifa Hassan Al Nuaimi,latifa.al.nuaimi.imp896@mail.example,+971 52 156 6696,34 Street 3,London,United Kingdom
Khalid Mariam Habib,khalid.habib.imp897@mail.example,+971 50 500 1739,71 Street 3,Ajman,United Arab Emirates
Prime Cables FZCO 0898,accounts898@import-prime.example,+971 9 499 7259,87 Street 7,Salalah,Oman
Majid Sara Gupta,majid.gupta.imp899@mail.example,+971 55 699 8712,40 Street 24,Shenzhen,China
Sky General Trading LLC 0900,accounts900@import-sky.example,+971 9 596 9632,70 Street 19,Ajman,United Arab Emirates
Lotus Logistics Industries LLC 0901,accounts901@import-lotus.example,+971 4 877 7780,104 Street 16,Sharjah,United Arab Emirates
Sara Amal Patel,sara.patel.imp902@mail.example,+971 52 501 7791,76 Street 35,London,United Kingdom
Faisal Hamad Rahman,faisal.rahman.imp903@mail.example,+971 56 804 9718,49 Street 20,Sharjah,United Arab Emirates
Cedar Logistics Industries LLC 0904,accounts904@import-cedar.example,+971 6 591 6641,42 Street 3,Ajman,United Arab Emirates
Royal Glass Co. 0905,accounts905@import-royal.example,+971 9 417 4459,70 Street 16,Riyadh,Saudi Arabia
Saeed Fatima Karam,saeed.karam.imp906@mail.example,+971 52 330 7943,40 Street 17,Umm al-Quwain,United Arab Emirates
Hamdan Aisha Khoury,hamdan.khoury.imp907@mail.example,+971 54 482 7346,113 Street 34,Ras al-Khaimah,United Arab Emirates
Peter Huda Reyes,peter.reyes.imp908@mail.example,+971 55 186 2957,2 Street 4,Ras al-Khaimah,United Arab Emirates
Mariam Saeed Al Marri,mariam.al.marri.imp909@mail.example,+971 58 717 8918,87 Street 30,Umm al-Quwain,United Arab Emirates
Ibrahim Shamma Awad,ibrahim.awad.imp910@mail.example,+971 56 177 1796,82 Street 29,Ajman,United Arab Emirates
Horizon Glass FZE 0911,accounts911@import-horizon.example,+971 6 211 0825,104 Street 23,Dubai,United Arab Emirates
Amal Ali Wang,amal.wang.imp912@mail.example,+971 55 363 9401,111 Street 21,Jeddah,Saudi Arabia
Lotus Paper Products Est. 0913,accounts913@import-lotus.example,+971 7 411 8297,3 Street 35,Abu Dhabi,United Arab Emirates
Oasis Paper Products FZE 0914,accounts914@import-oasis.example,+971 6 682 3068,19 Street 8,Ras al-Khaimah,United Arab Emirates
Mariam Joseph Al Shamsi,mariam.al.shamsi.imp915@mail.example,+971 55 248 3916,87 Street 7,Ras al-Khaimah,United Arab Emirates
Desert Logistics FZCO 0916,accounts916@import-desert.example,+971 6 502 3084,110 Street 7,Umm al-Quwain,United Arab Emirates
Al Noor Logistics FZCO 0917,accounts917@import-al.example,+971 7 833 2445,12 Street 8,Ajman,United Arab Emirates
Rahul Amal Gupta,rahul.gupta.imp918@mail.example,+971 54 453 5123,92 Street 9,Ajman,United Arab Emirates
Crescent Plastics Est. 0919,accounts919@import-crescent.example,+971 7 835 3538,81 Street 17,Fujairah,United Arab Emirates
Prime Paper Products FZCO 0920,accounts920@import-prime.example,+971 6 213 1031,96 Street 19,Sharjah,United Arab Emirates
Shamma Dana Al Ketbi,shamma.al.ketbi.imp921@mail.example,+971 52 585 5780,22 Street 19,Abu Dhabi,United Arab Emirates
Elena Ahmed Thomas,elena.thomas.imp922@mail.example,+971 55 685 3777,108 Street 40,Sharjah,United Arab Emirates
Fahad Shamma Al Mazrouei,fahad.al.mazrouei.imp923@mail.example,+971 54 176 8884,91 Street 13,Ajman,United Arab Emirates
Emirates Packaging FZE 0924,accounts924@import-emirates.example,+971 7 232 0584,109 Street 39,Ras al-Khaimah,United Arab Emirates
Ahmed Noura Iyer,ahmed.iyer.imp925@mail.example,+971 54 973 1508,3 Street 40,Abu Dhabi,United Arab Emirates
Nadia Karim Al Kaabi,nadia.al.kaabi.imp926@mail.example,+971 55 591 3832,3 Street 38,Dammam,Saudi Arabia
Sultan Maitha Wang,sultan.wang.imp927@mail.example,+971 56 145 9476,34 Street 26,Ajman,United Arab Emirates
Arjun Majid Al Muhairi,arjun.al.muhairi.imp928@mail.example,+971 50 546 1036,77 Street 32,Ajman,United Arab Emirates
Grace Mariam Ivanova,grace.ivanova.imp929@mail.example,+971 55 878 8304,29 Street 34,Umm al-Quwain,United Arab Emirates
Bilal Saeed Patel,bilal.patel.imp930@mail.example,+971 58 626 3141,111 Street 38,Abu Dhabi,United Arab Emirates
Ibrahim Huda Hussain,ibrahim.hussain.imp931@mail.example,+971 54 169 3965,21 Street 35,Dubai,United Arab Emirates
Al Noor Glass Industries LLC 0932,accounts932@import-al.example,+971 9 301 8618,103 Street 1,Abu Dhabi,United Arab Emirates
Rashid Abdullah Al Shamsi,rashid.al.shamsi.imp933@mail.example,+971 54 598 9315,24 Street 17,Umm al-Quwain,United Arab Emirates
Sara Zayed Al Marri,sara.al.marri.imp934@mail.example,+971 52 578 4252,104 Street 24,Shanghai,China
Pearl Paints Est. 0935,accounts935@import-pearl.example,+971 4 407 2128,76 Street 38,Sharjah,United Arab Emirates
Amal Yousef Al Shamsi,amal.al.shamsi.imp936@mail.example,+971 56 763 9829,46 Street 8,Kochi,India
John Nasser Al Zaabi,john.al.zaabi.imp937@mail.example,+971 56 683 7073,12 Street 8,Umm al-Quwain,United Arab Emirates
Zayed Shamma Al Kaabi,zayed.al.kaabi.imp938@mail.example,+971 58 375 6239,105 Street 30,Umm al-Quwain,United Arab Emirates
Pearl Logistics Co. 0939,accounts939@import-pearl.example,+971 4 822 6101,100 Street 9,Umm al-Quwain,United Arab Emirates
Peter Anil Rahman,peter.rahman.imp940@mail.example,+971 58 987 0382,118 Street 6,Sharjah,United Arab Emirates
Prime Auto Spare Parts FZCO 0941,accounts941@import-prime.example,+971 9 258 9702,76 Street 1,Fujairah,United Arab Emirates
Palm Medical Supplies Est. 0942,accounts942@import-palm.example,+971 3 511 9481,75 Street 18,Fujairah,United Arab Emirates
Yousef Mona Pillai,yousef.pillai.imp943@mail.example,+971 55 186 1729,85 Street 8,Umm al-Quwain,United Arab Emirates
Tariq Abdullah Awad,tariq.awad.imp944@mail.example,+971 58 675 7393,97 Street 22,Ajman,United Arab Emirates
Al Noor Chemicals Est. 0945,accounts945@import-al.example,+971 4 208 2876,23 Street 22,Muscat,Oman
Ali Asma Al Hashimi,ali.al.hashimi.imp946@mail.example,+971 54 421 7861,114 Street 21,Ras al-Khaimah,United Arab Emirates
Reem Elena Thomas,reem.thomas.imp947@mail.example,+971 55 388 7811,21 Street 4,Sharjah,United Arab Emirates
Tariq Rahul Al Ameri,tariq.al.ameri.imp948@mail.example,+971 50 924 5792,20 Street 22,Fujairah,United Arab Emirates
Tariq Huda Jaber,tariq.jaber.imp949@mail.example,+971 58 694 9644,3 Street 19,Ras al-Khaimah,United Arab Emirates
Hind Anil Al Ameri,hind.al.ameri.imp950@mail.example,+971 52 443 6118,97 Street 23,Dubai,United Arab Emirates
Atlas Furniture FZE 0951,accounts951@import-atlas.example,+971 6 632 8331,59 Street 14,Sharjah,United Arab Emirates
Sky Paints FZCO 0952,accounts952@import-sky.example,+971 3 687 8939,118 Street 35,Umm al-Quwain,United Arab Emirates
Tariq Layla Hussain,tariq.hussain.imp953@mail.example,+971 56 771 3361,100 Street 12,Riyadh,Saudi Arabia
Huda Ravi Al Romaithi,huda.al.romaithi.imp954@mail.example,+971 58 597 7281,5 Street 30,Dubai,United Arab Emirates
Summit Cables Co. 0955,accounts955@import-summit.example,+971 2 250 1202,38 Street 34,Abu Dhabi,United Arab Emirates
Ahmed Imran Karam,ahmed.karam.imp956@mail.example,+971 56 707 0856,9 Street 15,Ras al-Khaimah,United Arab Emirates
Sky Electronics LLC 0957,accounts957@import-sky.example,+971 7 738 3612,111 Street 1,Abu Dhabi,United Arab Emirates
Palm Paints Est. 0958,accounts958@import-palm.example,+971 4 553 7191,56 Street 23,Umm al-Quwain,United Arab Emirates
Abdullah Mariam Siddiqui,abdullah.siddiqui.imp959@mail.example,+971 50 500 8497,117 Street 16,Ajman,United Arab Emirates
Al Noor Textiles Industries LLC 0960,accounts960@import-al.example,+971 9 613 8229,66 Street 17,Dubai,United Arab Emirates
Hamad Ahmed Al Kaabi,hamad.al.kaabi.imp961@mail.example,+971 55 868 4439,11 Street 21,Umm al-Quwain,United Arab Emirates
Pearl Electronics Industries LLC 0962,accounts962@import-pearl.example,+971 3 735 7556,103 Street 8,Abu Dhabi,United Arab Emirates
Lotus Building Materials FZE 0963,accounts963@import-lotus.example,+971 2 608 7182,97 Street 15,Ras al-Khaimah,United Arab Emirates
Waleed Joseph Qureshi,waleed.qureshi.imp964@mail.example,+971 56 174 1827,60 Street 26,Abu Dhabi,United Arab Emirates
Joseph Maria Al Blooshi,joseph.al.blooshi.imp965@mail.example,+971 50 200 1139,14 Street 9,Manchester,United Kingdom
Mona John George,mona.george.imp966@mail.example,+971 55 850 5608,83 Street 18,Umm al-Quwain,United Arab Emirates
Layla Elena Al Mazrouei,layla.al.mazrouei.imp967@mail.example,+971 52 208 4245,103 Street 39,Abu Dhabi,United Arab Emirates
Aisha Joseph Dsouza,aisha.dsouza.imp968@mail.example,+971 50 988 3008,69 Street 34,Umm al-Quwain,United Arab Emirates
Summit Furniture Industries LLC 0969,accounts969@import-summit.example,+971 2 371 7105,95 Street 8,Abu Dhabi,United Arab Emirates
Waleed Hamad Al Dhaheri,waleed.al.dhaheri.imp970@mail.example,+971 58 659 6305,105 Street 37,Umm al-Quwain,United Arab Emirates
Al Wasl Textiles Co. 0971,accounts971@import-al.example,+971 9 229 4757,99 Street 25,Ras al-Khaimah,United Arab Emirates
Aisha Amal Al Mazrouei,aisha.al.mazrouei.imp972@mail.example,+971 54 440 6405,117 Street 9,Umm al-Quwain,United Arab Emirates
Nadia Omar Ivanova,nadia.ivanova.imp973@mail.example,+971 58 881 9122,101 Street 26,Umm al-Quwain,United Arab Emirates
Ahmed Fatima Sharma,ahmed.sharma.imp974@mail.example,+971 52 313 7981,45 Street 34,Chennai,India
Grace Abdullah Barakat,grace.barakat.imp975@mail.example,+971 50 721 4584,6 Street 22,Abu Dhabi,United Arab Emirates
Falcon Cables Est. 0976,accounts976@import-falcon.example,+971 2 356 1807,66 Street 15,Abu Dhabi,United Arab Emirates
Anna Nadia Al Muhairi,anna.al.muhairi.imp977@mail.example,+971 55 676 2771,69 Street 38,Fujairah,United Arab Emirates
Nasser Hamdan Iyer,nasser.iyer.imp978@mail.example,+971 56 660 6658,56 Street 15,Umm al-Quwain,United Arab Emirates
Abdullah Ali Mansour,abdullah.mansour.imp979@mail.example,+971 52 428 4422,42 Street 21,Fujairah,United Arab Emirates
Sara Dana Al Falasi,sara.al.falasi.imp980@mail.example,+971 50 280 9573,68 Street 12,Sharjah,United Arab Emirates
Crescent Auto Spare Parts FZE 0981,accounts981@import-crescent.example,+971 4 587 6884,48 Street 14,Ras al-Khaimah,United Arab Emirates
Sanjay Khalid Al Nuaimi,sanjay.al.nuaimi.imp982@mail.example,+971 56 134 9124,96 Street 15,Ajman,United Arab Emirates
Tariq Khalid Yassin,tariq.yassin.imp983@mail.example,+971 56 482 3177,41 Street 17,Fujairah,United Arab Emirates
Blue Wave Foodstuff Industries LLC 0984,accounts984@import-blue.example,+971 6 761 3633,19 Street 20,Dubai,United Arab Emirates
Yousef Hamad George,yousef.george.imp985@mail.example,+971 56 159 8035,13 Street 36,Dubai,United Arab Emirates
Summit Medical Supplies Co. 0986,accounts986@import-summit.example,+971 7 576 4824,82 Street 15,Ajman,United Arab Emirates
Samir Maria Al Kaabi,samir.al.kaabi.imp987@mail.example,+971 58 102 1194,45 Street 7,Dubai,United Arab Emirates
Falcon Foodstuff Industries LLC 0988,accounts988@import-falcon.example,+971 3 348 4125,111 Street 26,Muscat,Oman
Mona Salem Aziz,mona.aziz.imp989@mail.example,+971 58 665 5829,7 Street 37,Ras al-Khaimah,United Arab Emirates
Pearl Marine Supplies FZCO 0990,accounts990@import-pearl.example,+971 2 228 6000,38 Street 31,Dammam,Saudi Arabia
Zenith Chemicals FZE 0991,accounts991@import-zenith.example,+971 9 336 2060,2 Street 21,London,United Kingdom
Rahul Sara Al Mansouri,rahul.al.mansouri.imp992@mail.example,+971 55 938 3290,98 Street 10,Dubai,United Arab Emirates
Layla Sultan Al Ketbi,layla.al.ketbi.imp993@mail.example,+971 55 584 5531,19 Street 34,Umm al-Quwain,United Arab Emirates
Summit Plastics Est. 0994,accounts994@import-summit.example,+971 6 634 3441,69 Street 27,Fujairah,United Arab Emirates
Prime Cables Est. 0995,accounts995@import-prime.example,+971 4 323 8168,36 Street 18,Shenzhen,China
Marina General Trading FZCO 0996,accounts996@import-marina.example,+971 7 569 6198,57 Street 38,Dubai,United Arab Emirates
Al Wasl Building Materials Co. 0997,accounts997@import-al.example,+971 7 675 2470,111 Street 25,Ajman,United Arab Emirates
Hamad Mariam Mahmoud,hamad.mahmoud.imp998@mail.example,+971 54 559 2247,64 Street 18,Abu Dhabi,United Arab Emirates
Ravi Mansour Al Mansouri,ravi.al.mansouri.imp999@mail.example,+971 50 924 8776,86 Street 39,Dubai,United Arab Emirates
Khalid Rania Menon,khalid.menon.imp1000@mail.example,+971 50 402 6646,56 Street 38,Abu Dhabi,United Arab Emirates
Nadia Sultan Rahman,nadia.rahman.imp1001@mail.example,+971 50 387 6374,58 Street 10,Dubai,United Arab Emirates
Shamma Mariam Wang,shamma.wang.imp1002@mail.example,+971 50 457 8471,39 Street 13,Ajman,United Arab Emirates
Noura Sara Al Qasimi,noura.al.qasimi.imp1003@mail.example,+971 58 410 0271,43 Street 39,Dubai,United Arab Emirates
Asma Peter Al Ameri,asma.al.ameri.imp1004@mail.example,+971 52 447 4152,6 Street 4,Fujairah,United Arab Emirates
Shamma Ahmed Farouk,shamma.farouk.imp1005@mail.example,+971 52 790 2437,66 Street 16,Sharjah,United Arab Emirates
Aisha Mansour Novak,aisha.novak.imp1006@mail.example,+971 52 644 7426,65 Street 25,Fujairah,United Arab Emirates
Mariam Khalid Darwish,mariam.darwish.imp1007@mail.example,+971 54 654 6892,84 Street 30,Umm al-Quwain,United Arab Emirates
Salem Maria Khan,salem.khan.imp1008@mail.example,+971 55 326 5619,66 Street 17,Fujairah,United Arab Emirates
Desert Steel Industries FZCO 1009,accounts1009@import-desert.example,+971 9 463 5578,50 Street 6,Fujairah,United Arab Emirates
Hind Nasser Al Mansouri,hind.al.mansouri.imp1010@mail.example,+971 50 344 5560,74 Street 22,Ras al-Khaimah,United Arab Emirates
Joseph Fahad Sharma,joseph.sharma.imp1011@mail.example,+971 54 207 9965,89 Street 7,Abu Dhabi,United Arab Emirates
Huda Dana Al Nuaimi,huda.al.nuaimi.imp1012@mail.example,+971 54 352 8252,111 Street 19,Abu Dhabi,United Arab Emirates
Mansour Noura Mahmoud,mansour.mahmoud.imp1013@mail.example,+971 52 767 5839,10 Street 10,Dubai,United Arab Emirates
Al Wasl Medical Supplies Co. 1014,accounts1014@import-al.example,+971 2 297 1075,98 Street 24,Sohar,Oman
Horizon General Trading Co. 1015,accounts1015@import-horizon.example,+971 9 785 3118,35 Street 22,Ajman,United Arab Emirates
Samir Majid Al Muhairi,samir.al.muhairi.imp1016@mail.example,+971 54 452 5168,13 Street 10,Sharjah,United Arab Emirates
Maria Waleed Awad,maria.awad.imp1017@mail.example,+971 56 371 1229,40 Street 27,Dubai,United Arab Emirates
Faisal Ahmed Mansour,faisal.mansour.imp1018@mail.example,+971 52 982 7499,68 Street 16,Sharjah,United Arab Emirates
Marina Furniture LLC 1019,accounts1019@import-marina.example,+971 6 873 1323,86 Street 1,Ajman,United Arab Emirates
Abdullah Layla Novak,abdullah.novak.imp1020@mail.example,+971 55 651 5430,54 Street 23,Fujairah,United Arab Emirates
Amal Nadia Al Kaabi,amal.al.kaabi.imp1021@mail.example,+971 55 700 2211,44 Street 28,Dubai,United Arab Emirates
Crescent Chemicals FZE 1022,accounts1022@import-crescent.example,+971 2 549 1197,36 Street 15,Sharjah,United Arab Emirates
Mohammed Fatima Al Ameri,mohammed.al.ameri.imp1023@mail.example,+971 56 390 4449,91 Street 12,Umm al-Quwain,United Arab Emirates
Elena Imran Al Qasimi,elena.al.qasimi.imp1024@mail.example,+971 58 689 2148,72 Street 1,Sharjah,United Arab Emirates
Zenith Electronics Co. 1025,accounts1025@import-zenith.example,+971 6 414 9256,54 Street 22,Ras al-Khaimah,United Arab Emirates
Khalid Maria Al Suwaidi,khalid.al.suwaidi.imp1026@mail.example,+971 50 458 2381,43 Street 5,Dubai,United Arab Emirates
Horizon Steel Industries FZCO 1027,accounts1027@import-horizon.example,+971 7 890 2680,38 Street 13,Dubai,United Arab Emirates
Faisal Sultan Al Muhairi,faisal.al.muhairi.imp1028@mail.example,+971 56 703 3965,43 Street 14,Sharjah,United Arab Emirates
Blue Wave Glass FZE 1029,accounts1029@import-blue.example,+971 6 245 6687,54 Street 6,Umm al-Quwain,United Arab Emirates
Elena Khalid Al Nuaimi,elena.al.nuaimi.imp1030@mail.example,+971 58 106 7798,70 Street 11,Abu Dhabi,United Arab Emirates
Ravi Tariq Haddad,ravi.haddad.imp1031@mail.example,+971 52 881 8196,2 Street 4,Ajman,United Arab Emirates
Gulf Furniture LLC 1032,accounts1032@import-gulf.example,+971 3 862 1261,50 Street 29,Abu Dhabi,United Arab Emirates
Prime Foodstuff LLC 1033,accounts1033@import-prime.example,+971 4 582 8488,65 Street 3,Sharjah,United Arab Emirates
Aisha Amal Saleh,aisha.saleh.imp1034@mail.example,+971 58 545 9394,57 Street 36,Manchester,United Kingdom
Al Safa Logistics FZE 1035,accounts1035@import-al.example,+971 3 500 1053,57 Street 19,Dammam,Saudi Arabia
Nadia Bilal Darwish,nadia.darwish.imp1036@mail.example,+971 58 180 1074,90 Street 15,Shenzhen,China
Ali Priya Al Ketbi,ali.al.ketbi.imp1037@mail.example,+971 54 740 1151,3 Street 38,Dubai,United Arab Emirates
Sultan Ahmed Kowalski,sultan.kowalski.imp1038@mail.example,+971 56 623 4145,76 Street 25,Umm al-Quwain,United Arab Emirates
Khalid Mohammed Al Shamsi,khalid.al.shamsi.imp1039@mail.example,+971 56 844 8015,87 Street 7,Umm al-Quwain,United Arab Emirates
Joseph Reem Al Romaithi,joseph.al.romaithi.imp1040@mail.example,+971 54 795 1075,62 Street 10,Ajman,United Arab Emirates
Lotus Cables Industries LLC 1041,accounts1041@import-lotus.example,+971 7 207 5959,18 Street 18,Muscat,Oman
Royal Auto Spare Parts FZE 1042,accounts1042@import-royal.example,+971 6 690 0938,93 Street 8,Abu Dhabi,United Arab Emirates
Al Wasl Packaging FZCO 1043,accounts1043@import-al.example,+971 3 701 9200,53 Street 20,Ajman,United Arab Emirates
Reem Mansour Iyer,reem.iyer.imp1044@mail.example,+971 54 145 9618,26 Street 15,Ras al-Khaimah,United Arab Emirates
Imran Samir Nasr,imran.nasr.imp1045@mail.example,+971 54 568 7052,59 Street 23,Jeddah,Saudi Arabia
Anil Huda Al Hashimi,anil.al.hashimi.imp1046@mail.example,+971 54 124 6004,106 Street 20,Mumbai,India
Al Fajr Plastics Industries LLC 1047,accounts1047@import-al.example,+971 9 343 8319,73 Street 15,Ajman,United Arab Emirates
Blue Wave Chemicals Est. 1048,accounts1048@import-blue.example,+971 7 232 4684,29 Street 32,Sharjah,United Arab Emirates
Crescent Logistics FZCO 1049,accounts1049@import-crescent.example,+971 3 630 2281,4 Street 29,Ras al-Khaimah,United Arab Emirates
Al Fajr General Trading FZCO 1050,accounts1050@import-al.example,+971 9 625 5467,61 Street 17,Dubai,United Arab Emirates
Reem Mariam Al Nuaimi,reem.al.nuaimi.imp1051@mail.example,+971 52 804 8239,8 Street 19,Muscat,Oman
Reem Maitha Jaber,reem.jaber.imp1052@mail.example,+971 52 423 7627,120 Street 37,Ras al-Khaimah,United Arab Emirates
Grace Anil Habib,grace.habib.imp1053@mail.example,+971 55 643 7453,46 Street 31,Dubai,United Arab Emirates
Mariam Majid Awad,mariam.awad.imp1054@mail.example,+971 56 424 3658,12 Street 9,Fujairah,United Arab Emirates
Emirates Chemicals FZE 1055,accounts1055@import-emirates.example,+971 2 216 6219,63 Street 37,Umm al-Quwain,United Arab Emirates
Sanjay Rania Jaber,sanjay.jaber.imp1056@mail.example,+971 50 300 6817,65 Street 35,Sharjah,United Arab Emirates
Desert Textiles Est. 1057,accounts1057@import-desert.example,+971 2 538 8770,98 Street 1,Ajman,United Arab Emirates
Waleed Aisha Obaid,waleed.obaid.imp1058@mail.example,+971 52 852 6270,109 Street 18,London,United Kingdom
Sara Joseph Hussain,sara.hussain.imp1059@mail.example,+971 56 190 4737,103 Street 23,Ajman,United Arab Emirates
Huda Imran Wang,huda.wang.imp1060@mail.example,+971 50 294 9081,111 Street 26,Sharjah,United Arab Emirates
Marina Chemicals LLC 1061,accounts1061@import-marina.example,+971 3 895 5978,59 Street 4,Ras al-Khaimah,United Arab Emirates
Grace Saeed Al Mansouri,grace.al.mansouri.imp1062@mail.example,+971 56 981 2707,41 Street 21,Umm al-Quwain,United Arab Emirates
Rashid Anna Siddiqui,rashid.siddiqui.imp1063@mail.example,+971 54 865 6534,28 Street 26,Ras al-Khaimah,United Arab Emirates
Ahmed Aisha Al Mazrouei,ahmed.al.mazrouei.imp1064@mail.example,+971 58 609 4002,29 Street 11,Ajman,United Arab Emirates
Huda Faisal Reyes,huda.reyes.imp1065@mail.example,+971 50 861 1518,91 Street 39,Fujairah,United Arab Emirates
Anil Fahad Al Mazrouei,anil.al.mazrouei.imp1066@mail.example,+971 52 680 1886,9 Street 30,Ajman,United Arab Emirates
Blue Wave General Trading Industries LLC 1067,accounts1067@import-blue.example,+971 3 590 3910,90 Street 4,Shenzhen,China
Abdullah Mohammed Al Falasi,abdullah.al.falasi.imp1068@mail.example,+971 50 836 8756,104 Street 8,Abu Dhabi,United Arab Emirates
Palm Paints Co. 1069,accounts1069@import-palm.example,+971 3 308 6662,115 Street 2,Ras al-Khaimah,United Arab Emirates
Maitha Mohammed Hussain,maitha.hussain.imp1070@mail.example,+971 55 538 9171,24 Street 35,Shanghai,China
Faisal Anna Al Dhaheri,faisal.al.dhaheri.imp1071@mail.example,+971 54 571 8913,82 Street 17,Fujairah,United Arab Emirates
Hamad Bilal Menon,hamad.menon.imp1072@mail.example,+971 55 721 8532,47 Street 13,Umm al-Quwain,United Arab Emirates
Dune Building Materials FZE 1073,accounts1073@import-dune.example,+971 9 683 8418,41 Street 2,Abu Dhabi,United Arab Emirates
Rania Karim Al Muhairi,rania.al.muhairi.imp1074@mail.example,+971 56 933 5632,120 Street 5,Sharjah,United Arab Emirates
Bilal Fahad Darwish,bilal.darwish.imp1075@mail.example,+971 58 110 6825,4 Street 1,Dubai,United Arab Emirates
Salem Hamad Obaid,salem.obaid.imp1076@mail.example,+971 55 697 5528,23 Street 40,Fujairah,United Arab Emirates
Pearl Steel Industries LLC 1077,accounts1077@import-pearl.example,+971 2 677 1812,39 Street 32,Umm al-Quwain,United Arab Emirates
Karim John Al Marri,karim.al.marri.imp1078@mail.example,+971 55 592 2277,66 Street 34,Mumbai,India
Sara Reem Al Hammadi,sara.al.hammadi.imp1079@mail.example,+971 54 520 6973,103 Street 29,Dammam,Saudi Arabia
Gulf Trading FZCO 1080,accounts1080@import-gulf.example,+971 4 557 6978,79 Street 7,Abu Dhabi,United Arab Emirates
Al Bayan Building Materials Industries LLC 1081,accounts1081@import-al.example,+971 6 261 3831,7 Street 12,Ajman,United Arab Emirates
Lotus Medical Supplies FZE 1082,accounts1082@import-lotus.example,+971 4 655 4604,48 Street 25,Dubai,United Arab Emirates
Tariq Aisha Al Shamsi,tariq.al.shamsi.imp1083@mail.example,+971 50 300 5569,50 Street 29,Sharjah,United Arab Emirates
Prime Chemicals LLC 1084,accounts1084@import-prime.example,+971 6 265 2961,83 Street 8,Umm al-Quwain,United Arab Emirates
Priya Joseph Menon,priya.menon.imp1085@mail.example,+971 58 747 1065,72 Street 24,Ajman,United Arab Emirates
Bilal Hamad Aziz,bilal.aziz.imp1086@mail.example,+971 54 538 9372,17 Street 4,Umm al-Quwain,United Arab Emirates
Reem Karim Al Falasi,reem.al.falasi.imp1087@mail.example,+971 50 983 4044,83 Street 16,Fujairah,United Arab Emirates
Arjun Salem Patel,arjun.patel.imp1088@mail.example,+971 58 517 2070,1 Street 34,Dubai,United Arab Emirates
Bilal Grace Al Hammadi,bilal.al.hammadi.imp1089@mail.example,+971 56 594 3122,81 Street 6,Shenzhen,China
Anna Samir Iyer,anna.iyer.imp1090@mail.example,+971 56 146 6679,100 Street 18,Fujairah,United Arab Emirates
Ali Arjun Haddad,ali.haddad.imp1091@mail.example,+971 52 392 2595,68 Street 23,Sharjah,United Arab Emirates
Star Auto Spare Parts FZE 1092,accounts1092@import-star.example,+971 4 381 4488,23 Street 8,Dubai,United Arab Emirates
Daniel Ibrahim Al Zaabi,daniel.al.zaabi.imp1093@mail.example,+971 55 988 7127,114 Street 35,Abu Dhabi,United Arab Emirates
Fahad Ahmed Aziz,fahad.aziz.imp1094@mail.example,+971 54 390 6529,14 Street 23,Shenzhen,China
Blue Wave Aluminium Industries LLC 1095,accounts1095@import-blue.example,+971 7 599 3027,90 Street 12,Dubai,United Arab Emirates
Maitha Maitha Darwish,maitha.darwish.imp1096@mail.example,+971 58 528 8691,28 Street 23,Manchester,United Kingdom
Ahmed Sultan Nair,ahmed.nair.imp1097@mail.example,+971 58 196 8118,26 Street 15,Ras al-Khaimah,United Arab Emirates
Rahul Huda Chen,rahul.chen.imp1098@mail.example,+971 54 305 9576,118 Street 39,Dubai,United Arab Emirates
Lotus Auto Spare Parts Est. 1099,accounts1099@import-lotus.example,+971 3 630 6197,60 Street 2,Sharjah,United Arab Emirates
Mohammed Maitha Khoury,mohammed.khoury.imp1100@mail.example,+971 50 331 3646,99 Street 38,Sohar,Oman
Sultan Maitha Mathew,sultan.mathew.imp1101@mail.example,+971 54 639 6404,30 Street 36,Fujairah,United Arab Emirates
Anna Maria Gupta,anna.gupta.imp1102@mail.example,+971 56 449 6375,69 Street 28,Abu Dhabi,United Arab Emirates
Rashid Yousef Al Marri,rashid.al.marri.imp1103@mail.example,+971 50 290 5375,47 Street 39,London,United Kingdom
Summit General Trading FZE 1104,accounts1104@import-summit.example,+971 7 232 9855,41 Street 5,Ajman,United Arab Emirates
Wei Sanjay Darwish,wei.darwish.imp1105@mail.example,+971 52 933 0751,4 Street 35,Salalah,Oman
Horizon Paper Products FZE 1106,accounts1106@import-horizon.example,+971 2 373 9774,2 Street 26,Dubai,United Arab Emirates
Elena Nadia Al Hashimi,elena.al.hashimi.imp1107@mail.example,+971 50 585 8450,116 Street 8,Dubai,United Arab Emirates
Zayed Salem Nair,zayed.nair.imp1108@mail.example,+971 54 569 6931,45 Street 32,Umm al-Quwain,United Arab Emirates
Ahmed Bilal Sharma,ahmed.sharma.imp1109@mail.example,+971 58 724 7123,43 Street 15,Fujairah,United Arab Emirates
Marina Electronics Est. 1110,accounts1110@import-marina.example,+971 9 475 7621,91 Street 22,Ras al-Khaimah,United Arab Emirates
Ravi Karim Nair,ravi.nair.imp1111@mail.example,+971 52 618 1148,90 Street 38,Ajman,United Arab Emirates
Huda Tariq Al Marri,huda.al.marri.imp1112@mail.example,+971 56 309 9801,119 Street 3,Dubai,United Arab Emirates
Al Noor Aluminium Industries LLC 1113,accounts1113@import-al.example,+971 6 785 1583,23 Street 25,Mumbai,India
Daniel Maria Al Ketbi,daniel.al.ketbi.imp1114@mail.example,+971 50 718 2540,113 Street 27,Ras al-Khaimah,United Arab Emirates
Lotus Furniture Co. 1115,accounts1115@import-lotus.example,+971 9 668 6452,50 Street 12,Dubai,United Arab Emirates
Joseph Imran Karam,joseph.karam.imp1116@mail.example,+971 58 303 3981,85 Street 31,Jeddah,Saudi Arabia
Rashid Anil Al Nuaimi,rashid.al.nuaimi.imp1117@mail.example,+971 50 830 5672,46 Street 26,Sharjah,United Arab Emirates
Horizon Medical Supplies Est. 1118,accounts1118@import-horizon.example,+971 2 299 9279,25 Street 4,Ajman,United Arab Emirates
Sultan Maria Al Qasimi,sultan.al.qasimi.imp1119@mail.example,+971 56 963 3428,31 Street 15,Umm al-Quwain,United Arab Emirates
Priya Aisha Khan,priya.khan.imp1120@mail.example,+971 56 529 6646,26 Street 15,Ras al-Khaimah,United Arab Emirates
Majid Aisha Thomas,majid.thomas.imp1121@mail.example,+971 52 801 8786,32 Street 37,Jeddah,Saudi Arabia
Noura Hassan Al Zaabi,noura.al.zaabi.imp1122@mail.example,+971 52 547 4498,68 Street 9,Abu Dhabi,United Arab Emirates
Waleed Rahul George,waleed.george.imp1123@mail.example,+971 50 887 5348,98 Street 6,Ras al-Khaimah,United Arab Emirates
Rahul Hamad Nasr,rahul.nasr.imp1124@mail.example,+971 56 809 0932,28 Street 7,Abu Dhabi,United Arab Emirates
Grace Salem Khan,grace.khan.imp1125@mail.example,+971 50 111 9070,87 Street 36,Dubai,United Arab Emirates
Ali Hassan Khan,ali.khan.imp1126@mail.example,+971 52 210 9745,115 Street 34,Jeddah,Saudi Arabia
Layla Ali Jaber,layla.jaber.imp1127@mail.example,+971 54 922 7164,93 Street 32,Umm al-Quwain,United Arab Emirates
Palm Chemicals Co. 1128,accounts1128@import-palm.example,+971 9 437 7175,90 Street 19,Ras al-Khaimah,United Arab Emirates
Mansour Karim Al Shamsi,mansour.al.shamsi.imp1129@mail.example,+971 52 222 6260,43 Street 5,Fujairah,United Arab Emirates
Priya Anil Mathew,priya.mathew.imp1130@mail.example,+971 58 608 7065,59 Street 28,Ajman,United Arab Emirates
Mansour Saeed Obaid,mansour.obaid.imp1131@mail.example,+971 52 894 1116,54 Street 19,Ras al-Khaimah,United Arab Emirates
Al Safa Furniture Industries LLC 1132,accounts1132@import-al.example,+971 9 626 9886,60 Street 16,Mumbai,India
Noura Karim Khoury,noura.khoury.imp1133@mail.example,+971 52 354 0817,61 Street 22,Umm al-Quwain,United Arab Emirates
Anna Nasser Al Suwaidi,anna.al.suwaidi.imp1134@mail.example,+971 52 418 2294,64 Street 24,Ras al-Khaimah,United Arab Emirates
Gulf Textiles Industries LLC 1135,accounts1135@import-gulf.example,+971 6 685 1257,18 Street 22,Fujairah,United Arab Emirates
Ali Aisha Al Mansouri,ali.al.mansouri.imp1136@mail.example,+971 50 567 0936,17 Street 30,Ras al-Khaimah,United Arab Emirates
Anil Majid Al Qasimi,anil.al.qasimi.imp1137@mail.example,+971 58 840 7650,99 Street 20,Sohar,Oman
Sultan Reem George,sultan.george.imp1138@mail.example,+971 50 264 3127,16 Street 25,Fujairah,United Arab Emirates
Falcon Auto Spare Parts FZCO 1139,accounts1139@import-falcon.example,+971 9 797 6078,69 Street 9,Ras al-Khaimah,United Arab Emirates
Reem Zayed Darwish,reem.darwish.imp1140@mail.example,+971 58 219 0000,98 Street 3,Umm al-Quwain,United Arab Emirates
Sanjay Ahmed Awad,sanjay.awad.imp1141@mail.example,+971 58 350 4563,47 Street 31,Abu Dhabi,United Arab Emirates
Coral Building Materials LLC 1142,accounts1142@import-coral.example,+971 6 720 2172,66 Street 15,Fujairah,United Arab Emirates
Ibrahim Saeed Nair,ibrahim.nair.imp1143@mail.example,+971 55 309 7037,97 Street 37,Fujairah,United Arab Emirates
Horizon Foodstuff Co. 1144,accounts1144@import-horizon.example,+971 6 686 8474,27 Street 1,Ras al-Khaimah,United Arab Emirates
Ali Ali Patel,ali.patel.imp1145@mail.example,+971 54 845 4881,56 Street 20,Riyadh,Saudi Arabia
Anil Rania Sharma,anil.sharma.imp1146@mail.example,+971 55 742 1445,120 Street 15,Dubai,United Arab Emirates
Huda Asma Al Kaabi,huda.al.kaabi.imp1147@mail.example,+971 54 999 3353,70 Street 36,Umm al-Quwain,United Arab Emirates
Hind Sanjay Habib,hind.habib.imp1148@mail.example,+971 54 447 2881,104 Street 37,Umm al-Quwain,United Arab Emirates
Saeed Yousef Al Romaithi,saeed.al.romaithi.imp1149@mail.example,+971 58 274 1162,31 Street 38,Ras al-Khaimah,United Arab Emirates
Al Noor Packaging FZE 1150,accounts1150@import-al.example,+971 2 870 5549,79 Street 28,Abu Dhabi,United Arab Emirates
Coral Steel Industries Est. 1151,accounts1151@import-coral.example,+971 9 780 8237,52 Street 10,Dubai,United Arab Emirates
Huda Yousef Al Dhaheri,huda.al.dhaheri.imp1152@mail.example,+971 56 377 1919,23 Street 17,Fujairah,United Arab Emirates
Mansour Salem Al Marri,mansour.al.marri.imp1153@mail.example,+971 56 922 3915,16 Street 8,Dubai,United Arab Emirates
Falcon Trading FZE 1154,accounts1154@import-falcon.example,+971 3 682 9498,84 Street 9,Dubai,United Arab Emirates
Wei Aisha Al Nuaimi,wei.al.nuaimi.imp1155@mail.example,+971 58 278 3925,98 Street 11,Sharjah,United Arab Emirates
Sanjay Maitha Rahman,sanjay.rahman.imp1156@mail.example,+971 54 101 8951,19 Street 30,Abu Dhabi,United Arab Emirates
Marina Marine Supplies Industries LLC 1157,accounts1157@import-marina.example,+971 6 631 6973,66 Street 38,Dubai,United Arab Emirates
Desert Textiles FZCO 1158,accounts1158@import-desert.example,+971 6 821 1063,115 Street 18,Yiwu,China
Dana Majid Al Hammadi,dana.al.hammadi.imp1159@mail.example,+971 55 543 1531,75 Street 21,Ajman,United Arab Emirates
Pearl General Trading Co. 1160,accounts1160@import-pearl.example,+971 6 509 9610,80 Street 11,Sharjah,United Arab Emirates
Fahad Dana Dsouza,fahad.dsouza.imp1161@mail.example,+971 52 702 9713,65 Street 7,Ajman,United Arab Emirates
Mohammed Fahad Saleh,mohammed.saleh.imp1162@mail.example,+971 50 282 0137,35 Street 15,Ajman,United Arab Emirates
Amal Joseph Nair,amal.nair.imp1163@mail.example,+971 56 270 1833,31 Street 8,Sharjah,United Arab Emirates
Falcon Aluminium Co. 1164,accounts1164@import-falcon.example,+971 4 654 6386,47 Street 39,Abu Dhabi,United Arab Emirates
Reem Hassan Chen,reem.chen.imp1165@mail.example,+971 55 213 6913,33 Street 13,Abu Dhabi,United Arab Emirates
Nadia Yousef Saleh,nadia.saleh.imp1166@mail.example,+971 50 475 6873,19 Street 33,Fujairah,United Arab Emirates
Faisal Hamad Santos,faisal.santos.imp1167@mail.example,+971 58 364 8967,45 Street 35,Umm al-Quwain,United Arab Emirates
Al Wasl Trading FZCO 1168,accounts1168@import-al.example,+971 9 344 8318,24 Street 25,Sharjah,United Arab Emirates
Ahmed Maria Mathew,ahmed.mathew.imp1169@mail.example,+971 55 473 1998,93 Street 24,Manchester,United Kingdom
Saeed Anna Al Nuaimi,saeed.al.nuaimi.imp1170@mail.example,+971 50 614 1006,34 Street 17,Yiwu,China
Ahmed Daniel George,ahmed.george.imp1171@mail.example,+971 58 148 1328,56 Street 35,Jeddah,Saudi Arabia
Ahmed Maitha Al Qasimi,ahmed.al.qasimi.imp1172@mail.example,+971 54 961 9914,74 Street 23,Ajman,United Arab Emirates
Coral Glass FZCO 1173,accounts1173@import-coral.example,+971 6 390 9832,2 Street 38,Ras al-Khaimah,United Arab Emirates
Majid Hamad Al Shamsi,majid.al.shamsi.imp1174@mail.example,+971 54 855 7240,109 Street 15,Sharjah,United Arab Emirates
Daniel Asma Al Shamsi,daniel.al.shamsi.imp1175@mail.example,+971 55 203 1279,84 Street 29,Ajman,United Arab Emirates
Tariq Mohammed Dsouza,tariq.dsouza.imp1176@mail.example,+971 50 520 7702,76 Street 7,Fujairah,United Arab Emirates
Maria Karim Santos,maria.santos.imp1177@mail.example,+971 50 534 5397,50 Street 3,Ajman,United Arab Emirates
Al Safa Marine Supplies Est. 1178,accounts1178@import-al.example,+971 9 789 9411,12 Street 3,Sharjah,United Arab Emirates
Al Fajr Trading FZCO 1179,accounts1179@import-al.example,+971 2 847 4728,72 Street 31,Sharjah,United Arab Emirates
Al Noor Marine Supplies FZCO 1180,accounts1180@import-al.example,+971 2 747 3649,26 Street 5,Abu Dhabi,United Arab Emirates
Huda Ibrahim Khoury,huda.khoury.imp1181@mail.example,+971 50 459 5302,31 Street 14,Dubai,United Arab Emirates
Nadia Nadia Barakat,nadia.barakat.imp1182@mail.example,+971 50 638 2423,106 Street 11,Sharjah,United Arab Emirates
Huda Arjun Al Shamsi,huda.al.shamsi.imp1183@mail.example,+971 55 834 6059,43 Street 3,Ajman,United Arab Emirates
Silver Textiles Est. 1184,accounts1184@import-silver.example,+971 3 718 6052,38 Street 34,Ras al-Khaimah,United Arab Emirates
Al Noor Foodstuff Est. 1185,accounts1185@import-al.example,+971 9 541 5202,17 Street 24,Sharjah,United Arab Emirates
Zenith Building Materials FZE 1186,accounts1186@import-zenith.example,+971 2 409 9609,16 Street 13,Riyadh,Saudi Arabia
Oasis Building Materials LLC 1187,accounts1187@import-oasis.example,+971 7 253 1343,75 Street 21,Umm al-Quwain,United Arab Emirates
Hamdan Waleed Al Falasi,hamdan.al.falasi.imp1188@mail.example,+971 56 527 9336,56 Street 9,Fujairah,United Arab Emirates
Imran Noura Mahmoud,imran.mahmoud.imp1189@mail.example,+971 55 988 7897,24 Street 12,Abu Dhabi,United Arab Emirates
Emirates Paper Products Est. 1190,accounts1190@import-emirates.example,+971 6 652 0391,119 Street 23,Fujairah,United Arab Emirates
Grace Amal Ivanova,grace.ivanova.imp1191@mail.example,+971 50 749 4063,3 Street 18,Fujairah,United Arab Emirates
Emirates Aluminium FZCO 1192,accounts1192@import-emirates.example,+971 7 354 6774,114 Street 21,Ajman,United Arab Emirates
Abdullah Hind Kowalski,abdullah.kowalski.imp1193@mail.example,+971 56 569 9301,8 Street 18,Fujairah,United Arab Emirates
Joseph Hassan Barakat,joseph.barakat.imp1194@mail.example,+971 50 399 9189,109 Street 36,Fujairah,United Arab Emirates
Majid Karim Dsouza,majid.dsouza.imp1195@mail.example,+971 54 395 5187,21 Street 32,Ras al-Khaimah,United Arab Emirates
Saeed Priya Al Falasi,saeed.al.falasi.imp1196@mail.example,+971 54 740 5223,71 Street 18,Umm al-Quwain,United Arab Emirates
Nadia Nadia Ivanova,nadia.ivanova.imp1197@mail.example,+971 52 484 3630,101 Street 3,Fujairah,United Arab Emirates
Abdullah Mohammed Mathew,abdullah.mathew.imp1198@mail.example,+971 50 819 1731,107 Street 2,Fujairah,United Arab Emirates
Latifa John George,latifa.george.imp1199@mail.example,+971 54 611 8466,1 Street 40,Sharjah,United Arab Emirates
Layla Shamma Iyer,layla.iyer.imp1200@mail.example,+971 52 404 1661,62 Street 16,Dammam,Saudi Arabia
Peter Mariam Fernandes,peter.fernandes.imp1201@mail.example,+971 56 898 8632,118 Street 7,Jeddah,Saudi Arabia
Ibrahim Mohammed Awad,ibrahim.awad.imp1202@mail.example,+971 52 679 9130,2 Street 2,Manchester,United Kingdom
Sky Marine Supplies FZCO 1203,accounts1203@import-sky.example,+971 6 383 8536,17 Street 28,Sohar,Oman
Hassan John Al Mazrouei,hassan.al.mazrouei.imp1204@mail.example,+971 55 414 9384,105 Street 3,Riyadh,Saudi Arabia
Faisal Tariq Al Nuaimi,faisal.al.nuaimi.imp1205@mail.example,+971 50 429 6557,47 Street 24,Dubai,United Arab Emirates
Fatima Faisal Mahmoud,fatima.mahmoud.imp1206@mail.example,+971 55 405 9546,111 Street 5,Ajman,United Arab Emirates
Peter Tariq Gupta,peter.gupta.imp1207@mail.example,+971 58 866 1169,108 Street 28,Abu Dhabi,United Arab Emirates
Sultan Asma Ivanova,sultan.ivanova.imp1208@mail.example,+971 54 618 9682,85 Street 20,Dubai,United Arab Emirates
Mansour Sanjay Ivanova,mansour.ivanova.imp1209@mail.example,+971 58 863 0336,120 Street 22,Fujairah,United Arab Emirates
Mariam Latifa Hussain,mariam.hussain.imp1210@mail.example,+971 52 772 1925,37 Street 35,Abu Dhabi,United Arab Emirates
Fahad Khalid Chen,fahad.chen.imp1211@mail.example,+971 50 585 1087,21 Street 2,Umm al-Quwain,United Arab Emirates
Fatima Joseph Al Mansouri,fatima.al.mansouri.imp1212@mail.example,+971 54 970 9803,26 Street 17,Umm al-Quwain,United Arab Emirates
Palm Medical Supplies Industries LLC 1213,accounts1213@import-palm.example,+971 9 503 5475,113 Street 37,Fujairah,United Arab Emirates
Karim Faisal Hussain,karim.hussain.imp1214@mail.example,+971 50 715 0580,41 Street 34,Umm al-Quwain,United Arab Emirates
Samir Fatima Ivanova,samir.ivanova.imp1215@mail.example,+971 58 304 1930,84 Street 5,Umm al-Quwain,United Arab Emirates
Sara Nadia Al Romaithi,sara.al.romaithi.imp1216@mail.example,+971 52 867 7245,26 Street 1,Jeddah,Saudi Arabia
Desert Auto Spare Parts Est. 1217,accounts1217@import-desert.example,+971 4 651 8171,101 Street 2,Umm al-Quwain,United Arab Emirates
Samir Faisal Mathew,samir.mathew.imp1218@mail.example,+971 50 979 3153,74 Street 9,Abu Dhabi,United Arab Emirates
Layla Majid Menon,layla.menon.imp1219@mail.example,+971 56 130 9712,73 Street 33,Ras al-Khaimah,United Arab Emirates
Anil John Pillai,anil.pillai.imp1220@mail.example,+971 55 799 4192,76 Street 17,Salalah,Oman
Elena Ahmed Al Falasi,elena.al.falasi.imp1221@mail.example,+971 58 964 2074,9 Street 38,Ras al-Khaimah,United Arab Emirates
Wei John Siddiqui,wei.siddiqui.imp1222@mail.example,+971 55 577 3230,58 Street 10,Sharjah,United Arab Emirates
John Daniel Al Nuaimi,john.al.nuaimi.imp1223@mail.example,+971 52 500 5124,74 Street 27,Dubai,United Arab Emirates
Blue Wave Electronics FZCO 1224,accounts1224@import-blue.example,+971 2 583 8675,35 Street 25,Fujairah,United Arab Emirates
Anna Salem Al Qasimi,anna.al.qasimi.imp1225@mail.example,+971 54 145 3580,21 Street 8,Salalah,Oman
Al Safa Cables FZE 1226,accounts1226@import-al.example,+971 4 497 8352,100 Street 30,Ajman,United Arab Emirates
Abdullah Zayed Kowalski,abdullah.kowalski.imp1227@mail.example,+971 56 941 1921,1 Street 38,Fujairah,United Arab Emirates
Shamma Majid Karam,shamma.karam.imp1228@mail.example,+971 55 399 0013,49 Street 17,Sharjah,United Arab Emirates
Amal Sultan Qureshi,amal.qureshi.imp1229@mail.example,+971 52 345 5430,21 Street 12,Fujairah,United Arab Emirates
Samir Hamdan Al Hashimi,samir.al.hashimi.imp1230@mail.example,+971 55 537 3490,78 Street 3,Salalah,Oman
Atlas Packaging FZCO 1231,accounts1231@import-atlas.example,+971 2 564 3899,25 Street 21,Ajman,United Arab Emirates
Palm Plastics FZCO 1232,accounts1232@import-palm.example,+971 9 401 5929,35 Street 15,Salalah,Oman
Atlas Aluminium FZCO 1233,accounts1233@import-atlas.example,+971 9 336 9730,96 Street 4,Shanghai,China
Fatima Samir Thomas,fatima.thomas.imp1234@mail.example,+971 52 591 4021,12 Street 31,Sharjah,United Arab Emirates
Crescent Foodstuff FZE 1235,accounts1235@import-crescent.example,+971 9 655 1439,60 Street 9,Ajman,United Arab Emirates
Unity Auto Spare Parts FZE 1236,accounts1236@import-unity.example,+971 7 529 8423,34 Street 17,Fujairah,United Arab Emirates
Rashid Nadia Smith,rashid.smith.imp1237@mail.example,+971 58 311 6112,119 Street 34,Ajman,United Arab Emirates
Silver Paints LLC 1238,accounts1238@import-silver.example,+971 6 728 5824,2 Street 39,Dubai,United Arab Emirates
Prime Packaging Co. 1239,accounts1239@import-prime.example,+971 9 746 2273,31 Street 15,Dubai,United Arab Emirates
Atlas Glass LLC 1240,accounts1240@import-atlas.example,+971 3 717 2454,48 Street 9,Ajman,United Arab Emirates
Imran Imran Mathew,imran.mathew.imp1241@mail.example,+971 56 274 0594,30 Street 13,Abu Dhabi,United Arab Emirates
Bilal Amal Al Hammadi,bilal.al.hammadi.imp1242@mail.example,+971 54 615 7466,11 Street 18,Abu Dhabi,United Arab Emirates
Fahad Imran Al Hashimi,fahad.al.hashimi.imp1243@mail.example,+971 50 405 0142,32 Street 11,Sharjah,United Arab Emirates
Hamdan Grace Al Dhaheri,hamdan.al.dhaheri.imp1244@mail.example,+971 50 696 5329,81 Street 18,Umm al-Quwain,United Arab Emirates
Waleed Mohammed Al Ameri,waleed.al.ameri.imp1245@mail.example,+971 52 319 6032,88 Street 24,Umm al-Quwain,United Arab Emirates
Emirates Steel Industries Est. 1246,accounts1246@import-emirates.example,+971 6 335 8893,43 Street 36,Dubai,United Arab Emirates
Hamdan Zayed Menon,hamdan.menon.imp1247@mail.example,+971 52 960 3513,28 Street 26,Umm al-Quwain,United Arab Emirates
Star Auto Spare Parts LLC 1248,accounts1248@import-star.example,+971 9 620 4134,92 Street 12,Ajman,United Arab Emirates
Cedar Paper Products Industries LLC 1249,accounts1249@import-cedar.example,+971 3 246 4063,43 Street 11,Ajman,United Arab Emirates
Mona Rahul Habib,mona.habib.imp1250@mail.example,+971 55 122 1115,113 Street 35,Ras al-Khaimah,United Arab Emirates
Pearl Plastics LLC 1251,accounts1251@import-pearl.example,+971 6 715 6199,22 Street 8,Chennai,India
Rahul Anna Wang,rahul.wang.imp1252@mail.example,+971 58 941 3813,24 Street 31,Sharjah,United Arab Emirates
Mariam Noura Al Ameri,mariam.al.ameri.imp1253@mail.example,+971 55 846 6856,56 Street 11,Ajman,United Arab Emirates
Arjun Rashid Al Romaithi,arjun.al.romaithi.imp1254@mail.example,+971 54 839 3827,22 Street 27,Abu Dhabi,United Arab Emirates
Emirates Aluminium FZCO 1255,accounts1255@import-emirates.example,+971 6 848 6770,106 Street 9,Fujairah,United Arab Emirates
John Joseph Gupta,john.gupta.imp1256@mail.example,+971 52 857 7517,102 Street 6,Jeddah,Saudi Arabia
Hamad Mansour Pillai,hamad.pillai.imp1257@mail.example,+971 54 862 6388,103 Street 14,Ras al-Khaimah,United Arab Emirates
Wei Abdullah Aziz,wei.aziz.imp1258@mail.example,+971 50 763 7096,67 Street 17,Fujairah,United Arab Emirates
Dana Mariam Barakat,dana.barakat.imp1259@mail.example,+971 55 441 6696,90 Street 27,Dubai,United Arab Emirates
Ravi Hamad Dsouza,ravi.dsouza.imp1260@mail.example,+971 52 400 3585,49 Street 6,Ajman,United Arab Emirates
Hind Rashid Pillai,hind.pillai.imp1261@mail.example,+971 54 741 1504,28 Street 31,Fujairah,United Arab Emirates
Arjun Latifa Mahmoud,arjun.mahmoud.imp1262@mail.example,+971 58 531 9672,65 Street 20,Abu Dhabi,United Arab Emirates
Omar Nasser Al Suwaidi,omar.al.suwaidi.imp1263@mail.example,+971 58 885 0389,59 Street 5,Dubai,United Arab Emirates
Latifa Khalid Awad,latifa.awad.imp1264@mail.example,+971 54 667 3738,84 Street 15,Umm al-Quwain,United Arab Emirates
Zayed Peter Yassin,zayed.yassin.imp1265@mail.example,+971 54 226 8483,86 Street 21,Sharjah,United Arab Emirates
Prime Logistics FZCO 1266,accounts1266@import-prime.example,+971 3 442 0073,34 Street 34,Fujairah,United Arab Emirates
Nasser Rania Al Kaabi,nasser.al.kaabi.imp1267@mail.example,+971 52 588 8791,77 Street 25,Ajman,United Arab Emirates
Nadia John Al Falasi,nadia.al.falasi.imp1268@mail.example,+971 58 813 3681,68 Street 4,Riyadh,Saudi Arabia
Prime Glass Co. 1269,accounts1269@import-prime.example,+971 6 617 3578,89 Street 27,Ajman,United Arab Emirates
Omar Hamad Saleh,omar.saleh.imp1270@mail.example,+971 55 508 8493,85 Street 3,Ajman,United Arab Emirates
Peter Karim Al Ameri,peter.al.ameri.imp1271@mail.example,+971 58 138 7197,45 Street 25,Ras al-Khaimah,United Arab Emirates
Rahul Hassan Mathew,rahul.mathew.imp1272@mail.example,+971 50 686 7221,9 Street 17,Ras al-Khaimah,United Arab Emirates
Oasis Glass FZCO 1273,accounts1273@import-oasis.example,+971 9 723 4091,66 Street 40,Dubai,United Arab Emirates
Golden Cables FZCO 1274,accounts1274@import-golden.example,+971 7 782 9191,67 Street 34,Salalah,Oman
Ravi Anil Kowalski,ravi.kowalski.imp1275@mail.example,+971 56 386 9864,17 Street 2,Abu Dhabi,United Arab Emirates
Hamad Salem Kowalski,hamad.kowalski.imp1276@mail.example,+971 54 993 6104,100 Street 1,Sharjah,United Arab Emirates
Huda Mansour Al Ameri,huda.al.ameri.imp1277@mail.example,+971 55 515 0250,61 Street 1,Umm al-Quwain,United Arab Emirates
Ali Mohammed Al Zaabi,ali.al.zaabi.imp1278@mail.example,+971 56 106 1018,80 Street 2,Dubai,United Arab Emirates
Imran Tariq Barakat,imran.barakat.imp1279@mail.example,+971 50 931 1472,42 Street 8,Umm al-Quwain,United Arab Emirates
Mohammed Mohammed Awad,mohammed.awad.imp1280@mail.example,+971 56 911 3956,17 Street 27,Dubai,United Arab Emirates
Atlas Paints Industries LLC 1281,accounts1281@import-atlas.example,+971 7 256 5439,14 Street 19,Abu Dhabi,United Arab Emirates
Marina Marine Supplies FZE 1282,accounts1282@import-marina.example,+971 7 580 5279,26 Street 28,Sharjah,United Arab Emirates
Unity Building Materials Co. 1283,accounts1283@import-unity.example,+971 2 314 2005,82 Street 13,Fujairah,United Arab Emirates
Gulf Plastics Industries LLC 1284,accounts1284@import-gulf.example,+971 9 217 7457,68 Street 40,Ras al-Khaimah,United Arab Emirates
Karim Ravi Kowalski,karim.kowalski.imp1285@mail.example,+971 52 724 7778,77 Street 19,Dammam,Saudi Arabia
Sanjay Arjun Awad,sanjay.awad.imp1286@mail.example,+971 52 424 3300,23 Street 22,Fujairah,United Arab Emirates
Majid Faisal Gupta,majid.gupta.imp1287@mail.example,+971 52 402 5670,40 Street 15,Mumbai,India
Noura Mansour Sharma,noura.sharma.imp1288@mail.example,+971 55 589 9244,27 Street 18,Ajman,United Arab Emirates
Dune Aluminium FZCO 1289,accounts1289@import-dune.example,+971 3 312 2740,53 Street 34,Muscat,Oman
Dune Glass FZCO 1290,accounts1290@import-dune.example,+971 7 306 7955,4 Street 31,Dubai,United Arab Emirates
Rania Ahmed Yassin,rania.yassin.imp1291@mail.example,+971 56 973 2414,61 Street 40,Ajman,United Arab Emirates
Sultan Sanjay Patel,sultan.patel.imp1292@mail.example,+971 50 188 4343,42 Street 22,Ras al-Khaimah,United Arab Emirates
Maitha Shamma Sharma,maitha.sharma.imp1293@mail.example,+971 52 262 4439,14 Street 13,Ajman,United Arab Emirates
John Wei Mahmoud,john.mahmoud.imp1294@mail.example,+971 58 242 9696,26 Street 25,Dubai,United Arab Emirates
Golden Textiles FZCO 1295,accounts1295@import-golden.example,+971 3 248 7139,80 Street 3,Fujairah,United Arab Emirates
Tariq Amal Yassin,tariq.yassin.imp1296@mail.example,+971 54 958 1130,49 Street 22,Dubai,United Arab Emirates
Desert Electronics FZCO 1297,accounts1297@import-desert.example,+971 2 853 3628,111 Street 14,Sharjah,United Arab Emirates
Horizon Logistics Co. 1298,accounts1298@import-horizon.example,+971 2 559 3080,118 Street 15,Ajman,United Arab Emirates
Abdullah Abdullah Wang,abdullah.wang.imp1299@mail.example,+971 54 583 1749,89 Street 4,Dubai,United Arab Emirates
Dune Medical Supplies Co. 1300,accounts1300@import-dune.example,+971 3 808 4645,13 Street 15,Ajman,United Arab Emirates
Aisha Nadia Karam,aisha.karam.imp1301@mail.example,+971 58 612 5079,51 Street 23,Riyadh,Saudi Arabia
Pearl Aluminium FZCO 1302,accounts1302@import-pearl.example,+971 3 790 1885,31 Street 20,Dubai,United Arab Emirates
Noura Majid Gupta,noura.gupta.imp1303@mail.example,+971 50 674 6399,114 Street 6,Fujairah,United Arab Emirates
Karim Amal Al Muhairi,karim.al.muhairi.imp1304@mail.example,+971 58 812 8028,96 Street 26,Umm al-Quwain,United Arab Emirates
Rashid Ahmed Wang,rashid.wang.imp1305@mail.example,+971 58 156 4411,63 Street 26,Riyadh,Saudi Arabia
Joseph Ravi Khan,joseph.khan.imp1306@mail.example,+971 56 789 8153,24 Street 5,Ajman,United Arab Emirates
Gulf Building Materials FZCO 1307,accounts1307@import-gulf.example,+971 2 295 6042,105 Street 25,Dubai,United Arab Emirates
Tariq Tariq Mathew,tariq.mathew.imp1308@mail.example,+971 54 459 9371,119 Street 1,Sharjah,United Arab Emirates
Faisal Mohammed Patel,faisal.patel.imp1309@mail.example,+971 55 179 9380,87 Street 13,Sharjah,United Arab Emirates
Oasis Textiles FZCO 1310,accounts1310@import-oasis.example,+971 6 539 4739,9 Street 24,Ajman,United Arab Emirates
Summit Paper Products FZE 1311,accounts1311@import-summit.example,+971 7 575 7124,12 Street 24,Ras al-Khaimah,United Arab Emirates
Waleed Rahul Khan,waleed.khan.imp1312@mail.example,+971 50 175 6256,114 Street 30,Abu Dhabi,United Arab Emirates
Pearl Auto Spare Parts LLC 1313,accounts1313@import-pearl.example,+971 3 827 4232,15 Street 26,Ajman,United Arab Emirates
Karim Ravi Aziz,karim.aziz.imp1314@mail.example,+971 56 908 7344,15 Street 21,Dubai,United Arab Emirates
Elena Priya Pillai,elena.pillai.imp1315@mail.example,+971 52 336 4404,75 Street 38,Ras al-Khaimah,United Arab Emirates
Sky Steel Industries LLC 1316,accounts1316@import-sky.example,+971 2 681 6074,68 Street 37,Dubai,United Arab Emirates
Al Fajr General Trading FZE 1317,accounts1317@import-al.example,+971 4 405 9242,68 Street 39,Ras al-Khaimah,United Arab Emirates
Gulf Logistics FZCO 1318,accounts1318@import-gulf.example,+971 7 230 4046,7 Street 16,Umm al-Quwain,United Arab Emirates
Majid Sanjay Ivanova,majid.ivanova.imp1319@mail.example,+971 56 249 7739,89 Street 4,Ajman,United Arab Emirates
Grace Saeed Al Hammadi,grace.al.hammadi.imp1320@mail.example,+971 58 877 5781,83 Street 5,Riyadh,Saudi Arabia
Noura Rania Awad,noura.awad.imp1321@mail.example,+971 54 991 6616,43 Street 19,Ajman,United Arab Emirates
Asma Maria Al Romaithi,asma.al.romaithi.imp1322@mail.example,+971 52 611 3595,45 Street 2,Fujairah,United Arab Emirates
Fahad Maitha Al Kaabi,fahad.al.kaabi.imp1323@mail.example,+971 56 935 3216,120 Street 30,Dubai,United Arab Emirates
Grace Ahmed Nasr,grace.nasr.imp1324@mail.example,+971 58 685 2254,50 Street 24,Fujairah,United Arab Emirates
Al Noor Electronics Industries LLC 1325,accounts1325@import-al.example,+971 4 594 1641,117 Street 35,Ajman,United Arab Emirates
Hind Shamma Yassin,hind.yassin.imp1326@mail.example,+971 54 593 7772,16 Street 29,Sharjah,United Arab Emirates
Samir Anil Karam,samir.karam.imp1327@mail.example,+971 54 556 5236,32 Street 12,Sharjah,United Arab Emirates
Summit Textiles Co. 1328,accounts1328@import-summit.example,+971 4 251 7071,9 Street 10,Umm al-Quwain,United Arab Emirates
Khalid Priya Al Qasimi,khalid.al.qasimi.imp1329@mail.example,+971 56 738 1644,48 Street 4,Manchester,United Kingdom
Layla Maria Thomas,layla.thomas.imp1330@mail.example,+971 56 577 5939,63 Street 24,Dubai,United Arab Emirates
Fatima Hamad Iyer,fatima.iyer.imp1331@mail.example,+971 52 269 5870,1 Street 39,Sharjah,United Arab Emirates
Nadia Peter Dsouza,nadia.dsouza.imp1332@mail.example,+971 54 878 6425,75 Street 34,Ajman,United Arab Emirates
Crescent Plastics Est. 1333,accounts1333@import-crescent.example,+971 3 439 8198,37 Street 19,Dubai,United Arab Emirates
Peter Grace Yassin,peter.yassin.imp1334@mail.example,+971 54 124 1570,31 Street 4,Mumbai,India
Dune Paints FZE 1335,accounts1335@import-dune.example,+971 3 464 9204,95 Street 9,Fujairah,United Arab Emirates
Sky Cables FZE 1336,accounts1336@import-sky.example,+971 2 728 0683,57 Street 31,Ras al-Khaimah,United Arab Emirates
Ahmed Khalid Nair,ahmed.nair.imp1337@mail.example,+971 52 634 3584,37 Street 20,Umm al-Quwain,United Arab Emirates
Noura Daniel Kowalski,noura.kowalski.imp1338@mail.example,+971 50 213 9142,114 Street 38,Sharjah,United Arab Emirates
Horizon Furniture FZE 1339,accounts1339@import-horizon.example,+971 7 820 3244,82 Street 7,Ajman,United Arab Emirates
Al Safa Paints LLC 1340,accounts1340@import-al.example,+971 2 752 7262,6 Street 16,Ajman,United Arab Emirates
Peter Saeed Al Ameri,peter.al.ameri.imp1341@mail.example,+971 55 168 4653,61 Street 29,Dubai,United Arab Emirates
Fatima Omar Nasr,fatima.nasr.imp1342@mail.example,+971 56 406 5781,73 Street 3,Ras al-Khaimah,United Arab Emirates
Peter John Haddad,peter.haddad.imp1343@mail.example,+971 52 271 5074,96 Street 35,Dubai,United Arab Emirates
Star Furniture Industries LLC 1344,accounts1344@import-star.example,+971 3 208 9131,9 Street 29,Ajman,United Arab Emirates
Rahul Priya Mansour,rahul.mansour.imp1345@mail.example,+971 58 910 0639,118 Street 39,Ras al-Khaimah,United Arab Emirates
Nadia Anil Hussain,nadia.hussain.imp1346@mail.example,+971 50 780 7818,120 Street 26,Fujairah,United Arab Emirates
Anna Ahmed Jaber,anna.jaber.imp1347@mail.example,+971 54 691 4337,76 Street 1,London,United Kingdom
Abdullah Sultan Nasr,abdullah.nasr.imp1348@mail.example,+971 50 567 0344,15 Street 40,Dubai,United Arab Emirates
Dana Asma Yassin,dana.yassin.imp1349@mail.example,+971 56 206 7502,39 Street 3,Ajman,United Arab Emirates
Rashid Saeed Al Shamsi,rashid.al.shamsi.imp1350@mail.example,+971 56 895 4513,14 Street 35,Kochi,India
Yousef Tariq Al Falasi,yousef.al.falasi.imp1351@mail.example,+971 56 816 8770,90 Street 32,Muscat,Oman
Blue Wave Logistics LLC 1352,accounts1352@import-blue.example,+971 4 307 6896,48 Street 39,Umm al-Quwain,United Arab Emirates
Daniel Mariam Al Shamsi,daniel.al.shamsi.imp1353@mail.example,+971 54 680 3147,64 Street 25,Umm al-Quwain,United Arab Emirates
Mariam Mansour Menon,mariam.menon.imp1354@mail.example,+971 52 744 3183,12 Street 7,Umm al-Quwain,United Arab Emirates
Imran Anil Khan,imran.khan.imp1355@mail.example,+971 52 219 8708,116 Street 31,Fujairah,United Arab Emirates
Daniel Maria Gupta,daniel.gupta.imp1356@mail.example,+971 56 638 7844,40 Street 7,Ras al-Khaimah,United Arab Emirates
Atlas Paper Products FZCO 1357,accounts1357@import-atlas.example,+971 6 562 7768,111 Street 12,Ajman,United Arab Emirates
Hassan Anna Fernandes,hassan.fernandes.imp1358@mail.example,+971 50 609 4241,25 Street 19,London,United Kingdom
Coral Cables Est. 1359,accounts1359@import-coral.example,+971 3 852 1023,108 Street 4,Sharjah,United Arab Emirates
Faisal Waleed Al Ketbi,faisal.al.ketbi.imp1360@mail.example,+971 54 240 3347,25 Street 36,Dubai,United Arab Emirates
Wei Ravi Al Suwaidi,wei.al.suwaidi.imp1361@mail.example,+971 55 916 9573,13 Street 2,Ras al-Khaimah,United Arab Emirates
Noura Elena Patel,noura.patel.imp1362@mail.example,+971 50 438 4849,51 Street 32,Dubai,United Arab Emirates
Mariam Mona Reyes,mariam.reyes.imp1363@mail.example,+971 52 922 9794,75 Street 19,Ras al-Khaimah,United Arab Emirates
Falcon Foodstuff LLC 1364,accounts1364@import-falcon.example,+971 2 210 3119,44 Street 26,Sharjah,United Arab Emirates
Hind Nadia Saleh,hind.saleh.imp1365@mail.example,+971 58 274 0746,48 Street 21,Abu Dhabi,United Arab Emirates
Layla Mansour Reyes,layla.reyes.imp1366@mail.example,+971 50 982 0978,11 Street 39,Ras al-Khaimah,United Arab Emirates
Al Wasl Marine Supplies FZE 1367,accounts1367@import-al.example,+971 9 233 5505,10 Street 38,Abu Dhabi,United Arab Emirates
Ali Layla George,ali.george.imp1368@mail.example,+971 56 347 4266,68 Street 26,Abu Dhabi,United Arab Emirates
Hamad John Iyer,hamad.iyer.imp1369@mail.example,+971 58 478 3522,109 Street 34,London,United Kingdom
Saeed Priya Iyer,saeed.iyer.imp1370@mail.example,+971 52 561 2194,86 Street 20,Manchester,United Kingdom
Joseph Imran Jaber,joseph.jaber.imp1371@mail.example,+971 55 884 4992,92 Street 5,London,United Kingdom
Omar Karim Al Nuaimi,omar.al.nuaimi.imp1372@mail.example,+971 52 585 4490,3 Street 19,Ajman,United Arab Emirates
Maitha Sultan Mahmoud,maitha.mahmoud.imp1373@mail.example,+971 58 306 1235,73 Street 31,Sharjah,United Arab Emirates
Anna Layla Siddiqui,anna.siddiqui.imp1374@mail.example,+971 50 493 9051,44 Street 29,Fujairah,United Arab Emirates
Gulf Foodstuff Co. 1375,accounts1375@import-gulf.example,+971 7 331 7192,44 Street 11,Sharjah,United Arab Emirates
Faisal Dana Al Muhairi,faisal.al.muhairi.imp1376@mail.example,+971 52 985 6309,58 Street 27,Riyadh,Saudi Arabia
Palm Chemicals Industries LLC 1377,accounts1377@import-palm.example,+971 4 269 4289,74 Street 18,Dammam,Saudi Arabia
Priya Elena Mathew,priya.mathew.imp1378@mail.example,+971 55 938 3591,42 Street 10,Umm al-Quwain,United Arab Emirates
Dana Anna Al Dhaheri,dana.al.dhaheri.imp1379@mail.example,+971 58 867 7185,102 Street 13,Umm al-Quwain,United Arab Emirates
Faisal Hamad Al Suwaidi,faisal.al.suwaidi.imp1380@mail.example,+971 54 710 2469,110 Street 9,Ajman,United Arab Emirates
Elena Peter Al Kaabi,elena.al.kaabi.imp1381@mail.example,+971 58 776 8791,12 Street 35,Dubai,United Arab Emirates
Hind Mona Habib,hind.habib.imp1382@mail.example,+971 52 823 5102,66 Street 29,Ras al-Khaimah,United Arab Emirates
Fatima Latifa Karam,fatima.karam.imp1383@mail.example,+971 50 422 4683,94 Street 35,Umm al-Quwain,United Arab Emirates
Mona Maitha Al Hammadi,mona.al.hammadi.imp1384@mail.example,+971 50 780 8956,35 Street 31,Abu Dhabi,United Arab Emirates
John Ali Mahmoud,john.mahmoud.imp1385@mail.example,+971 52 237 5986,15 Street 21,Abu Dhabi,United Arab Emirates
Yousef Arjun Al Shamsi,yousef.al.shamsi.imp1386@mail.example,+971 56 173 5896,108 Street 35,Abu Dhabi,United Arab Emirates
Faisal Wei Santos,faisal.santos.imp1387@mail.example,+971 50 946 9448,110 Street 5,Dammam,Saudi Arabia
Ali Rania Al Qasimi,ali.al.qasimi.imp1388@mail.example,+971 50 289 5857,18 Street 24,Ajman,United Arab Emirates
Rahul Mona Al Hammadi,rahul.al.hammadi.imp1389@mail.example,+971 55 622 8343,7 Street 22,Dubai,United Arab Emirates
Wei Tariq Darwish,wei.darwish.imp1390@mail.example,+971 58 542 7331,43 Street 16,Riyadh,Saudi Arabia
Khalid Aisha Al Hashimi,khalid.al.hashimi.imp1391@mail.example,+971 55 559 6602,103 Street 17,Umm al-Quwain,United Arab Emirates
Wei Majid Al Ketbi,wei.al.ketbi.imp1392@mail.example,+971 55 626 6961,120 Street 17,Abu Dhabi,United Arab Emirates
Sultan Wei Santos,sultan.santos.imp1393@mail.example,+971 50 697 0169,19 Street 34,Sharjah,United Arab Emirates
Al Fajr Textiles Co. 1394,accounts1394@import-al.example,+971 7 223 7385,75 Street 13,Umm al-Quwain,United Arab Emirates
Blue Wave Paints Industries LLC 1395,accounts1395@import-blue.example,+971 4 860 8931,48 Street 40,Ajman,United Arab Emirates
Ravi Peter Gupta,ravi.gupta.imp1396@mail.example,+971 55 172 5126,96 Street 36,Salalah,Oman
Ali Anil Wang,ali.wang.imp1397@mail.example,+971 54 400 0574,54 Street 36,Sharjah,United Arab Emirates
Mansour John Al Falasi,mansour.al.falasi.imp1398@mail.example,+971 58 185 1773,43 Street 30,Ajman,United Arab Emirates
Karim Daniel Wang,karim.wang.imp1399@mail.example,+971 58 930 3048,81 Street 19,Dubai,United Arab Emirates
Unity Foodstuff Est. 1400,accounts1400@import-unity.example,+971 4 522 8116,25 Street 34,Ajman,United Arab Emirates
Silver General Trading FZCO 1401,accounts1401@import-silver.example,+971 4 612 8314,70 Street 13,Shenzhen,China
Noura Yousef Mansour,noura.mansour.imp1402@mail.example,+971 58 808 3990,84 Street 1,Ras al-Khaimah,United Arab Emirates
Rahul Peter Saleh,rahul.saleh.imp1403@mail.example,+971 54 504 6169,73 Street 38,Kochi,India
Asma Waleed Liu,asma.liu.imp1404@mail.example,+971 55 645 7231,14 Street 5,Ras al-Khaimah,United Arab Emirates
Sultan Aisha Sharma,sultan.sharma.imp1405@mail.example,+971 52 454 5894,82 Street 17,Sharjah,United Arab Emirates
Bilal Latifa Yassin,bilal.yassin.imp1406@mail.example,+971 54 796 8508,119 Street 13,Fujairah,United Arab Emirates
Layla Salem Al Nuaimi,layla.al.nuaimi.imp1407@mail.example,+971 54 334 1858,104 Street 18,Fujairah,United Arab Emirates
Coral Glass Industries LLC 1408,accounts1408@import-coral.example,+971 6 322 0767,45 Street 19,Fujairah,United Arab Emirates
Priya Grace Al Suwaidi,priya.al.suwaidi.imp1409@mail.example,+971 50 977 7720,96 Street 32,Dubai,United Arab Emirates
Dana Peter Liu,dana.liu.imp1410@mail.example,+971 58 729 3858,65 Street 7,Fujairah,United Arab Emirates
Grace Tariq Al Suwaidi,grace.al.suwaidi.imp1411@mail.example,+971 52 293 0728,66 Street 17,Dubai,United Arab Emirates
Lotus Aluminium FZE 1412,accounts1412@import-lotus.example,+971 6 322 3279,98 Street 7,Fujairah,United Arab Emirates
Asma Mohammed Al Ameri,asma.al.ameri.imp1413@mail.example,+971 50 155 2629,45 Street 35,Fujairah,United Arab Emirates
Mona Omar Nair,mona.nair.imp1414@mail.example,+971 56 442 9167,18 Street 20,Dubai,United Arab Emirates
Fatima Samir Mahmoud,fatima.mahmoud.imp1415@mail.example,+971 55 597 6155,54 Street 20,Ajman,United Arab Emirates
Palm Building Materials Industries LLC 1416,accounts1416@import-palm.example,+971 7 681 7987,51 Street 16,Sohar,Oman
Arjun Tariq Al Muhairi,arjun.al.muhairi.imp1417@mail.example,+971 52 370 3624,62 Street 35,Dubai,United Arab Emirates
Anil Ali George,anil.george.imp1418@mail.example,+971 58 696 1581,55 Street 25,Dubai,United Arab Emirates
Falcon Aluminium Industries LLC 1419,accounts1419@import-falcon.example,+971 2 224 8175,62 Street 36,Dubai,United Arab Emirates
Noura Peter Fernandes,noura.fernandes.imp1420@mail.example,+971 55 172 1755,40 Street 24,Ajman,United Arab Emirates
Crescent Marine Supplies LLC 1421,accounts1421@import-crescent.example,+971 4 521 6701,11 Street 21,Shenzhen,China
Anna Samir Wang,anna.wang.imp1422@mail.example,+971 55 609 3790,47 Street 19,Dubai,United Arab Emirates
Al Noor Furniture Co. 1423,accounts1423@import-al.example,+971 7 808 6830,68 Street 17,Sharjah,United Arab Emirates
Mohammed Imran George,mohammed.george.imp1424@mail.example,+971 52 792 6366,2 Street 8,Ajman,United Arab Emirates
Coral Medical Supplies Est. 1425,accounts1425@import-coral.example,+971 9 448 2592,118 Street 15,Sharjah,United Arab Emirates
Sara Abdullah Al Suwaidi,sara.al.suwaidi.imp1426@mail.example,+971 56 798 6575,53 Street 3,Ras al-Khaimah,United Arab Emirates
Silver Electronics Co. 1427,accounts1427@import-silver.example,+971 6 575 6768,86 Street 6,Ajman,United Arab Emirates
Marina Cables Industries LLC 1428,accounts1428@import-marina.example,+971 7 486 4214,62 Street 27,Chennai,India
Anna Sultan Mathew,anna.mathew.imp1429@mail.example,+971 54 981 1306,63 Street 29,Abu Dhabi,United Arab Emirates
Al Safa Marine Supplies LLC 1430,accounts1430@import-al.example,+971 9 581 0568,32 Street 31,Umm al-Quwain,United Arab Emirates
Desert Building Materials FZCO 1431,accounts1431@import-desert.example,+971 9 688 0338,97 Street 1,Umm al-Quwain,United Arab Emirates
Abdullah Zayed Khoury,abdullah.khoury.imp1432@mail.example,+971 50 945 2216,76 Street 17,Riyadh,Saudi Arabia
Mansour Ibrahim Khan,mansour.khan.imp1433@mail.example,+971 52 902 6242,29 Street 16,Jeddah,Saudi Arabia
Atlas General Trading Co. 1434,accounts1434@import-atlas.example,+971 9 698 1359,9 Street 1,Ajman,United Arab Emirates
Zenith Glass Est. 1435,accounts1435@import-zenith.example,+971 2 546 0097,114 Street 26,Abu Dhabi,United Arab Emirates
Ahmed Khalid Smith,ahmed.smith.imp1436@mail.example,+971 58 588 4707,24 Street 1,Umm al-Quwain,United Arab Emirates
Majid Rania Smith,majid.smith.imp1437@mail.example,+971 55 535 6415,17 Street 8,Sharjah,United Arab Emirates
Hassan Shamma Habib,hassan.habib.imp1438@mail.example,+971 55 163 6458,85 Street 2,Dubai,United Arab Emirates
Summit Packaging Industries LLC 1439,accounts1439@import-summit.example,+971 3 512 7749,59 Street 1,Dubai,United Arab Emirates
Zayed Rashid Reyes,zayed.reyes.imp1440@mail.example,+971 56 512 8480,112 Street 28,Muscat,Oman
Al Bayan Building Materials FZE 1441,accounts1441@import-al.example,+971 3 512 3652,102 Street 13,Ras al-Khaimah,United Arab Emirates
Shamma Faisal Obaid,shamma.obaid.imp1442@mail.example,+971 58 398 3085,35 Street 7,Dammam,Saudi Arabia
Palm Logistics Industries LLC 1443,accounts1443@import-palm.example,+971 3 411 3499,20 Street 16,Sharjah,United Arab Emirates
Dana Ahmed Darwish,dana.darwish.imp1444@mail.example,+971 50 246 6617,24 Street 34,Ajman,United Arab Emirates
Ravi Daniel Al Shamsi,ravi.al.shamsi.imp1445@mail.example,+971 56 428 9752,62 Street 33,Umm al-Quwain,United Arab Emirates
Al Noor Electronics FZE 1446,accounts1446@import-al.example,+971 6 208 7521,91 Street 9,Dubai,United Arab Emirates
Gulf Plastics Industries LLC 1447,accounts1447@import-gulf.example,+971 4 307 8283,68 Street 18,Fujairah,United Arab Emirates
Nadia Faisal Awad,nadia.awad.imp1448@mail.example,+971 50 655 9492,28 Street 25,Umm al-Quwain,United Arab Emirates
Noura Peter Mathew,noura.mathew.imp1449@mail.example,+971 52 216 9499,28 Street 18,Umm al-Quwain,United Arab Emirates
Dune Logistics FZCO 1450,accounts1450@import-dune.example,+971 9 529 8002,54 Street 27,Umm al-Quwain,United Arab Emirates
Anil Joseph Jaber,anil.jaber.imp1451@mail.example,+971 50 810 9833,53 Street 17,Manchester,United Kingdom
Cedar Foodstuff FZCO 1452,accounts1452@import-cedar.example,+971 7 265 3187,32 Street 28,Fujairah,United Arab Emirates
Hind Yousef Darwish,hind.darwish.imp1453@mail.example,+971 52 466 4275,68 Street 23,Umm al-Quwain,United Arab Emirates
Khalid Saeed Karam,khalid.karam.imp1454@mail.example,+971 50 700 9462,2 Street 34,Dubai,United Arab Emirates
Abdullah Hamad Pillai,abdullah.pillai.imp1455@mail.example,+971 58 388 3223,79 Street 25,Kochi,India
Desert Logistics Co. 1456,accounts1456@import-desert.example,+971 3 289 6499,32 Street 17,Riyadh,Saudi Arabia
Elena Waleed Liu,elena.liu.imp1457@mail.example,+971 58 769 9640,99 Street 15,Dubai,United Arab Emirates
Grace Grace Menon,grace.menon.imp1458@mail.example,+971 50 569 8575,16 Street 25,Dubai,United Arab Emirates
Dana Asma Al Blooshi,dana.al.blooshi.imp1459@mail.example,+971 54 960 8985,2 Street 32,Fujairah,United Arab Emirates
Unity Electronics FZE 1460,accounts1460@import-unity.example,+971 3 754 4965,4 Street 30,Ajman,United Arab Emirates
Blue Wave Furniture FZCO 1461,accounts1461@import-blue.example,+971 2 249 5100,43 Street 19,Dubai,United Arab Emirates
Sky Textiles FZCO 1462,accounts1462@import-sky.example,+971 2 673 1896,94 Street 11,Abu Dhabi,United Arab Emirates
Joseph Abdullah Hussain,joseph.hussain.imp1463@mail.example,+971 55 185 4349,102 Street 36,Ras al-Khaimah,United Arab Emirates
Maitha Omar Al Ameri,maitha.al.ameri.imp1464@mail.example,+971 58 243 8529,72 Street 37,Fujairah,United Arab Emirates
Reem Fatima Al Shamsi,reem.al.shamsi.imp1465@mail.example,+971 56 661 0356,67 Street 15,Abu Dhabi,United Arab Emirates
Maria Mohammed Darwish,maria.darwish.imp1466@mail.example,+971 50 559 6891,63 Street 15,Abu Dhabi,United Arab Emirates
Joseph Ali Al Zaabi,joseph.al.zaabi.imp1467@mail.example,+971 50 711 2317,82 Street 10,Muscat,Oman
Nasser Daniel Al Suwaidi,nasser.al.suwaidi.imp1468@mail.example,+971 54 998 1988,3 Street 14,Umm al-Quwain,United Arab Emirates
Cedar Auto Spare Parts LLC 1469,accounts1469@import-cedar.example,+971 2 599 2012,79 Street 31,Ras al-Khaimah,United Arab Emirates
Sara Mohammed Thomas,sara.thomas.imp1470@mail.example,+971 50 128 5690,120 Street 26,Abu Dhabi,United Arab Emirates
Mona Wei Haddad,mona.haddad.imp1471@mail.example,+971 54 418 7877,83 Street 29,Abu Dhabi,United Arab Emirates
Pearl Trading FZE 1472,accounts1472@import-pearl.example,+971 6 485 6326,116 Street 10,Umm al-Quwain,United Arab Emirates
Ahmed Daniel Nasr,ahmed.nasr.imp1473@mail.example,+971 52 521 3127,59 Street 29,Dubai,United Arab Emirates
Coral Steel Industries LLC 1474,accounts1474@import-coral.example,+971 2 672 5006,26 Street 9,Sohar,Oman
Omar Mona Smith,omar.smith.imp1475@mail.example,+971 52 977 5902,23 Street 35,Dubai,United Arab Emirates
Shamma Aisha Al Ameri,shamma.al.ameri.imp1476@mail.example,+971 54 194 4241,88 Street 27,Sharjah,United Arab Emirates
Hamad Faisal Wang,hamad.wang.imp1477@mail.example,+971 50 380 6640,1 Street 29,Shanghai,China
Imran Mansour Siddiqui,imran.siddiqui.imp1478@mail.example,+971 50 502 4703,89 Street 24,Dubai,United Arab Emirates
Sultan Waleed Farouk,sultan.farouk.imp1479@mail.example,+971 54 572 7307,64 Street 17,Dubai,United Arab Emirates
John Omar Al Nuaimi,john.al.nuaimi.imp1480@mail.example,+971 56 107 4006,31 Street 13,Ras al-Khaimah,United Arab Emirates
Khalid Sultan Al Falasi,khalid.al.falasi.imp1481@mail.example,+971 50 948 3157,37 Street 38,Abu Dhabi,United Arab Emirates
Grace Majid Wang,grace.wang.imp1482@mail.example,+971 56 100 2208,89 Street 10,Ajman,United Arab Emirates
Khalid Rahul Al Ameri,khalid.al.ameri.imp1483@mail.example,+971 55 738 1439,117 Street 13,Umm al-Quwain,United Arab Emirates
Sanjay Maitha George,sanjay.george.imp1484@mail.example,+971 58 157 6856,73 Street 20,Fujairah,United Arab Emirates
Summit Logistics Industries LLC 1485,accounts1485@import-summit.example,+971 3 639 4830,17 Street 28,Ajman,United Arab Emirates
Dana Ali Saleh,dana.saleh.imp1486@mail.example,+971 58 675 1450,78 Street 32,Ras al-Khaimah,United Arab Emirates
Mohammed Joseph Al Kaabi,mohammed.al.kaabi.imp1487@mail.example,+971 52 910 1395,24 Street 8,Abu Dhabi,United Arab Emirates
Fahad Waleed Ivanova,fahad.ivanova.imp1488@mail.example,+971 52 298 4263,97 Street 24,Dubai,United Arab Emirates
Coral Plastics LLC 1489,accounts1489@import-coral.example,+971 6 759 3702,58 Street 26,Ajman,United Arab Emirates
Al Wasl Electronics LLC 1490,accounts1490@import-al.example,+971 3 446 4940,15 Street 23,Abu Dhabi,United Arab Emirates
Ibrahim Omar Pillai,ibrahim.pillai.imp1491@mail.example,+971 52 202 5209,64 Street 32,Sharjah,United Arab Emirates
Unity Electronics Est. 1492,accounts1492@import-unity.example,+971 7 785 3792,46 Street 23,Ras al-Khaimah,United Arab Emirates
Hamad Saeed Al Hammadi,hamad.al.hammadi.imp1493@mail.example,+971 50 623 3533,9 Street 28,Dubai,United Arab Emirates
Zenith Glass FZE 1494,accounts1494@import-zenith.example,+971 9 357 5768,28 Street 15,Sharjah,United Arab Emirates
Nadia Maitha Darwish,nadia.darwish.imp1495@mail.example,+971 50 490 6364,49 Street 38,Umm al-Quwain,United Arab Emirates
Horizon Trading FZE 1496,accounts1496@import-horizon.example,+971 4 211 1793,28 Street 19,Abu Dhabi,United Arab Emirates
Silver Medical Supplies Industries LLC 1497,accounts1497@import-silver.example,+971 2 732 3566,80 Street 31,Sharjah,United Arab Emirates
Pearl Steel Industries FZCO 1498,accounts1498@import-pearl.example,+971 6 317 7689,74 Street 39,Ras al-Khaimah,United Arab Emirates
Oasis Electronics LLC 1499,accounts1499@import-oasis.example,+971 6 630 4825,48 Street 2,Umm al-Quwain,United Arab Emirates
Atlas Foodstuff Co. 1500,accounts1500@import-atlas.example,+971 4 425 9779,39 Street 38,Ajman,United Arab Emirates
Al Wasl Packaging FZCO 1501,accounts1501@import-al.example,+971 3 370 5914,38 Street 35,Ras al-Khaimah,United Arab Emirates
Noura Samir Al Zaabi,noura.al.zaabi.imp1502@mail.example,+971 50 173 2423,12 Street 39,Ras al-Khaimah,United Arab Emirates
Palm Textiles Co. 1503,accounts1503@import-palm.example,+971 2 372 9093,5 Street 25,Fujairah,United Arab Emirates
Maitha John Qureshi,maitha.qureshi.imp1504@mail.example,+971 56 305 8461,37 Street 15,Umm al-Quwain,United Arab Emirates
Layla Hamad Mathew,layla.mathew.imp1505@mail.example,+971 54 993 7515,104 Street 2,Abu Dhabi,United Arab Emirates
Maria Priya Nasr,maria.nasr.imp1506@mail.example,+971 50 483 6882,37 Street 21,Umm al-Quwain,United Arab Emirates
Aisha Saeed Pillai,aisha.pillai.imp1507@mail.example,+971 58 728 4276,25 Street 17,Dubai,United Arab Emirates
Peter Noura Kowalski,peter.kowalski.imp1508@mail.example,+971 52 258 2131,11 Street 25,Sharjah,United Arab Emirates
Atlas Steel Industries FZCO 1509,accounts1509@import-atlas.example,+971 6 829 7358,90 Street 7,Ras al-Khaimah,United Arab Emirates
Priya Ravi Habib,priya.habib.imp1510@mail.example,+971 58 525 8234,80 Street 38,Ras al-Khaimah,United Arab Emirates
Zenith Chemicals LLC 1511,accounts1511@import-zenith.example,+971 6 404 0209,14 Street 19,Umm al-Quwain,United Arab Emirates
Al Fajr Building Materials Est. 1512,accounts1512@import-al.example,+971 7 753 1494,71 Street 24,Umm al-Quwain,United Arab Emirates
Mohammed Shamma George,mohammed.george.imp1513@mail.example,+971 54 569 5638,104 Street 11,Fujairah,United Arab Emirates
Wei Wei Al Qasimi,wei.al.qasimi.imp1514@mail.example,+971 50 992 6376,41 Street 9,Dubai,United Arab Emirates
Dune Aluminium FZCO 1515,accounts1515@import-dune.example,+971 6 279 5741,70 Street 11,Fujairah,United Arab Emirates
Anil Huda Mathew,anil.mathew.imp1516@mail.example,+971 50 244 3058,21 Street 18,Dubai,United Arab Emirates
Al Noor General Trading FZCO 1517,accounts1517@import-al.example,+971 4 453 2589,76 Street 15,Umm al-Quwain,United Arab Emirates
Star Textiles LLC 1518,accounts1518@import-star.example,+971 4 543 6626,116 Street 11,Fujairah,United Arab Emirates
John Ahmed Patel,john.patel.imp1519@mail.example,+971 50 175 0579,13 Street 11,Abu Dhabi,United Arab Emirates
Cedar Foodstuff FZCO 1520,accounts1520@import-cedar.example,+971 2 663 5122,59 Street 2,Umm al-Quwain,United Arab Emirates
Anna Priya Ivanova,anna.ivanova.imp1521@mail.example,+971 58 387 5100,66 Street 26,Umm al-Quwain,United Arab Emirates
Latifa Anna Pillai,latifa.pillai.imp1522@mail.example,+971 55 105 7551,101 Street 24,Umm al-Quwain,United Arab Emirates
Crescent Foodstuff FZCO 1523,accounts1523@import-crescent.example,+971 9 281 3661,26 Street 5,Umm al-Quwain,United Arab Emirates
Faisal Nasser Rahman,faisal.rahman.imp1524@mail.example,+971 50 675 9562,7 Street 38,Ajman,United Arab Emirates
Arjun Rania Karam,arjun.karam.imp1525@mail.example,+971 55 403 1034,1 Street 1,Dubai,United Arab Emirates
Amal Nasser Menon,amal.menon.imp1526@mail.example,+971 54 216 2649,94 Street 2,Sharjah,United Arab Emirates
Royal Aluminium FZE 1527,accounts1527@import-royal.example,+971 9 740 8130,42 Street 20,Sharjah,United Arab Emirates
Dune Electronics FZCO 1528,accounts1528@import-dune.example,+971 3 503 0644,72 Street 3,Ras al-Khaimah,United Arab Emirates
Khalid Hamdan Barakat,khalid.barakat.imp1529@mail.example,+971 50 814 1268,113 Street 14,Ajman,United Arab Emirates
Zayed Maria Al Falasi,zayed.al.falasi.imp1530@mail.example,+971 58 216 3109,24 Street 18,Ajman,United Arab Emirates
Lotus Glass FZE 1531,accounts1531@import-lotus.example,+971 6 708 3481,63 Street 32,Ajman,United Arab Emirates
Sanjay Maria Novak,sanjay.novak.imp1532@mail.example,+971 54 135 2606,96 Street 16,Dubai,United Arab Emirates
Sara Aisha Al Marri,sara.al.marri.imp1533@mail.example,+971 52 662 5477,79 Street 10,Sharjah,United Arab Emirates
Sanjay Huda Al Shamsi,sanjay.al.shamsi.imp1534@mail.example,+971 58 592 6687,111 Street 36,Dubai,United Arab Emirates
Wei Priya Al Marri,wei.al.marri.imp1535@mail.example,+971 56 179 0600,51 Street 6,Ajman,United Arab Emirates
Daniel Maitha Nair,daniel.nair.imp1536@mail.example,+971 56 770 7991,55 Street 6,Umm al-Quwain,United Arab Emirates
Ravi Abdullah Kowalski,ravi.kowalski.imp1537@mail.example,+971 52 764 9097,15 Street 40,Abu Dhabi,United Arab Emirates
Al Safa Textiles Industries LLC 1538,accounts1538@import-al.example,+971 7 315 1303,30 Street 26,Dubai,United Arab Emirates
Grace Nadia Gupta,grace.gupta.imp1539@mail.example,+971 58 514 1213,46 Street 27,Abu Dhabi,United Arab Emirates
Amal Priya Fernandes,amal.fernandes.imp1540@mail.example,+971 55 976 0519,32 Street 31,Ajman,United Arab Emirates
Omar Anil Al Zaabi,omar.al.zaabi.imp1541@mail.example,+971 52 800 9192,89 Street 32,Fujairah,United Arab Emirates
Fatima Samir Al Falasi,fatima.al.falasi.imp1542@mail.example,+971 58 542 6118,27 Street 37,Fujairah,United Arab Emirates
Silver Textiles FZCO 1543,accounts1543@import-silver.example,+971 3 336 0785,16 Street 27,Fujairah,United Arab Emirates
Desert Paper Products FZCO 1544,accounts1544@import-desert.example,+971 2 767 1032,43 Street 38,Sharjah,United Arab Emirates
Falcon Trading Co. 1545,accounts1545@import-falcon.example,+971 2 623 3575,76 Street 27,Abu Dhabi,United Arab Emirates
Asma Mansour George,asma.george.imp1546@mail.example,+971 58 259 8914,32 Street 23,Sharjah,United Arab Emirates
Sanjay Ibrahim Al Marri,sanjay.al.marri.imp1547@mail.example,+971 50 344 8100,67 Street 4,Abu Dhabi,United Arab Emirates
Anna Karim Santos,anna.santos.imp1548@mail.example,+971 52 336 8890,29 Street 27,Umm al-Quwain,United Arab Emirates
Horizon Logistics FZCO 1549,accounts1549@import-horizon.example,+971 9 830 5587,103 Street 1,Kochi,India
Tariq Fatima Wang,tariq.wang.imp1550@mail.example,+971 56 974 5866,2 Street 31,Sharjah,United Arab Emirates
Wei Faisal Fernandes,wei.fernandes.imp1551@mail.example,+971 55 169 4295,55 Street 7,Fujairah,United Arab Emirates
Hassan Nasser Dsouza,hassan.dsouza.imp1552@mail.example,+971 50 931 6124,120 Street 10,Umm al-Quwain,United Arab Emirates
Joseph Ahmed Chen,joseph.chen.imp1553@mail.example,+971 56 660 7395,11 Street 19,Dubai,United Arab Emirates
Imran Rashid Al Muhairi,imran.al.muhairi.imp1554@mail.example,+971 50 213 1338,99 Street 3,Dubai,United Arab Emirates
Dune Packaging Co. 1555,accounts1555@import-dune.example,+971 3 221 7722,78 Street 18,Muscat,Oman
Faisal Waleed Hussain,faisal.hussain.imp1556@mail.example,+971 55 771 6572,19 Street 8,Dubai,United Arab Emirates
Royal Electronics Co. 1557,accounts1557@import-royal.example,+971 2 711 5451,93 Street 39,Abu Dhabi,United Arab Emirates
Fahad Mona Al Kaabi,fahad.al.kaabi.imp1558@mail.example,+971 56 834 3954,114 Street 22,Ras al-Khaimah,United Arab Emirates
Khalid Sara Nasr,khalid.nasr.imp1559@mail.example,+971 56 710 6021,67 Street 18,Kochi,India
Al Bayan Logistics FZCO 1560,accounts1560@import-al.example,+971 6 234 4324,8 Street 33,Ras al-Khaimah,United Arab Emirates
Palm Paper Products Co. 1561,accounts1561@import-palm.example,+971 9 623 8346,17 Street 31,Abu Dhabi,United Arab Emirates
Salem Huda Awad,salem.awad.imp1562@mail.example,+971 52 486 8568,63 Street 27,Dubai,United Arab Emirates
Khalid Grace Karam,khalid.karam.imp1563@mail.example,+971 56 459 6356,110 Street 31,Fujairah,United Arab Emirates
Faisal Rashid Sharma,faisal.sharma.imp1564@mail.example,+971 54 205 0379,20 Street 21,Ajman,United Arab Emirates
Sanjay Reem Farouk,sanjay.farouk.imp1565@mail.example,+971 56 500 7910,84 Street 38,London,United Kingdom
Prime Medical Supplies Co. 1566,accounts1566@import-prime.example,+971 4 278 2699,117 Street 17,Riyadh,Saudi Arabia
Khalid Anna Mathew,khalid.mathew.imp1567@mail.example,+971 58 169 1222,70 Street 35,Umm al-Quwain,United Arab Emirates
Maria Tariq Al Mansouri,maria.al.mansouri.imp1568@mail.example,+971 54 527 1348,66 Street 29,Umm al-Quwain,United Arab Emirates
Maitha Latifa Al Dhaheri,maitha.al.dhaheri.imp1569@mail.example,+971 55 371 9835,4 Street 1,Dubai,United Arab Emirates
Anil Priya Al Blooshi,anil.al.blooshi.imp1570@mail.example,+971 50 676 2822,90 Street 3,Ajman,United Arab Emirates
Prime Marine Supplies Co. 1571,accounts1571@import-prime.example,+971 9 658 2633,12 Street 8,Umm al-Quwain,United Arab Emirates
Star Marine Supplies Industries LLC 1572,accounts1572@import-star.example,+971 6 760 5216,97 Street 40,Sharjah,United Arab Emirates
Tariq Rashid Novak,tariq.novak.imp1573@mail.example,+971 58 796 1737,30 Street 37,Umm al-Quwain,United Arab Emirates
Coral Steel Industries Est. 1574,accounts1574@import-coral.example,+971 6 695 2158,119 Street 24,Dubai,United Arab Emirates
Zayed Bilal Mathew,zayed.mathew.imp1575@mail.example,+971 55 401 0020,91 Street 35,Fujairah,United Arab Emirates
Hamad Grace Thomas,hamad.thomas.imp1576@mail.example,+971 52 131 6664,99 Street 16,Dubai,United Arab Emirates
Mohammed Anna Mansour,mohammed.mansour.imp1577@mail.example,+971 52 345 3063,9 Street 15,Dubai,United Arab Emirates
Rania Hamdan Al Falasi,rania.al.falasi.imp1578@mail.example,+971 52 199 9508,82 Street 11,Sohar,Oman
Salem Rashid Al Qasimi,salem.al.qasimi.imp1579@mail.example,+971 54 493 0524,119 Street 2,London,United Kingdom
Horizon Building Materials FZCO 1580,accounts1580@import-horizon.example,+971 2 784 2289,102 Street 8,Sharjah,United Arab Emirates
Gulf Trading FZE 1581,accounts1581@import-gulf.example,+971 9 522 9313,115 Street 14,Mumbai,India
Al Bayan General Trading LLC 1582,accounts1582@import-al.example,+971 9 445 4115,118 Street 25,Ajman,United Arab Emirates
Maitha Latifa Nair,maitha.nair.imp1583@mail.example,+971 55 758 0966,26 Street 37,Ajman,United Arab Emirates
Golden Electronics Industries LLC 1584,accounts1584@import-golden.example,+971 9 502 7137,109 Street 31,Ras al-Khaimah,United Arab Emirates
Salem Latifa Qureshi,salem.qureshi.imp1585@mail.example,+971 58 584 3786,45 Street 8,Dubai,United Arab Emirates
Falcon General Trading FZCO 1586,accounts1586@import-falcon.example,+971 3 753 7815,28 Street 29,Umm al-Quwain,United Arab Emirates
Sara Karim Al Blooshi,sara.al.blooshi.imp1587@mail.example,+971 54 600 9664,18 Street 30,Sharjah,United Arab Emirates
Ali Faisal Al Dhaheri,ali.al.dhaheri.imp1588@mail.example,+971 56 371 0177,68 Street 40,Fujairah,United Arab Emirates
Omar Hamad Sharma,omar.sharma.imp1589@mail.example,+971 55 726 8148,1 Street 15,Fujairah,United Arab Emirates
Sultan Sultan Karam,sultan.karam.imp1590@mail.example,+971 56 562 1863,53 Street 29,Salalah,Oman
Majid Yousef Darwish,majid.darwish.imp1591@mail.example,+971 50 273 8526,42 Street 20,Abu Dhabi,United Arab Emirates
Anna Waleed Al Suwaidi,anna.al.suwaidi.imp1592@mail.example,+971 50 665 7187,117 Street 40,Kochi,India
Anil Samir Al Hammadi,anil.al.hammadi.imp1593@mail.example,+971 58 451 3616,117 Street 6,Abu Dhabi,United Arab Emirates
Noura Arjun Thomas,noura.thomas.imp1594@mail.example,+971 54 769 6527,107 Street 8,Ajman,United Arab Emirates
Wei Hassan Obaid,wei.obaid.imp1595@mail.example,+971 54 910 2701,41 Street 14,Shenzhen,China
Arjun Dana Obaid,arjun.obaid.imp1596@mail.example,+971 55 738 0850,51 Street 23,Umm al-Quwain,United Arab Emirates
Rania Tariq Thomas,rania.thomas.imp1597@mail.example,+971 58 805 8994,5 Street 35,Fujairah,United Arab Emirates
Ravi Elena Farouk,ravi.farouk.imp1598@mail.example,+971 55 558 8495,50 Street 24,Chennai,India
Coral Steel Industries Est. 1599,accounts1599@import-coral.example,+971 9 408 2216,99 Street 28,Ajman,United Arab Emirates
Layla Noura Yassin,layla.yassin.imp1600@mail.example,+971 55 577 7024,29 Street 14,Abu Dhabi,United Arab Emirates
Nasser Amal Mansour,nasser.mansour.imp1601@mail.example,+971 58 251 3167,21 Street 13,Fujairah,United Arab Emirates
Ibrahim Nadia Obaid,ibrahim.obaid.imp1602@mail.example,+971 52 290 2395,55 Street 11,Ajman,United Arab Emirates
Maitha Hassan Al Muhairi,maitha.al.muhairi.imp1603@mail.example,+971 55 538 3000,25 Street 5,Ajman,United Arab Emirates
Falcon Glass FZE 1604,accounts1604@import-falcon.example,+971 9 365 7300,23 Street 15,Ajman,United Arab Emirates
Salem Tariq Al Mansouri,salem.al.mansouri.imp1605@mail.example,+971 56 381 5960,77 Street 12,Ajman,United Arab Emirates
Anna Sultan Saleh,anna.saleh.imp1606@mail.example,+971 52 517 7700,105 Street 7,Salalah,Oman
Blue Wave Glass Est. 1607,accounts1607@import-blue.example,+971 7 669 6821,96 Street 22,Ras al-Khaimah,United Arab Emirates
Al Noor Textiles Est. 1608,accounts1608@import-al.example,+971 4 515 7010,103 Street 23,Dubai,United Arab Emirates
Mansour Mariam Al Zaabi,mansour.al.zaabi.imp1609@mail.example,+971 52 593 2990,96 Street 3,Ras al-Khaimah,United Arab Emirates
Anil Shamma Nasr,anil.nasr.imp1610@mail.example,+971 52 539 1853,79 Street 38,Fujairah,United Arab Emirates
Al Safa Chemicals Industries LLC 1611,accounts1611@import-al.example,+971 4 606 6542,36 Street 15,Abu Dhabi,United Arab Emirates
Mona Arjun Mansour,mona.mansour.imp1612@mail.example,+971 58 494 6777,52 Street 36,Umm al-Quwain,United Arab Emirates
Coral Trading Est. 1613,accounts1613@import-coral.example,+971 6 380 4492,29 Street 24,Sharjah,United Arab Emirates
Marina Foodstuff FZE 1614,accounts1614@import-marina.example,+971 2 633 6036,26 Street 28,Ras al-Khaimah,United Arab Emirates
Daniel Majid Al Nuaimi,daniel.al.nuaimi.imp1615@mail.example,+971 55 924 1745,84 Street 35,Ras al-Khaimah,United Arab Emirates
Emirates Textiles FZCO 1616,accounts1616@import-emirates.example,+971 9 203 0708,19 Street 22,London,United Kingdom
Ali Elena Dsouza,ali.dsouza.imp1617@mail.example,+971 58 580 0222,113 Street 6,Dubai,United Arab Emirates
Falcon General Trading Industries LLC 1618,accounts1618@import-falcon.example,+971 9 442 8292,61 Street 5,Ajman,United Arab Emirates
Asma Maitha Al Dhaheri,asma.al.dhaheri.imp1619@mail.example,+971 55 662 1182,120 Street 37,Dubai,United Arab Emirates
Desert Foodstuff LLC 1620,accounts1620@import-desert.example,+971 3 456 4041,55 Street 6,Dubai,United Arab Emirates
Desert Paints LLC 1621,accounts1621@import-desert.example,+971 4 234 2621,36 Street 28,Ajman,United Arab Emirates
Sky Paints Est. 1622,accounts1622@import-sky.example,+971 2 828 5042,71 Street 23,Ajman,United Arab Emirates
Rahul Tariq Al Kaabi,rahul.al.kaabi.imp1623@mail.example,+971 58 135 8975,60 Street 38,Dubai,United Arab Emirates
Majid Rahul Mahmoud,majid.mahmoud.imp1624@mail.example,+971 50 515 6898,110 Street 24,Ras al-Khaimah,United Arab Emirates
Sky Paper Products Est. 1625,accounts1625@import-sky.example,+971 3 558 9851,66 Street 13,Umm al-Quwain,United Arab Emirates
Silver Trading FZE 1626,accounts1626@import-silver.example,+971 7 568 5168,47 Street 29,Ajman,United Arab Emirates
Fahad Majid Al Romaithi,fahad.al.romaithi.imp1627@mail.example,+971 58 788 0867,42 Street 18,Ajman,United Arab Emirates
Blue Wave Auto Spare Parts Industries LLC 1628,accounts1628@import-blue.example,+971 6 620 3243,120 Street 24,Sharjah,United Arab Emirates
Unity Foodstuff Co. 1629,accounts1629@import-unity.example,+971 9 844 2952,45 Street 19,Dubai,United Arab Emirates
Hind Ibrahim Santos,hind.santos.imp1630@mail.example,+971 52 766 0594,79 Street 17,Umm al-Quwain,United Arab Emirates
Aisha Mansour Awad,aisha.awad.imp1631@mail.example,+971 56 772 7550,43 Street 24,Dubai,United Arab Emirates
Nadia Peter Kowalski,nadia.kowalski.imp1632@mail.example,+971 54 753 6415,18 Street 2,Abu Dhabi,United Arab Emirates
Salem Omar Al Romaithi,salem.al.romaithi.imp1633@mail.example,+971 55 505 3984,61 Street 36,Ras al-Khaimah,United Arab Emirates
Rania Hamad Fernandes,rania.fernandes.imp1634@mail.example,+971 58 406 4971,56 Street 14,Yiwu,China
Fatima Imran Al Nuaimi,fatima.al.nuaimi.imp1635@mail.example,+971 52 409 8325,26 Street 21,Sharjah,United Arab Emirates
Faisal Hamad Al Nuaimi,faisal.al.nuaimi.imp1636@mail.example,+971 52 126 3358,7 Street 6,Sharjah,United Arab Emirates
Elena Salem Al Shamsi,elena.al.shamsi.imp1637@mail.example,+971 55 700 4915,33 Street 40,Dubai,United Arab Emirates
Hassan Maria Novak,hassan.novak.imp1638@mail.example,+971 56 311 4983,97 Street 29,Dammam,Saudi Arabia
Prime General Trading Co. 1639,accounts1639@import-prime.example,+971 3 495 7450,13 Street 22,Ajman,United Arab Emirates
Falcon Building Materials LLC 1640,accounts1640@import-falcon.example,+971 3 359 7942,65 Street 1,Fujairah,United Arab Emirates
Al Bayan Logistics LLC 1641,accounts1641@import-al.example,+971 6 844 0261,23 Street 37,Dubai,United Arab Emirates
Rashid Hassan Al Mazrouei,rashid.al.mazrouei.imp1642@mail.example,+971 55 304 6494,43 Street 37,Umm al-Quwain,United Arab Emirates
Ahmed Rahul Haddad,ahmed.haddad.imp1643@mail.example,+971 50 702 1695,39 Street 27,Salalah,Oman
Hamdan Khalid Habib,hamdan.habib.imp1644@mail.example,+971 55 976 0084,52 Street 29,Ajman,United Arab Emirates
Noura Elena Chen,noura.chen.imp1645@mail.example,+971 58 453 4979,99 Street 13,Dubai,United Arab Emirates
Pearl Packaging Industries LLC 1646,accounts1646@import-pearl.example,+971 9 677 9431,13 Street 22,Umm al-Quwain,United Arab Emirates
Pearl Textiles FZE 1647,accounts1647@import-pearl.example,+971 2 272 8608,77 Street 26,Umm al-Quwain,United Arab Emirates
Mohammed Huda Hussain,mohammed.hussain.imp1648@mail.example,+971 52 602 8464,65 Street 21,Ras al-Khaimah,United Arab Emirates
Silver General Trading Est. 1649,accounts1649@import-silver.example,+971 3 814 7210,36 Street 9,Ajman,United Arab Emirates
Asma John Al Nuaimi,asma.al.nuaimi.imp1650@mail.example,+971 50 139 4702,71 Street 18,Sharjah,United Arab Emirates
Rahul Mona Nair,rahul.nair.imp1651@mail.example,+971 58 233 5926,4 Street 1,Abu Dhabi,United Arab Emirates
Gulf Trading Co. 1652,accounts1652@import-gulf.example,+971 3 246 0162,54 Street 13,Dubai,United Arab Emirates
Royal Furniture Est. 1653,accounts1653@import-royal.example,+971 3 842 5363,95 Street 16,Sharjah,United Arab Emirates
Huda Noura Al Falasi,huda.al.falasi.imp1654@mail.example,+971 55 519 6365,90 Street 10,Sharjah,United Arab Emirates
Horizon Furniture Co. 1655,accounts1655@import-horizon.example,+971 6 282 5850,61 Street 40,Ajman,United Arab Emirates
Rania Aisha Khoury,rania.khoury.imp1656@mail.example,+971 54 242 3156,113 Street 16,Fujairah,United Arab Emirates
Ahmed Imran Dsouza,ahmed.dsouza.imp1657@mail.example,+971 54 470 2447,24 Street 31,Ajman,United Arab Emirates
Al Wasl Textiles Co. 1658,accounts1658@import-al.example,+971 9 280 0575,90 Street 3,Dammam,Saudi Arabia
Nasser Ali Mahmoud,nasser.mahmoud.imp1659@mail.example,+971 50 437 3735,69 Street 6,Fujairah,United Arab Emirates
Imran Mona Al Muhairi,imran.al.muhairi.imp1660@mail.example,+971 58 728 2215,90 Street 36,Umm al-Quwain,United Arab Emirates
Oasis Glass Industries LLC 1661,accounts1661@import-oasis.example,+971 2 895 2213,74 Street 29,Abu Dhabi,United Arab Emirates
Bilal Reem Al Qasimi,bilal.al.qasimi.imp1662@mail.example,+971 52 694 4911,38 Street 22,Sharjah,United Arab Emirates
Asma Mohammed Habib,asma.habib.imp1663@mail.example,+971 56 715 4114,3 Street 38,Ajman,United Arab Emirates
Nadia Ibrahim George,nadia.george.imp1664@mail.example,+971 56 362 6119,25 Street 40,Dubai,United Arab Emirates
Sultan Anil Siddiqui,sultan.siddiqui.imp1665@mail.example,+971 55 440 4653,54 Street 11,Dubai,United Arab Emirates
Rania Elena Novak,rania.novak.imp1666@mail.example,+971 54 168 8427,55 Street 32,Chennai,India
Daniel Grace Al Ameri,daniel.al.ameri.imp1667@mail.example,+971 55 627 6801,30 Street 2,Umm al-Quwain,United Arab Emirates
Oasis Building Materials Co. 1668,accounts1668@import-oasis.example,+971 4 217 3637,57 Street 2,Sharjah,United Arab Emirates
Al Bayan Logistics LLC 1669,accounts1669@import-al.example,+971 9 527 4291,105 Street 40,Jeddah,Saudi Arabia
Sanjay Ali Menon,sanjay.menon.imp1670@mail.example,+971 56 500 3295,95 Street 18,Fujairah,United Arab Emirates
Grace Ahmed Siddiqui,grace.siddiqui.imp1671@mail.example,+971 54 121 4601,18 Street 39,Abu Dhabi,United Arab Emirates
Yousef Hassan Mathew,yousef.mathew.imp1672@mail.example,+971 55 517 6941,47 Street 10,Ras al-Khaimah,United Arab Emirates
Zayed Salem Farouk,zayed.farouk.imp1673@mail.example,+971 52 513 0162,12 Street 37,Fujairah,United Arab Emirates
Asma Abdullah Obaid,asma.obaid.imp1674@mail.example,+971 56 485 8618,58 Street 7,Manchester,United Kingdom
Huda Wei Smith,huda.smith.imp1675@mail.example,+971 56 126 4751,61 Street 12,Ras al-Khaimah,United Arab Emirates
Tariq Dana Jaber,tariq.jaber.imp1676@mail.example,+971 56 431 8918,102 Street 18,Umm al-Quwain,United Arab Emirates
Royal Marine Supplies Industries LLC 1677,accounts1677@import-royal.example,+971 6 241 6809,49 Street 19,Ras al-Khaimah,United Arab Emirates
Desert Building Materials LLC 1678,accounts1678@import-desert.example,+971 6 704 6700,112 Street 24,Ajman,United Arab Emirates
Arjun Maitha Al Nuaimi,arjun.al.nuaimi.imp1679@mail.example,+971 50 607 2196,116 Street 11,Jeddah,Saudi Arabia
Noura Rashid Ivanova,noura.ivanova.imp1680@mail.example,+971 54 945 0106,78 Street 34,Ras al-Khaimah,United Arab Emirates
Sanjay Maria Mahmoud,sanjay.mahmoud.imp1681@mail.example,+971 55 664 0042,112 Street 4,Fujairah,United Arab Emirates
Hamad Omar Aziz,hamad.aziz.imp1682@mail.example,+971 55 391 3479,61 Street 19,Umm al-Quwain,United Arab Emirates
Ravi Arjun Farouk,ravi.farouk.imp1683@mail.example,+971 52 476 1233,25 Street 4,Umm al-Quwain,United Arab Emirates
Aisha Priya Nair,aisha.nair.imp1684@mail.example,+971 55 115 8960,107 Street 29,Umm al-Quwain,United Arab Emirates
Horizon Paper Products Est. 1685,accounts1685@import-horizon.example,+971 6 775 0692,74 Street 4,Fujairah,United Arab Emirates
Zenith Auto Spare Parts FZE 1686,accounts1686@import-zenith.example,+971 3 308 0479,99 Street 40,Ras al-Khaimah,United Arab Emirates
Al Fajr Steel Industries FZCO 1687,accounts1687@import-al.example,+971 9 639 9907,14 Street 38,Fujairah,United Arab Emirates
Al Fajr Electronics FZCO 1688,accounts1688@import-al.example,+971 4 261 7702,12 Street 18,Mumbai,India
Wei Salem Hussain,wei.hussain.imp1689@mail.example,+971 58 164 9280,94 Street 28,Sohar,Oman
Elena Khalid Al Hashimi,elena.al.hashimi.imp1690@mail.example,+971 55 675 7851,43 Street 4,Sharjah,United Arab Emirates
Reem Tariq Menon,reem.menon.imp1691@mail.example,+971 56 707 4302,118 Street 25,Sharjah,United Arab Emirates
Peter Ali Novak,peter.novak.imp1692@mail.example,+971 54 207 1116,27 Street 21,Dammam,Saudi Arabia
Bilal Ali Mahmoud,bilal.mahmoud.imp1693@mail.example,+971 55 418 2285,80 Street 16,Sharjah,United Arab Emirates
Aisha Reem Al Falasi,aisha.al.falasi.imp1694@mail.example,+971 54 864 6929,105 Street 14,Umm al-Quwain,United Arab Emirates
Al Fajr Packaging FZE 1695,accounts1695@import-al.example,+971 2 733 7227,40 Street 7,Salalah,Oman
Dune Packaging Est. 1696,accounts1696@import-dune.example,+971 6 275 2284,38 Street 24,Ajman,United Arab Emirates
Mariam Mona Reyes,mariam.reyes.imp1697@mail.example,+971 54 954 3606,113 Street 10,Umm al-Quwain,United Arab Emirates
Peter Ibrahim Karam,peter.karam.imp1698@mail.example,+971 56 236 2248,61 Street 15,Fujairah,United Arab Emirates
Majid Elena Al Suwaidi,majid.al.suwaidi.imp1699@mail.example,+971 52 175 3357,91 Street 10,Abu Dhabi,United Arab Emirates
Hind Grace Nasr,hind.nasr.imp1700@mail.example,+971 52 315 6571,74 Street 28,Umm al-Quwain,United Arab Emirates
Joseph Aisha Aziz,joseph.aziz.imp1701@mail.example,+971 58 952 6639,91 Street 17,Umm al-Quwain,United Arab Emirates
Zayed Yousef Al Romaithi,zayed.al.romaithi.imp1702@mail.example,+971 55 433 7079,17 Street 30,Ras al-Khaimah,United Arab Emirates
Zenith Trading Co. 1703,accounts1703@import-zenith.example,+971 4 418 6295,113 Street 30,Sharjah,United Arab Emirates
Anna Ali George,anna.george.imp1704@mail.example,+971 58 594 8724,75 Street 18,Shanghai,China
Reem Dana Al Mazrouei,reem.al.mazrouei.imp1705@mail.example,+971 52 212 4185,99 Street 15,Umm al-Quwain,United Arab Emirates
Noura Wei Al Ketbi,noura.al.ketbi.imp1706@mail.example,+971 52 860 5864,75 Street 27,Fujairah,United Arab Emirates
Abdullah Joseph Al Dhaheri,abdullah.al.dhaheri.imp1707@mail.example,+971 55 595 9037,10 Street 24,Ras al-Khaimah,United Arab Emirates
Huda Ravi Chen,huda.chen.imp1708@mail.example,+971 50 649 4686,29 Street 31,Ras al-Khaimah,United Arab Emirates
Priya Maria Pillai,priya.pillai.imp1709@mail.example,+971 55 178 2031,22 Street 15,Umm al-Quwain,United Arab Emirates
Anil Mohammed Al Mazrouei,anil.al.mazrouei.imp1710@mail.example,+971 54 322 2287,83 Street 5,Fujairah,United Arab Emirates
Ali Ali Al Suwaidi,ali.al.suwaidi.imp1711@mail.example,+971 54 522 9110,71 Street 6,Dubai,United Arab Emirates
Unity Paper Products Est. 1712,accounts1712@import-unity.example,+971 2 608 5825,65 Street 23,Mumbai,India
Sky Building Materials FZCO 1713,accounts1713@import-sky.example,+971 7 751 2614,87 Street 21,Fujairah,United Arab Emirates
Noura Waleed Thomas,noura.thomas.imp1714@mail.example,+971 52 316 4413,51 Street 20,Fujairah,United Arab Emirates
Waleed Sultan Al Qasimi,waleed.al.qasimi.imp1715@mail.example,+971 55 705 0025,64 Street 11,Abu Dhabi,United Arab Emirates
Sara Mariam Habib,sara.habib.imp1716@mail.example,+971 54 605 8798,16 Street 12,Umm al-Quwain,United Arab Emirates
Golden Packaging Est. 1717,accounts1717@import-golden.example,+971 4 326 1073,55 Street 23,Ajman,United Arab Emirates
Sara Daniel Al Falasi,sara.al.falasi.imp1718@mail.example,+971 52 551 9486,30 Street 34,Chennai,India
Fahad Arjun Farouk,fahad.farouk.imp1719@mail.example,+971 58 571 6368,35 Street 32,Sharjah,United Arab Emirates
Arjun Shamma Al Blooshi,arjun.al.blooshi.imp1720@mail.example,+971 56 361 5649,16 Street 20,Fujairah,United Arab Emirates
Zenith Logistics Industries LLC 1721,accounts1721@import-zenith.example,+971 9 472 5127,26 Street 1,Abu Dhabi,United Arab Emirates
Palm Auto Spare Parts Co. 1722,accounts1722@import-palm.example,+971 6 258 9951,60 Street 33,Abu Dhabi,United Arab Emirates
Hind Nasser Rahman,hind.rahman.imp1723@mail.example,+971 50 612 2335,16 Street 25,Ajman,United Arab Emirates
Marina Foodstuff Industries LLC 1724,accounts1724@import-marina.example,+971 9 663 2299,37 Street 37,Sharjah,United Arab Emirates
Cedar Cables Co. 1725,accounts1725@import-cedar.example,+971 7 691 4853,10 Street 35,Jeddah,Saudi Arabia
Grace Joseph Al Suwaidi,grace.al.suwaidi.imp1726@mail.example,+971 58 757 5178,53 Street 5,Ras al-Khaimah,United Arab Emirates
Samir Ahmed Menon,samir.menon.imp1727@mail.example,+971 55 666 2061,35 Street 12,Abu Dhabi,United Arab Emirates
Karim Hamad Barakat,karim.barakat.imp1728@mail.example,+971 52 548 4675,37 Street 29,Fujairah,United Arab Emirates
Asma Huda Kowalski,asma.kowalski.imp1729@mail.example,+971 55 237 9261,14 Street 18,Sharjah,United Arab Emirates
Asma Majid Al Kaabi,asma.al.kaabi.imp1730@mail.example,+971 54 707 9870,21 Street 31,Dubai,United Arab Emirates
Oasis Chemicals FZCO 1731,accounts1731@import-oasis.example,+971 4 483 0152,62 Street 19,Yiwu,China
Golden Electronics FZCO 1732,accounts1732@import-golden.example,+971 6 753 7758,15 Street 12,Ras al-Khaimah,United Arab Emirates
Bilal Joseph Al Blooshi,bilal.al.blooshi.imp1733@mail.example,+971 52 525 5296,26 Street 4,Yiwu,China
Tariq Rashid Al Mazrouei,tariq.al.mazrouei.imp1734@mail.example,+971 56 951 4947,97 Street 28,Sharjah,United Arab Emirates
Rashid Ravi Awad,rashid.awad.imp1735@mail.example,+971 52 726 4130,94 Street 40,Dubai,United Arab Emirates
Crescent Packaging LLC 1736,accounts1736@import-crescent.example,+971 2 667 8800,105 Street 28,Ajman,United Arab Emirates
Al Wasl Trading Co. 1737,accounts1737@import-al.example,+971 4 536 9316,88 Street 25,Ajman,United Arab Emirates
Rania Latifa Fernandes,rania.fernandes.imp1738@mail.example,+971 58 857 3225,5 Street 37,Sharjah,United Arab Emirates
Al Fajr Chemicals Co. 1739,accounts1739@import-al.example,+971 2 582 9781,100 Street 40,Dubai,United Arab Emirates
Prime Logistics Industries LLC 1740,accounts1740@import-prime.example,+971 3 473 5291,27 Street 8,Ras al-Khaimah,United Arab Emirates
Oasis Plastics FZCO 1741,accounts1741@import-oasis.example,+971 3 810 5905,20 Street 18,Ajman,United Arab Emirates
Prime Paper Products FZE 1742,accounts1742@import-prime.example,+971 4 332 1383,77 Street 33,Sharjah,United Arab Emirates
Omar Nadia Qureshi,omar.qureshi.imp1743@mail.example,+971 54 488 7131,109 Street 10,Abu Dhabi,United Arab Emirates
Rahul Ali Al Hammadi,rahul.al.hammadi.imp1744@mail.example,+971 55 523 1805,93 Street 21,Abu Dhabi,United Arab Emirates
Imran Hassan Reyes,imran.reyes.imp1745@mail.example,+971 50 864 5766,72 Street 13,Sharjah,United Arab Emirates
Yousef Rania Nasr,yousef.nasr.imp1746@mail.example,+971 58 918 2578,104 Street 24,Dubai,United Arab Emirates
Al Safa Textiles Industries LLC 1747,accounts1747@import-al.example,+971 3 383 3575,34 Street 8,Umm al-Quwain,United Arab Emirates
Pearl Electronics Co. 1748,accounts1748@import-pearl.example,+971 2 438 3795,26 Street 3,Fujairah,United Arab Emirates
Hamdan Ahmed Al Suwaidi,hamdan.al.suwaidi.imp1749@mail.example,+971 58 196 4818,118 Street 2,Ras al-Khaimah,United Arab Emirates
Lotus Textiles FZE 1750,accounts1750@import-lotus.example,+971 3 515 7760,14 Street 17,Fujairah,United Arab Emirates
Ahmed Wei Smith,ahmed.smith.imp1751@mail.example,+971 50 530 9766,100 Street 2,Abu Dhabi,United Arab Emirates
Pearl Auto Spare Parts Co. 1752,accounts1752@import-pearl.example,+971 9 342 0733,108 Street 6,Ajman,United Arab Emirates
Grace Joseph Al Qasimi,grace.al.qasimi.imp1753@mail.example,+971 56 172 5237,8 Street 21,Sharjah,United Arab Emirates
Peter Majid Hussain,peter.hussain.imp1754@mail.example,+971 56 786 7330,50 Street 8,Salalah,Oman
Emirates Textiles FZCO 1755,accounts1755@import-emirates.example,+971 7 527 2600,23 Street 10,Sharjah,United Arab Emirates
Peter Amal Pillai,peter.pillai.imp1756@mail.example,+971 55 963 8590,79 Street 5,Fujairah,United Arab Emirates
Al Bayan Cables Est. 1757,accounts1757@import-al.example,+971 2 661 6911,23 Street 34,Dubai,United Arab Emirates
Nadia Dana Karam,nadia.karam.imp1758@mail.example,+971 55 275 4052,116 Street 7,Abu Dhabi,United Arab Emirates
Ibrahim Hamad Al Mansouri,ibrahim.al.mansouri.imp1759@mail.example,+971 56 834 5332,83 Street 23,Riyadh,Saudi Arabia
Unity General Trading FZCO 1760,accounts1760@import-unity.example,+971 6 786 3260,84 Street 24,Sharjah,United Arab Emirates
Peter Ahmed Al Hashimi,peter.al.hashimi.imp1761@mail.example,+971 50 574 2509,91 Street 14,Umm al-Quwain,United Arab Emirates
Layla Hassan Mahmoud,layla.mahmoud.imp1762@mail.example,+971 54 914 8430,37 Street 29,Ajman,United Arab Emirates
Peter Imran Al Blooshi,peter.al.blooshi.imp1763@mail.example,+971 50 186 7233,6 Street 35,Ras al-Khaimah,United Arab Emirates
Lotus Chemicals LLC 1764,accounts1764@import-lotus.example,+971 3 701 0665,47 Street 25,Ras al-Khaimah,United Arab Emirates
Ali Tariq Dsouza,ali.dsouza.imp1765@mail.example,+971 55 546 6463,66 Street 16,London,United Kingdom
Hamdan Saeed Reyes,hamdan.reyes.imp1766@mail.example,+971 58 718 5695,54 Street 36,Ras al-Khaimah,United Arab Emirates
Crescent Paper Products FZE 1767,accounts1767@import-crescent.example,+971 3 274 6427,75 Street 38,Dubai,United Arab Emirates
Emirates General Trading FZCO 1768,accounts1768@import-emirates.example,+971 3 645 9278,120 Street 23,Dubai,United Arab Emirates
Star Trading FZCO 1769,accounts1769@import-star.example,+971 2 702 5121,32 Street 18,Fujairah,United Arab Emirates
Sky Chemicals Industries LLC 1770,accounts1770@import-sky.example,+971 4 588 6772,114 Street 32,Sharjah,United Arab Emirates
Zenith Steel Industries LLC 1771,accounts1771@import-zenith.example,+971 9 840 2579,99 Street 26,Ajman,United Arab Emirates
Golden Furniture Est. 1772,accounts1772@import-golden.example,+971 6 442 6174,21 Street 40,Manchester,United Kingdom
Ahmed Faisal Menon,ahmed.menon.imp1773@mail.example,+971 50 210 5398,71 Street 2,Sharjah,United Arab Emirates
Sanjay Nadia Kowalski,sanjay.kowalski.imp1774@mail.example,+971 55 759 6898,78 Street 6,Abu Dhabi,United Arab Emirates
Mohammed Saeed Smith,mohammed.smith.imp1775@mail.example,+971 52 103 8611,77 Street 2,Ajman,United Arab Emirates
Rania Elena Al Ketbi,rania.al.ketbi.imp1776@mail.example,+971 50 884 6497,55 Street 37,Mumbai,India
Sanjay Ibrahim Haddad,sanjay.haddad.imp1777@mail.example,+971 58 230 2516,6 Street 7,Sharjah,United Arab Emirates
Hamdan Ravi Chen,hamdan.chen.imp1778@mail.example,+971 56 312 9997,34 Street 15,Umm al-Quwain,United Arab Emirates
Shamma Arjun Menon,shamma.menon.imp1779@mail.example,+971 55 862 5555,112 Street 19,Dubai,United Arab Emirates
Dana Dana Ivanova,dana.ivanova.imp1780@mail.example,+971 55 138 5379,25 Street 8,Abu Dhabi,United Arab Emirates
Nadia Ahmed Al Ameri,nadia.al.ameri.imp1781@mail.example,+971 55 290 8262,102 Street 29,Ras al-Khaimah,United Arab Emirates
Cedar Medical Supplies Industries LLC 1782,accounts1782@import-cedar.example,+971 3 870 2258,18 Street 40,Dubai,United Arab Emirates
Maria Grace Thomas,maria.thomas.imp1783@mail.example,+971 52 531 8742,100 Street 5,Ajman,United Arab Emirates
Amal Daniel Siddiqui,amal.siddiqui.imp1784@mail.example,+971 54 334 7265,10 Street 5,Fujairah,United Arab Emirates
Mansour Tariq Fernandes,mansour.fernandes.imp1785@mail.example,+971 54 252 6513,101 Street 37,Umm al-Quwain,United Arab Emirates
Atlas Glass Industries LLC 1786,accounts1786@import-atlas.example,+971 6 627 3719,94 Street 20,Riyadh,Saudi Arabia
Hind Latifa Santos,hind.santos.imp1787@mail.example,+971 55 699 2051,41 Street 23,Dubai,United Arab Emirates
Grace Latifa Saleh,grace.saleh.imp1788@mail.example,+971 54 287 4657,46 Street 37,Sohar,Oman
Hassan Ibrahim Chen,hassan.chen.imp1789@mail.example,+971 55 831 1745,24 Street 5,Sharjah,United Arab Emirates
Zenith Trading Co. 1790,accounts1790@import-zenith.example,+971 9 776 7466,107 Street 24,Ajman,United Arab Emirates
Daniel Layla Khan,daniel.khan.imp1791@mail.example,+971 58 437 8638,1 Street 24,Dubai,United Arab Emirates
Hamdan Hamdan Jaber,hamdan.jaber.imp1792@mail.example,+971 54 403 9014,38 Street 3,Ajman,United Arab Emirates
Gulf Furniture Industries LLC 1793,accounts1793@import-gulf.example,+971 7 574 2762,41 Street 10,Dubai,United Arab Emirates
Falcon Packaging FZCO 1794,accounts1794@import-falcon.example,+971 4 752 0220,115 Street 6,Fujairah,United Arab Emirates
Zenith Packaging Co. 1795,accounts1795@import-zenith.example,+971 6 533 0971,8 Street 22,Sharjah,United Arab Emirates
Al Fajr Auto Spare Parts LLC 1796,accounts1796@import-al.example,+971 6 253 6101,77 Street 11,Kochi,India
Peter Noura Al Romaithi,peter.al.romaithi.imp1797@mail.example,+971 58 945 7649,45 Street 22,Umm al-Quwain,United Arab Emirates
Pearl Logistics Industries LLC 1798,accounts1798@import-pearl.example,+971 9 234 4678,8 Street 16,Ajman,United Arab Emirates
Dana Maria Hussain,dana.hussain.imp1799@mail.example,+971 58 320 5781,42 Street 10,Jeddah,Saudi Arabia
Huda Bilal George,huda.george.imp1800@mail.example,+971 55 497 6093,83 Street 35,Abu Dhabi,United Arab Emirates
Grace Shamma Aziz,grace.aziz.imp1801@mail.example,+971 54 155 5954,58 Street 18,Sohar,Oman
Falcon Packaging FZE 1802,accounts1802@import-falcon.example,+971 2 567 6819,95 Street 2,Fujairah,United Arab Emirates
Grace Peter Farouk,grace.farouk.imp1803@mail.example,+971 55 516 9516,31 Street 12,Ajman,United Arab Emirates
Priya Asma Patel,priya.patel.imp1804@mail.example,+971 56 518 7280,102 Street 6,Ras al-Khaimah,United Arab Emirates
Cedar Logistics LLC 1805,accounts1805@import-cedar.example,+971 3 215 0182,73 Street 38,Abu Dhabi,United Arab Emirates
Prime Glass Co. 1806,accounts1806@import-prime.example,+971 7 724 9247,22 Street 8,Ajman,United Arab Emirates
Anil Joseph Menon,anil.menon.imp1807@mail.example,+971 56 860 2475,20 Street 15,Abu Dhabi,United Arab Emirates
Royal Paper Products Est. 1808,accounts1808@import-royal.example,+971 9 326 5595,59 Street 9,Fujairah,United Arab Emirates
Anna Arjun Al Ameri,anna.al.ameri.imp1809@mail.example,+971 55 621 1210,31 Street 36,Dubai,United Arab Emirates
Mansour Joseph Ivanova,mansour.ivanova.imp1810@mail.example,+971 55 843 0266,98 Street 22,Ras al-Khaimah,United Arab Emirates
Marina Aluminium Co. 1811,accounts1811@import-marina.example,+971 2 202 8660,107 Street 40,London,United Kingdom
Palm Steel Industries FZCO 1812,accounts1812@import-palm.example,+971 6 810 2226,76 Street 14,Ajman,United Arab Emirates
Dana Waleed Hussain,dana.hussain.imp1813@mail.example,+971 54 103 2197,36 Street 39,Sharjah,United Arab Emirates
Al Safa Paper Products FZCO 1814,accounts1814@import-al.example,+971 3 860 1977,29 Street 5,Ras al-Khaimah,United Arab Emirates
Mohammed Joseph George,mohammed.george.imp1815@mail.example,+971 50 190 5890,46 Street 35,Ras al-Khaimah,United Arab Emirates
Anil Noura Karam,anil.karam.imp1816@mail.example,+971 54 210 9288,37 Street 18,Dubai,United Arab Emirates
Maitha Noura Al Falasi,maitha.al.falasi.imp1817@mail.example,+971 54 173 2870,50 Street 8,Dubai,United Arab Emirates
Saeed Bilal Barakat,saeed.barakat.imp1818@mail.example,+971 55 690 0418,86 Street 33,Ras al-Khaimah,United Arab Emirates
Fatima Maitha Mathew,fatima.mathew.imp1819@mail.example,+971 55 877 2012,50 Street 7,Fujairah,United Arab Emirates
Mohammed Faisal Obaid,mohammed.obaid.imp1820@mail.example,+971 50 603 7952,3 Street 21,Ras al-Khaimah,United Arab Emirates
Atlas Trading FZE 1821,accounts1821@import-atlas.example,+971 7 868 3838,13 Street 2,Mumbai,India
Latifa Asma Al Hashimi,latifa.al.hashimi.imp1822@mail.example,+971 52 125 2855,57 Street 34,Chennai,India
Imran Hind Aziz,imran.aziz.imp1823@mail.example,+971 55 799 0363,13 Street 30,Ras al-Khaimah,United Arab Emirates
Shamma Ahmed Karam,shamma.karam.imp1824@mail.example,+971 55 372 8639,26 Street 25,Dubai,United Arab Emirates
Imran Rania Al Falasi,imran.al.falasi.imp1825@mail.example,+971 54 245 4304,12 Street 9,Fujairah,United Arab Emirates
Arjun Nasser Jaber,arjun.jaber.imp1826@mail.example,+971 50 155 0977,46 Street 4,Abu Dhabi,United Arab Emirates
Unity Paints Industries LLC 1827,accounts1827@import-unity.example,+971 9 277 9015,120 Street 18,Riyadh,Saudi Arabia
Sanjay Sanjay Obaid,sanjay.obaid.imp1828@mail.example,+971 55 374 6981,15 Street 16,Ras al-Khaimah,United Arab Emirates
Hamad Mariam Aziz,hamad.aziz.imp1829@mail.example,+971 50 321 1916,57 Street 5,Dubai,United Arab Emirates
Royal Building Materials FZCO 1830,accounts1830@import-royal.example,+971 6 846 2177,56 Street 20,Ajman,United Arab Emirates
Ahmed Noura Nasr,ahmed.nasr.imp1831@mail.example,+971 56 866 8091,106 Street 12,Abu Dhabi,United Arab Emirates
Latifa Aisha Hussain,latifa.hussain.imp1832@mail.example,+971 52 626 9299,17 Street 11,Sharjah,United Arab Emirates
Desert Packaging FZCO 1833,accounts1833@import-desert.example,+971 7 481 4252,28 Street 13,Manchester,United Kingdom
Hind Tariq Al Falasi,hind.al.falasi.imp1834@mail.example,+971 54 528 6433,10 Street 34,Umm al-Quwain,United Arab Emirates
Amal Ravi Habib,amal.habib.imp1835@mail.example,+971 56 309 6875,84 Street 39,Umm al-Quwain,United Arab Emirates
Ali Hamad Yassin,ali.yassin.imp1836@mail.example,+971 56 328 2853,12 Street 38,London,United Kingdom
Priya Zayed Mathew,priya.mathew.imp1837@mail.example,+971 52 986 8336,3 Street 8,Umm al-Quwain,United Arab Emirates
Joseph Grace Khan,joseph.khan.imp1838@mail.example,+971 55 965 6775,16 Street 18,Ajman,United Arab Emirates
Salem Mariam Kowalski,salem.kowalski.imp1839@mail.example,+971 55 830 3532,44 Street 9,Abu Dhabi,United Arab Emirates
Fahad Arjun Novak,fahad.novak.imp1840@mail.example,+971 50 296 3307,60 Street 11,Ras al-Khaimah,United Arab Emirates
Al Fajr Plastics FZCO 1841,accounts1841@import-al.example,+971 3 499 9191,11 Street 34,Dubai,United Arab Emirates
Hind Peter Al Mansouri,hind.al.mansouri.imp1842@mail.example,+971 50 278 6503,50 Street 6,Dammam,Saudi Arabia
Priya Mohammed George,priya.george.imp1843@mail.example,+971 50 705 6825,98 Street 1,Sharjah,United Arab Emirates
Aisha Hind Yassin,aisha.yassin.imp1844@mail.example,+971 54 737 6364,62 Street 11,Abu Dhabi,United Arab Emirates
Summit Paper Products Industries LLC 1845,accounts1845@import-summit.example,+971 9 542 7048,109 Street 25,Fujairah,United Arab Emirates
Ali Fatima Darwish,ali.darwish.imp1846@mail.example,+971 54 824 5634,83 Street 14,Sharjah,United Arab Emirates
Ali Maitha Al Romaithi,ali.al.romaithi.imp1847@mail.example,+971 55 555 5048,86 Street 15,Dubai,United Arab Emirates
Mohammed Mona Dsouza,mohammed.dsouza.imp1848@mail.example,+971 56 274 6197,63 Street 23,Ras al-Khaimah,United Arab Emirates
Ravi Yousef Al Mansouri,ravi.al.mansouri.imp1849@mail.example,+971 52 858 5548,10 Street 26,Sharjah,United Arab Emirates
Bilal Ravi Al Suwaidi,bilal.al.suwaidi.imp1850@mail.example,+971 56 443 5570,39 Street 36,Umm al-Quwain,United Arab Emirates
Summit Packaging LLC 1851,accounts1851@import-summit.example,+971 4 421 4189,7 Street 1,Umm al-Quwain,United Arab Emirates
Desert Auto Spare Parts Industries LLC 1852,accounts1852@import-desert.example,+971 2 256 0587,12 Street 29,Sharjah,United Arab Emirates
Samir Omar Mathew,samir.mathew.imp1853@mail.example,+971 55 264 9569,67 Street 40,Dubai,United Arab Emirates
Maitha Wei Al Muhairi,maitha.al.muhairi.imp1854@mail.example,+971 50 993 3930,101 Street 20,Dubai,United Arab Emirates
Reem Saeed Dsouza,reem.dsouza.imp1855@mail.example,+971 52 674 2593,97 Street 2,Ajman,United Arab Emirates
Fatima Karim Kowalski,fatima.kowalski.imp1856@mail.example,+971 56 731 4808,90 Street 9,Umm al-Quwain,United Arab Emirates
Imran Elena Al Dhaheri,imran.al.dhaheri.imp1857@mail.example,+971 56 435 5513,58 Street 25,Ajman,United Arab Emirates
Mona Huda George,mona.george.imp1858@mail.example,+971 54 465 3211,52 Street 6,Riyadh,Saudi Arabia
Marina Medical Supplies LLC 1859,accounts1859@import-marina.example,+971 3 698 2358,85 Street 32,Fujairah,United Arab Emirates
Dana Waleed Al Kaabi,dana.al.kaabi.imp1860@mail.example,+971 58 831 2573,25 Street 11,Sharjah,United Arab Emirates
Arjun Imran Habib,arjun.habib.imp1861@mail.example,+971 58 497 5095,115 Street 28,Ras al-Khaimah,United Arab Emirates
Lotus Cables FZE 1862,accounts1862@import-lotus.example,+971 6 339 0568,3 Street 21,Ajman,United Arab Emirates
Anil Shamma Chen,anil.chen.imp1863@mail.example,+971 52 677 2241,70 Street 4,Abu Dhabi,United Arab Emirates
Sky Marine Supplies Industries LLC 1864,accounts1864@import-sky.example,+971 9 760 3819,42 Street 4,Umm al-Quwain,United Arab Emirates
Al Wasl Chemicals FZE 1865,accounts1865@import-al.example,+971 7 556 3577,59 Street 32,Ajman,United Arab Emirates
Shamma Nasser Al Hammadi,shamma.al.hammadi.imp1866@mail.example,+971 55 561 5624,18 Street 17,Dubai,United Arab Emirates
Maitha Asma Al Ameri,maitha.al.ameri.imp1867@mail.example,+971 50 411 0506,57 Street 10,Abu Dhabi,United Arab Emirates
Maria Mohammed Karam,maria.karam.imp1868@mail.example,+971 54 192 0762,38 Street 29,Sohar,Oman
Maitha Elena Al Zaabi,maitha.al.zaabi.imp1869@mail.example,+971 58 227 3973,24 Street 21,Ajman,United Arab Emirates
Rania Daniel Al Romaithi,rania.al.romaithi.imp1870@mail.example,+971 50 266 2012,65 Street 23,Ras al-Khaimah,United Arab Emirates
Maitha Ahmed Al Qasimi,maitha.al.qasimi.imp1871@mail.example,+971 52 427 1082,96 Street 13,Sharjah,United Arab Emirates
Coral Auto Spare Parts LLC 1872,accounts1872@import-coral.example,+971 6 899 8070,19 Street 1,Umm al-Quwain,United Arab Emirates
Gulf Glass LLC 1873,accounts1873@import-gulf.example,+971 9 669 4482,57 Street 29,Abu Dhabi,United Arab Emirates
Emirates Paints FZE 1874,accounts1874@import-emirates.example,+971 9 299 9283,118 Street 21,Ras al-Khaimah,United Arab Emirates
Summit Steel Industries FZE 1875,accounts1875@import-summit.example,+971 4 755 9765,30 Street 39,Fujairah,United Arab Emirates
Cedar Medical Supplies FZE 1876,accounts1876@import-cedar.example,+971 2 684 9255,115 Street 14,Umm al-Quwain,United Arab Emirates
Imran Anil Nair,imran.nair.imp1877@mail.example,+971 50 504 7711,11 Street 16,Riyadh,Saudi Arabia
Tariq Sara Santos,tariq.santos.imp1878@mail.example,+971 50 719 4805,65 Street 11,Dubai,United Arab Emirates
Majid Maria Khoury,majid.khoury.imp1879@mail.example,+971 55 930 8452,68 Street 34,Ras al-Khaimah,United Arab Emirates
Saeed Mariam Reyes,saeed.reyes.imp1880@mail.example,+971 52 161 5322,58 Street 8,Ras al-Khaimah,United Arab Emirates
Peter Imran Al Blooshi,peter.al.blooshi.imp1881@mail.example,+971 54 603 1407,35 Street 39,Abu Dhabi,United Arab Emirates
Oasis Plastics Industries LLC 1882,accounts1882@import-oasis.example,+971 9 859 5645,9 Street 23,Abu Dhabi,United Arab Emirates
Prime Trading FZCO 1883,accounts1883@import-prime.example,+971 6 390 1677,88 Street 4,Yiwu,China
Summit Glass FZCO 1884,accounts1884@import-summit.example,+971 7 693 6749,71 Street 3,Dubai,United Arab Emirates
Hind Rania Darwish,hind.darwish.imp1885@mail.example,+971 55 751 8772,96 Street 31,Umm al-Quwain,United Arab Emirates
Shamma Waleed Al Kaabi,shamma.al.kaabi.imp1886@mail.example,+971 50 108 0407,51 Street 40,Umm al-Quwain,United Arab Emirates
Omar Ahmed Sharma,omar.sharma.imp1887@mail.example,+971 55 515 0899,75 Street 29,Ajman,United Arab Emirates
Palm Plastics FZCO 1888,accounts1888@import-palm.example,+971 3 735 6078,73 Street 37,Sharjah,United Arab Emirates
Ravi Daniel Chen,ravi.chen.imp1889@mail.example,+971 58 285 2883,88 Street 23,Abu Dhabi,United Arab Emirates
Crescent Auto Spare Parts Co. 1890,accounts1890@import-crescent.example,+971 4 293 5748,56 Street 38,Chennai,India
Desert Glass LLC 1891,accounts1891@import-desert.example,+971 7 860 3738,49 Street 24,Dubai,United Arab Emirates
Daniel Faisal Reyes,daniel.reyes.imp1892@mail.example,+971 58 893 7174,23 Street 37,Ras al-Khaimah,United Arab Emirates
Rahul Layla Novak,rahul.novak.imp1893@mail.example,+971 55 886 1604,19 Street 6,Dubai,United Arab Emirates
Marina Trading Est. 1894,accounts1894@import-marina.example,+971 7 792 1323,105 Street 34,Fujairah,United Arab Emirates
Maria Amal Haddad,maria.haddad.imp1895@mail.example,+971 55 740 7629,16 Street 5,Ras al-Khaimah,United Arab Emirates
Emirates Paper Products Industries LLC 1896,accounts1896@import-emirates.example,+971 3 260 6559,110 Street 10,Abu Dhabi,United Arab Emirates
Joseph Ali Al Romaithi,joseph.al.romaithi.imp1897@mail.example,+971 56 832 9365,29 Street 37,Shenzhen,China
Hamad Karim Al Mansouri,hamad.al.mansouri.imp1898@mail.example,+971 55 851 9630,1 Street 27,Sharjah,United Arab Emirates
Emirates General Trading Est. 1899,accounts1899@import-emirates.example,+971 7 544 0844,70 Street 22,Dubai,United Arab Emirates
Anna Nasser Al Suwaidi,anna.al.suwaidi.imp1900@mail.example,+971 56 873 6735,3 Street 35,Fujairah,United Arab Emirates
Al Wasl Logistics Est. 1901,accounts1901@import-al.example,+971 4 830 3399,36 Street 28,Sharjah,United Arab Emirates
Priya Sanjay Novak,priya.novak.imp1902@mail.example,+971 58 242 9793,56 Street 12,Ajman,United Arab Emirates
Horizon Trading Est. 1903,accounts1903@import-horizon.example,+971 6 808 3555,70 Street 14,Ras al-Khaimah,United Arab Emirates
Noura Maria Al Hammadi,noura.al.hammadi.imp1904@mail.example,+971 58 504 9949,44 Street 12,Dammam,Saudi Arabia
Abdullah Mohammed Nasr,abdullah.nasr.imp1905@mail.example,+971 50 719 2614,96 Street 3,Umm al-Quwain,United Arab Emirates
Hassan Waleed Kowalski,hassan.kowalski.imp1906@mail.example,+971 56 428 7695,103 Street 36,Umm al-Quwain,United Arab Emirates
Ahmed Maitha Menon,ahmed.menon.imp1907@mail.example,+971 50 202 3672,43 Street 3,Abu Dhabi,United Arab Emirates
Al Bayan Plastics LLC 1908,accounts1908@import-al.example,+971 7 350 3024,2 Street 11,Sharjah,United Arab Emirates
Al Fajr Glass FZE 1909,accounts1909@import-al.example,+971 2 492 7835,16 Street 23,Ras al-Khaimah,United Arab Emirates
Al Bayan Medical Supplies FZE 1910,accounts1910@import-al.example,+971 4 878 5172,83 Street 16,Ras al-Khaimah,United Arab Emirates
Fatima Ahmed Iyer,fatima.iyer.imp1911@mail.example,+971 52 546 1143,88 Street 36,Dubai,United Arab Emirates
Salem Mariam Gupta,salem.gupta.imp1912@mail.example,+971 54 626 8129,51 Street 31,Ajman,United Arab Emirates
Asma Karim Menon,asma.menon.imp1913@mail.example,+971 58 193 3585,14 Street 33,Fujairah,United Arab Emirates
Hind Reem Fernandes,hind.fernandes.imp1914@mail.example,+971 55 194 4536,2 Street 37,Ajman,United Arab Emirates
Karim Rashid Hussain,karim.hussain.imp1915@mail.example,+971 56 793 0723,47 Street 19,Abu Dhabi,United Arab Emirates
Falcon Aluminium Industries LLC 1916,accounts1916@import-falcon.example,+971 9 339 1387,24 Street 33,Sharjah,United Arab Emirates
Huda Ahmed Aziz,huda.aziz.imp1917@mail.example,+971 56 634 5221,38 Street 9,Shenzhen,China
Summit Furniture FZE 1918,accounts1918@import-summit.example,+971 2 762 6159,12 Street 3,Umm al-Quwain,United Arab Emirates
Abdullah Maria Nair,abdullah.nair.imp1919@mail.example,+971 55 331 3669,35 Street 21,Salalah,Oman
Zayed Mohammed Fernandes,zayed.fernandes.imp1920@mail.example,+971 55 585 2845,47 Street 11,Abu Dhabi,United Arab Emirates
Anna Tariq Dsouza,anna.dsouza.imp1921@mail.example,+971 54 525 9976,117 Street 15,Abu Dhabi,United Arab Emirates
Oasis Furniture Industries LLC 1922,accounts1922@import-oasis.example,+971 2 267 6727,112 Street 24,Dubai,United Arab Emirates
Sara Priya Patel,sara.patel.imp1923@mail.example,+971 54 875 6915,94 Street 3,Jeddah,Saudi Arabia
Shamma Salem Al Hashimi,shamma.al.hashimi.imp1924@mail.example,+971 52 372 1127,45 Street 33,Sharjah,United Arab Emirates
Nasser Elena Smith,nasser.smith.imp1925@mail.example,+971 52 567 1089,98 Street 13,Ras al-Khaimah,United Arab Emirates
Aisha Grace Awad,aisha.awad.imp1926@mail.example,+971 58 875 7103,106 Street 9,Sharjah,United Arab Emirates
Al Bayan Cables LLC 1927,accounts1927@import-al.example,+971 9 489 4986,89 Street 14,Ras al-Khaimah,United Arab Emirates
Nasser Grace Al Hashimi,nasser.al.hashimi.imp1928@mail.example,+971 55 894 5129,63 Street 40,Ajman,United Arab Emirates
Al Safa Glass FZCO 1929,accounts1929@import-al.example,+971 2 317 8314,55 Street 30,Abu Dhabi,United Arab Emirates
Maria Imran Menon,maria.menon.imp1930@mail.example,+971 55 888 0025,16 Street 12,Umm al-Quwain,United Arab Emirates
Gulf Aluminium FZE 1931,accounts1931@import-gulf.example,+971 7 833 2318,81 Street 30,Ras al-Khaimah,United Arab Emirates
Summit Chemicals Est. 1932,accounts1932@import-summit.example,+971 6 822 8960,35 Street 12,Abu Dhabi,United Arab Emirates
Samir Maria George,samir.george.imp1933@mail.example,+971 50 175 2644,68 Street 34,Ras al-Khaimah,United Arab Emirates
Arjun Dana Darwish,arjun.darwish.imp1934@mail.example,+971 50 739 1146,82 Street 21,Sharjah,United Arab Emirates
Abdullah Layla Obaid,abdullah.obaid.imp1935@mail.example,+971 54 947 8122,46 Street 27,Abu Dhabi,United Arab Emirates
Sky Paper Products FZCO 1936,accounts1936@import-sky.example,+971 4 640 2078,6 Street 17,Dubai,United Arab Emirates
John Karim Fernandes,john.fernandes.imp1937@mail.example,+971 55 856 4701,27 Street 22,Riyadh,Saudi Arabia
Falcon Marine Supplies Co. 1938,accounts1938@import-falcon.example,+971 9 888 1953,85 Street 19,Ajman,United Arab Emirates
Dune Chemicals FZCO 1939,accounts1939@import-dune.example,+971 9 574 8927,105 Street 28,Sharjah,United Arab Emirates
Horizon Electronics Co. 1940,accounts1940@import-horizon.example,+971 4 868 7592,93 Street 20,Umm al-Quwain,United Arab Emirates
Imran Huda Liu,imran.liu.imp1941@mail.example,+971 58 141 3187,49 Street 18,Sharjah,United Arab Emirates
Anil Huda Al Dhaheri,anil.al.dhaheri.imp1942@mail.example,+971 54 673 8862,59 Street 17,Fujairah,United Arab Emirates
Bilal Hind Aziz,bilal.aziz.imp1943@mail.example,+971 56 349 2837,40 Street 18,Dubai,United Arab Emirates
Rahul Reem Mahmoud,rahul.mahmoud.imp1944@mail.example,+971 52 649 0262,79 Street 31,Abu Dhabi,United Arab Emirates
Waleed Grace Al Hashimi,waleed.al.hashimi.imp1945@mail.example,+971 55 106 3832,91 Street 3,Fujairah,United Arab Emirates
Mariam Noura Al Zaabi,mariam.al.zaabi.imp1946@mail.example,+971 58 615 8813,17 Street 21,Ras al-Khaimah,United Arab Emirates
Al Safa Aluminium FZE 1947,accounts1947@import-al.example,+971 9 894 9368,39 Street 37,Ras al-Khaimah,United Arab Emirates
Priya Hamad Al Nuaimi,priya.al.nuaimi.imp1948@mail.example,+971 56 554 0555,84 Street 9,Ajman,United Arab Emirates
Zayed Maria Khoury,zayed.khoury.imp1949@mail.example,+971 54 988 9847,6 Street 16,Abu Dhabi,United Arab Emirates
Reem Hassan Rahman,reem.rahman.imp1950@mail.example,+971 56 352 1251,7 Street 16,Ras al-Khaimah,United Arab Emirates
Abdullah Asma Nair,abdullah.nair.imp1951@mail.example,+971 58 368 8797,82 Street 14,Umm al-Quwain,United Arab Emirates
Asma Dana Mahmoud,asma.mahmoud.imp1952@mail.example,+971 55 696 0988,55 Street 32,Fujairah,United Arab Emirates
Mariam Grace Mansour,mariam.mansour.imp1953@mail.example,+971 52 924 5307,16 Street 32,Sharjah,United Arab Emirates
Mariam Maria Al Zaabi,mariam.al.zaabi.imp1954@mail.example,+971 52 269 7825,99 Street 19,Ras al-Khaimah,United Arab Emirates
Imran Omar Barakat,imran.barakat.imp1955@mail.example,+971 55 385 3399,69 Street 40,Dubai,United Arab Emirates
Mohammed Yousef Patel,mohammed.patel.imp1956@mail.example,+971 50 166 8690,20 Street 14,Ajman,United Arab Emirates
Grace Joseph Iyer,grace.iyer.imp1957@mail.example,+971 56 578 2865,17 Street 28,Umm al-Quwain,United Arab Emirates
Sultan Asma Al Romaithi,sultan.al.romaithi.imp1958@mail.example,+971 58 950 3328,97 Street 16,Jeddah,Saudi Arabia
Nasser Rahul Wang,nasser.wang.imp1959@mail.example,+971 56 443 7317,112 Street 26,Kochi,India
Dune Furniture Industries LLC 1960,accounts1960@import-dune.example,+971 9 284 9196,9 Street 21,Ajman,United Arab Emirates
Zenith Aluminium Est. 1961,accounts1961@import-zenith.example,+971 4 387 2021,106 Street 27,Dubai,United Arab Emirates
Cedar Plastics FZE 1962,accounts1962@import-cedar.example,+971 7 451 1924,67 Street 15,Ajman,United Arab Emirates
Nadia Nasser Al Kaabi,nadia.al.kaabi.imp1963@mail.example,+971 52 299 5202,7 Street 28,Abu Dhabi,United Arab Emirates
Bilal Sultan Mahmoud,bilal.mahmoud.imp1964@mail.example,+971 52 469 7872,42 Street 31,Dammam,Saudi Arabia
Rahul Salem Al Muhairi,rahul.al.muhairi.imp1965@mail.example,+971 55 101 4890,10 Street 3,Ajman,United Arab Emirates
Samir Dana Al Qasimi,samir.al.qasimi.imp1966@mail.example,+971 50 217 3595,67 Street 8,Ras al-Khaimah,United Arab Emirates
Wei Saeed Saleh,wei.saleh.imp1967@mail.example,+971 56 756 5412,51 Street 17,Abu Dhabi,United Arab Emirates
Al Bayan Building Materials FZCO 1968,accounts1968@import-al.example,+971 4 612 9504,74 Street 18,Kochi,India
Unity Paints Est. 1969,accounts1969@import-unity.example,+971 6 535 8554,42 Street 34,Ras al-Khaimah,United Arab Emirates
Golden Medical Supplies Est. 1970,accounts1970@import-golden.example,+971 9 771 7339,49 Street 39,Umm al-Quwain,United Arab Emirates
Al Noor Furniture LLC 1971,accounts1971@import-al.example,+971 6 401 8518,13 Street 17,Dubai,United Arab Emirates
Mariam Tariq Khan,mariam.khan.imp1972@mail.example,+971 54 122 6211,21 Street 39,Abu Dhabi,United Arab Emirates
Fahad Waleed Fernandes,fahad.fernandes.imp1973@mail.example,+971 50 884 6291,59 Street 16,Umm al-Quwain,United Arab Emirates
Reem Karim Qureshi,reem.qureshi.imp1974@mail.example,+971 54 786 5818,6 Street 40,Ajman,United Arab Emirates
Grace Mariam Habib,grace.habib.imp1975@mail.example,+971 58 265 4939,4 Street 11,Umm al-Quwain,United Arab Emirates
Prime Marine Supplies FZE 1976,accounts1976@import-prime.example,+971 2 661 8641,37 Street 10,Sharjah,United Arab Emirates
Nasser Rahul Qureshi,nasser.qureshi.imp1977@mail.example,+971 52 241 9897,52 Street 8,Abu Dhabi,United Arab Emirates
Wei Grace Thomas,wei.thomas.imp1978@mail.example,+971 54 864 5557,73 Street 36,Ras al-Khaimah,United Arab Emirates
Star Steel Industries Co. 1979,accounts1979@import-star.example,+971 9 880 2348,86 Street 6,Ras al-Khaimah,United Arab Emirates
Coral Electronics LLC 1980,accounts1980@import-coral.example,+971 4 897 3771,57 Street 14,Umm al-Quwain,United Arab Emirates
Amal Fahad Al Dhaheri,amal.al.dhaheri.imp1981@mail.example,+971 56 500 1121,50 Street 4,Sharjah,United Arab Emirates
Ahmed Mohammed Habib,ahmed.habib.imp1982@mail.example,+971 52 114 5397,2 Street 33,Dammam,Saudi Arabia
Ali Asma Nasr,ali.nasr.imp1983@mail.example,+971 55 988 2210,33 Street 32,Dubai,United Arab Emirates
Omar Anil Rahman,omar.rahman.imp1984@mail.example,+971 56 407 0302,16 Street 35,Fujairah,United Arab Emirates
Rania Omar Al Zaabi,rania.al.zaabi.imp1985@mail.example,+971 55 568 2425,81 Street 40,Mumbai,India
Grace Nasser Al Ketbi,grace.al.ketbi.imp1986@mail.example,+971 58 832 1300,96 Street 7,Dubai,United Arab Emirates
Horizon Furniture Co. 1987,accounts1987@import-horizon.example,+971 6 494 9264,77 Street 9,Fujairah,United Arab Emirates
Al Noor Textiles FZE 1988,accounts1988@import-al.example,+971 2 304 7992,31 Street 23,Fujairah,United Arab Emirates
Al Safa Building Materials FZCO 1989,accounts1989@import-al.example,+971 6 484 2116,17 Street 4,Umm al-Quwain,United Arab Emirates
Al Bayan Textiles FZCO 1990,accounts1990@import-al.example,+971 2 214 8842,6 Street 12,Sharjah,United Arab Emirates
Ali Hind Nair,ali.nair.imp1991@mail.example,+971 56 213 1815,22 Street 19,Sohar,Oman
Dana Rania Mathew,dana.mathew.imp1992@mail.example,+971 56 980 8285,69 Street 15,Sharjah,United Arab Emirates
Coral Electronics Est. 1993,accounts1993@import-coral.example,+971 9 781 3481,25 Street 29,Abu Dhabi,United Arab Emirates
Lotus General Trading FZE 1994,accounts1994@import-lotus.example,+971 4 723 0324,63 Street 24,Sharjah,United Arab Emirates
Omar Dana Kowalski,omar.kowalski.imp1995@mail.example,+971 54 649 4023,56 Street 34,Umm al-Quwain,United Arab Emirates
Lotus Furniture Co. 1996,accounts1996@import-lotus.example,+971 3 759 5256,95 Street 35,Riyadh,Saudi Arabia
Khalid Dana Thomas,khalid.thomas.imp1997@mail.example,+971 58 640 1387,84 Street 25,Fujairah,United Arab Emirates
John Waleed Al Nuaimi,john.al.nuaimi.imp1998@mail.example,+971 50 692 0058,102 Street 38,Ras al-Khaimah,United Arab Emirates
Sara Grace Al Marri,sara.al.marri.imp1999@mail.example,+971 58 808 6818,46 Street 6,Ajman,United Arab Emirates
Peter Saeed Habib,peter.habib.imp2000@mail.example,+971 58 848 2429,76 Street 33,Sharjah,United Arab Emirates
Blue Wave Logistics Est. 2001,accounts2001@import-blue.example,+971 7 710 2900,63 Street 32,Abu Dhabi,United Arab Emirates
Wei Imran Nasr,wei.nasr.imp2002@mail.example,+971 56 785 6494,74 Street 2,Abu Dhabi,United Arab Emirates
Imran Noura Obaid,imran.obaid.imp2003@mail.example,+971 54 146 0288,89 Street 3,Ajman,United Arab Emirates
Dana Hamdan Al Suwaidi,dana.al.suwaidi.imp2004@mail.example,+971 55 560 2772,63 Street 28,Fujairah,United Arab Emirates
Rania Imran Liu,rania.liu.imp2005@mail.example,+971 55 282 6012,99 Street 21,Mumbai,India
Unity Textiles FZE 2006,accounts2006@import-unity.example,+971 2 265 7092,93 Street 19,Umm al-Quwain,United Arab Emirates
Anna Faisal Rahman,anna.rahman.imp2007@mail.example,+971 55 412 0509,16 Street 23,Umm al-Quwain,United Arab Emirates
Palm Glass FZCO 2008,accounts2008@import-palm.example,+971 2 226 3279,8 Street 13,Fujairah,United Arab Emirates
Al Wasl Steel Industries FZCO 2009,accounts2009@import-al.example,+971 2 765 9748,10 Street 40,Dammam,Saudi Arabia
Pearl Steel Industries LLC 2010,accounts2010@import-pearl.example,+971 6 548 9221,100 Street 38,Abu Dhabi,United Arab Emirates
Ibrahim Hind Al Zaabi,ibrahim.al.zaabi.imp2011@mail.example,+971 52 192 2080,57 Street 8,Abu Dhabi,United Arab Emirates
Abdullah Aisha Al Hammadi,abdullah.al.hammadi.imp2012@mail.example,+971 56 172 5264,77 Street 7,Dubai,United Arab Emirates
John Bilal Menon,john.menon.imp2013@mail.example,+971 56 158 8397,109 Street 30,Fujairah,United Arab Emirates
Ali Ibrahim Aziz,ali.aziz.imp2014@mail.example,+971 52 337 2001,13 Street 35,Dubai,United Arab Emirates
Desert General Trading Co. 2015,accounts2015@import-desert.example,+971 3 263 0738,92 Street 27,Fujairah,United Arab Emirates
Royal Medical Supplies FZE 2016,accounts2016@import-royal.example,+971 2 415 6622,18 Street 26,Sharjah,United Arab Emirates
Waleed Reem Siddiqui,waleed.siddiqui.imp2017@mail.example,+971 58 835 2526,45 Street 25,Ajman,United Arab Emirates
Anil Tariq Al Hashimi,anil.al.hashimi.imp2018@mail.example,+971 50 417 8134,103 Street 28,Ajman,United Arab Emirates
Desert Textiles LLC 2019,accounts2019@import-desert.example,+971 4 366 0092,43 Street 40,Sharjah,United Arab Emirates
Al Wasl General Trading Industries LLC 2020,accounts2020@import-al.example,+971 7 339 4092,22 Street 1,Dubai,United Arab Emirates
Huda Anna Aziz,huda.aziz.imp2021@mail.example,+971 52 326 0130,44 Street 10,Mumbai,India
Gulf Electronics FZE 2022,accounts2022@import-gulf.example,+971 6 333 5476,34 Street 11,Dubai,United Arab Emirates
Sky Medical Supplies Est. 2023,accounts2023@import-sky.example,+971 3 447 0013,52 Street 14,Ras al-Khaimah,United Arab Emirates
Nadia Maria Khoury,nadia.khoury.imp2024@mail.example,+971 50 170 9190,16 Street 9,Ras al-Khaimah,United Arab Emirates
Unity Textiles FZE 2025,accounts2025@import-unity.example,+971 6 219 6759,38 Street 26,Salalah,Oman
Fahad Reem Al Hashimi,fahad.al.hashimi.imp2026@mail.example,+971 58 504 2280,51 Street 7,Ajman,United Arab Emirates
Rashid Rahul Nair,rashid.nair.imp2027@mail.example,+971 56 909 9743,68 Street 22,Dubai,United Arab Emirates
Karim Grace Liu,karim.liu.imp2028@mail.example,+971 56 227 5199,113 Street 25,Fujairah,United Arab Emirates
Pearl Marine Supplies LLC 2029,accounts2029@import-pearl.example,+971 3 526 7265,65 Street 18,Dubai,United Arab Emirates
Sara Nadia Menon,sara.menon.imp2030@mail.example,+971 54 239 9370,42 Street 14,Ajman,United Arab Emirates
Abdullah Rania Khan,abdullah.khan.imp2031@mail.example,+971 56 358 9068,94 Street 3,Ajman,United Arab Emirates
Summit Cables Industries LLC 2032,accounts2032@import-summit.example,+971 2 246 9577,110 Street 1,Ras al-Khaimah,United Arab Emirates
Priya Sara Al Kaabi,priya.al.kaabi.imp2033@mail.example,+971 52 493 9242,11 Street 22,Sharjah,United Arab Emirates
Wei Imran Habib,wei.habib.imp2034@mail.example,+971 50 800 5361,24 Street 22,Abu Dhabi,United Arab Emirates
Sultan Sara Karam,sultan.karam.imp2035@mail.example,+971 56 600 9588,118 Street 13,Ajman,United Arab Emirates
Desert Auto Spare Parts Industries LLC 2036,accounts2036@import-desert.example,+971 7 607 3868,43 Street 22,Sharjah,United Arab Emirates
Sultan Salem Patel,sultan.patel.imp2037@mail.example,+971 55 690 4451,98 Street 6,Umm al-Quwain,United Arab Emirates
Gulf Plastics FZE 2038,accounts2038@import-gulf.example,+971 2 537 7760,94 Street 13,Dammam,Saudi Arabia
Al Fajr Packaging FZE 2039,accounts2039@import-al.example,+971 6 377 4377,23 Street 24,Sharjah,United Arab Emirates
Horizon Cables Industries LLC 2040,accounts2040@import-horizon.example,+971 6 233 2131,94 Street 17,Ras al-Khaimah,United Arab Emirates
Khalid Huda Fernandes,khalid.fernandes.imp2041@mail.example,+971 50 943 2617,12 Street 24,Dammam,Saudi Arabia
Elena Hamdan Karam,elena.karam.imp2042@mail.example,+971 52 484 8825,31 Street 39,Umm al-Quwain,United Arab Emirates
Imran Karim Khoury,imran.khoury.imp2043@mail.example,+971 54 405 6514,80 Street 24,Dammam,Saudi Arabia
Rashid Sultan Al Falasi,rashid.al.falasi.imp2044@mail.example,+971 58 880 6978,101 Street 26,Dubai,United Arab Emirates
Oasis Medical Supplies LLC 2045,accounts2045@import-oasis.example,+971 7 591 1735,84 Street 21,Fujairah,United Arab Emirates
Ahmed Fahad Fernandes,ahmed.fernandes.imp2046@mail.example,+971 50 776 8581,113 Street 22,Sharjah,United Arab Emirates
Hamad Yousef Jaber,hamad.jaber.imp2047@mail.example,+971 58 983 6542,93 Street 18,Ras al-Khaimah,United Arab Emirates
Omar Bilal Al Marri,omar.al.marri.imp2048@mail.example,+971 54 350 9742,105 Street 36,Sharjah,United Arab Emirates
Al Bayan Textiles FZCO 2049,accounts2049@import-al.example,+971 2 476 8815,94 Street 34,Yiwu,China
Gulf Cables Est. 2050,accounts2050@import-gulf.example,+971 7 570 3225,63 Street 34,Ras al-Khaimah,United Arab Emirates
Zayed Ali Al Shamsi,zayed.al.shamsi.imp2051@mail.example,+971 54 507 1585,9 Street 40,Abu Dhabi,United Arab Emirates
Mariam John Al Falasi,mariam.al.falasi.imp2052@mail.example,+971 55 138 6733,71 Street 23,Sohar,Oman
Al Wasl Textiles LLC 2053,accounts2053@import-al.example,+971 4 656 7463,74 Street 36,Fujairah,United Arab Emirates
Yousef Sara Obaid,yousef.obaid.imp2054@mail.example,+971 52 241 7915,47 Street 1,Abu Dhabi,United Arab Emirates
Mohammed Aisha Habib,mohammed.habib.imp2055@mail.example,+971 50 280 0712,37 Street 19,Ajman,United Arab Emirates
Abdullah Samir Al Ameri,abdullah.al.ameri.imp2056@mail.example,+971 50 870 7027,115 Street 38,Dubai,United Arab Emirates
Prime Logistics Industries LLC 2057,accounts2057@import-prime.example,+971 3 846 0260,27 Street 26,Fujairah,United Arab Emirates
Huda Anna Al Suwaidi,huda.al.suwaidi.imp2058@mail.example,+971 50 338 7602,98 Street 11,Dubai,United Arab Emirates
Hamdan Ibrahim Barakat,hamdan.barakat.imp2059@mail.example,+971 52 916 6635,94 Street 22,Fujairah,United Arab Emirates
Mona Tariq Awad,mona.awad.imp2060@mail.example,+971 58 380 8539,94 Street 32,Dubai,United Arab Emirates
Al Fajr Packaging Industries LLC 2061,accounts2061@import-al.example,+971 9 548 3364,49 Street 22,Ajman,United Arab Emirates
Samir Fahad Al Mansouri,samir.al.mansouri.imp2062@mail.example,+971 52 252 3542,73 Street 13,Umm al-Quwain,United Arab Emirates
John Majid Rahman,john.rahman.imp2063@mail.example,+971 52 190 6156,51 Street 4,Ajman,United Arab Emirates
Emirates Aluminium FZE 2064,accounts2064@import-emirates.example,+971 4 369 2643,114 Street 18,Shenzhen,China
Omar Bilal Mahmoud,omar.mahmoud.imp2065@mail.example,+971 58 172 7842,17 Street 2,Sharjah,United Arab Emirates
Al Safa Foodstuff Industries LLC 2066,accounts2066@import-al.example,+971 6 423 3353,83 Street 3,Sharjah,United Arab Emirates
Maria Hamdan Iyer,maria.iyer.imp2067@mail.example,+971 58 377 6188,64 Street 25,Sharjah,United Arab Emirates
Priya Samir Karam,priya.karam.imp2068@mail.example,+971 52 592 4705,103 Street 29,Sharjah,United Arab Emirates
Prime Textiles Industries LLC 2069,accounts2069@import-prime.example,+971 6 832 3093,19 Street 17,Abu Dhabi,United Arab Emirates
Rahul Ali Sharma,rahul.sharma.imp2070@mail.example,+971 58 584 8451,15 Street 25,Fujairah,United Arab Emirates
Khalid Mariam Liu,khalid.liu.imp2071@mail.example,+971 52 198 1147,29 Street 6,Ras al-Khaimah,United Arab Emirates
Palm Electronics FZCO 2072,accounts2072@import-palm.example,+971 6 381 0795,92 Street 26,Dubai,United Arab Emirates
Sanjay Ahmed Fernandes,sanjay.fernandes.imp2073@mail.example,+971 52 479 4818,76 Street 27,Fujairah,United Arab Emirates
Silver Paints Est. 2074,accounts2074@import-silver.example,+971 3 582 8998,76 Street 13,Sharjah,United Arab Emirates
Layla Ibrahim Siddiqui,layla.siddiqui.imp2075@mail.example,+971 55 721 3670,61 Street 20,Fujairah,United Arab Emirates
Hind Arjun Al Hashimi,hind.al.hashimi.imp2076@mail.example,+971 55 328 6645,82 Street 32,Dubai,United Arab Emirates
Sky Trading Co. 2077,accounts2077@import-sky.example,+971 6 494 2881,73 Street 22,Fujairah,United Arab Emirates
Silver General Trading FZCO 2078,accounts2078@import-silver.example,+971 3 251 2982,113 Street 4,Ras al-Khaimah,United Arab Emirates
Ahmed Tariq Al Mazrouei,ahmed.al.mazrouei.imp2079@mail.example,+971 58 501 3567,77 Street 29,Sharjah,United Arab Emirates
Saeed Rahul Aziz,saeed.aziz.imp2080@mail.example,+971 54 117 8136,47 Street 10,Ajman,United Arab Emirates
Coral Packaging FZCO 2081,accounts2081@import-coral.example,+971 6 378 3940,44 Street 11,Dubai,United Arab Emirates
Prime Packaging Industries LLC 2082,accounts2082@import-prime.example,+971 7 668 0156,79 Street 4,Sharjah,United Arab Emirates
Summit Auto Spare Parts Est. 2083,accounts2083@import-summit.example,+971 2 568 1704,75 Street 23,Ajman,United Arab Emirates
Khalid Khalid Rahman,khalid.rahman.imp2084@mail.example,+971 55 540 5204,33 Street 5,Abu Dhabi,United Arab Emirates
Mona Noura Siddiqui,mona.siddiqui.imp2085@mail.example,+971 56 545 6810,45 Street 33,Shenzhen,China
Emirates Furniture FZCO 2086,accounts2086@import-emirates.example,+971 4 835 1916,23 Street 36,Ajman,United Arab Emirates
Mohammed Fahad Saleh,mohammed.saleh.imp2087@mail.example,+971 54 561 2586,88 Street 22,Sharjah,United Arab Emirates
Rashid Majid Al Zaabi,rashid.al.zaabi.imp2088@mail.example,+971 56 547 0779,91 Street 23,Umm al-Quwain,United Arab Emirates
Majid Shamma Mahmoud,majid.mahmoud.imp2089@mail.example,+971 56 539 5794,85 Street 33,Sharjah,United Arab Emirates
Royal Building Materials Co. 2090,accounts2090@import-royal.example,+971 9 703 4965,39 Street 29,Umm al-Quwain,United Arab Emirates
Summit Textiles Est. 2091,accounts2091@import-summit.example,+971 3 274 8319,109 Street 35,Dubai,United Arab Emirates
Lotus General Trading LLC 2092,accounts2092@import-lotus.example,+971 3 285 2971,1 Street 29,Shenzhen,China
Golden Packaging FZCO 2093,accounts2093@import-golden.example,+971 9 216 9186,21 Street 38,Fujairah,United Arab Emirates
Reem Sara Al Ameri,reem.al.ameri.imp2094@mail.example,+971 58 458 1411,101 Street 25,Ras al-Khaimah,United Arab Emirates
Karim Aisha Novak,karim.novak.imp2095@mail.example,+971 55 709 8197,72 Street 15,Umm al-Quwain,United Arab Emirates
Hind Maria Habib,hind.habib.imp2096@mail.example,+971 55 847 4822,46 Street 6,Ajman,United Arab Emirates
Joseph Hamdan Al Suwaidi,joseph.al.suwaidi.imp2097@mail.example,+971 54 778 5748,101 Street 36,Abu Dhabi,United Arab Emirates
Al Bayan Medical Supplies Industries LLC 2098,accounts2098@import-al.example,+971 2 573 0202,70 Street 40,Ras al-Khaimah,United Arab Emirates
Emirates Chemicals Industries LLC 2099,accounts2099@import-emirates.example,+971 3 862 8046,66 Street 31,Fujairah,United Arab Emirates
Huda Aisha Patel,huda.patel.imp2100@mail.example,+971 54 492 3560,104 Street 25,Ras al-Khaimah,United Arab Emirates
Al Bayan Building Materials Co. 2101,accounts2101@import-al.example,+971 2 545 6357,100 Street 21,Mumbai,India
Khalid Salem Smith,khalid.smith.imp2102@mail.example,+971 56 164 8458,48 Street 5,Abu Dhabi,United Arab Emirates
Silver Auto Spare Parts FZE 2103,accounts2103@import-silver.example,+971 2 341 7728,78 Street 39,Sharjah,United Arab Emirates
Joseph Arjun Al Marri,joseph.al.marri.imp2104@mail.example,+971 50 501 4280,41 Street 1,Umm al-Quwain,United Arab Emirates
Faisal Abdullah Yassin,faisal.yassin.imp2105@mail.example,+971 52 633 7448,41 Street 28,Riyadh,Saudi Arabia
Lotus Packaging FZCO 2106,accounts2106@import-lotus.example,+971 9 310 0880,88 Street 20,Riyadh,Saudi Arabia
Rashid Daniel Gupta,rashid.gupta.imp2107@mail.example,+971 55 974 9823,118 Street 1,Abu Dhabi,United Arab Emirates
Nasser Hamad Al Qasimi,nasser.al.qasimi.imp2108@mail.example,+971 50 994 0606,109 Street 9,Umm al-Quwain,United Arab Emirates
Horizon Glass Industries LLC 2109,accounts2109@import-horizon.example,+971 3 822 9709,34 Street 37,Ajman,United Arab Emirates
Hamad Tariq Awad,hamad.awad.imp2110@mail.example,+971 56 450 3638,30 Street 29,Abu Dhabi,United Arab Emirates
Crescent Foodstuff FZE 2111,accounts2111@import-crescent.example,+971 9 629 4543,25 Street 17,Dubai,United Arab Emirates
Saeed Zayed Al Marri,saeed.al.marri.imp2112@mail.example,+971 55 651 8468,1 Street 21,Ras al-Khaimah,United Arab Emirates
Marina Steel Industries Co. 2113,accounts2113@import-marina.example,+971 2 759 7795,79 Street 29,Fujairah,United Arab Emirates
Rashid Hamad George,rashid.george.imp2114@mail.example,+971 58 204 7324,63 Street 31,Ajman,United Arab Emirates
Fahad Elena Iyer,fahad.iyer.imp2115@mail.example,+971 56 235 9848,111 Street 35,Sharjah,United Arab Emirates
Cedar Auto Spare Parts Industries LLC 2116,accounts2116@import-cedar.example,+971 6 662 2440,3 Street 22,Fujairah,United Arab Emirates
Fahad Maria Dsouza,fahad.dsouza.imp2117@mail.example,+971 50 210 7869,76 Street 31,Yiwu,China
Priya Mona Fernandes,priya.fernandes.imp2118@mail.example,+971 50 906 7378,52 Street 23,Ajman,United Arab Emirates
Star Packaging Co. 2119,accounts2119@import-star.example,+971 4 416 4929,33 Street 40,Ajman,United Arab Emirates
Shamma Imran Wang,shamma.wang.imp2120@mail.example,+971 50 223 8551,54 Street 2,Ras al-Khaimah,United Arab Emirates
Aisha Latifa Awad,aisha.awad.imp2121@mail.example,+971 58 474 6868,102 Street 1,Abu Dhabi,United Arab Emirates
Shamma Salem Yassin,shamma.yassin.imp2122@mail.example,+971 50 572 0447,88 Street 17,Ajman,United Arab Emirates
Hind Imran Iyer,hind.iyer.imp2123@mail.example,+971 56 421 8369,27 Street 21,Sharjah,United Arab Emirates
Latifa Mohammed Yassin,latifa.yassin.imp2124@mail.example,+971 52 523 3978,37 Street 1,Ras al-Khaimah,United Arab Emirates
Al Fajr Logistics Industries LLC 2125,accounts2125@import-al.example,+971 3 533 1146,94 Street 32,Dubai,United Arab Emirates
Fahad Rashid Nasr,fahad.nasr.imp2126@mail.example,+971 56 838 7173,2 Street 36,Sharjah,United Arab Emirates
Prime Marine Supplies FZE 2127,accounts2127@import-prime.example,+971 3 627 5738,20 Street 27,Ras al-Khaimah,United Arab Emirates
Zayed Samir Novak,zayed.novak.imp2128@mail.example,+971 54 826 1055,32 Street 13,Umm al-Quwain,United Arab Emirates
Summit Electronics LLC 2129,accounts2129@import-summit.example,+971 7 351 2571,48 Street 17,Ajman,United Arab Emirates
Sky Glass Co. 2130,accounts2130@import-sky.example,+971 7 344 1779,3 Street 22,Abu Dhabi,United Arab Emirates
Dune Electronics FZE 2131,accounts2131@import-dune.example,+971 6 837 8576,103 Street 25,Dubai,United Arab Emirates
Hind Karim Habib,hind.habib.imp2132@mail.example,+971 58 275 1184,46 Street 17,Abu Dhabi,United Arab Emirates
Gulf Cables FZE 2133,accounts2133@import-gulf.example,+971 6 492 4217,48 Street 37,Ras al-Khaimah,United Arab Emirates
Tariq Imran Awad,tariq.awad.imp2134@mail.example,+971 54 662 6990,54 Street 27,Fujairah,United Arab Emirates
Marina Foodstuff Industries LLC 2135,accounts2135@import-marina.example,+971 4 287 6928,78 Street 26,Ras al-Khaimah,United Arab Emirates
Grace Rashid Al Dhaheri,grace.al.dhaheri.imp2136@mail.example,+971 50 361 2775,16 Street 13,Abu Dhabi,United Arab Emirates
Tariq Mohammed Jaber,tariq.jaber.imp2137@mail.example,+971 58 814 0177,31 Street 13,Kochi,India
Yousef Grace Ivanova,yousef.ivanova.imp2138@mail.example,+971 56 537 3001,112 Street 19,Jeddah,Saudi Arabia
Al Safa Steel Industries Est. 2139,accounts2139@import-al.example,+971 6 557 5774,23 Street 8,Abu Dhabi,United Arab Emirates
Reem Shamma Gupta,reem.gupta.imp2140@mail.example,+971 52 914 0907,99 Street 4,Fujairah,United Arab Emirates
Reem Faisal Chen,reem.chen.imp2141@mail.example,+971 52 258 1301,10 Street 35,Sharjah,United Arab Emirates
Rania Omar Al Suwaidi,rania.al.suwaidi.imp2142@mail.example,+971 54 617 8420,65 Street 8,Fujairah,United Arab Emirates
Crescent Electronics FZCO 2143,accounts2143@import-crescent.example,+971 3 489 3960,52 Street 21,Dubai,United Arab Emirates
Hamdan Rahul Barakat,hamdan.barakat.imp2144@mail.example,+971 55 737 1313,62 Street 24,Umm al-Quwain,United Arab Emirates
Palm Paints Est. 2145,accounts2145@import-palm.example,+971 4 549 3193,62 Street 1,Riyadh,Saudi Arabia
Tariq Faisal Al Suwaidi,tariq.al.suwaidi.imp2146@mail.example,+971 58 772 1180,83 Street 39,Dubai,United Arab Emirates
Al Safa Logistics Co. 2147,accounts2147@import-al.example,+971 7 643 0769,14 Street 8,Ras al-Khaimah,United Arab Emirates
Sanjay Hind Awad,sanjay.awad.imp2148@mail.example,+971 52 542 3657,102 Street 15,Ajman,United Arab Emirates
Ahmed Reem Chen,ahmed.chen.imp2149@mail.example,+971 58 968 2267,57 Street 26,Sharjah,United Arab Emirates
Pearl Aluminium Industries LLC 2150,accounts2150@import-pearl.example,+971 3 490 9623,46 Street 23,Dubai,United Arab Emirates
Palm Marine Supplies LLC 2151,accounts2151@import-palm.example,+971 7 758 7122,54 Street 38,Abu Dhabi,United Arab Emirates
Gulf Steel Industries FZCO 2152,accounts2152@import-gulf.example,+971 7 718 7969,98 Street 15,Sharjah,United Arab Emirates
Summit Building Materials Co. 2153,accounts2153@import-summit.example,+971 3 897 6141,30 Street 1,Ajman,United Arab Emirates
Sky Plastics Est. 2154,accounts2154@import-sky.example,+971 2 703 2565,67 Street 28,Fujairah,United Arab Emirates
Star Marine Supplies FZCO 2155,accounts2155@import-star.example,+971 6 842 8235,97 Street 16,Chennai,India
Rashid Anil Farouk,rashid.farouk.imp2156@mail.example,+971 50 345 8711,55 Street 25,Ras al-Khaimah,United Arab Emirates
Shamma Anil Thomas,shamma.thomas.imp2157@mail.example,+971 50 880 7822,104 Street 26,Yiwu,China
Anna Layla Patel,anna.patel.imp2158@mail.example,+971 58 349 7856,52 Street 28,Salalah,Oman
Tariq Wei Sharma,tariq.sharma.imp2159@mail.example,+971 50 469 6695,60 Street 30,Ras al-Khaimah,United Arab Emirates
Dana Sara Al Zaabi,dana.al.zaabi.imp2160@mail.example,+971 55 482 1312,89 Street 1,Fujairah,United Arab Emirates
Hamad Nadia Al Kaabi,hamad.al.kaabi.imp2161@mail.example,+971 54 641 1348,59 Street 7,Dubai,United Arab Emirates
Silver Plastics Industries LLC 2162,accounts2162@import-silver.example,+971 7 740 6182,62 Street 32,Fujairah,United Arab Emirates
Asma Salem Santos,asma.santos.imp2163@mail.example,+971 58 882 0817,14 Street 14,Ras al-Khaimah,United Arab Emirates
Lotus Cables Est. 2164,accounts2164@import-lotus.example,+971 9 591 9491,4 Street 10,Abu Dhabi,United Arab Emirates
Saeed Faisal Darwish,saeed.darwish.imp2165@mail.example,+971 56 154 4262,33 Street 30,Dubai,United Arab Emirates
Silver Logistics Est. 2166,accounts2166@import-silver.example,+971 4 316 1726,104 Street 18,Sharjah,United Arab Emirates
Yousef Sanjay Thomas,yousef.thomas.imp2167@mail.example,+971 58 848 1787,13 Street 33,Umm al-Quwain,United Arab Emirates
Ahmed Anna Al Shamsi,ahmed.al.shamsi.imp2168@mail.example,+971 52 566 6173,28 Street 34,Abu Dhabi,United Arab Emirates
Shamma Waleed Khoury,shamma.khoury.imp2169@mail.example,+971 56 819 5752,65 Street 2,Sharjah,United Arab Emirates
Al Bayan General Trading FZE 2170,accounts2170@import-al.example,+971 2 534 7363,1 Street 21,Chennai,India
Palm Chemicals FZE 2171,accounts2171@import-palm.example,+971 7 629 2015,8 Street 32,Abu Dhabi,United Arab Emirates
Rahul Ahmed Fernandes,rahul.fernandes.imp2172@mail.example,+971 55 226 0946,57 Street 14,Abu Dhabi,United Arab Emirates
Mohammed Nadia Kowalski,mohammed.kowalski.imp2173@mail.example,+971 58 118 8173,54 Street 11,Ras al-Khaimah,United Arab Emirates
Asma Tariq Thomas,asma.thomas.imp2174@mail.example,+971 55 372 9666,91 Street 26,Fujairah,United Arab Emirates
Abdullah John Patel,abdullah.patel.imp2175@mail.example,+971 52 123 6052,23 Street 4,Dubai,United Arab Emirates
Al Noor Paints Co. 2176,accounts2176@import-al.example,+971 7 635 8737,71 Street 37,Dubai,United Arab Emirates
Al Noor Building Materials Industries LLC 2177,accounts2177@import-al.example,+971 2 504 5795,50 Street 32,Sharjah,United Arab Emirates
Hassan Anna Siddiqui,hassan.siddiqui.imp2178@mail.example,+971 56 409 9944,112 Street 9,Abu Dhabi,United Arab Emirates
Arjun Fahad Khoury,arjun.khoury.imp2179@mail.example,+971 56 479 6938,103 Street 5,Sharjah,United Arab Emirates
Rashid Anil Nair,rashid.nair.imp2180@mail.example,+971 56 300 4852,104 Street 3,Jeddah,Saudi Arabia
Oasis Medical Supplies FZE 2181,accounts2181@import-oasis.example,+971 9 684 6294,115 Street 33,Sharjah,United Arab Emirates
Al Fajr Plastics Co. 2182,accounts2182@import-al.example,+971 9 810 8128,13 Street 5,Abu Dhabi,United Arab Emirates
Saeed Dana Karam,saeed.karam.imp2183@mail.example,+971 54 669 5173,73 Street 4,Dubai,United Arab Emirates
Royal Logistics FZCO 2184,accounts2184@import-royal.example,+971 3 583 7021,72 Street 39,Dubai,United Arab Emirates
Abdullah Ibrahim Khoury,abdullah.khoury.imp2185@mail.example,+971 55 780 5708,59 Street 17,Ras al-Khaimah,United Arab Emirates
Ibrahim Faisal Barakat,ibrahim.barakat.imp2186@mail.example,+971 56 753 2902,37 Street 24,Dubai,United Arab Emirates
Al Safa Trading FZE 2187,accounts2187@import-al.example,+971 9 239 2332,83 Street 39,Abu Dhabi,United Arab Emirates
Palm Paper Products FZCO 2188,accounts2188@import-palm.example,+971 3 345 8448,113 Street 25,Fujairah,United Arab Emirates
Atlas Cables Est. 2189,accounts2189@import-atlas.example,+971 9 898 4067,12 Street 27,Sharjah,United Arab Emirates
Aisha Karim Gupta,aisha.gupta.imp2190@mail.example,+971 58 744 7230,68 Street 30,Umm al-Quwain,United Arab Emirates
Marina Paper Products LLC 2191,accounts2191@import-marina.example,+971 3 780 7933,25 Street 3,Umm al-Quwain,United Arab Emirates
Palm Building Materials Est. 2192,accounts2192@import-palm.example,+971 7 617 6335,49 Street 11,Sharjah,United Arab Emirates
Hind Amal Al Romaithi,hind.al.romaithi.imp2193@mail.example,+971 54 825 9700,111 Street 15,Umm al-Quwain,United Arab Emirates
Grace Karim Wang,grace.wang.imp2194@mail.example,+971 52 568 9778,113 Street 30,Abu Dhabi,United Arab Emirates
Rania Karim Fernandes,rania.fernandes.imp2195@mail.example,+971 56 444 2408,78 Street 37,Umm al-Quwain,United Arab Emirates
Al Bayan Cables FZE 2196,accounts2196@import-al.example,+971 7 654 9519,73 Street 19,Ras al-Khaimah,United Arab Emirates
Al Noor Foodstuff FZCO 2197,accounts2197@import-al.example,+971 7 802 7660,5 Street 4,Ras al-Khaimah,United Arab Emirates
Majid Fatima Saleh,majid.saleh.imp2198@mail.example,+971 58 397 9635,65 Street 15,Ajman,United Arab Emirates
Ravi Saeed Al Dhaheri,ravi.al.dhaheri.imp2199@mail.example,+971 54 445 0048,53 Street 3,Yiwu,China
Sara Rahul Haddad,sara.haddad.imp2200@mail.example,+971 56 696 4749,109 Street 24,Shenzhen,China
Gulf Chemicals Co. 2201,accounts2201@import-gulf.example,+971 2 543 1026,6 Street 27,Umm al-Quwain,United Arab Emirates
Grace Nadia Al Ameri,grace.al.ameri.imp2202@mail.example,+971 56 287 3147,58 Street 31,Abu Dhabi,United Arab Emirates
Unity Glass LLC 2203,accounts2203@import-unity.example,+971 4 790 9928,89 Street 24,Dubai,United Arab Emirates
Layla Omar Ivanova,layla.ivanova.imp2204@mail.example,+971 54 228 2379,75 Street 5,Ajman,United Arab Emirates
Atlas Building Materials Industries LLC 2205,accounts2205@import-atlas.example,+971 6 807 9185,73 Street 36,Ajman,United Arab Emirates
Fatima Anil Sharma,fatima.sharma.imp2206@mail.example,+971 52 148 3744,117 Street 5,Ajman,United Arab Emirates
Ali Amal Al Dhaheri,ali.al.dhaheri.imp2207@mail.example,+971 56 595 5224,86 Street 23,Umm al-Quwain,United Arab Emirates
Pearl Paper Products FZE 2208,accounts2208@import-pearl.example,+971 7 403 1020,95 Street 32,Sharjah,United Arab Emirates
Al Bayan Steel Industries Industries LLC 2209,accounts2209@import-al.example,+971 9 684 9683,97 Street 38,Abu Dhabi,United Arab Emirates
Fahad Wei Al Romaithi,fahad.al.romaithi.imp2210@mail.example,+971 52 662 5134,109 Street 22,Ras al-Khaimah,United Arab Emirates
Noura Anil Ivanova,noura.ivanova.imp2211@mail.example,+971 54 390 3471,1 Street 8,Umm al-Quwain,United Arab Emirates
Omar Karim Liu,omar.liu.imp2212@mail.example,+971 52 671 5060,18 Street 7,Ajman,United Arab Emirates
Omar Faisal Ivanova,omar.ivanova.imp2213@mail.example,+971 54 619 8750,31 Street 39,Ajman,United Arab Emirates
Golden Textiles FZE 2214,accounts2214@import-golden.example,+971 6 676 4875,52 Street 24,Sharjah,United Arab Emirates
Sultan Elena Nasr,sultan.nasr.imp2215@mail.example,+971 55 131 6444,116 Street 24,Ajman,United Arab Emirates
Cedar Plastics Co. 2216,accounts2216@import-cedar.example,+971 2 562 5581,116 Street 11,Ras al-Khaimah,United Arab Emirates
Al Noor Furniture FZCO 2217,accounts2217@import-al.example,+971 7 380 3143,88 Street 24,Sharjah,United Arab Emirates
Ali Anna Nasr,ali.nasr.imp2218@mail.example,+971 50 561 5503,6 Street 31,Fujairah,United Arab Emirates
Asma Arjun Al Hashimi,asma.al.hashimi.imp2219@mail.example,+971 58 306 7346,92 Street 36,Ajman,United Arab Emirates
Maria Priya Chen,maria.chen.imp2220@mail.example,+971 52 595 9452,21 Street 35,Abu Dhabi,United Arab Emirates
Coral Electronics FZE 2221,accounts2221@import-coral.example,+971 9 664 7706,70 Street 6,Umm al-Quwain,United Arab Emirates
Al Safa Textiles LLC 2222,accounts2222@import-al.example,+971 9 584 6686,39 Street 14,Ras al-Khaimah,United Arab Emirates
Reem Fatima Al Blooshi,reem.al.blooshi.imp2223@mail.example,+971 56 509 1064,88 Street 26,Fujairah,United Arab Emirates
Rania Maitha Al Hammadi,rania.al.hammadi.imp2224@mail.example,+971 56 606 0509,48 Street 29,Dubai,United Arab Emirates
Reem Zayed Saleh,reem.saleh.imp2225@mail.example,+971 54 394 8109,78 Street 22,Abu Dhabi,United Arab Emirates
Karim Huda Al Qasimi,karim.al.qasimi.imp2226@mail.example,+971 52 369 8910,96 Street 17,Sharjah,United Arab Emirates
Al Wasl Cables Industries LLC 2227,accounts2227@import-al.example,+971 9 530 2718,58 Street 24,Sharjah,United Arab Emirates
Silver Marine Supplies FZCO 2228,accounts2228@import-silver.example,+971 9 649 1345,111 Street 38,Sharjah,United Arab Emirates
Royal Glass Co. 2229,accounts2229@import-royal.example,+971 3 631 9271,19 Street 27,Sharjah,United Arab Emirates
Horizon Cables Est. 2230,accounts2230@import-horizon.example,+971 3 240 3943,51 Street 34,Dubai,United Arab Emirates
Desert Paper Products FZCO 2231,accounts2231@import-desert.example,+971 2 777 6154,51 Street 6,Dubai,United Arab Emirates
Horizon Auto Spare Parts FZE 2232,accounts2232@import-horizon.example,+971 6 476 4966,100 Street 1,Dammam,Saudi Arabia
Waleed Mariam Al Ameri,waleed.al.ameri.imp2233@mail.example,+971 58 301 0954,54 Street 27,Abu Dhabi,United Arab Emirates
Anil Ibrahim Al Shamsi,anil.al.shamsi.imp2234@mail.example,+971 55 837 6297,99 Street 2,Ras al-Khaimah,United Arab Emirates
Star Furniture Co. 2235,accounts2235@import-star.example,+971 4 563 4048,2 Street 21,Fujairah,United Arab Emirates
Salem Maria Al Falasi,salem.al.falasi.imp2236@mail.example,+971 50 556 2965,18 Street 27,Ajman,United Arab Emirates
Shamma Hamad Sharma,shamma.sharma.imp2237@mail.example,+971 54 611 8137,70 Street 34,Ras al-Khaimah,United Arab Emirates
Majid Wei Ivanova,majid.ivanova.imp2238@mail.example,+971 56 212 6832,30 Street 29,Sharjah,United Arab Emirates
Mohammed Zayed Menon,mohammed.menon.imp2239@mail.example,+971 58 216 3554,111 Street 33,Fujairah,United Arab Emirates
Anil Ravi Chen,anil.chen.imp2240@mail.example,+971 58 735 6095,71 Street 3,Sharjah,United Arab Emirates
Rashid Joseph Novak,rashid.novak.imp2241@mail.example,+971 56 974 4581,22 Street 38,Abu Dhabi,United Arab Emirates
Crescent Auto Spare Parts FZE 2242,accounts2242@import-crescent.example,+971 4 791 8174,38 Street 31,Abu Dhabi,United Arab Emirates
Nasser Arjun Al Shamsi,nasser.al.shamsi.imp2243@mail.example,+971 52 115 4755,102 Street 23,Sohar,Oman
Palm Plastics FZCO 2244,accounts2244@import-palm.example,+971 9 853 1268,84 Street 3,Umm al-Quwain,United Arab Emirates
Yousef Grace Mahmoud,yousef.mahmoud.imp2245@mail.example,+971 52 509 5377,73 Street 40,Abu Dhabi,United Arab Emirates
Al Wasl Plastics Co. 2246,accounts2246@import-al.example,+971 3 701 1327,78 Street 20,Abu Dhabi,United Arab Emirates
Elena Aisha Al Mansouri,elena.al.mansouri.imp2247@mail.example,+971 56 802 5964,57 Street 18,Abu Dhabi,United Arab Emirates
Elena Waleed Darwish,elena.darwish.imp2248@mail.example,+971 50 763 8742,114 Street 12,Abu Dhabi,United Arab Emirates
Anil Fahad Iyer,anil.iyer.imp2249@mail.example,+971 52 318 3441,96 Street 5,Umm al-Quwain,United Arab Emirates
Dune Plastics FZE 2250,accounts2250@import-dune.example,+971 6 233 5345,51 Street 21,Abu Dhabi,United Arab Emirates
Zenith Electronics LLC 2251,accounts2251@import-zenith.example,+971 7 423 1546,45 Street 22,Fujairah,United Arab Emirates
John Hassan Al Suwaidi,john.al.suwaidi.imp2252@mail.example,+971 56 596 3674,3 Street 39,Abu Dhabi,United Arab Emirates
John Zayed Al Blooshi,john.al.blooshi.imp2253@mail.example,+971 50 672 8710,88 Street 25,Umm al-Quwain,United Arab Emirates
Nasser Sara Kowalski,nasser.kowalski.imp2254@mail.example,+971 54 212 2801,90 Street 13,Dubai,United Arab Emirates
Aisha Khalid Al Shamsi,aisha.al.shamsi.imp2255@mail.example,+971 52 299 1612,4 Street 4,Umm al-Quwain,United Arab Emirates
Summit Marine Supplies LLC 2256,accounts2256@import-summit.example,+971 2 381 8006,21 Street 33,Fujairah,United Arab Emirates
Nadia Grace Reyes,nadia.reyes.imp2257@mail.example,+971 56 650 6181,71 Street 28,Umm al-Quwain,United Arab Emirates
Crescent Building Materials Co. 2258,accounts2258@import-crescent.example,+971 6 634 3881,69 Street 10,Ajman,United Arab Emirates
Mohammed Abdullah Smith,mohammed.smith.imp2259@mail.example,+971 56 243 8777,39 Street 18,Sharjah,United Arab Emirates
Arjun Fahad Al Muhairi,arjun.al.muhairi.imp2260@mail.example,+971 52 920 3086,15 Street 39,Sharjah,United Arab Emirates
Rahul Ahmed Al Blooshi,rahul.al.blooshi.imp2261@mail.example,+971 56 974 2000,58 Street 34,Abu Dhabi,United Arab Emirates
Layla Nasser Gupta,layla.gupta.imp2262@mail.example,+971 55 918 3534,66 Street 10,Ras al-Khaimah,United Arab Emirates
Salem Anna Chen,salem.chen.imp2263@mail.example,+971 52 239 9064,91 Street 32,Fujairah,United Arab Emirates
Hamad Aisha Smith,hamad.smith.imp2264@mail.example,+971 58 869 7294,41 Street 30,Fujairah,United Arab Emirates
Priya Hind Al Mazrouei,priya.al.mazrouei.imp2265@mail.example,+971 52 844 8157,40 Street 22,Abu Dhabi,United Arab Emirates
Hassan Latifa Awad,hassan.awad.imp2266@mail.example,+971 52 541 2986,118 Street 8,Dubai,United Arab Emirates
Prime Plastics LLC 2267,accounts2267@import-prime.example,+971 3 448 7397,66 Street 35,Abu Dhabi,United Arab Emirates
Pearl Cables FZE 2268,accounts2268@import-pearl.example,+971 3 376 2430,69 Street 31,Abu Dhabi,United Arab Emirates
Priya Sultan Wang,priya.wang.imp2269@mail.example,+971 54 674 7534,7 Street 32,Sharjah,United Arab Emirates
Palm Auto Spare Parts LLC 2270,accounts2270@import-palm.example,+971 6 500 4211,21 Street 36,Fujairah,United Arab Emirates
Sultan Priya Al Marri,sultan.al.marri.imp2271@mail.example,+971 54 238 3510,119 Street 34,Ras al-Khaimah,United Arab Emirates
Star Electronics FZE 2272,accounts2272@import-star.example,+971 6 329 9863,59 Street 16,Ras al-Khaimah,United Arab Emirates
Hassan Waleed Al Dhaheri,hassan.al.dhaheri.imp2273@mail.example,+971 58 503 4410,75 Street 25,Fujairah,United Arab Emirates
Prime Plastics FZE 2274,accounts2274@import-prime.example,+971 9 491 2682,9 Street 32,Fujairah,United Arab Emirates
Bilal Yousef Nair,bilal.nair.imp2275@mail.example,+971 58 567 6972,106 Street 23,Ras al-Khaimah,United Arab Emirates
Coral Medical Supplies FZE 2276,accounts2276@import-coral.example,+971 6 816 9992,111 Street 10,Abu Dhabi,United Arab Emirates
Samir Omar Patel,samir.patel.imp2277@mail.example,+971 55 395 4153,29 Street 38,Dubai,United Arab Emirates
Daniel Peter Al Marri,daniel.al.marri.imp2278@mail.example,+971 50 354 9490,13 Street 38,Ajman,United Arab Emirates
Wei Sara Obaid,wei.obaid.imp2279@mail.example,+971 56 809 5019,96 Street 11,Ras al-Khaimah,United Arab Emirates
Omar Aisha Yassin,omar.yassin.imp2280@mail.example,+971 54 721 4300,102 Street 12,Dubai,United Arab Emirates
Al Noor Glass Est. 2281,accounts2281@import-al.example,+971 2 510 7708,73 Street 6,Ras al-Khaimah,United Arab Emirates
Prime Cables LLC 2282,accounts2282@import-prime.example,+971 9 609 6044,84 Street 8,Umm al-Quwain,United Arab Emirates
Hind Abdullah Siddiqui,hind.siddiqui.imp2283@mail.example,+971 58 560 4865,60 Street 7,Abu Dhabi,United Arab Emirates
Lotus Paper Products Industries LLC 2284,accounts2284@import-lotus.example,+971 9 611 4033,113 Street 28,Sharjah,United Arab Emirates
Atlas Marine Supplies Co. 2285,accounts2285@import-atlas.example,+971 7 749 0381,77 Street 39,Fujairah,United Arab Emirates
Tariq Joseph Qureshi,tariq.qureshi.imp2286@mail.example,+971 56 320 6350,114 Street 23,Mumbai,India
Mohammed Anil Iyer,mohammed.iyer.imp2287@mail.example,+971 58 588 5699,108 Street 14,Ajman,United Arab Emirates
Lotus Logistics Est. 2288,accounts2288@import-lotus.example,+971 6 632 0646,29 Street 38,Ras al-Khaimah,United Arab Emirates
Al Bayan Building Materials LLC 2289,accounts2289@import-al.example,+971 4 486 2998,3 Street 20,Ajman,United Arab Emirates
Layla Maria Thomas,layla.thomas.imp2290@mail.example,+971 50 726 4190,82 Street 24,Ajman,United Arab Emirates
Nadia Waleed Haddad,nadia.haddad.imp2291@mail.example,+971 50 271 3598,20 Street 21,Sharjah,United Arab Emirates
Latifa Fatima Mahmoud,latifa.mahmoud.imp2292@mail.example,+971 56 692 5899,99 Street 1,Ras al-Khaimah,United Arab Emirates
Al Noor Plastics LLC 2293,accounts2293@import-al.example,+971 2 670 0816,78 Street 28,Sharjah,United Arab Emirates
Peter Khalid Sharma,peter.sharma.imp2294@mail.example,+971 55 130 4314,77 Street 22,Ras al-Khaimah,United Arab Emirates
Zenith Chemicals Est. 2295,accounts2295@import-zenith.example,+971 7 497 1357,57 Street 15,Sharjah,United Arab Emirates
Star Marine Supplies LLC 2296,accounts2296@import-star.example,+971 9 657 8291,2 Street 10,Dammam,Saudi Arabia
Huda Hamdan Menon,huda.menon.imp2297@mail.example,+971 55 773 3417,91 Street 35,Chennai,India
Oasis Building Materials Co. 2298,accounts2298@import-oasis.example,+971 3 876 4910,92 Street 4,Sharjah,United Arab Emirates
Waleed Mohammed Al Nuaimi,waleed.al.nuaimi.imp2299@mail.example,+971 50 991 4447,120 Street 13,Abu Dhabi,United Arab Emirates
Majid Rashid Al Ameri,majid.al.ameri.imp2300@mail.example,+971 56 220 6904,86 Street 13,London,United Kingdom
Mona Mohammed Haddad,mona.haddad.imp2301@mail.example,+971 55 577 8710,7 Street 28,Dubai,United Arab Emirates
Daniel Grace Mathew,daniel.mathew.imp2302@mail.example,+971 58 210 3846,51 Street 11,Ajman,United Arab Emirates
Nadia Joseph Siddiqui,nadia.siddiqui.imp2303@mail.example,+971 54 127 4974,95 Street 32,Fujairah,United Arab Emirates
Cedar Foodstuff FZE 2304,accounts2304@import-cedar.example,+971 6 381 2127,107 Street 9,Ajman,United Arab Emirates
Royal Marine Supplies Industries LLC 2305,accounts2305@import-royal.example,+971 4 401 0962,35 Street 26,Ajman,United Arab Emirates
Layla Anna Mansour,layla.mansour.imp2306@mail.example,+971 55 970 8054,45 Street 38,Ras al-Khaimah,United Arab Emirates
Rania Hamdan Wang,rania.wang.imp2307@mail.example,+971 54 225 7786,45 Street 24,Abu Dhabi,United Arab Emirates
Prime Medical Supplies FZE 2308,accounts2308@import-prime.example,+971 2 845 8115,109 Street 20,Abu Dhabi,United Arab Emirates
Desert Packaging FZE 2309,accounts2309@import-desert.example,+971 3 292 9484,16 Street 24,Ras al-Khaimah,United Arab Emirates
Sultan Sanjay Saleh,sultan.saleh.imp2310@mail.example,+971 54 497 6495,23 Street 13,Ajman,United Arab Emirates
Noura Waleed Al Ameri,noura.al.ameri.imp2311@mail.example,+971 58 444 2907,46 Street 2,Fujairah,United Arab Emirates
Majid John Chen,majid.chen.imp2312@mail.example,+971 50 130 7494,39 Street 40,Abu Dhabi,United Arab Emirates
Falcon Furniture Co. 2313,accounts2313@import-falcon.example,+971 3 588 5071,116 Street 11,Umm al-Quwain,United Arab Emirates
Elena Noura Santos,elena.santos.imp2314@mail.example,+971 52 317 2154,21 Street 6,Abu Dhabi,United Arab Emirates
Atlas Logistics FZCO 2315,accounts2315@import-atlas.example,+971 4 746 5759,108 Street 21,Umm al-Quwain,United Arab Emirates
Amal Mansour Karam,amal.karam.imp2316@mail.example,+971 52 420 1886,71 Street 2,Sharjah,United Arab Emirates
Blue Wave Paper Products FZCO 2317,accounts2317@import-blue.example,+971 3 258 6342,91 Street 16,Salalah,Oman
Lotus Medical Supplies FZE 2318,accounts2318@import-lotus.example,+971 4 581 8574,92 Street 24,Umm al-Quwain,United Arab Emirates
Mansour Imran Al Zaabi,mansour.al.zaabi.imp2319@mail.example,+971 56 966 9260,97 Street 37,Mumbai,India
Royal Auto Spare Parts Co. 2320,accounts2320@import-royal.example,+971 9 573 4399,39 Street 34,Riyadh,Saudi Arabia
Palm Cables LLC 2321,accounts2321@import-palm.example,+971 9 819 9913,120 Street 5,Umm al-Quwain,United Arab Emirates
Priya Anil Iyer,priya.iyer.imp2322@mail.example,+971 55 419 9254,86 Street 34,Sharjah,United Arab Emirates
Mona Huda Rahman,mona.rahman.imp2323@mail.example,+971 56 633 2900,7 Street 20,Fujairah,United Arab Emirates
Royal Cables Co. 2324,accounts2324@import-royal.example,+971 2 278 8702,19 Street 14,Sharjah,United Arab Emirates
Omar Yousef Darwish,omar.darwish.imp2325@mail.example,+971 58 671 6640,17 Street 15,Ajman,United Arab Emirates
Anil Noura Fernandes,anil.fernandes.imp2326@mail.example,+971 58 318 3494,13 Street 39,Abu Dhabi,United Arab Emirates
Ravi Sultan Mathew,ravi.mathew.imp2327@mail.example,+971 52 165 9574,107 Street 38,Dubai,United Arab Emirates
Waleed Imran Khoury,waleed.khoury.imp2328@mail.example,+971 50 262 6037,69 Street 2,Ras al-Khaimah,United Arab Emirates
Noura Anil Hussain,noura.hussain.imp2329@mail.example,+971 50 419 2786,28 Street 20,Sharjah,United Arab Emirates
Wei Sanjay Yassin,wei.yassin.imp2330@mail.example,+971 54 599 7727,82 Street 18,Fujairah,United Arab Emirates
Yousef Shamma Reyes,yousef.reyes.imp2331@mail.example,+971 58 620 9644,62 Street 14,Dubai,United Arab Emirates
Sanjay Sara Chen,sanjay.chen.imp2332@mail.example,+971 50 765 1060,73 Street 3,Umm al-Quwain,United Arab Emirates
Maria Ali Khoury,maria.khoury.imp2333@mail.example,+971 52 753 3101,66 Street 22,Umm al-Quwain,United Arab Emirates
Saeed Hamad Al Qasimi,saeed.al.qasimi.imp2334@mail.example,+971 50 879 4724,38 Street 39,Ajman,United Arab Emirates
Sara Omar Haddad,sara.haddad.imp2335@mail.example,+971 54 401 0650,3 Street 31,Dubai,United Arab Emirates
Rashid John Al Ketbi,rashid.al.ketbi.imp2336@mail.example,+971 52 586 8202,71 Street 9,Sharjah,United Arab Emirates
Anil Hamad Yassin,anil.yassin.imp2337@mail.example,+971 56 784 6865,65 Street 40,Umm al-Quwain,United Arab Emirates
Marina Trading LLC 2338,accounts2338@import-marina.example,+971 9 446 1461,111 Street 6,Ajman,United Arab Emirates
Mansour Rania Al Kaabi,mansour.al.kaabi.imp2339@mail.example,+971 50 130 0177,6 Street 31,Abu Dhabi,United Arab Emirates
Palm Trading Industries LLC 2340,accounts2340@import-palm.example,+971 7 809 1389,82 Street 4,Abu Dhabi,United Arab Emirates
Zenith Steel Industries Co. 2341,accounts2341@import-zenith.example,+971 6 235 3525,103 Street 25,Ajman,United Arab Emirates
Nadia Fatima Smith,nadia.smith.imp2342@mail.example,+971 58 662 3018,71 Street 39,Ajman,United Arab Emirates
Star Aluminium LLC 2343,accounts2343@import-star.example,+971 2 463 8471,83 Street 25,Riyadh,Saudi Arabia
Mansour Omar Khan,mansour.khan.imp2344@mail.example,+971 54 819 7041,20 Street 1,Shenzhen,China
Prime Medical Supplies Est. 2345,accounts2345@import-prime.example,+971 2 532 1141,35 Street 28,Dubai,United Arab Emirates
Khalid Arjun Qureshi,khalid.qureshi.imp2346@mail.example,+971 52 990 7884,14 Street 12,Fujairah,United Arab Emirates
Faisal Hamad Al Qasimi,faisal.al.qasimi.imp2347@mail.example,+971 52 947 1123,35 Street 20,Fujairah,United Arab Emirates
Desert Trading Industries LLC 2348,accounts2348@import-desert.example,+971 3 538 6413,57 Street 21,Fujairah,United Arab Emirates
Fahad Wei Mathew,fahad.mathew.imp2349@mail.example,+971 50 217 7808,102 Street 2,Umm al-Quwain,United Arab Emirates
Desert Furniture FZCO 2350,accounts2350@import-desert.example,+971 6 654 3155,62 Street 18,Fujairah,United Arab Emirates
Al Wasl Marine Supplies FZE 2351,accounts2351@import-al.example,+971 3 695 8996,117 Street 22,Ras al-Khaimah,United Arab Emirates
Amal Tariq Mansour,amal.mansour.imp2352@mail.example,+971 50 861 5377,91 Street 31,Abu Dhabi,United Arab Emirates
Rashid Reem Smith,rashid.smith.imp2353@mail.example,+971 52 479 4840,75 Street 2,Salalah,Oman
Faisal Sara Wang,faisal.wang.imp2354@mail.example,+971 56 587 4990,51 Street 21,Fujairah,United Arab Emirates
Wei Fahad Al Ketbi,wei.al.ketbi.imp2355@mail.example,+971 55 413 4937,71 Street 12,Abu Dhabi,United Arab Emirates
Gulf Plastics FZE 2356,accounts2356@import-gulf.example,+971 4 385 7697,44 Street 19,London,United Kingdom
Unity Marine Supplies Industries LLC 2357,accounts2357@import-unity.example,+971 4 647 4960,100 Street 16,Dubai,United Arab Emirates
John Peter Al Hashimi,john.al.hashimi.imp2358@mail.example,+971 54 627 4723,92 Street 27,Sharjah,United Arab Emirates
Peter Hind Chen,peter.chen.imp2359@mail.example,+971 58 140 7861,52 Street 25,Abu Dhabi,United Arab Emirates
Lotus Furniture FZE 2360,accounts2360@import-lotus.example,+971 6 313 3255,18 Street 8,Umm al-Quwain,United Arab Emirates
Rashid Grace Novak,rashid.novak.imp2361@mail.example,+971 54 928 4129,37 Street 17,Umm al-Quwain,United Arab Emirates
Oasis Marine Supplies Est. 2362,accounts2362@import-oasis.example,+971 4 374 6265,35 Street 27,Umm al-Quwain,United Arab Emirates
Horizon Steel Industries Est. 2363,accounts2363@import-horizon.example,+971 2 638 3229,111 Street 14,Dubai,United Arab Emirates
Hind Fahad Habib,hind.habib.imp2364@mail.example,+971 56 617 6709,15 Street 21,Abu Dhabi,United Arab Emirates
Wei Daniel Siddiqui,wei.siddiqui.imp2365@mail.example,+971 56 234 7488,69 Street 36,Sharjah,United Arab Emirates
Abdullah Arjun Al Blooshi,abdullah.al.blooshi.imp2366@mail.example,+971 54 897 0662,25 Street 5,Dubai,United Arab Emirates
Asma Ali Jaber,asma.jaber.imp2367@mail.example,+971 56 806 4264,112 Street 12,Ras al-Khaimah,United Arab Emirates
Faisal Daniel Dsouza,faisal.dsouza.imp2368@mail.example,+971 55 835 2365,23 Street 25,Abu Dhabi,United Arab Emirates
Gulf Medical Supplies Est. 2369,accounts2369@import-gulf.example,+971 3 671 2060,38 Street 21,Ras al-Khaimah,United Arab Emirates
Arjun Maria Rahman,arjun.rahman.imp2370@mail.example,+971 52 721 7765,62 Street 14,Dubai,United Arab Emirates
Ahmed Imran Al Kaabi,ahmed.al.kaabi.imp2371@mail.example,+971 56 277 0027,85 Street 40,Kochi,India
Asma Maria Al Ketbi,asma.al.ketbi.imp2372@mail.example,+971 54 650 0624,68 Street 17,Sharjah,United Arab Emirates
Ali Faisal Smith,ali.smith.imp2373@mail.example,+971 56 388 3793,22 Street 13,Ras al-Khaimah,United Arab Emirates
Ibrahim Samir Al Blooshi,ibrahim.al.blooshi.imp2374@mail.example,+971 58 305 6973,69 Street 2,Abu Dhabi,United Arab Emirates
Golden Cables FZCO 2375,accounts2375@import-golden.example,+971 9 431 0351,28 Street 12,Abu Dhabi,United Arab Emirates
Salem Wei Al Suwaidi,salem.al.suwaidi.imp2376@mail.example,+971 56 308 8670,64 Street 14,Abu Dhabi,United Arab Emirates
Sanjay Maria Al Suwaidi,sanjay.al.suwaidi.imp2377@mail.example,+971 52 764 6930,116 Street 39,Umm al-Quwain,United Arab Emirates
Shamma Tariq Farouk,shamma.farouk.imp2378@mail.example,+971 54 497 5302,78 Street 35,Ajman,United Arab Emirates
Elena Hassan Haddad,elena.haddad.imp2379@mail.example,+971 54 353 1938,103 Street 28,Ras al-Khaimah,United Arab Emirates
Priya Nasser Al Dhaheri,priya.al.dhaheri.imp2380@mail.example,+971 54 657 2612,57 Street 28,Abu Dhabi,United Arab Emirates
John John Kowalski,john.kowalski.imp2381@mail.example,+971 55 362 0861,82 Street 37,Dubai,United Arab Emirates
Shamma Maria Al Romaithi,shamma.al.romaithi.imp2382@mail.example,+971 52 447 8128,88 Street 25,Umm al-Quwain,United Arab Emirates
Nasser Maria Smith,nasser.smith.imp2383@mail.example,+971 58 763 3736,84 Street 21,Abu Dhabi,United Arab Emirates
Ali Imran Mahmoud,ali.mahmoud.imp2384@mail.example,+971 58 138 2232,53 Street 39,Kochi,India
Al Fajr Trading Industries LLC 2385,accounts2385@import-al.example,+971 9 750 7847,17 Street 3,Sharjah,United Arab Emirates
Reem Samir Hussain,reem.hussain.imp2386@mail.example,+971 58 953 5374,33 Street 3,Sharjah,United Arab Emirates
Latifa Zayed Al Dhaheri,latifa.al.dhaheri.imp2387@mail.example,+971 58 414 1337,98 Street 12,Dubai,United Arab Emirates
Silver Glass LLC 2388,accounts2388@import-silver.example,+971 7 386 2227,101 Street 20,Fujairah,United Arab Emirates
Asma Bilal Nair,asma.nair.imp2389@mail.example,+971 52 447 2654,97 Street 40,Dubai,United Arab Emirates
Priya Elena Patel,priya.patel.imp2390@mail.example,+971 52 253 1570,78 Street 24,Dubai,United Arab Emirates
Prime Foodstuff LLC 2391,accounts2391@import-prime.example,+971 4 222 3371,29 Street 17,Fujairah,United Arab Emirates
Emirates Trading Co. 2392,accounts2392@import-emirates.example,+971 4 808 3181,41 Street 26,Sharjah,United Arab Emirates
Dune Auto Spare Parts FZCO 2393,accounts2393@import-dune.example,+971 7 278 4305,58 Street 18,Fujairah,United Arab Emirates
Desert Furniture Co. 2394,accounts2394@import-desert.example,+971 2 602 0780,23 Street 38,Umm al-Quwain,United Arab Emirates
Falcon Aluminium LLC 2395,accounts2395@import-falcon.example,+971 6 847 3884,62 Street 27,Umm al-Quwain,United Arab Emirates
Priya Nadia Al Muhairi,priya.al.muhairi.imp2396@mail.example,+971 52 956 5020,29 Street 34,Sharjah,United Arab Emirates
Atlas Electronics Co. 2397,accounts2397@import-atlas.example,+971 7 536 0718,59 Street 39,Sharjah,United Arab Emirates
Asma Anna Al Muhairi,asma.al.muhairi.imp2398@mail.example,+971 52 116 4107,68 Street 27,Sharjah,United Arab Emirates
Wei Saeed Al Ketbi,wei.al.ketbi.imp2399@mail.example,+971 50 463 5211,11 Street 21,Ajman,United Arab Emirates
Sky Medical Supplies Co. 2400,accounts2400@import-sky.example,+971 3 511 5700,82 Street 19,Dubai,United Arab Emirates
Oasis Paper Products Est. 2401,accounts2401@import-oasis.example,+971 6 588 5523,71 Street 30,Ajman,United Arab Emirates
Prime Electronics LLC 2402,accounts2402@import-prime.example,+971 4 200 7602,35 Street 5,Dubai,United Arab Emirates
Amal Faisal Habib,amal.habib.imp2403@mail.example,+971 56 873 4910,56 Street 29,Abu Dhabi,United Arab Emirates
Waleed Huda Al Marri,waleed.al.marri.imp2404@mail.example,+971 50 587 8788,101 Street 32,Ras al-Khaimah,United Arab Emirates
Fahad Ali Ivanova,fahad.ivanova.imp2405@mail.example,+971 55 583 9765,19 Street 1,Umm al-Quwain,United Arab Emirates
Al Noor Foodstuff FZCO 2406,accounts2406@import-al.example,+971 2 843 2371,9 Street 25,Sharjah,United Arab Emirates
Rania Noura Darwish,rania.darwish.imp2407@mail.example,+971 58 268 6676,117 Street 3,Fujairah,United Arab Emirates
Grace Samir Wang,grace.wang.imp2408@mail.example,+971 56 273 3929,117 Street 35,Sharjah,United Arab Emirates
Falcon Auto Spare Parts Est. 2409,accounts2409@import-falcon.example,+971 9 397 1535,109 Street 32,Ras al-Khaimah,United Arab Emirates
Horizon Furniture Co. 2410,accounts2410@import-horizon.example,+971 3 518 3962,116 Street 6,Ras al-Khaimah,United Arab Emirates
Gulf Foodstuff LLC 2411,accounts2411@import-gulf.example,+971 7 872 6821,95 Street 8,Sharjah,United Arab Emirates
Rahul Mariam Darwish,rahul.darwish.imp2412@mail.example,+971 58 499 6666,3 Street 23,Sharjah,United Arab Emirates
Huda Rania Obaid,huda.obaid.imp2413@mail.example,+971 52 233 7635,99 Street 3,Shenzhen,China
Oasis Chemicals Est. 2414,accounts2414@import-oasis.example,+971 4 595 2030,66 Street 18,Abu Dhabi,United Arab Emirates
Marina Cables FZE 2415,accounts2415@import-marina.example,+971 2 393 4480,94 Street 5,Sharjah,United Arab Emirates
Blue Wave Marine Supplies Est. 2416,accounts2416@import-blue.example,+971 7 873 0372,8 Street 33,Abu Dhabi,United Arab Emirates
Shamma Mariam Al Muhairi,shamma.al.muhairi.imp2417@mail.example,+971 52 316 8337,27 Street 35,Ajman,United Arab Emirates
Dune Medical Supplies Co. 2418,accounts2418@import-dune.example,+971 6 714 8272,101 Street 22,Abu Dhabi,United Arab Emirates
Khalid Ravi Darwish,khalid.darwish.imp2419@mail.example,+971 50 903 3159,56 Street 24,Jeddah,Saudi Arabia
Al Bayan Glass Est. 2420,accounts2420@import-al.example,+971 9 593 1754,120 Street 6,Ajman,United Arab Emirates
Hamdan Peter Sharma,hamdan.sharma.imp2421@mail.example,+971 55 862 3413,88 Street 11,Fujairah,United Arab Emirates
Aisha Nasser Mansour,aisha.mansour.imp2422@mail.example,+971 55 963 3161,1 Street 37,Fujairah,United Arab Emirates
Crescent Auto Spare Parts LLC 2423,accounts2423@import-crescent.example,+971 6 505 6328,79 Street 1,Salalah,Oman
Desert General Trading FZCO 2424,accounts2424@import-desert.example,+971 6 806 9068,48 Street 22,Muscat,Oman
Anna Faisal Haddad,anna.haddad.imp2425@mail.example,+971 55 207 6561,89 Street 4,Sharjah,United Arab Emirates
Sara Hassan Rahman,sara.rahman.imp2426@mail.example,+971 52 368 4653,22 Street 16,Umm al-Quwain,United Arab Emirates
Horizon Electronics FZCO 2427,accounts2427@import-horizon.example,+971 6 258 4983,90 Street 18,Mumbai,India
Unity Marine Supplies Co. 2428,accounts2428@import-unity.example,+971 4 279 4269,22 Street 1,Sharjah,United Arab Emirates
Anil Priya Thomas,anil.thomas.imp2429@mail.example,+971 55 418 4913,39 Street 38,Manchester,United Kingdom
Pearl General Trading Industries LLC 2430,accounts2430@import-pearl.example,+971 4 434 7240,77 Street 24,Ras al-Khaimah,United Arab Emirates
Khalid Peter Al Romaithi,khalid.al.romaithi.imp2431@mail.example,+971 55 820 8391,80 Street 13,Dubai,United Arab Emirates
John Ali Al Hashimi,john.al.hashimi.imp2432@mail.example,+971 52 191 6822,27 Street 11,Dubai,United Arab Emirates
Al Bayan Marine Supplies FZE 2433,accounts2433@import-al.example,+971 2 250 9181,78 Street 20,Dubai,United Arab Emirates
Mariam Dana Al Romaithi,mariam.al.romaithi.imp2434@mail.example,+971 50 585 7666,90 Street 23,Umm al-Quwain,United Arab Emirates
Mona Nasser Iyer,mona.iyer.imp2435@mail.example,+971 52 394 4213,63 Street 25,Abu Dhabi,United Arab Emirates
Sara Maria Al Muhairi,sara.al.muhairi.imp2436@mail.example,+971 50 156 5349,68 Street 18,Fujairah,United Arab Emirates
Zenith Chemicals Co. 2437,accounts2437@import-zenith.example,+971 2 285 5797,9 Street 25,Dubai,United Arab Emirates
Mansour Maria Liu,mansour.liu.imp2438@mail.example,+971 55 854 7618,43 Street 29,Ras al-Khaimah,United Arab Emirates
Daniel Hamad Wang,daniel.wang.imp2439@mail.example,+971 58 538 4939,37 Street 15,Dubai,United Arab Emirates
Mansour Abdullah Santos,mansour.santos.imp2440@mail.example,+971 50 214 7426,42 Street 40,Riyadh,Saudi Arabia
Maria Karim Haddad,maria.haddad.imp2441@mail.example,+971 56 999 0107,100 Street 9,Ras al-Khaimah,United Arab Emirates
Samir Majid Al Mansouri,samir.al.mansouri.imp2442@mail.example,+971 54 812 4175,19 Street 4,Dubai,United Arab Emirates
Oasis Furniture FZE 2443,accounts2443@import-oasis.example,+971 4 742 3622,41 Street 17,Fujairah,United Arab Emirates
Ravi Layla Saleh,ravi.saleh.imp2444@mail.example,+971 52 739 6746,66 Street 39,Ras al-Khaimah,United Arab Emirates
Asma Fatima Al Romaithi,asma.al.romaithi.imp2445@mail.example,+971 56 932 0546,44 Street 12,Ras al-Khaimah,United Arab Emirates
Ahmed Samir Habib,ahmed.habib.imp2446@mail.example,+971 52 452 3695,109 Street 39,Abu Dhabi,United Arab Emirates
Layla Reem Santos,layla.santos.imp2447@mail.example,+971 52 860 1198,14 Street 13,London,United Kingdom
Imran Rania Sharma,imran.sharma.imp2448@mail.example,+971 52 985 2126,106 Street 6,Dubai,United Arab Emirates
Rania Rashid Siddiqui,rania.siddiqui.imp2449@mail.example,+971 50 854 8508,42 Street 21,Ajman,United Arab Emirates
Arjun Tariq Rahman,arjun.rahman.imp2450@mail.example,+971 54 416 6443,6 Street 23,Shanghai,China
Gulf Furniture FZCO 2451,accounts2451@import-gulf.example,+971 2 505 2714,86 Street 3,Dubai,United Arab Emirates
Nasser Ahmed Al Romaithi,nasser.al.romaithi.imp2452@mail.example,+971 58 178 4401,64 Street 39,Fujairah,United Arab Emirates
Hamad Rashid Al Kaabi,hamad.al.kaabi.imp2453@mail.example,+971 52 497 6915,64 Street 29,Fujairah,United Arab Emirates
Rania Ibrahim Mahmoud,rania.mahmoud.imp2454@mail.example,+971 55 578 1609,106 Street 8,Umm al-Quwain,United Arab Emirates
Anil Bilal Al Marri,anil.al.marri.imp2455@mail.example,+971 52 974 6169,28 Street 7,Ajman,United Arab Emirates
Maitha Dana Sharma,maitha.sharma.imp2456@mail.example,+971 54 301 9228,14 Street 37,Ajman,United Arab Emirates
Fahad Yousef George,fahad.george.imp2457@mail.example,+971 56 869 2830,2 Street 7,Ras al-Khaimah,United Arab Emirates
Ibrahim Elena Nair,ibrahim.nair.imp2458@mail.example,+971 55 614 3220,88 Street 31,Sharjah,United Arab Emirates
Aisha Noura Al Dhaheri,aisha.al.dhaheri.imp2459@mail.example,+971 52 443 6016,19 Street 26,Ras al-Khaimah,United Arab Emirates
Salem Dana Al Shamsi,salem.al.shamsi.imp2460@mail.example,+971 55 570 4885,103 Street 28,Ajman,United Arab Emirates
Reem Elena Al Hashimi,reem.al.hashimi.imp2461@mail.example,+971 58 720 4618,106 Street 40,Umm al-Quwain,United Arab Emirates
Sanjay Hind Nasr,sanjay.nasr.imp2462@mail.example,+971 52 973 6030,79 Street 34,Umm al-Quwain,United Arab Emirates
Pearl Packaging Est. 2463,accounts2463@import-pearl.example,+971 9 461 6595,73 Street 31,Umm al-Quwain,United Arab Emirates
Huda Arjun Karam,huda.karam.imp2464@mail.example,+971 54 204 8771,97 Street 17,Fujairah,United Arab Emirates
Crescent Medical Supplies Industries LLC 2465,accounts2465@import-crescent.example,+971 4 876 0982,109 Street 37,Umm al-Quwain,United Arab Emirates
Yousef Noura Kowalski,yousef.kowalski.imp2466@mail.example,+971 56 864 1813,85 Street 4,Kochi,India
Anna Hamdan Saleh,anna.saleh.imp2467@mail.example,+971 55 629 8892,22 Street 6,Abu Dhabi,United Arab Emirates
Mariam Abdullah Darwish,mariam.darwish.imp2468@mail.example,+971 55 889 1906,24 Street 9,Sharjah,United Arab Emirates
Huda Yousef Nair,huda.nair.imp2469@mail.example,+971 50 347 0596,31 Street 22,Jeddah,Saudi Arabia
Noura Joseph Al Zaabi,noura.al.zaabi.imp2470@mail.example,+971 52 642 3165,23 Street 25,Dammam,Saudi Arabia
Royal Foodstuff FZE 2471,accounts2471@import-royal.example,+971 7 693 7779,87 Street 29,Ajman,United Arab Emirates
Anil Anil Al Mansouri,anil.al.mansouri.imp2472@mail.example,+971 50 682 3958,25 Street 18,Sharjah,United Arab Emirates
Coral Medical Supplies Co. 2473,accounts2473@import-coral.example,+971 3 853 5572,19 Street 20,Abu Dhabi,United Arab Emirates
Karim Shamma Al Romaithi,karim.al.romaithi.imp2474@mail.example,+971 58 587 6205,116 Street 7,Fujairah,United Arab Emirates
Sultan Huda Haddad,sultan.haddad.imp2475@mail.example,+971 58 608 2723,59 Street 9,Sharjah,United Arab Emirates
Asma Wei Qureshi,asma.qureshi.imp2476@mail.example,+971 50 282 3581,9 Street 7,Abu Dhabi,United Arab Emirates
Ahmed Hassan Santos,ahmed.santos.imp2477@mail.example,+971 52 120 4491,56 Street 35,Umm al-Quwain,United Arab Emirates
Gulf Aluminium Industries LLC 2478,accounts2478@import-gulf.example,+971 9 676 7523,89 Street 40,Ras al-Khaimah,United Arab Emirates
Falcon Glass Co. 2479,accounts2479@import-falcon.example,+971 2 441 0748,52 Street 21,Ajman,United Arab Emirates
Hind Nasser Haddad,hind.haddad.imp2480@mail.example,+971 58 815 0716,32 Street 4,Sharjah,United Arab Emirates
Coral Electronics FZE 2481,accounts2481@import-coral.example,+971 2 278 9437,28 Street 40,Umm al-Quwain,United Arab Emirates
Maitha Dana Hussain,maitha.hussain.imp2482@mail.example,+971 52 907 2959,99 Street 28,Manchester,United Kingdom
Rahul Zayed George,rahul.george.imp2483@mail.example,+971 58 840 2244,55 Street 28,Mumbai,India
Anna Anna Dsouza,anna.dsouza.imp2484@mail.example,+971 50 122 2031,72 Street 24,Ras al-Khaimah,United Arab Emirates
Huda Faisal Reyes,huda.reyes.imp2485@mail.example,+971 50 734 9632,87 Street 2,Fujairah,United Arab Emirates
Karim Arjun Menon,karim.menon.imp2486@mail.example,+971 56 354 1720,80 Street 6,Fujairah,United Arab Emirates
Ravi Faisal Patel,ravi.patel.imp2487@mail.example,+971 55 945 9214,50 Street 26,Riyadh,Saudi Arabia
Imran Hamad Liu,imran.liu.imp2488@mail.example,+971 52 620 3946,94 Street 18,Sharjah,United Arab Emirates
Faisal Arjun Al Hammadi,faisal.al.hammadi.imp2489@mail.example,+971 56 462 7245,78 Street 3,Ras al-Khaimah,United Arab Emirates
Faisal Reem Saleh,faisal.saleh.imp2490@mail.example,+971 55 541 9338,5 Street 21,Fujairah,United Arab Emirates
Prime Medical Supplies LLC 2491,accounts2491@import-prime.example,+971 7 671 9271,33 Street 25,Ras al-Khaimah,United Arab Emirates
Al Bayan Aluminium FZE 2492,accounts2492@import-al.example,+971 2 466 7512,107 Street 10,Fujairah,United Arab Emirates
Grace Salem Mathew,grace.mathew.imp2493@mail.example,+971 50 506 6998,67 Street 4,Ras al-Khaimah,United Arab Emirates
Blue Wave Auto Spare Parts FZE 2494,accounts2494@import-blue.example,+971 3 247 3449,107 Street 7,Abu Dhabi,United Arab Emirates
Saeed Ibrahim Mahmoud,saeed.mahmoud.imp2495@mail.example,+971 52 213 9353,6 Street 34,Ajman,United Arab Emirates
Amal Waleed Al Suwaidi,amal.al.suwaidi.imp2496@mail.example,+971 55 150 9051,58 Street 10,Sharjah,United Arab Emirates
Hassan Rania Rahman,hassan.rahman.imp2497@mail.example,+971 52 359 3124,1 Street 29,London,United Kingdom
Nadia Khalid Dsouza,nadia.dsouza.imp2498@mail.example,+971 58 896 7171,78 Street 12,Yiwu,China
Wei Nadia Al Mansouri,wei.al.mansouri.imp2499@mail.example,+971 50 245 9157,33 Street 13,Ras al-Khaimah,United Arab Emirates
Prime Plastics Est. 2500,accounts2500@import-prime.example,+971 4 440 6192,110 Street 19,Ajman,United Arab Emirates
Asma Ali Thomas,asma.thomas.imp2501@mail.example,+971 50 204 1568,68 Street 35,Fujairah,United Arab Emirates
Al Wasl Aluminium LLC 2502,accounts2502@import-al.example,+971 7 668 6045,106 Street 40,Fujairah,United Arab Emirates
Huda Maitha Al Dhaheri,huda.al.dhaheri.imp2503@mail.example,+971 55 169 1818,3 Street 4,Fujairah,United Arab Emirates
Al Fajr Textiles Est. 2504,accounts2504@import-al.example,+971 6 414 3712,68 Street 23,Umm al-Quwain,United Arab Emirates
Sultan Salem Liu,sultan.liu.imp2505@mail.example,+971 56 866 5343,49 Street 19,Abu Dhabi,United Arab Emirates
Rashid Waleed Haddad,rashid.haddad.imp2506@mail.example,+971 54 156 3576,32 Street 6,Ras al-Khaimah,United Arab Emirates
Ravi Karim Sharma,ravi.sharma.imp2507@mail.example,+971 58 313 4665,88 Street 28,Ras al-Khaimah,United Arab Emirates
Yousef Nasser Fernandes,yousef.fernandes.imp2508@mail.example,+971 52 816 5161,16 Street 6,Abu Dhabi,United Arab Emirates
Zayed Reem Al Muhairi,zayed.al.muhairi.imp2509@mail.example,+971 58 662 9993,47 Street 12,Dubai,United Arab Emirates
Maria Ibrahim Jaber,maria.jaber.imp2510@mail.example,+971 50 634 4286,10 Street 15,Ras al-Khaimah,United Arab Emirates
Mona Nadia Menon,mona.menon.imp2511@mail.example,+971 56 987 1002,22 Street 30,Fujairah,United Arab Emirates
Dune Electronics Co. 2512,accounts2512@import-dune.example,+971 6 362 0055,120 Street 30,Abu Dhabi,United Arab Emirates
Hamad Aisha Hussain,hamad.hussain.imp2513@mail.example,+971 54 155 5934,92 Street 15,Umm al-Quwain,United Arab Emirates
Hamad Shamma Khoury,hamad.khoury.imp2514@mail.example,+971 52 825 6550,117 Street 13,Dubai,United Arab Emirates
Al Noor Textiles Co. 2515,accounts2515@import-al.example,+971 9 342 3877,20 Street 36,Shanghai,China
Al Noor Marine Supplies FZE 2516,accounts2516@import-al.example,+971 2 633 6389,13 Street 7,Dubai,United Arab Emirates
Sanjay Nadia Habib,sanjay.habib.imp2517@mail.example,+971 52 325 2293,57 Street 36,Abu Dhabi,United Arab Emirates
Maria Amal Jaber,maria.jaber.imp2518@mail.example,+971 55 939 3840,29 Street 31,Ajman,United Arab Emirates
Horizon General Trading Industries LLC 2519,accounts2519@import-horizon.example,+971 6 361 5047,69 Street 11,Fujairah,United Arab Emirates
Gulf Textiles FZCO 2520,accounts2520@import-gulf.example,+971 3 480 8568,91 Street 7,Abu Dhabi,United Arab Emirates
Arjun Aisha Khan,arjun.khan.imp2521@mail.example,+971 56 367 7742,65 Street 34,Fujairah,United Arab Emirates
Fatima Omar Reyes,fatima.reyes.imp2522@mail.example,+971 56 961 8216,12 Street 25,Abu Dhabi,United Arab Emirates
Sara Ahmed George,sara.george.imp2523@mail.example,+971 56 623 4756,24 Street 12,Ajman,United Arab Emirates
Arjun Nadia Hussain,arjun.hussain.imp2524@mail.example,+971 58 176 0313,47 Street 26,Ras al-Khaimah,United Arab Emirates
Lotus Foodstuff Est. 2525,accounts2525@import-lotus.example,+971 6 329 4984,21 Street 8,Ras al-Khaimah,United Arab Emirates
Waleed Joseph Al Zaabi,waleed.al.zaabi.imp2526@mail.example,+971 54 362 9539,9 Street 19,Sharjah,United Arab Emirates
Asma Joseph Menon,asma.menon.imp2527@mail.example,+971 58 589 4494,60 Street 24,Umm al-Quwain,United Arab Emirates
Mohammed Tariq Santos,mohammed.santos.imp2528@mail.example,+971 58 930 5674,20 Street 16,Shanghai,China
Shamma Noura Al Suwaidi,shamma.al.suwaidi.imp2529@mail.example,+971 56 217 2563,76 Street 12,Abu Dhabi,United Arab Emirates
Saeed Majid Kowalski,saeed.kowalski.imp2530@mail.example,+971 50 695 0373,1 Street 27,Sharjah,United Arab Emirates
Imran Karim Jaber,imran.jaber.imp2531@mail.example,+971 56 619 0972,51 Street 14,Ajman,United Arab Emirates
Al Safa Furniture FZCO 2532,accounts2532@import-al.example,+971 2 667 7564,23 Street 3,Umm al-Quwain,United Arab Emirates
Noura Mona Aziz,noura.aziz.imp2533@mail.example,+971 58 293 0843,33 Street 40,Abu Dhabi,United Arab Emirates
Shamma Ali Al Dhaheri,shamma.al.dhaheri.imp2534@mail.example,+971 54 356 4506,5 Street 24,Dubai,United Arab Emirates
Nasser Hamdan Sharma,nasser.sharma.imp2535@mail.example,+971 55 325 6272,79 Street 38,Umm al-Quwain,United Arab Emirates
Star Marine Supplies Est. 2536,accounts2536@import-star.example,+971 6 225 5625,86 Street 8,Riyadh,Saudi Arabia
Star Paper Products Est. 2537,accounts2537@import-star.example,+971 3 785 0705,75 Street 31,Dubai,United Arab Emirates
Karim Bilal Liu,karim.liu.imp2538@mail.example,+971 56 296 5878,47 Street 3,Fujairah,United Arab Emirates
Sultan Elena Farouk,sultan.farouk.imp2539@mail.example,+971 56 250 4437,103 Street 5,Ras al-Khaimah,United Arab Emirates
Sultan Saeed Saleh,sultan.saleh.imp2540@mail.example,+971 58 831 7038,42 Street 12,Umm al-Quwain,United Arab Emirates
Cedar Auto Spare Parts FZCO 2541,accounts2541@import-cedar.example,+971 3 234 1576,18 Street 32,Sohar,Oman
Crescent Plastics FZCO 2542,accounts2542@import-crescent.example,+971 3 830 8167,26 Street 22,Muscat,Oman
Faisal Priya Karam,faisal.karam.imp2543@mail.example,+971 55 484 6757,118 Street 35,Umm al-Quwain,United Arab Emirates
Mohammed Tariq Saleh,mohammed.saleh.imp2544@mail.example,+971 58 813 4101,62 Street 34,Ras al-Khaimah,United Arab Emirates
Al Wasl Paper Products Co. 2545,accounts2545@import-al.example,+971 7 673 3768,114 Street 21,Sharjah,United Arab Emirates
Coral Logistics Industries LLC 2546,accounts2546@import-coral.example,+971 4 667 6801,114 Street 39,Abu Dhabi,United Arab Emirates
Hind Hamad Dsouza,hind.dsouza.imp2547@mail.example,+971 54 499 4401,119 Street 24,Fujairah,United Arab Emirates
Falcon Paints FZCO 2548,accounts2548@import-falcon.example,+971 9 658 0986,95 Street 4,Mumbai,India
Dana Joseph Aziz,dana.aziz.imp2549@mail.example,+971 55 683 6119,108 Street 34,Umm al-Quwain,United Arab Emirates
Aisha Saeed Haddad,aisha.haddad.imp2550@mail.example,+971 52 659 0364,90 Street 16,Dubai,United Arab Emirates
Dune Trading FZE 2551,accounts2551@import-dune.example,+971 4 803 9410,86 Street 24,Ras al-Khaimah,United Arab Emirates
Rashid Rania Qureshi,rashid.qureshi.imp2552@mail.example,+971 56 433 6529,45 Street 3,Salalah,Oman
Dune Glass Est. 2553,accounts2553@import-dune.example,+971 7 559 9296,112 Street 5,Dammam,Saudi Arabia
Ravi Sanjay Khan,ravi.khan.imp2554@mail.example,+971 58 805 5179,64 Street 21,Umm al-Quwain,United Arab Emirates
Dune Trading FZCO 2555,accounts2555@import-dune.example,+971 2 595 8836,84 Street 34,Abu Dhabi,United Arab Emirates
Fatima Ibrahim Smith,fatima.smith.imp2556@mail.example,+971 54 723 9751,76 Street 35,Sharjah,United Arab Emirates
Nadia Wei Qureshi,nadia.qureshi.imp2557@mail.example,+971 50 906 9234,33 Street 22,Sharjah,United Arab Emirates
Golden Glass LLC 2558,accounts2558@import-golden.example,+971 9 634 6866,117 Street 8,Dubai,United Arab Emirates
Samir Mohammed Thomas,samir.thomas.imp2559@mail.example,+971 56 652 2282,104 Street 36,Ras al-Khaimah,United Arab Emirates
Amal Majid Al Muhairi,amal.al.muhairi.imp2560@mail.example,+971 52 491 2316,106 Street 6,Ajman,United Arab Emirates
Khalid Amal Al Falasi,khalid.al.falasi.imp2561@mail.example,+971 50 240 3432,9 Street 8,Ras al-Khaimah,United Arab Emirates
Blue Wave Cables Est. 2562,accounts2562@import-blue.example,+971 3 643 4878,113 Street 34,Shanghai,China
Al Safa Glass Co. 2563,accounts2563@import-al.example,+971 2 881 4815,50 Street 35,Umm al-Quwain,United Arab Emirates
Al Fajr Plastics FZE 2564,accounts2564@import-al.example,+971 2 624 5422,109 Street 21,Manchester,United Kingdom
Blue Wave Steel Industries Industries LLC 2565,accounts2565@import-blue.example,+971 6 323 5122,99 Street 25,Umm al-Quwain,United Arab Emirates
Marina Marine Supplies FZE 2566,accounts2566@import-marina.example,+971 7 488 1062,15 Street 24,Dubai,United Arab Emirates
Al Wasl General Trading Industries LLC 2567,accounts2567@import-al.example,+971 2 417 9272,9 Street 4,Ajman,United Arab Emirates
Daniel Latifa Al Marri,daniel.al.marri.imp2568@mail.example,+971 55 153 7022,120 Street 19,Sharjah,United Arab Emirates
Zenith Furniture Industries LLC 2569,accounts2569@import-zenith.example,+971 7 420 6464,39 Street 15,Sharjah,United Arab Emirates
Joseph Samir Barakat,joseph.barakat.imp2570@mail.example,+971 56 322 2400,60 Street 10,Abu Dhabi,United Arab Emirates
Marina Steel Industries Co. 2571,accounts2571@import-marina.example,+971 6 440 7272,99 Street 32,Muscat,Oman
Wei Nadia Mahmoud,wei.mahmoud.imp2572@mail.example,+971 58 427 5421,62 Street 28,Ras al-Khaimah,United Arab Emirates
Joseph Ibrahim Patel,joseph.patel.imp2573@mail.example,+971 52 484 6288,27 Street 5,Fujairah,United Arab Emirates
Rashid Imran Qureshi,rashid.qureshi.imp2574@mail.example,+971 56 364 7597,82 Street 2,Abu Dhabi,United Arab Emirates
Elena Majid Darwish,elena.darwish.imp2575@mail.example,+971 54 941 1445,16 Street 19,Dubai,United Arab Emirates
Fatima Ibrahim Al Ketbi,fatima.al.ketbi.imp2576@mail.example,+971 55 375 1065,93 Street 37,Fujairah,United Arab Emirates
Arjun Daniel Al Dhaheri,arjun.al.dhaheri.imp2577@mail.example,+971 50 155 0891,61 Street 24,Ras al-Khaimah,United Arab Emirates
Priya Wei Sharma,priya.sharma.imp2578@mail.example,+971 54 694 1588,44 Street 19,Ajman,United Arab Emirates
Fahad Huda Yassin,fahad.yassin.imp2579@mail.example,+971 55 432 6253,16 Street 28,Umm al-Quwain,United Arab Emirates
Emirates Packaging FZE 2580,accounts2580@import-emirates.example,+971 9 377 2754,73 Street 18,Fujairah,United Arab Emirates
Atlas Logistics Industries LLC 2581,accounts2581@import-atlas.example,+971 3 379 3599,3 Street 4,Umm al-Quwain,United Arab Emirates
Al Bayan Trading Est. 2582,accounts2582@import-al.example,+971 2 662 4068,28 Street 24,Ras al-Khaimah,United Arab Emirates
Omar Fatima Al Muhairi,omar.al.muhairi.imp2583@mail.example,+971 54 481 4209,46 Street 16,Ajman,United Arab Emirates
Al Noor Trading Industries LLC 2584,accounts2584@import-al.example,+971 9 377 4542,76 Street 26,Sharjah,United Arab Emirates
Pearl Aluminium FZE 2585,accounts2585@import-pearl.example,+971 7 883 5336,34 Street 21,Dubai,United Arab Emirates
Joseph Maitha Santos,joseph.santos.imp2586@mail.example,+971 52 561 2814,107 Street 37,Dubai,United Arab Emirates
Huda Rahul Fernandes,huda.fernandes.imp2587@mail.example,+971 50 364 0338,39 Street 10,Ajman,United Arab Emirates
Emirates General Trading Co. 2588,accounts2588@import-emirates.example,+971 6 745 7275,68 Street 27,Sharjah,United Arab Emirates
Samir Shamma Al Qasimi,samir.al.qasimi.imp2589@mail.example,+971 50 841 4019,47 Street 16,Fujairah,United Arab Emirates
Hamad Samir Chen,hamad.chen.imp2590@mail.example,+971 55 873 5774,66 Street 6,Muscat,Oman
Desert Textiles Est. 2591,accounts2591@import-desert.example,+971 2 535 1853,20 Street 33,Fujairah,United Arab Emirates
Nasser Priya Obaid,nasser.obaid.imp2592@mail.example,+971 58 483 4645,76 Street 5,Sharjah,United Arab Emirates
Horizon Trading FZE 2593,accounts2593@import-horizon.example,+971 2 237 4039,62 Street 12,Abu Dhabi,United Arab Emirates
Lotus Cables LLC 2594,accounts2594@import-lotus.example,+971 7 732 0433,71 Street 33,Ajman,United Arab Emirates
Huda Shamma Al Zaabi,huda.al.zaabi.imp2595@mail.example,+971 56 523 1435,105 Street 35,Umm al-Quwain,United Arab Emirates
Hind Abdullah Novak,hind.novak.imp2596@mail.example,+971 50 214 8774,98 Street 1,Sharjah,United Arab Emirates
Peter Latifa Saleh,peter.saleh.imp2597@mail.example,+971 50 636 4883,60 Street 13,Ajman,United Arab Emirates
Dune Glass FZCO 2598,accounts2598@import-dune.example,+971 6 710 4594,78 Street 1,Manchester,United Kingdom
Samir Dana Habib,samir.habib.imp2599@mail.example,+971 56 267 1001,76 Street 6,Sharjah,United Arab Emirates
Anna Hassan Habib,anna.habib.imp2600@mail.example,+971 56 320 2934,13 Street 9,Ras al-Khaimah,United Arab Emirates
Al Safa Glass FZE 2601,accounts2601@import-al.example,+971 9 536 2864,86 Street 2,Mumbai,India
Emirates Logistics FZE 2602,accounts2602@import-emirates.example,+971 9 271 8804,98 Street 7,Umm al-Quwain,United Arab Emirates
Blue Wave Auto Spare Parts LLC 2603,accounts2603@import-blue.example,+971 6 351 7156,20 Street 21,Ras al-Khaimah,United Arab Emirates
Faisal Amal Al Mansouri,faisal.al.mansouri.imp2604@mail.example,+971 50 990 7777,31 Street 15,Abu Dhabi,United Arab Emirates
Al Noor Aluminium FZE 2605,accounts2605@import-al.example,+971 4 215 8004,81 Street 5,Sharjah,United Arab Emirates
Zayed Nasser Al Qasimi,zayed.al.qasimi.imp2606@mail.example,+971 52 333 9051,21 Street 30,Umm al-Quwain,United Arab Emirates
Waleed Anil Liu,waleed.liu.imp2607@mail.example,+971 56 382 5795,17 Street 6,Fujairah,United Arab Emirates
Hassan Mansour Al Mazrouei,hassan.al.mazrouei.imp2608@mail.example,+971 50 216 7063,21 Street 8,Salalah,Oman
Latifa Mona Al Marri,latifa.al.marri.imp2609@mail.example,+971 52 638 5957,70 Street 26,Ras al-Khaimah,United Arab Emirates
Salem Joseph Khan,salem.khan.imp2610@mail.example,+971 50 530 8163,60 Street 29,Abu Dhabi,United Arab Emirates
Crescent Foodstuff FZCO 2611,accounts2611@import-crescent.example,+971 3 379 0615,59 Street 18,Jeddah,Saudi Arabia
Layla Majid Gupta,layla.gupta.imp2612@mail.example,+971 55 310 3073,1 Street 31,Ras al-Khaimah,United Arab Emirates
Oasis Electronics Est. 2613,accounts2613@import-oasis.example,+971 4 877 5272,105 Street 32,Ajman,United Arab Emirates
Nadia Yousef Siddiqui,nadia.siddiqui.imp2614@mail.example,+971 58 981 3589,108 Street 29,Riyadh,Saudi Arabia
Lotus Plastics FZE 2615,accounts2615@import-lotus.example,+971 7 704 7272,69 Street 38,Mumbai,India
Ibrahim Mariam Qureshi,ibrahim.qureshi.imp2616@mail.example,+971 54 495 8810,97 Street 6,Sharjah,United Arab Emirates
Abdullah Yousef Al Zaabi,abdullah.al.zaabi.imp2617@mail.example,+971 58 348 3161,37 Street 24,Fujairah,United Arab Emirates
Mansour Grace Wang,mansour.wang.imp2618@mail.example,+971 56 186 6814,13 Street 35,Ras al-Khaimah,United Arab Emirates
Sky Glass LLC 2619,accounts2619@import-sky.example,+971 9 222 8389,66 Street 14,Umm al-Quwain,United Arab Emirates
Maria Tariq Mahmoud,maria.mahmoud.imp2620@mail.example,+971 56 226 0923,119 Street 33,Sharjah,United Arab Emirates
Al Bayan Electronics Co. 2621,accounts2621@import-al.example,+971 2 739 3589,96 Street 24,Umm al-Quwain,United Arab Emirates
Al Bayan Textiles FZCO 2622,accounts2622@import-al.example,+971 3 694 8667,87 Street 25,Umm al-Quwain,United Arab Emirates
Khalid John Patel,khalid.patel.imp2623@mail.example,+971 58 965 2624,27 Street 13,Umm al-Quwain,United Arab Emirates
Wei Fatima Khoury,wei.khoury.imp2624@mail.example,+971 54 543 7693,34 Street 19,Sharjah,United Arab Emirates
Mona Maria Iyer,mona.iyer.imp2625@mail.example,+971 54 790 3486,114 Street 35,Fujairah,United Arab Emirates
Zayed Huda Al Kaabi,zayed.al.kaabi.imp2626@mail.example,+971 54 364 5256,112 Street 39,Abu Dhabi,United Arab Emirates
Al Safa Paints Co. 2627,accounts2627@import-al.example,+971 2 640 4971,70 Street 35,Shenzhen,China
Khalid Anil Barakat,khalid.barakat.imp2628@mail.example,+971 50 982 8112,117 Street 35,Ras al-Khaimah,United Arab Emirates
Lotus Packaging LLC 2629,accounts2629@import-lotus.example,+971 9 701 2480,22 Street 22,Manchester,United Kingdom
Al Wasl Steel Industries Est. 2630,accounts2630@import-al.example,+971 2 893 4912,65 Street 5,Sohar,Oman
Huda Mona Awad,huda.awad.imp2631@mail.example,+971 58 848 2723,73 Street 36,Ajman,United Arab Emirates
Rashid Shamma Rahman,rashid.rahman.imp2632@mail.example,+971 52 849 0179,59 Street 19,Ajman,United Arab Emirates
Blue Wave Trading Co. 2633,accounts2633@import-blue.example,+971 4 820 5683,100 Street 28,Dubai,United Arab Emirates
Karim Latifa Habib,karim.habib.imp2634@mail.example,+971 58 962 4802,62 Street 17,Fujairah,United Arab Emirates
Noura Saeed Darwish,noura.darwish.imp2635@mail.example,+971 56 820 9875,36 Street 35,Sharjah,United Arab Emirates
Sky Aluminium FZCO 2636,accounts2636@import-sky.example,+971 4 299 5964,10 Street 29,Dubai,United Arab Emirates
Unity Textiles Industries LLC 2637,accounts2637@import-unity.example,+971 3 745 7357,64 Street 26,Abu Dhabi,United Arab Emirates
Atlas Auto Spare Parts Industries LLC 2638,accounts2638@import-atlas.example,+971 3 836 3511,80 Street 22,Sharjah,United Arab Emirates
Sultan Reem George,sultan.george.imp2639@mail.example,+971 58 679 3788,81 Street 36,Sohar,Oman
Emirates Furniture Est. 2640,accounts2640@import-emirates.example,+971 4 215 6309,101 Street 23,Dubai,United Arab Emirates
Tariq Tariq Mahmoud,tariq.mahmoud.imp2641@mail.example,+971 52 644 6873,119 Street 8,Sharjah,United Arab Emirates
Fatima Zayed Mahmoud,fatima.mahmoud.imp2642@mail.example,+971 55 850 5577,59 Street 8,Abu Dhabi,United Arab Emirates
Summit Auto Spare Parts FZCO 2643,accounts2643@import-summit.example,+971 9 270 6542,13 Street 5,Umm al-Quwain,United Arab Emirates
Ravi Amal Al Shamsi,ravi.al.shamsi.imp2644@mail.example,+971 58 985 9663,100 Street 28,Abu Dhabi,United Arab Emirates
Sky Building Materials Industries LLC 2645,accounts2645@import-sky.example,+971 6 859 8039,36 Street 17,Umm al-Quwain,United Arab Emirates
Al Fajr Paper Products FZCO 2646,accounts2646@import-al.example,+971 3 399 3701,119 Street 12,Abu Dhabi,United Arab Emirates
Star Paper Products Industries LLC 2647,accounts2647@import-star.example,+971 4 593 4274,26 Street 11,Dubai,United Arab Emirates
Al Safa Furniture LLC 2648,accounts2648@import-al.example,+971 4 605 2286,1 Street 34,Umm al-Quwain,United Arab Emirates
Pearl Medical Supplies Industries LLC 2649,accounts2649@import-pearl.example,+971 6 822 4524,64 Street 10,Umm al-Quwain,United Arab Emirates
Marina Auto Spare Parts Co. 2650,accounts2650@import-marina.example,+971 4 605 6554,60 Street 39,Dubai,United Arab Emirates
Al Wasl Steel Industries FZCO 2651,accounts2651@import-al.example,+971 6 868 5802,35 Street 33,Abu Dhabi,United Arab Emirates
Reem Joseph Smith,reem.smith.imp2652@mail.example,+971 55 443 5373,53 Street 17,Ajman,United Arab Emirates
Mariam Fahad Nair,mariam.nair.imp2653@mail.example,+971 50 904 7224,109 Street 3,Dubai,United Arab Emirates
Mohammed Reem Al Shamsi,mohammed.al.shamsi.imp2654@mail.example,+971 56 317 4081,3 Street 21,Umm al-Quwain,United Arab Emirates
Saeed Latifa Wang,saeed.wang.imp2655@mail.example,+971 52 877 6453,35 Street 2,Jeddah,Saudi Arabia
Al Noor Cables FZE 2656,accounts2656@import-al.example,+971 4 757 7627,45 Street 19,Abu Dhabi,United Arab Emirates
Sky Packaging Co. 2657,accounts2657@import-sky.example,+971 3 245 2244,27 Street 6,Riyadh,Saudi Arabia
Noura Mariam Reyes,noura.reyes.imp2658@mail.example,+971 55 437 1021,26 Street 18,Fujairah,United Arab Emirates
Maria Priya Khan,maria.khan.imp2659@mail.example,+971 52 956 4372,69 Street 14,Dubai,United Arab Emirates
Marina Plastics LLC 2660,accounts2660@import-marina.example,+971 3 816 6434,44 Street 26,Umm al-Quwain,United Arab Emirates
Ali Amal Obaid,ali.obaid.imp2661@mail.example,+971 58 282 4323,6 Street 40,Abu Dhabi,United Arab Emirates
Hamad Rashid Habib,hamad.habib.imp2662@mail.example,+971 52 550 4297,38 Street 26,Sharjah,United Arab Emirates
Omar Abdullah Al Mansouri,omar.al.mansouri.imp2663@mail.example,+971 54 280 3551,96 Street 40,Umm al-Quwain,United Arab Emirates
Ibrahim Rashid Jaber,ibrahim.jaber.imp2664@mail.example,+971 50 858 0945,36 Street 28,Umm al-Quwain,United Arab Emirates
Latifa Daniel Al Hammadi,latifa.al.hammadi.imp2665@mail.example,+971 56 273 4978,65 Street 6,Yiwu,China
Star Building Materials Est. 2666,accounts2666@import-star.example,+971 2 613 6570,106 Street 37,Ajman,United Arab Emirates
Al Wasl Glass FZCO 2667,accounts2667@import-al.example,+971 4 847 5845,39 Street 21,Fujairah,United Arab Emirates
John Noura Novak,john.novak.imp2668@mail.example,+971 55 363 5349,48 Street 36,Dubai,United Arab Emirates
Abdullah Salem Iyer,abdullah.iyer.imp2669@mail.example,+971 54 351 8150,13 Street 39,Abu Dhabi,United Arab Emirates
Sanjay Shamma Mahmoud,sanjay.mahmoud.imp2670@mail.example,+971 58 356 4625,118 Street 8,Abu Dhabi,United Arab Emirates
Desert Cables Industries LLC 2671,accounts2671@import-desert.example,+971 6 500 7109,26 Street 5,Fujairah,United Arab Emirates
Golden General Trading Industries LLC 2672,accounts2672@import-golden.example,+971 7 296 1048,89 Street 8,Umm al-Quwain,United Arab Emirates
Fahad Nadia Al Marri,fahad.al.marri.imp2673@mail.example,+971 50 380 6421,111 Street 9,Dubai,United Arab Emirates
Karim Zayed Habib,karim.habib.imp2674@mail.example,+971 54 810 1057,106 Street 19,Sharjah,United Arab Emirates
Aisha Fahad Siddiqui,aisha.siddiqui.imp2675@mail.example,+971 55 716 6212,28 Street 27,Abu Dhabi,United Arab Emirates
Elena Waleed Saleh,elena.saleh.imp2676@mail.example,+971 54 840 9732,10 Street 25,Sharjah,United Arab Emirates
Salem Grace Karam,salem.karam.imp2677@mail.example,+971 58 854 8542,109 Street 24,Fujairah,United Arab Emirates
Blue Wave Medical Supplies FZCO 2678,accounts2678@import-blue.example,+971 6 485 4921,84 Street 15,Riyadh,Saudi Arabia
Layla Amal Sharma,layla.sharma.imp2679@mail.example,+971 54 322 4608,28 Street 31,Umm al-Quwain,United Arab Emirates
Ahmed Peter Dsouza,ahmed.dsouza.imp2680@mail.example,+971 58 577 9107,4 Street 20,Ras al-Khaimah,United Arab Emirates
Huda Priya Habib,huda.habib.imp2681@mail.example,+971 50 508 9902,42 Street 12,Ras al-Khaimah,United Arab Emirates
Amal Huda Thomas,amal.thomas.imp2682@mail.example,+971 54 812 1379,119 Street 33,Ras al-Khaimah,United Arab Emirates
Al Noor Medical Supplies Co. 2683,accounts2683@import-al.example,+971 2 749 8369,106 Street 9,Dubai,United Arab Emirates
Sultan Omar Al Qasimi,sultan.al.qasimi.imp2684@mail.example,+971 55 948 0047,4 Street 4,Dammam,Saudi Arabia
Hamad Huda Obaid,hamad.obaid.imp2685@mail.example,+971 58 487 4166,109 Street 12,Sharjah,United Arab Emirates
Al Bayan Steel Industries LLC 2686,accounts2686@import-al.example,+971 2 696 0229,80 Street 22,Fujairah,United Arab Emirates
Ibrahim Mohammed Jaber,ibrahim.jaber.imp2687@mail.example,+971 58 470 7412,57 Street 40,Umm al-Quwain,United Arab Emirates
Joseph Anil Menon,joseph.menon.imp2688@mail.example,+971 50 515 5050,97 Street 16,Umm al-Quwain,United Arab Emirates
Marina Steel Industries LLC 2689,accounts2689@import-marina.example,+971 4 665 7847,9 Street 16,Dubai,United Arab Emirates
Layla Imran Farouk,layla.farouk.imp2690@mail.example,+971 54 368 7002,18 Street 21,Dubai,United Arab Emirates
Falcon Cables FZCO 2691,accounts2691@import-falcon.example,+971 9 417 6260,118 Street 9,Umm al-Quwain,United Arab Emirates
Ravi Mohammed Obaid,ravi.obaid.imp2692@mail.example,+971 52 141 0078,66 Street 8,Dubai,United Arab Emirates
Summit Medical Supplies LLC 2693,accounts2693@import-summit.example,+971 6 439 0638,101 Street 34,Manchester,United Kingdom
Hind Joseph Al Dhaheri,hind.al.dhaheri.imp2694@mail.example,+971 50 370 5260,114 Street 28,Sharjah,United Arab Emirates
Summit Cables LLC 2695,accounts2695@import-summit.example,+971 9 873 0742,6 Street 24,Abu Dhabi,United Arab Emirates
Fahad Nasser Yassin,fahad.yassin.imp2696@mail.example,+971 50 781 4905,109 Street 16,Ajman,United Arab Emirates
Peter Amal Ivanova,peter.ivanova.imp2697@mail.example,+971 54 288 3741,74 Street 22,Fujairah,United Arab Emirates
Latifa Maitha Al Mansouri,latifa.al.mansouri.imp2698@mail.example,+971 54 873 6526,55 Street 19,Abu Dhabi,United Arab Emirates
Salem Maria Kowalski,salem.kowalski.imp2699@mail.example,+971 50 527 5435,6 Street 16,Dubai,United Arab Emirates
Saeed Saeed Habib,saeed.habib.imp2700@mail.example,+971 52 563 1299,85 Street 29,Abu Dhabi,United Arab Emirates
Omar Samir Qureshi,omar.qureshi.imp2701@mail.example,+971 50 242 0073,13 Street 28,Sharjah,United Arab Emirates
Hamdan Noura Jaber,hamdan.jaber.imp2702@mail.example,+971 55 276 3270,115 Street 27,Ras al-Khaimah,United Arab Emirates
Majid Hassan Gupta,majid.gupta.imp2703@mail.example,+971 56 455 0179,62 Street 5,Ajman,United Arab Emirates
Tariq Aisha Saleh,tariq.saleh.imp2704@mail.example,+971 58 979 4429,31 Street 3,Sohar,Oman
Dana Wei Al Nuaimi,dana.al.nuaimi.imp2705@mail.example,+971 55 914 1011,1 Street 8,Fujairah,United Arab Emirates
Yousef Mona Obaid,yousef.obaid.imp2706@mail.example,+971 55 966 5668,106 Street 27,Ras al-Khaimah,United Arab Emirates
Nasser Saeed Saleh,nasser.saleh.imp2707@mail.example,+971 56 590 4497,82 Street 3,Fujairah,United Arab Emirates
Samir Mansour Al Mansouri,samir.al.mansouri.imp2708@mail.example,+971 50 882 5732,8 Street 30,Dubai,United Arab Emirates
Horizon Logistics Est. 2709,accounts2709@import-horizon.example,+971 7 447 4455,18 Street 40,Abu Dhabi,United Arab Emirates
Maria Rashid Fernandes,maria.fernandes.imp2710@mail.example,+971 52 600 8176,42 Street 38,Dubai,United Arab Emirates
Fatima Omar Awad,fatima.awad.imp2711@mail.example,+971 50 470 0972,101 Street 5,Umm al-Quwain,United Arab Emirates
John Omar Reyes,john.reyes.imp2712@mail.example,+971 50 682 3022,39 Street 10,Fujairah,United Arab Emirates
Oasis Steel Industries FZE 2713,accounts2713@import-oasis.example,+971 6 304 9646,86 Street 12,Fujairah,United Arab Emirates
Maria Reem Yassin,maria.yassin.imp2714@mail.example,+971 54 871 7119,26 Street 26,Fujairah,United Arab Emirates
Peter Anil Qureshi,peter.qureshi.imp2715@mail.example,+971 55 798 8880,105 Street 22,Umm al-Quwain,United Arab Emirates
Hassan Shamma Obaid,hassan.obaid.imp2716@mail.example,+971 54 886 4417,4 Street 13,Riyadh,Saudi Arabia
Cedar Textiles Co. 2717,accounts2717@import-cedar.example,+971 9 530 1432,48 Street 22,Abu Dhabi,United Arab Emirates
Priya Rashid Dsouza,priya.dsouza.imp2718@mail.example,+971 50 262 3856,75 Street 25,Umm al-Quwain,United Arab Emirates
Anna Khalid Chen,anna.chen.imp2719@mail.example,+971 58 366 7636,28 Street 36,Dubai,United Arab Emirates
Maria Zayed Rahman,maria.rahman.imp2720@mail.example,+971 58 163 9539,80 Street 3,Sohar,Oman
Coral Chemicals FZE 2721,accounts2721@import-coral.example,+971 2 448 0414,29 Street 31,Fujairah,United Arab Emirates
Atlas Textiles FZCO 2722,accounts2722@import-atlas.example,+971 4 456 8668,89 Street 11,Sharjah,United Arab Emirates
Bilal Faisal Al Shamsi,bilal.al.shamsi.imp2723@mail.example,+971 54 343 4361,13 Street 7,Umm al-Quwain,United Arab Emirates
Royal General Trading Est. 2724,accounts2724@import-royal.example,+971 7 525 8722,91 Street 39,Sharjah,United Arab Emirates
Golden Furniture LLC 2725,accounts2725@import-golden.example,+971 7 854 2074,42 Street 17,Dubai,United Arab Emirates
Hassan Fahad Iyer,hassan.iyer.imp2726@mail.example,+971 54 137 7095,65 Street 1,Sharjah,United Arab Emirates
Anna Ahmed Nair,anna.nair.imp2727@mail.example,+971 55 194 6520,108 Street 37,Ras al-Khaimah,United Arab Emirates
Elena Omar Yassin,elena.yassin.imp2728@mail.example,+971 50 932 5573,51 Street 14,Sharjah,United Arab Emirates
Desert Medical Supplies Industries LLC 2729,accounts2729@import-desert.example,+971 2 438 2450,92 Street 10,Abu Dhabi,United Arab Emirates
Majid Hamad Thomas,majid.thomas.imp2730@mail.example,+971 55 625 7982,79 Street 2,Abu Dhabi,United Arab Emirates
Al Wasl Marine Supplies FZCO 2731,accounts2731@import-al.example,+971 4 226 4359,116 Street 25,Umm al-Quwain,United Arab Emirates
Samir Mona Al Nuaimi,samir.al.nuaimi.imp2732@mail.example,+971 58 745 6337,76 Street 12,Umm al-Quwain,United Arab Emirates
Dune Auto Spare Parts FZE 2733,accounts2733@import-dune.example,+971 3 541 3851,52 Street 13,Ras al-Khaimah,United Arab Emirates
Star Packaging LLC 2734,accounts2734@import-star.example,+971 6 235 1408,70 Street 17,Ras al-Khaimah,United Arab Emirates
Joseph Majid Al Falasi,joseph.al.falasi.imp2735@mail.example,+971 50 199 6853,39 Street 36,Umm al-Quwain,United Arab Emirates
Hamdan Asma Haddad,hamdan.haddad.imp2736@mail.example,+971 50 394 2873,14 Street 22,Fujairah,United Arab Emirates
Noura Hassan Al Ketbi,noura.al.ketbi.imp2737@mail.example,+971 50 767 3458,16 Street 23,Sharjah,United Arab Emirates
Shamma Rania Santos,shamma.santos.imp2738@mail.example,+971 50 858 3012,70 Street 7,Abu Dhabi,United Arab Emirates
Coral Plastics FZCO 2739,accounts2739@import-coral.example,+971 3 754 9919,19 Street 14,Sharjah,United Arab Emirates
Asma Elena Sharma,asma.sharma.imp2740@mail.example,+971 55 269 5920,32 Street 37,Dubai,United Arab Emirates
Sultan Khalid Al Mansouri,sultan.al.mansouri.imp2741@mail.example,+971 52 403 4026,87 Street 27,Fujairah,United Arab Emirates
Al Safa Auto Spare Parts Industries LLC 2742,accounts2742@import-al.example,+971 9 364 5743,47 Street 30,Sharjah,United Arab Emirates
Crescent Aluminium Co. 2743,accounts2743@import-crescent.example,+971 3 688 7895,5 Street 33,Fujairah,United Arab Emirates
Mansour Yousef Awad,mansour.awad.imp2744@mail.example,+971 54 644 7063,32 Street 17,Abu Dhabi,United Arab Emirates
Khalid Mansour Kowalski,khalid.kowalski.imp2745@mail.example,+971 50 534 9184,47 Street 26,Ajman,United Arab Emirates
Mohammed Shamma Chen,mohammed.chen.imp2746@mail.example,+971 52 896 0336,74 Street 40,Abu Dhabi,United Arab Emirates
Samir Layla Khoury,samir.khoury.imp2747@mail.example,+971 56 288 1076,6 Street 30,Umm al-Quwain,United Arab Emirates
Fatima Reem Hussain,fatima.hussain.imp2748@mail.example,+971 58 761 8630,103 Street 23,Abu Dhabi,United Arab Emirates
Hind Salem Nasr,hind.nasr.imp2749@mail.example,+971 52 868 4897,44 Street 34,Umm al-Quwain,United Arab Emirates
Golden Steel Industries LLC 2750,accounts2750@import-golden.example,+971 6 897 3673,90 Street 7,Ajman,United Arab Emirates
Rashid Yousef George,rashid.george.imp2751@mail.example,+971 55 976 5023,15 Street 19,Fujairah,United Arab Emirates
Bilal Amal Al Suwaidi,bilal.al.suwaidi.imp2752@mail.example,+971 52 161 7077,55 Street 38,Abu Dhabi,United Arab Emirates
Faisal Anna Iyer,faisal.iyer.imp2753@mail.example,+971 55 135 5585,62 Street 34,Abu Dhabi,United Arab Emirates
Zayed John Chen,zayed.chen.imp2754@mail.example,+971 54 732 1781,35 Street 15,Ras al-Khaimah,United Arab Emirates
Unity Glass Est. 2755,accounts2755@import-unity.example,+971 6 490 8689,65 Street 14,Sharjah,United Arab Emirates
Cedar Cables FZCO 2756,accounts2756@import-cedar.example,+971 4 836 6467,61 Street 8,Umm al-Quwain,United Arab Emirates
Elena Abdullah Liu,elena.liu.imp2757@mail.example,+971 55 117 6188,90 Street 17,Ras al-Khaimah,United Arab Emirates
Arjun Samir Kowalski,arjun.kowalski.imp2758@mail.example,+971 58 650 7138,71 Street 31,Abu Dhabi,United Arab Emirates
Priya Rashid Al Falasi,priya.al.falasi.imp2759@mail.example,+971 52 174 1706,36 Street 5,Ajman,United Arab Emirates
Ravi Majid Al Muhairi,ravi.al.muhairi.imp2760@mail.example,+971 58 929 4402,39 Street 22,Sharjah,United Arab Emirates
Nasser Nadia Santos,nasser.santos.imp2761@mail.example,+971 56 413 4325,89 Street 19,Ras al-Khaimah,United Arab Emirates
Fahad Karim Al Ameri,fahad.al.ameri.imp2762@mail.example,+971 55 952 0890,67 Street 27,Ras al-Khaimah,United Arab Emirates
Zenith Glass FZE 2763,accounts2763@import-zenith.example,+971 7 787 8340,116 Street 15,Ajman,United Arab Emirates
Blue Wave Auto Spare Parts FZE 2764,accounts2764@import-blue.example,+971 7 270 0368,9 Street 4,Ras al-Khaimah,United Arab Emirates
Emirates Marine Supplies Co. 2765,accounts2765@import-emirates.example,+971 3 266 4982,49 Street 29,Sharjah,United Arab Emirates
Nasser Layla Al Mansouri,nasser.al.mansouri.imp2766@mail.example,+971 55 216 0702,115 Street 5,London,United Kingdom
Daniel Zayed Al Hammadi,daniel.al.hammadi.imp2767@mail.example,+971 52 982 8504,103 Street 30,Dammam,Saudi Arabia
Palm Electronics Industries LLC 2768,accounts2768@import-palm.example,+971 7 809 1986,81 Street 23,Umm al-Quwain,United Arab Emirates
Mariam Latifa Al Falasi,mariam.al.falasi.imp2769@mail.example,+971 50 166 7579,100 Street 34,Umm al-Quwain,United Arab Emirates
Tariq Salem Al Nuaimi,tariq.al.nuaimi.imp2770@mail.example,+971 54 516 7108,73 Street 39,Umm al-Quwain,United Arab Emirates
Tariq Shamma Iyer,tariq.iyer.imp2771@mail.example,+971 56 599 0633,111 Street 37,Fujairah,United Arab Emirates
Grace Yousef Reyes,grace.reyes.imp2772@mail.example,+971 52 846 9639,5 Street 35,Umm al-Quwain,United Arab Emirates
Aisha Ibrahim Rahman,aisha.rahman.imp2773@mail.example,+971 56 777 9726,36 Street 16,Sharjah,United Arab Emirates
Anil Nadia Khan,anil.khan.imp2774@mail.example,+971 50 330 8884,36 Street 39,Abu Dhabi,United Arab Emirates
Salem Hamdan Al Shamsi,salem.al.shamsi.imp2775@mail.example,+971 52 616 8177,103 Street 15,Ras al-Khaimah,United Arab Emirates
Sara Nasser Mathew,sara.mathew.imp2776@mail.example,+971 56 892 7289,35 Street 37,Fujairah,United Arab Emirates
Reem Mohammed Obaid,reem.obaid.imp2777@mail.example,+971 56 246 3199,74 Street 16,Abu Dhabi,United Arab Emirates
Bilal Faisal Aziz,bilal.aziz.imp2778@mail.example,+971 54 492 9316,5 Street 2,Dubai,United Arab Emirates
Wei Peter Smith,wei.smith.imp2779@mail.example,+971 55 925 3693,49 Street 5,Dubai,United Arab Emirates
Zayed Shamma Menon,zayed.menon.imp2780@mail.example,+971 55 376 1117,110 Street 11,Jeddah,Saudi Arabia
Cedar Steel Industries FZE 2781,accounts2781@import-cedar.example,+971 9 565 5603,120 Street 39,Ajman,United Arab Emirates
Khalid Majid Al Dhaheri,khalid.al.dhaheri.imp2782@mail.example,+971 56 664 4981,103 Street 27,Abu Dhabi,United Arab Emirates
Waleed Huda Mansour,waleed.mansour.imp2783@mail.example,+971 50 607 7606,53 Street 8,Muscat,Oman
Aisha Arjun Karam,aisha.karam.imp2784@mail.example,+971 50 663 7439,95 Street 27,Fujairah,United Arab Emirates
Horizon Plastics LLC 2785,accounts2785@import-horizon.example,+971 7 609 3259,6 Street 24,Abu Dhabi,United Arab Emirates
Silver General Trading FZE 2786,accounts2786@import-silver.example,+971 7 340 5989,34 Street 25,Abu Dhabi,United Arab Emirates
Al Fajr Building Materials FZCO 2787,accounts2787@import-al.example,+971 7 203 2717,73 Street 9,Abu Dhabi,United Arab Emirates
Marina Aluminium Est. 2788,accounts2788@import-marina.example,+971 4 266 0996,50 Street 11,Shanghai,China
Pearl Aluminium Co. 2789,accounts2789@import-pearl.example,+971 9 583 3117,55 Street 38,Ras al-Khaimah,United Arab Emirates
Mansour Sanjay Al Falasi,mansour.al.falasi.imp2790@mail.example,+971 54 498 3503,36 Street 27,Ras al-Khaimah,United Arab Emirates
Saeed Zayed Novak,saeed.novak.imp2791@mail.example,+971 50 773 4725,53 Street 26,Ras al-Khaimah,United Arab Emirates
Desert Trading FZE 2792,accounts2792@import-desert.example,+971 6 565 5434,67 Street 10,Dubai,United Arab Emirates
Oasis Trading Industries LLC 2793,accounts2793@import-oasis.example,+971 7 721 3823,108 Street 4,Ras al-Khaimah,United Arab Emirates
Desert Trading FZCO 2794,accounts2794@import-desert.example,+971 2 691 2870,55 Street 32,Umm al-Quwain,United Arab Emirates
Faisal Hind Awad,faisal.awad.imp2795@mail.example,+971 52 361 7788,49 Street 6,Dubai,United Arab Emirates
Al Safa Furniture Industries LLC 2796,accounts2796@import-al.example,+971 6 898 2357,15 Street 35,London,United Kingdom
Dune Chemicals FZE 2797,accounts2797@import-dune.example,+971 6 895 6691,11 Street 39,Abu Dhabi,United Arab Emirates
Al Fajr Logistics Industries LLC 2798,accounts2798@import-al.example,+971 9 543 3474,60 Street 37,Umm al-Quwain,United Arab Emirates
Cedar Foodstuff FZCO 2799,accounts2799@import-cedar.example,+971 7 414 3375,83 Street 37,Ajman,United Arab Emirates
Rashid John Obaid,rashid.obaid.imp2800@mail.example,+971 55 256 0778,18 Street 2,Ras al-Khaimah,United Arab Emirates
Al Bayan Glass LLC 2801,accounts2801@import-al.example,+971 3 645 8181,8 Street 19,Abu Dhabi,United Arab Emirates
Ravi Amal Mansour,ravi.mansour.imp2802@mail.example,+971 55 785 1689,78 Street 13,Ajman,United Arab Emirates
Noura Nadia Al Romaithi,noura.al.romaithi.imp2803@mail.example,+971 54 352 0408,22 Street 14,Dammam,Saudi Arabia
Noura Wei Obaid,noura.obaid.imp2804@mail.example,+971 50 426 9930,119 Street 1,Mumbai,India
Sultan Hamdan Al Marri,sultan.al.marri.imp2805@mail.example,+971 54 747 6329,103 Street 7,Ras al-Khaimah,United Arab Emirates
Lotus Medical Supplies FZE 2806,accounts2806@import-lotus.example,+971 3 787 9681,69 Street 22,Umm al-Quwain,United Arab Emirates
Falcon Trading Est. 2807,accounts2807@import-falcon.example,+971 2 363 2398,107 Street 15,Umm al-Quwain,United Arab Emirates
Al Wasl Packaging FZE 2808,accounts2808@import-al.example,+971 4 230 2034,119 Street 25,Ras al-Khaimah,United Arab Emirates
Royal Auto Spare Parts FZE 2809,accounts2809@import-royal.example,+971 2 265 0212,10 Street 38,Sharjah,United Arab Emirates
Zenith Packaging Industries LLC 2810,accounts2810@import-zenith.example,+971 9 701 8644,60 Street 35,Dammam,Saudi Arabia
Waleed John Chen,waleed.chen.imp2811@mail.example,+971 54 129 8084,57 Street 27,Umm al-Quwain,United Arab Emirates
Fahad Dana Awad,fahad.awad.imp2812@mail.example,+971 56 596 7703,69 Street 4,Abu Dhabi,United Arab Emirates
Falcon Logistics Industries LLC 2813,accounts2813@import-falcon.example,+971 7 834 4935,83 Street 9,Fujairah,United Arab Emirates
Daniel Sultan Al Qasimi,daniel.al.qasimi.imp2814@mail.example,+971 56 811 0305,52 Street 15,Umm al-Quwain,United Arab Emirates
Sanjay Ibrahim Al Falasi,sanjay.al.falasi.imp2815@mail.example,+971 58 524 1101,81 Street 30,Ras al-Khaimah,United Arab Emirates
Ahmed Aisha Al Mansouri,ahmed.al.mansouri.imp2816@mail.example,+971 54 729 3152,96 Street 32,Ras al-Khaimah,United Arab Emirates
Sanjay Mona Kowalski,sanjay.kowalski.imp2817@mail.example,+971 54 882 2340,102 Street 34,Ras al-Khaimah,United Arab Emirates
Anil Noura Al Muhairi,anil.al.muhairi.imp2818@mail.example,+971 50 732 1529,30 Street 25,Sharjah,United Arab Emirates
Marina Foodstuff Co. 2819,accounts2819@import-marina.example,+971 3 231 9888,117 Street 37,Ras al-Khaimah,United Arab Emirates
Maria Asma Al Kaabi,maria.al.kaabi.imp2820@mail.example,+971 50 603 6852,75 Street 12,Dubai,United Arab Emirates
Al Fajr Foodstuff Co. 2821,accounts2821@import-al.example,+971 3 856 3322,38 Street 24,Dubai,United Arab Emirates
Noura Aisha Aziz,noura.aziz.imp2822@mail.example,+971 52 276 8058,38 Street 10,Sharjah,United Arab Emirates
Crescent Packaging FZCO 2823,accounts2823@import-crescent.example,+971 7 877 8202,5 Street 14,Abu Dhabi,United Arab Emirates
Summit Logistics FZCO 2824,accounts2824@import-summit.example,+971 7 868 0885,28 Street 21,Dubai,United Arab Emirates
Prime General Trading Co. 2825,accounts2825@import-prime.example,+971 3 459 5260,76 Street 33,Ras al-Khaimah,United Arab Emirates
Joseph Grace Al Muhairi,joseph.al.muhairi.imp2826@mail.example,+971 58 728 0289,6 Street 22,Abu Dhabi,United Arab Emirates
Tariq Majid George,tariq.george.imp2827@mail.example,+971 50 297 1882,94 Street 32,Ajman,United Arab Emirates
Oasis Aluminium Co. 2828,accounts2828@import-oasis.example,+971 2 804 7531,104 Street 14,Umm al-Quwain,United Arab Emirates
Peter Yousef Dsouza,peter.dsouza.imp2829@mail.example,+971 55 493 2195,11 Street 27,Riyadh,Saudi Arabia
Noura Imran Awad,noura.awad.imp2830@mail.example,+971 52 484 4892,106 Street 8,Riyadh,Saudi Arabia
Al Noor Packaging Co. 2831,accounts2831@import-al.example,+971 2 853 1528,25 Street 10,Ajman,United Arab Emirates
Mansour Asma Iyer,mansour.iyer.imp2832@mail.example,+971 55 630 6521,120 Street 30,Abu Dhabi,United Arab Emirates
Nadia Rania Iyer,nadia.iyer.imp2833@mail.example,+971 52 350 3519,73 Street 15,Dammam,Saudi Arabia
Imran Omar Santos,imran.santos.imp2834@mail.example,+971 58 417 0187,27 Street 26,Ras al-Khaimah,United Arab Emirates
Anna Maria Ivanova,anna.ivanova.imp2835@mail.example,+971 50 237 2312,33 Street 18,Ajman,United Arab Emirates
Reem Maria Mahmoud,reem.mahmoud.imp2836@mail.example,+971 54 448 9802,35 Street 10,Jeddah,Saudi Arabia
Rashid Wei Al Ameri,rashid.al.ameri.imp2837@mail.example,+971 50 442 7206,99 Street 16,Umm al-Quwain,United Arab Emirates
Shamma Grace Al Blooshi,shamma.al.blooshi.imp2838@mail.example,+971 52 123 6508,110 Street 30,Dubai,United Arab Emirates
Rania Mansour Aziz,rania.aziz.imp2839@mail.example,+971 55 650 6368,43 Street 34,Jeddah,Saudi Arabia
Anil Mona Al Hashimi,anil.al.hashimi.imp2840@mail.example,+971 58 223 0881,72 Street 37,Abu Dhabi,United Arab Emirates
Ibrahim Daniel Ivanova,ibrahim.ivanova.imp2841@mail.example,+971 55 762 2384,62 Street 35,Fujairah,United Arab Emirates
Unity Trading Co. 2842,accounts2842@import-unity.example,+971 6 640 8546,99 Street 19,Ajman,United Arab Emirates
Wei Hamdan Pillai,wei.pillai.imp2843@mail.example,+971 56 727 1305,15 Street 34,Dammam,Saudi Arabia
Ibrahim Mona Jaber,ibrahim.jaber.imp2844@mail.example,+971 52 642 9187,46 Street 20,Ajman,United Arab Emirates
Falcon Paper Products LLC 2845,accounts2845@import-falcon.example,+971 2 591 9457,4 Street 31,Ras al-Khaimah,United Arab Emirates
Daniel Asma Smith,daniel.smith.imp2846@mail.example,+971 55 756 3775,35 Street 29,Ras al-Khaimah,United Arab Emirates
Marina Foodstuff Co. 2847,accounts2847@import-marina.example,+971 9 869 2480,41 Street 17,Ajman,United Arab Emirates
Summit Glass FZE 2848,accounts2848@import-summit.example,+971 6 363 4522,63 Street 17,Dubai,United Arab Emirates
Atlas Textiles FZE 2849,accounts2849@import-atlas.example,+971 6 307 0403,82 Street 15,Salalah,Oman
Abdullah Majid Al Dhaheri,abdullah.al.dhaheri.imp2850@mail.example,+971 55 160 2830,1 Street 4,Fujairah,United Arab Emirates
Anil Huda Qureshi,anil.qureshi.imp2851@mail.example,+971 50 200 3393,53 Street 25,Abu Dhabi,United Arab Emirates
Mohammed Mohammed Al Hashimi,mohammed.al.hashimi.imp2852@mail.example,+971 54 377 1901,29 Street 7,Ajman,United Arab Emirates
Maitha Mohammed Al Muhairi,maitha.al.muhairi.imp2853@mail.example,+971 58 881 3994,69 Street 40,Sharjah,United Arab Emirates
Fahad Sanjay Patel,fahad.patel.imp2854@mail.example,+971 58 874 5831,62 Street 29,Chennai,India
Zenith Packaging FZE 2855,accounts2855@import-zenith.example,+971 9 231 8502,21 Street 6,Ras al-Khaimah,United Arab Emirates
Al Wasl Packaging LLC 2856,accounts2856@import-al.example,+971 2 465 2098,41 Street 10,Ras al-Khaimah,United Arab Emirates
Prime Building Materials LLC 2857,accounts2857@import-prime.example,+971 7 407 0260,27 Street 25,Sohar,Oman
Amal Khalid Mansour,amal.mansour.imp2858@mail.example,+971 50 317 5266,36 Street 9,Dubai,United Arab Emirates
Desert Paints Industries LLC 2859,accounts2859@import-desert.example,+971 7 220 6537,13 Street 22,Dubai,United Arab Emirates
Fatima Rahul Siddiqui,fatima.siddiqui.imp2860@mail.example,+971 56 863 5007,94 Street 9,Umm al-Quwain,United Arab Emirates
Peter Anna Al Ketbi,peter.al.ketbi.imp2861@mail.example,+971 58 551 0066,106 Street 38,Umm al-Quwain,United Arab Emirates
Mariam Reem Awad,mariam.awad.imp2862@mail.example,+971 56 538 4460,119 Street 38,Ajman,United Arab Emirates
Huda Aisha Gupta,huda.gupta.imp2863@mail.example,+971 55 314 8393,49 Street 1,Ras al-Khaimah,United Arab Emirates
Falcon Logistics FZE 2864,accounts2864@import-falcon.example,+971 2 632 7211,6 Street 9,Manchester,United Kingdom
Mona Rania Haddad,mona.haddad.imp2865@mail.example,+971 58 451 0065,55 Street 30,Fujairah,United Arab Emirates
Mohammed Anil Jaber,mohammed.jaber.imp2866@mail.example,+971 50 710 1432,63 Street 34,Chennai,India
Summit Logistics FZE 2867,accounts2867@import-summit.example,+971 2 254 2151,17 Street 20,Fujairah,United Arab Emirates
Zayed Ahmed Mansour,zayed.mansour.imp2868@mail.example,+971 52 677 4893,55 Street 20,Shenzhen,China
Hassan Rashid Thomas,hassan.thomas.imp2869@mail.example,+971 58 775 6009,45 Street 21,Manchester,United Kingdom
Palm Aluminium Co. 2870,accounts2870@import-palm.example,+971 9 570 8041,7 Street 19,Fujairah,United Arab Emirates
Saeed Amal George,saeed.george.imp2871@mail.example,+971 54 497 4146,4 Street 12,Ajman,United Arab Emirates
Pearl Auto Spare Parts FZCO 2872,accounts2872@import-pearl.example,+971 6 304 0694,71 Street 18,Sharjah,United Arab Emirates
Silver Plastics FZCO 2873,accounts2873@import-silver.example,+971 3 689 3688,4 Street 38,Umm al-Quwain,United Arab Emirates
Sara Maria Al Kaabi,sara.al.kaabi.imp2874@mail.example,+971 54 959 8441,97 Street 17,Yiwu,China
Tariq Omar Smith,tariq.smith.imp2875@mail.example,+971 58 599 0028,69 Street 23,Abu Dhabi,United Arab Emirates
Omar Hamad Jaber,omar.jaber.imp2876@mail.example,+971 58 350 2665,9 Street 13,Dubai,United Arab Emirates
John Dana Qureshi,john.qureshi.imp2877@mail.example,+971 55 331 7856,24 Street 32,Ajman,United Arab Emirates
Bilal John Al Marri,bilal.al.marri.imp2878@mail.example,+971 54 604 6349,13 Street 17,Abu Dhabi,United Arab Emirates
Daniel Maria Al Zaabi,daniel.al.zaabi.imp2879@mail.example,+971 55 144 5029,76 Street 8,Dubai,United Arab Emirates
Marina Packaging FZCO 2880,accounts2880@import-marina.example,+971 6 443 8086,21 Street 12,Ajman,United Arab Emirates
Layla Noura Novak,layla.novak.imp2881@mail.example,+971 50 906 0505,19 Street 4,Ajman,United Arab Emirates
Gulf Aluminium LLC 2882,accounts2882@import-gulf.example,+971 9 428 1772,84 Street 32,Fujairah,United Arab Emirates
Faisal Fahad Jaber,faisal.jaber.imp2883@mail.example,+971 58 743 5464,72 Street 28,Fujairah,United Arab Emirates
Falcon Steel Industries Industries LLC 2884,accounts2884@import-falcon.example,+971 2 858 6670,105 Street 25,Sharjah,United Arab Emirates
Royal Packaging FZE 2885,accounts2885@import-royal.example,+971 3 754 7024,50 Street 12,Kochi,India
Lotus Steel Industries FZCO 2886,accounts2886@import-lotus.example,+971 9 795 5833,13 Street 10,Sohar,Oman
Pearl Glass Industries LLC 2887,accounts2887@import-pearl.example,+971 2 770 1225,10 Street 32,Abu Dhabi,United Arab Emirates
Nasser Arjun Sharma,nasser.sharma.imp2888@mail.example,+971 50 651 1281,19 Street 34,Abu Dhabi,United Arab Emirates
Star Steel Industries Co. 2889,accounts2889@import-star.example,+971 9 589 5710,55 Street 33,Abu Dhabi,United Arab Emirates
Blue Wave Aluminium FZE 2890,accounts2890@import-blue.example,+971 2 683 7931,118 Street 35,Umm al-Quwain,United Arab Emirates
Al Wasl Plastics FZCO 2891,accounts2891@import-al.example,+971 3 775 8736,30 Street 9,Abu Dhabi,United Arab Emirates
Pearl Cables Industries LLC 2892,accounts2892@import-pearl.example,+971 4 323 6827,82 Street 17,Abu Dhabi,United Arab Emirates
Dana Aisha Al Shamsi,dana.al.shamsi.imp2893@mail.example,+971 55 505 4596,76 Street 39,Dubai,United Arab Emirates
Al Safa Electronics LLC 2894,accounts2894@import-al.example,+971 9 204 2006,7 Street 26,Abu Dhabi,United Arab Emirates
Aisha Daniel Iyer,aisha.iyer.imp2895@mail.example,+971 56 572 1507,45 Street 39,Ras al-Khaimah,United Arab Emirates
Yousef Latifa Habib,yousef.habib.imp2896@mail.example,+971 54 181 7272,18 Street 25,Dubai,United Arab Emirates
Mona Sanjay Al Qasimi,mona.al.qasimi.imp2897@mail.example,+971 58 774 1529,70 Street 20,Fujairah,United Arab Emirates
Nasser Maitha Farouk,nasser.farouk.imp2898@mail.example,+971 50 609 7492,52 Street 25,Abu Dhabi,United Arab Emirates
Lotus Foodstuff FZE 2899,accounts2899@import-lotus.example,+971 3 691 4984,62 Street 5,Ajman,United Arab Emirates
Pearl General Trading Est. 2900,accounts2900@import-pearl.example,+971 7 850 1918,24 Street 15,Umm al-Quwain,United Arab Emirates
Rahul Samir Al Shamsi,rahul.al.shamsi.imp2901@mail.example,+971 50 109 4602,68 Street 13,Umm al-Quwain,United Arab Emirates
Al Wasl Aluminium FZE 2902,accounts2902@import-al.example,+971 4 515 2035,118 Street 7,Sharjah,United Arab Emirates
Rashid Hamdan Al Hammadi,rashid.al.hammadi.imp2903@mail.example,+971 58 587 7254,100 Street 6,Sharjah,United Arab Emirates
Noura Abdullah Chen,noura.chen.imp2904@mail.example,+971 56 156 3867,97 Street 2,Umm al-Quwain,United Arab Emirates
Maitha Arjun Khan,maitha.khan.imp2905@mail.example,+971 50 169 1446,100 Street 13,Umm al-Quwain,United Arab Emirates
Maitha Khalid Nasr,maitha.nasr.imp2906@mail.example,+971 50 999 9233,10 Street 3,Ras al-Khaimah,United Arab Emirates
Khalid Ali Mathew,khalid.mathew.imp2907@mail.example,+971 58 294 0733,97 Street 13,Dammam,Saudi Arabia
Imran Khalid Dsouza,imran.dsouza.imp2908@mail.example,+971 50 585 9379,3 Street 9,Fujairah,United Arab Emirates
Joseph Peter Al Shamsi,joseph.al.shamsi.imp2909@mail.example,+971 54 461 9280,88 Street 15,Sharjah,United Arab Emirates
John Peter George,john.george.imp2910@mail.example,+971 52 896 6904,9 Street 13,Dubai,United Arab Emirates
Sky Logistics LLC 2911,accounts2911@import-sky.example,+971 4 243 3627,90 Street 8,Sharjah,United Arab Emirates
Imran Hassan Al Falasi,imran.al.falasi.imp2912@mail.example,+971 58 640 5741,53 Street 19,Abu Dhabi,United Arab Emirates
Hamdan Mohammed Karam,hamdan.karam.imp2913@mail.example,+971 52 416 1356,116 Street 18,Ajman,United Arab Emirates
Ravi Shamma Barakat,ravi.barakat.imp2914@mail.example,+971 56 803 9032,42 Street 21,Umm al-Quwain,United Arab Emirates
Golden Paper Products LLC 2915,accounts2915@import-golden.example,+971 4 684 6781,111 Street 37,Ajman,United Arab Emirates
Unity Textiles LLC 2916,accounts2916@import-unity.example,+971 7 642 3865,7 Street 39,Ajman,United Arab Emirates
Amal Ahmed Mansour,amal.mansour.imp2917@mail.example,+971 52 683 9949,102 Street 5,Sharjah,United Arab Emirates
Layla Faisal Al Dhaheri,layla.al.dhaheri.imp2918@mail.example,+971 58 793 7226,119 Street 24,Umm al-Quwain,United Arab Emirates
Dana Fahad Al Shamsi,dana.al.shamsi.imp2919@mail.example,+971 54 566 9230,49 Street 35,Umm al-Quwain,United Arab Emirates
Palm Marine Supplies Est. 2920,accounts2920@import-palm.example,+971 2 687 9828,43 Street 27,Abu Dhabi,United Arab Emirates
Asma Rahul Al Ameri,asma.al.ameri.imp2921@mail.example,+971 58 373 5454,98 Street 34,Ras al-Khaimah,United Arab Emirates
Cedar Paper Products FZCO 2922,accounts2922@import-cedar.example,+971 4 414 6807,83 Street 14,Dubai,United Arab Emirates
Sultan Shamma Nair,sultan.nair.imp2923@mail.example,+971 54 435 6575,35 Street 26,Riyadh,Saudi Arabia
Rania John Wang,rania.wang.imp2924@mail.example,+971 50 706 7648,56 Street 17,Dubai,United Arab Emirates
Crescent Textiles Co. 2925,accounts2925@import-crescent.example,+971 2 475 9725,46 Street 13,Dubai,United Arab Emirates
Al Safa Chemicals Industries LLC 2926,accounts2926@import-al.example,+971 2 545 1275,85 Street 1,Fujairah,United Arab Emirates
Marina Paints Industries LLC 2927,accounts2927@import-marina.example,+971 7 218 3953,49 Street 38,Fujairah,United Arab Emirates
Zayed Karim Al Suwaidi,zayed.al.suwaidi.imp2928@mail.example,+971 52 686 7761,77 Street 16,Fujairah,United Arab Emirates
Saeed Ali Barakat,saeed.barakat.imp2929@mail.example,+971 52 529 6414,54 Street 5,Fujairah,United Arab Emirates
Daniel Arjun Al Hashimi,daniel.al.hashimi.imp2930@mail.example,+971 52 301 2131,60 Street 29,Umm al-Quwain,United Arab Emirates
Prime Packaging Est. 2931,accounts2931@import-prime.example,+971 4 520 0161,120 Street 31,Dubai,United Arab Emirates
Anil Saeed Novak,anil.novak.imp2932@mail.example,+971 50 616 2747,88 Street 16,Dubai,United Arab Emirates
Gulf Aluminium Est. 2933,accounts2933@import-gulf.example,+971 4 890 6942,104 Street 7,Ras al-Khaimah,United Arab Emirates
Al Bayan Logistics Co. 2934,accounts2934@import-al.example,+971 9 400 3777,91 Street 20,Umm al-Quwain,United Arab Emirates
Karim Samir Liu,karim.liu.imp2935@mail.example,+971 55 831 5701,69 Street 24,Chennai,India
Mariam Saeed Al Hammadi,mariam.al.hammadi.imp2936@mail.example,+971 56 152 9227,82 Street 15,Ajman,United Arab Emirates
Tariq Sara Al Mazrouei,tariq.al.mazrouei.imp2937@mail.example,+971 54 705 8014,4 Street 31,Fujairah,United Arab Emirates
Al Wasl Marine Supplies LLC 2938,accounts2938@import-al.example,+971 6 434 2429,70 Street 13,Dubai,United Arab Emirates
Falcon Auto Spare Parts FZCO 2939,accounts2939@import-falcon.example,+971 4 530 4250,58 Street 10,Ras al-Khaimah,United Arab Emirates
John Ibrahim Al Dhaheri,john.al.dhaheri.imp2940@mail.example,+971 52 952 8621,44 Street 21,Fujairah,United Arab Emirates
Rashid Faisal Nair,rashid.nair.imp2941@mail.example,+971 56 243 7320,38 Street 13,Fujairah,United Arab Emirates
Huda Ravi Mahmoud,huda.mahmoud.imp2942@mail.example,+971 58 289 0826,14 Street 39,Sharjah,United Arab Emirates
Sanjay Samir Al Mazrouei,sanjay.al.mazrouei.imp2943@mail.example,+971 55 101 0022,71 Street 37,Dubai,United Arab Emirates
Joseph Latifa Ivanova,joseph.ivanova.imp2944@mail.example,+971 56 331 2660,71 Street 15,Fujairah,United Arab Emirates
Fatima Layla Al Ameri,fatima.al.ameri.imp2945@mail.example,+971 58 395 7578,73 Street 3,Sohar,Oman
Bilal Arjun Al Hammadi,bilal.al.hammadi.imp2946@mail.example,+971 50 184 2612,110 Street 3,Abu Dhabi,United Arab Emirates
Crescent Glass Industries LLC 2947,accounts2947@import-crescent.example,+971 9 794 8071,120 Street 11,Umm al-Quwain,United Arab Emirates
Sultan Ali Wang,sultan.wang.imp2948@mail.example,+971 55 481 7035,24 Street 7,Ajman,United Arab Emirates
Rahul Maria Khan,rahul.khan.imp2949@mail.example,+971 50 238 4580,44 Street 18,Sharjah,United Arab Emirates
Coral Building Materials FZE 2950,accounts2950@import-coral.example,+971 9 500 3032,45 Street 11,Dubai,United Arab Emirates
Hamdan Sara Al Marri,hamdan.al.marri.imp2951@mail.example,+971 55 220 8146,62 Street 15,Umm al-Quwain,United Arab Emirates
Al Wasl Building Materials Co. 2952,accounts2952@import-al.example,+971 9 304 4375,93 Street 13,Fujairah,United Arab Emirates
Reem Tariq Obaid,reem.obaid.imp2953@mail.example,+971 54 245 7496,33 Street 13,Ras al-Khaimah,United Arab Emirates
Abdullah Huda Al Kaabi,abdullah.al.kaabi.imp2954@mail.example,+971 54 526 3272,100 Street 5,Ras al-Khaimah,United Arab Emirates
Samir Saeed Ivanova,samir.ivanova.imp2955@mail.example,+971 54 545 9069,33 Street 21,Ajman,United Arab Emirates
Zayed Layla Fernandes,zayed.fernandes.imp2956@mail.example,+971 52 537 2085,11 Street 24,Muscat,Oman
Pearl Medical Supplies LLC 2957,accounts2957@import-pearl.example,+971 2 671 5152,36 Street 21,Fujairah,United Arab Emirates
Tariq Ravi Darwish,tariq.darwish.imp2958@mail.example,+971 54 957 2587,63 Street 20,Sharjah,United Arab Emirates
Reem Arjun Al Zaabi,reem.al.zaabi.imp2959@mail.example,+971 52 667 5247,52 Street 37,Fujairah,United Arab Emirates
Rania Faisal Thomas,rania.thomas.imp2960@mail.example,+971 58 666 0209,58 Street 32,Ras al-Khaimah,United Arab Emirates
Maria Sultan Yassin,maria.yassin.imp2961@mail.example,+971 56 728 3798,119 Street 19,Dubai,United Arab Emirates
Golden Logistics Co. 2962,accounts2962@import-golden.example,+971 4 540 9976,5 Street 31,Fujairah,United Arab Emirates
Crescent Glass Est. 2963,accounts2963@import-crescent.example,+971 6 857 9139,63 Street 32,Sharjah,United Arab Emirates
Sara Arjun Reyes,sara.reyes.imp2964@mail.example,+971 56 579 4428,12 Street 13,Ras al-Khaimah,United Arab Emirates
Aisha Imran Al Marri,aisha.al.marri.imp2965@mail.example,+971 50 438 7004,94 Street 38,Ajman,United Arab Emirates
Mansour Tariq Al Mansouri,mansour.al.mansouri.imp2966@mail.example,+971 54 415 6819,19 Street 28,Umm al-Quwain,United Arab Emirates
Fatima Nadia Thomas,fatima.thomas.imp2967@mail.example,+971 54 586 0694,60 Street 30,Umm al-Quwain,United Arab Emirates
Majid Hassan Al Shamsi,majid.al.shamsi.imp2968@mail.example,+971 58 206 7683,55 Street 8,Fujairah,United Arab Emirates
Fahad Aisha Siddiqui,fahad.siddiqui.imp2969@mail.example,+971 55 173 2613,25 Street 22,Ajman,United Arab Emirates
Yousef Layla Rahman,yousef.rahman.imp2970@mail.example,+971 54 462 9372,62 Street 20,Muscat,Oman
Anil Khalid Khoury,anil.khoury.imp2971@mail.example,+971 52 836 7805,69 Street 37,Abu Dhabi,United Arab Emirates
Coral Auto Spare Parts FZE 2972,accounts2972@import-coral.example,+971 3 224 7320,90 Street 8,Sharjah,United Arab Emirates
Nadia Hind Smith,nadia.smith.imp2973@mail.example,+971 52 472 2201,114 Street 37,Dubai,United Arab Emirates
Prime Electronics FZCO 2974,accounts2974@import-prime.example,+971 6 590 2352,67 Street 1,Fujairah,United Arab Emirates
Samir Amal Novak,samir.novak.imp2975@mail.example,+971 54 406 2690,67 Street 32,Dubai,United Arab Emirates
Reem Zayed Menon,reem.menon.imp2976@mail.example,+971 55 276 7397,23 Street 37,Sharjah,United Arab Emirates
Rashid Khalid Al Ameri,rashid.al.ameri.imp2977@mail.example,+971 58 835 7182,78 Street 24,Ras al-Khaimah,United Arab Emirates
Saeed Sara Al Romaithi,saeed.al.romaithi.imp2978@mail.example,+971 50 788 7036,13 Street 1,Sharjah,United Arab Emirates
Emirates Marine Supplies FZCO 2979,accounts2979@import-emirates.example,+971 9 253 1186,93 Street 27,Sharjah,United Arab Emirates
Saeed Reem Al Marri,saeed.al.marri.imp2980@mail.example,+971 56 329 2653,38 Street 23,Muscat,Oman
Fahad Salem Al Shamsi,fahad.al.shamsi.imp2981@mail.example,+971 55 294 2762,34 Street 35,Fujairah,United Arab Emirates
Summit Plastics Est. 2982,accounts2982@import-summit.example,+971 3 684 6760,8 Street 23,Abu Dhabi,United Arab Emirates
Omar Amal Mahmoud,omar.mahmoud.imp2983@mail.example,+971 50 439 2435,10 Street 30,Abu Dhabi,United Arab Emirates
Coral Cables LLC 2984,accounts2984@import-coral.example,+971 9 534 1287,60 Street 36,Abu Dhabi,United Arab Emirates
Gulf Logistics LLC 2985,accounts2985@import-gulf.example,+971 6 376 5535,87 Street 34,Umm al-Quwain,United Arab Emirates
Omar Bilal Habib,omar.habib.imp2986@mail.example,+971 55 925 2588,84 Street 24,Ras al-Khaimah,United Arab Emirates
Ali Hind Al Romaithi,ali.al.romaithi.imp2987@mail.example,+971 56 989 4417,69 Street 38,Ajman,United Arab Emirates
Imran Yousef Obaid,imran.obaid.imp2988@mail.example,+971 54 829 0201,86 Street 10,Sharjah,United Arab Emirates
Coral Logistics Est. 2989,accounts2989@import-coral.example,+971 4 653 9865,27 Street 39,Ajman,United Arab Emirates
Zayed Mariam Wang,zayed.wang.imp2990@mail.example,+971 50 734 5535,41 Street 32,Riyadh,Saudi Arabia
Nadia Hamad Al Nuaimi,nadia.al.nuaimi.imp2991@mail.example,+971 58 569 3480,7 Street 25,Riyadh,Saudi Arabia
John Sanjay Karam,john.karam.imp2992@mail.example,+971 55 705 4364,38 Street 14,Dubai,United Arab Emirates
Dune Packaging LLC 2993,accounts2993@import-dune.example,+971 2 760 8101,62 Street 6,Umm al-Quwain,United Arab Emirates
Prime Auto Spare Parts FZE 2994,accounts2994@import-prime.example,+971 3 485 3455,4 Street 6,Abu Dhabi,United Arab Emirates
Reem Reem Al Falasi,reem.al.falasi.imp2995@mail.example,+971 58 604 8824,119 Street 12,Sharjah,United Arab Emirates
Sanjay Layla Al Suwaidi,sanjay.al.suwaidi.imp2996@mail.example,+971 50 449 4920,43 Street 34,Umm al-Quwain,United Arab Emirates
Imran Ahmed Al Nuaimi,imran.al.nuaimi.imp2997@mail.example,+971 58 132 1223,52 Street 4,Sharjah,United Arab Emirates
Tariq Peter Al Falasi,tariq.al.falasi.imp2998@mail.example,+971 55 678 9503,70 Street 28,Yiwu,China
Summit Packaging LLC 2999,accounts2999@import-summit.example,+971 9 863 0539,1 Street 35,Fujairah,United Arab Emirates
Hamad Shamma Liu,hamad.liu.imp3000@mail.example,+971 55 470 8195,104 Street 21,Abu Dhabi,United Arab Emirates
Karim Tariq Mansour,karim.mansour.imp3001@mail.example,+971 54 359 4174,99 Street 8,Ajman,United Arab Emirates
Arjun Ahmed Al Romaithi,arjun.al.romaithi.imp3002@mail.example,+971 50 338 4377,5 Street 31,Ajman,United Arab Emirates
Sky Medical Supplies FZE 3003,accounts3003@import-sky.example,+971 3 695 1930,33 Street 6,Shanghai,China
John Samir Ivanova,john.ivanova.imp3004@mail.example,+971 50 513 6867,50 Street 14,Abu Dhabi,United Arab Emirates
Blue Wave Electronics Est. 3005,accounts3005@import-blue.example,+971 6 461 2012,114 Street 29,Sharjah,United Arab Emirates
Atlas Plastics FZE 3006,accounts3006@import-atlas.example,+971 2 665 8656,49 Street 10,Dubai,United Arab Emirates
Royal Marine Supplies FZCO 3007,accounts3007@import-royal.example,+971 9 520 4808,116 Street 26,Ras al-Khaimah,United Arab Emirates
Prime Plastics FZCO 3008,accounts3008@import-prime.example,+971 9 670 2973,18 Street 38,London,United Kingdom
Star Aluminium Est. 3009,accounts3009@import-star.example,+971 4 566 6012,119 Street 33,Dammam,Saudi Arabia
Peter Dana Al Falasi,peter.al.falasi.imp3010@mail.example,+971 56 521 0147,26 Street 17,Dubai,United Arab Emirates
Ravi Fahad Farouk,ravi.farouk.imp3011@mail.example,+971 52 949 0549,30 Street 1,Ajman,United Arab Emirates
Anna Salem Ivanova,anna.ivanova.imp3012@mail.example,+971 55 213 5445,86 Street 5,Ajman,United Arab Emirates
Fatima Dana Al Shamsi,fatima.al.shamsi.imp3013@mail.example,+971 50 270 7296,24 Street 6,Sharjah,United Arab Emirates
Blue Wave Plastics Est. 3014,accounts3014@import-blue.example,+971 4 585 5337,110 Street 37,Ras al-Khaimah,United Arab Emirates
Prime Foodstuff FZE 3015,accounts3015@import-prime.example,+971 2 202 6222,77 Street 31,Dubai,United Arab Emirates
Al Noor Steel Industries Est. 3016,accounts3016@import-al.example,+971 2 353 5830,53 Street 38,Ajman,United Arab Emirates
Unity Medical Supplies FZE 3017,accounts3017@import-unity.example,+971 3 758 9421,29 Street 13,Ras al-Khaimah,United Arab Emirates
Hassan Peter Al Romaithi,hassan.al.romaithi.imp3018@mail.example,+971 54 293 9071,37 Street 5,Sohar,Oman
Anil Faisal Al Dhaheri,anil.al.dhaheri.imp3019@mail.example,+971 50 889 3797,85 Street 19,Dubai,United Arab Emirates
Saeed Huda Al Mansouri,saeed.al.mansouri.imp3020@mail.example,+971 52 261 1525,63 Street 4,Abu Dhabi,United Arab Emirates
Silver Steel Industries Industries LLC 3021,accounts3021@import-silver.example,+971 9 771 4428,107 Street 31,Abu Dhabi,United Arab Emirates
Mansour Peter Habib,mansour.habib.imp3022@mail.example,+971 55 701 3525,16 Street 32,Sharjah,United Arab Emirates
Oasis Building Materials Est. 3023,accounts3023@import-oasis.example,+971 3 291 7380,10 Street 8,Manchester,United Kingdom
Marina Furniture Co. 3024,accounts3024@import-marina.example,+971 7 640 6160,70 Street 35,Jeddah,Saudi Arabia
Al Wasl Auto Spare Parts FZCO 3025,accounts3025@import-al.example,+971 6 438 9457,51 Street 9,Umm al-Quwain,United Arab Emirates
Prime Steel Industries Est. 3026,accounts3026@import-prime.example,+971 9 840 3790,53 Street 2,Fujairah,United Arab Emirates
Mariam Rahul George,mariam.george.imp3027@mail.example,+971 54 878 5669,98 Street 40,Umm al-Quwain,United Arab Emirates
Tariq John Santos,tariq.santos.imp3028@mail.example,+971 54 509 7721,58 Street 33,Dubai,United Arab Emirates
Anil Maria Gupta,anil.gupta.imp3029@mail.example,+971 55 515 7006,66 Street 37,Ajman,United Arab Emirates
Golden Medical Supplies FZE 3030,accounts3030@import-golden.example,+971 6 724 8232,99 Street 30,Dubai,United Arab Emirates
Rahul Rashid Aziz,rahul.aziz.imp3031@mail.example,+971 56 202 5108,108 Street 30,Sharjah,United Arab Emirates
Royal Medical Supplies Est. 3032,accounts3032@import-royal.example,+971 6 345 1253,92 Street 7,Shenzhen,China
Wei Fahad Al Ketbi,wei.al.ketbi.imp3033@mail.example,+971 54 475 4458,62 Street 39,Fujairah,United Arab Emirates
Summit Packaging Co. 3034,accounts3034@import-summit.example,+971 3 382 4777,5 Street 18,Ras al-Khaimah,United Arab Emirates
Coral Electronics Est. 3035,accounts3035@import-coral.example,+971 6 390 8622,92 Street 8,Shanghai,China
Blue Wave Aluminium Co. 3036,accounts3036@import-blue.example,+971 2 856 0466,19 Street 35,Chennai,India
Grace Asma Novak,grace.novak.imp3037@mail.example,+971 58 573 1768,109 Street 11,Ras al-Khaimah,United Arab Emirates
Salem Mohammed Al Hammadi,salem.al.hammadi.imp3038@mail.example,+971 50 822 7683,26 Street 1,Umm al-Quwain,United Arab Emirates
Layla Shamma Nair,layla.nair.imp3039@mail.example,+971 56 770 0228,77 Street 18,Abu Dhabi,United Arab Emirates
Sara Rahul Iyer,sara.iyer.imp3040@mail.example,+971 58 380 6218,23 Street 6,Umm al-Quwain,United Arab Emirates
Grace Rashid Qureshi,grace.qureshi.imp3041@mail.example,+971 58 645 9364,63 Street 29,Fujairah,United Arab Emirates
Saeed Aisha Habib,saeed.habib.imp3042@mail.example,+971 58 713 9883,101 Street 23,Ajman,United Arab Emirates
Dana Khalid Khoury,dana.khoury.imp3043@mail.example,+971 58 438 2401,1 Street 23,Fujairah,United Arab Emirates
Royal Logistics FZCO 3044,accounts3044@import-royal.example,+971 7 815 1621,62 Street 18,Dubai,United Arab Emirates
Coral Packaging Co. 3045,accounts3045@import-coral.example,+971 6 478 0271,78 Street 29,Dubai,United Arab Emirates
Rahul Joseph Nair,rahul.nair.imp3046@mail.example,+971 58 796 9785,49 Street 40,Ras al-Khaimah,United Arab Emirates
John Sara Al Hashimi,john.al.hashimi.imp3047@mail.example,+971 52 825 6438,25 Street 29,Sharjah,United Arab Emirates
Pearl Paper Products Industries LLC 3048,accounts3048@import-pearl.example,+971 3 380 8185,48 Street 34,Abu Dhabi,United Arab Emirates
Crescent Trading Industries LLC 3049,accounts3049@import-crescent.example,+971 9 414 3443,69 Street 4,Fujairah,United Arab Emirates
Marina Medical Supplies Co. 3050,accounts3050@import-marina.example,+971 9 881 0480,76 Street 40,Ras al-Khaimah,United Arab Emirates
Karim Shamma Al Marri,karim.al.marri.imp3051@mail.example,+971 50 396 6905,60 Street 31,Ras al-Khaimah,United Arab Emirates
Royal Paper Products Est. 3052,accounts3052@import-royal.example,+971 4 370 4642,41 Street 40,Umm al-Quwain,United Arab Emirates
Hamdan Asma Darwish,hamdan.darwish.imp3053@mail.example,+971 50 802 5738,73 Street 18,Dubai,United Arab Emirates
Reem Imran George,reem.george.imp3054@mail.example,+971 50 449 7730,47 Street 6,Dammam,Saudi Arabia
Omar Bilal Patel,omar.patel.imp3055@mail.example,+971 54 607 4041,58 Street 3,Ras al-Khaimah,United Arab Emirates
Golden Aluminium Industries LLC 3056,accounts3056@import-golden.example,+971 7 303 8154,65 Street 24,Abu Dhabi,United Arab Emirates
Coral Foodstuff FZCO 3057,accounts3057@import-coral.example,+971 6 837 4809,36 Street 22,Sohar,Oman
Asma Abdullah Al Ameri,asma.al.ameri.imp3058@mail.example,+971 52 686 3712,2 Street 40,Ras al-Khaimah,United Arab Emirates
Joseph Arjun Al Hammadi,joseph.al.hammadi.imp3059@mail.example,+971 50 347 9785,106 Street 22,Ajman,United Arab Emirates
Khalid Zayed Al Zaabi,khalid.al.zaabi.imp3060@mail.example,+971 56 498 8919,77 Street 16,Sharjah,United Arab Emirates
Ahmed Hamdan Dsouza,ahmed.dsouza.imp3061@mail.example,+971 50 413 2068,85 Street 5,Manchester,United Kingdom
Reem Samir George,reem.george.imp3062@mail.example,+971 56 751 4876,13 Street 28,Ajman,United Arab Emirates
Dune Steel Industries FZCO 3063,accounts3063@import-dune.example,+971 3 490 6689,22 Street 40,Umm al-Quwain,United Arab Emirates
Crescent Electronics LLC 3064,accounts3064@import-crescent.example,+971 3 536 7077,106 Street 39,Abu Dhabi,United Arab Emirates
Al Bayan Auto Spare Parts Co. 3065,accounts3065@import-al.example,+971 9 322 2665,23 Street 10,Ras al-Khaimah,United Arab Emirates
Rania Grace Saleh,rania.saleh.imp3066@mail.example,+971 52 407 3974,71 Street 4,Fujairah,United Arab Emirates
Royal Steel Industries Co. 3067,accounts3067@import-royal.example,+971 7 256 1581,84 Street 32,Riyadh,Saudi Arabia
Atlas Packaging LLC 3068,accounts3068@import-atlas.example,+971 6 772 2223,17 Street 2,Ajman,United Arab Emirates
Mariam Abdullah Novak,mariam.novak.imp3069@mail.example,+971 55 438 8557,37 Street 35,Umm al-Quwain,United Arab Emirates
Abdullah Rania George,abdullah.george.imp3070@mail.example,+971 54 172 4367,105 Street 38,Dammam,Saudi Arabia
Faisal Fahad Novak,faisal.novak.imp3071@mail.example,+971 52 188 9368,66 Street 19,Ras al-Khaimah,United Arab Emirates
Unity Chemicals LLC 3072,accounts3072@import-unity.example,+971 6 219 2209,12 Street 29,Sharjah,United Arab Emirates
Al Noor Textiles FZCO 3073,accounts3073@import-al.example,+971 6 800 3672,82 Street 39,Abu Dhabi,United Arab Emirates
Sky Trading LLC 3074,accounts3074@import-sky.example,+971 9 469 1955,115 Street 3,Chennai,India
Rahul Peter Al Falasi,rahul.al.falasi.imp3075@mail.example,+971 56 839 9560,76 Street 6,Dubai,United Arab Emirates
Salem Ali Nair,salem.nair.imp3076@mail.example,+971 55 899 5880,88 Street 3,Umm al-Quwain,United Arab Emirates
Fahad Mohammed Al Ketbi,fahad.al.ketbi.imp3077@mail.example,+971 56 911 8444,72 Street 24,Ras al-Khaimah,United Arab Emirates
Desert Marine Supplies FZCO 3078,accounts3078@import-desert.example,+971 3 249 4729,32 Street 31,Dubai,United Arab Emirates
Anil Sanjay Nair,anil.nair.imp3079@mail.example,+971 58 132 3156,19 Street 5,Abu Dhabi,United Arab Emirates
John Arjun Qureshi,john.qureshi.imp3080@mail.example,+971 55 659 3004,85 Street 35,Ras al-Khaimah,United Arab Emirates
Salem Rahul Santos,salem.santos.imp3081@mail.example,+971 50 549 3491,115 Street 39,Sharjah,United Arab Emirates
Latifa Zayed Obaid,latifa.obaid.imp3082@mail.example,+971 52 748 1510,44 Street 32,Umm al-Quwain,United Arab Emirates
Cedar Aluminium Co. 3083,accounts3083@import-cedar.example,+971 3 376 3621,12 Street 20,Dubai,United Arab Emirates
Hind Elena Obaid,hind.obaid.imp3084@mail.example,+971 55 665 6005,95 Street 23,Ajman,United Arab Emirates
Mariam Samir Khoury,mariam.khoury.imp3085@mail.example,+971 54 397 2820,4 Street 16,Dubai,United Arab Emirates
Dana Rania Al Nuaimi,dana.al.nuaimi.imp3086@mail.example,+971 50 233 2176,25 Street 3,Fujairah,United Arab Emirates
Sara Zayed Siddiqui,sara.siddiqui.imp3087@mail.example,+971 52 476 4661,84 Street 4,Fujairah,United Arab Emirates
Fatima Nasser Saleh,fatima.saleh.imp3088@mail.example,+971 58 701 7091,39 Street 33,Jeddah,Saudi Arabia
Reem Hamdan Al Mansouri,reem.al.mansouri.imp3089@mail.example,+971 56 121 8353,88 Street 37,Dubai,United Arab Emirates
Mariam Daniel Saleh,mariam.saleh.imp3090@mail.example,+971 56 916 4787,73 Street 11,Jeddah,Saudi Arabia
Hamdan Mohammed Nasr,hamdan.nasr.imp3091@mail.example,+971 58 576 9025,41 Street 15,Umm al-Quwain,United Arab Emirates
Al Bayan Trading Co. 3092,accounts3092@import-al.example,+971 9 653 0052,20 Street 12,Abu Dhabi,United Arab Emirates
Prime Paints Industries LLC 3093,accounts3093@import-prime.example,+971 9 542 5881,18 Street 37,Ajman,United Arab Emirates
Peter Fahad Al Blooshi,peter.al.blooshi.imp3094@mail.example,+971 55 795 5554,46 Street 26,Ras al-Khaimah,United Arab Emirates
Hassan Fatima Saleh,hassan.saleh.imp3095@mail.example,+971 50 351 6107,35 Street 39,Abu Dhabi,United Arab Emirates
Ibrahim Hamad Mansour,ibrahim.mansour.imp3096@mail.example,+971 55 490 8718,20 Street 19,Ras al-Khaimah,United Arab Emirates
Oasis Foodstuff Co. 3097,accounts3097@import-oasis.example,+971 6 392 1135,68 Street 29,Sharjah,United Arab Emirates
Maria Fahad Kowalski,maria.kowalski.imp3098@mail.example,+971 50 708 5322,67 Street 6,Dubai,United Arab Emirates
Hamdan Maria Pillai,hamdan.pillai.imp3099@mail.example,+971 56 494 7223,118 Street 9,Ajman,United Arab Emirates
Marina Paints LLC 3100,accounts3100@import-marina.example,+971 7 878 9637,56 Street 37,Riyadh,Saudi Arabia
Summit Plastics Est. 3101,accounts3101@import-summit.example,+971 9 592 8813,21 Street 4,Sharjah,United Arab Emirates
Abdullah Hassan Aziz,abdullah.aziz.imp3102@mail.example,+971 52 862 9787,89 Street 27,Fujairah,United Arab Emirates
Bilal Khalid Obaid,bilal.obaid.imp3103@mail.example,+971 52 890 3794,107 Street 3,Dubai,United Arab Emirates
Salem Rania Al Hashimi,salem.al.hashimi.imp3104@mail.example,+971 54 808 7286,120 Street 5,Ajman,United Arab Emirates
Amal Imran Yassin,amal.yassin.imp3105@mail.example,+971 54 313 9916,42 Street 18,Ajman,United Arab Emirates
Al Safa Paints Co. 3106,accounts3106@import-al.example,+971 7 769 9438,29 Street 1,Dubai,United Arab Emirates
Oasis Logistics FZCO 3107,accounts3107@import-oasis.example,+971 6 333 2343,98 Street 23,Fujairah,United Arab Emirates
Palm Logistics LLC 3108,accounts3108@import-palm.example,+971 2 499 2880,32 Street 18,Fujairah,United Arab Emirates
Rahul Mohammed Barakat,rahul.barakat.imp3109@mail.example,+971 50 730 4842,70 Street 33,Ras al-Khaimah,United Arab Emirates
Al Fajr Medical Supplies FZE 3110,accounts3110@import-al.example,+971 6 446 3263,75 Street 3,Ras al-Khaimah,United Arab Emirates
Unity Plastics Co. 3111,accounts3111@import-unity.example,+971 6 757 7375,120 Street 17,Fujairah,United Arab Emirates
Desert Textiles FZE 3112,accounts3112@import-desert.example,+971 2 715 8989,59 Street 15,Dubai,United Arab Emirates
Grace Faisal Sharma,grace.sharma.imp3113@mail.example,+971 55 167 9513,17 Street 22,Jeddah,Saudi Arabia
Nadia Salem Nasr,nadia.nasr.imp3114@mail.example,+971 58 599 8781,85 Street 34,Fujairah,United Arab Emirates
Sky Glass FZCO 3115,accounts3115@import-sky.example,+971 6 374 2142,29 Street 38,Umm al-Quwain,United Arab Emirates
Shamma Rania Santos,shamma.santos.imp3116@mail.example,+971 58 398 7121,15 Street 40,Dubai,United Arab Emirates
Lotus Steel Industries FZE 3117,accounts3117@import-lotus.example,+971 2 860 1325,9 Street 40,Umm al-Quwain,United Arab Emirates
Desert Medical Supplies LLC 3118,accounts3118@import-desert.example,+971 2 710 3445,52 Street 30,Umm al-Quwain,United Arab Emirates
Rashid Maitha Al Mazrouei,rashid.al.mazrouei.imp3119@mail.example,+971 50 438 8869,118 Street 25,Ras al-Khaimah,United Arab Emirates
Crescent Glass Est. 3120,accounts3120@import-crescent.example,+971 7 540 8733,113 Street 22,Fujairah,United Arab Emirates
Wei Samir Yassin,wei.yassin.imp3121@mail.example,+971 52 801 7442,10 Street 10,Umm al-Quwain,United Arab Emirates
Al Safa Logistics FZCO 3122,accounts3122@import-al.example,+971 3 890 8526,57 Street 23,Ras al-Khaimah,United Arab Emirates
Aisha Amal Barakat,aisha.barakat.imp3123@mail.example,+971 55 960 2677,95 Street 23,Dubai,United Arab Emirates
Prime Paper Products Industries LLC 3124,accounts3124@import-prime.example,+971 2 771 8546,16 Street 22,Dubai,United Arab Emirates
Fahad Hamad Mansour,fahad.mansour.imp3125@mail.example,+971 58 768 1831,23 Street 22,Abu Dhabi,United Arab Emirates
Hamad Zayed Obaid,hamad.obaid.imp3126@mail.example,+971 54 503 5486,117 Street 8,Sharjah,United Arab Emirates
Arjun Hamad Jaber,arjun.jaber.imp3127@mail.example,+971 55 393 3200,120 Street 16,Ajman,United Arab Emirates
Samir Fatima Menon,samir.menon.imp3128@mail.example,+971 56 521 1847,109 Street 28,Fujairah,United Arab Emirates
Dana Anna Rahman,dana.rahman.imp3129@mail.example,+971 50 697 6407,115 Street 30,Ras al-Khaimah,United Arab Emirates
Noura Hassan Nasr,noura.nasr.imp3130@mail.example,+971 58 879 6561,55 Street 21,Ajman,United Arab Emirates
Joseph Noura Al Blooshi,joseph.al.blooshi.imp3131@mail.example,+971 58 878 8327,10 Street 31,Abu Dhabi,United Arab Emirates
Prime Textiles Industries LLC 3132,accounts3132@import-prime.example,+971 3 736 7028,17 Street 31,Fujairah,United Arab Emirates
Atlas Aluminium Co. 3133,accounts3133@import-atlas.example,+971 6 494 5658,44 Street 28,Umm al-Quwain,United Arab Emirates
Latifa Bilal George,latifa.george.imp3134@mail.example,+971 58 681 7183,62 Street 29,Salalah,Oman
Sanjay Anna Al Blooshi,sanjay.al.blooshi.imp3135@mail.example,+971 54 931 5719,45 Street 16,Umm al-Quwain,United Arab Emirates
Rania Bilal Aziz,rania.aziz.imp3136@mail.example,+971 55 332 3517,26 Street 9,Ras al-Khaimah,United Arab Emirates
Elena Khalid Hussain,elena.hussain.imp3137@mail.example,+971 50 766 4213,49 Street 35,Sohar,Oman
Mariam Peter Al Hashimi,mariam.al.hashimi.imp3138@mail.example,+971 58 206 2753,9 Street 8,Sharjah,United Arab Emirates
Oasis Medical Supplies Industries LLC 3139,accounts3139@import-oasis.example,+971 2 407 9097,25 Street 9,Ras al-Khaimah,United Arab Emirates
Zayed Mansour Santos,zayed.santos.imp3140@mail.example,+971 52 845 4937,71 Street 38,Ajman,United Arab Emirates
Reem Faisal Gupta,reem.gupta.imp3141@mail.example,+971 55 524 1882,80 Street 2,Abu Dhabi,United Arab Emirates
Horizon Auto Spare Parts FZE 3142,accounts3142@import-horizon.example,+971 6 815 4839,75 Street 30,Dubai,United Arab Emirates
Al Noor Logistics Industries LLC 3143,accounts3143@import-al.example,+971 6 762 5221,103 Street 7,Ajman,United Arab Emirates
Sky Cables LLC 3144,accounts3144@import-sky.example,+971 7 692 1217,64 Street 17,London,United Kingdom
Al Fajr Steel Industries Co. 3145,accounts3145@import-al.example,+971 2 218 8720,87 Street 16,Fujairah,United Arab Emirates
Pearl Medical Supplies FZE 3146,accounts3146@import-pearl.example,+971 4 355 0880,62 Street 12,Umm al-Quwain,United Arab Emirates
Joseph Anil Smith,joseph.smith.imp3147@mail.example,+971 56 507 7861,46 Street 2,London,United Kingdom
Mansour Yousef Al Kaabi,mansour.al.kaabi.imp3148@mail.example,+971 56 902 3874,46 Street 3,Ras al-Khaimah,United Arab Emirates
Maitha Omar Barakat,maitha.barakat.imp3149@mail.example,+971 55 599 7602,52 Street 3,Ras al-Khaimah,United Arab Emirates
Bilal Hamad Liu,bilal.liu.imp3150@mail.example,+971 56 953 4311,89 Street 5,Fujairah,United Arab Emirates
Zayed Daniel Al Kaabi,zayed.al.kaabi.imp3151@mail.example,+971 54 918 3384,32 Street 29,Ajman,United Arab Emirates
Marina Furniture FZE 3152,accounts3152@import-marina.example,+971 9 887 6081,107 Street 16,Abu Dhabi,United Arab Emirates
Mona John Awad,mona.awad.imp3153@mail.example,+971 58 761 4618,25 Street 26,Dubai,United Arab Emirates
Arjun Sara Jaber,arjun.jaber.imp3154@mail.example,+971 52 815 4985,96 Street 38,Ras al-Khaimah,United Arab Emirates
Khalid Sara Awad,khalid.awad.imp3155@mail.example,+971 52 758 8663,38 Street 7,Ajman,United Arab Emirates
Grace Tariq Rahman,grace.rahman.imp3156@mail.example,+971 56 909 5280,45 Street 13,Fujairah,United Arab Emirates
Karim Aisha Gupta,karim.gupta.imp3157@mail.example,+971 52 667 6555,103 Street 32,Sohar,Oman
Mohammed Tariq Nasr,mohammed.nasr.imp3158@mail.example,+971 58 994 6740,50 Street 14,Fujairah,United Arab Emirates
Unity General Trading Co. 3159,accounts3159@import-unity.example,+971 3 451 5903,9 Street 11,Kochi,India
Layla Abdullah Haddad,layla.haddad.imp3160@mail.example,+971 58 402 0979,76 Street 13,Ras al-Khaimah,United Arab Emirates
Nadia Peter Al Shamsi,nadia.al.shamsi.imp3161@mail.example,+971 58 780 1280,30 Street 21,Fujairah,United Arab Emirates
Emirates Cables Industries LLC 3162,accounts3162@import-emirates.example,+971 7 621 7725,34 Street 17,Sharjah,United Arab Emirates
Pearl Building Materials FZE 3163,accounts3163@import-pearl.example,+971 9 848 4361,9 Street 36,Fujairah,United Arab Emirates
Falcon Marine Supplies Est. 3164,accounts3164@import-falcon.example,+971 7 360 2531,97 Street 31,Sharjah,United Arab Emirates
Anil Noura Al Zaabi,anil.al.zaabi.imp3165@mail.example,+971 58 381 2579,36 Street 35,Sharjah,United Arab Emirates
Maria Anil Kowalski,maria.kowalski.imp3166@mail.example,+971 52 720 1526,108 Street 34,Fujairah,United Arab Emirates
Wei Grace Ivanova,wei.ivanova.imp3167@mail.example,+971 54 331 9793,72 Street 10,Yiwu,China
Samir Imran Al Mazrouei,samir.al.mazrouei.imp3168@mail.example,+971 55 651 6839,104 Street 14,Dubai,United Arab Emirates
Coral Steel Industries Industries LLC 3169,accounts3169@import-coral.example,+971 7 542 3939,5 Street 35,Yiwu,China
Layla Priya Rahman,layla.rahman.imp3170@mail.example,+971 52 497 9483,16 Street 18,Fujairah,United Arab Emirates
Coral Plastics LLC 3171,accounts3171@import-coral.example,+971 6 666 0774,45 Street 5,Sharjah,United Arab Emirates
Dana Saeed Qureshi,dana.qureshi.imp3172@mail.example,+971 54 774 9445,21 Street 2,Umm al-Quwain,United Arab Emirates
Karim Anil Farouk,karim.farouk.imp3173@mail.example,+971 58 991 8717,39 Street 19,Salalah,Oman
Palm Trading Industries LLC 3174,accounts3174@import-palm.example,+971 3 416 1161,34 Street 39,Sharjah,United Arab Emirates
Shamma Faisal Santos,shamma.santos.imp3175@mail.example,+971 55 178 9833,23 Street 21,Sharjah,United Arab Emirates
Al Safa Paper Products LLC 3176,accounts3176@import-al.example,+971 2 623 0458,87 Street 16,Jeddah,Saudi Arabia
Hind Samir Al Ameri,hind.al.ameri.imp3177@mail.example,+971 54 972 8720,79 Street 34,Fujairah,United Arab Emirates
Aisha Imran Gupta,aisha.gupta.imp3178@mail.example,+971 54 951 6680,71 Street 21,Ras al-Khaimah,United Arab Emirates
Silver Packaging Est. 3179,accounts3179@import-silver.example,+971 6 757 7382,27 Street 34,Fujairah,United Arab Emirates
Arjun Hamdan Jaber,arjun.jaber.imp3180@mail.example,+971 56 705 0589,117 Street 23,Manchester,United Kingdom
Peter Aisha Rahman,peter.rahman.imp3181@mail.example,+971 58 489 5884,94 Street 16,Umm al-Quwain,United Arab Emirates
Samir Rashid Dsouza,samir.dsouza.imp3182@mail.example,+971 56 310 8005,105 Street 27,Umm al-Quwain,United Arab Emirates
Summit Chemicals LLC 3183,accounts3183@import-summit.example,+971 9 669 8546,48 Street 31,Ras al-Khaimah,United Arab Emirates
Reem Hind Awad,reem.awad.imp3184@mail.example,+971 50 141 0963,2 Street 1,Sharjah,United Arab Emirates
Al Safa Foodstuff Est. 3185,accounts3185@import-al.example,+971 3 785 4223,73 Street 2,Fujairah,United Arab Emirates
Layla Ravi Patel,layla.patel.imp3186@mail.example,+971 58 653 7888,83 Street 37,Fujairah,United Arab Emirates
Al Bayan Textiles FZCO 3187,accounts3187@import-al.example,+971 2 490 5979,66 Street 31,Dubai,United Arab Emirates
Maitha Anil Mansour,maitha.mansour.imp3188@mail.example,+971 55 255 0216,78 Street 28,Ajman,United Arab Emirates
Mona Rania Kowalski,mona.kowalski.imp3189@mail.example,+971 50 705 2990,36 Street 33,Dubai,United Arab Emirates
Marina General Trading Co. 3190,accounts3190@import-marina.example,+971 6 729 4714,2 Street 1,Fujairah,United Arab Emirates
Samir Hamad Patel,samir.patel.imp3191@mail.example,+971 52 576 5024,46 Street 28,Jeddah,Saudi Arabia
Mona Shamma Pillai,mona.pillai.imp3192@mail.example,+971 58 655 1786,6 Street 22,Dubai,United Arab Emirates
Huda Mohammed Smith,huda.smith.imp3193@mail.example,+971 56 160 7597,111 Street 20,Sharjah,United Arab Emirates
Royal Foodstuff FZE 3194,accounts3194@import-royal.example,+971 7 335 6365,44 Street 31,Abu Dhabi,United Arab Emirates
Prime Building Materials LLC 3195,accounts3195@import-prime.example,+971 7 337 9671,114 Street 20,Sharjah,United Arab Emirates
Abdullah Peter Al Shamsi,abdullah.al.shamsi.imp3196@mail.example,+971 54 113 9648,102 Street 18,Ajman,United Arab Emirates
Falcon Cables Est. 3197,accounts3197@import-falcon.example,+971 2 437 2750,12 Street 31,Ajman,United Arab Emirates
Crescent Plastics Est. 3198,accounts3198@import-crescent.example,+971 7 715 1185,8 Street 32,Dubai,United Arab Emirates
Prime Foodstuff FZE 3199,accounts3199@import-prime.example,+971 3 319 9290,118 Street 13,Umm al-Quwain,United Arab Emirates
Elena Wei Yassin,elena.yassin.imp3200@mail.example,+971 55 948 9538,21 Street 32,Abu Dhabi,United Arab Emirates
Mona Priya Chen,mona.chen.imp3201@mail.example,+971 56 467 4025,79 Street 23,Sharjah,United Arab Emirates
Fahad Rania Nasr,fahad.nasr.imp3202@mail.example,+971 54 758 6785,64 Street 31,Dubai,United Arab Emirates
Asma Karim Al Qasimi,asma.al.qasimi.imp3203@mail.example,+971 50 747 3224,14 Street 7,Fujairah,United Arab Emirates
Lotus Paper Products Industries LLC 3204,accounts3204@import-lotus.example,+971 7 542 1075,86 Street 16,Dubai,United Arab Emirates
Zayed Hamdan Al Falasi,zayed.al.falasi.imp3205@mail.example,+971 54 963 5948,76 Street 34,Abu Dhabi,United Arab Emirates
Star Logistics Est. 3206,accounts3206@import-star.example,+971 6 548 7385,114 Street 17,Yiwu,China
Coral Glass Est. 3207,accounts3207@import-coral.example,+971 3 445 7353,112 Street 30,Ajman,United Arab Emirates
Rania Ravi Al Mazrouei,rania.al.mazrouei.imp3208@mail.example,+971 58 215 4203,111 Street 36,Ras al-Khaimah,United Arab Emirates
Sky Marine Supplies LLC 3209,accounts3209@import-sky.example,+971 9 537 2314,51 Street 12,Abu Dhabi,United Arab Emirates
Bilal Rashid Darwish,bilal.darwish.imp3210@mail.example,+971 52 610 9570,82 Street 24,Fujairah,United Arab Emirates
Unity Electronics LLC 3211,accounts3211@import-unity.example,+971 4 244 7502,95 Street 39,Dubai,United Arab Emirates
Shamma Bilal Patel,shamma.patel.imp3212@mail.example,+971 50 167 1703,60 Street 25,Ras al-Khaimah,United Arab Emirates
Crescent Building Materials Co. 3213,accounts3213@import-crescent.example,+971 7 394 0519,28 Street 38,London,United Kingdom
Maria Grace Al Kaabi,maria.al.kaabi.imp3214@mail.example,+971 52 348 6380,9 Street 28,Fujairah,United Arab Emirates
Anil Hind Santos,anil.santos.imp3215@mail.example,+971 54 390 6831,104 Street 23,Abu Dhabi,United Arab Emirates
Palm Steel Industries Co. 3216,accounts3216@import-palm.example,+971 6 873 0505,73 Street 8,Abu Dhabi,United Arab Emirates
Hassan Mohammed Al Suwaidi,hassan.al.suwaidi.imp3217@mail.example,+971 56 466 8221,38 Street 38,Abu Dhabi,United Arab Emirates
Imran Reem Fernandes,imran.fernandes.imp3218@mail.example,+971 52 198 1366,98 Street 34,Ajman,United Arab Emirates
Anna Nasser Al Blooshi,anna.al.blooshi.imp3219@mail.example,+971 50 838 0302,42 Street 9,Ajman,United Arab Emirates
Mariam Sara Aziz,mariam.aziz.imp3220@mail.example,+971 56 688 0892,85 Street 32,Muscat,Oman
Summit Plastics Industries LLC 3221,accounts3221@import-summit.example,+971 9 477 7007,90 Street 26,Shanghai,China
Prime Packaging FZE 3222,accounts3222@import-prime.example,+971 4 369 9952,61 Street 25,Dubai,United Arab Emirates
Imran Hamdan Chen,imran.chen.imp3223@mail.example,+971 56 322 5884,32 Street 9,Sharjah,United Arab Emirates
Rashid Hamdan Al Marri,rashid.al.marri.imp3224@mail.example,+971 54 372 5920,9 Street 1,Abu Dhabi,United Arab Emirates
Amal Sanjay Gupta,amal.gupta.imp3225@mail.example,+971 56 222 0297,88 Street 28,Riyadh,Saudi Arabia
Sky Furniture FZE 3226,accounts3226@import-sky.example,+971 7 375 5555,115 Street 39,Fujairah,United Arab Emirates
Rahul Omar Al Kaabi,rahul.al.kaabi.imp3227@mail.example,+971 56 365 8409,1 Street 30,Ajman,United Arab Emirates
Silver Cables FZCO 3228,accounts3228@import-silver.example,+971 3 599 6893,51 Street 11,Sharjah,United Arab Emirates
Mona Nasser Kowalski,mona.kowalski.imp3229@mail.example,+971 56 638 9110,111 Street 32,Shanghai,China
Grace Asma Iyer,grace.iyer.imp3230@mail.example,+971 58 338 3114,120 Street 34,Dubai,United Arab Emirates
Atlas Building Materials LLC 3231,accounts3231@import-atlas.example,+971 9 780 5823,45 Street 20,Dubai,United Arab Emirates
Prime Steel Industries FZE 3232,accounts3232@import-prime.example,+971 2 838 1648,104 Street 5,Sharjah,United Arab Emirates
Crescent Glass Industries LLC 3233,accounts3233@import-crescent.example,+971 9 877 9836,11 Street 20,Sharjah,United Arab Emirates
Cedar Cables Co. 3234,accounts3234@import-cedar.example,+971 3 797 3024,107 Street 24,Dammam,Saudi Arabia
Anil Khalid Mahmoud,anil.mahmoud.imp3235@mail.example,+971 58 386 4061,118 Street 6,Fujairah,United Arab Emirates
Waleed Salem Al Marri,waleed.al.marri.imp3236@mail.example,+971 50 638 1292,96 Street 5,Ajman,United Arab Emirates
Coral Packaging Est. 3237,accounts3237@import-coral.example,+971 2 478 2414,1 Street 4,Ajman,United Arab Emirates
Sultan Ahmed Al Ameri,sultan.al.ameri.imp3238@mail.example,+971 54 758 0503,7 Street 30,Sharjah,United Arab Emirates
Maitha Hind Reyes,maitha.reyes.imp3239@mail.example,+971 55 755 6702,48 Street 10,Ras al-Khaimah,United Arab Emirates
Sultan Layla Sharma,sultan.sharma.imp3240@mail.example,+971 50 239 3982,114 Street 10,Fujairah,United Arab Emirates
Maria Peter Jaber,maria.jaber.imp3241@mail.example,+971 50 747 3988,101 Street 30,Abu Dhabi,United Arab Emirates
Desert Paints FZE 3242,accounts3242@import-desert.example,+971 4 579 8126,75 Street 22,Abu Dhabi,United Arab Emirates
Aisha Hamdan Al Shamsi,aisha.al.shamsi.imp3243@mail.example,+971 52 650 5374,104 Street 34,Fujairah,United Arab Emirates
Peter Sultan Al Qasimi,peter.al.qasimi.imp3244@mail.example,+971 58 523 7691,49 Street 6,Fujairah,United Arab Emirates
Palm Paper Products Industries LLC 3245,accounts3245@import-palm.example,+971 7 348 7558,23 Street 37,Chennai,India
Crescent Foodstuff Industries LLC 3246,accounts3246@import-crescent.example,+971 6 263 1069,67 Street 34,Sharjah,United Arab Emirates
Mona Priya Wang,mona.wang.imp3247@mail.example,+971 54 854 4370,53 Street 2,Umm al-Quwain,United Arab Emirates
Mariam Fahad Awad,mariam.awad.imp3248@mail.example,+971 55 118 1132,28 Street 20,Ras al-Khaimah,United Arab Emirates
Majid Ahmed Al Qasimi,majid.al.qasimi.imp3249@mail.example,+971 50 143 2877,120 Street 6,Dubai,United Arab Emirates
Ali Layla Siddiqui,ali.siddiqui.imp3250@mail.example,+971 58 892 0143,43 Street 21,Fujairah,United Arab Emirates
Aisha Hamad Al Falasi,aisha.al.falasi.imp3251@mail.example,+971 55 237 6408,105 Street 1,Ajman,United Arab Emirates
Maria Faisal Al Shamsi,maria.al.shamsi.imp3252@mail.example,+971 56 642 8744,1 Street 17,Fujairah,United Arab Emirates
Layla Rahul Aziz,layla.aziz.imp3253@mail.example,+971 50 633 8747,62 Street 27,Abu Dhabi,United Arab Emirates
Joseph Mariam Mahmoud,joseph.mahmoud.imp3254@mail.example,+971 56 590 1552,11 Street 8,Sharjah,United Arab Emirates
Unity Paper Products FZCO 3255,accounts3255@import-unity.example,+971 4 590 8195,66 Street 25,Umm al-Quwain,United Arab Emirates
Amal Layla Al Hammadi,amal.al.hammadi.imp3256@mail.example,+971 58 163 3310,115 Street 4,Ras al-Khaimah,United Arab Emirates
Salem Sara Aziz,salem.aziz.imp3257@mail.example,+971 56 866 4564,10 Street 16,Ras al-Khaimah,United Arab Emirates
Ravi Bilal Al Nuaimi,ravi.al.nuaimi.imp3258@mail.example,+971 54 686 0070,120 Street 28,Fujairah,United Arab Emirates
Asma Zayed Patel,asma.patel.imp3259@mail.example,+971 52 998 6379,80 Street 3,Abu Dhabi,United Arab Emirates
Ibrahim Saeed Al Dhaheri,ibrahim.al.dhaheri.imp3260@mail.example,+971 58 610 1842,45 Street 36,Sharjah,United Arab Emirates
Imran Aisha Nair,imran.nair.imp3261@mail.example,+971 55 144 2089,39 Street 1,Sharjah,United Arab Emirates
Anil Wei Al Mansouri,anil.al.mansouri.imp3262@mail.example,+971 55 432 1672,21 Street 18,Riyadh,Saudi Arabia
Layla Rashid Al Qasimi,layla.al.qasimi.imp3263@mail.example,+971 58 815 5781,107 Street 40,Dubai,United Arab Emirates
Al Noor Steel Industries Co. 3264,accounts3264@import-al.example,+971 7 817 0910,62 Street 3,Mumbai,India
Al Noor Electronics LLC 3265,accounts3265@import-al.example,+971 3 526 3838,27 Street 22,Abu Dhabi,United Arab Emirates
Maitha Fahad Al Mansouri,maitha.al.mansouri.imp3266@mail.example,+971 58 326 0701,1 Street 18,Abu Dhabi,United Arab Emirates
Sara Karim Reyes,sara.reyes.imp3267@mail.example,+971 56 534 7093,65 Street 21,Dammam,Saudi Arabia
Anna Tariq Siddiqui,anna.siddiqui.imp3268@mail.example,+971 50 683 6755,9 Street 12,Yiwu,China
Falcon Marine Supplies Co. 3269,accounts3269@import-falcon.example,+971 7 542 6510,109 Street 19,Dubai,United Arab Emirates
Anil Maria Patel,anil.patel.imp3270@mail.example,+971 54 449 7520,64 Street 19,Umm al-Quwain,United Arab Emirates
Zenith Textiles Industries LLC 3271,accounts3271@import-zenith.example,+971 6 844 3076,45 Street 27,Abu Dhabi,United Arab Emirates
Latifa Mohammed Nasr,latifa.nasr.imp3272@mail.example,+971 56 648 6633,75 Street 34,Dubai,United Arab Emirates
Cedar General Trading FZCO 3273,accounts3273@import-cedar.example,+971 3 438 2515,98 Street 25,Abu Dhabi,United Arab Emirates
Desert Plastics Industries LLC 3274,accounts3274@import-desert.example,+971 7 868 7024,21 Street 4,Abu Dhabi,United Arab Emirates
Summit Medical Supplies Industries LLC 3275,accounts3275@import-summit.example,+971 2 773 6949,67 Street 6,Salalah,Oman
Lotus Textiles Industries LLC 3276,accounts3276@import-lotus.example,+971 3 724 2658,21 Street 6,Ajman,United Arab Emirates
Hassan Ravi Al Mazrouei,hassan.al.mazrouei.imp3277@mail.example,+971 58 694 8406,17 Street 15,Dubai,United Arab Emirates
Layla Salem Farouk,layla.farouk.imp3278@mail.example,+971 54 765 2224,81 Street 12,Fujairah,United Arab Emirates
Bilal Mohammed Al Suwaidi,bilal.al.suwaidi.imp3279@mail.example,+971 52 808 6514,111 Street 13,Fujairah,United Arab Emirates
Hind Latifa Dsouza,hind.dsouza.imp3280@mail.example,+971 50 559 4596,17 Street 29,Fujairah,United Arab Emirates
Rania Peter Al Qasimi,rania.al.qasimi.imp3281@mail.example,+971 54 258 6034,113 Street 15,Umm al-Quwain,United Arab Emirates
Maria Abdullah Awad,maria.awad.imp3282@mail.example,+971 55 927 0638,23 Street 1,Ras al-Khaimah,United Arab Emirates
Majid Tariq Al Falasi,majid.al.falasi.imp3283@mail.example,+971 55 941 3267,86 Street 27,Jeddah,Saudi Arabia
Mona Hassan Al Qasimi,mona.al.qasimi.imp3284@mail.example,+971 54 258 0251,46 Street 26,Fujairah,United Arab Emirates
Fahad Elena Dsouza,fahad.dsouza.imp3285@mail.example,+971 54 939 6862,107 Street 15,Abu Dhabi,United Arab Emirates
Zayed Hamdan George,zayed.george.imp3286@mail.example,+971 54 600 1184,44 Street 28,Fujairah,United Arab Emirates
Gulf Electronics FZCO 3287,accounts3287@import-gulf.example,+971 6 344 0587,43 Street 5,Dubai,United Arab Emirates
Prime Cables Industries LLC 3288,accounts3288@import-prime.example,+971 2 279 0500,111 Street 24,Dammam,Saudi Arabia
Coral Steel Industries Industries LLC 3289,accounts3289@import-coral.example,+971 6 707 5733,106 Street 2,Dubai,United Arab Emirates
Elena Asma Thomas,elena.thomas.imp3290@mail.example,+971 54 245 6641,61 Street 18,Fujairah,United Arab Emirates
Sky Building Materials Est. 3291,accounts3291@import-sky.example,+971 4 209 0701,87 Street 14,Ajman,United Arab Emirates
Anna Khalid Liu,anna.liu.imp3292@mail.example,+971 50 442 6513,116 Street 16,Abu Dhabi,United Arab Emirates
Ravi Rania Patel,ravi.patel.imp3293@mail.example,+971 52 937 8371,62 Street 3,Dubai,United Arab Emirates
Maitha Yousef Karam,maitha.karam.imp3294@mail.example,+971 50 265 3698,9 Street 39,Sharjah,United Arab Emirates
Sara Fatima Patel,sara.patel.imp3295@mail.example,+971 54 863 0706,99 Street 24,Chennai,India
Elena Mohammed Al Ketbi,elena.al.ketbi.imp3296@mail.example,+971 52 272 1085,79 Street 17,Sharjah,United Arab Emirates
Blue Wave Packaging Co. 3297,accounts3297@import-blue.example,+971 4 204 6657,18 Street 25,Ajman,United Arab Emirates
Fatima Bilal Yassin,fatima.yassin.imp3298@mail.example,+971 50 159 0191,104 Street 12,Ras al-Khaimah,United Arab Emirates
Falcon Paper Products FZE 3299,accounts3299@import-falcon.example,+971 6 419 1677,80 Street 35,Ras al-Khaimah,United Arab Emirates
Salem Sanjay Al Romaithi,salem.al.romaithi.imp3300@mail.example,+971 55 320 9176,60 Street 18,Umm al-Quwain,United Arab Emirates
Yousef Rahul Ivanova,yousef.ivanova.imp3301@mail.example,+971 54 913 2314,17 Street 33,Sharjah,United Arab Emirates
Ravi Sara Mansour,ravi.mansour.imp3302@mail.example,+971 55 375 6823,86 Street 24,Sharjah,United Arab Emirates
Hind Noura Chen,hind.chen.imp3303@mail.example,+971 50 837 1219,63 Street 23,Ras al-Khaimah,United Arab Emirates
Waleed Hassan Thomas,waleed.thomas.imp3304@mail.example,+971 55 525 2558,35 Street 35,Sharjah,United Arab Emirates
Rashid Mansour Chen,rashid.chen.imp3305@mail.example,+971 58 276 7315,64 Street 7,Abu Dhabi,United Arab Emirates
Hind Arjun Obaid,hind.obaid.imp3306@mail.example,+971 58 230 6156,94 Street 31,Ras al-Khaimah,United Arab Emirates
Maria Maria Al Muhairi,maria.al.muhairi.imp3307@mail.example,+971 55 776 3175,2 Street 26,Ras al-Khaimah,United Arab Emirates
John Ravi Al Marri,john.al.marri.imp3308@mail.example,+971 58 241 3000,83 Street 22,Ajman,United Arab Emirates
Fahad Anna Pillai,fahad.pillai.imp3309@mail.example,+971 52 905 0591,85 Street 20,Dubai,United Arab Emirates
Al Fajr Aluminium Est. 3310,accounts3310@import-al.example,+971 7 540 1248,12 Street 35,Ajman,United Arab Emirates
Dana Omar Rahman,dana.rahman.imp3311@mail.example,+971 54 330 7788,48 Street 26,Umm al-Quwain,United Arab Emirates
Prime Foodstuff FZE 3312,accounts3312@import-prime.example,+971 7 306 5520,63 Street 17,Ajman,United Arab Emirates
Silver Textiles Co. 3313,accounts3313@import-silver.example,+971 4 301 1640,115 Street 29,Umm al-Quwain,United Arab Emirates
Atlas Glass FZE 3314,accounts3314@import-atlas.example,+971 2 381 9979,86 Street 13,Fujairah,United Arab Emirates
Hamdan Asma Mathew,hamdan.mathew.imp3315@mail.example,+971 58 781 7539,100 Street 8,Fujairah,United Arab Emirates
John Shamma Nasr,john.nasr.imp3316@mail.example,+971 58 625 9125,52 Street 11,Ajman,United Arab Emirates
Al Fajr Foodstuff Est. 3317,accounts3317@import-al.example,+971 6 217 7786,63 Street 7,Umm al-Quwain,United Arab Emirates
Desert Glass FZCO 3318,accounts3318@import-desert.example,+971 2 261 8922,27 Street 21,Fujairah,United Arab Emirates
Al Bayan General Trading Co. 3319,accounts3319@import-al.example,+971 3 741 4773,101 Street 25,Umm al-Quwain,United Arab Emirates
Wei Noura Yassin,wei.yassin.imp3320@mail.example,+971 50 418 9712,86 Street 38,Ajman,United Arab Emirates
Ahmed Sara Al Ketbi,ahmed.al.ketbi.imp3321@mail.example,+971 55 731 4411,20 Street 16,Umm al-Quwain,United Arab Emirates
Aisha Sara Saleh,aisha.saleh.imp3322@mail.example,+971 56 818 6089,113 Street 22,Fujairah,United Arab Emirates
Noura Abdullah Jaber,noura.jaber.imp3323@mail.example,+971 52 520 6440,62 Street 18,Fujairah,United Arab Emirates
Crescent Cables Industries LLC 3324,accounts3324@import-crescent.example,+971 7 400 6264,12 Street 18,Fujairah,United Arab Emirates
Oasis Chemicals Industries LLC 3325,accounts3325@import-oasis.example,+971 6 574 7223,26 Street 40,Ras al-Khaimah,United Arab Emirates
Waleed Salem Barakat,waleed.barakat.imp3326@mail.example,+971 55 569 4713,55 Street 32,Abu Dhabi,United Arab Emirates
Maitha Samir Khan,maitha.khan.imp3327@mail.example,+971 58 286 2788,26 Street 23,Abu Dhabi,United Arab Emirates
Karim Khalid Iyer,karim.iyer.imp3328@mail.example,+971 58 188 6972,79 Street 29,Ajman,United Arab Emirates
Falcon Paper Products Est. 3329,accounts3329@import-falcon.example,+971 9 745 5187,70 Street 24,Fujairah,United Arab Emirates
Sara Hind Siddiqui,sara.siddiqui.imp3330@mail.example,+971 54 987 0082,96 Street 29,Dubai,United Arab Emirates
Blue Wave Trading Est. 3331,accounts3331@import-blue.example,+971 9 423 8702,88 Street 18,Ajman,United Arab Emirates
Cedar Logistics Co. 3332,accounts3332@import-cedar.example,+971 9 854 4649,90 Street 11,Dubai,United Arab Emirates
Dune Logistics Co. 3333,accounts3333@import-dune.example,+971 3 725 2175,10 Street 31,Yiwu,China
Unity Glass Industries LLC 3334,accounts3334@import-unity.example,+971 6 527 6560,45 Street 5,Sharjah,United Arab Emirates
Bilal John Chen,bilal.chen.imp3335@mail.example,+971 55 364 5490,67 Street 34,Dubai,United Arab Emirates
Waleed Noura Kowalski,waleed.kowalski.imp3336@mail.example,+971 56 148 6557,49 Street 5,Yiwu,China
Silver Cables FZE 3337,accounts3337@import-silver.example,+971 2 749 6459,94 Street 39,Kochi,India
Peter Karim Siddiqui,peter.siddiqui.imp3338@mail.example,+971 52 332 6426,49 Street 36,Ajman,United Arab Emirates
Karim Huda Al Falasi,karim.al.falasi.imp3339@mail.example,+971 54 753 1907,84 Street 19,Dubai,United Arab Emirates
Coral Paper Products Co. 3340,accounts3340@import-coral.example,+971 6 311 3299,58 Street 39,Dubai,United Arab Emirates
Star Steel Industries Industries LLC 3341,accounts3341@import-star.example,+971 3 776 6184,56 Street 1,Fujairah,United Arab Emirates
Emirates Steel Industries Co. 3342,accounts3342@import-emirates.example,+971 6 223 4514,20 Street 17,Sharjah,United Arab Emirates
Zenith Building Materials Co. 3343,accounts3343@import-zenith.example,+971 2 724 3522,6 Street 34,Sharjah,United Arab Emirates
Zenith Paints FZE 3344,accounts3344@import-zenith.example,+971 6 322 2704,106 Street 21,Fujairah,United Arab Emirates
Zayed Faisal Yassin,zayed.yassin.imp3345@mail.example,+971 50 743 9701,106 Street 37,Ras al-Khaimah,United Arab Emirates
Royal Aluminium FZE 3346,accounts3346@import-royal.example,+971 2 415 1307,54 Street 31,Sharjah,United Arab Emirates
Gulf Electronics Est. 3347,accounts3347@import-gulf.example,+971 4 673 4616,109 Street 22,Umm al-Quwain,United Arab Emirates
Crescent Steel Industries LLC 3348,accounts3348@import-crescent.example,+971 4 878 9982,66 Street 24,Ras al-Khaimah,United Arab Emirates
Asma Majid Al Muhairi,asma.al.muhairi.imp3349@mail.example,+971 50 211 6536,71 Street 35,Yiwu,China
Hamdan Maitha Al Qasimi,hamdan.al.qasimi.imp3350@mail.example,+971 54 762 7768,38 Street 24,Salalah,Oman
Karim Peter Saleh,karim.saleh.imp3351@mail.example,+971 55 664 5191,50 Street 31,Abu Dhabi,United Arab Emirates
Sanjay Rania Liu,sanjay.liu.imp3352@mail.example,+971 58 658 1311,93 Street 12,Ras al-Khaimah,United Arab Emirates
Karim Peter Awad,karim.awad.imp3353@mail.example,+971 50 399 0519,104 Street 10,Ajman,United Arab Emirates
Sultan Noura Khan,sultan.khan.imp3354@mail.example,+971 58 776 4950,102 Street 25,Abu Dhabi,United Arab Emirates
Al Fajr Chemicals LLC 3355,accounts3355@import-al.example,+971 3 417 5452,24 Street 20,Abu Dhabi,United Arab Emirates
Karim Joseph Al Dhaheri,karim.al.dhaheri.imp3356@mail.example,+971 58 649 8700,89 Street 31,Sharjah,United Arab Emirates
Royal Medical Supplies FZE 3357,accounts3357@import-royal.example,+971 2 307 2860,74 Street 36,Sharjah,United Arab Emirates
Mariam Rahul Al Hammadi,mariam.al.hammadi.imp3358@mail.example,+971 55 956 9295,22 Street 35,Ras al-Khaimah,United Arab Emirates
Hamdan Hind Sharma,hamdan.sharma.imp3359@mail.example,+971 56 173 1876,53 Street 30,Fujairah,United Arab Emirates
Ravi Sultan Al Suwaidi,ravi.al.suwaidi.imp3360@mail.example,+971 58 118 8989,67 Street 22,Ajman,United Arab Emirates
Omar Layla Haddad,omar.haddad.imp3361@mail.example,+971 58 963 8657,34 Street 8,Ras al-Khaimah,United Arab Emirates
Palm Steel Industries LLC 3362,accounts3362@import-palm.example,+971 2 764 2387,61 Street 4,Ras al-Khaimah,United Arab Emirates
Fatima Maitha Al Muhairi,fatima.al.muhairi.imp3363@mail.example,+971 52 138 6307,78 Street 31,Dubai,United Arab Emirates
Ibrahim Hind Al Marri,ibrahim.al.marri.imp3364@mail.example,+971 55 681 7424,66 Street 31,Mumbai,India
Nasser Noura Siddiqui,nasser.siddiqui.imp3365@mail.example,+971 56 537 0513,50 Street 34,Dubai,United Arab Emirates
Emirates Textiles LLC 3366,accounts3366@import-emirates.example,+971 2 661 4060,81 Street 33,Sharjah,United Arab Emirates
Dune Chemicals Est. 3367,accounts3367@import-dune.example,+971 4 279 5568,14 Street 39,Umm al-Quwain,United Arab Emirates
Al Safa Cables Co. 3368,accounts3368@import-al.example,+971 9 801 4041,78 Street 25,Umm al-Quwain,United Arab Emirates
Omar Asma Farouk,omar.farouk.imp3369@mail.example,+971 55 459 0067,71 Street 22,Shanghai,China
Arjun Latifa Al Nuaimi,arjun.al.nuaimi.imp3370@mail.example,+971 54 335 6323,69 Street 15,Dammam,Saudi Arabia
Ravi Arjun Farouk,ravi.farouk.imp3371@mail.example,+971 54 377 8205,98 Street 17,Fujairah,United Arab Emirates
Sultan Wei Darwish,sultan.darwish.imp3372@mail.example,+971 58 133 1423,27 Street 6,Ajman,United Arab Emirates
Mona Peter Karam,mona.karam.imp3373@mail.example,+971 55 108 9302,45 Street 29,Fujairah,United Arab Emirates
Faisal Amal Iyer,faisal.iyer.imp3374@mail.example,+971 54 601 1743,107 Street 20,Fujairah,United Arab Emirates
Falcon Paper Products Est. 3375,accounts3375@import-falcon.example,+971 3 255 4339,97 Street 35,Dubai,United Arab Emirates
Marina Trading FZCO 3376,accounts3376@import-marina.example,+971 4 636 0900,105 Street 28,Dubai,United Arab Emirates
Sanjay Anil Jaber,sanjay.jaber.imp3377@mail.example,+971 54 693 4987,81 Street 18,Abu Dhabi,United Arab Emirates
Lotus Paints FZE 3378,accounts3378@import-lotus.example,+971 6 894 0079,64 Street 10,Sharjah,United Arab Emirates
Royal Paints LLC 3379,accounts3379@import-royal.example,+971 3 639 0903,109 Street 35,Sharjah,United Arab Emirates
Prime Electronics Est. 3380,accounts3380@import-prime.example,+971 3 302 6861,45 Street 1,Dubai,United Arab Emirates
Marina Aluminium FZE 3381,accounts3381@import-marina.example,+971 7 496 7985,37 Street 39,Fujairah,United Arab Emirates
Peter Hassan Reyes,peter.reyes.imp3382@mail.example,+971 56 334 3251,61 Street 4,Abu Dhabi,United Arab Emirates
Gulf Paints Industries LLC 3383,accounts3383@import-gulf.example,+971 4 717 6872,99 Street 28,Dubai,United Arab Emirates
Rania Ibrahim Al Mansouri,rania.al.mansouri.imp3384@mail.example,+971 56 767 4692,86 Street 21,Muscat,Oman
Al Fajr Plastics LLC 3385,accounts3385@import-al.example,+971 2 306 8047,54 Street 14,Sharjah,United Arab Emirates
Dana Fahad Al Romaithi,dana.al.romaithi.imp3386@mail.example,+971 52 285 4660,118 Street 26,Umm al-Quwain,United Arab Emirates
Khalid Hassan Chen,khalid.chen.imp3387@mail.example,+971 56 593 6412,113 Street 9,Salalah,Oman
Abdullah Sara Al Zaabi,abdullah.al.zaabi.imp3388@mail.example,+971 58 616 8000,109 Street 20,Abu Dhabi,United Arab Emirates
Amal Daniel Jaber,amal.jaber.imp3389@mail.example,+971 52 912 3672,91 Street 8,Umm al-Quwain,United Arab Emirates
Cedar Electronics FZCO 3390,accounts3390@import-cedar.example,+971 2 243 3457,78 Street 36,Ajman,United Arab Emirates
Summit Paper Products Co. 3391,accounts3391@import-summit.example,+971 9 809 9681,103 Street 9,Fujairah,United Arab Emirates
Asma Mansour Thomas,asma.thomas.imp3392@mail.example,+971 52 988 9240,118 Street 8,Umm al-Quwain,United Arab Emirates
Dune General Trading FZE 3393,accounts3393@import-dune.example,+971 9 200 0393,40 Street 1,Ajman,United Arab Emirates
Saeed John Thomas,saeed.thomas.imp3394@mail.example,+971 55 419 8077,108 Street 21,Dubai,United Arab Emirates
Blue Wave Chemicals FZE 3395,accounts3395@import-blue.example,+971 6 298 8483,27 Street 38,Sharjah,United Arab Emirates
Omar Majid Al Zaabi,omar.al.zaabi.imp3396@mail.example,+971 54 882 2218,60 Street 3,Abu Dhabi,United Arab Emirates
Rania Anil Qureshi,rania.qureshi.imp3397@mail.example,+971 54 447 7125,12 Street 34,Sharjah,United Arab Emirates
Zenith Furniture FZCO 3398,accounts3398@import-zenith.example,+971 3 484 0334,55 Street 25,Umm al-Quwain,United Arab Emirates
Hamad Mohammed Siddiqui,hamad.siddiqui.imp3399@mail.example,+971 58 406 1791,108 Street 19,Ras al-Khaimah,United Arab Emirates
Star Building Materials Co. 3400,accounts3400@import-star.example,+971 6 393 9887,59 Street 37,Umm al-Quwain,United Arab Emirates
Salem Khalid Pillai,salem.pillai.imp3401@mail.example,+971 50 932 4906,86 Street 30,Ajman,United Arab Emirates
Elena Anna Smith,elena.smith.imp3402@mail.example,+971 52 766 6694,36 Street 14,Kochi,India
Yousef Anil Kowalski,yousef.kowalski.imp3403@mail.example,+971 54 699 9668,59 Street 25,Ras al-Khaimah,United Arab Emirates
Prime Electronics FZE 3404,accounts3404@import-prime.example,+971 3 761 1204,95 Street 8,Salalah,Oman
Omar Rania Mansour,omar.mansour.imp3405@mail.example,+971 58 100 9329,75 Street 20,Umm al-Quwain,United Arab Emirates
Golden Auto Spare Parts Co. 3406,accounts3406@import-golden.example,+971 9 526 2956,111 Street 6,Shanghai,China
Mohammed Elena Menon,mohammed.menon.imp3407@mail.example,+971 58 663 2375,6 Street 3,Fujairah,United Arab Emirates
Summit Aluminium Est. 3408,accounts3408@import-summit.example,+971 3 275 2851,64 Street 35,Ras al-Khaimah,United Arab Emirates
Marina Paper Products LLC 3409,accounts3409@import-marina.example,+971 2 572 1705,71 Street 29,Salalah,Oman
Samir Fahad Liu,samir.liu.imp3410@mail.example,+971 56 370 7846,34 Street 36,Dubai,United Arab Emirates
Al Safa Foodstuff Est. 3411,accounts3411@import-al.example,+971 2 647 5175,102 Street 11,Umm al-Quwain,United Arab Emirates
Unity Building Materials LLC 3412,accounts3412@import-unity.example,+971 6 203 8093,93 Street 13,Riyadh,Saudi Arabia
Al Wasl Steel Industries Co. 3413,accounts3413@import-al.example,+971 9 860 7263,92 Street 38,Dubai,United Arab Emirates
Anil Anna Al Kaabi,anil.al.kaabi.imp3414@mail.example,+971 56 595 1335,95 Street 8,Dammam,Saudi Arabia
Wei Bilal Al Hashimi,wei.al.hashimi.imp3415@mail.example,+971 54 183 7499,25 Street 3,Fujairah,United Arab Emirates
Ibrahim Elena Al Zaabi,ibrahim.al.zaabi.imp3416@mail.example,+971 55 249 3799,85 Street 37,Sharjah,United Arab Emirates
Desert Steel Industries Industries LLC 3417,accounts3417@import-desert.example,+971 7 833 8109,30 Street 29,Manchester,United Kingdom
Omar Arjun Karam,omar.karam.imp3418@mail.example,+971 58 924 8913,24 Street 11,Abu Dhabi,United Arab Emirates
Mona Amal Al Falasi,mona.al.falasi.imp3419@mail.example,+971 58 572 4691,23 Street 6,Dubai,United Arab Emirates
Pearl Packaging Industries LLC 3420,accounts3420@import-pearl.example,+971 4 459 6720,104 Street 14,Dubai,United Arab Emirates
Reem Salem Al Romaithi,reem.al.romaithi.imp3421@mail.example,+971 52 732 3964,87 Street 1,Abu Dhabi,United Arab Emirates
Nasser Layla Iyer,nasser.iyer.imp3422@mail.example,+971 50 739 9150,84 Street 34,Ajman,United Arab Emirates
Anna Hamdan Al Shamsi,anna.al.shamsi.imp3423@mail.example,+971 56 927 2994,12 Street 13,Dubai,United Arab Emirates
Ali Grace Habib,ali.habib.imp3424@mail.example,+971 50 824 6212,66 Street 27,Umm al-Quwain,United Arab Emirates
Omar Waleed Nasr,omar.nasr.imp3425@mail.example,+971 56 169 9679,24 Street 4,Ajman,United Arab Emirates
Ravi Anna Al Dhaheri,ravi.al.dhaheri.imp3426@mail.example,+971 58 622 6785,106 Street 18,Ras al-Khaimah,United Arab Emirates
Coral General Trading FZE 3427,accounts3427@import-coral.example,+971 3 667 2997,24 Street 29,Dubai,United Arab Emirates
Samir Nasser Al Shamsi,samir.al.shamsi.imp3428@mail.example,+971 52 257 3536,97 Street 26,Ras al-Khaimah,United Arab Emirates
Rahul Amal Al Ameri,rahul.al.ameri.imp3429@mail.example,+971 55 243 0298,5 Street 3,Kochi,India
Imran Arjun Nasr,imran.nasr.imp3430@mail.example,+971 56 869 5851,1 Street 13,Ajman,United Arab Emirates
Ahmed Joseph Chen,ahmed.chen.imp3431@mail.example,+971 54 665 8385,59 Street 11,Sharjah,United Arab Emirates
Falcon Auto Spare Parts FZCO 3432,accounts3432@import-falcon.example,+971 7 289 5659,50 Street 25,Chennai,India
Maria Joseph Al Ketbi,maria.al.ketbi.imp3433@mail.example,+971 52 257 7781,47 Street 22,Fujairah,United Arab Emirates
Sky Glass Industries LLC 3434,accounts3434@import-sky.example,+971 6 665 5051,113 Street 15,Ras al-Khaimah,United Arab Emirates
Imran Abdullah Karam,imran.karam.imp3435@mail.example,+971 58 887 8242,39 Street 10,Ajman,United Arab Emirates
Zayed Maria Al Ketbi,zayed.al.ketbi.imp3436@mail.example,+971 54 599 2800,44 Street 3,Abu Dhabi,United Arab Emirates
Star Furniture Co. 3437,accounts3437@import-star.example,+971 6 803 4936,40 Street 16,Dammam,Saudi Arabia
Aisha Anil Mathew,aisha.mathew.imp3438@mail.example,+971 52 894 5136,75 Street 35,Abu Dhabi,United Arab Emirates
Abdullah Abdullah Al Mansouri,abdullah.al.mansouri.imp3439@mail.example,+971 50 252 0756,71 Street 32,Salalah,Oman
Rahul Peter Darwish,rahul.darwish.imp3440@mail.example,+971 54 239 6050,24 Street 7,Sohar,Oman
Mohammed Arjun Al Muhairi,mohammed.al.muhairi.imp3441@mail.example,+971 56 754 9338,99 Street 24,Dammam,Saudi Arabia
Golden General Trading FZE 3442,accounts3442@import-golden.example,+971 4 644 8123,39 Street 8,Manchester,United Kingdom
Nadia Amal Al Hashimi,nadia.al.hashimi.imp3443@mail.example,+971 56 413 3618,112 Street 17,Dubai,United Arab Emirates
Salem Saeed Nasr,salem.nasr.imp3444@mail.example,+971 55 781 0350,68 Street 12,Dubai,United Arab Emirates
Rania Yousef Mathew,rania.mathew.imp3445@mail.example,+971 52 431 2185,43 Street 7,Shenzhen,China
Horizon Glass LLC 3446,accounts3446@import-horizon.example,+971 2 659 6586,73 Street 6,Sohar,Oman
Samir Hamdan Fernandes,samir.fernandes.imp3447@mail.example,+971 56 250 1485,54 Street 9,Dubai,United Arab Emirates
Rahul Ahmed Obaid,rahul.obaid.imp3448@mail.example,+971 50 568 7092,76 Street 33,Ras al-Khaimah,United Arab Emirates
Lotus Logistics Co. 3449,accounts3449@import-lotus.example,+971 4 410 5807,6 Street 28,Ajman,United Arab Emirates
Mohammed Joseph Karam,mohammed.karam.imp3450@mail.example,+971 50 637 7203,49 Street 40,Muscat,Oman
Maitha Elena Chen,maitha.chen.imp3451@mail.example,+971 55 406 8471,19 Street 19,Sharjah,United Arab Emirates
Fatima Ravi Al Mazrouei,fatima.al.mazrouei.imp3452@mail.example,+971 50 402 4240,1 Street 25,Salalah,Oman
Ali Elena Santos,ali.santos.imp3453@mail.example,+971 54 582 0592,16 Street 13,Dubai,United Arab Emirates
Hamad Ibrahim Wang,hamad.wang.imp3454@mail.example,+971 55 705 3337,16 Street 11,Ras al-Khaimah,United Arab Emirates
Latifa Hassan Ivanova,latifa.ivanova.imp3455@mail.example,+971 56 837 6025,101 Street 5,Dubai,United Arab Emirates
Crescent Aluminium FZCO 3456,accounts3456@import-crescent.example,+971 3 473 8567,38 Street 10,Ras al-Khaimah,United Arab Emirates
Desert Cables FZCO 3457,accounts3457@import-desert.example,+971 3 331 9119,72 Street 15,Ajman,United Arab Emirates
Palm Aluminium Est. 3458,accounts3458@import-palm.example,+971 3 214 0912,17 Street 36,Abu Dhabi,United Arab Emirates
Tariq Amal Nasr,tariq.nasr.imp3459@mail.example,+971 54 624 8634,111 Street 37,Sharjah,United Arab Emirates
Rahul Latifa Hussain,rahul.hussain.imp3460@mail.example,+971 55 521 1079,2 Street 24,Riyadh,Saudi Arabia
Majid Omar Smith,majid.smith.imp3461@mail.example,+971 54 909 3944,38 Street 14,Ras al-Khaimah,United Arab Emirates
Khalid Sultan Menon,khalid.menon.imp3462@mail.example,+971 58 516 7732,114 Street 34,Dubai,United Arab Emirates
Ravi Faisal Farouk,ravi.farouk.imp3463@mail.example,+971 52 591 9442,30 Street 8,Umm al-Quwain,United Arab Emirates
Zenith General Trading Est. 3464,accounts3464@import-zenith.example,+971 9 720 3247,8 Street 11,Umm al-Quwain,United Arab Emirates
Reem Waleed Yassin,reem.yassin.imp3465@mail.example,+971 54 597 4559,59 Street 13,Ras al-Khaimah,United Arab Emirates
Sultan Rania Hussain,sultan.hussain.imp3466@mail.example,+971 54 738 5271,93 Street 15,Ras al-Khaimah,United Arab Emirates
Khalid Ahmed Al Falasi,khalid.al.falasi.imp3467@mail.example,+971 56 162 2174,83 Street 10,Sharjah,United Arab Emirates
Arjun Hind Thomas,arjun.thomas.imp3468@mail.example,+971 52 852 2633,19 Street 4,Riyadh,Saudi Arabia
Ahmed Nasser Al Hashimi,ahmed.al.hashimi.imp3469@mail.example,+971 58 995 7292,109 Street 34,Manchester,United Kingdom
Silver Building Materials FZE 3470,accounts3470@import-silver.example,+971 4 604 6418,44 Street 36,Abu Dhabi,United Arab Emirates
Abdullah Sara Al Dhaheri,abdullah.al.dhaheri.imp3471@mail.example,+971 54 997 5700,108 Street 13,Sharjah,United Arab Emirates
Silver Trading Co. 3472,accounts3472@import-silver.example,+971 2 499 9902,79 Street 9,Manchester,United Kingdom
Zenith Trading Co. 3473,accounts3473@import-zenith.example,+971 2 523 5959,41 Street 2,Ajman,United Arab Emirates
Desert Furniture FZE 3474,accounts3474@import-desert.example,+971 9 215 0172,83 Street 11,Ajman,United Arab Emirates
Maitha Mariam Pillai,maitha.pillai.imp3475@mail.example,+971 52 171 4141,50 Street 26,Sharjah,United Arab Emirates
Mona Mona Novak,mona.novak.imp3476@mail.example,+971 50 478 4916,67 Street 12,Dubai,United Arab Emirates
Ravi Omar Mathew,ravi.mathew.imp3477@mail.example,+971 50 541 6882,51 Street 28,Umm al-Quwain,United Arab Emirates
Grace Saeed Patel,grace.patel.imp3478@mail.example,+971 50 666 3465,25 Street 18,Sharjah,United Arab Emirates
Shamma Hamad Al Falasi,shamma.al.falasi.imp3479@mail.example,+971 54 628 2015,41 Street 16,Dubai,United Arab Emirates
Waleed Salem Reyes,waleed.reyes.imp3480@mail.example,+971 50 542 7653,78 Street 21,Sharjah,United Arab Emirates
Blue Wave Trading FZE 3481,accounts3481@import-blue.example,+971 2 800 8976,60 Street 37,Umm al-Quwain,United Arab Emirates
Al Wasl Paints FZE 3482,accounts3482@import-al.example,+971 4 722 6966,43 Street 18,Umm al-Quwain,United Arab Emirates
Waleed Peter Darwish,waleed.darwish.imp3483@mail.example,+971 52 650 2609,88 Street 32,Dubai,United Arab Emirates
Summit Furniture FZE 3484,accounts3484@import-summit.example,+971 9 364 5073,8 Street 15,Fujairah,United Arab Emirates
Bilal Nadia Hussain,bilal.hussain.imp3485@mail.example,+971 52 532 9747,34 Street 39,Ajman,United Arab Emirates
Nasser Fahad Mansour,nasser.mansour.imp3486@mail.example,+971 56 929 1798,99 Street 25,Fujairah,United Arab Emirates
Anna Hassan Al Ketbi,anna.al.ketbi.imp3487@mail.example,+971 52 504 9406,23 Street 22,Dubai,United Arab Emirates
Wei Mona Al Hammadi,wei.al.hammadi.imp3488@mail.example,+971 54 930 4187,87 Street 36,Fujairah,United Arab Emirates
Blue Wave Textiles Co. 3489,accounts3489@import-blue.example,+971 6 627 7360,62 Street 40,Ajman,United Arab Emirates
Layla Mariam Reyes,layla.reyes.imp3490@mail.example,+971 56 457 4939,95 Street 31,Abu Dhabi,United Arab Emirates
Anil Khalid Ivanova,anil.ivanova.imp3491@mail.example,+971 56 863 9306,67 Street 1,Abu Dhabi,United Arab Emirates
Palm Paper Products LLC 3492,accounts3492@import-palm.example,+971 6 260 0042,99 Street 26,Shanghai,China
Nasser Amal Al Mazrouei,nasser.al.mazrouei.imp3493@mail.example,+971 50 811 6650,68 Street 9,London,United Kingdom
Mohammed Imran Aziz,mohammed.aziz.imp3494@mail.example,+971 56 482 3770,25 Street 3,Ajman,United Arab Emirates
Pearl Foodstuff Industries LLC 3495,accounts3495@import-pearl.example,+971 6 886 3517,1 Street 13,Dubai,United Arab Emirates
Priya Nadia Haddad,priya.haddad.imp3496@mail.example,+971 55 698 2789,4 Street 26,Dubai,United Arab Emirates
Hassan Bilal Khan,hassan.khan.imp3497@mail.example,+971 56 595 0738,116 Street 36,Abu Dhabi,United Arab Emirates
Reem Fatima Al Hashimi,reem.al.hashimi.imp3498@mail.example,+971 50 252 9038,17 Street 37,Ajman,United Arab Emirates
Daniel Zayed Hussain,daniel.hussain.imp3499@mail.example,+971 54 720 8037,37 Street 29,Fujairah,United Arab Emirates
Faisal Ravi Al Suwaidi,faisal.al.suwaidi.imp3500@mail.example,+971 52 302 4265,106 Street 11,Fujairah,United Arab Emirates
Omar Anna Qureshi,omar.qureshi.imp3501@mail.example,+971 50 563 3664,56 Street 7,Dammam,Saudi Arabia
Huda Joseph Hussain,huda.hussain.imp3502@mail.example,+971 58 368 5670,92 Street 39,Sohar,Oman
Ibrahim Rahul Al Mazrouei,ibrahim.al.mazrouei.imp3503@mail.example,+971 50 550 1265,51 Street 37,Dubai,United Arab Emirates
Saeed Nasser Thomas,saeed.thomas.imp3504@mail.example,+971 52 487 0391,66 Street 18,Fujairah,United Arab Emirates
Oasis Cables Industries LLC 3505,accounts3505@import-oasis.example,+971 7 784 0769,48 Street 9,Umm al-Quwain,United Arab Emirates
Hamdan Elena Liu,hamdan.liu.imp3506@mail.example,+971 58 786 2112,80 Street 38,Dubai,United Arab Emirates
Zayed Rashid Patel,zayed.patel.imp3507@mail.example,+971 58 452 6528,116 Street 17,Mumbai,India
Pearl Paints Industries LLC 3508,accounts3508@import-pearl.example,+971 3 627 1477,118 Street 15,Sharjah,United Arab Emirates
Salem Ibrahim Al Muhairi,salem.al.muhairi.imp3509@mail.example,+971 50 770 0055,91 Street 19,Shenzhen,China
Dune Marine Supplies LLC 3510,accounts3510@import-dune.example,+971 7 889 1997,51 Street 15,Sohar,Oman
Ravi Joseph Farouk,ravi.farouk.imp3511@mail.example,+971 55 940 1465,10 Street 7,Fujairah,United Arab Emirates
Sanjay Rania Mahmoud,sanjay.mahmoud.imp3512@mail.example,+971 55 784 6302,118 Street 11,Dubai,United Arab Emirates
Karim Rashid Chen,karim.chen.imp3513@mail.example,+971 50 228 5493,3 Street 12,Sharjah,United Arab Emirates
Cedar Foodstuff FZE 3514,accounts3514@import-cedar.example,+971 2 325 5028,38 Street 14,Sharjah,United Arab Emirates
Blue Wave General Trading FZCO 3515,accounts3515@import-blue.example,+971 7 439 8098,118 Street 18,Sharjah,United Arab Emirates
Aisha Saeed Al Mazrouei,aisha.al.mazrouei.imp3516@mail.example,+971 52 804 2638,79 Street 25,Fujairah,United Arab Emirates
Huda Rahul George,huda.george.imp3517@mail.example,+971 50 908 7967,24 Street 4,Umm al-Quwain,United Arab Emirates
Noura Maria Awad,noura.awad.imp3518@mail.example,+971 52 191 2044,111 Street 26,Fujairah,United Arab Emirates
Amal Rashid Santos,amal.santos.imp3519@mail.example,+971 52 793 7534,62 Street 40,Umm al-Quwain,United Arab Emirates
Latifa Anna Al Dhaheri,latifa.al.dhaheri.imp3520@mail.example,+971 54 773 1875,82 Street 34,Sharjah,United Arab Emirates
Crescent Paper Products Est. 3521,accounts3521@import-crescent.example,+971 9 355 2324,115 Street 32,Umm al-Quwain,United Arab Emirates
Anil Khalid Patel,anil.patel.imp3522@mail.example,+971 56 134 8656,90 Street 3,Abu Dhabi,United Arab Emirates
Al Bayan Trading Industries LLC 3523,accounts3523@import-al.example,+971 9 619 4752,44 Street 34,Yiwu,China
Reem Wei Thomas,reem.thomas.imp3524@mail.example,+971 54 210 5821,103 Street 5,Fujairah,United Arab Emirates
Golden Furniture FZE 3525,accounts3525@import-golden.example,+971 9 608 0197,91 Street 9,Ajman,United Arab Emirates
Yousef Anil Fernandes,yousef.fernandes.imp3526@mail.example,+971 54 614 2246,16 Street 13,Sohar,Oman
Sultan Yousef Obaid,sultan.obaid.imp3527@mail.example,+971 50 381 7677,107 Street 16,Fujairah,United Arab Emirates
Zenith Paper Products LLC 3528,accounts3528@import-zenith.example,+971 7 274 8827,63 Street 19,Ras al-Khaimah,United Arab Emirates
Maitha Wei Al Shamsi,maitha.al.shamsi.imp3529@mail.example,+971 54 259 2900,88 Street 20,Jeddah,Saudi Arabia
Horizon Furniture Co. 3530,accounts3530@import-horizon.example,+971 4 680 7768,5 Street 19,Fujairah,United Arab Emirates
Al Bayan Auto Spare Parts Est. 3531,accounts3531@import-al.example,+971 9 569 9449,83 Street 33,Kochi,India
Samir Daniel Mahmoud,samir.mahmoud.imp3532@mail.example,+971 56 585 7427,11 Street 28,Abu Dhabi,United Arab Emirates
Abdullah Tariq Al Hammadi,abdullah.al.hammadi.imp3533@mail.example,+971 55 981 2076,100 Street 34,Yiwu,China
Wei Karim Al Qasimi,wei.al.qasimi.imp3534@mail.example,+971 50 814 4638,87 Street 7,Sharjah,United Arab Emirates
Ibrahim Zayed Menon,ibrahim.menon.imp3535@mail.example,+971 58 932 6463,17 Street 24,London,United Kingdom
Al Wasl Textiles Co. 3536,accounts3536@import-al.example,+971 7 811 9831,65 Street 26,Sohar,Oman
Dana Wei Al Ameri,dana.al.ameri.imp3537@mail.example,+971 55 270 8828,24 Street 23,Dubai,United Arab Emirates
Golden Foodstuff FZE 3538,accounts3538@import-golden.example,+971 4 513 9030,59 Street 37,Fujairah,United Arab Emirates
Maitha Hind Al Mansouri,maitha.al.mansouri.imp3539@mail.example,+971 58 950 3887,97 Street 31,Dubai,United Arab Emirates
Asma Nadia Iyer,asma.iyer.imp3540@mail.example,+971 56 491 8136,17 Street 26,Sharjah,United Arab Emirates
Karim Peter Al Marri,karim.al.marri.imp3541@mail.example,+971 50 846 6353,85 Street 10,Sharjah,United Arab Emirates
Waleed Elena Nasr,waleed.nasr.imp3542@mail.example,+971 56 292 3138,54 Street 13,Ajman,United Arab Emirates
Coral Aluminium Co. 3543,accounts3543@import-coral.example,+971 4 477 1627,52 Street 14,Ajman,United Arab Emirates
Oasis Packaging LLC 3544,accounts3544@import-oasis.example,+971 4 352 5498,35 Street 24,Ajman,United Arab Emirates
Blue Wave Packaging FZE 3545,accounts3545@import-blue.example,+971 6 376 4327,106 Street 26,Ras al-Khaimah,United Arab Emirates
Wei Nasser Al Dhaheri,wei.al.dhaheri.imp3546@mail.example,+971 56 771 2252,64 Street 17,Jeddah,Saudi Arabia
Marina Furniture Est. 3547,accounts3547@import-marina.example,+971 7 614 0645,23 Street 21,Sharjah,United Arab Emirates
Arjun Latifa Obaid,arjun.obaid.imp3548@mail.example,+971 56 639 7677,85 Street 3,Sohar,Oman
Grace Anil Gupta,grace.gupta.imp3549@mail.example,+971 52 310 2173,39 Street 13,Sohar,Oman
Waleed Rania Obaid,waleed.obaid.imp3550@mail.example,+971 54 243 2448,118 Street 34,Fujairah,United Arab Emirates
Fatima Mohammed Al Shamsi,fatima.al.shamsi.imp3551@mail.example,+971 50 784 8135,108 Street 3,Ajman,United Arab Emirates
Fahad Waleed Aziz,fahad.aziz.imp3552@mail.example,+971 54 268 0415,13 Street 25,Umm al-Quwain,United Arab Emirates
Maria Wei Al Ketbi,maria.al.ketbi.imp3553@mail.example,+971 56 108 7404,77 Street 1,Abu Dhabi,United Arab Emirates
Ali Samir Khan,ali.khan.imp3554@mail.example,+971 54 685 7724,74 Street 12,Ras al-Khaimah,United Arab Emirates
Sara Ibrahim Santos,sara.santos.imp3555@mail.example,+971 54 879 2581,112 Street 37,Fujairah,United Arab Emirates
Mariam Dana Jaber,mariam.jaber.imp3556@mail.example,+971 56 824 6250,59 Street 26,Sharjah,United Arab Emirates
Saeed Ahmed Al Hashimi,saeed.al.hashimi.imp3557@mail.example,+971 58 530 6499,79 Street 36,Ajman,United Arab Emirates
Imran Fatima Darwish,imran.darwish.imp3558@mail.example,+971 50 692 9562,46 Street 27,Sharjah,United Arab Emirates
Crescent Furniture FZE 3559,accounts3559@import-crescent.example,+971 7 555 1309,39 Street 23,Umm al-Quwain,United Arab Emirates
Al Fajr Cables FZE 3560,accounts3560@import-al.example,+971 6 860 2771,80 Street 9,Ras al-Khaimah,United Arab Emirates
Blue Wave Building Materials FZCO 3561,accounts3561@import-blue.example,+971 7 628 0388,83 Street 2,Sharjah,United Arab Emirates
Blue Wave Medical Supplies Industries LLC 3562,accounts3562@import-blue.example,+971 9 261 2157,69 Street 20,Fujairah,United Arab Emirates
Gulf Trading LLC 3563,accounts3563@import-gulf.example,+971 4 644 9868,18 Street 38,Manchester,United Kingdom
Latifa Nadia Qureshi,latifa.qureshi.imp3564@mail.example,+971 54 443 6223,116 Street 35,Dubai,United Arab Emirates
Mona Layla Iyer,mona.iyer.imp3565@mail.example,+971 56 232 7050,54 Street 29,Abu Dhabi,United Arab Emirates
Hassan Peter Ivanova,hassan.ivanova.imp3566@mail.example,+971 50 573 1597,63 Street 5,Dubai,United Arab Emirates
Samir Hamdan Al Shamsi,samir.al.shamsi.imp3567@mail.example,+971 54 332 1144,96 Street 31,Sharjah,United Arab Emirates
Horizon General Trading Industries LLC 3568,accounts3568@import-horizon.example,+971 6 574 0832,35 Street 20,Sharjah,United Arab Emirates
Atlas Medical Supplies Co. 3569,accounts3569@import-atlas.example,+971 2 561 9221,18 Street 25,Ajman,United Arab Emirates
Hamad Waleed Al Shamsi,hamad.al.shamsi.imp3570@mail.example,+971 55 570 7448,20 Street 4,Ajman,United Arab Emirates
Fatima Rashid Sharma,fatima.sharma.imp3571@mail.example,+971 52 945 0534,95 Street 23,Manchester,United Kingdom
Sultan Huda Mathew,sultan.mathew.imp3572@mail.example,+971 54 217 7616,23 Street 3,London,United Kingdom
Oasis Foodstuff FZCO 3573,accounts3573@import-oasis.example,+971 9 728 5440,89 Street 25,Sharjah,United Arab Emirates
Shamma Hamad Al Romaithi,shamma.al.romaithi.imp3574@mail.example,+971 58 952 8884,15 Street 9,Umm al-Quwain,United Arab Emirates
Mansour Omar Al Suwaidi,mansour.al.suwaidi.imp3575@mail.example,+971 58 222 9440,91 Street 12,Dubai,United Arab Emirates
Dana Ahmed Awad,dana.awad.imp3576@mail.example,+971 56 879 6532,27 Street 37,Ras al-Khaimah,United Arab Emirates
Summit Steel Industries LLC 3577,accounts3577@import-summit.example,+971 7 462 4860,7 Street 31,Sharjah,United Arab Emirates
Horizon Trading LLC 3578,accounts3578@import-horizon.example,+971 2 696 5788,47 Street 12,Kochi,India
Al Wasl Logistics LLC 3579,accounts3579@import-al.example,+971 3 846 3790,74 Street 8,Sharjah,United Arab Emirates
Faisal Ibrahim Khoury,faisal.khoury.imp3580@mail.example,+971 56 458 0574,61 Street 35,Sharjah,United Arab Emirates
Salem Mona Menon,salem.menon.imp3581@mail.example,+971 58 888 7651,48 Street 6,Ras al-Khaimah,United Arab Emirates
Faisal Waleed Al Mazrouei,faisal.al.mazrouei.imp3582@mail.example,+971 55 194 0202,1 Street 7,Dubai,United Arab Emirates
Zenith Packaging Co. 3583,accounts3583@import-zenith.example,+971 4 509 1926,107 Street 32,Fujairah,United Arab Emirates
Al Bayan General Trading Industries LLC 3584,accounts3584@import-al.example,+971 4 336 0334,74 Street 17,Dubai,United Arab Emirates
Ravi Maria Smith,ravi.smith.imp3585@mail.example,+971 50 826 8117,52 Street 20,Ras al-Khaimah,United Arab Emirates
Hind Arjun Barakat,hind.barakat.imp3586@mail.example,+971 54 641 5582,30 Street 21,Ras al-Khaimah,United Arab Emirates
Sultan Zayed Novak,sultan.novak.imp3587@mail.example,+971 54 446 4779,4 Street 8,Sharjah,United Arab Emirates
Bilal Peter Al Romaithi,bilal.al.romaithi.imp3588@mail.example,+971 50 728 0133,106 Street 25,Abu Dhabi,United Arab Emirates
Royal Trading FZCO 3589,accounts3589@import-royal.example,+971 6 260 6107,26 Street 3,Sharjah,United Arab Emirates
Imran Peter Al Qasimi,imran.al.qasimi.imp3590@mail.example,+971 50 481 1600,81 Street 37,Ras al-Khaimah,United Arab Emirates
Blue Wave Trading FZE 3591,accounts3591@import-blue.example,+971 2 363 5438,45 Street 36,Kochi,India
Nadia Nadia Kowalski,nadia.kowalski.imp3592@mail.example,+971 55 299 7933,44 Street 5,Dubai,United Arab Emirates
Tariq Waleed Sharma,tariq.sharma.imp3593@mail.example,+971 54 527 2601,114 Street 18,Ras al-Khaimah,United Arab Emirates
Falcon Paints Industries LLC 3594,accounts3594@import-falcon.example,+971 3 645 0624,67 Street 3,Ras al-Khaimah,United Arab Emirates
Hassan Mohammed Al Hammadi,hassan.al.hammadi.imp3595@mail.example,+971 56 487 4114,89 Street 20,Ras al-Khaimah,United Arab Emirates
Maitha Mohammed Menon,maitha.menon.imp3596@mail.example,+971 56 347 6618,14 Street 38,Sharjah,United Arab Emirates
Latifa Mona Awad,latifa.awad.imp3597@mail.example,+971 58 249 9712,22 Street 25,Ajman,United Arab Emirates
Cedar Plastics Industries LLC 3598,accounts3598@import-cedar.example,+971 4 491 4396,28 Street 12,Sharjah,United Arab Emirates
Huda Ibrahim Al Ameri,huda.al.ameri.imp3599@mail.example,+971 50 247 1462,63 Street 29,Ras al-Khaimah,United Arab Emirates
Yousef Aisha Khoury,yousef.khoury.imp3600@mail.example,+971 55 262 6341,1 Street 36,Abu Dhabi,United Arab Emirates
Atlas Auto Spare Parts LLC 3601,accounts3601@import-atlas.example,+971 3 333 7422,1 Street 14,Sohar,Oman
Coral Packaging Industries LLC 3602,accounts3602@import-coral.example,+971 3 773 2257,95 Street 32,Sharjah,United Arab Emirates
Atlas Foodstuff LLC 3603,accounts3603@import-atlas.example,+971 6 347 0258,98 Street 15,Dubai,United Arab Emirates
Hassan Majid Barakat,hassan.barakat.imp3604@mail.example,+971 55 296 8739,24 Street 10,Ras al-Khaimah,United Arab Emirates
Mariam Sara Al Kaabi,mariam.al.kaabi.imp3605@mail.example,+971 58 195 5963,72 Street 24,Ajman,United Arab Emirates
Rashid Rashid George,rashid.george.imp3606@mail.example,+971 54 170 2710,43 Street 18,Kochi,India
Imran Abdullah Al Marri,imran.al.marri.imp3607@mail.example,+971 50 443 5143,98 Street 34,Fujairah,United Arab Emirates
Al Noor Plastics FZCO 3608,accounts3608@import-al.example,+971 6 745 6261,74 Street 21,Fujairah,United Arab Emirates
Hassan Hind Al Romaithi,hassan.al.romaithi.imp3609@mail.example,+971 58 281 3893,32 Street 2,Muscat,Oman
Cedar Paper Products Est. 3610,accounts3610@import-cedar.example,+971 4 617 3617,34 Street 33,Fujairah,United Arab Emirates
Atlas Paints Co. 3611,accounts3611@import-atlas.example,+971 7 612 9024,88 Street 20,Dubai,United Arab Emirates
Arjun Arjun Awad,arjun.awad.imp3612@mail.example,+971 54 519 1323,75 Street 8,Fujairah,United Arab Emirates
John Grace Dsouza,john.dsouza.imp3613@mail.example,+971 55 887 8105,4 Street 24,Umm al-Quwain,United Arab Emirates
Dune Paper Products FZCO 3614,accounts3614@import-dune.example,+971 7 466 9585,15 Street 24,Ajman,United Arab Emirates
Mariam Abdullah Nasr,mariam.nasr.imp3615@mail.example,+971 55 411 2902,11 Street 30,Sharjah,United Arab Emirates
Ahmed Wei Yassin,ahmed.yassin.imp3616@mail.example,+971 54 107 4991,65 Street 17,Sharjah,United Arab Emirates
Pearl Medical Supplies Industries LLC 3617,accounts3617@import-pearl.example,+971 2 749 7319,40 Street 4,Ajman,United Arab Emirates
Hassan Ibrahim Liu,hassan.liu.imp3618@mail.example,+971 50 120 6055,90 Street 29,Sharjah,United Arab Emirates
Maitha Anil Rahman,maitha.rahman.imp3619@mail.example,+971 56 372 8509,3 Street 34,Fujairah,United Arab Emirates
Hassan Sultan Al Mazrouei,hassan.al.mazrouei.imp3620@mail.example,+971 52 997 9568,103 Street 30,Riyadh,Saudi Arabia
Fahad Amal Al Ameri,fahad.al.ameri.imp3621@mail.example,+971 54 605 5935,40 Street 35,Ras al-Khaimah,United Arab Emirates
Peter Sultan Ivanova,peter.ivanova.imp3622@mail.example,+971 54 583 7387,105 Street 35,Ras al-Khaimah,United Arab Emirates
Faisal Latifa Aziz,faisal.aziz.imp3623@mail.example,+971 52 903 3675,101 Street 6,Fujairah,United Arab Emirates
Hassan Reem George,hassan.george.imp3624@mail.example,+971 55 746 8482,78 Street 30,Sharjah,United Arab Emirates
Prime Medical Supplies Est. 3625,accounts3625@import-prime.example,+971 9 243 1393,50 Street 21,Dubai,United Arab Emirates
Maria Sara Fernandes,maria.fernandes.imp3626@mail.example,+971 52 398 5780,4 Street 25,Dubai,United Arab Emirates
Zayed Anna Mathew,zayed.mathew.imp3627@mail.example,+971 54 179 8573,97 Street 38,Abu Dhabi,United Arab Emirates
Abdullah Joseph Al Romaithi,abdullah.al.romaithi.imp3628@mail.example,+971 58 322 1403,110 Street 1,Abu Dhabi,United Arab Emirates
Grace Shamma Obaid,grace.obaid.imp3629@mail.example,+971 56 674 9283,7 Street 4,Ajman,United Arab Emirates
Wei Hind Chen,wei.chen.imp3630@mail.example,+971 56 409 4684,2 Street 4,Fujairah,United Arab Emirates
Mansour Karim Al Qasimi,mansour.al.qasimi.imp3631@mail.example,+971 50 103 6653,109 Street 34,Abu Dhabi,United Arab Emirates
Layla Reem Al Ketbi,layla.al.ketbi.imp3632@mail.example,+971 52 291 3476,94 Street 39,Ras al-Khaimah,United Arab Emirates
Omar Wei Rahman,omar.rahman.imp3633@mail.example,+971 56 507 3297,39 Street 14,Ras al-Khaimah,United Arab Emirates
Zenith Steel Industries Est. 3634,accounts3634@import-zenith.example,+971 6 587 2967,82 Street 1,Ras al-Khaimah,United Arab Emirates
Saeed Hind Menon,saeed.menon.imp3635@mail.example,+971 55 534 8417,7 Street 32,Jeddah,Saudi Arabia
Aisha Karim Al Mansouri,aisha.al.mansouri.imp3636@mail.example,+971 56 642 5040,23 Street 25,Umm al-Quwain,United Arab Emirates
Ahmed Hind Al Romaithi,ahmed.al.romaithi.imp3637@mail.example,+971 54 208 3726,2 Street 15,Dubai,United Arab Emirates
Anna Amal Al Romaithi,anna.al.romaithi.imp3638@mail.example,+971 54 387 7853,106 Street 38,Ajman,United Arab Emirates
Waleed Hamdan Al Romaithi,waleed.al.romaithi.imp3639@mail.example,+971 55 149 9386,38 Street 5,Abu Dhabi,United Arab Emirates
Horizon Aluminium FZE 3640,accounts3640@import-horizon.example,+971 7 292 5977,20 Street 19,Dubai,United Arab Emirates
Karim Shamma Rahman,karim.rahman.imp3641@mail.example,+971 56 309 2176,81 Street 30,Abu Dhabi,United Arab Emirates
Wei Ahmed Al Marri,wei.al.marri.imp3642@mail.example,+971 58 994 1343,63 Street 23,Ras al-Khaimah,United Arab Emirates
Falcon Electronics Est. 3643,accounts3643@import-falcon.example,+971 2 461 4659,81 Street 8,Fujairah,United Arab Emirates
Anil Hamad Dsouza,anil.dsouza.imp3644@mail.example,+971 56 993 1972,40 Street 24,Ajman,United Arab Emirates
Layla Aisha Darwish,layla.darwish.imp3645@mail.example,+971 54 452 3503,119 Street 35,Umm al-Quwain,United Arab Emirates
Palm Foodstuff Industries LLC 3646,accounts3646@import-palm.example,+971 3 730 6271,35 Street 13,Umm al-Quwain,United Arab Emirates
Al Fajr Cables FZE 3647,accounts3647@import-al.example,+971 7 767 9407,57 Street 1,Abu Dhabi,United Arab Emirates
Hamdan Waleed Qureshi,hamdan.qureshi.imp3648@mail.example,+971 52 533 0426,7 Street 22,Abu Dhabi,United Arab Emirates
Palm General Trading FZCO 3649,accounts3649@import-palm.example,+971 7 703 4472,42 Street 17,Umm al-Quwain,United Arab Emirates
Amal Hamdan Patel,amal.patel.imp3650@mail.example,+971 52 232 6313,8 Street 4,Sharjah,United Arab Emirates
Daniel Hassan Kowalski,daniel.kowalski.imp3651@mail.example,+971 58 807 1277,18 Street 16,Fujairah,United Arab Emirates
Asma Asma Al Muhairi,asma.al.muhairi.imp3652@mail.example,+971 56 557 3536,69 Street 38,Abu Dhabi,United Arab Emirates
Golden Marine Supplies LLC 3653,accounts3653@import-golden.example,+971 9 302 0849,60 Street 4,Chennai,India
Crescent Packaging Industries LLC 3654,accounts3654@import-crescent.example,+971 9 376 4294,10 Street 3,Umm al-Quwain,United Arab Emirates
Palm Paper Products FZCO 3655,accounts3655@import-palm.example,+971 7 505 8697,70 Street 20,Dubai,United Arab Emirates
Al Safa Electronics Est. 3656,accounts3656@import-al.example,+971 9 809 9467,51 Street 5,Sharjah,United Arab Emirates
Atlas General Trading Industries LLC 3657,accounts3657@import-atlas.example,+971 6 211 2564,74 Street 6,Dubai,United Arab Emirates
Al Fajr Steel Industries Co. 3658,accounts3658@import-al.example,+971 9 551 1956,6 Street 2,Dammam,Saudi Arabia
Salem Rahul Hussain,salem.hussain.imp3659@mail.example,+971 56 736 3460,59 Street 11,Umm al-Quwain,United Arab Emirates
Al Safa Paints LLC 3660,accounts3660@import-al.example,+971 9 654 7207,42 Street 35,Fujairah,United Arab Emirates
Horizon Medical Supplies FZCO 3661,accounts3661@import-horizon.example,+971 3 470 8799,65 Street 19,Dubai,United Arab Emirates
Maitha Ravi Aziz,maitha.aziz.imp3662@mail.example,+971 50 232 6079,30 Street 36,Jeddah,Saudi Arabia
Arjun Hind Khoury,arjun.khoury.imp3663@mail.example,+971 56 123 7466,65 Street 8,Fujairah,United Arab Emirates
Shamma Khalid Mahmoud,shamma.mahmoud.imp3664@mail.example,+971 56 429 0141,47 Street 38,Abu Dhabi,United Arab Emirates
Ahmed Fatima Habib,ahmed.habib.imp3665@mail.example,+971 58 587 2009,48 Street 8,Umm al-Quwain,United Arab Emirates
Mariam Tariq Nair,mariam.nair.imp3666@mail.example,+971 55 795 3169,77 Street 29,Dubai,United Arab Emirates
Coral Cables FZE 3667,accounts3667@import-coral.example,+971 4 722 9485,103 Street 13,Sharjah,United Arab Emirates
Mohammed Maria Al Romaithi,mohammed.al.romaithi.imp3668@mail.example,+971 50 885 9061,61 Street 10,Manchester,United Kingdom
Marina Steel Industries FZE 3669,accounts3669@import-marina.example,+971 7 834 3419,55 Street 8,London,United Kingdom
Falcon Aluminium Est. 3670,accounts3670@import-falcon.example,+971 6 505 0999,110 Street 18,Muscat,Oman
Aisha Nadia Khan,aisha.khan.imp3671@mail.example,+971 54 718 3432,32 Street 10,Sharjah,United Arab Emirates
Hind Abdullah Mansour,hind.mansour.imp3672@mail.example,+971 52 576 1107,119 Street 16,Ras al-Khaimah,United Arab Emirates
Bilal Wei Mahmoud,bilal.mahmoud.imp3673@mail.example,+971 56 354 4467,86 Street 35,Sharjah,United Arab Emirates
Ibrahim Karim Reyes,ibrahim.reyes.imp3674@mail.example,+971 58 313 1576,50 Street 18,Umm al-Quwain,United Arab Emirates
Rahul Anil Thomas,rahul.thomas.imp3675@mail.example,+971 56 222 3784,90 Street 10,Ras al-Khaimah,United Arab Emirates
Tariq Karim Liu,tariq.liu.imp3676@mail.example,+971 52 668 7946,28 Street 35,Umm al-Quwain,United Arab Emirates
Peter Imran Nair,peter.nair.imp3677@mail.example,+971 55 659 7719,42 Street 36,Dubai,United Arab Emirates
Aisha Asma Dsouza,aisha.dsouza.imp3678@mail.example,+971 50 498 2439,24 Street 31,Ras al-Khaimah,United Arab Emirates
Shamma Sanjay Al Romaithi,shamma.al.romaithi.imp3679@mail.example,+971 56 388 2067,68 Street 11,Umm al-Quwain,United Arab Emirates
Horizon Glass FZCO 3680,accounts3680@import-horizon.example,+971 3 880 9698,37 Street 13,Ajman,United Arab Emirates
Maitha Samir Al Ameri,maitha.al.ameri.imp3681@mail.example,+971 54 604 4185,56 Street 5,Ras al-Khaimah,United Arab Emirates
Noura Abdullah Barakat,noura.barakat.imp3682@mail.example,+971 50 772 6131,34 Street 29,Ras al-Khaimah,United Arab Emirates
Latifa Anna Santos,latifa.santos.imp3683@mail.example,+971 55 491 4600,49 Street 27,Fujairah,United Arab Emirates
Sara Ravi Al Marri,sara.al.marri.imp3684@mail.example,+971 55 189 1039,86 Street 32,Ajman,United Arab Emirates
Yousef Fahad Ivanova,yousef.ivanova.imp3685@mail.example,+971 56 485 1882,10 Street 34,Yiwu,China
Nasser Daniel Al Ameri,nasser.al.ameri.imp3686@mail.example,+971 50 131 6716,43 Street 39,Dubai,United Arab Emirates
Al Wasl Marine Supplies FZE 3687,accounts3687@import-al.example,+971 2 640 9747,93 Street 8,Umm al-Quwain,United Arab Emirates
Atlas Auto Spare Parts FZE 3688,accounts3688@import-atlas.example,+971 4 545 2230,29 Street 36,Ajman,United Arab Emirates
Anil Faisal Menon,anil.menon.imp3689@mail.example,+971 55 954 7701,66 Street 38,Fujairah,United Arab Emirates
Mona Priya Al Blooshi,mona.al.blooshi.imp3690@mail.example,+971 50 299 6251,48 Street 35,Fujairah,United Arab Emirates
Anna Dana Darwish,anna.darwish.imp3691@mail.example,+971 54 986 6777,45 Street 27,Sharjah,United Arab Emirates
Asma Maitha Al Suwaidi,asma.al.suwaidi.imp3692@mail.example,+971 52 685 1701,114 Street 6,Abu Dhabi,United Arab Emirates
Pearl Cables Co. 3693,accounts3693@import-pearl.example,+971 2 218 3145,15 Street 37,Ras al-Khaimah,United Arab Emirates
Desert Textiles Est. 3694,accounts3694@import-desert.example,+971 4 872 9762,13 Street 30,Sohar,Oman
Cedar Trading FZCO 3695,accounts3695@import-cedar.example,+971 3 427 8223,25 Street 33,Ras al-Khaimah,United Arab Emirates
Ravi Samir Al Marri,ravi.al.marri.imp3696@mail.example,+971 58 371 3173,26 Street 23,Ras al-Khaimah,United Arab Emirates
Crescent Textiles LLC 3697,accounts3697@import-crescent.example,+971 4 443 9464,61 Street 33,Fujairah,United Arab Emirates
Pearl Trading FZCO 3698,accounts3698@import-pearl.example,+971 9 783 9023,60 Street 35,Ras al-Khaimah,United Arab Emirates
Anil Yousef Reyes,anil.reyes.imp3699@mail.example,+971 52 852 6527,68 Street 38,Kochi,India
Ibrahim Reem Al Hashimi,ibrahim.al.hashimi.imp3700@mail.example,+971 55 756 6646,115 Street 30,Umm al-Quwain,United Arab Emirates
Layla Salem Al Blooshi,layla.al.blooshi.imp3701@mail.example,+971 52 956 7705,62 Street 14,Ras al-Khaimah,United Arab Emirates
Daniel Joseph Al Hashimi,daniel.al.hashimi.imp3702@mail.example,+971 52 215 3923,54 Street 26,Fujairah,United Arab Emirates
Khalid Saeed Al Zaabi,khalid.al.zaabi.imp3703@mail.example,+971 52 256 9538,3 Street 2,Sharjah,United Arab Emirates
Saeed Mohammed Al Zaabi,saeed.al.zaabi.imp3704@mail.example,+971 58 222 6065,23 Street 36,Fujairah,United Arab Emirates
Lotus Steel Industries LLC 3705,accounts3705@import-lotus.example,+971 9 717 6684,59 Street 9,Jeddah,Saudi Arabia
Hamdan Ibrahim Jaber,hamdan.jaber.imp3706@mail.example,+971 50 692 3763,26 Street 19,Dubai,United Arab Emirates
Rashid Ibrahim Karam,rashid.karam.imp3707@mail.example,+971 55 636 2598,37 Street 19,Fujairah,United Arab Emirates
Golden Auto Spare Parts Industries LLC 3708,accounts3708@import-golden.example,+971 4 279 8461,80 Street 11,Fujairah,United Arab Emirates
Fahad Asma Kowalski,fahad.kowalski.imp3709@mail.example,+971 50 391 5075,111 Street 21,Dubai,United Arab Emirates
Fahad Hind Pillai,fahad.pillai.imp3710@mail.example,+971 52 260 5888,81 Street 26,Ajman,United Arab Emirates
Al Fajr Glass FZE 3711,accounts3711@import-al.example,+971 9 332 3530,28 Street 20,Riyadh,Saudi Arabia
Anna Hind Siddiqui,anna.siddiqui.imp3712@mail.example,+971 50 509 0112,61 Street 34,Dubai,United Arab Emirates
Anil Elena Nair,anil.nair.imp3713@mail.example,+971 56 657 0713,83 Street 16,Umm al-Quwain,United Arab Emirates
Al Noor Trading LLC 3714,accounts3714@import-al.example,+971 7 794 8653,23 Street 15,Abu Dhabi,United Arab Emirates
Abdullah Sanjay Al Qasimi,abdullah.al.qasimi.imp3715@mail.example,+971 55 261 3140,96 Street 33,Ajman,United Arab Emirates
Khalid Bilal Menon,khalid.menon.imp3716@mail.example,+971 58 732 2670,36 Street 6,Sharjah,United Arab Emirates
Reem Priya Al Qasimi,reem.al.qasimi.imp3717@mail.example,+971 55 200 5137,12 Street 7,Dubai,United Arab Emirates
Hamad Omar Obaid,hamad.obaid.imp3718@mail.example,+971 58 851 9137,118 Street 1,Abu Dhabi,United Arab Emirates
Rania Ahmed Haddad,rania.haddad.imp3719@mail.example,+971 54 385 1052,107 Street 8,Jeddah,Saudi Arabia
Rahul Anna Saleh,rahul.saleh.imp3720@mail.example,+971 52 806 9970,36 Street 35,Sohar,Oman
Omar Rahul Siddiqui,omar.siddiqui.imp3721@mail.example,+971 55 645 5758,45 Street 13,Ajman,United Arab Emirates
Arjun Imran George,arjun.george.imp3722@mail.example,+971 52 351 1530,36 Street 37,Dubai,United Arab Emirates
Dune Electronics Co. 3723,accounts3723@import-dune.example,+971 6 816 1446,23 Street 14,Fujairah,United Arab Emirates
Arjun Hind Al Kaabi,arjun.al.kaabi.imp3724@mail.example,+971 54 849 6162,85 Street 14,Sharjah,United Arab Emirates
Elena Sara Wang,elena.wang.imp3725@mail.example,+971 52 400 3778,62 Street 33,Umm al-Quwain,United Arab Emirates
Sky Logistics Industries LLC 3726,accounts3726@import-sky.example,+971 6 662 4894,9 Street 34,Sharjah,United Arab Emirates
Maitha Latifa Al Dhaheri,maitha.al.dhaheri.imp3727@mail.example,+971 56 300 5349,24 Street 39,Sharjah,United Arab Emirates
Ali Aisha Al Qasimi,ali.al.qasimi.imp3728@mail.example,+971 56 803 6625,47 Street 38,Ajman,United Arab Emirates
Rahul Khalid Mathew,rahul.mathew.imp3729@mail.example,+971 52 748 7446,8 Street 20,Dubai,United Arab Emirates
Zenith Electronics LLC 3730,accounts3730@import-zenith.example,+971 2 359 5129,92 Street 19,Abu Dhabi,United Arab Emirates
Hind Waleed Aziz,hind.aziz.imp3731@mail.example,+971 50 483 3729,50 Street 38,Dubai,United Arab Emirates
Prime Steel Industries LLC 3732,accounts3732@import-prime.example,+971 3 319 3660,94 Street 9,Sharjah,United Arab Emirates
Sultan Imran Chen,sultan.chen.imp3733@mail.example,+971 50 759 5586,119 Street 13,Ras al-Khaimah,United Arab Emirates
Arjun Yousef Chen,arjun.chen.imp3734@mail.example,+971 58 491 9328,51 Street 14,Ajman,United Arab Emirates
Zayed Amal Al Falasi,zayed.al.falasi.imp3735@mail.example,+971 55 303 8946,41 Street 27,Dubai,United Arab Emirates
Cedar Paints Est. 3736,accounts3736@import-cedar.example,+971 7 858 6813,113 Street 2,Abu Dhabi,United Arab Emirates
Cedar Foodstuff FZE 3737,accounts3737@import-cedar.example,+971 9 245 2322,6 Street 35,Ras al-Khaimah,United Arab Emirates
Unity Furniture Co. 3738,accounts3738@import-unity.example,+971 4 422 4869,84 Street 20,Shanghai,China
Majid Anil Yassin,majid.yassin.imp3739@mail.example,+971 58 243 8395,59 Street 22,Umm al-Quwain,United Arab Emirates
Rashid Mariam Al Romaithi,rashid.al.romaithi.imp3740@mail.example,+971 52 539 5379,33 Street 32,Dubai,United Arab Emirates
Rashid Anna Gupta,rashid.gupta.imp3741@mail.example,+971 54 665 8282,27 Street 37,Ajman,United Arab Emirates
Fahad Aisha Smith,fahad.smith.imp3742@mail.example,+971 58 293 3121,106 Street 40,Ajman,United Arab Emirates
Crescent Paper Products Est. 3743,accounts3743@import-crescent.example,+971 4 821 0311,27 Street 4,Umm al-Quwain,United Arab Emirates
Bilal Latifa Khoury,bilal.khoury.imp3744@mail.example,+971 54 504 2631,8 Street 11,Ras al-Khaimah,United Arab Emirates
Yousef Khalid Al Qasimi,yousef.al.qasimi.imp3745@mail.example,+971 50 764 4269,81 Street 18,Ras al-Khaimah,United Arab Emirates
Hind Sanjay Awad,hind.awad.imp3746@mail.example,+971 54 803 6553,104 Street 3,Ras al-Khaimah,United Arab Emirates
Ravi Sultan Thomas,ravi.thomas.imp3747@mail.example,+971 52 753 7733,7 Street 4,Sohar,Oman
Zayed Amal Menon,zayed.menon.imp3748@mail.example,+971 55 310 1504,9 Street 9,Dubai,United Arab Emirates
Sara Peter Aziz,sara.aziz.imp3749@mail.example,+971 58 160 7748,84 Street 22,Shenzhen,China
Desert Chemicals Est. 3750,accounts3750@import-desert.example,+971 4 292 2630,99 Street 9,Abu Dhabi,United Arab Emirates
Dune Logistics Est. 3751,accounts3751@import-dune.example,+971 3 743 4994,48 Street 37,Abu Dhabi,United Arab Emirates
Dana Abdullah Qureshi,dana.qureshi.imp3752@mail.example,+971 54 822 4041,104 Street 22,Jeddah,Saudi Arabia
Blue Wave Cables Co. 3753,accounts3753@import-blue.example,+971 7 683 4209,89 Street 13,Abu Dhabi,United Arab Emirates
Al Safa Packaging FZE 3754,accounts3754@import-al.example,+971 9 226 0673,89 Street 33,Riyadh,Saudi Arabia
Royal General Trading LLC 3755,accounts3755@import-royal.example,+971 2 601 8409,65 Street 2,Abu Dhabi,United Arab Emirates
Silver Packaging FZCO 3756,accounts3756@import-silver.example,+971 2 511 5999,57 Street 37,Abu Dhabi,United Arab Emirates
Samir Mona Mahmoud,samir.mahmoud.imp3757@mail.example,+971 55 729 2654,101 Street 9,Mumbai,India
Hassan Joseph Khan,hassan.khan.imp3758@mail.example,+971 58 838 5636,51 Street 19,Umm al-Quwain,United Arab Emirates
Coral Cables Industries LLC 3759,accounts3759@import-coral.example,+971 9 725 8365,18 Street 5,Umm al-Quwain,United Arab Emirates
Rashid Mansour Wang,rashid.wang.imp3760@mail.example,+971 50 476 7032,15 Street 40,Fujairah,United Arab Emirates
Amal Daniel Khan,amal.khan.imp3761@mail.example,+971 56 925 6258,66 Street 11,Sharjah,United Arab Emirates
Star General Trading Est. 3762,accounts3762@import-star.example,+971 6 337 9260,36 Street 17,Sharjah,United Arab Emirates
Latifa Noura Al Romaithi,latifa.al.romaithi.imp3763@mail.example,+971 52 722 9481,119 Street 37,Ajman,United Arab Emirates
Anna Tariq Yassin,anna.yassin.imp3764@mail.example,+971 55 108 6631,99 Street 16,Sharjah,United Arab Emirates
Bilal Rania Al Muhairi,bilal.al.muhairi.imp3765@mail.example,+971 54 460 0885,77 Street 5,Shenzhen,China
Fahad Hind Al Muhairi,fahad.al.muhairi.imp3766@mail.example,+971 52 356 9509,33 Street 31,Muscat,Oman
Maitha Abdullah Al Ameri,maitha.al.ameri.imp3767@mail.example,+971 52 127 5589,53 Street 20,Muscat,Oman
Asma Abdullah Nasr,asma.nasr.imp3768@mail.example,+971 55 768 8284,1 Street 13,Muscat,Oman
Al Fajr Trading FZCO 3769,accounts3769@import-al.example,+971 4 305 1012,4 Street 23,Umm al-Quwain,United Arab Emirates
Imran Fahad Al Zaabi,imran.al.zaabi.imp3770@mail.example,+971 55 171 1172,90 Street 25,Dubai,United Arab Emirates
Fatima Nadia Khoury,fatima.khoury.imp3771@mail.example,+971 55 857 7549,113 Street 18,Dammam,Saudi Arabia
Mohammed Yousef Khan,mohammed.khan.imp3772@mail.example,+971 58 121 3308,24 Street 23,Jeddah,Saudi Arabia
Anil Priya Aziz,anil.aziz.imp3773@mail.example,+971 56 330 9600,113 Street 21,Dubai,United Arab Emirates
John Khalid Al Hammadi,john.al.hammadi.imp3774@mail.example,+971 55 620 5778,88 Street 4,Sohar,Oman
Peter Noura Wang,peter.wang.imp3775@mail.example,+971 50 165 3078,42 Street 19,Fujairah,United Arab Emirates
Summit Plastics LLC 3776,accounts3776@import-summit.example,+971 9 621 8853,13 Street 31,London,United Kingdom
Wei Hassan Wang,wei.wang.imp3777@mail.example,+971 55 583 1240,78 Street 14,Yiwu,China
Coral Steel Industries Industries LLC 3778,accounts3778@import-coral.example,+971 6 228 5117,89 Street 15,Riyadh,Saudi Arabia
Zayed Maitha Kowalski,zayed.kowalski.imp3779@mail.example,+971 52 110 9424,43 Street 33,Abu Dhabi,United Arab Emirates
Pearl Packaging FZE 3780,accounts3780@import-pearl.example,+971 6 829 2633,2 Street 30,Sharjah,United Arab Emirates
Emirates Paints Industries LLC 3781,accounts3781@import-emirates.example,+971 6 480 1583,15 Street 8,Fujairah,United Arab Emirates
Lotus Paper Products FZCO 3782,accounts3782@import-lotus.example,+971 7 341 3620,60 Street 38,Ras al-Khaimah,United Arab Emirates
Dana Aisha Al Shamsi,dana.al.shamsi.imp3783@mail.example,+971 54 533 7677,13 Street 4,Fujairah,United Arab Emirates
Reem Bilal Al Dhaheri,reem.al.dhaheri.imp3784@mail.example,+971 56 527 7728,35 Street 34,Sharjah,United Arab Emirates
Nasser Asma Al Nuaimi,nasser.al.nuaimi.imp3785@mail.example,+971 58 671 9282,73 Street 29,Fujairah,United Arab Emirates
Huda Joseph Al Zaabi,huda.al.zaabi.imp3786@mail.example,+971 56 121 9717,113 Street 18,Ras al-Khaimah,United Arab Emirates
Abdullah Bilal Nair,abdullah.nair.imp3787@mail.example,+971 54 980 7734,58 Street 27,Sharjah,United Arab Emirates
Sultan Rania Al Muhairi,sultan.al.muhairi.imp3788@mail.example,+971 55 123 8405,2 Street 29,Dubai,United Arab Emirates
Cedar Glass Est. 3789,accounts3789@import-cedar.example,+971 7 367 1005,61 Street 34,Fujairah,United Arab Emirates
Reem Mariam Kowalski,reem.kowalski.imp3790@mail.example,+971 54 985 1997,101 Street 5,Abu Dhabi,United Arab Emirates
Nadia Karim Khoury,nadia.khoury.imp3791@mail.example,+971 52 184 1523,82 Street 38,Umm al-Quwain,United Arab Emirates
Hind Rahul Al Nuaimi,hind.al.nuaimi.imp3792@mail.example,+971 56 605 9212,36 Street 27,Sharjah,United Arab Emirates
Aisha Samir Chen,aisha.chen.imp3793@mail.example,+971 56 616 9221,39 Street 28,Ras al-Khaimah,United Arab Emirates
Fatima Maria Ivanova,fatima.ivanova.imp3794@mail.example,+971 50 148 6507,37 Street 3,Ras al-Khaimah,United Arab Emirates
Al Fajr Paints Co. 3795,accounts3795@import-al.example,+971 7 349 4530,15 Street 16,Ras al-Khaimah,United Arab Emirates
Daniel Sanjay Smith,daniel.smith.imp3796@mail.example,+971 54 993 4741,76 Street 2,Fujairah,United Arab Emirates
Amal Asma Jaber,amal.jaber.imp3797@mail.example,+971 58 466 8775,78 Street 7,Fujairah,United Arab Emirates
Ibrahim Mariam Dsouza,ibrahim.dsouza.imp3798@mail.example,+971 50 222 5526,25 Street 18,Abu Dhabi,United Arab Emirates
Star Paints LLC 3799,accounts3799@import-star.example,+971 9 577 4377,70 Street 6,Fujairah,United Arab Emirates
Emirates Marine Supplies LLC 3800,accounts3800@import-emirates.example,+971 6 483 4397,91 Street 28,Riyadh,Saudi Arabia
Nadia Maria George,nadia.george.imp3801@mail.example,+971 52 862 1176,67 Street 32,Umm al-Quwain,United Arab Emirates
Al Fajr Electronics Est. 3802,accounts3802@import-al.example,+971 6 436 8977,84 Street 19,Dubai,United Arab Emirates
Al Noor Chemicals LLC 3803,accounts3803@import-al.example,+971 7 209 6421,102 Street 5,Dubai,United Arab Emirates
Cedar Medical Supplies FZCO 3804,accounts3804@import-cedar.example,+971 6 878 4672,117 Street 39,Umm al-Quwain,United Arab Emirates
Huda Khalid Menon,huda.menon.imp3805@mail.example,+971 54 124 1370,47 Street 2,Dammam,Saudi Arabia
Emirates Chemicals LLC 3806,accounts3806@import-emirates.example,+971 9 263 8250,21 Street 13,Umm al-Quwain,United Arab Emirates
Mansour Layla Hussain,mansour.hussain.imp3807@mail.example,+971 55 129 9225,76 Street 34,Abu Dhabi,United Arab Emirates
Salem Mansour Nair,salem.nair.imp3808@mail.example,+971 54 594 3896,21 Street 19,Sharjah,United Arab Emirates
Ravi Ravi Iyer,ravi.iyer.imp3809@mail.example,+971 56 425 2298,80 Street 36,Ajman,United Arab Emirates
Fatima Latifa Barakat,fatima.barakat.imp3810@mail.example,+971 50 391 2998,62 Street 21,Abu Dhabi,United Arab Emirates
Arjun Hamdan Fernandes,arjun.fernandes.imp3811@mail.example,+971 58 176 2896,111 Street 22,Ajman,United Arab Emirates
Karim Shamma Santos,karim.santos.imp3812@mail.example,+971 55 635 8565,50 Street 40,Dubai,United Arab Emirates
Mariam Anna Obaid,mariam.obaid.imp3813@mail.example,+971 56 711 2112,68 Street 11,Umm al-Quwain,United Arab Emirates
Priya Maria Al Marri,priya.al.marri.imp3814@mail.example,+971 58 430 1775,22 Street 38,Ajman,United Arab Emirates
Emirates Furniture FZCO 3815,accounts3815@import-emirates.example,+971 6 322 9392,116 Street 31,Sohar,Oman
Atlas Paints FZE 3816,accounts3816@import-atlas.example,+971 3 593 4374,114 Street 12,Ajman,United Arab Emirates
Nasser Rania Mansour,nasser.mansour.imp3817@mail.example,+971 54 626 1619,71 Street 40,Abu Dhabi,United Arab Emirates
Star Marine Supplies Industries LLC 3818,accounts3818@import-star.example,+971 6 266 2015,5 Street 20,Sharjah,United Arab Emirates
Sultan Mansour Farouk,sultan.farouk.imp3819@mail.example,+971 52 479 8674,88 Street 28,Abu Dhabi,United Arab Emirates
Zenith Logistics Est. 3820,accounts3820@import-zenith.example,+971 2 318 2608,4 Street 38,Fujairah,United Arab Emirates
Hamad Fahad Farouk,hamad.farouk.imp3821@mail.example,+971 52 689 1378,110 Street 3,Dubai,United Arab Emirates
Sky Auto Spare Parts Co. 3822,accounts3822@import-sky.example,+971 2 245 4105,17 Street 39,Umm al-Quwain,United Arab Emirates
Zenith Plastics Est. 3823,accounts3823@import-zenith.example,+971 3 592 5818,90 Street 33,Ajman,United Arab Emirates
Priya Rashid Farouk,priya.farouk.imp3824@mail.example,+971 55 420 8667,25 Street 15,Umm al-Quwain,United Arab Emirates
Samir Fahad Habib,samir.habib.imp3825@mail.example,+971 54 915 0207,96 Street 2,Abu Dhabi,United Arab Emirates
Sky Textiles Est. 3826,accounts3826@import-sky.example,+971 3 613 4025,117 Street 1,Yiwu,China
Rahul Huda Wang,rahul.wang.imp3827@mail.example,+971 54 789 4213,116 Street 24,Umm al-Quwain,United Arab Emirates
Elena Nasser Al Mansouri,elena.al.mansouri.imp3828@mail.example,+971 55 458 0928,94 Street 11,Abu Dhabi,United Arab Emirates
Prime Aluminium Est. 3829,accounts3829@import-prime.example,+971 9 626 2581,112 Street 31,Ajman,United Arab Emirates
Joseph Hamad Pillai,joseph.pillai.imp3830@mail.example,+971 50 460 5198,27 Street 18,Sharjah,United Arab Emirates
Pearl Logistics FZCO 3831,accounts3831@import-pearl.example,+971 4 261 2595,9 Street 39,Abu Dhabi,United Arab Emirates
Al Fajr Paper Products FZCO 3832,accounts3832@import-al.example,+971 7 469 0606,101 Street 10,Ras al-Khaimah,United Arab Emirates
Bilal Ibrahim Chen,bilal.chen.imp3833@mail.example,+971 52 786 7374,13 Street 3,Sharjah,United Arab Emirates
Oasis Marine Supplies LLC 3834,accounts3834@import-oasis.example,+971 6 405 0155,29 Street 9,Ras al-Khaimah,United Arab Emirates
Pearl Textiles LLC 3835,accounts3835@import-pearl.example,+971 6 238 2166,58 Street 15,Fujairah,United Arab Emirates
Oasis Chemicals Industries LLC 3836,accounts3836@import-oasis.example,+971 2 529 0863,81 Street 34,Ajman,United Arab Emirates
Al Fajr Plastics Co. 3837,accounts3837@import-al.example,+971 7 779 3027,20 Street 24,Fujairah,United Arab Emirates
Desert Electronics Est. 3838,accounts3838@import-desert.example,+971 2 689 7287,20 Street 5,Fujairah,United Arab Emirates
Falcon Foodstuff FZE 3839,accounts3839@import-falcon.example,+971 3 756 9585,40 Street 19,Dubai,United Arab Emirates
Mohammed Priya Al Nuaimi,mohammed.al.nuaimi.imp3840@mail.example,+971 54 189 0250,33 Street 26,Sharjah,United Arab Emirates
Faisal Nasser Liu,faisal.liu.imp3841@mail.example,+971 58 352 0812,106 Street 2,Dammam,Saudi Arabia
Zenith Building Materials LLC 3842,accounts3842@import-zenith.example,+971 3 785 5633,80 Street 40,Sharjah,United Arab Emirates
Palm Furniture Est. 3843,accounts3843@import-palm.example,+971 6 683 4718,16 Street 4,Ajman,United Arab Emirates
Bilal Majid George,bilal.george.imp3844@mail.example,+971 50 940 3738,49 Street 35,Sharjah,United Arab Emirates
Karim Mohammed Al Suwaidi,karim.al.suwaidi.imp3845@mail.example,+971 50 215 7055,49 Street 23,Umm al-Quwain,United Arab Emirates
Sanjay Yousef Al Marri,sanjay.al.marri.imp3846@mail.example,+971 55 585 6179,12 Street 3,Umm al-Quwain,United Arab Emirates
Hamdan Mona Nair,hamdan.nair.imp3847@mail.example,+971 50 310 0545,4 Street 36,Riyadh,Saudi Arabia
Imran Fahad Liu,imran.liu.imp3848@mail.example,+971 50 177 5321,66 Street 3,Umm al-Quwain,United Arab Emirates
Ravi Arjun Patel,ravi.patel.imp3849@mail.example,+971 56 780 2001,13 Street 25,Umm al-Quwain,United Arab Emirates
Al Safa Glass FZCO 3850,accounts3850@import-al.example,+971 9 863 5629,110 Street 18,Dubai,United Arab Emirates
Samir Hamad Chen,samir.chen.imp3851@mail.example,+971 54 699 7743,40 Street 22,Abu Dhabi,United Arab Emirates
Al Bayan Textiles FZCO 3852,accounts3852@import-al.example,+971 4 647 4173,63 Street 23,Riyadh,Saudi Arabia
Sky Trading Est. 3853,accounts3853@import-sky.example,+971 9 792 9241,45 Street 39,Riyadh,Saudi Arabia
Falcon Medical Supplies FZE 3854,accounts3854@import-falcon.example,+971 7 333 5854,51 Street 11,Ajman,United Arab Emirates
Zayed Arjun Al Hammadi,zayed.al.hammadi.imp3855@mail.example,+971 55 625 2304,79 Street 2,Sharjah,United Arab Emirates
Golden Textiles Industries LLC 3856,accounts3856@import-golden.example,+971 4 334 9921,47 Street 28,Yiwu,China
Al Safa Medical Supplies FZE 3857,accounts3857@import-al.example,+971 2 472 1066,5 Street 9,Abu Dhabi,United Arab Emirates
Imran Grace Khan,imran.khan.imp3858@mail.example,+971 52 983 7818,95 Street 3,Ajman,United Arab Emirates
Nasser Huda Mansour,nasser.mansour.imp3859@mail.example,+971 58 719 1982,99 Street 13,Jeddah,Saudi Arabia
Blue Wave Cables Industries LLC 3860,accounts3860@import-blue.example,+971 6 458 5856,37 Street 19,Umm al-Quwain,United Arab Emirates
Emirates Glass Est. 3861,accounts3861@import-emirates.example,+971 7 756 9644,1 Street 3,Kochi,India
Nasser Yousef Qureshi,nasser.qureshi.imp3862@mail.example,+971 55 281 8662,23 Street 13,Ajman,United Arab Emirates
Priya Nadia George,priya.george.imp3863@mail.example,+971 56 204 7841,72 Street 6,Abu Dhabi,United Arab Emirates
Fatima Maitha Awad,fatima.awad.imp3864@mail.example,+971 50 431 3722,24 Street 28,Abu Dhabi,United Arab Emirates
Aisha Daniel Khoury,aisha.khoury.imp3865@mail.example,+971 54 692 0341,82 Street 32,Ras al-Khaimah,United Arab Emirates
Hind Layla Fernandes,hind.fernandes.imp3866@mail.example,+971 55 350 3481,79 Street 2,Ajman,United Arab Emirates
Blue Wave Medical Supplies FZCO 3867,accounts3867@import-blue.example,+971 9 600 7102,23 Street 30,Ras al-Khaimah,United Arab Emirates
Crescent Textiles Industries LLC 3868,accounts3868@import-crescent.example,+971 2 392 8589,58 Street 33,Fujairah,United Arab Emirates
Samir Sanjay Al Suwaidi,samir.al.suwaidi.imp3869@mail.example,+971 54 134 0640,103 Street 2,Ajman,United Arab Emirates
Sky Logistics FZE 3870,accounts3870@import-sky.example,+971 7 538 5158,7 Street 37,Ajman,United Arab Emirates
Elena Ahmed Habib,elena.habib.imp3871@mail.example,+971 54 837 9542,47 Street 38,Dubai,United Arab Emirates
Asma Sanjay Al Mansouri,asma.al.mansouri.imp3872@mail.example,+971 54 168 3924,73 Street 31,Dammam,Saudi Arabia
Anil Elena Al Falasi,anil.al.falasi.imp3873@mail.example,+971 58 567 2797,5 Street 39,Fujairah,United Arab Emirates
Crescent Steel Industries Industries LLC 3874,accounts3874@import-crescent.example,+971 6 449 5442,11 Street 31,Abu Dhabi,United Arab Emirates
Omar Anil Al Suwaidi,omar.al.suwaidi.imp3875@mail.example,+971 54 259 1849,78 Street 40,Ajman,United Arab Emirates
Priya Rania Ivanova,priya.ivanova.imp3876@mail.example,+971 55 965 8434,16 Street 3,Dubai,United Arab Emirates
Zenith Paints FZCO 3877,accounts3877@import-zenith.example,+971 6 277 3145,16 Street 32,Ras al-Khaimah,United Arab Emirates
Hamdan Huda Novak,hamdan.novak.imp3878@mail.example,+971 52 404 4434,100 Street 28,Kochi,India
Ravi Wei Ivanova,ravi.ivanova.imp3879@mail.example,+971 50 812 7163,64 Street 24,Umm al-Quwain,United Arab Emirates
Rania Asma Khan,rania.khan.imp3880@mail.example,+971 55 445 1725,120 Street 6,Dammam,Saudi Arabia
Rashid John Mahmoud,rashid.mahmoud.imp3881@mail.example,+971 55 608 4793,114 Street 30,Umm al-Quwain,United Arab Emirates
Marina General Trading Co. 3882,accounts3882@import-marina.example,+971 7 305 7048,102 Street 39,Sharjah,United Arab Emirates
Saeed Ibrahim Al Dhaheri,saeed.al.dhaheri.imp3883@mail.example,+971 56 303 3266,79 Street 1,Fujairah,United Arab Emirates
Arjun Reem Kowalski,arjun.kowalski.imp3884@mail.example,+971 52 966 9413,6 Street 20,Abu Dhabi,United Arab Emirates
Marina Aluminium Est. 3885,accounts3885@import-marina.example,+971 6 636 8111,105 Street 21,Sharjah,United Arab Emirates
Majid Peter Darwish,majid.darwish.imp3886@mail.example,+971 52 640 3165,93 Street 15,Ras al-Khaimah,United Arab Emirates
Dune Steel Industries Co. 3887,accounts3887@import-dune.example,+971 6 637 0320,92 Street 29,Abu Dhabi,United Arab Emirates
Arjun Fatima Pillai,arjun.pillai.imp3888@mail.example,+971 58 438 6709,20 Street 25,Umm al-Quwain,United Arab Emirates
Crescent Logistics FZCO 3889,accounts3889@import-crescent.example,+971 7 641 1762,18 Street 22,London,United Kingdom
Marina Aluminium Est. 3890,accounts3890@import-marina.example,+971 4 201 4499,2 Street 25,Umm al-Quwain,United Arab Emirates
Al Wasl Auto Spare Parts Co. 3891,accounts3891@import-al.example,+971 4 301 9450,108 Street 2,Sharjah,United Arab Emirates
Rashid Sanjay Al Marri,rashid.al.marri.imp3892@mail.example,+971 55 982 4915,54 Street 7,Umm al-Quwain,United Arab Emirates
Salem Joseph Pillai,salem.pillai.imp3893@mail.example,+971 50 416 8016,70 Street 26,Fujairah,United Arab Emirates
Amal Huda Thomas,amal.thomas.imp3894@mail.example,+971 50 759 3015,60 Street 29,Ajman,United Arab Emirates
Mariam Arjun Farouk,mariam.farouk.imp3895@mail.example,+971 52 311 2411,54 Street 25,Abu Dhabi,United Arab Emirates
Sanjay Samir Novak,sanjay.novak.imp3896@mail.example,+971 55 994 2646,83 Street 12,Ras al-Khaimah,United Arab Emirates
Saeed Huda Al Romaithi,saeed.al.romaithi.imp3897@mail.example,+971 58 344 8949,68 Street 25,Shenzhen,China
Huda Mohammed Saleh,huda.saleh.imp3898@mail.example,+971 54 984 2221,18 Street 25,Abu Dhabi,United Arab Emirates
Hind Hamad Jaber,hind.jaber.imp3899@mail.example,+971 56 136 4430,114 Street 18,Chennai,India
Abdullah Shamma Novak,abdullah.novak.imp3900@mail.example,+971 54 686 5034,59 Street 21,Ras al-Khaimah,United Arab Emirates
Falcon Chemicals Industries LLC 3901,accounts3901@import-falcon.example,+971 7 281 0462,72 Street 32,Ras al-Khaimah,United Arab Emirates
Zayed Ravi Al Zaabi,zayed.al.zaabi.imp3902@mail.example,+971 52 687 2380,85 Street 11,Ajman,United Arab Emirates
Mona Anna Barakat,mona.barakat.imp3903@mail.example,+971 54 845 4500,119 Street 20,Ajman,United Arab Emirates
Unity Foodstuff Industries LLC 3904,accounts3904@import-unity.example,+971 9 408 6706,7 Street 19,Umm al-Quwain,United Arab Emirates
Mariam Sara Pillai,mariam.pillai.imp3905@mail.example,+971 50 668 8695,39 Street 29,Abu Dhabi,United Arab Emirates
Gulf Steel Industries FZE 3906,accounts3906@import-gulf.example,+971 2 706 8754,13 Street 20,Sharjah,United Arab Emirates
Salem Tariq Al Kaabi,salem.al.kaabi.imp3907@mail.example,+971 54 738 7189,101 Street 2,Abu Dhabi,United Arab Emirates
Elena Mariam Nair,elena.nair.imp3908@mail.example,+971 56 737 8743,106 Street 24,Dubai,United Arab Emirates
Star Aluminium Industries LLC 3909,accounts3909@import-star.example,+971 6 702 6279,77 Street 18,Dubai,United Arab Emirates
Desert Foodstuff LLC 3910,accounts3910@import-desert.example,+971 4 278 8588,33 Street 28,Umm al-Quwain,United Arab Emirates
Maitha Yousef Kowalski,maitha.kowalski.imp3911@mail.example,+971 56 837 7841,31 Street 11,Abu Dhabi,United Arab Emirates
Arjun Sultan Smith,arjun.smith.imp3912@mail.example,+971 52 208 8899,34 Street 8,Ajman,United Arab Emirates
Arjun Samir Dsouza,arjun.dsouza.imp3913@mail.example,+971 58 971 0080,48 Street 26,Abu Dhabi,United Arab Emirates
Majid Nasser Rahman,majid.rahman.imp3914@mail.example,+971 56 536 9038,120 Street 16,Dubai,United Arab Emirates
Asma Sanjay Jaber,asma.jaber.imp3915@mail.example,+971 54 992 8803,74 Street 39,Ras al-Khaimah,United Arab Emirates
Hamdan Mohammed Khoury,hamdan.khoury.imp3916@mail.example,+971 58 754 3080,102 Street 26,Dubai,United Arab Emirates
Sky Foodstuff Industries LLC 3917,accounts3917@import-sky.example,+971 2 758 5839,18 Street 34,Sharjah,United Arab Emirates
Cedar Paints FZCO 3918,accounts3918@import-cedar.example,+971 3 719 4922,100 Street 12,Ajman,United Arab Emirates
Saeed Latifa Khan,saeed.khan.imp3919@mail.example,+971 56 750 5794,45 Street 4,Ras al-Khaimah,United Arab Emirates
Pearl Cables FZE 3920,accounts3920@import-pearl.example,+971 6 309 4655,86 Street 17,Ras al-Khaimah,United Arab Emirates
Nasser Dana Nair,nasser.nair.imp3921@mail.example,+971 50 385 2268,13 Street 38,Umm al-Quwain,United Arab Emirates
Yousef Zayed Karam,yousef.karam.imp3922@mail.example,+971 54 238 6489,23 Street 19,Sharjah,United Arab Emirates
Nasser John Mansour,nasser.mansour.imp3923@mail.example,+971 58 146 6790,95 Street 4,Dubai,United Arab Emirates
Horizon Foodstuff LLC 3924,accounts3924@import-horizon.example,+971 7 479 2651,32 Street 27,Abu Dhabi,United Arab Emirates
Sanjay Yousef Nasr,sanjay.nasr.imp3925@mail.example,+971 56 198 0481,118 Street 27,Riyadh,Saudi Arabia
Rania Ravi Sharma,rania.sharma.imp3926@mail.example,+971 52 200 0777,87 Street 34,Umm al-Quwain,United Arab Emirates
Reem Anil Novak,reem.novak.imp3927@mail.example,+971 54 348 5032,85 Street 29,Umm al-Quwain,United Arab Emirates
Golden Cables Est. 3928,accounts3928@import-golden.example,+971 3 806 4354,76 Street 1,Shenzhen,China
Mansour Mariam Obaid,mansour.obaid.imp3929@mail.example,+971 55 751 4160,46 Street 6,Ras al-Khaimah,United Arab Emirates
Khalid Hassan Haddad,khalid.haddad.imp3930@mail.example,+971 56 607 7760,34 Street 29,Fujairah,United Arab Emirates
Arjun Zayed Mahmoud,arjun.mahmoud.imp3931@mail.example,+971 54 731 0707,5 Street 38,Ras al-Khaimah,United Arab Emirates
Gulf Packaging LLC 3932,accounts3932@import-gulf.example,+971 7 550 4142,71 Street 34,Ras al-Khaimah,United Arab Emirates
Grace Fahad Al Dhaheri,grace.al.dhaheri.imp3933@mail.example,+971 50 395 7981,49 Street 2,Ras al-Khaimah,United Arab Emirates
Zayed Karim Smith,zayed.smith.imp3934@mail.example,+971 50 222 6301,1 Street 40,Umm al-Quwain,United Arab Emirates
Blue Wave Marine Supplies Est. 3935,accounts3935@import-blue.example,+971 6 403 0212,56 Street 16,Dubai,United Arab Emirates
Golden General Trading Co. 3936,accounts3936@import-golden.example,+971 4 693 9987,60 Street 24,Umm al-Quwain,United Arab Emirates
Palm Chemicals FZE 3937,accounts3937@import-palm.example,+971 3 495 7389,48 Street 2,Ras al-Khaimah,United Arab Emirates
Golden Logistics FZCO 3938,accounts3938@import-golden.example,+971 7 383 1814,32 Street 2,Salalah,Oman
Faisal Nadia Al Muhairi,faisal.al.muhairi.imp3939@mail.example,+971 50 926 1913,114 Street 18,Dubai,United Arab Emirates
Zayed Mohammed Al Suwaidi,zayed.al.suwaidi.imp3940@mail.example,+971 52 831 1247,84 Street 12,Abu Dhabi,United Arab Emirates
Hamdan Tariq Liu,hamdan.liu.imp3941@mail.example,+971 56 290 3345,44 Street 29,Fujairah,United Arab Emirates
Fatima Noura Reyes,fatima.reyes.imp3942@mail.example,+971 55 505 2957,92 Street 16,Abu Dhabi,United Arab Emirates
Atlas Plastics Est. 3943,accounts3943@import-atlas.example,+971 2 249 4271,110 Street 14,Kochi,India
Al Wasl Plastics Co. 3944,accounts3944@import-al.example,+971 9 361 5871,109 Street 33,Sharjah,United Arab Emirates
Mona Aisha Smith,mona.smith.imp3945@mail.example,+971 58 551 8941,50 Street 16,Dubai,United Arab Emirates
Nadia Imran Al Mazrouei,nadia.al.mazrouei.imp3946@mail.example,+971 55 385 3080,57 Street 3,Ras al-Khaimah,United Arab Emirates
Elena Samir Khan,elena.khan.imp3947@mail.example,+971 50 113 0699,101 Street 22,Abu Dhabi,United Arab Emirates
Al Safa Building Materials Est. 3948,accounts3948@import-al.example,+971 2 204 8726,57 Street 17,Dubai,United Arab Emirates
Zenith Plastics FZE 3949,accounts3949@import-zenith.example,+971 3 227 1816,2 Street 16,Dubai,United Arab Emirates
Waleed Ali Al Hammadi,waleed.al.hammadi.imp3950@mail.example,+971 55 251 5617,66 Street 28,Ras al-Khaimah,United Arab Emirates
Sultan Latifa Nasr,sultan.nasr.imp3951@mail.example,+971 52 446 3891,58 Street 1,Fujairah,United Arab Emirates
Karim Grace Mansour,karim.mansour.imp3952@mail.example,+971 56 306 7893,96 Street 4,Abu Dhabi,United Arab Emirates
Silver Electronics FZE 3953,accounts3953@import-silver.example,+971 4 302 4858,34 Street 25,Abu Dhabi,United Arab Emirates
Sultan Dana Al Qasimi,sultan.al.qasimi.imp3954@mail.example,+971 52 783 0443,85 Street 24,Sharjah,United Arab Emirates
Ravi Rahul Thomas,ravi.thomas.imp3955@mail.example,+971 54 415 2989,2 Street 34,Abu Dhabi,United Arab Emirates
Shamma Layla Al Falasi,shamma.al.falasi.imp3956@mail.example,+971 58 988 2134,109 Street 8,Ras al-Khaimah,United Arab Emirates
Hamdan Noura Farouk,hamdan.farouk.imp3957@mail.example,+971 55 968 4917,88 Street 22,Ras al-Khaimah,United Arab Emirates
Asma Ibrahim Al Muhairi,asma.al.muhairi.imp3958@mail.example,+971 56 270 7109,91 Street 4,Dubai,United Arab Emirates
John Salem Al Falasi,john.al.falasi.imp3959@mail.example,+971 54 740 7576,75 Street 36,Ras al-Khaimah,United Arab Emirates
Cedar Aluminium Industries LLC 3960,accounts3960@import-cedar.example,+971 7 685 5488,28 Street 3,Fujairah,United Arab Emirates
Waleed Bilal Habib,waleed.habib.imp3961@mail.example,+971 56 278 3217,102 Street 6,Dammam,Saudi Arabia
Emirates Glass FZE 3962,accounts3962@import-emirates.example,+971 4 603 1599,93 Street 26,Ajman,United Arab Emirates
Maitha Fatima Al Muhairi,maitha.al.muhairi.imp3963@mail.example,+971 58 409 6570,60 Street 9,Fujairah,United Arab Emirates
Horizon Paper Products Industries LLC 3964,accounts3964@import-horizon.example,+971 4 639 0626,60 Street 4,Umm al-Quwain,United Arab Emirates
Nadia Noura Thomas,nadia.thomas.imp3965@mail.example,+971 50 860 3610,110 Street 17,Abu Dhabi,United Arab Emirates
Reem Ibrahim Al Nuaimi,reem.al.nuaimi.imp3966@mail.example,+971 55 655 1863,78 Street 37,Sohar,Oman
Rashid Hind Santos,rashid.santos.imp3967@mail.example,+971 50 220 5268,36 Street 39,Abu Dhabi,United Arab Emirates
Sultan Mohammed Nair,sultan.nair.imp3968@mail.example,+971 54 946 7909,13 Street 7,Abu Dhabi,United Arab Emirates
Noura Peter Al Blooshi,noura.al.blooshi.imp3969@mail.example,+971 50 777 7066,89 Street 13,Dubai,United Arab Emirates
Hassan Huda Dsouza,hassan.dsouza.imp3970@mail.example,+971 54 519 5985,83 Street 21,Abu Dhabi,United Arab Emirates
Nasser Maria Dsouza,nasser.dsouza.imp3971@mail.example,+971 50 253 4348,36 Street 28,Fujairah,United Arab Emirates
Blue Wave Electronics LLC 3972,accounts3972@import-blue.example,+971 3 564 2732,89 Street 2,Sharjah,United Arab Emirates
Ravi Khalid Nair,ravi.nair.imp3973@mail.example,+971 56 609 3424,17 Street 18,Ras al-Khaimah,United Arab Emirates
Al Noor Marine Supplies FZE 3974,accounts3974@import-al.example,+971 4 216 6069,79 Street 7,Sharjah,United Arab Emirates
Desert Chemicals LLC 3975,accounts3975@import-desert.example,+971 4 618 0413,100 Street 12,Sharjah,United Arab Emirates
Lotus Paints Industries LLC 3976,accounts3976@import-lotus.example,+971 2 482 4572,92 Street 2,Fujairah,United Arab Emirates
Horizon Plastics FZCO 3977,accounts3977@import-horizon.example,+971 7 750 9930,22 Street 10,Muscat,Oman
Al Noor Cables FZCO 3978,accounts3978@import-al.example,+971 3 725 3366,38 Street 10,Dubai,United Arab Emirates
Huda Latifa Al Kaabi,huda.al.kaabi.imp3979@mail.example,+971 58 494 3890,83 Street 34,Fujairah,United Arab Emirates
Falcon Paints FZCO 3980,accounts3980@import-falcon.example,+971 3 334 1356,19 Street 17,Fujairah,United Arab Emirates
Asma Mona Al Blooshi,asma.al.blooshi.imp3981@mail.example,+971 58 874 6927,60 Street 3,Umm al-Quwain,United Arab Emirates
Rania Aisha Mahmoud,rania.mahmoud.imp3982@mail.example,+971 52 513 2860,22 Street 21,Sharjah,United Arab Emirates
Star Marine Supplies LLC 3983,accounts3983@import-star.example,+971 9 496 5391,79 Street 25,Sharjah,United Arab Emirates
Majid Bilal Obaid,majid.obaid.imp3984@mail.example,+971 56 736 2294,115 Street 9,Fujairah,United Arab Emirates
Royal Electronics Est. 3985,accounts3985@import-royal.example,+971 3 591 0152,1 Street 4,Abu Dhabi,United Arab Emirates
Palm Logistics Industries LLC 3986,accounts3986@import-palm.example,+971 3 610 1274,110 Street 32,Ajman,United Arab Emirates
Ibrahim Shamma Menon,ibrahim.menon.imp3987@mail.example,+971 52 907 4978,51 Street 25,Sharjah,United Arab Emirates
Faisal Reem Siddiqui,faisal.siddiqui.imp3988@mail.example,+971 54 148 8335,4 Street 23,Dubai,United Arab Emirates
Lotus Textiles FZE 3989,accounts3989@import-lotus.example,+971 7 225 0796,93 Street 26,Yiwu,China
Wei Amal Al Kaabi,wei.al.kaabi.imp3990@mail.example,+971 55 962 2118,9 Street 22,Dubai,United Arab Emirates
Reem Sanjay Haddad,reem.haddad.imp3991@mail.example,+971 56 793 4442,59 Street 39,Dubai,United Arab Emirates
Faisal Shamma Saleh,faisal.saleh.imp3992@mail.example,+971 50 798 8043,94 Street 11,Fujairah,United Arab Emirates
Ravi Saeed Al Marri,ravi.al.marri.imp3993@mail.example,+971 50 412 3990,46 Street 19,Umm al-Quwain,United Arab Emirates
Zayed Dana Al Mansouri,zayed.al.mansouri.imp3994@mail.example,+971 52 886 5161,104 Street 12,Umm al-Quwain,United Arab Emirates
Al Bayan Aluminium LLC 3995,accounts3995@import-al.example,+971 6 385 0171,36 Street 1,Abu Dhabi,United Arab Emirates
Sara Sultan Al Qasimi,sara.al.qasimi.imp3996@mail.example,+971 56 349 9302,87 Street 32,Abu Dhabi,United Arab Emirates
Joseph Dana Habib,joseph.habib.imp3997@mail.example,+971 58 967 6145,118 Street 28,Abu Dhabi,United Arab Emirates
Hamdan Arjun Mansour,hamdan.mansour.imp3998@mail.example,+971 58 638 9523,22 Street 30,Abu Dhabi,United Arab Emirates
Pearl Aluminium Est. 3999,accounts3999@import-pearl.example,+971 7 204 5970,98 Street 15,Salalah,Oman
Omar Shamma Al Muhairi,omar.al.muhairi.imp4000@mail.example,+971 50 111 2968,73 Street 16,Abu Dhabi,United Arab Emirates
Lotus Furniture Co. 4001,accounts4001@import-lotus.example,+971 2 292 2473,61 Street 24,Umm al-Quwain,United Arab Emirates
Cedar Glass Co. 4002,accounts4002@import-cedar.example,+971 2 827 7490,40 Street 7,Ajman,United Arab Emirates
Reem Nasser Novak,reem.novak.imp4003@mail.example,+971 54 782 5175,119 Street 29,Abu Dhabi,United Arab Emirates
Al Noor Textiles FZE 4004,accounts4004@import-al.example,+971 3 615 8821,60 Street 15,Muscat,Oman
Unity General Trading FZCO 4005,accounts4005@import-unity.example,+971 3 296 4797,43 Street 19,Sharjah,United Arab Emirates
Ali Salem Al Romaithi,ali.al.romaithi.imp4006@mail.example,+971 50 744 5435,4 Street 28,Abu Dhabi,United Arab Emirates
Anil Mona Al Hammadi,anil.al.hammadi.imp4007@mail.example,+971 54 956 5693,15 Street 37,Dammam,Saudi Arabia
Rashid Ahmed Al Ameri,rashid.al.ameri.imp4008@mail.example,+971 54 784 0347,16 Street 28,Sharjah,United Arab Emirates
Karim Fahad Iyer,karim.iyer.imp4009@mail.example,+971 55 287 9736,55 Street 1,Ras al-Khaimah,United Arab Emirates
Arjun Arjun Darwish,arjun.darwish.imp4010@mail.example,+971 58 110 1492,103 Street 17,Ras al-Khaimah,United Arab Emirates
Noura Huda Kowalski,noura.kowalski.imp4011@mail.example,+971 52 526 6229,67 Street 40,Umm al-Quwain,United Arab Emirates
John Bilal Novak,john.novak.imp4012@mail.example,+971 52 864 1389,31 Street 18,Sharjah,United Arab Emirates
Hamad Sanjay Al Dhaheri,hamad.al.dhaheri.imp4013@mail.example,+971 55 642 6526,3 Street 15,Ajman,United Arab Emirates
Zayed Asma Siddiqui,zayed.siddiqui.imp4014@mail.example,+971 58 398 3437,79 Street 9,Ajman,United Arab Emirates
John Tariq Sharma,john.sharma.imp4015@mail.example,+971 52 775 6927,118 Street 7,Ajman,United Arab Emirates
Prime Steel Industries Co. 4016,accounts4016@import-prime.example,+971 7 379 9935,49 Street 37,Sharjah,United Arab Emirates
Mansour Arjun Al Dhaheri,mansour.al.dhaheri.imp4017@mail.example,+971 58 880 8912,90 Street 24,Umm al-Quwain,United Arab Emirates
Grace Saeed Mathew,grace.mathew.imp4018@mail.example,+971 52 979 5233,16 Street 38,Sohar,Oman
Karim Asma Novak,karim.novak.imp4019@mail.example,+971 52 556 5858,97 Street 38,Fujairah,United Arab Emirates
Horizon Electronics Industries LLC 4020,accounts4020@import-horizon.example,+971 2 793 4279,4 Street 10,Fujairah,United Arab Emirates
Silver Cables FZE 4021,accounts4021@import-silver.example,+971 6 788 0266,78 Street 5,Dubai,United Arab Emirates
Layla Mariam Mansour,layla.mansour.imp4022@mail.example,+971 54 516 8636,38 Street 26,Sharjah,United Arab Emirates
Tariq Abdullah Rahman,tariq.rahman.imp4023@mail.example,+971 54 321 1154,102 Street 31,Sharjah,United Arab Emirates
Lotus Furniture Est. 4024,accounts4024@import-lotus.example,+971 4 740 7906,11 Street 27,Dubai,United Arab Emirates
Anna Daniel Barakat,anna.barakat.imp4025@mail.example,+971 54 754 1244,9 Street 30,Ras al-Khaimah,United Arab Emirates
Al Safa Logistics Co. 4026,accounts4026@import-al.example,+971 6 898 2604,54 Street 32,Dammam,Saudi Arabia
Sultan Huda Al Suwaidi,sultan.al.suwaidi.imp4027@mail.example,+971 56 983 1876,26 Street 33,Fujairah,United Arab Emirates
Gulf Plastics FZE 4028,accounts4028@import-gulf.example,+971 3 458 4502,110 Street 13,Abu Dhabi,United Arab Emirates
Amal Nasser Al Muhairi,amal.al.muhairi.imp4029@mail.example,+971 56 906 8184,107 Street 31,Ras al-Khaimah,United Arab Emirates
Coral Marine Supplies Industries LLC 4030,accounts4030@import-coral.example,+971 2 526 5340,11 Street 18,Dubai,United Arab Emirates
Hamdan Hamad Nair,hamdan.nair.imp4031@mail.example,+971 55 426 3245,19 Street 27,Sharjah,United Arab Emirates
Zenith Medical Supplies FZCO 4032,accounts4032@import-zenith.example,+971 7 545 0656,89 Street 14,Ras al-Khaimah,United Arab Emirates
Falcon Cables Co. 4033,accounts4033@import-falcon.example,+971 9 542 9770,103 Street 30,Ras al-Khaimah,United Arab Emirates
Maitha Hamad Patel,maitha.patel.imp4034@mail.example,+971 54 688 8033,3 Street 19,Fujairah,United Arab Emirates
Gulf Electronics Industries LLC 4035,accounts4035@import-gulf.example,+971 9 622 7033,113 Street 37,Sharjah,United Arab Emirates
Hind Peter Saleh,hind.saleh.imp4036@mail.example,+971 50 800 1381,56 Street 32,Ras al-Khaimah,United Arab Emirates
Rashid Salem Hussain,rashid.hussain.imp4037@mail.example,+971 58 561 1796,62 Street 38,Ras al-Khaimah,United Arab Emirates
Hamad Asma Obaid,hamad.obaid.imp4038@mail.example,+971 50 916 5757,12 Street 13,Sharjah,United Arab Emirates
Unity Trading Industries LLC 4039,accounts4039@import-unity.example,+971 7 521 6099,114 Street 4,Muscat,Oman
Layla Khalid Hussain,layla.hussain.imp4040@mail.example,+971 50 210 6010,117 Street 15,Sharjah,United Arab Emirates
Summit Electronics FZE 4041,accounts4041@import-summit.example,+971 2 291 2774,52 Street 20,Sohar,Oman
Mona Wei Liu,mona.liu.imp4042@mail.example,+971 50 687 7511,84 Street 1,Ajman,United Arab Emirates
Omar Wei Rahman,omar.rahman.imp4043@mail.example,+971 55 448 2360,1 Street 37,Ajman,United Arab Emirates
Omar Hamad Al Blooshi,omar.al.blooshi.imp4044@mail.example,+971 56 514 4026,28 Street 30,Umm al-Quwain,United Arab Emirates
Yousef Ahmed Smith,yousef.smith.imp4045@mail.example,+971 50 279 4640,84 Street 34,Sharjah,United Arab Emirates
Saeed Shamma Darwish,saeed.darwish.imp4046@mail.example,+971 52 673 9266,35 Street 30,Manchester,United Kingdom
Mona Asma George,mona.george.imp4047@mail.example,+971 52 333 2192,116 Street 1,Sharjah,United Arab Emirates
Horizon Medical Supplies Est. 4048,accounts4048@import-horizon.example,+971 7 865 6323,78 Street 29,Umm al-Quwain,United Arab Emirates
Mansour Salem Rahman,mansour.rahman.imp4049@mail.example,+971 55 361 8046,61 Street 27,Ajman,United Arab Emirates
Wei Rahul Jaber,wei.jaber.imp4050@mail.example,+971 52 886 7357,41 Street 8,Abu Dhabi,United Arab Emirates
Sanjay Joseph Al Suwaidi,sanjay.al.suwaidi.imp4051@mail.example,+971 50 437 7854,22 Street 31,Sharjah,United Arab Emirates
Dune General Trading Est. 4052,accounts4052@import-dune.example,+971 3 416 4503,54 Street 36,Umm al-Quwain,United Arab Emirates
Asma Layla Al Hammadi,asma.al.hammadi.imp4053@mail.example,+971 54 414 9198,112 Street 4,Fujairah,United Arab Emirates
Maitha Imran Al Qasimi,maitha.al.qasimi.imp4054@mail.example,+971 54 501 3131,99 Street 1,Ras al-Khaimah,United Arab Emirates
Palm Cables LLC 4055,accounts4055@import-palm.example,+971 7 645 3024,83 Street 31,Jeddah,Saudi Arabia
Oasis Paper Products Est. 4056,accounts4056@import-oasis.example,+971 6 521 9933,105 Street 12,Riyadh,Saudi Arabia
Palm General Trading Industries LLC 4057,accounts4057@import-palm.example,+971 9 732 9049,51 Street 15,Jeddah,Saudi Arabia
John Ravi Thomas,john.thomas.imp4058@mail.example,+971 55 625 5881,74 Street 39,Sharjah,United Arab Emirates
Tariq Salem Pillai,tariq.pillai.imp4059@mail.example,+971 54 539 2574,94 Street 31,Dubai,United Arab Emirates
Fahad Nadia Obaid,fahad.obaid.imp4060@mail.example,+971 52 817 6904,79 Street 33,Umm al-Quwain,United Arab Emirates
Hamdan John Al Shamsi,hamdan.al.shamsi.imp4061@mail.example,+971 58 813 8055,20 Street 15,Fujairah,United Arab Emirates
Wei Ravi Fernandes,wei.fernandes.imp4062@mail.example,+971 58 916 1281,21 Street 27,Fujairah,United Arab Emirates
Unity Aluminium FZE 4063,accounts4063@import-unity.example,+971 6 394 3647,46 Street 6,Dammam,Saudi Arabia
Sultan Waleed Awad,sultan.awad.imp4064@mail.example,+971 56 142 3743,25 Street 37,Ajman,United Arab Emirates
Ahmed Maria Yassin,ahmed.yassin.imp4065@mail.example,+971 54 870 4427,86 Street 36,Umm al-Quwain,United Arab Emirates
Star Foodstuff FZCO 4066,accounts4066@import-star.example,+971 3 536 1271,22 Street 18,Ajman,United Arab Emirates
Ibrahim Joseph Al Qasimi,ibrahim.al.qasimi.imp4067@mail.example,+971 54 312 2028,13 Street 13,Ajman,United Arab Emirates
Abdullah Ali Dsouza,abdullah.dsouza.imp4068@mail.example,+971 52 460 8826,66 Street 8,Umm al-Quwain,United Arab Emirates
Rahul Daniel Gupta,rahul.gupta.imp4069@mail.example,+971 55 180 7183,44 Street 3,Fujairah,United Arab Emirates
Khalid Mona Barakat,khalid.barakat.imp4070@mail.example,+971 55 199 0704,50 Street 19,Ras al-Khaimah,United Arab Emirates
Sanjay Sanjay Farouk,sanjay.farouk.imp4071@mail.example,+971 54 501 5839,63 Street 16,Abu Dhabi,United Arab Emirates
Karim Sanjay Al Blooshi,karim.al.blooshi.imp4072@mail.example,+971 56 754 1351,60 Street 12,Sharjah,United Arab Emirates
Khalid Hind Barakat,khalid.barakat.imp4073@mail.example,+971 58 501 2376,68 Street 38,Ajman,United Arab Emirates
Nasser Saeed Mansour,nasser.mansour.imp4074@mail.example,+971 52 613 8048,10 Street 15,Fujairah,United Arab Emirates
Mona Waleed Novak,mona.novak.imp4075@mail.example,+971 52 570 2308,57 Street 13,Fujairah,United Arab Emirates
Anil Peter Al Hammadi,anil.al.hammadi.imp4076@mail.example,+971 56 754 1866,30 Street 20,Ras al-Khaimah,United Arab Emirates
Prime Glass Industries LLC 4077,accounts4077@import-prime.example,+971 2 553 9450,119 Street 19,Sharjah,United Arab Emirates
Abdullah Sara Reyes,abdullah.reyes.imp4078@mail.example,+971 54 151 1811,109 Street 17,Abu Dhabi,United Arab Emirates
Oasis Building Materials Industries LLC 4079,accounts4079@import-oasis.example,+971 3 645 4815,59 Street 40,Abu Dhabi,United Arab Emirates
Blue Wave Packaging Est. 4080,accounts4080@import-blue.example,+971 3 874 3024,73 Street 37,London,United Kingdom
Dana Asma Nair,dana.nair.imp4081@mail.example,+971 58 274 3893,18 Street 30,Abu Dhabi,United Arab Emirates
Horizon Electronics Industries LLC 4082,accounts4082@import-horizon.example,+971 6 342 3077,64 Street 16,Fujairah,United Arab Emirates
Maitha Arjun Al Hashimi,maitha.al.hashimi.imp4083@mail.example,+971 54 788 6108,60 Street 23,Ras al-Khaimah,United Arab Emirates
Emirates Foodstuff FZE 4084,accounts4084@import-emirates.example,+971 9 587 7709,119 Street 23,Kochi,India
Emirates Paints LLC 4085,accounts4085@import-emirates.example,+971 2 483 5212,79 Street 20,Fujairah,United Arab Emirates
Hind Layla Al Blooshi,hind.al.blooshi.imp4086@mail.example,+971 56 577 4299,104 Street 36,Abu Dhabi,United Arab Emirates
Waleed Dana Hussain,waleed.hussain.imp4087@mail.example,+971 52 282 0241,33 Street 4,Abu Dhabi,United Arab Emirates
Layla Imran Habib,layla.habib.imp4088@mail.example,+971 50 931 8634,111 Street 38,Ras al-Khaimah,United Arab Emirates
Huda Yousef Kowalski,huda.kowalski.imp4089@mail.example,+971 54 921 1107,3 Street 2,Umm al-Quwain,United Arab Emirates
Mona Wei Mahmoud,mona.mahmoud.imp4090@mail.example,+971 55 432 7951,30 Street 16,Umm al-Quwain,United Arab Emirates
Star Electronics Est. 4091,accounts4091@import-star.example,+971 7 227 0332,73 Street 1,Sharjah,United Arab Emirates
Ali Peter Menon,ali.menon.imp4092@mail.example,+971 56 390 2533,30 Street 17,Sharjah,United Arab Emirates
Tariq Grace Patel,tariq.patel.imp4093@mail.example,+971 50 605 2033,37 Street 6,Ajman,United Arab Emirates
Rashid Ali Karam,rashid.karam.imp4094@mail.example,+971 56 190 6267,20 Street 3,Sohar,Oman
Mona Majid Mathew,mona.mathew.imp4095@mail.example,+971 55 732 0545,20 Street 12,Ras al-Khaimah,United Arab Emirates
Mona Rashid Thomas,mona.thomas.imp4096@mail.example,+971 55 286 3141,117 Street 14,Sharjah,United Arab Emirates
Grace Hamad Gupta,grace.gupta.imp4097@mail.example,+971 56 241 9313,74 Street 13,Fujairah,United Arab Emirates
Gulf Glass Est. 4098,accounts4098@import-gulf.example,+971 4 576 0204,74 Street 33,Dubai,United Arab Emirates
Noura Hamad Pillai,noura.pillai.imp4099@mail.example,+971 58 505 5763,25 Street 22,Umm al-Quwain,United Arab Emirates
Zayed Majid Al Blooshi,zayed.al.blooshi.imp4100@mail.example,+971 54 405 4595,120 Street 3,Abu Dhabi,United Arab Emirates
Sultan Layla Santos,sultan.santos.imp4101@mail.example,+971 58 925 7154,76 Street 2,Umm al-Quwain,United Arab Emirates
Latifa Joseph Al Dhaheri,latifa.al.dhaheri.imp4102@mail.example,+971 50 823 5557,5 Street 33,Ras al-Khaimah,United Arab Emirates
Ahmed Samir Hussain,ahmed.hussain.imp4103@mail.example,+971 58 587 4971,93 Street 37,Umm al-Quwain,United Arab Emirates
Coral Foodstuff Est. 4104,accounts4104@import-coral.example,+971 6 858 2555,67 Street 15,Abu Dhabi,United Arab Emirates
Priya Ahmed Al Hashimi,priya.al.hashimi.imp4105@mail.example,+971 55 140 6610,49 Street 28,Dubai,United Arab Emirates
Salem Ibrahim Mathew,salem.mathew.imp4106@mail.example,+971 58 397 0391,44 Street 31,Umm al-Quwain,United Arab Emirates
Abdullah Noura Al Kaabi,abdullah.al.kaabi.imp4107@mail.example,+971 55 344 6747,20 Street 18,Fujairah,United Arab Emirates
Hamdan Grace Karam,hamdan.karam.imp4108@mail.example,+971 55 225 3505,36 Street 18,Abu Dhabi,United Arab Emirates
Hamdan Yousef Al Qasimi,hamdan.al.qasimi.imp4109@mail.example,+971 58 124 3624,52 Street 11,Abu Dhabi,United Arab Emirates
Gulf Steel Industries FZCO 4110,accounts4110@import-gulf.example,+971 2 449 0246,54 Street 5,Manchester,United Kingdom
John Bilal Darwish,john.darwish.imp4111@mail.example,+971 52 353 7738,3 Street 16,Ajman,United Arab Emirates
Nasser Huda Al Hammadi,nasser.al.hammadi.imp4112@mail.example,+971 54 499 2629,120 Street 8,Umm al-Quwain,United Arab Emirates
Star Foodstuff Industries LLC 4113,accounts4113@import-star.example,+971 6 307 2999,32 Street 26,Fujairah,United Arab Emirates
Ibrahim Samir Al Marri,ibrahim.al.marri.imp4114@mail.example,+971 56 404 2550,48 Street 38,Ras al-Khaimah,United Arab Emirates
Sara Fatima Al Mansouri,sara.al.mansouri.imp4115@mail.example,+971 50 242 8061,79 Street 1,Dubai,United Arab Emirates
Asma Mansour Wang,asma.wang.imp4116@mail.example,+971 55 491 3110,91 Street 30,Jeddah,Saudi Arabia
Abdullah Rania Saleh,abdullah.saleh.imp4117@mail.example,+971 54 452 6813,49 Street 2,Fujairah,United Arab Emirates
Star Electronics LLC 4118,accounts4118@import-star.example,+971 9 409 2680,38 Street 3,Fujairah,United Arab Emirates
Grace Salem Siddiqui,grace.siddiqui.imp4119@mail.example,+971 52 768 6685,39 Street 33,Dammam,Saudi Arabia
Silver Paper Products Est. 4120,accounts4120@import-silver.example,+971 6 407 5460,48 Street 21,Ras al-Khaimah,United Arab Emirates
Yousef Majid Novak,yousef.novak.imp4121@mail.example,+971 58 104 2895,54 Street 26,Fujairah,United Arab Emirates
Silver Logistics FZCO 4122,accounts4122@import-silver.example,+971 4 436 2258,62 Street 6,Dubai,United Arab Emirates
Sultan Majid Ivanova,sultan.ivanova.imp4123@mail.example,+971 52 151 5732,105 Street 3,Ras al-Khaimah,United Arab Emirates
Crescent Steel Industries Co. 4124,accounts4124@import-crescent.example,+971 7 223 1770,55 Street 10,Dubai,United Arab Emirates
Sky Textiles Industries LLC 4125,accounts4125@import-sky.example,+971 4 769 3227,43 Street 25,Abu Dhabi,United Arab Emirates
Layla Samir Al Kaabi,layla.al.kaabi.imp4126@mail.example,+971 56 633 5466,42 Street 38,Fujairah,United Arab Emirates
Abdullah Mariam Al Muhairi,abdullah.al.muhairi.imp4127@mail.example,+971 50 138 0030,59 Street 8,Fujairah,United Arab Emirates
Pearl Marine Supplies LLC 4128,accounts4128@import-pearl.example,+971 2 785 6452,14 Street 23,Fujairah,United Arab Emirates
Reem Ahmed Fernandes,reem.fernandes.imp4129@mail.example,+971 52 638 1522,120 Street 31,Umm al-Quwain,United Arab Emirates
Imran Zayed Mansour,imran.mansour.imp4130@mail.example,+971 55 837 6651,106 Street 13,Fujairah,United Arab Emirates
Mona Fatima Gupta,mona.gupta.imp4131@mail.example,+971 54 661 9611,48 Street 2,Dubai,United Arab Emirates
Cedar Electronics FZE 4132,accounts4132@import-cedar.example,+971 3 774 9025,103 Street 40,Ajman,United Arab Emirates
Al Noor Foodstuff FZCO 4133,accounts4133@import-al.example,+971 7 719 8367,87 Street 23,Fujairah,United Arab Emirates
Sky Paints FZE 4134,accounts4134@import-sky.example,+971 2 351 4834,68 Street 15,Sharjah,United Arab Emirates
Grace Daniel Reyes,grace.reyes.imp4135@mail.example,+971 50 963 9409,24 Street 36,Chennai,India
Sky Foodstuff Est. 4136,accounts4136@import-sky.example,+971 2 725 8974,69 Street 21,Abu Dhabi,United Arab Emirates
Grace Daniel Al Ameri,grace.al.ameri.imp4137@mail.example,+971 50 444 1250,107 Street 27,Umm al-Quwain,United Arab Emirates
Al Noor Logistics Industries LLC 4138,accounts4138@import-al.example,+971 7 723 1259,12 Street 21,Sharjah,United Arab Emirates
Mona Mohammed Al Romaithi,mona.al.romaithi.imp4139@mail.example,+971 52 518 6106,19 Street 32,Ras al-Khaimah,United Arab Emirates
Priya Mansour Jaber,priya.jaber.imp4140@mail.example,+971 52 111 2067,71 Street 30,Dammam,Saudi Arabia
Samir Ibrahim Al Shamsi,samir.al.shamsi.imp4141@mail.example,+971 50 545 3566,98 Street 11,Umm al-Quwain,United Arab Emirates
Ravi Hamdan Liu,ravi.liu.imp4142@mail.example,+971 50 727 3179,113 Street 12,Fujairah,United Arab Emirates
Ali Rahul Aziz,ali.aziz.imp4143@mail.example,+971 56 853 9966,82 Street 18,Umm al-Quwain,United Arab Emirates
Latifa Ibrahim Pillai,latifa.pillai.imp4144@mail.example,+971 56 929 9266,11 Street 4,Abu Dhabi,United Arab Emirates
Star Paper Products Co. 4145,accounts4145@import-star.example,+971 2 403 0145,84 Street 16,Jeddah,Saudi Arabia
Emirates Glass Est. 4146,accounts4146@import-emirates.example,+971 6 784 0187,77 Street 12,Dubai,United Arab Emirates
Amal Arjun Thomas,amal.thomas.imp4147@mail.example,+971 58 734 9841,104 Street 34,Umm al-Quwain,United Arab Emirates
Mariam Anil Al Zaabi,mariam.al.zaabi.imp4148@mail.example,+971 56 969 7091,79 Street 33,Abu Dhabi,United Arab Emirates
Crescent General Trading FZCO 4149,accounts4149@import-crescent.example,+971 4 563 0568,9 Street 28,Sharjah,United Arab Emirates
Summit Aluminium Co. 4150,accounts4150@import-summit.example,+971 4 361 5186,44 Street 36,Chennai,India
Al Bayan Aluminium LLC 4151,accounts4151@import-al.example,+971 7 619 7151,107 Street 9,Sharjah,United Arab Emirates
Abdullah Dana Kowalski,abdullah.kowalski.imp4152@mail.example,+971 52 482 8383,3 Street 17,Fujairah,United Arab Emirates
Prime Cables Est. 4153,accounts4153@import-prime.example,+971 6 725 7062,41 Street 24,Umm al-Quwain,United Arab Emirates
Golden General Trading LLC 4154,accounts4154@import-golden.example,+971 2 754 4509,12 Street 36,Umm al-Quwain,United Arab Emirates
Hamdan Salem Novak,hamdan.novak.imp4155@mail.example,+971 54 275 4219,53 Street 39,Mumbai,India
Ali Sultan Mahmoud,ali.mahmoud.imp4156@mail.example,+971 56 131 3421,54 Street 39,Umm al-Quwain,United Arab Emirates
Desert Paints Co. 4157,accounts4157@import-desert.example,+971 9 536 8813,87 Street 3,Sohar,Oman
Palm Steel Industries Industries LLC 4158,accounts4158@import-palm.example,+971 4 290 9166,14 Street 11,Ras al-Khaimah,United Arab Emirates
Gulf Steel Industries FZCO 4159,accounts4159@import-gulf.example,+971 6 755 1540,80 Street 5,Umm al-Quwain,United Arab Emirates
Cedar Paper Products Co. 4160,accounts4160@import-cedar.example,+971 3 208 7831,73 Street 22,Ras al-Khaimah,United Arab Emirates
Unity Building Materials Est. 4161,accounts4161@import-unity.example,+971 7 477 0505,79 Street 26,Ras al-Khaimah,United Arab Emirates
Maitha Sara Yassin,maitha.yassin.imp4162@mail.example,+971 50 829 8015,4 Street 7,Fujairah,United Arab Emirates
Zayed Ahmed Al Hashimi,zayed.al.hashimi.imp4163@mail.example,+971 55 890 2106,69 Street 19,London,United Kingdom
Saeed Tariq Farouk,saeed.farouk.imp4164@mail.example,+971 50 625 7743,18 Street 14,Abu Dhabi,United Arab Emirates
Reem Peter Santos,reem.santos.imp4165@mail.example,+971 58 799 5454,9 Street 39,Ras al-Khaimah,United Arab Emirates
Sara Anil Fernandes,sara.fernandes.imp4166@mail.example,+971 56 369 2091,20 Street 24,Shanghai,China
Sky Building Materials Est. 4167,accounts4167@import-sky.example,+971 6 362 9064,65 Street 17,Muscat,Oman
John Rania Al Mazrouei,john.al.mazrouei.imp4168@mail.example,+971 55 464 3541,93 Street 11,Sharjah,United Arab Emirates
Shamma Aisha Yassin,shamma.yassin.imp4169@mail.example,+971 55 543 6657,45 Street 11,Fujairah,United Arab Emirates
Tariq Grace Mathew,tariq.mathew.imp4170@mail.example,+971 56 590 7811,28 Street 40,Fujairah,United Arab Emirates
Star Chemicals Est. 4171,accounts4171@import-star.example,+971 3 415 8950,31 Street 11,Ras al-Khaimah,United Arab Emirates
Atlas Logistics FZE 4172,accounts4172@import-atlas.example,+971 4 576 4602,90 Street 7,Ajman,United Arab Emirates
Marina Paper Products Est. 4173,accounts4173@import-marina.example,+971 6 249 7165,15 Street 21,Ajman,United Arab Emirates
Faisal Omar Thomas,faisal.thomas.imp4174@mail.example,+971 54 865 4390,38 Street 20,Abu Dhabi,United Arab Emirates
Abdullah Joseph Santos,abdullah.santos.imp4175@mail.example,+971 56 688 8388,38 Street 17,Shanghai,China
Peter Nadia Iyer,peter.iyer.imp4176@mail.example,+971 52 897 1760,118 Street 34,Umm al-Quwain,United Arab Emirates
Zayed Zayed Mansour,zayed.mansour.imp4177@mail.example,+971 56 187 3469,115 Street 26,Ajman,United Arab Emirates
Al Safa General Trading FZE 4178,accounts4178@import-al.example,+971 9 609 4080,101 Street 17,Ras al-Khaimah,United Arab Emirates
Omar Yousef Al Romaithi,omar.al.romaithi.imp4179@mail.example,+971 50 724 1473,35 Street 29,Umm al-Quwain,United Arab Emirates
Dune Aluminium Industries LLC 4180,accounts4180@import-dune.example,+971 6 300 2997,89 Street 36,Salalah,Oman
Asma Samir Ivanova,asma.ivanova.imp4181@mail.example,+971 50 813 2204,96 Street 4,Umm al-Quwain,United Arab Emirates
Oasis Trading Co. 4182,accounts4182@import-oasis.example,+971 9 391 0410,113 Street 13,Yiwu,China
Marina Paper Products Industries LLC 4183,accounts4183@import-marina.example,+971 6 772 8256,110 Street 4,Sharjah,United Arab Emirates
Fatima Layla Hussain,fatima.hussain.imp4184@mail.example,+971 58 259 1957,74 Street 27,Ajman,United Arab Emirates
Asma Mariam Mansour,asma.mansour.imp4185@mail.example,+971 50 905 8894,32 Street 14,Ajman,United Arab Emirates
Ibrahim Nadia Dsouza,ibrahim.dsouza.imp4186@mail.example,+971 54 662 2439,62 Street 17,Umm al-Quwain,United Arab Emirates
Al Bayan Plastics LLC 4187,accounts4187@import-al.example,+971 7 246 2288,86 Street 18,Ras al-Khaimah,United Arab Emirates
Imran Rahul Dsouza,imran.dsouza.imp4188@mail.example,+971 56 566 1927,107 Street 24,Umm al-Quwain,United Arab Emirates
John Sara Khoury,john.khoury.imp4189@mail.example,+971 56 782 0285,86 Street 24,Umm al-Quwain,United Arab Emirates
Rahul Omar George,rahul.george.imp4190@mail.example,+971 54 279 0068,107 Street 36,Shanghai,China
John Karim Al Qasimi,john.al.qasimi.imp4191@mail.example,+971 52 903 8609,21 Street 29,Umm al-Quwain,United Arab Emirates
Peter Imran Qureshi,peter.qureshi.imp4192@mail.example,+971 54 355 0922,112 Street 23,Sharjah,United Arab Emirates
Marina Foodstuff FZCO 4193,accounts4193@import-marina.example,+971 2 419 0535,1 Street 3,Salalah,Oman
Ibrahim Arjun Khoury,ibrahim.khoury.imp4194@mail.example,+971 56 931 8995,43 Street 13,Ras al-Khaimah,United Arab Emirates
Al Bayan Auto Spare Parts LLC 4195,accounts4195@import-al.example,+971 4 223 7022,70 Street 4,Ajman,United Arab Emirates
Ahmed Hamad Al Mazrouei,ahmed.al.mazrouei.imp4196@mail.example,+971 55 174 2263,39 Street 8,Ras al-Khaimah,United Arab Emirates
Golden Building Materials Industries LLC 4197,accounts4197@import-golden.example,+971 3 334 7970,105 Street 20,Dubai,United Arab Emirates
Bilal Reem Al Suwaidi,bilal.al.suwaidi.imp4198@mail.example,+971 55 309 8408,46 Street 17,Ras al-Khaimah,United Arab Emirates
Crescent Paints LLC 4199,accounts4199@import-crescent.example,+971 9 776 2068,50 Street 33,Abu Dhabi,United Arab Emirates
Cedar Auto Spare Parts Co. 4200,accounts4200@import-cedar.example,+971 4 694 1739,57 Street 35,Sharjah,United Arab Emirates
Arjun Saeed Liu,arjun.liu.imp4201@mail.example,+971 55 955 5933,87 Street 17,Sharjah,United Arab Emirates
Atlas Paints LLC 4202,accounts4202@import-atlas.example,+971 7 280 4382,4 Street 2,Ras al-Khaimah,United Arab Emirates
Rahul Aisha Al Suwaidi,rahul.al.suwaidi.imp4203@mail.example,+971 58 778 0615,26 Street 26,Sharjah,United Arab Emirates
Karim Nadia Siddiqui,karim.siddiqui.imp4204@mail.example,+971 56 574 6738,62 Street 3,Yiwu,China
Atlas Trading Est. 4205,accounts4205@import-atlas.example,+971 9 818 9930,80 Street 16,Fujairah,United Arab Emirates
John Yousef Al Mansouri,john.al.mansouri.imp4206@mail.example,+971 52 640 8491,104 Street 26,Ras al-Khaimah,United Arab Emirates
Maitha Sara Barakat,maitha.barakat.imp4207@mail.example,+971 50 750 3859,72 Street 29,Ras al-Khaimah,United Arab Emirates
Maria Anna Dsouza,maria.dsouza.imp4208@mail.example,+971 52 706 2410,37 Street 15,Dubai,United Arab Emirates
Lotus Textiles FZE 4209,accounts4209@import-lotus.example,+971 3 621 4319,73 Street 29,Ajman,United Arab Emirates
Dune Paints FZE 4210,accounts4210@import-dune.example,+971 3 349 7045,23 Street 15,Abu Dhabi,United Arab Emirates
Faisal Priya Jaber,faisal.jaber.imp4211@mail.example,+971 52 723 0434,56 Street 39,Ajman,United Arab Emirates
Al Safa Steel Industries FZCO 4212,accounts4212@import-al.example,+971 7 260 2317,24 Street 1,Sohar,Oman
Reem Anna Al Ketbi,reem.al.ketbi.imp4213@mail.example,+971 58 383 7034,8 Street 11,Ras al-Khaimah,United Arab Emirates
Desert Textiles FZCO 4214,accounts4214@import-desert.example,+971 2 316 9885,31 Street 26,Sharjah,United Arab Emirates
Al Bayan Packaging Co. 4215,accounts4215@import-al.example,+971 9 411 3639,2 Street 13,Jeddah,Saudi Arabia
Al Noor Electronics Est. 4216,accounts4216@import-al.example,+971 2 251 6725,120 Street 28,Fujairah,United Arab Emirates
Hind Amal Al Ketbi,hind.al.ketbi.imp4217@mail.example,+971 50 813 9209,29 Street 10,Umm al-Quwain,United Arab Emirates
Hassan Hamad Rahman,hassan.rahman.imp4218@mail.example,+971 52 465 3369,96 Street 6,Abu Dhabi,United Arab Emirates
Sara Maria Jaber,sara.jaber.imp4219@mail.example,+971 52 291 4548,108 Street 14,Riyadh,Saudi Arabia
Ibrahim Bilal Ivanova,ibrahim.ivanova.imp4220@mail.example,+971 54 133 6703,55 Street 9,Fujairah,United Arab Emirates
Sara John Sharma,sara.sharma.imp4221@mail.example,+971 56 190 7836,56 Street 13,Chennai,India
Bilal Ali Nair,bilal.nair.imp4222@mail.example,+971 50 454 3480,59 Street 25,Umm al-Quwain,United Arab Emirates
Mariam Nadia Patel,mariam.patel.imp4223@mail.example,+971 56 480 5316,22 Street 39,Riyadh,Saudi Arabia
Hassan Grace Aziz,hassan.aziz.imp4224@mail.example,+971 56 680 2489,27 Street 32,Dubai,United Arab Emirates
Emirates Building Materials Est. 4225,accounts4225@import-emirates.example,+971 3 827 2658,60 Street 2,London,United Kingdom
Mansour Anil Fernandes,mansour.fernandes.imp4226@mail.example,+971 52 399 3171,108 Street 24,Jeddah,Saudi Arabia
Zayed Peter Habib,zayed.habib.imp4227@mail.example,+971 56 709 1026,108 Street 6,Sharjah,United Arab Emirates
Nasser Omar Rahman,nasser.rahman.imp4228@mail.example,+971 56 362 4963,54 Street 6,Ras al-Khaimah,United Arab Emirates
Peter Grace Al Romaithi,peter.al.romaithi.imp4229@mail.example,+971 54 553 9486,104 Street 25,Riyadh,Saudi Arabia
Pearl Foodstuff Industries LLC 4230,accounts4230@import-pearl.example,+971 4 759 4454,99 Street 29,Fujairah,United Arab Emirates
Nasser Anil Thomas,nasser.thomas.imp4231@mail.example,+971 50 856 1466,7 Street 13,Ajman,United Arab Emirates
Anil Hamdan Mansour,anil.mansour.imp4232@mail.example,+971 50 389 8458,103 Street 2,Dubai,United Arab Emirates
Emirates Foodstuff FZE 4233,accounts4233@import-emirates.example,+971 6 807 3630,52 Street 7,Dubai,United Arab Emirates
Al Safa Medical Supplies Est. 4234,accounts4234@import-al.example,+971 2 204 9377,58 Street 6,Salalah,Oman
Yousef Aisha Patel,yousef.patel.imp4235@mail.example,+971 55 316 6748,98 Street 22,Manchester,United Kingdom
Pearl Building Materials Co. 4236,accounts4236@import-pearl.example,+971 7 282 3715,30 Street 14,Fujairah,United Arab Emirates
Bilal Yousef Al Mansouri,bilal.al.mansouri.imp4237@mail.example,+971 56 554 7741,53 Street 32,Ras al-Khaimah,United Arab Emirates
Crescent Electronics FZE 4238,accounts4238@import-crescent.example,+971 3 513 1683,37 Street 17,Dubai,United Arab Emirates
Rahul Maria Al Dhaheri,rahul.al.dhaheri.imp4239@mail.example,+971 52 596 0405,41 Street 20,Abu Dhabi,United Arab Emirates
Mansour Priya Obaid,mansour.obaid.imp4240@mail.example,+971 56 104 3139,119 Street 19,Abu Dhabi,United Arab Emirates
Anil Huda Al Ketbi,anil.al.ketbi.imp4241@mail.example,+971 50 200 1131,26 Street 29,Umm al-Quwain,United Arab Emirates
John Ibrahim Yassin,john.yassin.imp4242@mail.example,+971 55 671 9945,42 Street 35,Ajman,United Arab Emirates
Desert Furniture Est. 4243,accounts4243@import-desert.example,+971 2 267 2610,54 Street 39,Jeddah,Saudi Arabia
Falcon Trading LLC 4244,accounts4244@import-falcon.example,+971 2 670 9320,31 Street 7,Dubai,United Arab Emirates
Arjun Shamma Jaber,arjun.jaber.imp4245@mail.example,+971 54 275 4284,100 Street 30,Ajman,United Arab Emirates
Falcon Furniture LLC 4246,accounts4246@import-falcon.example,+971 2 571 4709,108 Street 30,Ras al-Khaimah,United Arab Emirates
Majid Wei Pillai,majid.pillai.imp4247@mail.example,+971 56 964 7545,92 Street 13,Umm al-Quwain,United Arab Emirates
John Ravi Mahmoud,john.mahmoud.imp4248@mail.example,+971 52 873 6776,60 Street 10,Ras al-Khaimah,United Arab Emirates
Golden Auto Spare Parts FZE 4249,accounts4249@import-golden.example,+971 2 661 0267,103 Street 35,Umm al-Quwain,United Arab Emirates
Hamad Faisal Al Falasi,hamad.al.falasi.imp4250@mail.example,+971 52 705 8990,82 Street 9,Ajman,United Arab Emirates
Maria Arjun Al Marri,maria.al.marri.imp4251@mail.example,+971 58 796 3512,22 Street 3,Fujairah,United Arab Emirates
Pearl Electronics Est. 4252,accounts4252@import-pearl.example,+971 3 809 6872,32 Street 6,Ras al-Khaimah,United Arab Emirates
Aisha Mona Awad,aisha.awad.imp4253@mail.example,+971 58 375 0091,59 Street 2,Jeddah,Saudi Arabia
Hassan Majid Liu,hassan.liu.imp4254@mail.example,+971 58 298 3611,33 Street 36,Yiwu,China
Dana Faisal Nair,dana.nair.imp4255@mail.example,+971 54 309 0047,101 Street 7,Dubai,United Arab Emirates
Zayed Faisal Jaber,zayed.jaber.imp4256@mail.example,+971 54 189 9945,23 Street 27,Ajman,United Arab Emirates
Ahmed Mona Al Romaithi,ahmed.al.romaithi.imp4257@mail.example,+971 58 823 0560,67 Street 13,Ajman,United Arab Emirates
Ahmed Tariq Al Marri,ahmed.al.marri.imp4258@mail.example,+971 54 427 6134,82 Street 8,Fujairah,United Arab Emirates
Hamad Nadia Hussain,hamad.hussain.imp4259@mail.example,+971 50 106 4975,69 Street 28,Ajman,United Arab Emirates
Asma Omar Hussain,asma.hussain.imp4260@mail.example,+971 56 745 4780,106 Street 31,Ras al-Khaimah,United Arab Emirates
Unity Logistics Co. 4261,accounts4261@import-unity.example,+971 2 812 7327,75 Street 4,Dubai,United Arab Emirates
Mona Rahul Novak,mona.novak.imp4262@mail.example,+971 52 991 6510,20 Street 4,Umm al-Quwain,United Arab Emirates
Cedar Aluminium Co. 4263,accounts4263@import-cedar.example,+971 4 621 1625,78 Street 7,Ras al-Khaimah,United Arab Emirates
Sara Arjun Obaid,sara.obaid.imp4264@mail.example,+971 52 297 6697,120 Street 33,Shanghai,China
Mansour Samir Al Hashimi,mansour.al.hashimi.imp4265@mail.example,+971 50 997 1583,44 Street 36,Ras al-Khaimah,United Arab Emirates
Peter Hamdan Patel,peter.patel.imp4266@mail.example,+971 50 308 6469,71 Street 6,Fujairah,United Arab Emirates
Reem Huda Liu,reem.liu.imp4267@mail.example,+971 54 122 3299,95 Street 3,Umm al-Quwain,United Arab Emirates
Al Fajr Medical Supplies Industries LLC 4268,accounts4268@import-al.example,+971 9 631 4570,72 Street 39,Umm al-Quwain,United Arab Emirates
Dana Mansour Thomas,dana.thomas.imp4269@mail.example,+971 52 978 0387,96 Street 1,Salalah,Oman
Majid Nasser Al Dhaheri,majid.al.dhaheri.imp4270@mail.example,+971 55 980 8666,111 Street 36,Muscat,Oman
Peter Fatima Jaber,peter.jaber.imp4271@mail.example,+971 50 651 4804,68 Street 9,Abu Dhabi,United Arab Emirates
Amal Hamad Mathew,amal.mathew.imp4272@mail.example,+971 54 850 7682,26 Street 39,Sohar,Oman
Rahul Peter Ivanova,rahul.ivanova.imp4273@mail.example,+971 55 440 6830,115 Street 16,Sohar,Oman
Layla Ibrahim Iyer,layla.iyer.imp4274@mail.example,+971 56 221 9366,23 Street 2,Dubai,United Arab Emirates
Mansour Asma Santos,mansour.santos.imp4275@mail.example,+971 58 284 3857,81 Street 27,Yiwu,China
Peter Khalid Al Romaithi,peter.al.romaithi.imp4276@mail.example,+971 50 318 1953,84 Street 17,Kochi,India
Sara Anil Hussain,sara.hussain.imp4277@mail.example,+971 52 505 5345,97 Street 21,Umm al-Quwain,United Arab Emirates
Mariam Rania Mathew,mariam.mathew.imp4278@mail.example,+971 52 796 1098,57 Street 38,Dubai,United Arab Emirates
Faisal Rahul Al Hashimi,faisal.al.hashimi.imp4279@mail.example,+971 56 576 9606,6 Street 22,Sharjah,United Arab Emirates
Mona Priya Novak,mona.novak.imp4280@mail.example,+971 50 168 3659,62 Street 33,Dubai,United Arab Emirates
Al Noor Auto Spare Parts Est. 4281,accounts4281@import-al.example,+971 9 581 9585,24 Street 7,Sharjah,United Arab Emirates
Atlas Marine Supplies LLC 4282,accounts4282@import-atlas.example,+971 3 535 6903,84 Street 20,Dubai,United Arab Emirates
Waleed Fahad Al Blooshi,waleed.al.blooshi.imp4283@mail.example,+971 56 611 0669,58 Street 15,Umm al-Quwain,United Arab Emirates
Ali Hind Kowalski,ali.kowalski.imp4284@mail.example,+971 58 840 2850,101 Street 2,Fujairah,United Arab Emirates
Salem Daniel Smith,salem.smith.imp4285@mail.example,+971 50 514 8718,105 Street 19,Abu Dhabi,United Arab Emirates
Priya Dana Hussain,priya.hussain.imp4286@mail.example,+971 52 632 9340,92 Street 15,Umm al-Quwain,United Arab Emirates
Falcon Cables Est. 4287,accounts4287@import-falcon.example,+971 6 513 7318,29 Street 12,Ajman,United Arab Emirates
Prime Auto Spare Parts Co. 4288,accounts4288@import-prime.example,+971 7 215 1630,4 Street 33,Ajman,United Arab Emirates
Khalid Fahad Obaid,khalid.obaid.imp4289@mail.example,+971 56 933 0428,10 Street 34,Mumbai,India
Golden Foodstuff FZCO 4290,accounts4290@import-golden.example,+971 4 722 5324,12 Street 6,Ajman,United Arab Emirates
Zayed Maitha Mansour,zayed.mansour.imp4291@mail.example,+971 54 732 0777,10 Street 18,Ajman,United Arab Emirates
John Daniel Al Hammadi,john.al.hammadi.imp4292@mail.example,+971 55 405 1372,57 Street 32,Sharjah,United Arab Emirates
Majid John Menon,majid.menon.imp4293@mail.example,+971 55 452 2972,36 Street 39,Sharjah,United Arab Emirates
Desert Aluminium Est. 4294,accounts4294@import-desert.example,+971 4 347 2383,111 Street 8,Dubai,United Arab Emirates
Elena Fatima Kowalski,elena.kowalski.imp4295@mail.example,+971 54 896 4249,51 Street 17,Fujairah,United Arab Emirates
Al Fajr Medical Supplies Co. 4296,accounts4296@import-al.example,+971 2 725 4350,115 Street 25,Sharjah,United Arab Emirates
Al Bayan Chemicals Co. 4297,accounts4297@import-al.example,+971 2 403 1967,79 Street 3,Ajman,United Arab Emirates
Huda Hassan Nair,huda.nair.imp4298@mail.example,+971 56 441 9151,107 Street 20,Umm al-Quwain,United Arab Emirates
Khalid Reem Al Muhairi,khalid.al.muhairi.imp4299@mail.example,+971 54 143 5305,89 Street 26,Yiwu,China
Anil Aisha Karam,anil.karam.imp4300@mail.example,+971 52 355 2206,91 Street 11,Dubai,United Arab Emirates
Rahul Elena Al Ameri,rahul.al.ameri.imp4301@mail.example,+971 55 761 6809,46 Street 29,Jeddah,Saudi Arabia
Saeed Omar Al Suwaidi,saeed.al.suwaidi.imp4302@mail.example,+971 58 427 1654,19 Street 26,Sharjah,United Arab Emirates
Tariq Majid Al Zaabi,tariq.al.zaabi.imp4303@mail.example,+971 55 829 0897,9 Street 20,Fujairah,United Arab Emirates
Joseph Omar Al Hammadi,joseph.al.hammadi.imp4304@mail.example,+971 54 595 4763,101 Street 26,Abu Dhabi,United Arab Emirates
Sara Asma Chen,sara.chen.imp4305@mail.example,+971 50 193 6242,111 Street 27,Ras al-Khaimah,United Arab Emirates
Rashid Mansour Novak,rashid.novak.imp4306@mail.example,+971 58 742 1038,68 Street 6,Ras al-Khaimah,United Arab Emirates
Amal Abdullah Qureshi,amal.qureshi.imp4307@mail.example,+971 55 332 8296,29 Street 25,Mumbai,India
Noura Ahmed Al Ameri,noura.al.ameri.imp4308@mail.example,+971 54 328 8891,35 Street 11,Abu Dhabi,United Arab Emirates
Palm Building Materials LLC 4309,accounts4309@import-palm.example,+971 3 832 3711,85 Street 40,Ajman,United Arab Emirates
Anna Sara Al Falasi,anna.al.falasi.imp4310@mail.example,+971 56 164 3716,100 Street 34,Sohar,Oman
Nadia Zayed Khan,nadia.khan.imp4311@mail.example,+971 58 265 7721,12 Street 14,Umm al-Quwain,United Arab Emirates
Unity Electronics LLC 4312,accounts4312@import-unity.example,+971 3 821 4868,75 Street 31,Abu Dhabi,United Arab Emirates
Al Fajr Foodstuff Est. 4313,accounts4313@import-al.example,+971 4 268 2783,90 Street 2,Ras al-Khaimah,United Arab Emirates
Imran Anna Qureshi,imran.qureshi.imp4314@mail.example,+971 50 279 7926,26 Street 17,Sharjah,United Arab Emirates
Anna Imran Al Mansouri,anna.al.mansouri.imp4315@mail.example,+971 52 794 5391,59 Street 11,Ajman,United Arab Emirates
Cedar Trading LLC 4316,accounts4316@import-cedar.example,+971 9 497 3872,83 Street 4,Ras al-Khaimah,United Arab Emirates
Omar John Al Nuaimi,omar.al.nuaimi.imp4317@mail.example,+971 50 707 9698,12 Street 38,Dubai,United Arab Emirates
Hamad Khalid Siddiqui,hamad.siddiqui.imp4318@mail.example,+971 52 796 9328,78 Street 40,Umm al-Quwain,United Arab Emirates
Unity Steel Industries Co. 4319,accounts4319@import-unity.example,+971 2 216 4073,22 Street 34,Abu Dhabi,United Arab Emirates
Nadia Imran Obaid,nadia.obaid.imp4320@mail.example,+971 58 857 4092,72 Street 24,Dubai,United Arab Emirates
Al Fajr Building Materials FZCO 4321,accounts4321@import-al.example,+971 9 243 7415,57 Street 33,Abu Dhabi,United Arab Emirates
Shamma Fatima Khoury,shamma.khoury.imp4322@mail.example,+971 54 165 3869,81 Street 2,Dubai,United Arab Emirates
Imran Daniel Wang,imran.wang.imp4323@mail.example,+971 58 134 4783,46 Street 26,Umm al-Quwain,United Arab Emirates
Sky Chemicals Co. 4324,accounts4324@import-sky.example,+971 4 392 3173,16 Street 23,Dubai,United Arab Emirates
Saeed Imran Gupta,saeed.gupta.imp4325@mail.example,+971 56 947 0548,92 Street 4,Abu Dhabi,United Arab Emirates
Reem Wei Yassin,reem.yassin.imp4326@mail.example,+971 56 672 4538,111 Street 39,Ajman,United Arab Emirates
Mona Sultan Kowalski,mona.kowalski.imp4327@mail.example,+971 50 819 2470,14 Street 16,Umm al-Quwain,United Arab Emirates
Atlas Glass LLC 4328,accounts4328@import-atlas.example,+971 6 363 4463,91 Street 5,Dubai,United Arab Emirates
Anna Sara Menon,anna.menon.imp4329@mail.example,+971 52 393 3334,65 Street 36,Ajman,United Arab Emirates
Yousef Fatima Al Qasimi,yousef.al.qasimi.imp4330@mail.example,+971 50 627 1323,118 Street 34,Umm al-Quwain,United Arab Emirates
Ahmed Bilal Khan,ahmed.khan.imp4331@mail.example,+971 55 909 3391,116 Street 33,Abu Dhabi,United Arab Emirates
Asma Waleed Novak,asma.novak.imp4332@mail.example,+971 54 132 4756,36 Street 16,Ras al-Khaimah,United Arab Emirates
John Latifa Al Falasi,john.al.falasi.imp4333@mail.example,+971 55 929 0719,35 Street 26,Abu Dhabi,United Arab Emirates
Mansour Reem Al Ameri,mansour.al.ameri.imp4334@mail.example,+971 58 698 4717,60 Street 15,Ajman,United Arab Emirates
Arjun Rania Siddiqui,arjun.siddiqui.imp4335@mail.example,+971 54 998 1888,85 Street 26,Sharjah,United Arab Emirates
Karim Hind Al Falasi,karim.al.falasi.imp4336@mail.example,+971 54 765 8151,7 Street 37,Umm al-Quwain,United Arab Emirates
Sara Fatima Sharma,sara.sharma.imp4337@mail.example,+971 55 928 2594,82 Street 24,Ajman,United Arab Emirates
Rania Karim Al Dhaheri,rania.al.dhaheri.imp4338@mail.example,+971 56 545 5577,34 Street 29,Abu Dhabi,United Arab Emirates
Shamma Ali Novak,shamma.novak.imp4339@mail.example,+971 55 608 4186,116 Street 7,Fujairah,United Arab Emirates
Hamad Maitha Al Ameri,hamad.al.ameri.imp4340@mail.example,+971 56 228 9463,12 Street 2,Manchester,United Kingdom
Arjun Elena Wang,arjun.wang.imp4341@mail.example,+971 54 204 1221,59 Street 26,Dubai,United Arab Emirates
Imran Karim Khan,imran.khan.imp4342@mail.example,+971 52 537 7303,57 Street 27,Ajman,United Arab Emirates
Saeed Noura Rahman,saeed.rahman.imp4343@mail.example,+971 50 911 7040,81 Street 14,Dubai,United Arab Emirates
Dune Textiles Co. 4344,accounts4344@import-dune.example,+971 6 406 0150,34 Street 8,Ras al-Khaimah,United Arab Emirates
Al Fajr Auto Spare Parts FZE 4345,accounts4345@import-al.example,+971 2 675 4502,66 Street 24,Dubai,United Arab Emirates
Mariam Aisha Farouk,mariam.farouk.imp4346@mail.example,+971 55 739 7498,34 Street 9,Abu Dhabi,United Arab Emirates
Fatima Grace Saleh,fatima.saleh.imp4347@mail.example,+971 58 702 1543,101 Street 1,Umm al-Quwain,United Arab Emirates
Prime Trading Industries LLC 4348,accounts4348@import-prime.example,+971 6 797 0153,53 Street 25,Ajman,United Arab Emirates
Arjun Khalid Awad,arjun.awad.imp4349@mail.example,+971 54 230 7892,89 Street 24,Ras al-Khaimah,United Arab Emirates
Majid Faisal Sharma,majid.sharma.imp4350@mail.example,+971 52 984 2467,110 Street 16,Sharjah,United Arab Emirates
Latifa Wei Mansour,latifa.mansour.imp4351@mail.example,+971 58 349 2976,26 Street 20,Ras al-Khaimah,United Arab Emirates
Omar Hamad Pillai,omar.pillai.imp4352@mail.example,+971 54 391 0096,49 Street 21,Umm al-Quwain,United Arab Emirates
Hamdan Nasser Rahman,hamdan.rahman.imp4353@mail.example,+971 55 997 3262,71 Street 32,Shenzhen,China
Al Noor Medical Supplies Est. 4354,accounts4354@import-al.example,+971 9 317 3696,104 Street 13,Jeddah,Saudi Arabia
Samir Joseph Chen,samir.chen.imp4355@mail.example,+971 55 691 4666,62 Street 28,Ajman,United Arab Emirates
Latifa Latifa Barakat,latifa.barakat.imp4356@mail.example,+971 54 393 7820,66 Street 39,Dubai,United Arab Emirates
Crescent Steel Industries Est. 4357,accounts4357@import-crescent.example,+971 7 754 3775,88 Street 33,Chennai,India
Mona Layla Farouk,mona.farouk.imp4358@mail.example,+971 50 179 6512,46 Street 37,Ras al-Khaimah,United Arab Emirates
Al Noor Auto Spare Parts Industries LLC 4359,accounts4359@import-al.example,+971 7 493 3596,36 Street 30,Sharjah,United Arab Emirates
Sanjay Maria Al Dhaheri,sanjay.al.dhaheri.imp4360@mail.example,+971 55 771 4638,42 Street 19,Sharjah,United Arab Emirates
Desert Electronics Est. 4361,accounts4361@import-desert.example,+971 7 489 8641,22 Street 27,Kochi,India
Dana Waleed Al Kaabi,dana.al.kaabi.imp4362@mail.example,+971 56 269 9044,42 Street 38,Fujairah,United Arab Emirates
Bilal Nadia Karam,bilal.karam.imp4363@mail.example,+971 52 266 0813,20 Street 16,Umm al-Quwain,United Arab Emirates
Layla Ali Al Ketbi,layla.al.ketbi.imp4364@mail.example,+971 58 152 9696,65 Street 31,Dubai,United Arab Emirates
Maria Anna Al Hammadi,maria.al.hammadi.imp4365@mail.example,+971 55 562 4049,84 Street 18,Umm al-Quwain,United Arab Emirates
Wei Karim Al Mazrouei,wei.al.mazrouei.imp4366@mail.example,+971 52 780 9472,25 Street 40,Dubai,United Arab Emirates
Maitha Tariq Fernandes,maitha.fernandes.imp4367@mail.example,+971 50 917 5243,79 Street 21,Sharjah,United Arab Emirates
Arjun Amal Al Suwaidi,arjun.al.suwaidi.imp4368@mail.example,+971 50 794 2486,102 Street 16,Shenzhen,China
Majid Huda Nair,majid.nair.imp4369@mail.example,+971 55 683 6795,53 Street 11,Dubai,United Arab Emirates
Mariam Latifa Reyes,mariam.reyes.imp4370@mail.example,+971 56 521 1463,107 Street 7,Ajman,United Arab Emirates
Sanjay Sara Dsouza,sanjay.dsouza.imp4371@mail.example,+971 56 958 4636,118 Street 33,Ras al-Khaimah,United Arab Emirates
Maitha Abdullah Aziz,maitha.aziz.imp4372@mail.example,+971 56 791 5798,83 Street 14,Abu Dhabi,United Arab Emirates
Arjun Maria Darwish,arjun.darwish.imp4373@mail.example,+971 58 899 9535,116 Street 31,Riyadh,Saudi Arabia
Falcon Packaging FZE 4374,accounts4374@import-falcon.example,+971 9 687 6468,13 Street 15,Fujairah,United Arab Emirates
Grace Imran Chen,grace.chen.imp4375@mail.example,+971 58 752 1210,94 Street 22,Dubai,United Arab Emirates
Sky Building Materials Est. 4376,accounts4376@import-sky.example,+971 3 435 8352,110 Street 1,Dubai,United Arab Emirates
Arjun Huda Smith,arjun.smith.imp4377@mail.example,+971 58 404 6342,14 Street 19,Dubai,United Arab Emirates
Al Bayan Logistics LLC 4378,accounts4378@import-al.example,+971 3 753 7036,73 Street 37,Abu Dhabi,United Arab Emirates
Dana Latifa Habib,dana.habib.imp4379@mail.example,+971 56 117 9973,82 Street 24,Sharjah,United Arab Emirates
Al Wasl Plastics FZCO 4380,accounts4380@import-al.example,+971 6 502 1587,31 Street 36,Sharjah,United Arab Emirates
Yousef Bilal Menon,yousef.menon.imp4381@mail.example,+971 50 536 5638,8 Street 40,Sharjah,United Arab Emirates
Anna Abdullah Dsouza,anna.dsouza.imp4382@mail.example,+971 58 217 6188,43 Street 28,Ajman,United Arab Emirates
Horizon Aluminium FZCO 4383,accounts4383@import-horizon.example,+971 2 802 0481,82 Street 36,Dubai,United Arab Emirates
Noura Huda Gupta,noura.gupta.imp4384@mail.example,+971 50 954 5910,101 Street 27,Fujairah,United Arab Emirates
Sultan Reem Smith,sultan.smith.imp4385@mail.example,+971 54 122 5473,69 Street 28,Umm al-Quwain,United Arab Emirates
Amal Maria Al Falasi,amal.al.falasi.imp4386@mail.example,+971 52 325 2430,107 Street 1,Ras al-Khaimah,United Arab Emirates
Al Fajr Auto Spare Parts LLC 4387,accounts4387@import-al.example,+971 7 713 4728,14 Street 20,Ras al-Khaimah,United Arab Emirates
Cedar Furniture Industries LLC 4388,accounts4388@import-cedar.example,+971 7 830 6811,6 Street 40,Abu Dhabi,United Arab Emirates
Grace Mariam Awad,grace.awad.imp4389@mail.example,+971 50 551 9917,81 Street 7,Ajman,United Arab Emirates
Rahul Layla Thomas,rahul.thomas.imp4390@mail.example,+971 55 755 9013,48 Street 19,Jeddah,Saudi Arabia
Samir Karim Haddad,samir.haddad.imp4391@mail.example,+971 52 278 6759,13 Street 2,Abu Dhabi,United Arab Emirates
Shamma Mansour Nasr,shamma.nasr.imp4392@mail.example,+971 54 147 5490,32 Street 3,Dubai,United Arab Emirates
Yousef Aisha Khoury,yousef.khoury.imp4393@mail.example,+971 50 349 0836,102 Street 5,Dubai,United Arab Emirates
Ahmed Saeed Al Shamsi,ahmed.al.shamsi.imp4394@mail.example,+971 58 217 8694,45 Street 4,Mumbai,India
Sara Sultan Yassin,sara.yassin.imp4395@mail.example,+971 54 230 6610,64 Street 9,Fujairah,United Arab Emirates
Fatima Aisha Siddiqui,fatima.siddiqui.imp4396@mail.example,+971 52 627 0040,120 Street 33,Ajman,United Arab Emirates
Imran Shamma Al Mansouri,imran.al.mansouri.imp4397@mail.example,+971 56 391 5005,86 Street 6,Ajman,United Arab Emirates
Nadia Karim Al Qasimi,nadia.al.qasimi.imp4398@mail.example,+971 56 775 6126,6 Street 39,Muscat,Oman
Golden General Trading LLC 4399,accounts4399@import-golden.example,+971 2 890 3889,40 Street 11,Fujairah,United Arab Emirates
Wei Asma Iyer,wei.iyer.imp4400@mail.example,+971 56 876 3829,17 Street 7,Ajman,United Arab Emirates
Layla Yousef Gupta,layla.gupta.imp4401@mail.example,+971 50 809 1192,62 Street 23,Sharjah,United Arab Emirates
Mansour Wei Al Shamsi,mansour.al.shamsi.imp4402@mail.example,+971 55 866 7827,80 Street 2,Sharjah,United Arab Emirates
Karim Rania Qureshi,karim.qureshi.imp4403@mail.example,+971 50 345 7361,106 Street 40,Kochi,India
Waleed Rahul Smith,waleed.smith.imp4404@mail.example,+971 52 750 7898,49 Street 24,Fujairah,United Arab Emirates
Hind Arjun Al Qasimi,hind.al.qasimi.imp4405@mail.example,+971 50 241 3209,108 Street 3,Ras al-Khaimah,United Arab Emirates
Oasis Glass Est. 4406,accounts4406@import-oasis.example,+971 9 590 6616,50 Street 36,Abu Dhabi,United Arab Emirates
Atlas Cables Industries LLC 4407,accounts4407@import-atlas.example,+971 9 497 4160,20 Street 34,Riyadh,Saudi Arabia
Al Fajr General Trading FZE 4408,accounts4408@import-al.example,+971 6 493 9754,76 Street 10,Ras al-Khaimah,United Arab Emirates
Mona Waleed Mahmoud,mona.mahmoud.imp4409@mail.example,+971 50 779 7905,13 Street 19,Sharjah,United Arab Emirates
Hind Elena Al Blooshi,hind.al.blooshi.imp4410@mail.example,+971 55 377 1988,11 Street 23,Ajman,United Arab Emirates
Emirates Foodstuff FZE 4411,accounts4411@import-emirates.example,+971 4 229 1033,60 Street 13,Fujairah,United Arab Emirates
Wei Khalid Darwish,wei.darwish.imp4412@mail.example,+971 50 141 2367,84 Street 1,Fujairah,United Arab Emirates
Peter Nasser Al Mazrouei,peter.al.mazrouei.imp4413@mail.example,+971 52 522 2193,7 Street 34,Umm al-Quwain,United Arab Emirates
Hassan Saeed Karam,hassan.karam.imp4414@mail.example,+971 56 171 4971,1 Street 5,Ajman,United Arab Emirates
Latifa Salem Wang,latifa.wang.imp4415@mail.example,+971 54 803 0536,111 Street 18,Fujairah,United Arab Emirates
Mariam Noura Al Nuaimi,mariam.al.nuaimi.imp4416@mail.example,+971 55 116 8643,82 Street 25,Sharjah,United Arab Emirates
Latifa John Reyes,latifa.reyes.imp4417@mail.example,+971 56 712 4351,3 Street 5,Sharjah,United Arab Emirates
Tariq Rashid Hussain,tariq.hussain.imp4418@mail.example,+971 54 749 8703,4 Street 30,Ras al-Khaimah,United Arab Emirates
Arjun Saeed Al Romaithi,arjun.al.romaithi.imp4419@mail.example,+971 50 297 8228,112 Street 2,Dubai,United Arab Emirates
Al Wasl Cables FZCO 4420,accounts4420@import-al.example,+971 7 528 6240,5 Street 5,Sohar,Oman
Daniel Hind Jaber,daniel.jaber.imp4421@mail.example,+971 54 572 8261,104 Street 26,Fujairah,United Arab Emirates
Faisal Mohammed Patel,faisal.patel.imp4422@mail.example,+971 50 737 7729,17 Street 13,Ajman,United Arab Emirates
Latifa Hassan Haddad,latifa.haddad.imp4423@mail.example,+971 56 587 4780,61 Street 30,Abu Dhabi,United Arab Emirates
Prime Furniture Est. 4424,accounts4424@import-prime.example,+971 2 608 7513,7 Street 22,Fujairah,United Arab Emirates
Rania Karim Novak,rania.novak.imp4425@mail.example,+971 54 110 7844,111 Street 30,Jeddah,Saudi Arabia
Summit Logistics Co. 4426,accounts4426@import-summit.example,+971 9 804 3368,120 Street 37,Ajman,United Arab Emirates
Saeed Nadia Al Nuaimi,saeed.al.nuaimi.imp4427@mail.example,+971 55 380 9398,96 Street 16,Dubai,United Arab Emirates
Anna Rashid Smith,anna.smith.imp4428@mail.example,+971 55 991 3793,54 Street 14,Ras al-Khaimah,United Arab Emirates
Emirates Logistics Co. 4429,accounts4429@import-emirates.example,+971 7 608 2365,11 Street 10,Chennai,India
Nadia Noura Kowalski,nadia.kowalski.imp4430@mail.example,+971 56 264 7361,85 Street 4,Fujairah,United Arab Emirates
Grace Fatima Al Ameri,grace.al.ameri.imp4431@mail.example,+971 52 651 4959,34 Street 7,Abu Dhabi,United Arab Emirates
Royal Steel Industries Co. 4432,accounts4432@import-royal.example,+971 2 863 0846,41 Street 23,Ras al-Khaimah,United Arab Emirates
Ibrahim Imran Al Hashimi,ibrahim.al.hashimi.imp4433@mail.example,+971 55 123 8233,40 Street 37,Dubai,United Arab Emirates
Sara Sultan Al Dhaheri,sara.al.dhaheri.imp4434@mail.example,+971 52 208 7484,83 Street 39,Abu Dhabi,United Arab Emirates
Marina Textiles LLC 4435,accounts4435@import-marina.example,+971 9 528 8424,22 Street 29,Dubai,United Arab Emirates
Arjun Omar Al Qasimi,arjun.al.qasimi.imp4436@mail.example,+971 58 120 1360,19 Street 26,Umm al-Quwain,United Arab Emirates
Hassan Salem Darwish,hassan.darwish.imp4437@mail.example,+971 56 281 5895,14 Street 8,Fujairah,United Arab Emirates
Mona Maitha Al Qasimi,mona.al.qasimi.imp4438@mail.example,+971 54 481 2656,86 Street 20,Ajman,United Arab Emirates
Shamma Mansour Khoury,shamma.khoury.imp4439@mail.example,+971 55 118 2155,86 Street 39,Sharjah,United Arab Emirates
Mona Maitha Hussain,mona.hussain.imp4440@mail.example,+971 56 202 3914,47 Street 36,Ajman,United Arab Emirates
Star Steel Industries Industries LLC 4441,accounts4441@import-star.example,+971 7 863 6600,32 Street 10,Umm al-Quwain,United Arab Emirates
Joseph Imran Mathew,joseph.mathew.imp4442@mail.example,+971 55 745 8604,87 Street 20,Umm al-Quwain,United Arab Emirates
Noura Arjun Smith,noura.smith.imp4443@mail.example,+971 58 877 7348,26 Street 13,Abu Dhabi,United Arab Emirates
Maria Ibrahim Smith,maria.smith.imp4444@mail.example,+971 54 705 6898,115 Street 33,Dubai,United Arab Emirates
Pearl Paper Products FZE 4445,accounts4445@import-pearl.example,+971 6 839 7177,84 Street 20,Ras al-Khaimah,United Arab Emirates
Salem Dana Karam,salem.karam.imp4446@mail.example,+971 56 938 9116,117 Street 10,Ras al-Khaimah,United Arab Emirates
Faisal Majid Haddad,faisal.haddad.imp4447@mail.example,+971 55 281 0299,62 Street 33,Ras al-Khaimah,United Arab Emirates
Huda Salem Khan,huda.khan.imp4448@mail.example,+971 56 132 2991,7 Street 13,Abu Dhabi,United Arab Emirates
Sara Samir Ivanova,sara.ivanova.imp4449@mail.example,+971 56 852 1850,48 Street 15,Abu Dhabi,United Arab Emirates
Yousef Hamdan Darwish,yousef.darwish.imp4450@mail.example,+971 50 436 8507,81 Street 28,Sharjah,United Arab Emirates
John Aisha Al Hashimi,john.al.hashimi.imp4451@mail.example,+971 52 531 8392,70 Street 22,Fujairah,United Arab Emirates
Maitha Hind Al Suwaidi,maitha.al.suwaidi.imp4452@mail.example,+971 55 950 2177,112 Street 24,Dubai,United Arab Emirates
Rashid Peter Al Nuaimi,rashid.al.nuaimi.imp4453@mail.example,+971 58 991 0806,46 Street 11,Abu Dhabi,United Arab Emirates
Pearl Furniture Co. 4454,accounts4454@import-pearl.example,+971 4 743 9722,78 Street 40,Ras al-Khaimah,United Arab Emirates
Priya Omar Darwish,priya.darwish.imp4455@mail.example,+971 50 583 0016,102 Street 4,Ajman,United Arab Emirates
Cedar Packaging FZE 4456,accounts4456@import-cedar.example,+971 4 245 5132,61 Street 18,Fujairah,United Arab Emirates
Dune Paper Products LLC 4457,accounts4457@import-dune.example,+971 3 705 7374,6 Street 24,Dubai,United Arab Emirates
Elena Shamma Patel,elena.patel.imp4458@mail.example,+971 50 694 4799,42 Street 31,Yiwu,China
Mona Sara Khan,mona.khan.imp4459@mail.example,+971 58 947 2387,102 Street 11,Fujairah,United Arab Emirates
Peter Amal Sharma,peter.sharma.imp4460@mail.example,+971 56 549 4221,93 Street 12,Ras al-Khaimah,United Arab Emirates
Waleed Khalid Gupta,waleed.gupta.imp4461@mail.example,+971 56 188 5446,58 Street 27,Umm al-Quwain,United Arab Emirates
Joseph Samir Al Dhaheri,joseph.al.dhaheri.imp4462@mail.example,+971 50 115 1352,82 Street 22,Ras al-Khaimah,United Arab Emirates
Imran Hind Khoury,imran.khoury.imp4463@mail.example,+971 55 598 3925,55 Street 21,Umm al-Quwain,United Arab Emirates
Ahmed Mona Reyes,ahmed.reyes.imp4464@mail.example,+971 56 498 9991,54 Street 31,Abu Dhabi,United Arab Emirates
Marina Chemicals LLC 4465,accounts4465@import-marina.example,+971 7 529 8868,83 Street 38,Umm al-Quwain,United Arab Emirates
Mohammed Sultan Iyer,mohammed.iyer.imp4466@mail.example,+971 58 710 4383,108 Street 35,Dubai,United Arab Emirates
Maria Ahmed Reyes,maria.reyes.imp4467@mail.example,+971 55 931 3563,20 Street 19,Dubai,United Arab Emirates
Priya Fahad Iyer,priya.iyer.imp4468@mail.example,+971 54 969 2053,113 Street 40,Umm al-Quwain,United Arab Emirates
Dana Yousef Fernandes,dana.fernandes.imp4469@mail.example,+971 55 465 1345,86 Street 16,Abu Dhabi,United Arab Emirates
Anna Abdullah Rahman,anna.rahman.imp4470@mail.example,+971 54 967 4854,99 Street 30,Fujairah,United Arab Emirates
Zenith Foodstuff Co. 4471,accounts4471@import-zenith.example,+971 6 375 7168,96 Street 38,Ajman,United Arab Emirates
Bilal Zayed Patel,bilal.patel.imp4472@mail.example,+971 54 219 6620,38 Street 37,Umm al-Quwain,United Arab Emirates
Latifa Khalid Menon,latifa.menon.imp4473@mail.example,+971 55 133 7148,63 Street 5,Ras al-Khaimah,United Arab Emirates
Prime Paper Products FZCO 4474,accounts4474@import-prime.example,+971 4 308 7931,18 Street 21,Chennai,India
Maitha Nadia Mathew,maitha.mathew.imp4475@mail.example,+971 55 519 5284,72 Street 26,Sharjah,United Arab Emirates
Anna Wei Khoury,anna.khoury.imp4476@mail.example,+971 54 592 2620,22 Street 15,Umm al-Quwain,United Arab Emirates
Pearl Medical Supplies FZCO 4477,accounts4477@import-pearl.example,+971 9 550 7377,26 Street 34,Dubai,United Arab Emirates
Nasser Zayed Farouk,nasser.farouk.imp4478@mail.example,+971 56 346 5288,113 Street 39,Dammam,Saudi Arabia
Samir Anil Khoury,samir.khoury.imp4479@mail.example,+971 54 186 5109,42 Street 27,Dubai,United Arab Emirates
Gulf Logistics Co. 4480,accounts4480@import-gulf.example,+971 6 429 2758,45 Street 9,Ras al-Khaimah,United Arab Emirates
Royal Chemicals Est. 4481,accounts4481@import-royal.example,+971 4 733 0119,82 Street 38,Fujairah,United Arab Emirates
Saeed Dana Sharma,saeed.sharma.imp4482@mail.example,+971 55 606 1887,44 Street 12,Sharjah,United Arab Emirates
Salem Shamma Reyes,salem.reyes.imp4483@mail.example,+971 52 151 4687,84 Street 13,Fujairah,United Arab Emirates
Shamma Fatima Al Romaithi,shamma.al.romaithi.imp4484@mail.example,+971 55 206 4551,62 Street 3,Ras al-Khaimah,United Arab Emirates
Sara Ahmed Al Romaithi,sara.al.romaithi.imp4485@mail.example,+971 50 906 4943,88 Street 7,Ras al-Khaimah,United Arab Emirates
Hassan Hind Rahman,hassan.rahman.imp4486@mail.example,+971 58 610 3420,85 Street 6,Fujairah,United Arab Emirates
Wei Reem Al Ameri,wei.al.ameri.imp4487@mail.example,+971 58 257 7675,71 Street 7,Fujairah,United Arab Emirates
Mohammed Omar Iyer,mohammed.iyer.imp4488@mail.example,+971 55 250 1084,61 Street 30,Sharjah,United Arab Emirates
Elena Fahad Siddiqui,elena.siddiqui.imp4489@mail.example,+971 55 502 8668,94 Street 37,Manchester,United Kingdom
Rashid Mohammed Al Mazrouei,rashid.al.mazrouei.imp4490@mail.example,+971 54 266 2293,69 Street 20,Fujairah,United Arab Emirates
Imran Abdullah Al Romaithi,imran.al.romaithi.imp4491@mail.example,+971 56 942 2263,70 Street 28,Umm al-Quwain,United Arab Emirates
Grace Tariq Pillai,grace.pillai.imp4492@mail.example,+971 56 380 1799,88 Street 40,Dubai,United Arab Emirates
Latifa Yousef Al Mansouri,latifa.al.mansouri.imp4493@mail.example,+971 50 795 2413,118 Street 34,Fujairah,United Arab Emirates
Emirates Logistics Industries LLC 4494,accounts4494@import-emirates.example,+971 4 799 9550,72 Street 24,Umm al-Quwain,United Arab Emirates
Asma Amal Al Romaithi,asma.al.romaithi.imp4495@mail.example,+971 55 683 1861,61 Street 15,Sharjah,United Arab Emirates
Elena Aisha Mansour,elena.mansour.imp4496@mail.example,+971 55 196 0596,10 Street 27,Abu Dhabi,United Arab Emirates
Reem Maria Qureshi,reem.qureshi.imp4497@mail.example,+971 56 363 8960,55 Street 1,Abu Dhabi,United Arab Emirates
Maitha Reem George,maitha.george.imp4498@mail.example,+971 54 308 9232,69 Street 23,Abu Dhabi,United Arab Emirates
Emirates Logistics FZE 4499,accounts4499@import-emirates.example,+971 9 298 6070,104 Street 26,Ras al-Khaimah,United Arab Emirates
Hind Hamdan Farouk,hind.farouk.imp4500@mail.example,+971 56 826 6070,9 Street 31,Ras al-Khaimah,United Arab Emirates
Imran John Liu,imran.liu.imp4501@mail.example,+971 54 576 6735,54 Street 4,Kochi,India
Salem Rania Patel,salem.patel.imp4502@mail.example,+971 55 648 6375,15 Street 20,Ras al-Khaimah,United Arab Emirates
Anil Daniel Al Ketbi,anil.al.ketbi.imp4503@mail.example,+971 50 593 2926,37 Street 34,Riyadh,Saudi Arabia
Khalid Sara Al Falasi,khalid.al.falasi.imp4504@mail.example,+971 50 623 9125,79 Street 3,Ras al-Khaimah,United Arab Emirates
Silver Aluminium Industries LLC 4505,accounts4505@import-silver.example,+971 9 274 6556,8 Street 13,Ajman,United Arab Emirates
Grace Mona Al Hammadi,grace.al.hammadi.imp4506@mail.example,+971 56 212 1926,30 Street 40,Ras al-Khaimah,United Arab Emirates
Fahad Hamdan Aziz,fahad.aziz.imp4507@mail.example,+971 54 108 9358,32 Street 26,Fujairah,United Arab Emirates
Nadia Amal George,nadia.george.imp4508@mail.example,+971 52 722 2574,112 Street 11,Fujairah,United Arab Emirates
Peter Mansour Karam,peter.karam.imp4509@mail.example,+971 52 382 3459,66 Street 12,Sharjah,United Arab Emirates
Abdullah Abdullah Al Mazrouei,abdullah.al.mazrouei.imp4510@mail.example,+971 54 572 6209,94 Street 31,Dubai,United Arab Emirates
Abdullah Wei Al Ameri,abdullah.al.ameri.imp4511@mail.example,+971 52 134 6057,57 Street 37,Fujairah,United Arab Emirates
Daniel Ravi Nair,daniel.nair.imp4512@mail.example,+971 50 496 0209,65 Street 23,Fujairah,United Arab Emirates
Samir Ravi Rahman,samir.rahman.imp4513@mail.example,+971 55 579 3011,91 Street 38,Fujairah,United Arab Emirates
Ali Yousef Siddiqui,ali.siddiqui.imp4514@mail.example,+971 56 679 6144,98 Street 8,Ras al-Khaimah,United Arab Emirates
Reem Elena Al Qasimi,reem.al.qasimi.imp4515@mail.example,+971 52 906 8248,15 Street 20,Riyadh,Saudi Arabia
Golden Steel Industries Est. 4516,accounts4516@import-golden.example,+971 4 717 2272,27 Street 6,Sharjah,United Arab Emirates
Sky Furniture FZE 4517,accounts4517@import-sky.example,+971 6 776 8767,87 Street 19,Ras al-Khaimah,United Arab Emirates
Gulf Auto Spare Parts FZE 4518,accounts4518@import-gulf.example,+971 2 882 1325,21 Street 8,Abu Dhabi,United Arab Emirates
Elena Majid Nasr,elena.nasr.imp4519@mail.example,+971 54 198 7556,42 Street 32,Fujairah,United Arab Emirates
Shamma Dana Kowalski,shamma.kowalski.imp4520@mail.example,+971 54 858 9906,115 Street 2,Umm al-Quwain,United Arab Emirates
Oasis Aluminium Industries LLC 4521,accounts4521@import-oasis.example,+971 6 351 5579,66 Street 14,Fujairah,United Arab Emirates
Crescent Logistics FZCO 4522,accounts4522@import-crescent.example,+971 2 209 4040,22 Street 6,Abu Dhabi,United Arab Emirates
Al Safa Marine Supplies FZCO 4523,accounts4523@import-al.example,+971 2 391 9717,90 Street 29,Riyadh,Saudi Arabia
Salem Aisha Khoury,salem.khoury.imp4524@mail.example,+971 50 750 3976,12 Street 19,Abu Dhabi,United Arab Emirates
Sultan Abdullah Al Marri,sultan.al.marri.imp4525@mail.example,+971 50 724 8679,46 Street 11,Sharjah,United Arab Emirates
Hamad Yousef Al Romaithi,hamad.al.romaithi.imp4526@mail.example,+971 58 436 7036,106 Street 32,Ras al-Khaimah,United Arab Emirates
Priya Maria Al Shamsi,priya.al.shamsi.imp4527@mail.example,+971 54 567 2859,82 Street 15,Dubai,United Arab Emirates
Saeed Mohammed Dsouza,saeed.dsouza.imp4528@mail.example,+971 52 891 9157,73 Street 7,Manchester,United Kingdom
Mansour Elena Siddiqui,mansour.siddiqui.imp4529@mail.example,+971 58 491 9605,108 Street 33,Ras al-Khaimah,United Arab Emirates
Sanjay Ibrahim Sharma,sanjay.sharma.imp4530@mail.example,+971 52 261 9793,70 Street 24,Ras al-Khaimah,United Arab Emirates
Noura Hamdan Al Mazrouei,noura.al.mazrouei.imp4531@mail.example,+971 52 133 7460,13 Street 4,Ras al-Khaimah,United Arab Emirates
Emirates Electronics LLC 4532,accounts4532@import-emirates.example,+971 7 782 3083,91 Street 28,Dubai,United Arab Emirates
Sky Paints Industries LLC 4533,accounts4533@import-sky.example,+971 9 361 8227,61 Street 26,Fujairah,United Arab Emirates
Royal Aluminium Est. 4534,accounts4534@import-royal.example,+971 7 691 1171,91 Street 2,Ras al-Khaimah,United Arab Emirates
Abdullah Anna Al Falasi,abdullah.al.falasi.imp4535@mail.example,+971 52 467 3191,4 Street 31,Ajman,United Arab Emirates
Nadia Priya Rahman,nadia.rahman.imp4536@mail.example,+971 54 198 9606,117 Street 16,Dubai,United Arab Emirates
Unity Textiles Co. 4537,accounts4537@import-unity.example,+971 6 700 8256,103 Street 24,Abu Dhabi,United Arab Emirates
Amal Latifa Wang,amal.wang.imp4538@mail.example,+971 54 382 0996,10 Street 26,Fujairah,United Arab Emirates
Pearl Textiles Industries LLC 4539,accounts4539@import-pearl.example,+971 6 559 0089,113 Street 20,Sharjah,United Arab Emirates
Ravi Joseph Al Qasimi,ravi.al.qasimi.imp4540@mail.example,+971 58 353 7479,73 Street 1,Abu Dhabi,United Arab Emirates
Shamma Sultan Yassin,shamma.yassin.imp4541@mail.example,+971 56 444 2693,104 Street 6,Jeddah,Saudi Arabia
Grace Fahad Siddiqui,grace.siddiqui.imp4542@mail.example,+971 52 684 6442,72 Street 21,Ras al-Khaimah,United Arab Emirates
Sultan Nasser Haddad,sultan.haddad.imp4543@mail.example,+971 54 415 4496,75 Street 23,Ajman,United Arab Emirates
Pearl Marine Supplies Est. 4544,accounts4544@import-pearl.example,+971 2 607 2071,116 Street 6,Muscat,Oman
Khalid Ravi Aziz,khalid.aziz.imp4545@mail.example,+971 52 172 8063,73 Street 11,Ras al-Khaimah,United Arab Emirates
John Peter Nair,john.nair.imp4546@mail.example,+971 55 743 0475,69 Street 12,Abu Dhabi,United Arab Emirates
Pearl Furniture LLC 4547,accounts4547@import-pearl.example,+971 6 621 2981,96 Street 25,Dubai,United Arab Emirates
Rashid Faisal Al Qasimi,rashid.al.qasimi.imp4548@mail.example,+971 58 130 1934,47 Street 40,Umm al-Quwain,United Arab Emirates
Fatima Layla Al Blooshi,fatima.al.blooshi.imp4549@mail.example,+971 54 796 5397,32 Street 35,Ajman,United Arab Emirates
Pearl Logistics Industries LLC 4550,accounts4550@import-pearl.example,+971 2 434 6205,13 Street 16,Umm al-Quwain,United Arab Emirates
Amal Noura Al Marri,amal.al.marri.imp4551@mail.example,+971 58 746 8991,30 Street 40,Abu Dhabi,United Arab Emirates
Faisal Imran Sharma,faisal.sharma.imp4552@mail.example,+971 50 834 9604,16 Street 40,Mumbai,India
Falcon Glass FZE 4553,accounts4553@import-falcon.example,+971 6 639 8714,34 Street 34,Ajman,United Arab Emirates
Ibrahim Omar Al Mazrouei,ibrahim.al.mazrouei.imp4554@mail.example,+971 54 611 7219,29 Street 1,Umm al-Quwain,United Arab Emirates
Omar Fatima Al Kaabi,omar.al.kaabi.imp4555@mail.example,+971 56 825 0668,49 Street 40,Fujairah,United Arab Emirates
Samir Mansour Iyer,samir.iyer.imp4556@mail.example,+971 58 865 4748,62 Street 26,Shenzhen,China
Al Noor Logistics Co. 4557,accounts4557@import-al.example,+971 7 366 9580,117 Street 12,Dubai,United Arab Emirates
Gulf Aluminium LLC 4558,accounts4558@import-gulf.example,+971 9 306 5812,24 Street 8,Ras al-Khaimah,United Arab Emirates
Hassan Saeed Barakat,hassan.barakat.imp4559@mail.example,+971 52 506 3111,52 Street 29,Abu Dhabi,United Arab Emirates
Crescent Plastics FZCO 4560,accounts4560@import-crescent.example,+971 6 597 0362,8 Street 32,Ras al-Khaimah,United Arab Emirates
Falcon Foodstuff FZCO 4561,accounts4561@import-falcon.example,+971 4 310 1159,80 Street 16,Dubai,United Arab Emirates
Oasis Paints Industries LLC 4562,accounts4562@import-oasis.example,+971 3 720 0453,29 Street 16,Umm al-Quwain,United Arab Emirates
Ahmed Arjun Al Marri,ahmed.al.marri.imp4563@mail.example,+971 52 595 9185,10 Street 32,Abu Dhabi,United Arab Emirates
Abdullah Reem Al Ameri,abdullah.al.ameri.imp4564@mail.example,+971 50 173 0430,41 Street 19,Umm al-Quwain,United Arab Emirates
Coral Cables LLC 4565,accounts4565@import-coral.example,+971 6 277 7615,72 Street 21,Umm al-Quwain,United Arab Emirates
Hamad Bilal Al Falasi,hamad.al.falasi.imp4566@mail.example,+971 58 164 4780,45 Street 14,Sharjah,United Arab Emirates
Yousef Nasser Al Mansouri,yousef.al.mansouri.imp4567@mail.example,+971 54 973 4457,73 Street 38,Ajman,United Arab Emirates
Fatima Rashid Al Suwaidi,fatima.al.suwaidi.imp4568@mail.example,+971 52 668 3492,42 Street 38,Umm al-Quwain,United Arab Emirates
Sky Foodstuff FZE 4569,accounts4569@import-sky.example,+971 3 358 8398,4 Street 38,Sharjah,United Arab Emirates
Lotus Foodstuff Industries LLC 4570,accounts4570@import-lotus.example,+971 7 897 5726,9 Street 33,Umm al-Quwain,United Arab Emirates
Latifa Fahad Saleh,latifa.saleh.imp4571@mail.example,+971 52 451 1173,111 Street 3,Ras al-Khaimah,United Arab Emirates
Saeed Nasser Patel,saeed.patel.imp4572@mail.example,+971 56 298 7548,108 Street 26,Fujairah,United Arab Emirates
Falcon Cables LLC 4573,accounts4573@import-falcon.example,+971 7 725 7775,17 Street 31,Abu Dhabi,United Arab Emirates
Dune Steel Industries Co. 4574,accounts4574@import-dune.example,+971 3 323 0870,58 Street 30,Sharjah,United Arab Emirates
Daniel Yousef George,daniel.george.imp4575@mail.example,+971 50 603 8015,37 Street 36,Ajman,United Arab Emirates
Karim Reem Siddiqui,karim.siddiqui.imp4576@mail.example,+971 50 216 6351,68 Street 10,Abu Dhabi,United Arab Emirates
Shamma Ravi Al Marri,shamma.al.marri.imp4577@mail.example,+971 56 720 1212,71 Street 37,Fujairah,United Arab Emirates
Priya Layla Al Falasi,priya.al.falasi.imp4578@mail.example,+971 55 633 1190,84 Street 8,Ras al-Khaimah,United Arab Emirates
Golden Auto Spare Parts Est. 4579,accounts4579@import-golden.example,+971 7 720 3886,1 Street 5,Abu Dhabi,United Arab Emirates
Priya Samir Menon,priya.menon.imp4580@mail.example,+971 54 865 9324,41 Street 12,Fujairah,United Arab Emirates
Ali Rashid Saleh,ali.saleh.imp4581@mail.example,+971 54 391 3933,88 Street 16,Sharjah,United Arab Emirates
Crescent Plastics Industries LLC 4582,accounts4582@import-crescent.example,+971 7 720 6815,106 Street 38,Umm al-Quwain,United Arab Emirates
Grace Imran Barakat,grace.barakat.imp4583@mail.example,+971 52 155 0796,100 Street 38,Salalah,Oman
Al Wasl Textiles Est. 4584,accounts4584@import-al.example,+971 7 428 8652,2 Street 34,Abu Dhabi,United Arab Emirates
Bilal Hamad Al Kaabi,bilal.al.kaabi.imp4585@mail.example,+971 54 483 3173,77 Street 14,Ajman,United Arab Emirates
Huda Tariq Al Qasimi,huda.al.qasimi.imp4586@mail.example,+971 54 803 1736,33 Street 8,Ras al-Khaimah,United Arab Emirates
Zenith Glass FZE 4587,accounts4587@import-zenith.example,+971 9 325 3367,96 Street 33,Ajman,United Arab Emirates
Asma Daniel Khoury,asma.khoury.imp4588@mail.example,+971 52 699 5393,62 Street 17,Abu Dhabi,United Arab Emirates
Sanjay Hind Al Muhairi,sanjay.al.muhairi.imp4589@mail.example,+971 52 812 3972,82 Street 7,Manchester,United Kingdom
Ali Hamad Sharma,ali.sharma.imp4590@mail.example,+971 55 794 2533,67 Street 26,Umm al-Quwain,United Arab Emirates
Rahul Anil Smith,rahul.smith.imp4591@mail.example,+971 50 121 2001,90 Street 5,Ajman,United Arab Emirates
Dana Dana Pillai,dana.pillai.imp4592@mail.example,+971 54 906 0913,73 Street 24,Dubai,United Arab Emirates
Cedar Paints Co. 4593,accounts4593@import-cedar.example,+971 3 517 7107,4 Street 24,Ajman,United Arab Emirates
Maitha Joseph Nasr,maitha.nasr.imp4594@mail.example,+971 56 812 8809,77 Street 18,Ajman,United Arab Emirates
Al Noor Logistics LLC 4595,accounts4595@import-al.example,+971 6 760 4661,97 Street 5,Abu Dhabi,United Arab Emirates
Atlas Textiles Co. 4596,accounts4596@import-atlas.example,+971 2 727 1006,43 Street 37,Dubai,United Arab Emirates
Amal Reem Al Hashimi,amal.al.hashimi.imp4597@mail.example,+971 52 226 6846,63 Street 23,Jeddah,Saudi Arabia
Hamdan Ravi Rahman,hamdan.rahman.imp4598@mail.example,+971 55 671 1891,49 Street 6,Dubai,United Arab Emirates
Marina Furniture Est. 4599,accounts4599@import-marina.example,+971 3 425 2069,73 Street 13,Abu Dhabi,United Arab Emirates
Horizon Foodstuff Industries LLC 4600,accounts4600@import-horizon.example,+971 7 391 4291,104 Street 26,Fujairah,United Arab Emirates
Al Bayan General Trading LLC 4601,accounts4601@import-al.example,+971 9 435 5416,99 Street 8,Ras al-Khaimah,United Arab Emirates
Joseph Hamdan Jaber,joseph.jaber.imp4602@mail.example,+971 58 787 5360,3 Street 12,Abu Dhabi,United Arab Emirates
Joseph Rahul Novak,joseph.novak.imp4603@mail.example,+971 50 580 4320,109 Street 21,Ras al-Khaimah,United Arab Emirates
Sultan Hassan Mansour,sultan.mansour.imp4604@mail.example,+971 52 971 9688,67 Street 21,Dubai,United Arab Emirates
Noura Grace Al Suwaidi,noura.al.suwaidi.imp4605@mail.example,+971 50 136 6640,32 Street 30,Sharjah,United Arab Emirates
Samir Hamad Patel,samir.patel.imp4606@mail.example,+971 54 269 4394,92 Street 36,Umm al-Quwain,United Arab Emirates
Al Safa Plastics Co. 4607,accounts4607@import-al.example,+971 4 420 6195,50 Street 30,Ras al-Khaimah,United Arab Emirates
Desert Logistics Co. 4608,accounts4608@import-desert.example,+971 6 547 6994,47 Street 15,Sharjah,United Arab Emirates
Star General Trading Co. 4609,accounts4609@import-star.example,+971 6 489 3307,72 Street 17,Ajman,United Arab Emirates
Noura Maitha Darwish,noura.darwish.imp4610@mail.example,+971 54 449 1565,76 Street 6,Umm al-Quwain,United Arab Emirates
Star Aluminium FZE 4611,accounts4611@import-star.example,+971 2 560 6347,34 Street 6,Fujairah,United Arab Emirates
John Rahul Jaber,john.jaber.imp4612@mail.example,+971 54 610 3752,51 Street 32,Abu Dhabi,United Arab Emirates
Hamad Amal Novak,hamad.novak.imp4613@mail.example,+971 50 998 3594,60 Street 10,Umm al-Quwain,United Arab Emirates
Grace Aisha Novak,grace.novak.imp4614@mail.example,+971 50 910 6734,44 Street 16,Dubai,United Arab Emirates
Bilal Zayed Al Falasi,bilal.al.falasi.imp4615@mail.example,+971 55 282 5418,90 Street 10,Ajman,United Arab Emirates
Al Fajr Electronics FZCO 4616,accounts4616@import-al.example,+971 6 878 6454,43 Street 1,Ras al-Khaimah,United Arab Emirates
Yousef Nadia Nasr,yousef.nasr.imp4617@mail.example,+971 52 148 7174,88 Street 21,Ras al-Khaimah,United Arab Emirates
Atlas Glass Est. 4618,accounts4618@import-atlas.example,+971 7 352 2392,43 Street 36,Umm al-Quwain,United Arab Emirates
Horizon Textiles Industries LLC 4619,accounts4619@import-horizon.example,+971 3 665 0104,93 Street 11,Umm al-Quwain,United Arab Emirates
Hind Mohammed Al Suwaidi,hind.al.suwaidi.imp4620@mail.example,+971 50 710 1213,66 Street 28,Dubai,United Arab Emirates
Aisha Rania Habib,aisha.habib.imp4621@mail.example,+971 55 808 3321,54 Street 15,Umm al-Quwain,United Arab Emirates
Oasis Aluminium FZE 4622,accounts4622@import-oasis.example,+971 7 557 5206,77 Street 14,Ajman,United Arab Emirates
Grace Nadia Al Kaabi,grace.al.kaabi.imp4623@mail.example,+971 55 744 7572,2 Street 26,Fujairah,United Arab Emirates
Yousef Ibrahim Al Kaabi,yousef.al.kaabi.imp4624@mail.example,+971 54 902 7374,96 Street 18,Umm al-Quwain,United Arab Emirates
Palm Steel Industries LLC 4625,accounts4625@import-palm.example,+971 3 418 7810,94 Street 36,Fujairah,United Arab Emirates
Sultan Anil Novak,sultan.novak.imp4626@mail.example,+971 58 919 0785,9 Street 3,Ajman,United Arab Emirates
Gulf Building Materials Est. 4627,accounts4627@import-gulf.example,+971 9 411 5498,24 Street 29,Abu Dhabi,United Arab Emirates
Dana Salem Al Marri,dana.al.marri.imp4628@mail.example,+971 56 573 4627,112 Street 18,Ras al-Khaimah,United Arab Emirates
Majid Tariq Al Mansouri,majid.al.mansouri.imp4629@mail.example,+971 52 683 8543,61 Street 20,Chennai,India
Al Wasl Chemicals Est. 4630,accounts4630@import-al.example,+971 2 393 2507,65 Street 29,Ras al-Khaimah,United Arab Emirates
Lotus Auto Spare Parts LLC 4631,accounts4631@import-lotus.example,+971 6 805 4014,64 Street 31,Dubai,United Arab Emirates
Desert Glass Co. 4632,accounts4632@import-desert.example,+971 4 703 2856,19 Street 27,Ajman,United Arab Emirates
Dune Building Materials Est. 4633,accounts4633@import-dune.example,+971 3 784 9513,117 Street 17,Shanghai,China
Samir Elena Wang,samir.wang.imp4634@mail.example,+971 52 245 7061,88 Street 31,Fujairah,United Arab Emirates
Mansour Grace Sharma,mansour.sharma.imp4635@mail.example,+971 58 588 6888,71 Street 23,Ajman,United Arab Emirates
Hassan Layla Darwish,hassan.darwish.imp4636@mail.example,+971 58 266 2182,81 Street 8,Abu Dhabi,United Arab Emirates
Hind Grace Dsouza,hind.dsouza.imp4637@mail.example,+971 50 946 0363,66 Street 1,Sharjah,United Arab Emirates
Mansour Peter Jaber,mansour.jaber.imp4638@mail.example,+971 58 483 4731,8 Street 35,Sharjah,United Arab Emirates
Pearl Packaging FZE 4639,accounts4639@import-pearl.example,+971 9 358 0288,118 Street 22,Ras al-Khaimah,United Arab Emirates
Hamad Nadia Al Falasi,hamad.al.falasi.imp4640@mail.example,+971 56 748 1301,47 Street 23,Fujairah,United Arab Emirates
Silver General Trading FZE 4641,accounts4641@import-silver.example,+971 6 705 8356,99 Street 39,Abu Dhabi,United Arab Emirates
Marina Medical Supplies FZCO 4642,accounts4642@import-marina.example,+971 7 527 8876,27 Street 22,Yiwu,China
Zenith Building Materials FZCO 4643,accounts4643@import-zenith.example,+971 4 248 4556,108 Street 35,Abu Dhabi,United Arab Emirates
Rashid Anna Reyes,rashid.reyes.imp4644@mail.example,+971 56 284 0658,68 Street 5,Sohar,Oman
Hassan Aisha Al Shamsi,hassan.al.shamsi.imp4645@mail.example,+971 56 489 0190,27 Street 2,Sharjah,United Arab Emirates
Horizon Chemicals Co. 4646,accounts4646@import-horizon.example,+971 7 700 7102,105 Street 32,Abu Dhabi,United Arab Emirates
Grace Zayed Haddad,grace.haddad.imp4647@mail.example,+971 58 280 3090,97 Street 20,Fujairah,United Arab Emirates
Ibrahim Anil Pillai,ibrahim.pillai.imp4648@mail.example,+971 55 658 8285,41 Street 10,Sharjah,United Arab Emirates
Maitha Latifa Hussain,maitha.hussain.imp4649@mail.example,+971 58 914 5774,19 Street 34,Fujairah,United Arab Emirates
Priya Huda Al Hammadi,priya.al.hammadi.imp4650@mail.example,+971 55 537 8944,51 Street 2,Abu Dhabi,United Arab Emirates
Ahmed Ibrahim Mathew,ahmed.mathew.imp4651@mail.example,+971 56 770 6260,118 Street 6,Sharjah,United Arab Emirates
Anil Arjun Hussain,anil.hussain.imp4652@mail.example,+971 54 631 2168,81 Street 30,Mumbai,India
Hamad Karim Farouk,hamad.farouk.imp4653@mail.example,+971 55 345 2851,90 Street 35,Sharjah,United Arab Emirates
Blue Wave Aluminium LLC 4654,accounts4654@import-blue.example,+971 2 591 2764,52 Street 39,Abu Dhabi,United Arab Emirates
Abdullah Rashid Reyes,abdullah.reyes.imp4655@mail.example,+971 54 807 3971,65 Street 13,Sharjah,United Arab Emirates
Sultan Rashid Awad,sultan.awad.imp4656@mail.example,+971 58 457 1556,24 Street 27,Ras al-Khaimah,United Arab Emirates
Rashid Aisha Reyes,rashid.reyes.imp4657@mail.example,+971 50 475 1311,6 Street 30,Dubai,United Arab Emirates
Dana Sultan Ivanova,dana.ivanova.imp4658@mail.example,+971 55 240 7626,13 Street 14,Mumbai,India
Maitha Amal Al Marri,maitha.al.marri.imp4659@mail.example,+971 58 431 8279,93 Street 22,Riyadh,Saudi Arabia
Horizon Logistics FZE 4660,accounts4660@import-horizon.example,+971 4 802 2290,77 Street 31,Sharjah,United Arab Emirates
Al Bayan Cables FZCO 4661,accounts4661@import-al.example,+971 9 466 5235,69 Street 34,Fujairah,United Arab Emirates
Maria Hamdan Nasr,maria.nasr.imp4662@mail.example,+971 58 585 0672,52 Street 31,Fujairah,United Arab Emirates
Oasis Paper Products Industries LLC 4663,accounts4663@import-oasis.example,+971 4 692 1587,115 Street 15,Fujairah,United Arab Emirates
Zayed Reem Al Hammadi,zayed.al.hammadi.imp4664@mail.example,+971 58 456 2734,33 Street 14,Fujairah,United Arab Emirates
Crescent Auto Spare Parts Co. 4665,accounts4665@import-crescent.example,+971 3 544 6288,16 Street 4,Ras al-Khaimah,United Arab Emirates
Joseph Rahul Al Muhairi,joseph.al.muhairi.imp4666@mail.example,+971 50 759 0766,65 Street 1,Sharjah,United Arab Emirates
Prime Chemicals Co. 4667,accounts4667@import-prime.example,+971 2 823 2608,120 Street 2,Ras al-Khaimah,United Arab Emirates
Al Wasl Trading Co. 4668,accounts4668@import-al.example,+971 6 600 7461,46 Street 27,Abu Dhabi,United Arab Emirates
John Hamad Kowalski,john.kowalski.imp4669@mail.example,+971 56 180 2335,74 Street 12,Umm al-Quwain,United Arab Emirates
Dana Mona Santos,dana.santos.imp4670@mail.example,+971 52 401 1452,95 Street 39,Ras al-Khaimah,United Arab Emirates
Al Noor Aluminium Est. 4671,accounts4671@import-al.example,+971 6 542 5272,8 Street 15,Jeddah,Saudi Arabia
Desert Foodstuff Est. 4672,accounts4672@import-desert.example,+971 9 453 3304,61 Street 11,Sharjah,United Arab Emirates
Al Wasl Building Materials LLC 4673,accounts4673@import-al.example,+971 2 815 8227,29 Street 16,Sharjah,United Arab Emirates
Hamad Sara Wang,hamad.wang.imp4674@mail.example,+971 52 931 5806,8 Street 22,Fujairah,United Arab Emirates
Yousef Priya Al Ketbi,yousef.al.ketbi.imp4675@mail.example,+971 52 215 8586,31 Street 6,Muscat,Oman
Zenith Paints FZCO 4676,accounts4676@import-zenith.example,+971 4 787 0684,61 Street 17,Chennai,India
Falcon Auto Spare Parts Est. 4677,accounts4677@import-falcon.example,+971 4 712 7239,15 Street 30,Sharjah,United Arab Emirates
Al Fajr Foodstuff Industries LLC 4678,accounts4678@import-al.example,+971 2 424 6715,40 Street 11,Dubai,United Arab Emirates
Atlas General Trading Est. 4679,accounts4679@import-atlas.example,+971 9 232 3205,20 Street 13,Sharjah,United Arab Emirates
Maitha Tariq Thomas,maitha.thomas.imp4680@mail.example,+971 55 804 2521,46 Street 8,Sharjah,United Arab Emirates
Blue Wave Furniture LLC 4681,accounts4681@import-blue.example,+971 6 265 2445,50 Street 38,Ajman,United Arab Emirates
Aisha Rashid Haddad,aisha.haddad.imp4682@mail.example,+971 55 833 8782,113 Street 35,Ras al-Khaimah,United Arab Emirates
Yousef Bilal Gupta,yousef.gupta.imp4683@mail.example,+971 58 595 4627,69 Street 9,Umm al-Quwain,United Arab Emirates
Imran Bilal Al Suwaidi,imran.al.suwaidi.imp4684@mail.example,+971 56 726 8935,103 Street 12,Jeddah,Saudi Arabia
Fatima Joseph Al Ameri,fatima.al.ameri.imp4685@mail.example,+971 58 102 7371,37 Street 29,Salalah,Oman
Ali Fahad Farouk,ali.farouk.imp4686@mail.example,+971 58 388 0237,29 Street 12,Abu Dhabi,United Arab Emirates
Joseph Sara Chen,joseph.chen.imp4687@mail.example,+971 58 263 8569,40 Street 18,Fujairah,United Arab Emirates
Blue Wave Furniture Co. 4688,accounts4688@import-blue.example,+971 6 367 3203,25 Street 39,Fujairah,United Arab Emirates
Maitha Rashid Al Muhairi,maitha.al.muhairi.imp4689@mail.example,+971 56 903 3422,37 Street 15,Jeddah,Saudi Arabia
Nadia Omar Dsouza,nadia.dsouza.imp4690@mail.example,+971 58 280 8770,1 Street 18,Ras al-Khaimah,United Arab Emirates
Mansour Hind Saleh,mansour.saleh.imp4691@mail.example,+971 54 144 0480,30 Street 32,Ras al-Khaimah,United Arab Emirates
Waleed Saeed Fernandes,waleed.fernandes.imp4692@mail.example,+971 58 665 5527,9 Street 17,Umm al-Quwain,United Arab Emirates
Samir Shamma Obaid,samir.obaid.imp4693@mail.example,+971 56 416 5307,41 Street 20,Abu Dhabi,United Arab Emirates
John Ahmed Hussain,john.hussain.imp4694@mail.example,+971 58 353 7396,81 Street 9,Abu Dhabi,United Arab Emirates
Golden Trading FZCO 4695,accounts4695@import-golden.example,+971 7 509 3699,63 Street 13,Ras al-Khaimah,United Arab Emirates
Amal Shamma Al Kaabi,amal.al.kaabi.imp4696@mail.example,+971 56 759 2262,1 Street 39,Jeddah,Saudi Arabia
Elena Joseph Nasr,elena.nasr.imp4697@mail.example,+971 52 121 4277,43 Street 2,Jeddah,Saudi Arabia
Maria Nasser Qureshi,maria.qureshi.imp4698@mail.example,+971 52 708 5650,70 Street 22,Ras al-Khaimah,United Arab Emirates
Coral Glass LLC 4699,accounts4699@import-coral.example,+971 2 609 2057,9 Street 7,Ras al-Khaimah,United Arab Emirates
Aisha Shamma Khan,aisha.khan.imp4700@mail.example,+971 55 429 1480,32 Street 17,Ras al-Khaimah,United Arab Emirates
Mansour Ibrahim Al Romaithi,mansour.al.romaithi.imp4701@mail.example,+971 55 281 9739,112 Street 37,Sharjah,United Arab Emirates
Amal Layla Haddad,amal.haddad.imp4702@mail.example,+971 50 404 6653,81 Street 9,Dubai,United Arab Emirates
Al Wasl Furniture FZCO 4703,accounts4703@import-al.example,+971 6 330 9341,22 Street 28,Riyadh,Saudi Arabia
Mohammed Ali Reyes,mohammed.reyes.imp4704@mail.example,+971 52 151 2817,40 Street 4,Sharjah,United Arab Emirates
Faisal Layla George,faisal.george.imp4705@mail.example,+971 50 888 4572,110 Street 15,Umm al-Quwain,United Arab Emirates
Hamdan Sanjay Siddiqui,hamdan.siddiqui.imp4706@mail.example,+971 55 295 8642,81 Street 35,Abu Dhabi,United Arab Emirates
Cedar Logistics LLC 4707,accounts4707@import-cedar.example,+971 4 582 1012,53 Street 10,Ras al-Khaimah,United Arab Emirates
Arjun Maria Al Suwaidi,arjun.al.suwaidi.imp4708@mail.example,+971 55 477 3602,44 Street 1,Ras al-Khaimah,United Arab Emirates
Abdullah Anil Al Qasimi,abdullah.al.qasimi.imp4709@mail.example,+971 58 144 8088,76 Street 21,Fujairah,United Arab Emirates
Cedar Marine Supplies FZE 4710,accounts4710@import-cedar.example,+971 4 891 5951,32 Street 16,Umm al-Quwain,United Arab Emirates
Salem Majid Kowalski,salem.kowalski.imp4711@mail.example,+971 54 872 1356,110 Street 27,Ajman,United Arab Emirates
Lotus Cables LLC 4712,accounts4712@import-lotus.example,+971 4 763 0331,30 Street 26,Dubai,United Arab Emirates
Noura Samir Al Ameri,noura.al.ameri.imp4713@mail.example,+971 50 250 0275,120 Street 19,Dubai,United Arab Emirates
Asma Sultan Haddad,asma.haddad.imp4714@mail.example,+971 58 789 8448,107 Street 28,Muscat,Oman
Hamdan Dana Reyes,hamdan.reyes.imp4715@mail.example,+971 52 255 7493,12 Street 36,London,United Kingdom
Ali Hind Aziz,ali.aziz.imp4716@mail.example,+971 55 705 6123,22 Street 33,Ajman,United Arab Emirates
Royal Aluminium Co. 4717,accounts4717@import-royal.example,+971 6 360 5439,89 Street 17,Umm al-Quwain,United Arab Emirates
Falcon Paints LLC 4718,accounts4718@import-falcon.example,+971 3 728 0524,40 Street 14,Ras al-Khaimah,United Arab Emirates
Marina Logistics FZCO 4719,accounts4719@import-marina.example,+971 6 563 2781,48 Street 29,Ajman,United Arab Emirates
Faisal Salem Al Mansouri,faisal.al.mansouri.imp4720@mail.example,+971 50 375 9004,104 Street 18,Fujairah,United Arab Emirates
Al Bayan Auto Spare Parts Co. 4721,accounts4721@import-al.example,+971 7 354 6576,64 Street 34,Ras al-Khaimah,United Arab Emirates
Unity Paper Products Co. 4722,accounts4722@import-unity.example,+971 2 296 5187,115 Street 29,Abu Dhabi,United Arab Emirates
Marina Marine Supplies FZE 4723,accounts4723@import-marina.example,+971 7 727 1149,100 Street 34,Ras al-Khaimah,United Arab Emirates
Saeed Omar Al Mansouri,saeed.al.mansouri.imp4724@mail.example,+971 58 734 0000,13 Street 30,Ajman,United Arab Emirates
Fahad Tariq Al Mazrouei,fahad.al.mazrouei.imp4725@mail.example,+971 55 694 0703,37 Street 9,Abu Dhabi,United Arab Emirates
Zenith Cables Co. 4726,accounts4726@import-zenith.example,+971 7 818 7117,28 Street 37,Sharjah,United Arab Emirates
Bilal Peter Hussain,bilal.hussain.imp4727@mail.example,+971 50 698 3010,98 Street 29,Fujairah,United Arab Emirates
Pearl Electronics FZE 4728,accounts4728@import-pearl.example,+971 3 485 3090,61 Street 31,Umm al-Quwain,United Arab Emirates
Blue Wave Paints FZE 4729,accounts4729@import-blue.example,+971 9 758 6141,19 Street 17,Fujairah,United Arab Emirates
Al Bayan Medical Supplies Est. 4730,accounts4730@import-al.example,+971 3 511 0023,31 Street 29,Ras al-Khaimah,United Arab Emirates
Saeed John Reyes,saeed.reyes.imp4731@mail.example,+971 58 197 7996,98 Street 6,Sharjah,United Arab Emirates
Dana Imran Wang,dana.wang.imp4732@mail.example,+971 55 966 3654,46 Street 28,Ajman,United Arab Emirates
Desert Paints FZE 4733,accounts4733@import-desert.example,+971 3 508 4831,62 Street 11,Fujairah,United Arab Emirates
Pearl Foodstuff LLC 4734,accounts4734@import-pearl.example,+971 4 798 3436,69 Street 25,Dubai,United Arab Emirates
Asma Majid Al Shamsi,asma.al.shamsi.imp4735@mail.example,+971 56 557 1272,109 Street 5,Umm al-Quwain,United Arab Emirates
Oasis Cables Industries LLC 4736,accounts4736@import-oasis.example,+971 7 772 7378,28 Street 35,Shenzhen,China
Saeed Wei Wang,saeed.wang.imp4737@mail.example,+971 52 937 3108,28 Street 5,Fujairah,United Arab Emirates
Faisal Faisal Al Qasimi,faisal.al.qasimi.imp4738@mail.example,+971 56 610 9041,11 Street 11,Dubai,United Arab Emirates
Atlas Aluminium FZE 4739,accounts4739@import-atlas.example,+971 2 435 3792,18 Street 12,Abu Dhabi,United Arab Emirates
Daniel Nasser Al Hashimi,daniel.al.hashimi.imp4740@mail.example,+971 52 689 2363,41 Street 29,Fujairah,United Arab Emirates
Ahmed Asma Pillai,ahmed.pillai.imp4741@mail.example,+971 50 669 9628,19 Street 22,Sharjah,United Arab Emirates
Desert Logistics LLC 4742,accounts4742@import-desert.example,+971 3 799 8402,90 Street 6,London,United Kingdom
Sanjay Sanjay Khoury,sanjay.khoury.imp4743@mail.example,+971 52 571 8597,19 Street 31,Ajman,United Arab Emirates
Latifa Waleed Fernandes,latifa.fernandes.imp4744@mail.example,+971 58 414 4651,31 Street 34,Ajman,United Arab Emirates
Maria Rahul Al Mansouri,maria.al.mansouri.imp4745@mail.example,+971 54 359 1172,47 Street 34,Yiwu,China
Rashid Latifa Al Kaabi,rashid.al.kaabi.imp4746@mail.example,+971 58 852 1534,118 Street 6,Ajman,United Arab Emirates
Rahul Imran Al Ameri,rahul.al.ameri.imp4747@mail.example,+971 50 197 6197,80 Street 22,Mumbai,India
Huda Bilal Wang,huda.wang.imp4748@mail.example,+971 56 237 2468,80 Street 28,Ras al-Khaimah,United Arab Emirates
Layla Tariq Darwish,layla.darwish.imp4749@mail.example,+971 54 379 0019,107 Street 24,Ras al-Khaimah,United Arab Emirates
Al Noor Trading Co. 4750,accounts4750@import-al.example,+971 9 407 1550,107 Street 37,Umm al-Quwain,United Arab Emirates
Emirates Trading Est. 4751,accounts4751@import-emirates.example,+971 3 339 3345,4 Street 2,Shenzhen,China
Desert Paints Industries LLC 4752,accounts4752@import-desert.example,+971 6 631 4341,12 Street 40,Fujairah,United Arab Emirates
Samir Khalid Reyes,samir.reyes.imp4753@mail.example,+971 50 621 3466,83 Street 10,Sharjah,United Arab Emirates
Mohammed Aisha Darwish,mohammed.darwish.imp4754@mail.example,+971 56 729 5018,23 Street 21,Ras al-Khaimah,United Arab Emirates
Hamdan Ravi Al Qasimi,hamdan.al.qasimi.imp4755@mail.example,+971 56 483 1967,108 Street 34,Abu Dhabi,United Arab Emirates
Unity Electronics Est. 4756,accounts4756@import-unity.example,+971 6 573 3766,19 Street 15,Ajman,United Arab Emirates
Wei Saeed Haddad,wei.haddad.imp4757@mail.example,+971 54 241 7688,52 Street 27,Abu Dhabi,United Arab Emirates
Star Marine Supplies Industries LLC 4758,accounts4758@import-star.example,+971 7 547 5058,66 Street 14,Dubai,United Arab Emirates
Crescent Paper Products LLC 4759,accounts4759@import-crescent.example,+971 2 367 9021,23 Street 15,Umm al-Quwain,United Arab Emirates
Huda Fahad Chen,huda.chen.imp4760@mail.example,+971 58 632 8974,83 Street 1,Sharjah,United Arab Emirates
Hamad Ahmed Farouk,hamad.farouk.imp4761@mail.example,+971 58 135 7838,43 Street 2,Sohar,Oman
Bilal Saeed Reyes,bilal.reyes.imp4762@mail.example,+971 56 778 4601,54 Street 31,Fujairah,United Arab Emirates
Pearl Packaging Industries LLC 4763,accounts4763@import-pearl.example,+971 9 364 9150,41 Street 12,Dubai,United Arab Emirates
Atlas Aluminium Co. 4764,accounts4764@import-atlas.example,+971 7 536 5790,112 Street 18,Ras al-Khaimah,United Arab Emirates
Majid Latifa Nair,majid.nair.imp4765@mail.example,+971 56 331 5282,85 Street 7,Yiwu,China
Maria Peter Khoury,maria.khoury.imp4766@mail.example,+971 56 411 1119,28 Street 31,Umm al-Quwain,United Arab Emirates
Lotus Paper Products LLC 4767,accounts4767@import-lotus.example,+971 4 471 1659,42 Street 14,Fujairah,United Arab Emirates
Faisal Anil Ivanova,faisal.ivanova.imp4768@mail.example,+971 54 724 7925,55 Street 34,Ajman,United Arab Emirates
Arjun Reem Karam,arjun.karam.imp4769@mail.example,+971 55 245 9907,68 Street 34,Abu Dhabi,United Arab Emirates
Pearl Paper Products FZE 4770,accounts4770@import-pearl.example,+971 6 308 4723,30 Street 39,Dubai,United Arab Emirates
Nadia Majid Farouk,nadia.farouk.imp4771@mail.example,+971 50 763 0505,116 Street 17,Sharjah,United Arab Emirates
Palm Logistics Co. 4772,accounts4772@import-palm.example,+971 3 425 2898,39 Street 20,Ras al-Khaimah,United Arab Emirates
Huda Grace Al Nuaimi,huda.al.nuaimi.imp4773@mail.example,+971 52 852 8078,10 Street 10,Umm al-Quwain,United Arab Emirates
Marina Marine Supplies FZCO 4774,accounts4774@import-marina.example,+971 6 632 3768,106 Street 5,Umm al-Quwain,United Arab Emirates
Grace Aisha Al Qasimi,grace.al.qasimi.imp4775@mail.example,+971 55 637 1584,41 Street 33,Ajman,United Arab Emirates
Arjun Bilal Jaber,arjun.jaber.imp4776@mail.example,+971 58 865 4548,101 Street 18,Dubai,United Arab Emirates
Palm Cables FZCO 4777,accounts4777@import-palm.example,+971 2 807 0157,60 Street 12,Dubai,United Arab Emirates
Priya Majid Al Hashimi,priya.al.hashimi.imp4778@mail.example,+971 50 853 0377,19 Street 25,Shenzhen,China
Saeed Joseph Mahmoud,saeed.mahmoud.imp4779@mail.example,+971 55 421 0697,42 Street 14,Riyadh,Saudi Arabia
John Rashid Rahman,john.rahman.imp4780@mail.example,+971 56 963 9244,107 Street 2,Fujairah,United Arab Emirates
Tariq Dana Chen,tariq.chen.imp4781@mail.example,+971 52 758 0267,104 Street 38,Sharjah,United Arab Emirates
Silver Steel Industries FZE 4782,accounts4782@import-silver.example,+971 9 409 6111,95 Street 12,Ajman,United Arab Emirates
Crescent Building Materials FZCO 4783,accounts4783@import-crescent.example,+971 6 804 8507,3 Street 24,Dubai,United Arab Emirates
Gulf Paints Co. 4784,accounts4784@import-gulf.example,+971 7 515 5277,32 Street 40,Umm al-Quwain,United Arab Emirates
Al Fajr Cables Co. 4785,accounts4785@import-al.example,+971 9 311 8292,22 Street 19,Riyadh,Saudi Arabia
Mohammed Ali Reyes,mohammed.reyes.imp4786@mail.example,+971 50 778 2076,81 Street 27,Sharjah,United Arab Emirates
Emirates Textiles Est. 4787,accounts4787@import-emirates.example,+971 7 668 8245,99 Street 39,Fujairah,United Arab Emirates
Falcon Steel Industries FZCO 4788,accounts4788@import-falcon.example,+971 2 643 1001,102 Street 26,Dubai,United Arab Emirates
Hassan Asma Kowalski,hassan.kowalski.imp4789@mail.example,+971 58 258 3336,82 Street 37,Sharjah,United Arab Emirates
Khalid Nasser Al Shamsi,khalid.al.shamsi.imp4790@mail.example,+971 50 203 7957,58 Street 24,Ajman,United Arab Emirates
Tariq Reem Al Dhaheri,tariq.al.dhaheri.imp4791@mail.example,+971 56 721 1462,57 Street 10,Dubai,United Arab Emirates
Rashid Anil Al Hashimi,rashid.al.hashimi.imp4792@mail.example,+971 52 266 6199,103 Street 31,Dubai,United Arab Emirates
Hamdan Joseph Al Nuaimi,hamdan.al.nuaimi.imp4793@mail.example,+971 50 556 2159,102 Street 35,Salalah,Oman
Nadia Mariam Al Dhaheri,nadia.al.dhaheri.imp4794@mail.example,+971 54 647 0005,74 Street 40,Umm al-Quwain,United Arab Emirates
Arjun Ahmed Wang,arjun.wang.imp4795@mail.example,+971 58 774 7980,8 Street 15,Abu Dhabi,United Arab Emirates
Karim Reem Al Kaabi,karim.al.kaabi.imp4796@mail.example,+971 58 551 6281,15 Street 10,Ras al-Khaimah,United Arab Emirates
Rania Khalid Liu,rania.liu.imp4797@mail.example,+971 54 729 5412,11 Street 40,Abu Dhabi,United Arab Emirates
Salem Huda Smith,salem.smith.imp4798@mail.example,+971 55 377 1291,64 Street 28,Mumbai,India
Huda Joseph Al Ketbi,huda.al.ketbi.imp4799@mail.example,+971 56 340 5952,32 Street 11,Fujairah,United Arab Emirates
Sky General Trading Industries LLC 4800,accounts4800@import-sky.example,+971 2 255 0396,17 Street 24,Umm al-Quwain,United Arab Emirates
Gulf Aluminium Industries LLC 4801,accounts4801@import-gulf.example,+971 6 445 8886,51 Street 3,Abu Dhabi,United Arab Emirates
Hamdan Saeed Mansour,hamdan.mansour.imp4802@mail.example,+971 55 445 1201,106 Street 10,Shenzhen,China
Gulf Chemicals Co. 4803,accounts4803@import-gulf.example,+971 4 407 4470,111 Street 35,Ras al-Khaimah,United Arab Emirates
Rania Anil Qureshi,rania.qureshi.imp4804@mail.example,+971 55 342 9444,40 Street 38,Fujairah,United Arab Emirates
Omar Salem Al Zaabi,omar.al.zaabi.imp4805@mail.example,+971 58 416 2641,73 Street 25,Ras al-Khaimah,United Arab Emirates
Cedar Building Materials Co. 4806,accounts4806@import-cedar.example,+971 7 754 1363,59 Street 11,Sharjah,United Arab Emirates
Al Noor Electronics FZE 4807,accounts4807@import-al.example,+971 4 486 3117,87 Street 1,Ajman,United Arab Emirates
Rashid Layla Dsouza,rashid.dsouza.imp4808@mail.example,+971 52 636 2220,96 Street 2,Muscat,Oman
Lotus Auto Spare Parts FZCO 4809,accounts4809@import-lotus.example,+971 9 507 4179,106 Street 20,Fujairah,United Arab Emirates
Nadia Joseph Al Kaabi,nadia.al.kaabi.imp4810@mail.example,+971 54 982 9118,40 Street 13,Umm al-Quwain,United Arab Emirates
Royal Chemicals Industries LLC 4811,accounts4811@import-royal.example,+971 2 397 3987,8 Street 8,Sharjah,United Arab Emirates
Ahmed Abdullah Rahman,ahmed.rahman.imp4812@mail.example,+971 58 317 6587,109 Street 8,Chennai,India
Faisal Peter Al Dhaheri,faisal.al.dhaheri.imp4813@mail.example,+971 56 967 9325,92 Street 16,Ajman,United Arab Emirates
Ravi Reem George,ravi.george.imp4814@mail.example,+971 56 321 8505,36 Street 30,Sharjah,United Arab Emirates
Joseph Mohammed Mahmoud,joseph.mahmoud.imp4815@mail.example,+971 52 346 8614,43 Street 38,Fujairah,United Arab Emirates
Falcon Auto Spare Parts FZE 4816,accounts4816@import-falcon.example,+971 6 507 4188,78 Street 23,Fujairah,United Arab Emirates
Amal Huda Al Ameri,amal.al.ameri.imp4817@mail.example,+971 54 791 2565,82 Street 19,Sharjah,United Arab Emirates
Anil Karim Farouk,anil.farouk.imp4818@mail.example,+971 55 950 4623,15 Street 38,Dammam,Saudi Arabia
Oasis Cables FZCO 4819,accounts4819@import-oasis.example,+971 7 830 3272,90 Street 8,Ras al-Khaimah,United Arab Emirates
Tariq Noura Liu,tariq.liu.imp4820@mail.example,+971 54 896 4667,10 Street 17,Umm al-Quwain,United Arab Emirates
Saeed Aisha Al Zaabi,saeed.al.zaabi.imp4821@mail.example,+971 54 301 4194,69 Street 35,London,United Kingdom
Rahul Nasser Thomas,rahul.thomas.imp4822@mail.example,+971 52 744 2948,21 Street 30,Abu Dhabi,United Arab Emirates
Majid Mariam Obaid,majid.obaid.imp4823@mail.example,+971 55 748 4679,61 Street 39,Sharjah,United Arab Emirates
Al Wasl Marine Supplies Industries LLC 4824,accounts4824@import-al.example,+971 6 713 7366,20 Street 3,Umm al-Quwain,United Arab Emirates
Gulf General Trading FZE 4825,accounts4825@import-gulf.example,+971 7 776 5155,54 Street 18,Ajman,United Arab Emirates
Mohammed Daniel Aziz,mohammed.aziz.imp4826@mail.example,+971 55 689 7462,108 Street 36,Ras al-Khaimah,United Arab Emirates
Wei Ravi Santos,wei.santos.imp4827@mail.example,+971 58 254 9169,48 Street 16,Chennai,India
Noura Arjun Obaid,noura.obaid.imp4828@mail.example,+971 52 157 9278,103 Street 25,Umm al-Quwain,United Arab Emirates
Asma Priya Al Mansouri,asma.al.mansouri.imp4829@mail.example,+971 50 964 0094,52 Street 33,Abu Dhabi,United Arab Emirates
Unity Logistics LLC 4830,accounts4830@import-unity.example,+971 9 708 6312,28 Street 23,Fujairah,United Arab Emirates
Emirates Auto Spare Parts FZCO 4831,accounts4831@import-emirates.example,+971 3 326 1435,7 Street 10,Yiwu,China
Amal Imran Patel,amal.patel.imp4832@mail.example,+971 56 716 3232,94 Street 24,Manchester,United Kingdom
Yousef Abdullah Wang,yousef.wang.imp4833@mail.example,+971 54 734 9172,1 Street 25,Ajman,United Arab Emirates
Maria Imran Al Hammadi,maria.al.hammadi.imp4834@mail.example,+971 55 601 1053,43 Street 31,Ajman,United Arab Emirates
Ahmed Faisal Al Suwaidi,ahmed.al.suwaidi.imp4835@mail.example,+971 58 746 2606,90 Street 32,Ras al-Khaimah,United Arab Emirates
Maria Abdullah Khoury,maria.khoury.imp4836@mail.example,+971 54 431 7978,51 Street 33,Dammam,Saudi Arabia
Omar Latifa Khoury,omar.khoury.imp4837@mail.example,+971 55 422 6049,41 Street 18,Dubai,United Arab Emirates
Priya Salem Al Mansouri,priya.al.mansouri.imp4838@mail.example,+971 55 227 4912,105 Street 24,Fujairah,United Arab Emirates
Al Fajr Cables Est. 4839,accounts4839@import-al.example,+971 4 379 1664,40 Street 7,Fujairah,United Arab Emirates
Al Fajr Auto Spare Parts FZE 4840,accounts4840@import-al.example,+971 3 751 2946,9 Street 22,Ajman,United Arab Emirates
Zayed Latifa Siddiqui,zayed.siddiqui.imp4841@mail.example,+971 58 436 2983,23 Street 29,Ras al-Khaimah,United Arab Emirates
Palm Auto Spare Parts Co. 4842,accounts4842@import-palm.example,+971 3 561 0127,69 Street 5,Riyadh,Saudi Arabia
Hamad Ahmed Reyes,hamad.reyes.imp4843@mail.example,+971 56 219 3585,63 Street 26,Sharjah,United Arab Emirates
Hamad Karim Khan,hamad.khan.imp4844@mail.example,+971 55 900 8706,102 Street 36,Abu Dhabi,United Arab Emirates
Salem Grace Mathew,salem.mathew.imp4845@mail.example,+971 55 419 1433,5 Street 16,Ajman,United Arab Emirates
Star Foodstuff Co. 4846,accounts4846@import-star.example,+971 3 837 7952,84 Street 7,Dubai,United Arab Emirates
Lotus Paints Industries LLC 4847,accounts4847@import-lotus.example,+971 3 699 7721,40 Street 20,Ajman,United Arab Emirates
Marina Electronics FZCO 4848,accounts4848@import-marina.example,+971 4 401 4909,88 Street 35,Ras al-Khaimah,United Arab Emirates
Grace Sanjay Al Hammadi,grace.al.hammadi.imp4849@mail.example,+971 50 657 5718,26 Street 17,Sohar,Oman
Desert Chemicals FZE 4850,accounts4850@import-desert.example,+971 4 764 7122,95 Street 5,Fujairah,United Arab Emirates
Karim Ahmed Al Hashimi,karim.al.hashimi.imp4851@mail.example,+971 55 775 2443,58 Street 21,Dubai,United Arab Emirates
Dana Fatima Al Dhaheri,dana.al.dhaheri.imp4852@mail.example,+971 54 546 6080,29 Street 5,Sharjah,United Arab Emirates
Sanjay Samir Haddad,sanjay.haddad.imp4853@mail.example,+971 55 627 6665,26 Street 6,Umm al-Quwain,United Arab Emirates
Nadia Anna Ivanova,nadia.ivanova.imp4854@mail.example,+971 54 906 4980,15 Street 4,Sharjah,United Arab Emirates
Anil Zayed Al Nuaimi,anil.al.nuaimi.imp4855@mail.example,+971 52 772 0873,74 Street 24,Sharjah,United Arab Emirates
Mariam Shamma Aziz,mariam.aziz.imp4856@mail.example,+971 55 766 6268,49 Street 2,Ras al-Khaimah,United Arab Emirates
Joseph Omar Al Dhaheri,joseph.al.dhaheri.imp4857@mail.example,+971 54 474 1989,104 Street 6,Muscat,Oman
Rashid Saeed Darwish,rashid.darwish.imp4858@mail.example,+971 56 890 6400,95 Street 32,Sharjah,United Arab Emirates
Salem Grace Siddiqui,salem.siddiqui.imp4859@mail.example,+971 52 673 5020,33 Street 9,Dubai,United Arab Emirates
Al Safa Logistics Industries LLC 4860,accounts4860@import-al.example,+971 6 291 4667,1 Street 13,Fujairah,United Arab Emirates
Sky Packaging LLC 4861,accounts4861@import-sky.example,+971 7 332 7000,114 Street 30,Umm al-Quwain,United Arab Emirates
Mansour Nasser Al Zaabi,mansour.al.zaabi.imp4862@mail.example,+971 52 373 9027,108 Street 4,Jeddah,Saudi Arabia
Prime Electronics FZCO 4863,accounts4863@import-prime.example,+971 6 605 9161,84 Street 6,Umm al-Quwain,United Arab Emirates
Rania Saeed Al Mazrouei,rania.al.mazrouei.imp4864@mail.example,+971 50 859 2739,55 Street 1,Fujairah,United Arab Emirates
Mariam Hind Darwish,mariam.darwish.imp4865@mail.example,+971 52 574 6230,29 Street 2,Abu Dhabi,United Arab Emirates
Rahul Dana Yassin,rahul.yassin.imp4866@mail.example,+971 55 845 1366,35 Street 23,Ajman,United Arab Emirates
Nasser Hind Haddad,nasser.haddad.imp4867@mail.example,+971 50 316 6634,98 Street 14,Sharjah,United Arab Emirates
Sky Furniture LLC 4868,accounts4868@import-sky.example,+971 9 237 1271,105 Street 29,Umm al-Quwain,United Arab Emirates
Omar Hamdan Pillai,omar.pillai.imp4869@mail.example,+971 50 530 0442,56 Street 24,Dubai,United Arab Emirates
Khalid Mohammed Chen,khalid.chen.imp4870@mail.example,+971 50 224 1399,60 Street 40,Fujairah,United Arab Emirates
Yousef Wei Al Dhaheri,yousef.al.dhaheri.imp4871@mail.example,+971 50 913 0172,22 Street 17,Shanghai,China
Anil Joseph Al Nuaimi,anil.al.nuaimi.imp4872@mail.example,+971 58 599 7904,49 Street 4,Sharjah,United Arab Emirates
Waleed Mansour Thomas,waleed.thomas.imp4873@mail.example,+971 52 734 5122,49 Street 21,Salalah,Oman
Fahad Abdullah Novak,fahad.novak.imp4874@mail.example,+971 56 897 9584,118 Street 13,Dubai,United Arab Emirates
Cedar Foodstuff LLC 4875,accounts4875@import-cedar.example,+971 3 200 4546,76 Street 35,Abu Dhabi,United Arab Emirates
Emirates Chemicals Industries LLC 4876,accounts4876@import-emirates.example,+971 3 533 1953,94 Street 9,Ras al-Khaimah,United Arab Emirates
Elena Ibrahim Al Shamsi,elena.al.shamsi.imp4877@mail.example,+971 55 496 1901,47 Street 36,Ajman,United Arab Emirates
Summit Auto Spare Parts FZE 4878,accounts4878@import-summit.example,+971 2 457 7912,14 Street 29,Dammam,Saudi Arabia
Unity Paper Products FZE 4879,accounts4879@import-unity.example,+971 7 805 5504,91 Street 31,Shanghai,China
Marina Auto Spare Parts Industries LLC 4880,accounts4880@import-marina.example,+971 7 352 2626,12 Street 36,Umm al-Quwain,United Arab Emirates
Zayed Samir Al Zaabi,zayed.al.zaabi.imp4881@mail.example,+971 54 274 5607,97 Street 22,Dubai,United Arab Emirates
Blue Wave Paints FZCO 4882,accounts4882@import-blue.example,+971 7 816 0057,49 Street 27,Abu Dhabi,United Arab Emirates
Hassan Faisal Habib,hassan.habib.imp4883@mail.example,+971 56 660 9485,48 Street 4,Umm al-Quwain,United Arab Emirates
Majid Layla Al Muhairi,majid.al.muhairi.imp4884@mail.example,+971 52 950 8621,60 Street 6,Sohar,Oman
Nadia Amal Karam,nadia.karam.imp4885@mail.example,+971 56 352 6596,26 Street 17,Ras al-Khaimah,United Arab Emirates
Desert Plastics FZCO 4886,accounts4886@import-desert.example,+971 6 467 1770,76 Street 18,Chennai,India
Rahul Mariam Obaid,rahul.obaid.imp4887@mail.example,+971 56 950 0969,113 Street 8,Sharjah,United Arab Emirates
Al Fajr Steel Industries Co. 4888,accounts4888@import-al.example,+971 2 469 4425,86 Street 31,Ras al-Khaimah,United Arab Emirates
Nadia Mohammed Chen,nadia.chen.imp4889@mail.example,+971 58 552 8406,77 Street 40,Ajman,United Arab Emirates
Cedar Trading FZE 4890,accounts4890@import-cedar.example,+971 4 611 0580,12 Street 36,Umm al-Quwain,United Arab Emirates
Faisal Grace Rahman,faisal.rahman.imp4891@mail.example,+971 58 350 6310,96 Street 17,Fujairah,United Arab Emirates
Star Medical Supplies LLC 4892,accounts4892@import-star.example,+971 4 267 9826,115 Street 2,Umm al-Quwain,United Arab Emirates
Sky Building Materials FZE 4893,accounts4893@import-sky.example,+971 7 511 1008,96 Street 39,Fujairah,United Arab Emirates
Oasis Chemicals FZE 4894,accounts4894@import-oasis.example,+971 7 776 1029,51 Street 10,Manchester,United Kingdom
Sky Paints Est. 4895,accounts4895@import-sky.example,+971 9 814 1239,7 Street 26,Ajman,United Arab Emirates
Elena Amal Al Marri,elena.al.marri.imp4896@mail.example,+971 50 376 4138,28 Street 34,Abu Dhabi,United Arab Emirates
Golden Trading Co. 4897,accounts4897@import-golden.example,+971 9 505 2585,105 Street 35,Ras al-Khaimah,United Arab Emirates
Ibrahim Anna Al Blooshi,ibrahim.al.blooshi.imp4898@mail.example,+971 54 145 8935,117 Street 29,Abu Dhabi,United Arab Emirates
Huda Imran Obaid,huda.obaid.imp4899@mail.example,+971 55 687 7064,59 Street 33,Mumbai,India
Mariam Mariam Khoury,mariam.khoury.imp4900@mail.example,+971 56 153 4286,90 Street 15,Abu Dhabi,United Arab Emirates
Saeed Shamma Al Mansouri,saeed.al.mansouri.imp4901@mail.example,+971 55 531 3106,92 Street 38,Ajman,United Arab Emirates
Star Medical Supplies Co. 4902,accounts4902@import-star.example,+971 6 671 3449,120 Street 12,Umm al-Quwain,United Arab Emirates
Latifa Bilal Liu,latifa.liu.imp4903@mail.example,+971 55 585 3517,42 Street 16,Abu Dhabi,United Arab Emirates
Samir Faisal Al Zaabi,samir.al.zaabi.imp4904@mail.example,+971 54 255 1595,85 Street 17,Ras al-Khaimah,United Arab Emirates
Layla Fahad Farouk,layla.farouk.imp4905@mail.example,+971 55 516 0536,106 Street 32,Ajman,United Arab Emirates
Al Bayan Paper Products FZE 4906,accounts4906@import-al.example,+971 7 397 4002,11 Street 30,Ajman,United Arab Emirates
Blue Wave Textiles Est. 4907,accounts4907@import-blue.example,+971 7 417 5619,21 Street 9,Ras al-Khaimah,United Arab Emirates
Aisha Peter Al Dhaheri,aisha.al.dhaheri.imp4908@mail.example,+971 54 548 2687,43 Street 7,Dubai,United Arab Emirates
John Maitha Yassin,john.yassin.imp4909@mail.example,+971 55 217 6346,2 Street 24,Sharjah,United Arab Emirates
Majid Maitha Al Qasimi,majid.al.qasimi.imp4910@mail.example,+971 54 397 8681,8 Street 12,Ajman,United Arab Emirates
Bilal Imran Novak,bilal.novak.imp4911@mail.example,+971 50 756 6072,76 Street 28,Umm al-Quwain,United Arab Emirates
Falcon Packaging LLC 4912,accounts4912@import-falcon.example,+971 6 487 8832,69 Street 15,Ajman,United Arab Emirates
Abdullah Hamad Hussain,abdullah.hussain.imp4913@mail.example,+971 52 710 0837,111 Street 24,Fujairah,United Arab Emirates
Silver Steel Industries Co. 4914,accounts4914@import-silver.example,+971 3 306 4437,78 Street 20,Umm al-Quwain,United Arab Emirates
Dana Joseph Menon,dana.menon.imp4915@mail.example,+971 50 581 8688,52 Street 11,Umm al-Quwain,United Arab Emirates
Salem Reem Karam,salem.karam.imp4916@mail.example,+971 52 738 8369,2 Street 19,Ras al-Khaimah,United Arab Emirates
Prime Aluminium LLC 4917,accounts4917@import-prime.example,+971 2 892 6616,13 Street 33,Ajman,United Arab Emirates
Atlas Textiles Co. 4918,accounts4918@import-atlas.example,+971 9 635 0612,98 Street 35,Fujairah,United Arab Emirates
Khalid Elena Rahman,khalid.rahman.imp4919@mail.example,+971 55 153 5402,88 Street 31,Ras al-Khaimah,United Arab Emirates
Ravi Wei Chen,ravi.chen.imp4920@mail.example,+971 56 716 4413,55 Street 13,Abu Dhabi,United Arab Emirates
Tariq Waleed Kowalski,tariq.kowalski.imp4921@mail.example,+971 52 491 3334,67 Street 21,Sohar,Oman
Abdullah Imran Al Ameri,abdullah.al.ameri.imp4922@mail.example,+971 56 582 0981,23 Street 37,Ajman,United Arab Emirates
Yousef Grace Mansour,yousef.mansour.imp4923@mail.example,+971 50 478 8168,61 Street 30,Dubai,United Arab Emirates
Dana Khalid Al Shamsi,dana.al.shamsi.imp4924@mail.example,+971 52 979 5551,92 Street 10,Mumbai,India
Sky Glass LLC 4925,accounts4925@import-sky.example,+971 3 317 3459,78 Street 26,Umm al-Quwain,United Arab Emirates
Al Noor Foodstuff Est. 4926,accounts4926@import-al.example,+971 9 527 5141,20 Street 11,Dubai,United Arab Emirates
Mariam Anil Al Suwaidi,mariam.al.suwaidi.imp4927@mail.example,+971 56 891 6917,32 Street 26,Fujairah,United Arab Emirates
Joseph Ravi Fernandes,joseph.fernandes.imp4928@mail.example,+971 58 802 2437,95 Street 40,Ras al-Khaimah,United Arab Emirates
Sara Nasser Smith,sara.smith.imp4929@mail.example,+971 58 835 7645,28 Street 18,Umm al-Quwain,United Arab Emirates
Saeed Anil Al Marri,saeed.al.marri.imp4930@mail.example,+971 50 331 7364,43 Street 7,Ajman,United Arab Emirates
Hind Ravi Chen,hind.chen.imp4931@mail.example,+971 55 826 8312,104 Street 32,Abu Dhabi,United Arab Emirates
Sultan Mariam George,sultan.george.imp4932@mail.example,+971 54 175 9122,39 Street 28,Fujairah,United Arab Emirates
Nadia Waleed Al Qasimi,nadia.al.qasimi.imp4933@mail.example,+971 55 920 7086,11 Street 37,London,United Kingdom
Bilal Ahmed Barakat,bilal.barakat.imp4934@mail.example,+971 54 879 5006,86 Street 20,Ras al-Khaimah,United Arab Emirates
Ibrahim Samir Barakat,ibrahim.barakat.imp4935@mail.example,+971 50 957 5095,74 Street 8,Chennai,India
Omar Noura Saleh,omar.saleh.imp4936@mail.example,+971 50 707 5135,22 Street 33,Abu Dhabi,United Arab Emirates
Daniel Omar Khoury,daniel.khoury.imp4937@mail.example,+971 50 239 9577,40 Street 14,Dubai,United Arab Emirates
Al Bayan General Trading Est. 4938,accounts4938@import-al.example,+971 4 615 0266,47 Street 13,Ajman,United Arab Emirates
Dune Glass LLC 4939,accounts4939@import-dune.example,+971 4 572 5217,1 Street 30,Ras al-Khaimah,United Arab Emirates
Lotus Paints LLC 4940,accounts4940@import-lotus.example,+971 2 482 0574,41 Street 1,London,United Kingdom
Amal Wei Saleh,amal.saleh.imp4941@mail.example,+971 56 843 6536,93 Street 25,Ras al-Khaimah,United Arab Emirates
Al Fajr Chemicals Co. 4942,accounts4942@import-al.example,+971 6 588 7555,106 Street 13,Fujairah,United Arab Emirates
Arjun Anil Aziz,arjun.aziz.imp4943@mail.example,+971 56 959 0549,31 Street 30,Ras al-Khaimah,United Arab Emirates
Priya Mona Al Mazrouei,priya.al.mazrouei.imp4944@mail.example,+971 54 182 6312,84 Street 2,Ajman,United Arab Emirates
Huda Salem Qureshi,huda.qureshi.imp4945@mail.example,+971 58 280 1699,25 Street 27,Ras al-Khaimah,United Arab Emirates
Joseph Anna Al Romaithi,joseph.al.romaithi.imp4946@mail.example,+971 52 613 8743,94 Street 3,Ras al-Khaimah,United Arab Emirates
Palm Packaging Co. 4947,accounts4947@import-palm.example,+971 7 823 4735,34 Street 19,Dubai,United Arab Emirates
Amal Sara Mathew,amal.mathew.imp4948@mail.example,+971 52 600 0938,120 Street 3,Fujairah,United Arab Emirates
Maria Zayed Barakat,maria.barakat.imp4949@mail.example,+971 56 566 3753,95 Street 39,Ajman,United Arab Emirates
Fatima Peter Al Shamsi,fatima.al.shamsi.imp4950@mail.example,+971 56 321 9325,113 Street 24,Fujairah,United Arab Emirates
Yousef Aisha Mathew,yousef.mathew.imp4951@mail.example,+971 50 281 4907,86 Street 18,London,United Kingdom
Reem Ahmed Al Mansouri,reem.al.mansouri.imp4952@mail.example,+971 52 236 0044,23 Street 17,Ajman,United Arab Emirates
Coral Furniture LLC 4953,accounts4953@import-coral.example,+971 9 206 9246,101 Street 6,Ajman,United Arab Emirates
Maria Salem Gupta,maria.gupta.imp4954@mail.example,+971 52 162 3238,31 Street 18,Fujairah,United Arab Emirates
Hamad Daniel Mathew,hamad.mathew.imp4955@mail.example,+971 56 757 4210,58 Street 31,Fujairah,United Arab Emirates
Reem Samir Khoury,reem.khoury.imp4956@mail.example,+971 56 289 2458,12 Street 22,Ajman,United Arab Emirates
Al Noor Packaging FZCO 4957,accounts4957@import-al.example,+971 2 293 2062,88 Street 38,Dubai,United Arab Emirates
Prime Cables FZE 4958,accounts4958@import-prime.example,+971 7 224 5302,61 Street 25,Fujairah,United Arab Emirates
Rashid Imran Farouk,rashid.farouk.imp4959@mail.example,+971 56 225 5480,96 Street 13,Chennai,India
Hassan Priya Hussain,hassan.hussain.imp4960@mail.example,+971 50 605 1507,87 Street 9,Fujairah,United Arab Emirates
Arjun Samir Awad,arjun.awad.imp4961@mail.example,+971 55 382 5507,118 Street 27,Ajman,United Arab Emirates
Ali John Patel,ali.patel.imp4962@mail.example,+971 55 399 9397,7 Street 37,Sharjah,United Arab Emirates
Al Noor Plastics Industries LLC 4963,accounts4963@import-al.example,+971 3 809 8528,44 Street 18,Sohar,Oman
Zayed Waleed Aziz,zayed.aziz.imp4964@mail.example,+971 54 502 3931,3 Street 4,Abu Dhabi,United Arab Emirates
Cedar General Trading Co. 4965,accounts4965@import-cedar.example,+971 2 600 3509,85 Street 1,Abu Dhabi,United Arab Emirates
Al Bayan Medical Supplies Co. 4966,accounts4966@import-al.example,+971 6 625 1634,43 Street 28,Umm al-Quwain,United Arab Emirates
Noura Mohammed Ivanova,noura.ivanova.imp4967@mail.example,+971 55 929 2380,74 Street 13,Sharjah,United Arab Emirates
Anil Grace Al Hammadi,anil.al.hammadi.imp4968@mail.example,+971 56 465 1390,119 Street 1,Umm al-Quwain,United Arab Emirates
Shamma Abdullah Barakat,shamma.barakat.imp4969@mail.example,+971 58 723 2496,52 Street 21,Fujairah,United Arab Emirates
Abdullah Joseph Gupta,abdullah.gupta.imp4970@mail.example,+971 55 816 5059,18 Street 11,Abu Dhabi,United Arab Emirates
Palm Medical Supplies Industries LLC 4971,accounts4971@import-palm.example,+971 7 846 5977,21 Street 7,Sharjah,United Arab Emirates
Bilal Mona Dsouza,bilal.dsouza.imp4972@mail.example,+971 54 687 0313,43 Street 6,Abu Dhabi,United Arab Emirates
Waleed Imran Barakat,waleed.barakat.imp4973@mail.example,+971 58 843 9888,89 Street 33,Sharjah,United Arab Emirates
Saeed Omar Mahmoud,saeed.mahmoud.imp4974@mail.example,+971 55 432 3145,84 Street 1,Sharjah,United Arab Emirates
Coral Foodstuff FZCO 4975,accounts4975@import-coral.example,+971 4 492 6470,111 Street 7,Sharjah,United Arab Emirates
Emirates Chemicals Industries LLC 4976,accounts4976@import-emirates.example,+971 3 264 6426,69 Street 20,Ras al-Khaimah,United Arab Emirates
Grace Tariq Aziz,grace.aziz.imp4977@mail.example,+971 58 790 8735,1 Street 38,Umm al-Quwain,United Arab Emirates
Nadia Maitha Barakat,nadia.barakat.imp4978@mail.example,+971 54 182 4181,13 Street 7,Abu Dhabi,United Arab Emirates
Anil Hind Al Zaabi,anil.al.zaabi.imp4979@mail.example,+971 50 682 2195,109 Street 38,Fujairah,United Arab Emirates
Emirates Paper Products Est. 4980,accounts4980@import-emirates.example,+971 4 478 0438,90 Street 19,Fujairah,United Arab Emirates
Salem Samir Al Marri,salem.al.marri.imp4981@mail.example,+971 55 367 8116,117 Street 11,Sharjah,United Arab Emirates
Anna Maria Kowalski,anna.kowalski.imp4982@mail.example,+971 52 214 8424,113 Street 21,Sharjah,United Arab Emirates
Sultan Mohammed Hussain,sultan.hussain.imp4983@mail.example,+971 56 596 4182,81 Street 20,Mumbai,India
Coral Aluminium Industries LLC 4984,accounts4984@import-coral.example,+971 9 280 4237,8 Street 28,Ajman,United Arab Emirates
Wei Wei Karam,wei.karam.imp4985@mail.example,+971 52 308 8083,36 Street 21,Ras al-Khaimah,United Arab Emirates
Fatima Ali Ivanova,fatima.ivanova.imp4986@mail.example,+971 54 419 7308,58 Street 15,Shanghai,China
Hamad Faisal Al Blooshi,hamad.al.blooshi.imp4987@mail.example,+971 56 363 7471,91 Street 10,Sharjah,United Arab Emirates
Maitha Rahul Mansour,maitha.mansour.imp4988@mail.example,+971 56 372 4150,85 Street 14,Ajman,United Arab Emirates
Dune Plastics LLC 4989,accounts4989@import-dune.example,+971 4 209 5219,36 Street 39,Chennai,India
Pearl Medical Supplies FZCO 4990,accounts4990@import-pearl.example,+971 4 623 2362,11 Street 37,Fujairah,United Arab Emirates
Maitha Mariam Al Kaabi,maitha.al.kaabi.imp4991@mail.example,+971 58 903 6569,102 Street 36,Sharjah,United Arab Emirates
Unity Textiles Est. 4992,accounts4992@import-unity.example,+971 2 250 1902,77 Street 12,Dubai,United Arab Emirates
Fahad Mohammed Ivanova,fahad.ivanova.imp4993@mail.example,+971 52 295 4824,28 Street 2,Riyadh,Saudi Arabia
Hassan Shamma Al Kaabi,hassan.al.kaabi.imp4994@mail.example,+971 54 396 3683,75 Street 38,Fujairah,United Arab Emirates
Elena Imran Wang,elena.wang.imp4995@mail.example,+971 50 776 9315,31 Street 4,Sharjah,United Arab Emirates
Majid Amal Jaber,majid.jaber.imp4996@mail.example,+971 55 909 8566,10 Street 25,Ajman,United Arab Emirates
Hamad Saeed Al Kaabi,hamad.al.kaabi.imp4997@mail.example,+971 58 842 1281,112 Street 27,Fujairah,United Arab Emirates
Salem Peter Al Ketbi,salem.al.ketbi.imp4998@mail.example,+971 54 963 8448,11 Street 17,Ajman,United Arab Emirates
Peter Abdullah Al Zaabi,peter.al.zaabi.imp4999@mail.example,+971 52 775 7894,73 Street 21,Abu Dhabi,United Arab Emirates
Noura Samir Al Romaithi,noura.al.romaithi.imp5000@mail.example,+971 50 406 5716,86 Street 34,Jeddah,Saudi Arabia
