  Determining projects to restore...
  All projects are up-to-date for restore.
  Erp.Modules.Lists.Contracts -> /home/user/critic/p03-identity-r2-plants/src/Modules/Lists/Erp.Modules.Lists.Contracts/bin/Release/net10.0/Erp.Modules.Lists.Contracts.dll
  Erp.Kernel -> /home/user/critic/p03-identity-r2-plants/src/Kernel/Erp.Kernel/bin/Release/net10.0/Erp.Kernel.dll
  Erp.Modules.Tenancy.Contracts -> /home/user/critic/p03-identity-r2-plants/src/Modules/Tenancy/Erp.Modules.Tenancy.Contracts/bin/Release/net10.0/Erp.Modules.Tenancy.Contracts.dll
  Erp.Modules.Identity.Contracts -> /home/user/critic/p03-identity-r2-plants/src/Modules/Identity/Erp.Modules.Identity.Contracts/bin/Release/net10.0/Erp.Modules.Identity.Contracts.dll
  Erp.Modules.Tenancy -> /home/user/critic/p03-identity-r2-plants/src/Modules/Tenancy/Erp.Modules.Tenancy/bin/Release/net10.0/Erp.Modules.Tenancy.dll
  Erp.Modules.Lists -> /home/user/critic/p03-identity-r2-plants/src/Modules/Lists/Erp.Modules.Lists/bin/Release/net10.0/Erp.Modules.Lists.dll
  Erp.Modules.Identity -> /home/user/critic/p03-identity-r2-plants/src/Modules/Identity/Erp.Modules.Identity/bin/Release/net10.0/Erp.Modules.Identity.dll
  Erp.Host -> /home/user/critic/p03-identity-r2-plants/src/Host/Erp.Host/bin/Release/net10.0/Erp.Host.dll
  Erp.Testing -> /home/user/critic/p03-identity-r2-plants/tests/Erp.Testing/bin/Release/net10.0/Erp.Testing.dll
  Erp.Gates.Tests -> /home/user/critic/p03-identity-r2-plants/tests/Erp.Gates.Tests/bin/Release/net10.0/Erp.Gates.Tests.dll
Test run for /home/user/critic/p03-identity-r2-plants/tests/Erp.Gates.Tests/bin/Release/net10.0/Erp.Gates.Tests.dll (.NETCoreApp,Version=v10.0)
A total of 1 test files matched the specified pattern.
[xUnit.net 00:00:00.02] xUnit.net VSTest Adapter v3.1.5+1b188a7b0a (64-bit .NET 10.0.12)
[xUnit.net 00:00:00.40]   Discovering: Erp.Gates.Tests
[xUnit.net 00:00:01.04]   Discovered:  Erp.Gates.Tests
[xUnit.net 00:00:01.60]   Starting:    Erp.Gates.Tests
[xUnit.net 00:00:08.34]     Erp.Gates.Tests.Rules.RegistrationGateTests.Every_registered_list_is_served_as_a_page_whose_rows_carry_its_columns [FAIL]
[xUnit.net 00:00:08.35]       Assembly fixture type 'Erp.Gates.Tests.Infrastructure.GateFixture' threw in InitializeAsync
[xUnit.net 00:00:08.35]       ---- System.InvalidOperationException : Endpoint authorisation is incomplete:
[xUnit.net 00:00:08.35]       HTTP: GET /api/identity/users/{id:guid}/access => Access: declares no permission
[xUnit.net 00:00:08.35]       Stack Trace:
[xUnit.net 00:00:08.35]         
[xUnit.net 00:00:08.35]         ----- Inner Stack Trace -----
[xUnit.net 00:00:08.35]         /home/user/critic/p03-identity-r2-plants/src/Kernel/Erp.Kernel/Hosting/ErpPlatform.cs(247,0): at Erp.Kernel.Hosting.ErpPlatform.ValidateEndpoints(WebApplication app)
[xUnit.net 00:00:08.35]         /home/user/critic/p03-identity-r2-plants/src/Kernel/Erp.Kernel/Hosting/ErpPlatform.cs(213,0): at Erp.Kernel.Hosting.ErpPlatform.UseErpPlatform(WebApplication app)
[xUnit.net 00:00:08.35]         /home/user/critic/p03-identity-r2-plants/src/Host/Erp.Host/Program.cs(8,0): at Program.<Main>$(String[] args)
[xUnit.net 00:00:08.35]            at Program.<Main>(String[] args)
[xUnit.net 00:00:08.35]            at System.Reflection.MethodBaseInvoker.InterpretedInvoke_Method(Object obj, IntPtr* args)
[xUnit.net 00:00:08.35]            at System.Reflection.MethodBaseInvoker.InvokeDirectByRefWithFewArgs(Object obj, Span`1 copyOfArgs, BindingFlags invokeAttr)
[xUnit.net 00:00:08.35]         --- End of stack trace from previous location ---
[xUnit.net 00:00:08.35]            at Microsoft.AspNetCore.Mvc.Testing.DeferredHostBuilder.DeferredHost.StartAsync(CancellationToken cancellationToken)
[xUnit.net 00:00:08.35]            at Microsoft.Extensions.Hosting.HostingAbstractionsHostExtensions.Start(IHost host)
[xUnit.net 00:00:08.35]            at Microsoft.AspNetCore.Mvc.Testing.WebApplicationFactory`1.CreateHost(IHostBuilder builder)
[xUnit.net 00:00:08.35]            at Microsoft.AspNetCore.Mvc.Testing.WebApplicationFactory`1.ConfigureHostBuilder(IHostBuilder hostBuilder)
[xUnit.net 00:00:08.35]            at Microsoft.AspNetCore.Mvc.Testing.WebApplicationFactory`1.StartServer()
[xUnit.net 00:00:08.35]            at Microsoft.AspNetCore.Mvc.Testing.WebApplicationFactory`1.get_Services()
[xUnit.net 00:00:08.35]         /home/user/critic/p03-identity-r2-plants/tests/Erp.Testing/ErpTestEnvironment.cs(97,0): at Erp.Testing.ErpTestEnvironment.StartAsync(SeedPlan plan, IDictionary`2 settings)
[xUnit.net 00:00:08.35]         /home/user/critic/p03-identity-r2-plants/tests/Erp.Gates.Tests/Infrastructure/GateFixture.cs(17,0): at Erp.Gates.Tests.Infrastructure.GateFixture.InitializeAsync()
[xUnit.net 00:00:08.37]     Erp.Gates.Tests.Rules.RegistrationGateTests.Navigation_reaches_every_screen_and_every_menu_entry_opens_a_screen_with_its_permission [FAIL]
[xUnit.net 00:00:08.37]       Assembly fixture type 'Erp.Gates.Tests.Infrastructure.GateFixture' threw in InitializeAsync
[xUnit.net 00:00:08.37]       ---- System.InvalidOperationException : Endpoint authorisation is incomplete:
[xUnit.net 00:00:08.37]       HTTP: GET /api/identity/users/{id:guid}/access => Access: declares no permission
[xUnit.net 00:00:08.37]       Stack Trace:
[xUnit.net 00:00:08.37]         
[xUnit.net 00:00:08.37]         ----- Inner Stack Trace -----
[xUnit.net 00:00:08.37]         /home/user/critic/p03-identity-r2-plants/src/Kernel/Erp.Kernel/Hosting/ErpPlatform.cs(247,0): at Erp.Kernel.Hosting.ErpPlatform.ValidateEndpoints(WebApplication app)
[xUnit.net 00:00:08.37]         /home/user/critic/p03-identity-r2-plants/src/Kernel/Erp.Kernel/Hosting/ErpPlatform.cs(213,0): at Erp.Kernel.Hosting.ErpPlatform.UseErpPlatform(WebApplication app)
[xUnit.net 00:00:08.37]         /home/user/critic/p03-identity-r2-plants/src/Host/Erp.Host/Program.cs(8,0): at Program.<Main>$(String[] args)
[xUnit.net 00:00:08.37]            at Program.<Main>(String[] args)
[xUnit.net 00:00:08.37]            at System.Reflection.MethodBaseInvoker.InterpretedInvoke_Method(Object obj, IntPtr* args)
[xUnit.net 00:00:08.37]            at System.Reflection.MethodBaseInvoker.InvokeDirectByRefWithFewArgs(Object obj, Span`1 copyOfArgs, BindingFlags invokeAttr)
[xUnit.net 00:00:08.37]         --- End of stack trace from previous location ---
[xUnit.net 00:00:08.37]            at Microsoft.AspNetCore.Mvc.Testing.DeferredHostBuilder.DeferredHost.StartAsync(CancellationToken cancellationToken)
[xUnit.net 00:00:08.37]            at Microsoft.Extensions.Hosting.HostingAbstractionsHostExtensions.Start(IHost host)
[xUnit.net 00:00:08.37]            at Microsoft.AspNetCore.Mvc.Testing.WebApplicationFactory`1.CreateHost(IHostBuilder builder)
[xUnit.net 00:00:08.37]            at Microsoft.AspNetCore.Mvc.Testing.WebApplicationFactory`1.ConfigureHostBuilder(IHostBuilder hostBuilder)
[xUnit.net 00:00:08.37]            at Microsoft.AspNetCore.Mvc.Testing.WebApplicationFactory`1.StartServer()
[xUnit.net 00:00:08.37]            at Microsoft.AspNetCore.Mvc.Testing.WebApplicationFactory`1.get_Services()
[xUnit.net 00:00:08.37]         /home/user/critic/p03-identity-r2-plants/tests/Erp.Testing/ErpTestEnvironment.cs(97,0): at Erp.Testing.ErpTestEnvironment.StartAsync(SeedPlan plan, IDictionary`2 settings)
[xUnit.net 00:00:08.37]         /home/user/critic/p03-identity-r2-plants/tests/Erp.Gates.Tests/Infrastructure/GateFixture.cs(17,0): at Erp.Gates.Tests.Infrastructure.GateFixture.InitializeAsync()
[xUnit.net 00:00:08.38]     Erp.Gates.Tests.Rules.StringGateTests.Count_messages_use_plural_forms [FAIL]
[xUnit.net 00:00:08.38]       Assembly fixture type 'Erp.Gates.Tests.Infrastructure.GateFixture' threw in InitializeAsync
[xUnit.net 00:00:08.38]       ---- System.InvalidOperationException : Endpoint authorisation is incomplete:
[xUnit.net 00:00:08.38]       HTTP: GET /api/identity/users/{id:guid}/access => Access: declares no permission
[xUnit.net 00:00:08.38]       Stack Trace:
[xUnit.net 00:00:08.38]         
[xUnit.net 00:00:08.38]         ----- Inner Stack Trace -----
[xUnit.net 00:00:08.38]         /home/user/critic/p03-identity-r2-plants/src/Kernel/Erp.Kernel/Hosting/ErpPlatform.cs(247,0): at Erp.Kernel.Hosting.ErpPlatform.ValidateEndpoints(WebApplication app)
[xUnit.net 00:00:08.38]         /home/user/critic/p03-identity-r2-plants/src/Kernel/Erp.Kernel/Hosting/ErpPlatform.cs(213,0): at Erp.Kernel.Hosting.ErpPlatform.UseErpPlatform(WebApplication app)
[xUnit.net 00:00:08.38]         /home/user/critic/p03-identity-r2-plants/src/Host/Erp.Host/Program.cs(8,0): at Program.<Main>$(String[] args)
[xUnit.net 00:00:08.38]            at Program.<Main>(String[] args)
[xUnit.net 00:00:08.38]            at System.Reflection.MethodBaseInvoker.InterpretedInvoke_Method(Object obj, IntPtr* args)
[xUnit.net 00:00:08.38]            at System.Reflection.MethodBaseInvoker.InvokeDirectByRefWithFewArgs(Object obj, Span`1 copyOfArgs, BindingFlags invokeAttr)
[xUnit.net 00:00:08.38]         --- End of stack trace from previous location ---
[xUnit.net 00:00:08.38]            at Microsoft.AspNetCore.Mvc.Testing.DeferredHostBuilder.DeferredHost.StartAsync(CancellationToken cancellationToken)
[xUnit.net 00:00:08.38]            at Microsoft.Extensions.Hosting.HostingAbstractionsHostExtensions.Start(IHost host)
[xUnit.net 00:00:08.38]            at Microsoft.AspNetCore.Mvc.Testing.WebApplicationFactory`1.CreateHost(IHostBuilder builder)
[xUnit.net 00:00:08.38]            at Microsoft.AspNetCore.Mvc.Testing.WebApplicationFactory`1.ConfigureHostBuilder(IHostBuilder hostBuilder)
[xUnit.net 00:00:08.38]            at Microsoft.AspNetCore.Mvc.Testing.WebApplicationFactory`1.StartServer()
[xUnit.net 00:00:08.38]            at Microsoft.AspNetCore.Mvc.Testing.WebApplicationFactory`1.get_Services()
[xUnit.net 00:00:08.38]         /home/user/critic/p03-identity-r2-plants/tests/Erp.Testing/ErpTestEnvironment.cs(97,0): at Erp.Testing.ErpTestEnvironment.StartAsync(SeedPlan plan, IDictionary`2 settings)
[xUnit.net 00:00:08.38]         /home/user/critic/p03-identity-r2-plants/tests/Erp.Gates.Tests/Infrastructure/GateFixture.cs(17,0): at Erp.Gates.Tests.Infrastructure.GateFixture.InitializeAsync()
[xUnit.net 00:00:08.38]     Erp.Gates.Tests.Rules.StringGateTests.Every_problem_and_validation_code_in_server_code_has_text [FAIL]
[xUnit.net 00:00:08.38]       Assembly fixture type 'Erp.Gates.Tests.Infrastructure.GateFixture' threw in InitializeAsync
[xUnit.net 00:00:08.38]       ---- System.InvalidOperationException : Endpoint authorisation is incomplete:
[xUnit.net 00:00:08.38]       HTTP: GET /api/identity/users/{id:guid}/access => Access: declares no permission
[xUnit.net 00:00:08.38]       Stack Trace:
[xUnit.net 00:00:08.38]         
[xUnit.net 00:00:08.38]         ----- Inner Stack Trace -----
[xUnit.net 00:00:08.38]         /home/user/critic/p03-identity-r2-plants/src/Kernel/Erp.Kernel/Hosting/ErpPlatform.cs(247,0): at Erp.Kernel.Hosting.ErpPlatform.ValidateEndpoints(WebApplication app)
[xUnit.net 00:00:08.38]         /home/user/critic/p03-identity-r2-plants/src/Kernel/Erp.Kernel/Hosting/ErpPlatform.cs(213,0): at Erp.Kernel.Hosting.ErpPlatform.UseErpPlatform(WebApplication app)
[xUnit.net 00:00:08.38]         /home/user/critic/p03-identity-r2-plants/src/Host/Erp.Host/Program.cs(8,0): at Program.<Main>$(String[] args)
[xUnit.net 00:00:08.38]            at Program.<Main>(String[] args)
[xUnit.net 00:00:08.38]            at System.Reflection.MethodBaseInvoker.InterpretedInvoke_Method(Object obj, IntPtr* args)
[xUnit.net 00:00:08.38]            at System.Reflection.MethodBaseInvoker.InvokeDirectByRefWithFewArgs(Object obj, Span`1 copyOfArgs, BindingFlags invokeAttr)
[xUnit.net 00:00:08.38]         --- End of stack trace from previous location ---
[xUnit.net 00:00:08.38]            at Microsoft.AspNetCore.Mvc.Testing.DeferredHostBuilder.DeferredHost.StartAsync(CancellationToken cancellationToken)
[xUnit.net 00:00:08.38]            at Microsoft.Extensions.Hosting.HostingAbstractionsHostExtensions.Start(IHost host)
[xUnit.net 00:00:08.38]            at Microsoft.AspNetCore.Mvc.Testing.WebApplicationFactory`1.CreateHost(IHostBuilder builder)
[xUnit.net 00:00:08.38]            at Microsoft.AspNetCore.Mvc.Testing.WebApplicationFactory`1.ConfigureHostBuilder(IHostBuilder hostBuilder)
[xUnit.net 00:00:08.38]            at Microsoft.AspNetCore.Mvc.Testing.WebApplicationFactory`1.StartServer()
[xUnit.net 00:00:08.38]            at Microsoft.AspNetCore.Mvc.Testing.WebApplicationFactory`1.get_Services()
[xUnit.net 00:00:08.38]         /home/user/critic/p03-identity-r2-plants/tests/Erp.Testing/ErpTestEnvironment.cs(97,0): at Erp.Testing.ErpTestEnvironment.StartAsync(SeedPlan plan, IDictionary`2 settings)
[xUnit.net 00:00:08.38]         /home/user/critic/p03-identity-r2-plants/tests/Erp.Gates.Tests/Infrastructure/GateFixture.cs(17,0): at Erp.Gates.Tests.Infrastructure.GateFixture.InitializeAsync()
[xUnit.net 00:00:08.38]     Erp.Gates.Tests.Rules.StringGateTests.Every_permission_module_and_menu_entry_has_labels [FAIL]
[xUnit.net 00:00:08.38]       Assembly fixture type 'Erp.Gates.Tests.Infrastructure.GateFixture' threw in InitializeAsync
[xUnit.net 00:00:08.38]       ---- System.InvalidOperationException : Endpoint authorisation is incomplete:
[xUnit.net 00:00:08.38]       HTTP: GET /api/identity/users/{id:guid}/access => Access: declares no permission
[xUnit.net 00:00:08.38]       Stack Trace:
[xUnit.net 00:00:08.38]         
[xUnit.net 00:00:08.38]         ----- Inner Stack Trace -----
[xUnit.net 00:00:08.38]         /home/user/critic/p03-identity-r2-plants/src/Kernel/Erp.Kernel/Hosting/ErpPlatform.cs(247,0): at Erp.Kernel.Hosting.ErpPlatform.ValidateEndpoints(WebApplication app)
[xUnit.net 00:00:08.38]         /home/user/critic/p03-identity-r2-plants/src/Kernel/Erp.Kernel/Hosting/ErpPlatform.cs(213,0): at Erp.Kernel.Hosting.ErpPlatform.UseErpPlatform(WebApplication app)
[xUnit.net 00:00:08.38]         /home/user/critic/p03-identity-r2-plants/src/Host/Erp.Host/Program.cs(8,0): at Program.<Main>$(String[] args)
[xUnit.net 00:00:08.38]            at Program.<Main>(String[] args)
[xUnit.net 00:00:08.38]            at System.Reflection.MethodBaseInvoker.InterpretedInvoke_Method(Object obj, IntPtr* args)
[xUnit.net 00:00:08.38]            at System.Reflection.MethodBaseInvoker.InvokeDirectByRefWithFewArgs(Object obj, Span`1 copyOfArgs, BindingFlags invokeAttr)
[xUnit.net 00:00:08.38]         --- End of stack trace from previous location ---
[xUnit.net 00:00:08.38]            at Microsoft.AspNetCore.Mvc.Testing.DeferredHostBuilder.DeferredHost.StartAsync(CancellationToken cancellationToken)
[xUnit.net 00:00:08.38]            at Microsoft.Extensions.Hosting.HostingAbstractionsHostExtensions.Start(IHost host)
[xUnit.net 00:00:08.38]            at Microsoft.AspNetCore.Mvc.Testing.WebApplicationFactory`1.CreateHost(IHostBuilder builder)
[xUnit.net 00:00:08.38]            at Microsoft.AspNetCore.Mvc.Testing.WebApplicationFactory`1.ConfigureHostBuilder(IHostBuilder hostBuilder)
[xUnit.net 00:00:08.38]            at Microsoft.AspNetCore.Mvc.Testing.WebApplicationFactory`1.StartServer()
[xUnit.net 00:00:08.38]            at Microsoft.AspNetCore.Mvc.Testing.WebApplicationFactory`1.get_Services()
[xUnit.net 00:00:08.38]         /home/user/critic/p03-identity-r2-plants/tests/Erp.Testing/ErpTestEnvironment.cs(97,0): at Erp.Testing.ErpTestEnvironment.StartAsync(SeedPlan plan, IDictionary`2 settings)
[xUnit.net 00:00:08.38]         /home/user/critic/p03-identity-r2-plants/tests/Erp.Gates.Tests/Infrastructure/GateFixture.cs(17,0): at Erp.Gates.Tests.Infrastructure.GateFixture.InitializeAsync()
[xUnit.net 00:00:08.38]     Erp.Gates.Tests.Rules.StringGateTests.Web_string_files_have_matching_English_and_Arabic_keys [FAIL]
[xUnit.net 00:00:08.38]       Assembly fixture type 'Erp.Gates.Tests.Infrastructure.GateFixture' threw in InitializeAsync
[xUnit.net 00:00:08.38]       ---- System.InvalidOperationException : Endpoint authorisation is incomplete:
[xUnit.net 00:00:08.38]       HTTP: GET /api/identity/users/{id:guid}/access => Access: declares no permission
[xUnit.net 00:00:08.38]       Stack Trace:
[xUnit.net 00:00:08.39]         
[xUnit.net 00:00:08.39]         ----- Inner Stack Trace -----
[xUnit.net 00:00:08.39]         /home/user/critic/p03-identity-r2-plants/src/Kernel/Erp.Kernel/Hosting/ErpPlatform.cs(247,0): at Erp.Kernel.Hosting.ErpPlatform.ValidateEndpoints(WebApplication app)
[xUnit.net 00:00:08.39]         /home/user/critic/p03-identity-r2-plants/src/Kernel/Erp.Kernel/Hosting/ErpPlatform.cs(213,0): at Erp.Kernel.Hosting.ErpPlatform.UseErpPlatform(WebApplication app)
[xUnit.net 00:00:08.39]         /home/user/critic/p03-identity-r2-plants/src/Host/Erp.Host/Program.cs(8,0): at Program.<Main>$(String[] args)
[xUnit.net 00:00:08.39]            at Program.<Main>(String[] args)
[xUnit.net 00:00:08.39]            at System.Reflection.MethodBaseInvoker.InterpretedInvoke_Method(Object obj, IntPtr* args)
[xUnit.net 00:00:08.39]            at System.Reflection.MethodBaseInvoker.InvokeDirectByRefWithFewArgs(Object obj, Span`1 copyOfArgs, BindingFlags invokeAttr)
[xUnit.net 00:00:08.39]         --- End of stack trace from previous location ---
[xUnit.net 00:00:08.39]            at Microsoft.AspNetCore.Mvc.Testing.DeferredHostBuilder.DeferredHost.StartAsync(CancellationToken cancellationToken)
[xUnit.net 00:00:08.39]            at Microsoft.Extensions.Hosting.HostingAbstractionsHostExtensions.Start(IHost host)
[xUnit.net 00:00:08.39]            at Microsoft.AspNetCore.Mvc.Testing.WebApplicationFactory`1.CreateHost(IHostBuilder builder)
[xUnit.net 00:00:08.39]            at Microsoft.AspNetCore.Mvc.Testing.WebApplicationFactory`1.ConfigureHostBuilder(IHostBuilder hostBuilder)
[xUnit.net 00:00:08.39]            at Microsoft.AspNetCore.Mvc.Testing.WebApplicationFactory`1.StartServer()
[xUnit.net 00:00:08.39]            at Microsoft.AspNetCore.Mvc.Testing.WebApplicationFactory`1.get_Services()
[xUnit.net 00:00:08.39]         /home/user/critic/p03-identity-r2-plants/tests/Erp.Testing/ErpTestEnvironment.cs(97,0): at Erp.Testing.ErpTestEnvironment.StartAsync(SeedPlan plan, IDictionary`2 settings)
[xUnit.net 00:00:08.39]         /home/user/critic/p03-identity-r2-plants/tests/Erp.Gates.Tests/Infrastructure/GateFixture.cs(17,0): at Erp.Gates.Tests.Infrastructure.GateFixture.InitializeAsync()
[xUnit.net 00:00:08.39]     Erp.Gates.Tests.Rules.StringGateTests.Server_string_files_have_matching_English_and_Arabic_keys [FAIL]
[xUnit.net 00:00:08.39]       Assembly fixture type 'Erp.Gates.Tests.Infrastructure.GateFixture' threw in InitializeAsync
[xUnit.net 00:00:08.39]       ---- System.InvalidOperationException : Endpoint authorisation is incomplete:
[xUnit.net 00:00:08.39]       HTTP: GET /api/identity/users/{id:guid}/access => Access: declares no permission
[xUnit.net 00:00:08.39]       Stack Trace:
[xUnit.net 00:00:08.39]         
[xUnit.net 00:00:08.39]         ----- Inner Stack Trace -----
[xUnit.net 00:00:08.39]         /home/user/critic/p03-identity-r2-plants/src/Kernel/Erp.Kernel/Hosting/ErpPlatform.cs(247,0): at Erp.Kernel.Hosting.ErpPlatform.ValidateEndpoints(WebApplication app)
[xUnit.net 00:00:08.39]         /home/user/critic/p03-identity-r2-plants/src/Kernel/Erp.Kernel/Hosting/ErpPlatform.cs(213,0): at Erp.Kernel.Hosting.ErpPlatform.UseErpPlatform(WebApplication app)
[xUnit.net 00:00:08.39]         /home/user/critic/p03-identity-r2-plants/src/Host/Erp.Host/Program.cs(8,0): at Program.<Main>$(String[] args)
[xUnit.net 00:00:08.39]            at Program.<Main>(String[] args)
[xUnit.net 00:00:08.39]            at System.Reflection.MethodBaseInvoker.InterpretedInvoke_Method(Object obj, IntPtr* args)
[xUnit.net 00:00:08.39]            at System.Reflection.MethodBaseInvoker.InvokeDirectByRefWithFewArgs(Object obj, Span`1 copyOfArgs, BindingFlags invokeAttr)
[xUnit.net 00:00:08.39]         --- End of stack trace from previous location ---
[xUnit.net 00:00:08.39]            at Microsoft.AspNetCore.Mvc.Testing.DeferredHostBuilder.DeferredHost.StartAsync(CancellationToken cancellationToken)
[xUnit.net 00:00:08.39]            at Microsoft.Extensions.Hosting.HostingAbstractionsHostExtensions.Start(IHost host)
[xUnit.net 00:00:08.39]            at Microsoft.AspNetCore.Mvc.Testing.WebApplicationFactory`1.CreateHost(IHostBuilder builder)
[xUnit.net 00:00:08.39]            at Microsoft.AspNetCore.Mvc.Testing.WebApplicationFactory`1.ConfigureHostBuilder(IHostBuilder hostBuilder)
[xUnit.net 00:00:08.39]            at Microsoft.AspNetCore.Mvc.Testing.WebApplicationFactory`1.StartServer()
[xUnit.net 00:00:08.39]            at Microsoft.AspNetCore.Mvc.Testing.WebApplicationFactory`1.get_Services()
[xUnit.net 00:00:08.39]         /home/user/critic/p03-identity-r2-plants/tests/Erp.Testing/ErpTestEnvironment.cs(97,0): at Erp.Testing.ErpTestEnvironment.StartAsync(SeedPlan plan, IDictionary`2 settings)
[xUnit.net 00:00:08.39]         /home/user/critic/p03-identity-r2-plants/tests/Erp.Gates.Tests/Infrastructure/GateFixture.cs(17,0): at Erp.Gates.Tests.Infrastructure.GateFixture.InitializeAsync()
[xUnit.net 00:00:08.39]     Erp.Gates.Tests.Rules.MoneyGateTests.No_parseFloat_in_front_end_code [FAIL]
[xUnit.net 00:00:08.39]       Assembly fixture type 'Erp.Gates.Tests.Infrastructure.GateFixture' threw in InitializeAsync
[xUnit.net 00:00:08.39]       ---- System.InvalidOperationException : Endpoint authorisation is incomplete:
[xUnit.net 00:00:08.39]       HTTP: GET /api/identity/users/{id:guid}/access => Access: declares no permission
[xUnit.net 00:00:08.39]       Stack Trace:
[xUnit.net 00:00:08.39]         
[xUnit.net 00:00:08.39]         ----- Inner Stack Trace -----
[xUnit.net 00:00:08.39]         /home/user/critic/p03-identity-r2-plants/src/Kernel/Erp.Kernel/Hosting/ErpPlatform.cs(247,0): at Erp.Kernel.Hosting.ErpPlatform.ValidateEndpoints(WebApplication app)
[xUnit.net 00:00:08.39]         /home/user/critic/p03-identity-r2-plants/src/Kernel/Erp.Kernel/Hosting/ErpPlatform.cs(213,0): at Erp.Kernel.Hosting.ErpPlatform.UseErpPlatform(WebApplication app)
[xUnit.net 00:00:08.39]         /home/user/critic/p03-identity-r2-plants/src/Host/Erp.Host/Program.cs(8,0): at Program.<Main>$(String[] args)
[xUnit.net 00:00:08.39]            at Program.<Main>(String[] args)
[xUnit.net 00:00:08.39]            at System.Reflection.MethodBaseInvoker.InterpretedInvoke_Method(Object obj, IntPtr* args)
[xUnit.net 00:00:08.39]            at System.Reflection.MethodBaseInvoker.InvokeDirectByRefWithFewArgs(Object obj, Span`1 copyOfArgs, BindingFlags invokeAttr)
[xUnit.net 00:00:08.39]         --- End of stack trace from previous location ---
[xUnit.net 00:00:08.39]            at Microsoft.AspNetCore.Mvc.Testing.DeferredHostBuilder.DeferredHost.StartAsync(CancellationToken cancellationToken)
[xUnit.net 00:00:08.39]            at Microsoft.Extensions.Hosting.HostingAbstractionsHostExtensions.Start(IHost host)
[xUnit.net 00:00:08.39]            at Microsoft.AspNetCore.Mvc.Testing.WebApplicationFactory`1.CreateHost(IHostBuilder builder)
[xUnit.net 00:00:08.39]            at Microsoft.AspNetCore.Mvc.Testing.WebApplicationFactory`1.ConfigureHostBuilder(IHostBuilder hostBuilder)
[xUnit.net 00:00:08.39]            at Microsoft.AspNetCore.Mvc.Testing.WebApplicationFactory`1.StartServer()
[xUnit.net 00:00:08.39]            at Microsoft.AspNetCore.Mvc.Testing.WebApplicationFactory`1.get_Services()
[xUnit.net 00:00:08.39]         /home/user/critic/p03-identity-r2-plants/tests/Erp.Testing/ErpTestEnvironment.cs(97,0): at Erp.Testing.ErpTestEnvironment.StartAsync(SeedPlan plan, IDictionary`2 settings)
[xUnit.net 00:00:08.39]         /home/user/critic/p03-identity-r2-plants/tests/Erp.Gates.Tests/Infrastructure/GateFixture.cs(17,0): at Erp.Gates.Tests.Infrastructure.GateFixture.InitializeAsync()
[xUnit.net 00:00:08.39]     Erp.Gates.Tests.Rules.MoneyGateTests.No_float_or_double_in_server_code [FAIL]
[xUnit.net 00:00:08.39]       Assembly fixture type 'Erp.Gates.Tests.Infrastructure.GateFixture' threw in InitializeAsync
[xUnit.net 00:00:08.39]       ---- System.InvalidOperationException : Endpoint authorisation is incomplete:
[xUnit.net 00:00:08.39]       HTTP: GET /api/identity/users/{id:guid}/access => Access: declares no permission
[xUnit.net 00:00:08.39]       Stack Trace:
[xUnit.net 00:00:08.39]         
[xUnit.net 00:00:08.39]         ----- Inner Stack Trace -----
[xUnit.net 00:00:08.39]         /home/user/critic/p03-identity-r2-plants/src/Kernel/Erp.Kernel/Hosting/ErpPlatform.cs(247,0): at Erp.Kernel.Hosting.ErpPlatform.ValidateEndpoints(WebApplication app)
[xUnit.net 00:00:08.39]         /home/user/critic/p03-identity-r2-plants/src/Kernel/Erp.Kernel/Hosting/ErpPlatform.cs(213,0): at Erp.Kernel.Hosting.ErpPlatform.UseErpPlatform(WebApplication app)
[xUnit.net 00:00:08.39]         /home/user/critic/p03-identity-r2-plants/src/Host/Erp.Host/Program.cs(8,0): at Program.<Main>$(String[] args)
[xUnit.net 00:00:08.39]            at Program.<Main>(String[] args)
[xUnit.net 00:00:08.39]            at System.Reflection.MethodBaseInvoker.InterpretedInvoke_Method(Object obj, IntPtr* args)
[xUnit.net 00:00:08.39]            at System.Reflection.MethodBaseInvoker.InvokeDirectByRefWithFewArgs(Object obj, Span`1 copyOfArgs, BindingFlags invokeAttr)
[xUnit.net 00:00:08.39]         --- End of stack trace from previous location ---
[xUnit.net 00:00:08.39]            at Microsoft.AspNetCore.Mvc.Testing.DeferredHostBuilder.DeferredHost.StartAsync(CancellationToken cancellationToken)
[xUnit.net 00:00:08.39]            at Microsoft.Extensions.Hosting.HostingAbstractionsHostExtensions.Start(IHost host)
[xUnit.net 00:00:08.39]            at Microsoft.AspNetCore.Mvc.Testing.WebApplicationFactory`1.CreateHost(IHostBuilder builder)
[xUnit.net 00:00:08.39]            at Microsoft.AspNetCore.Mvc.Testing.WebApplicationFactory`1.ConfigureHostBuilder(IHostBuilder hostBuilder)
[xUnit.net 00:00:08.39]            at Microsoft.AspNetCore.Mvc.Testing.WebApplicationFactory`1.StartServer()
[xUnit.net 00:00:08.39]            at Microsoft.AspNetCore.Mvc.Testing.WebApplicationFactory`1.get_Services()
[xUnit.net 00:00:08.39]         /home/user/critic/p03-identity-r2-plants/tests/Erp.Testing/ErpTestEnvironment.cs(97,0): at Erp.Testing.ErpTestEnvironment.StartAsync(SeedPlan plan, IDictionary`2 settings)
[xUnit.net 00:00:08.39]         /home/user/critic/p03-identity-r2-plants/tests/Erp.Gates.Tests/Infrastructure/GateFixture.cs(17,0): at Erp.Gates.Tests.Infrastructure.GateFixture.InitializeAsync()
  Failed Erp.Gates.Tests.Rules.RegistrationGateTests.Every_registered_list_is_served_as_a_page_whose_rows_carry_its_columns [1 ms]
  Error Message:
   Assembly fixture type 'Erp.Gates.Tests.Infrastructure.GateFixture' threw in InitializeAsync
---- System.InvalidOperationException : Endpoint authorisation is incomplete:
HTTP: GET /api/identity/users/{id:guid}/access => Access: declares no permission
  Stack Trace:
  
----- Inner Stack Trace -----
   at Erp.Kernel.Hosting.ErpPlatform.ValidateEndpoints(WebApplication app) in /home/user/critic/p03-identity-r2-plants/src/Kernel/Erp.Kernel/Hosting/ErpPlatform.cs:line 247
   at Erp.Kernel.Hosting.ErpPlatform.UseErpPlatform(WebApplication app) in /home/user/critic/p03-identity-r2-plants/src/Kernel/Erp.Kernel/Hosting/ErpPlatform.cs:line 213
   at Program.<Main>$(String[] args) in /home/user/critic/p03-identity-r2-plants/src/Host/Erp.Host/Program.cs:line 8
   at Program.<Main>(String[] args)
   at System.Reflection.MethodBaseInvoker.InterpretedInvoke_Method(Object obj, IntPtr* args)
   at System.Reflection.MethodBaseInvoker.InvokeDirectByRefWithFewArgs(Object obj, Span`1 copyOfArgs, BindingFlags invokeAttr)
--- End of stack trace from previous location ---
   at Microsoft.AspNetCore.Mvc.Testing.DeferredHostBuilder.DeferredHost.StartAsync(CancellationToken cancellationToken)
   at Microsoft.Extensions.Hosting.HostingAbstractionsHostExtensions.Start(IHost host)
   at Microsoft.AspNetCore.Mvc.Testing.WebApplicationFactory`1.CreateHost(IHostBuilder builder)
   at Microsoft.AspNetCore.Mvc.Testing.WebApplicationFactory`1.ConfigureHostBuilder(IHostBuilder hostBuilder)
   at Microsoft.AspNetCore.Mvc.Testing.WebApplicationFactory`1.StartServer()
   at Microsoft.AspNetCore.Mvc.Testing.WebApplicationFactory`1.get_Services()
   at Erp.Testing.ErpTestEnvironment.StartAsync(SeedPlan plan, IDictionary`2 settings) in /home/user/critic/p03-identity-r2-plants/tests/Erp.Testing/ErpTestEnvironment.cs:line 97
   at Erp.Gates.Tests.Infrastructure.GateFixture.InitializeAsync() in /home/user/critic/p03-identity-r2-plants/tests/Erp.Gates.Tests/Infrastructure/GateFixture.cs:line 17
  Failed Erp.Gates.Tests.Rules.RegistrationGateTests.Navigation_reaches_every_screen_and_every_menu_entry_opens_a_screen_with_its_permission [1 ms]
  Error Message:
   Assembly fixture type 'Erp.Gates.Tests.Infrastructure.GateFixture' threw in InitializeAsync
---- System.InvalidOperationException : Endpoint authorisation is incomplete:
HTTP: GET /api/identity/users/{id:guid}/access => Access: declares no permission
  Stack Trace:
  
----- Inner Stack Trace -----
   at Erp.Kernel.Hosting.ErpPlatform.ValidateEndpoints(WebApplication app) in /home/user/critic/p03-identity-r2-plants/src/Kernel/Erp.Kernel/Hosting/ErpPlatform.cs:line 247
   at Erp.Kernel.Hosting.ErpPlatform.UseErpPlatform(WebApplication app) in /home/user/critic/p03-identity-r2-plants/src/Kernel/Erp.Kernel/Hosting/ErpPlatform.cs:line 213
   at Program.<Main>$(String[] args) in /home/user/critic/p03-identity-r2-plants/src/Host/Erp.Host/Program.cs:line 8
   at Program.<Main>(String[] args)
   at System.Reflection.MethodBaseInvoker.InterpretedInvoke_Method(Object obj, IntPtr* args)
   at System.Reflection.MethodBaseInvoker.InvokeDirectByRefWithFewArgs(Object obj, Span`1 copyOfArgs, BindingFlags invokeAttr)
--- End of stack trace from previous location ---
   at Microsoft.AspNetCore.Mvc.Testing.DeferredHostBuilder.DeferredHost.StartAsync(CancellationToken cancellationToken)
   at Microsoft.Extensions.Hosting.HostingAbstractionsHostExtensions.Start(IHost host)
   at Microsoft.AspNetCore.Mvc.Testing.WebApplicationFactory`1.CreateHost(IHostBuilder builder)
   at Microsoft.AspNetCore.Mvc.Testing.WebApplicationFactory`1.ConfigureHostBuilder(IHostBuilder hostBuilder)
   at Microsoft.AspNetCore.Mvc.Testing.WebApplicationFactory`1.StartServer()
   at Microsoft.AspNetCore.Mvc.Testing.WebApplicationFactory`1.get_Services()
   at Erp.Testing.ErpTestEnvironment.StartAsync(SeedPlan plan, IDictionary`2 settings) in /home/user/critic/p03-identity-r2-plants/tests/Erp.Testing/ErpTestEnvironment.cs:line 97
   at Erp.Gates.Tests.Infrastructure.GateFixture.InitializeAsync() in /home/user/critic/p03-identity-r2-plants/tests/Erp.Gates.Tests/Infrastructure/GateFixture.cs:line 17
  Failed Erp.Gates.Tests.Rules.StringGateTests.Count_messages_use_plural_forms [1 ms]
  Error Message:
   Assembly fixture type 'Erp.Gates.Tests.Infrastructure.GateFixture' threw in InitializeAsync
---- System.InvalidOperationException : Endpoint authorisation is incomplete:
HTTP: GET /api/identity/users/{id:guid}/access => Access: declares no permission
  Stack Trace:
  
----- Inner Stack Trace -----
   at Erp.Kernel.Hosting.ErpPlatform.ValidateEndpoints(WebApplication app) in /home/user/critic/p03-identity-r2-plants/src/Kernel/Erp.Kernel/Hosting/ErpPlatform.cs:line 247
   at Erp.Kernel.Hosting.ErpPlatform.UseErpPlatform(WebApplication app) in /home/user/critic/p03-identity-r2-plants/src/Kernel/Erp.Kernel/Hosting/ErpPlatform.cs:line 213
   at Program.<Main>$(String[] args) in /home/user/critic/p03-identity-r2-plants/src/Host/Erp.Host/Program.cs:line 8
   at Program.<Main>(String[] args)
   at System.Reflection.MethodBaseInvoker.InterpretedInvoke_Method(Object obj, IntPtr* args)
   at System.Reflection.MethodBaseInvoker.InvokeDirectByRefWithFewArgs(Object obj, Span`1 copyOfArgs, BindingFlags invokeAttr)
--- End of stack trace from previous location ---
   at Microsoft.AspNetCore.Mvc.Testing.DeferredHostBuilder.DeferredHost.StartAsync(CancellationToken cancellationToken)
   at Microsoft.Extensions.Hosting.HostingAbstractionsHostExtensions.Start(IHost host)
   at Microsoft.AspNetCore.Mvc.Testing.WebApplicationFactory`1.CreateHost(IHostBuilder builder)
   at Microsoft.AspNetCore.Mvc.Testing.WebApplicationFactory`1.ConfigureHostBuilder(IHostBuilder hostBuilder)
   at Microsoft.AspNetCore.Mvc.Testing.WebApplicationFactory`1.StartServer()
   at Microsoft.AspNetCore.Mvc.Testing.WebApplicationFactory`1.get_Services()
   at Erp.Testing.ErpTestEnvironment.StartAsync(SeedPlan plan, IDictionary`2 settings) in /home/user/critic/p03-identity-r2-plants/tests/Erp.Testing/ErpTestEnvironment.cs:line 97
   at Erp.Gates.Tests.Infrastructure.GateFixture.InitializeAsync() in /home/user/critic/p03-identity-r2-plants/tests/Erp.Gates.Tests/Infrastructure/GateFixture.cs:line 17
  Failed Erp.Gates.Tests.Rules.StringGateTests.Every_problem_and_validation_code_in_server_code_has_text [1 ms]
  Error Message:
   Assembly fixture type 'Erp.Gates.Tests.Infrastructure.GateFixture' threw in InitializeAsync
---- System.InvalidOperationException : Endpoint authorisation is incomplete:
HTTP: GET /api/identity/users/{id:guid}/access => Access: declares no permission
  Stack Trace:
  
----- Inner Stack Trace -----
   at Erp.Kernel.Hosting.ErpPlatform.ValidateEndpoints(WebApplication app) in /home/user/critic/p03-identity-r2-plants/src/Kernel/Erp.Kernel/Hosting/ErpPlatform.cs:line 247
   at Erp.Kernel.Hosting.ErpPlatform.UseErpPlatform(WebApplication app) in /home/user/critic/p03-identity-r2-plants/src/Kernel/Erp.Kernel/Hosting/ErpPlatform.cs:line 213
   at Program.<Main>$(String[] args) in /home/user/critic/p03-identity-r2-plants/src/Host/Erp.Host/Program.cs:line 8
   at Program.<Main>(String[] args)
   at System.Reflection.MethodBaseInvoker.InterpretedInvoke_Method(Object obj, IntPtr* args)
   at System.Reflection.MethodBaseInvoker.InvokeDirectByRefWithFewArgs(Object obj, Span`1 copyOfArgs, BindingFlags invokeAttr)
--- End of stack trace from previous location ---
   at Microsoft.AspNetCore.Mvc.Testing.DeferredHostBuilder.DeferredHost.StartAsync(CancellationToken cancellationToken)
   at Microsoft.Extensions.Hosting.HostingAbstractionsHostExtensions.Start(IHost host)
   at Microsoft.AspNetCore.Mvc.Testing.WebApplicationFactory`1.CreateHost(IHostBuilder builder)
   at Microsoft.AspNetCore.Mvc.Testing.WebApplicationFactory`1.ConfigureHostBuilder(IHostBuilder hostBuilder)
   at Microsoft.AspNetCore.Mvc.Testing.WebApplicationFactory`1.StartServer()
   at Microsoft.AspNetCore.Mvc.Testing.WebApplicationFactory`1.get_Services()
   at Erp.Testing.ErpTestEnvironment.StartAsync(SeedPlan plan, IDictionary`2 settings) in /home/user/critic/p03-identity-r2-plants/tests/Erp.Testing/ErpTestEnvironment.cs:line 97
   at Erp.Gates.Tests.Infrastructure.GateFixture.InitializeAsync() in /home/user/critic/p03-identity-r2-plants/tests/Erp.Gates.Tests/Infrastructure/GateFixture.cs:line 17
  Failed Erp.Gates.Tests.Rules.StringGateTests.Every_permission_module_and_menu_entry_has_labels [1 ms]
  Error Message:
   Assembly fixture type 'Erp.Gates.Tests.Infrastructure.GateFixture' threw in InitializeAsync
---- System.InvalidOperationException : Endpoint authorisation is incomplete:
HTTP: GET /api/identity/users/{id:guid}/access => Access: declares no permission
  Stack Trace:
  
----- Inner Stack Trace -----
   at Erp.Kernel.Hosting.ErpPlatform.ValidateEndpoints(WebApplication app) in /home/user/critic/p03-identity-r2-plants/src/Kernel/Erp.Kernel/Hosting/ErpPlatform.cs:line 247
   at Erp.Kernel.Hosting.ErpPlatform.UseErpPlatform(WebApplication app) in /home/user/critic/p03-identity-r2-plants/src/Kernel/Erp.Kernel/Hosting/ErpPlatform.cs:line 213
   at Program.<Main>$(String[] args) in /home/user/critic/p03-identity-r2-plants/src/Host/Erp.Host/Program.cs:line 8
   at Program.<Main>(String[] args)
   at System.Reflection.MethodBaseInvoker.InterpretedInvoke_Method(Object obj, IntPtr* args)
   at System.Reflection.MethodBaseInvoker.InvokeDirectByRefWithFewArgs(Object obj, Span`1 copyOfArgs, BindingFlags invokeAttr)
--- End of stack trace from previous location ---
   at Microsoft.AspNetCore.Mvc.Testing.DeferredHostBuilder.DeferredHost.StartAsync(CancellationToken cancellationToken)
   at Microsoft.Extensions.Hosting.HostingAbstractionsHostExtensions.Start(IHost host)
   at Microsoft.AspNetCore.Mvc.Testing.WebApplicationFactory`1.CreateHost(IHostBuilder builder)
   at Microsoft.AspNetCore.Mvc.Testing.WebApplicationFactory`1.ConfigureHostBuilder(IHostBuilder hostBuilder)
   at Microsoft.AspNetCore.Mvc.Testing.WebApplicationFactory`1.StartServer()
   at Microsoft.AspNetCore.Mvc.Testing.WebApplicationFactory`1.get_Services()
   at Erp.Testing.ErpTestEnvironment.StartAsync(SeedPlan plan, IDictionary`2 settings) in /home/user/critic/p03-identity-r2-plants/tests/Erp.Testing/ErpTestEnvironment.cs:line 97
   at Erp.Gates.Tests.Infrastructure.GateFixture.InitializeAsync() in /home/user/critic/p03-identity-r2-plants/tests/Erp.Gates.Tests/Infrastructure/GateFixture.cs:line 17
  Failed Erp.Gates.Tests.Rules.StringGateTests.Web_string_files_have_matching_English_and_Arabic_keys [1 ms]
  Error Message:
   Assembly fixture type 'Erp.Gates.Tests.Infrastructure.GateFixture' threw in InitializeAsync
---- System.InvalidOperationException : Endpoint authorisation is incomplete:
HTTP: GET /api/identity/users/{id:guid}/access => Access: declares no permission
  Stack Trace:
  
----- Inner Stack Trace -----
   at Erp.Kernel.Hosting.ErpPlatform.ValidateEndpoints(WebApplication app) in /home/user/critic/p03-identity-r2-plants/src/Kernel/Erp.Kernel/Hosting/ErpPlatform.cs:line 247
   at Erp.Kernel.Hosting.ErpPlatform.UseErpPlatform(WebApplication app) in /home/user/critic/p03-identity-r2-plants/src/Kernel/Erp.Kernel/Hosting/ErpPlatform.cs:line 213
   at Program.<Main>$(String[] args) in /home/user/critic/p03-identity-r2-plants/src/Host/Erp.Host/Program.cs:line 8
   at Program.<Main>(String[] args)
   at System.Reflection.MethodBaseInvoker.InterpretedInvoke_Method(Object obj, IntPtr* args)
   at System.Reflection.MethodBaseInvoker.InvokeDirectByRefWithFewArgs(Object obj, Span`1 copyOfArgs, BindingFlags invokeAttr)
--- End of stack trace from previous location ---
   at Microsoft.AspNetCore.Mvc.Testing.DeferredHostBuilder.DeferredHost.StartAsync(CancellationToken cancellationToken)
   at Microsoft.Extensions.Hosting.HostingAbstractionsHostExtensions.Start(IHost host)
   at Microsoft.AspNetCore.Mvc.Testing.WebApplicationFactory`1.CreateHost(IHostBuilder builder)
   at Microsoft.AspNetCore.Mvc.Testing.WebApplicationFactory`1.ConfigureHostBuilder(IHostBuilder hostBuilder)
   at Microsoft.AspNetCore.Mvc.Testing.WebApplicationFactory`1.StartServer()
   at Microsoft.AspNetCore.Mvc.Testing.WebApplicationFactory`1.get_Services()
   at Erp.Testing.ErpTestEnvironment.StartAsync(SeedPlan plan, IDictionary`2 settings) in /home/user/critic/p03-identity-r2-plants/tests/Erp.Testing/ErpTestEnvironment.cs:line 97
   at Erp.Gates.Tests.Infrastructure.GateFixture.InitializeAsync() in /home/user/critic/p03-identity-r2-plants/tests/Erp.Gates.Tests/Infrastructure/GateFixture.cs:line 17
  Failed Erp.Gates.Tests.Rules.StringGateTests.Server_string_files_have_matching_English_and_Arabic_keys [1 ms]
  Error Message:
   Assembly fixture type 'Erp.Gates.Tests.Infrastructure.GateFixture' threw in InitializeAsync
---- System.InvalidOperationException : Endpoint authorisation is incomplete:
HTTP: GET /api/identity/users/{id:guid}/access => Access: declares no permission
  Stack Trace:
  
----- Inner Stack Trace -----
   at Erp.Kernel.Hosting.ErpPlatform.ValidateEndpoints(WebApplication app) in /home/user/critic/p03-identity-r2-plants/src/Kernel/Erp.Kernel/Hosting/ErpPlatform.cs:line 247
   at Erp.Kernel.Hosting.ErpPlatform.UseErpPlatform(WebApplication app) in /home/user/critic/p03-identity-r2-plants/src/Kernel/Erp.Kernel/Hosting/ErpPlatform.cs:line 213
   at Program.<Main>$(String[] args) in /home/user/critic/p03-identity-r2-plants/src/Host/Erp.Host/Program.cs:line 8
   at Program.<Main>(String[] args)
   at System.Reflection.MethodBaseInvoker.InterpretedInvoke_Method(Object obj, IntPtr* args)
   at System.Reflection.MethodBaseInvoker.InvokeDirectByRefWithFewArgs(Object obj, Span`1 copyOfArgs, BindingFlags invokeAttr)
--- End of stack trace from previous location ---
   at Microsoft.AspNetCore.Mvc.Testing.DeferredHostBuilder.DeferredHost.StartAsync(CancellationToken cancellationToken)
   at Microsoft.Extensions.Hosting.HostingAbstractionsHostExtensions.Start(IHost host)
   at Microsoft.AspNetCore.Mvc.Testing.WebApplicationFactory`1.CreateHost(IHostBuilder builder)
   at Microsoft.AspNetCore.Mvc.Testing.WebApplicationFactory`1.ConfigureHostBuilder(IHostBuilder hostBuilder)
   at Microsoft.AspNetCore.Mvc.Testing.WebApplicationFactory`1.StartServer()
   at Microsoft.AspNetCore.Mvc.Testing.WebApplicationFactory`1.get_Services()
   at Erp.Testing.ErpTestEnvironment.StartAsync(SeedPlan plan, IDictionary`2 settings) in /home/user/critic/p03-identity-r2-plants/tests/Erp.Testing/ErpTestEnvironment.cs:line 97
   at Erp.Gates.Tests.Infrastructure.GateFixture.InitializeAsync() in /home/user/critic/p03-identity-r2-plants/tests/Erp.Gates.Tests/Infrastructure/GateFixture.cs:line 17
  Failed Erp.Gates.Tests.Rules.MoneyGateTests.No_parseFloat_in_front_end_code [1 ms]
  Error Message:
   Assembly fixture type 'Erp.Gates.Tests.Infrastructure.GateFixture' threw in InitializeAsync
---- System.InvalidOperationException : Endpoint authorisation is incomplete:
HTTP: GET /api/identity/users/{id:guid}/access => Access: declares no permission
  Stack Trace:
  
----- Inner Stack Trace -----
   at Erp.Kernel.Hosting.ErpPlatform.ValidateEndpoints(WebApplication app) in /home/user/critic/p03-identity-r2-plants/src/Kernel/Erp.Kernel/Hosting/ErpPlatform.cs:line 247
   at Erp.Kernel.Hosting.ErpPlatform.UseErpPlatform(WebApplication app) in /home/user/critic/p03-identity-r2-plants/src/Kernel/Erp.Kernel/Hosting/ErpPlatform.cs:line 213
   at Program.<Main>$(String[] args) in /home/user/critic/p03-identity-r2-plants/src/Host/Erp.Host/Program.cs:line 8
   at Program.<Main>(String[] args)
   at System.Reflection.MethodBaseInvoker.InterpretedInvoke_Method(Object obj, IntPtr* args)
   at System.Reflection.MethodBaseInvoker.InvokeDirectByRefWithFewArgs(Object obj, Span`1 copyOfArgs, BindingFlags invokeAttr)
--- End of stack trace from previous location ---
   at Microsoft.AspNetCore.Mvc.Testing.DeferredHostBuilder.DeferredHost.StartAsync(CancellationToken cancellationToken)
   at Microsoft.Extensions.Hosting.HostingAbstractionsHostExtensions.Start(IHost host)
   at Microsoft.AspNetCore.Mvc.Testing.WebApplicationFactory`1.CreateHost(IHostBuilder builder)
   at Microsoft.AspNetCore.Mvc.Testing.WebApplicationFactory`1.ConfigureHostBuilder(IHostBuilder hostBuilder)
   at Microsoft.AspNetCore.Mvc.Testing.WebApplicationFactory`1.StartServer()
   at Microsoft.AspNetCore.Mvc.Testing.WebApplicationFactory`1.get_Services()
   at Erp.Testing.ErpTestEnvironment.StartAsync(SeedPlan plan, IDictionary`2 settings) in /home/user/critic/p03-identity-r2-plants/tests/Erp.Testing/ErpTestEnvironment.cs:line 97
   at Erp.Gates.Tests.Infrastructure.GateFixture.InitializeAsync() in /home/user/critic/p03-identity-r2-plants/tests/Erp.Gates.Tests/Infrastructure/GateFixture.cs:line 17
  Failed Erp.Gates.Tests.Rules.MoneyGateTests.No_float_or_double_in_server_code [1 ms]
  Error Message:
   Assembly fixture type 'Erp.Gates.Tests.Infrastructure.GateFixture' threw in InitializeAsync
---- System.InvalidOperationException : Endpoint authorisation is incomplete:
HTTP: GET /api/identity/users/{id:guid}/access => Access: declares no permission
  Stack Trace:
  
----- Inner Stack Trace -----
   at Erp.Kernel.Hosting.ErpPlatform.ValidateEndpoints(WebApplication app) in /home/user/critic/p03-identity-r2-plants/src/Kernel/Erp.Kernel/Hosting/ErpPlatform.cs:line 247
   at Erp.Kernel.Hosting.ErpPlatform.UseErpPlatform(WebApplication app) in /home/user/critic/p03-identity-r2-plants/src/Kernel/Erp.Kernel/Hosting/ErpPlatform.cs:line 213
   at Program.<Main>$(String[] args) in /home/user/critic/p03-identity-r2-plants/src/Host/Erp.Host/Program.cs:line 8
   at Program.<Main>(String[] args)
   at System.Reflection.MethodBaseInvoker.InterpretedInvoke_Method(Object obj, IntPtr* args)
   at System.Reflection.MethodBaseInvoker.InvokeDirectByRefWithFewArgs(Object obj, Span`1 copyOfArgs, BindingFlags invokeAttr)
--- End of stack trace from previous location ---
   at Microsoft.AspNetCore.Mvc.Testing.DeferredHostBuilder.DeferredHost.StartAsync(CancellationToken cancellationToken)
   at Microsoft.Extensions.Hosting.HostingAbstractionsHostExtensions.Start(IHost host)
   at Microsoft.AspNetCore.Mvc.Testing.WebApplicationFactory`1.CreateHost(IHostBuilder builder)
   at Microsoft.AspNetCore.Mvc.Testing.WebApplicationFactory`1.ConfigureHostBuilder(IHostBuilder hostBuilder)
   at Microsoft.AspNetCore.Mvc.Testing.WebApplicationFactory`1.StartServer()
   at Microsoft.AspNetCore.Mvc.Testing.WebApplicationFactory`1.get_Services()
   at Erp.Testing.ErpTestEnvironment.StartAsync(SeedPlan plan, IDictionary`2 settings) in /home/user/critic/p03-identity-r2-plants/tests/Erp.Testing/ErpTestEnvironment.cs:line 97
   at Erp.Gates.Tests.Infrastructure.GateFixture.InitializeAsync() in /home/user/critic/p03-identity-r2-plants/tests/Erp.Gates.Tests/Infrastructure/GateFixture.cs:line 17
[xUnit.net 00:00:08.40]     Erp.Gates.Tests.Rules.MoneyGateTests.No_floating_point_or_money_columns_in_the_database [FAIL]
[xUnit.net 00:00:08.40]       Assembly fixture type 'Erp.Gates.Tests.Infrastructure.GateFixture' threw in InitializeAsync
[xUnit.net 00:00:08.40]       ---- System.InvalidOperationException : Endpoint authorisation is incomplete:
[xUnit.net 00:00:08.40]       HTTP: GET /api/identity/users/{id:guid}/access => Access: declares no permission
[xUnit.net 00:00:08.40]       Stack Trace:
[xUnit.net 00:00:08.40]         
[xUnit.net 00:00:08.40]         ----- Inner Stack Trace -----
[xUnit.net 00:00:08.40]         /home/user/critic/p03-identity-r2-plants/src/Kernel/Erp.Kernel/Hosting/ErpPlatform.cs(247,0): at Erp.Kernel.Hosting.ErpPlatform.ValidateEndpoints(WebApplication app)
[xUnit.net 00:00:08.40]         /home/user/critic/p03-identity-r2-plants/src/Kernel/Erp.Kernel/Hosting/ErpPlatform.cs(213,0): at Erp.Kernel.Hosting.ErpPlatform.UseErpPlatform(WebApplication app)
[xUnit.net 00:00:08.40]         /home/user/critic/p03-identity-r2-plants/src/Host/Erp.Host/Program.cs(8,0): at Program.<Main>$(String[] args)
[xUnit.net 00:00:08.40]            at Program.<Main>(String[] args)
[xUnit.net 00:00:08.40]            at System.Reflection.MethodBaseInvoker.InterpretedInvoke_Method(Object obj, IntPtr* args)
[xUnit.net 00:00:08.40]            at System.Reflection.MethodBaseInvoker.InvokeDirectByRefWithFewArgs(Object obj, Span`1 copyOfArgs, BindingFlags invokeAttr)
[xUnit.net 00:00:08.40]         --- End of stack trace from previous location ---
[xUnit.net 00:00:08.40]            at Microsoft.AspNetCore.Mvc.Testing.DeferredHostBuilder.DeferredHost.StartAsync(CancellationToken cancellationToken)
[xUnit.net 00:00:08.40]            at Microsoft.Extensions.Hosting.HostingAbstractionsHostExtensions.Start(IHost host)
[xUnit.net 00:00:08.40]            at Microsoft.AspNetCore.Mvc.Testing.WebApplicationFactory`1.CreateHost(IHostBuilder builder)
[xUnit.net 00:00:08.40]            at Microsoft.AspNetCore.Mvc.Testing.WebApplicationFactory`1.ConfigureHostBuilder(IHostBuilder hostBuilder)
[xUnit.net 00:00:08.40]            at Microsoft.AspNetCore.Mvc.Testing.WebApplicationFactory`1.StartServer()
[xUnit.net 00:00:08.40]            at Microsoft.AspNetCore.Mvc.Testing.WebApplicationFactory`1.get_Services()
[xUnit.net 00:00:08.40]         /home/user/critic/p03-identity-r2-plants/tests/Erp.Testing/ErpTestEnvironment.cs(97,0): at Erp.Testing.ErpTestEnvironment.StartAsync(SeedPlan plan, IDictionary`2 settings)
[xUnit.net 00:00:08.40]         /home/user/critic/p03-identity-r2-plants/tests/Erp.Gates.Tests/Infrastructure/GateFixture.cs(17,0): at Erp.Gates.Tests.Infrastructure.GateFixture.InitializeAsync()
[xUnit.net 00:00:08.40]     Erp.Gates.Tests.G2.G2PermissionTests.Undeclared_endpoints_fall_back_to_deny [FAIL]
[xUnit.net 00:00:08.40]       Assembly fixture type 'Erp.Gates.Tests.Infrastructure.GateFixture' threw in InitializeAsync
[xUnit.net 00:00:08.40]       ---- System.InvalidOperationException : Endpoint authorisation is incomplete:
[xUnit.net 00:00:08.40]       HTTP: GET /api/identity/users/{id:guid}/access => Access: declares no permission
[xUnit.net 00:00:08.40]       Stack Trace:
[xUnit.net 00:00:08.40]         
[xUnit.net 00:00:08.40]         ----- Inner Stack Trace -----
[xUnit.net 00:00:08.40]         /home/user/critic/p03-identity-r2-plants/src/Kernel/Erp.Kernel/Hosting/ErpPlatform.cs(247,0): at Erp.Kernel.Hosting.ErpPlatform.ValidateEndpoints(WebApplication app)
[xUnit.net 00:00:08.40]         /home/user/critic/p03-identity-r2-plants/src/Kernel/Erp.Kernel/Hosting/ErpPlatform.cs(213,0): at Erp.Kernel.Hosting.ErpPlatform.UseErpPlatform(WebApplication app)
[xUnit.net 00:00:08.40]         /home/user/critic/p03-identity-r2-plants/src/Host/Erp.Host/Program.cs(8,0): at Program.<Main>$(String[] args)
[xUnit.net 00:00:08.40]            at Program.<Main>(String[] args)
[xUnit.net 00:00:08.40]            at System.Reflection.MethodBaseInvoker.InterpretedInvoke_Method(Object obj, IntPtr* args)
[xUnit.net 00:00:08.40]            at System.Reflection.MethodBaseInvoker.InvokeDirectByRefWithFewArgs(Object obj, Span`1 copyOfArgs, BindingFlags invokeAttr)
[xUnit.net 00:00:08.40]         --- End of stack trace from previous location ---
[xUnit.net 00:00:08.40]            at Microsoft.AspNetCore.Mvc.Testing.DeferredHostBuilder.DeferredHost.StartAsync(CancellationToken cancellationToken)
[xUnit.net 00:00:08.40]            at Microsoft.Extensions.Hosting.HostingAbstractionsHostExtensions.Start(IHost host)
[xUnit.net 00:00:08.40]            at Microsoft.AspNetCore.Mvc.Testing.WebApplicationFactory`1.CreateHost(IHostBuilder builder)
[xUnit.net 00:00:08.40]            at Microsoft.AspNetCore.Mvc.Testing.WebApplicationFactory`1.ConfigureHostBuilder(IHostBuilder hostBuilder)
[xUnit.net 00:00:08.40]            at Microsoft.AspNetCore.Mvc.Testing.WebApplicationFactory`1.StartServer()
[xUnit.net 00:00:08.40]            at Microsoft.AspNetCore.Mvc.Testing.WebApplicationFactory`1.get_Services()
[xUnit.net 00:00:08.40]         /home/user/critic/p03-identity-r2-plants/tests/Erp.Testing/ErpTestEnvironment.cs(97,0): at Erp.Testing.ErpTestEnvironment.StartAsync(SeedPlan plan, IDictionary`2 settings)
[xUnit.net 00:00:08.40]         /home/user/critic/p03-identity-r2-plants/tests/Erp.Gates.Tests/Infrastructure/GateFixture.cs(17,0): at Erp.Gates.Tests.Infrastructure.GateFixture.InitializeAsync()
[xUnit.net 00:00:08.40]     Erp.Gates.Tests.G2.G2PermissionTests.Sharing_a_view_needs_the_share_permission_and_the_lists_own_permission [FAIL]
[xUnit.net 00:00:08.40]       Assembly fixture type 'Erp.Gates.Tests.Infrastructure.GateFixture' threw in InitializeAsync
[xUnit.net 00:00:08.40]       ---- System.InvalidOperationException : Endpoint authorisation is incomplete:
[xUnit.net 00:00:08.40]       HTTP: GET /api/identity/users/{id:guid}/access => Access: declares no permission
[xUnit.net 00:00:08.40]       Stack Trace:
[xUnit.net 00:00:08.40]         
[xUnit.net 00:00:08.40]         ----- Inner Stack Trace -----
[xUnit.net 00:00:08.40]         /home/user/critic/p03-identity-r2-plants/src/Kernel/Erp.Kernel/Hosting/ErpPlatform.cs(247,0): at Erp.Kernel.Hosting.ErpPlatform.ValidateEndpoints(WebApplication app)
[xUnit.net 00:00:08.40]         /home/user/critic/p03-identity-r2-plants/src/Kernel/Erp.Kernel/Hosting/ErpPlatform.cs(213,0): at Erp.Kernel.Hosting.ErpPlatform.UseErpPlatform(WebApplication app)
[xUnit.net 00:00:08.40]         /home/user/critic/p03-identity-r2-plants/src/Host/Erp.Host/Program.cs(8,0): at Program.<Main>$(String[] args)
[xUnit.net 00:00:08.40]            at Program.<Main>(String[] args)
[xUnit.net 00:00:08.40]            at System.Reflection.MethodBaseInvoker.InterpretedInvoke_Method(Object obj, IntPtr* args)
[xUnit.net 00:00:08.40]            at System.Reflection.MethodBaseInvoker.InvokeDirectByRefWithFewArgs(Object obj, Span`1 copyOfArgs, BindingFlags invokeAttr)
[xUnit.net 00:00:08.40]         --- End of stack trace from previous location ---
[xUnit.net 00:00:08.40]            at Microsoft.AspNetCore.Mvc.Testing.DeferredHostBuilder.DeferredHost.StartAsync(CancellationToken cancellationToken)
[xUnit.net 00:00:08.40]            at Microsoft.Extensions.Hosting.HostingAbstractionsHostExtensions.Start(IHost host)
[xUnit.net 00:00:08.40]            at Microsoft.AspNetCore.Mvc.Testing.WebApplicationFactory`1.CreateHost(IHostBuilder builder)
[xUnit.net 00:00:08.40]            at Microsoft.AspNetCore.Mvc.Testing.WebApplicationFactory`1.ConfigureHostBuilder(IHostBuilder hostBuilder)
[xUnit.net 00:00:08.40]            at Microsoft.AspNetCore.Mvc.Testing.WebApplicationFactory`1.StartServer()
[xUnit.net 00:00:08.40]            at Microsoft.AspNetCore.Mvc.Testing.WebApplicationFactory`1.get_Services()
[xUnit.net 00:00:08.40]         /home/user/critic/p03-identity-r2-plants/tests/Erp.Testing/ErpTestEnvironment.cs(97,0): at Erp.Testing.ErpTestEnvironment.StartAsync(SeedPlan plan, IDictionary`2 settings)
[xUnit.net 00:00:08.40]         /home/user/critic/p03-identity-r2-plants/tests/Erp.Gates.Tests/Infrastructure/GateFixture.cs(17,0): at Erp.Gates.Tests.Infrastructure.GateFixture.InitializeAsync()
[xUnit.net 00:00:08.40]     Erp.Gates.Tests.G2.G2PermissionTests.Every_registered_list_is_readable_with_its_permission_alone [FAIL]
[xUnit.net 00:00:08.40]       Assembly fixture type 'Erp.Gates.Tests.Infrastructure.GateFixture' threw in InitializeAsync
[xUnit.net 00:00:08.40]       ---- System.InvalidOperationException : Endpoint authorisation is incomplete:
[xUnit.net 00:00:08.40]       HTTP: GET /api/identity/users/{id:guid}/access => Access: declares no permission
[xUnit.net 00:00:08.40]       Stack Trace:
[xUnit.net 00:00:08.40]         
[xUnit.net 00:00:08.40]         ----- Inner Stack Trace -----
[xUnit.net 00:00:08.40]         /home/user/critic/p03-identity-r2-plants/src/Kernel/Erp.Kernel/Hosting/ErpPlatform.cs(247,0): at Erp.Kernel.Hosting.ErpPlatform.ValidateEndpoints(WebApplication app)
[xUnit.net 00:00:08.40]         /home/user/critic/p03-identity-r2-plants/src/Kernel/Erp.Kernel/Hosting/ErpPlatform.cs(213,0): at Erp.Kernel.Hosting.ErpPlatform.UseErpPlatform(WebApplication app)
[xUnit.net 00:00:08.40]         /home/user/critic/p03-identity-r2-plants/src/Host/Erp.Host/Program.cs(8,0): at Program.<Main>$(String[] args)
[xUnit.net 00:00:08.40]            at Program.<Main>(String[] args)
[xUnit.net 00:00:08.40]            at System.Reflection.MethodBaseInvoker.InterpretedInvoke_Method(Object obj, IntPtr* args)
[xUnit.net 00:00:08.40]            at System.Reflection.MethodBaseInvoker.InvokeDirectByRefWithFewArgs(Object obj, Span`1 copyOfArgs, BindingFlags invokeAttr)
[xUnit.net 00:00:08.40]         --- End of stack trace from previous location ---
[xUnit.net 00:00:08.40]            at Microsoft.AspNetCore.Mvc.Testing.DeferredHostBuilder.DeferredHost.StartAsync(CancellationToken cancellationToken)
[xUnit.net 00:00:08.40]            at Microsoft.Extensions.Hosting.HostingAbstractionsHostExtensions.Start(IHost host)
[xUnit.net 00:00:08.40]            at Microsoft.AspNetCore.Mvc.Testing.WebApplicationFactory`1.CreateHost(IHostBuilder builder)
[xUnit.net 00:00:08.40]            at Microsoft.AspNetCore.Mvc.Testing.WebApplicationFactory`1.ConfigureHostBuilder(IHostBuilder hostBuilder)
[xUnit.net 00:00:08.40]            at Microsoft.AspNetCore.Mvc.Testing.WebApplicationFactory`1.StartServer()
[xUnit.net 00:00:08.40]            at Microsoft.AspNetCore.Mvc.Testing.WebApplicationFactory`1.get_Services()
[xUnit.net 00:00:08.40]         /home/user/critic/p03-identity-r2-plants/tests/Erp.Testing/ErpTestEnvironment.cs(97,0): at Erp.Testing.ErpTestEnvironment.StartAsync(SeedPlan plan, IDictionary`2 settings)
[xUnit.net 00:00:08.40]         /home/user/critic/p03-identity-r2-plants/tests/Erp.Gates.Tests/Infrastructure/GateFixture.cs(17,0): at Erp.Gates.Tests.Infrastructure.GateFixture.InitializeAsync()
[xUnit.net 00:00:08.40]     Erp.Gates.Tests.G2.G2PermissionTests.The_host_refuses_a_list_whose_endpoint_declares_another_permission [FAIL]
[xUnit.net 00:00:08.40]       Assembly fixture type 'Erp.Gates.Tests.Infrastructure.GateFixture' threw in InitializeAsync
[xUnit.net 00:00:08.40]       ---- System.InvalidOperationException : Endpoint authorisation is incomplete:
[xUnit.net 00:00:08.40]       HTTP: GET /api/identity/users/{id:guid}/access => Access: declares no permission
[xUnit.net 00:00:08.40]       Stack Trace:
[xUnit.net 00:00:08.40]         
[xUnit.net 00:00:08.40]         ----- Inner Stack Trace -----
[xUnit.net 00:00:08.40]         /home/user/critic/p03-identity-r2-plants/src/Kernel/Erp.Kernel/Hosting/ErpPlatform.cs(247,0): at Erp.Kernel.Hosting.ErpPlatform.ValidateEndpoints(WebApplication app)
[xUnit.net 00:00:08.40]         /home/user/critic/p03-identity-r2-plants/src/Kernel/Erp.Kernel/Hosting/ErpPlatform.cs(213,0): at Erp.Kernel.Hosting.ErpPlatform.UseErpPlatform(WebApplication app)
[xUnit.net 00:00:08.40]         /home/user/critic/p03-identity-r2-plants/src/Host/Erp.Host/Program.cs(8,0): at Program.<Main>$(String[] args)
[xUnit.net 00:00:08.40]            at Program.<Main>(String[] args)
[xUnit.net 00:00:08.40]            at System.Reflection.MethodBaseInvoker.InterpretedInvoke_Method(Object obj, IntPtr* args)
[xUnit.net 00:00:08.40]            at System.Reflection.MethodBaseInvoker.InvokeDirectByRefWithFewArgs(Object obj, Span`1 copyOfArgs, BindingFlags invokeAttr)
[xUnit.net 00:00:08.40]         --- End of stack trace from previous location ---
[xUnit.net 00:00:08.40]            at Microsoft.AspNetCore.Mvc.Testing.DeferredHostBuilder.DeferredHost.StartAsync(CancellationToken cancellationToken)
[xUnit.net 00:00:08.40]            at Microsoft.Extensions.Hosting.HostingAbstractionsHostExtensions.Start(IHost host)
[xUnit.net 00:00:08.40]            at Microsoft.AspNetCore.Mvc.Testing.WebApplicationFactory`1.CreateHost(IHostBuilder builder)
[xUnit.net 00:00:08.40]            at Microsoft.AspNetCore.Mvc.Testing.WebApplicationFactory`1.ConfigureHostBuilder(IHostBuilder hostBuilder)
[xUnit.net 00:00:08.40]            at Microsoft.AspNetCore.Mvc.Testing.WebApplicationFactory`1.StartServer()
[xUnit.net 00:00:08.40]            at Microsoft.AspNetCore.Mvc.Testing.WebApplicationFactory`1.get_Services()
[xUnit.net 00:00:08.40]         /home/user/critic/p03-identity-r2-plants/tests/Erp.Testing/ErpTestEnvironment.cs(97,0): at Erp.Testing.ErpTestEnvironment.StartAsync(SeedPlan plan, IDictionary`2 settings)
[xUnit.net 00:00:08.40]         /home/user/critic/p03-identity-r2-plants/tests/Erp.Gates.Tests/Infrastructure/GateFixture.cs(17,0): at Erp.Gates.Tests.Infrastructure.GateFixture.InitializeAsync()
[xUnit.net 00:00:08.41]     Erp.Gates.Tests.G2.G2PermissionTests.The_host_refuses_to_start_with_an_endpoint_whose_permission_is_not_in_the_catalogue [FAIL]
[xUnit.net 00:00:08.41]       Assembly fixture type 'Erp.Gates.Tests.Infrastructure.GateFixture' threw in InitializeAsync
[xUnit.net 00:00:08.41]       ---- System.InvalidOperationException : Endpoint authorisation is incomplete:
[xUnit.net 00:00:08.41]       HTTP: GET /api/identity/users/{id:guid}/access => Access: declares no permission
[xUnit.net 00:00:08.41]       Stack Trace:
[xUnit.net 00:00:08.41]         
[xUnit.net 00:00:08.41]         ----- Inner Stack Trace -----
[xUnit.net 00:00:08.41]         /home/user/critic/p03-identity-r2-plants/src/Kernel/Erp.Kernel/Hosting/ErpPlatform.cs(247,0): at Erp.Kernel.Hosting.ErpPlatform.ValidateEndpoints(WebApplication app)
[xUnit.net 00:00:08.41]         /home/user/critic/p03-identity-r2-plants/src/Kernel/Erp.Kernel/Hosting/ErpPlatform.cs(213,0): at Erp.Kernel.Hosting.ErpPlatform.UseErpPlatform(WebApplication app)
[xUnit.net 00:00:08.41]         /home/user/critic/p03-identity-r2-plants/src/Host/Erp.Host/Program.cs(8,0): at Program.<Main>$(String[] args)
[xUnit.net 00:00:08.41]            at Program.<Main>(String[] args)
[xUnit.net 00:00:08.41]            at System.Reflection.MethodBaseInvoker.InterpretedInvoke_Method(Object obj, IntPtr* args)
[xUnit.net 00:00:08.41]            at System.Reflection.MethodBaseInvoker.InvokeDirectByRefWithFewArgs(Object obj, Span`1 copyOfArgs, BindingFlags invokeAttr)
[xUnit.net 00:00:08.41]         --- End of stack trace from previous location ---
[xUnit.net 00:00:08.41]            at Microsoft.AspNetCore.Mvc.Testing.DeferredHostBuilder.DeferredHost.StartAsync(CancellationToken cancellationToken)
[xUnit.net 00:00:08.41]            at Microsoft.Extensions.Hosting.HostingAbstractionsHostExtensions.Start(IHost host)
[xUnit.net 00:00:08.41]            at Microsoft.AspNetCore.Mvc.Testing.WebApplicationFactory`1.CreateHost(IHostBuilder builder)
[xUnit.net 00:00:08.41]            at Microsoft.AspNetCore.Mvc.Testing.WebApplicationFactory`1.ConfigureHostBuilder(IHostBuilder hostBuilder)
[xUnit.net 00:00:08.41]            at Microsoft.AspNetCore.Mvc.Testing.WebApplicationFactory`1.StartServer()
[xUnit.net 00:00:08.41]            at Microsoft.AspNetCore.Mvc.Testing.WebApplicationFactory`1.get_Services()
[xUnit.net 00:00:08.41]         /home/user/critic/p03-identity-r2-plants/tests/Erp.Testing/ErpTestEnvironment.cs(97,0): at Erp.Testing.ErpTestEnvironment.StartAsync(SeedPlan plan, IDictionary`2 settings)
[xUnit.net 00:00:08.41]         /home/user/critic/p03-identity-r2-plants/tests/Erp.Gates.Tests/Infrastructure/GateFixture.cs(17,0): at Erp.Gates.Tests.Infrastructure.GateFixture.InitializeAsync()
[xUnit.net 00:00:08.41]     Erp.Gates.Tests.G2.G2PermissionTests.The_host_refuses_to_start_with_an_endpoint_that_declares_no_permission [FAIL]
[xUnit.net 00:00:08.41]       Assembly fixture type 'Erp.Gates.Tests.Infrastructure.GateFixture' threw in InitializeAsync
[xUnit.net 00:00:08.41]       ---- System.InvalidOperationException : Endpoint authorisation is incomplete:
[xUnit.net 00:00:08.41]       HTTP: GET /api/identity/users/{id:guid}/access => Access: declares no permission
[xUnit.net 00:00:08.41]       Stack Trace:
[xUnit.net 00:00:08.41]         
[xUnit.net 00:00:08.41]         ----- Inner Stack Trace -----
[xUnit.net 00:00:08.41]         /home/user/critic/p03-identity-r2-plants/src/Kernel/Erp.Kernel/Hosting/ErpPlatform.cs(247,0): at Erp.Kernel.Hosting.ErpPlatform.ValidateEndpoints(WebApplication app)
[xUnit.net 00:00:08.41]         /home/user/critic/p03-identity-r2-plants/src/Kernel/Erp.Kernel/Hosting/ErpPlatform.cs(213,0): at Erp.Kernel.Hosting.ErpPlatform.UseErpPlatform(WebApplication app)
[xUnit.net 00:00:08.41]         /home/user/critic/p03-identity-r2-plants/src/Host/Erp.Host/Program.cs(8,0): at Program.<Main>$(String[] args)
[xUnit.net 00:00:08.41]            at Program.<Main>(String[] args)
[xUnit.net 00:00:08.41]            at System.Reflection.MethodBaseInvoker.InterpretedInvoke_Method(Object obj, IntPtr* args)
[xUnit.net 00:00:08.41]            at System.Reflection.MethodBaseInvoker.InvokeDirectByRefWithFewArgs(Object obj, Span`1 copyOfArgs, BindingFlags invokeAttr)
[xUnit.net 00:00:08.41]         --- End of stack trace from previous location ---
[xUnit.net 00:00:08.41]            at Microsoft.AspNetCore.Mvc.Testing.DeferredHostBuilder.DeferredHost.StartAsync(CancellationToken cancellationToken)
[xUnit.net 00:00:08.41]            at Microsoft.Extensions.Hosting.HostingAbstractionsHostExtensions.Start(IHost host)
[xUnit.net 00:00:08.41]            at Microsoft.AspNetCore.Mvc.Testing.WebApplicationFactory`1.CreateHost(IHostBuilder builder)
[xUnit.net 00:00:08.41]            at Microsoft.AspNetCore.Mvc.Testing.WebApplicationFactory`1.ConfigureHostBuilder(IHostBuilder hostBuilder)
[xUnit.net 00:00:08.41]            at Microsoft.AspNetCore.Mvc.Testing.WebApplicationFactory`1.StartServer()
[xUnit.net 00:00:08.41]            at Microsoft.AspNetCore.Mvc.Testing.WebApplicationFactory`1.get_Services()
[xUnit.net 00:00:08.41]         /home/user/critic/p03-identity-r2-plants/tests/Erp.Testing/ErpTestEnvironment.cs(97,0): at Erp.Testing.ErpTestEnvironment.StartAsync(SeedPlan plan, IDictionary`2 settings)
[xUnit.net 00:00:08.41]         /home/user/critic/p03-identity-r2-plants/tests/Erp.Gates.Tests/Infrastructure/GateFixture.cs(17,0): at Erp.Gates.Tests.Infrastructure.GateFixture.InitializeAsync()
[xUnit.net 00:00:08.41]     Erp.Gates.Tests.G2.G2PermissionTests.No_endpoint_grants_more_than_the_caller_holds [FAIL]
[xUnit.net 00:00:08.41]       Assembly fixture type 'Erp.Gates.Tests.Infrastructure.GateFixture' threw in InitializeAsync
[xUnit.net 00:00:08.41]       ---- System.InvalidOperationException : Endpoint authorisation is incomplete:
[xUnit.net 00:00:08.41]       HTTP: GET /api/identity/users/{id:guid}/access => Access: declares no permission
[xUnit.net 00:00:08.41]       Stack Trace:
[xUnit.net 00:00:08.41]         
[xUnit.net 00:00:08.41]         ----- Inner Stack Trace -----
[xUnit.net 00:00:08.41]         /home/user/critic/p03-identity-r2-plants/src/Kernel/Erp.Kernel/Hosting/ErpPlatform.cs(247,0): at Erp.Kernel.Hosting.ErpPlatform.ValidateEndpoints(WebApplication app)
[xUnit.net 00:00:08.41]         /home/user/critic/p03-identity-r2-plants/src/Kernel/Erp.Kernel/Hosting/ErpPlatform.cs(213,0): at Erp.Kernel.Hosting.ErpPlatform.UseErpPlatform(WebApplication app)
[xUnit.net 00:00:08.41]         /home/user/critic/p03-identity-r2-plants/src/Host/Erp.Host/Program.cs(8,0): at Program.<Main>$(String[] args)
[xUnit.net 00:00:08.41]            at Program.<Main>(String[] args)
[xUnit.net 00:00:08.41]            at System.Reflection.MethodBaseInvoker.InterpretedInvoke_Method(Object obj, IntPtr* args)
[xUnit.net 00:00:08.41]            at System.Reflection.MethodBaseInvoker.InvokeDirectByRefWithFewArgs(Object obj, Span`1 copyOfArgs, BindingFlags invokeAttr)
[xUnit.net 00:00:08.41]         --- End of stack trace from previous location ---
[xUnit.net 00:00:08.41]            at Microsoft.AspNetCore.Mvc.Testing.DeferredHostBuilder.DeferredHost.StartAsync(CancellationToken cancellationToken)
[xUnit.net 00:00:08.41]            at Microsoft.Extensions.Hosting.HostingAbstractionsHostExtensions.Start(IHost host)
[xUnit.net 00:00:08.41]            at Microsoft.AspNetCore.Mvc.Testing.WebApplicationFactory`1.CreateHost(IHostBuilder builder)
[xUnit.net 00:00:08.41]            at Microsoft.AspNetCore.Mvc.Testing.WebApplicationFactory`1.ConfigureHostBuilder(IHostBuilder hostBuilder)
[xUnit.net 00:00:08.41]            at Microsoft.AspNetCore.Mvc.Testing.WebApplicationFactory`1.StartServer()
[xUnit.net 00:00:08.41]            at Microsoft.AspNetCore.Mvc.Testing.WebApplicationFactory`1.get_Services()
[xUnit.net 00:00:08.41]         /home/user/critic/p03-identity-r2-plants/tests/Erp.Testing/ErpTestEnvironment.cs(97,0): at Erp.Testing.ErpTestEnvironment.StartAsync(SeedPlan plan, IDictionary`2 settings)
[xUnit.net 00:00:08.41]         /home/user/critic/p03-identity-r2-plants/tests/Erp.Gates.Tests/Infrastructure/GateFixture.cs(17,0): at Erp.Gates.Tests.Infrastructure.GateFixture.InitializeAsync()
[xUnit.net 00:00:08.41]     Erp.Gates.Tests.G2.G2PermissionTests.Creating_a_user_cannot_grant_more_than_the_caller_holds [FAIL]
[xUnit.net 00:00:08.41]       Assembly fixture type 'Erp.Gates.Tests.Infrastructure.GateFixture' threw in InitializeAsync
[xUnit.net 00:00:08.41]       ---- System.InvalidOperationException : Endpoint authorisation is incomplete:
[xUnit.net 00:00:08.41]       HTTP: GET /api/identity/users/{id:guid}/access => Access: declares no permission
[xUnit.net 00:00:08.41]       Stack Trace:
[xUnit.net 00:00:08.41]         
[xUnit.net 00:00:08.41]         ----- Inner Stack Trace -----
[xUnit.net 00:00:08.41]         /home/user/critic/p03-identity-r2-plants/src/Kernel/Erp.Kernel/Hosting/ErpPlatform.cs(247,0): at Erp.Kernel.Hosting.ErpPlatform.ValidateEndpoints(WebApplication app)
[xUnit.net 00:00:08.41]         /home/user/critic/p03-identity-r2-plants/src/Kernel/Erp.Kernel/Hosting/ErpPlatform.cs(213,0): at Erp.Kernel.Hosting.ErpPlatform.UseErpPlatform(WebApplication app)
[xUnit.net 00:00:08.41]         /home/user/critic/p03-identity-r2-plants/src/Host/Erp.Host/Program.cs(8,0): at Program.<Main>$(String[] args)
[xUnit.net 00:00:08.41]            at Program.<Main>(String[] args)
[xUnit.net 00:00:08.41]            at System.Reflection.MethodBaseInvoker.InterpretedInvoke_Method(Object obj, IntPtr* args)
[xUnit.net 00:00:08.41]            at System.Reflection.MethodBaseInvoker.InvokeDirectByRefWithFewArgs(Object obj, Span`1 copyOfArgs, BindingFlags invokeAttr)
[xUnit.net 00:00:08.41]         --- End of stack trace from previous location ---
[xUnit.net 00:00:08.41]            at Microsoft.AspNetCore.Mvc.Testing.DeferredHostBuilder.DeferredHost.StartAsync(CancellationToken cancellationToken)
[xUnit.net 00:00:08.41]            at Microsoft.Extensions.Hosting.HostingAbstractionsHostExtensions.Start(IHost host)
[xUnit.net 00:00:08.41]            at Microsoft.AspNetCore.Mvc.Testing.WebApplicationFactory`1.CreateHost(IHostBuilder builder)
[xUnit.net 00:00:08.41]            at Microsoft.AspNetCore.Mvc.Testing.WebApplicationFactory`1.ConfigureHostBuilder(IHostBuilder hostBuilder)
[xUnit.net 00:00:08.41]            at Microsoft.AspNetCore.Mvc.Testing.WebApplicationFactory`1.StartServer()
[xUnit.net 00:00:08.41]            at Microsoft.AspNetCore.Mvc.Testing.WebApplicationFactory`1.get_Services()
[xUnit.net 00:00:08.41]         /home/user/critic/p03-identity-r2-plants/tests/Erp.Testing/ErpTestEnvironment.cs(97,0): at Erp.Testing.ErpTestEnvironment.StartAsync(SeedPlan plan, IDictionary`2 settings)
[xUnit.net 00:00:08.41]         /home/user/critic/p03-identity-r2-plants/tests/Erp.Gates.Tests/Infrastructure/GateFixture.cs(17,0): at Erp.Gates.Tests.Infrastructure.GateFixture.InitializeAsync()
  Failed Erp.Gates.Tests.Rules.MoneyGateTests.No_floating_point_or_money_columns_in_the_database [1 ms]
  Error Message:
   Assembly fixture type 'Erp.Gates.Tests.Infrastructure.GateFixture' threw in InitializeAsync
---- System.InvalidOperationException : Endpoint authorisation is incomplete:
HTTP: GET /api/identity/users/{id:guid}/access => Access: declares no permission
  Stack Trace:
  
----- Inner Stack Trace -----
   at Erp.Kernel.Hosting.ErpPlatform.ValidateEndpoints(WebApplication app) in /home/user/critic/p03-identity-r2-plants/src/Kernel/Erp.Kernel/Hosting/ErpPlatform.cs:line 247
   at Erp.Kernel.Hosting.ErpPlatform.UseErpPlatform(WebApplication app) in /home/user/critic/p03-identity-r2-plants/src/Kernel/Erp.Kernel/Hosting/ErpPlatform.cs:line 213
   at Program.<Main>$(String[] args) in /home/user/critic/p03-identity-r2-plants/src/Host/Erp.Host/Program.cs:line 8
   at Program.<Main>(String[] args)
   at System.Reflection.MethodBaseInvoker.InterpretedInvoke_Method(Object obj, IntPtr* args)
   at System.Reflection.MethodBaseInvoker.InvokeDirectByRefWithFewArgs(Object obj, Span`1 copyOfArgs, BindingFlags invokeAttr)
--- End of stack trace from previous location ---
   at Microsoft.AspNetCore.Mvc.Testing.DeferredHostBuilder.DeferredHost.StartAsync(CancellationToken cancellationToken)
   at Microsoft.Extensions.Hosting.HostingAbstractionsHostExtensions.Start(IHost host)
   at Microsoft.AspNetCore.Mvc.Testing.WebApplicationFactory`1.CreateHost(IHostBuilder builder)
   at Microsoft.AspNetCore.Mvc.Testing.WebApplicationFactory`1.ConfigureHostBuilder(IHostBuilder hostBuilder)
   at Microsoft.AspNetCore.Mvc.Testing.WebApplicationFactory`1.StartServer()
   at Microsoft.AspNetCore.Mvc.Testing.WebApplicationFactory`1.get_Services()
   at Erp.Testing.ErpTestEnvironment.StartAsync(SeedPlan plan, IDictionary`2 settings) in /home/user/critic/p03-identity-r2-plants/tests/Erp.Testing/ErpTestEnvironment.cs:line 97
   at Erp.Gates.Tests.Infrastructure.GateFixture.InitializeAsync() in /home/user/critic/p03-identity-r2-plants/tests/Erp.Gates.Tests/Infrastructure/GateFixture.cs:line 17
  Failed Erp.Gates.Tests.G2.G2PermissionTests.Undeclared_endpoints_fall_back_to_deny [1 ms]
  Error Message:
   Assembly fixture type 'Erp.Gates.Tests.Infrastructure.GateFixture' threw in InitializeAsync
---- System.InvalidOperationException : Endpoint authorisation is incomplete:
HTTP: GET /api/identity/users/{id:guid}/access => Access: declares no permission
  Stack Trace:
  
----- Inner Stack Trace -----
   at Erp.Kernel.Hosting.ErpPlatform.ValidateEndpoints(WebApplication app) in /home/user/critic/p03-identity-r2-plants/src/Kernel/Erp.Kernel/Hosting/ErpPlatform.cs:line 247
   at Erp.Kernel.Hosting.ErpPlatform.UseErpPlatform(WebApplication app) in /home/user/critic/p03-identity-r2-plants/src/Kernel/Erp.Kernel/Hosting/ErpPlatform.cs:line 213
   at Program.<Main>$(String[] args) in /home/user/critic/p03-identity-r2-plants/src/Host/Erp.Host/Program.cs:line 8
   at Program.<Main>(String[] args)
   at System.Reflection.MethodBaseInvoker.InterpretedInvoke_Method(Object obj, IntPtr* args)
   at System.Reflection.MethodBaseInvoker.InvokeDirectByRefWithFewArgs(Object obj, Span`1 copyOfArgs, BindingFlags invokeAttr)
--- End of stack trace from previous location ---
   at Microsoft.AspNetCore.Mvc.Testing.DeferredHostBuilder.DeferredHost.StartAsync(CancellationToken cancellationToken)
   at Microsoft.Extensions.Hosting.HostingAbstractionsHostExtensions.Start(IHost host)
   at Microsoft.AspNetCore.Mvc.Testing.WebApplicationFactory`1.CreateHost(IHostBuilder builder)
   at Microsoft.AspNetCore.Mvc.Testing.WebApplicationFactory`1.ConfigureHostBuilder(IHostBuilder hostBuilder)
   at Microsoft.AspNetCore.Mvc.Testing.WebApplicationFactory`1.StartServer()
   at Microsoft.AspNetCore.Mvc.Testing.WebApplicationFactory`1.get_Services()
   at Erp.Testing.ErpTestEnvironment.StartAsync(SeedPlan plan, IDictionary`2 settings) in /home/user/critic/p03-identity-r2-plants/tests/Erp.Testing/ErpTestEnvironment.cs:line 97
   at Erp.Gates.Tests.Infrastructure.GateFixture.InitializeAsync() in /home/user/critic/p03-identity-r2-plants/tests/Erp.Gates.Tests/Infrastructure/GateFixture.cs:line 17
  Failed Erp.Gates.Tests.G2.G2PermissionTests.Sharing_a_view_needs_the_share_permission_and_the_lists_own_permission [1 ms]
  Error Message:
   Assembly fixture type 'Erp.Gates.Tests.Infrastructure.GateFixture' threw in InitializeAsync
---- System.InvalidOperationException : Endpoint authorisation is incomplete:
HTTP: GET /api/identity/users/{id:guid}/access => Access: declares no permission
  Stack Trace:
  
----- Inner Stack Trace -----
   at Erp.Kernel.Hosting.ErpPlatform.ValidateEndpoints(WebApplication app) in /home/user/critic/p03-identity-r2-plants/src/Kernel/Erp.Kernel/Hosting/ErpPlatform.cs:line 247
   at Erp.Kernel.Hosting.ErpPlatform.UseErpPlatform(WebApplication app) in /home/user/critic/p03-identity-r2-plants/src/Kernel/Erp.Kernel/Hosting/ErpPlatform.cs:line 213
   at Program.<Main>$(String[] args) in /home/user/critic/p03-identity-r2-plants/src/Host/Erp.Host/Program.cs:line 8
   at Program.<Main>(String[] args)
   at System.Reflection.MethodBaseInvoker.InterpretedInvoke_Method(Object obj, IntPtr* args)
   at System.Reflection.MethodBaseInvoker.InvokeDirectByRefWithFewArgs(Object obj, Span`1 copyOfArgs, BindingFlags invokeAttr)
--- End of stack trace from previous location ---
   at Microsoft.AspNetCore.Mvc.Testing.DeferredHostBuilder.DeferredHost.StartAsync(CancellationToken cancellationToken)
   at Microsoft.Extensions.Hosting.HostingAbstractionsHostExtensions.Start(IHost host)
   at Microsoft.AspNetCore.Mvc.Testing.WebApplicationFactory`1.CreateHost(IHostBuilder builder)
   at Microsoft.AspNetCore.Mvc.Testing.WebApplicationFactory`1.ConfigureHostBuilder(IHostBuilder hostBuilder)
   at Microsoft.AspNetCore.Mvc.Testing.WebApplicationFactory`1.StartServer()
   at Microsoft.AspNetCore.Mvc.Testing.WebApplicationFactory`1.get_Services()
   at Erp.Testing.ErpTestEnvironment.StartAsync(SeedPlan plan, IDictionary`2 settings) in /home/user/critic/p03-identity-r2-plants/tests/Erp.Testing/ErpTestEnvironment.cs:line 97
   at Erp.Gates.Tests.Infrastructure.GateFixture.InitializeAsync() in /home/user/critic/p03-identity-r2-plants/tests/Erp.Gates.Tests/Infrastructure/GateFixture.cs:line 17
  Failed Erp.Gates.Tests.G2.G2PermissionTests.Every_registered_list_is_readable_with_its_permission_alone [1 ms]
  Error Message:
   Assembly fixture type 'Erp.Gates.Tests.Infrastructure.GateFixture' threw in InitializeAsync
---- System.InvalidOperationException : Endpoint authorisation is incomplete:
HTTP: GET /api/identity/users/{id:guid}/access => Access: declares no permission
  Stack Trace:
  
----- Inner Stack Trace -----
   at Erp.Kernel.Hosting.ErpPlatform.ValidateEndpoints(WebApplication app) in /home/user/critic/p03-identity-r2-plants/src/Kernel/Erp.Kernel/Hosting/ErpPlatform.cs:line 247
   at Erp.Kernel.Hosting.ErpPlatform.UseErpPlatform(WebApplication app) in /home/user/critic/p03-identity-r2-plants/src/Kernel/Erp.Kernel/Hosting/ErpPlatform.cs:line 213
   at Program.<Main>$(String[] args) in /home/user/critic/p03-identity-r2-plants/src/Host/Erp.Host/Program.cs:line 8
   at Program.<Main>(String[] args)
   at System.Reflection.MethodBaseInvoker.InterpretedInvoke_Method(Object obj, IntPtr* args)
   at System.Reflection.MethodBaseInvoker.InvokeDirectByRefWithFewArgs(Object obj, Span`1 copyOfArgs, BindingFlags invokeAttr)
--- End of stack trace from previous location ---
   at Microsoft.AspNetCore.Mvc.Testing.DeferredHostBuilder.DeferredHost.StartAsync(CancellationToken cancellationToken)
   at Microsoft.Extensions.Hosting.HostingAbstractionsHostExtensions.Start(IHost host)
   at Microsoft.AspNetCore.Mvc.Testing.WebApplicationFactory`1.CreateHost(IHostBuilder builder)
   at Microsoft.AspNetCore.Mvc.Testing.WebApplicationFactory`1.ConfigureHostBuilder(IHostBuilder hostBuilder)
   at Microsoft.AspNetCore.Mvc.Testing.WebApplicationFactory`1.StartServer()
   at Microsoft.AspNetCore.Mvc.Testing.WebApplicationFactory`1.get_Services()
   at Erp.Testing.ErpTestEnvironment.StartAsync(SeedPlan plan, IDictionary`2 settings) in /home/user/critic/p03-identity-r2-plants/tests/Erp.Testing/ErpTestEnvironment.cs:line 97
   at Erp.Gates.Tests.Infrastructure.GateFixture.InitializeAsync() in /home/user/critic/p03-identity-r2-plants/tests/Erp.Gates.Tests/Infrastructure/GateFixture.cs:line 17
  Failed Erp.Gates.Tests.G2.G2PermissionTests.The_host_refuses_a_list_whose_endpoint_declares_another_permission [1 ms]
  Error Message:
   Assembly fixture type 'Erp.Gates.Tests.Infrastructure.GateFixture' threw in InitializeAsync
---- System.InvalidOperationException : Endpoint authorisation is incomplete:
HTTP: GET /api/identity/users/{id:guid}/access => Access: declares no permission
  Stack Trace:
  
----- Inner Stack Trace -----
   at Erp.Kernel.Hosting.ErpPlatform.ValidateEndpoints(WebApplication app) in /home/user/critic/p03-identity-r2-plants/src/Kernel/Erp.Kernel/Hosting/ErpPlatform.cs:line 247
   at Erp.Kernel.Hosting.ErpPlatform.UseErpPlatform(WebApplication app) in /home/user/critic/p03-identity-r2-plants/src/Kernel/Erp.Kernel/Hosting/ErpPlatform.cs:line 213
   at Program.<Main>$(String[] args) in /home/user/critic/p03-identity-r2-plants/src/Host/Erp.Host/Program.cs:line 8
   at Program.<Main>(String[] args)
   at System.Reflection.MethodBaseInvoker.InterpretedInvoke_Method(Object obj, IntPtr* args)
   at System.Reflection.MethodBaseInvoker.InvokeDirectByRefWithFewArgs(Object obj, Span`1 copyOfArgs, BindingFlags invokeAttr)
--- End of stack trace from previous location ---
   at Microsoft.AspNetCore.Mvc.Testing.DeferredHostBuilder.DeferredHost.StartAsync(CancellationToken cancellationToken)
   at Microsoft.Extensions.Hosting.HostingAbstractionsHostExtensions.Start(IHost host)
   at Microsoft.AspNetCore.Mvc.Testing.WebApplicationFactory`1.CreateHost(IHostBuilder builder)
   at Microsoft.AspNetCore.Mvc.Testing.WebApplicationFactory`1.ConfigureHostBuilder(IHostBuilder hostBuilder)
   at Microsoft.AspNetCore.Mvc.Testing.WebApplicationFactory`1.StartServer()
   at Microsoft.AspNetCore.Mvc.Testing.WebApplicationFactory`1.get_Services()
   at Erp.Testing.ErpTestEnvironment.StartAsync(SeedPlan plan, IDictionary`2 settings) in /home/user/critic/p03-identity-r2-plants/tests/Erp.Testing/ErpTestEnvironment.cs:line 97
   at Erp.Gates.Tests.Infrastructure.GateFixture.InitializeAsync() in /home/user/critic/p03-identity-r2-plants/tests/Erp.Gates.Tests/Infrastructure/GateFixture.cs:line 17
  Failed Erp.Gates.Tests.G2.G2PermissionTests.The_host_refuses_to_start_with_an_endpoint_whose_permission_is_not_in_the_catalogue [1 ms]
  Error Message:
   Assembly fixture type 'Erp.Gates.Tests.Infrastructure.GateFixture' threw in InitializeAsync
---- System.InvalidOperationException : Endpoint authorisation is incomplete:
HTTP: GET /api/identity/users/{id:guid}/access => Access: declares no permission
  Stack Trace:
  
----- Inner Stack Trace -----
   at Erp.Kernel.Hosting.ErpPlatform.ValidateEndpoints(WebApplication app) in /home/user/critic/p03-identity-r2-plants/src/Kernel/Erp.Kernel/Hosting/ErpPlatform.cs:line 247
   at Erp.Kernel.Hosting.ErpPlatform.UseErpPlatform(WebApplication app) in /home/user/critic/p03-identity-r2-plants/src/Kernel/Erp.Kernel/Hosting/ErpPlatform.cs:line 213
   at Program.<Main>$(String[] args) in /home/user/critic/p03-identity-r2-plants/src/Host/Erp.Host/Program.cs:line 8
   at Program.<Main>(String[] args)
   at System.Reflection.MethodBaseInvoker.InterpretedInvoke_Method(Object obj, IntPtr* args)
   at System.Reflection.MethodBaseInvoker.InvokeDirectByRefWithFewArgs(Object obj, Span`1 copyOfArgs, BindingFlags invokeAttr)
--- End of stack trace from previous location ---
   at Microsoft.AspNetCore.Mvc.Testing.DeferredHostBuilder.DeferredHost.StartAsync(CancellationToken cancellationToken)
   at Microsoft.Extensions.Hosting.HostingAbstractionsHostExtensions.Start(IHost host)
   at Microsoft.AspNetCore.Mvc.Testing.WebApplicationFactory`1.CreateHost(IHostBuilder builder)
   at Microsoft.AspNetCore.Mvc.Testing.WebApplicationFactory`1.ConfigureHostBuilder(IHostBuilder hostBuilder)
   at Microsoft.AspNetCore.Mvc.Testing.WebApplicationFactory`1.StartServer()
   at Microsoft.AspNetCore.Mvc.Testing.WebApplicationFactory`1.get_Services()
   at Erp.Testing.ErpTestEnvironment.StartAsync(SeedPlan plan, IDictionary`2 settings) in /home/user/critic/p03-identity-r2-plants/tests/Erp.Testing/ErpTestEnvironment.cs:line 97
   at Erp.Gates.Tests.Infrastructure.GateFixture.InitializeAsync() in /home/user/critic/p03-identity-r2-plants/tests/Erp.Gates.Tests/Infrastructure/GateFixture.cs:line 17
  Failed Erp.Gates.Tests.G2.G2PermissionTests.The_host_refuses_to_start_with_an_endpoint_that_declares_no_permission [1 ms]
  Error Message:
   Assembly fixture type 'Erp.Gates.Tests.Infrastructure.GateFixture' threw in InitializeAsync
---- System.InvalidOperationException : Endpoint authorisation is incomplete:
HTTP: GET /api/identity/users/{id:guid}/access => Access: declares no permission
  Stack Trace:
  
----- Inner Stack Trace -----
   at Erp.Kernel.Hosting.ErpPlatform.ValidateEndpoints(WebApplication app) in /home/user/critic/p03-identity-r2-plants/src/Kernel/Erp.Kernel/Hosting/ErpPlatform.cs:line 247
   at Erp.Kernel.Hosting.ErpPlatform.UseErpPlatform(WebApplication app) in /home/user/critic/p03-identity-r2-plants/src/Kernel/Erp.Kernel/Hosting/ErpPlatform.cs:line 213
   at Program.<Main>$(String[] args) in /home/user/critic/p03-identity-r2-plants/src/Host/Erp.Host/Program.cs:line 8
   at Program.<Main>(String[] args)
   at System.Reflection.MethodBaseInvoker.InterpretedInvoke_Method(Object obj, IntPtr* args)
   at System.Reflection.MethodBaseInvoker.InvokeDirectByRefWithFewArgs(Object obj, Span`1 copyOfArgs, BindingFlags invokeAttr)
--- End of stack trace from previous location ---
   at Microsoft.AspNetCore.Mvc.Testing.DeferredHostBuilder.DeferredHost.StartAsync(CancellationToken cancellationToken)
   at Microsoft.Extensions.Hosting.HostingAbstractionsHostExtensions.Start(IHost host)
   at Microsoft.AspNetCore.Mvc.Testing.WebApplicationFactory`1.CreateHost(IHostBuilder builder)
   at Microsoft.AspNetCore.Mvc.Testing.WebApplicationFactory`1.ConfigureHostBuilder(IHostBuilder hostBuilder)
   at Microsoft.AspNetCore.Mvc.Testing.WebApplicationFactory`1.StartServer()
   at Microsoft.AspNetCore.Mvc.Testing.WebApplicationFactory`1.get_Services()
   at Erp.Testing.ErpTestEnvironment.StartAsync(SeedPlan plan, IDictionary`2 settings) in /home/user/critic/p03-identity-r2-plants/tests/Erp.Testing/ErpTestEnvironment.cs:line 97
   at Erp.Gates.Tests.Infrastructure.GateFixture.InitializeAsync() in /home/user/critic/p03-identity-r2-plants/tests/Erp.Gates.Tests/Infrastructure/GateFixture.cs:line 17
  Failed Erp.Gates.Tests.G2.G2PermissionTests.No_endpoint_grants_more_than_the_caller_holds [1 ms]
  Error Message:
   Assembly fixture type 'Erp.Gates.Tests.Infrastructure.GateFixture' threw in InitializeAsync
---- System.InvalidOperationException : Endpoint authorisation is incomplete:
HTTP: GET /api/identity/users/{id:guid}/access => Access: declares no permission
  Stack Trace:
  
----- Inner Stack Trace -----
   at Erp.Kernel.Hosting.ErpPlatform.ValidateEndpoints(WebApplication app) in /home/user/critic/p03-identity-r2-plants/src/Kernel/Erp.Kernel/Hosting/ErpPlatform.cs:line 247
   at Erp.Kernel.Hosting.ErpPlatform.UseErpPlatform(WebApplication app) in /home/user/critic/p03-identity-r2-plants/src/Kernel/Erp.Kernel/Hosting/ErpPlatform.cs:line 213
   at Program.<Main>$(String[] args) in /home/user/critic/p03-identity-r2-plants/src/Host/Erp.Host/Program.cs:line 8
   at Program.<Main>(String[] args)
   at System.Reflection.MethodBaseInvoker.InterpretedInvoke_Method(Object obj, IntPtr* args)
   at System.Reflection.MethodBaseInvoker.InvokeDirectByRefWithFewArgs(Object obj, Span`1 copyOfArgs, BindingFlags invokeAttr)
--- End of stack trace from previous location ---
   at Microsoft.AspNetCore.Mvc.Testing.DeferredHostBuilder.DeferredHost.StartAsync(CancellationToken cancellationToken)
   at Microsoft.Extensions.Hosting.HostingAbstractionsHostExtensions.Start(IHost host)
   at Microsoft.AspNetCore.Mvc.Testing.WebApplicationFactory`1.CreateHost(IHostBuilder builder)
   at Microsoft.AspNetCore.Mvc.Testing.WebApplicationFactory`1.ConfigureHostBuilder(IHostBuilder hostBuilder)
   at Microsoft.AspNetCore.Mvc.Testing.WebApplicationFactory`1.StartServer()
   at Microsoft.AspNetCore.Mvc.Testing.WebApplicationFactory`1.get_Services()
   at Erp.Testing.ErpTestEnvironment.StartAsync(SeedPlan plan, IDictionary`2 settings) in /home/user/critic/p03-identity-r2-plants/tests/Erp.Testing/ErpTestEnvironment.cs:line 97
   at Erp.Gates.Tests.Infrastructure.GateFixture.InitializeAsync() in /home/user/critic/p03-identity-r2-plants/tests/Erp.Gates.Tests/Infrastructure/GateFixture.cs:line 17
  Failed Erp.Gates.Tests.G2.G2PermissionTests.Creating_a_user_cannot_grant_more_than_the_caller_holds [1 ms]
  Error Message:
   Assembly fixture type 'Erp.Gates.Tests.Infrastructure.GateFixture' threw in InitializeAsync
---- System.InvalidOperationException : Endpoint authorisation is incomplete:
HTTP: GET /api/identity/users/{id:guid}/access => Access: declares no permission
  Stack Trace:
  
----- Inner Stack Trace -----
   at Erp.Kernel.Hosting.ErpPlatform.ValidateEndpoints(WebApplication app) in /home/user/critic/p03-identity-r2-plants/src/Kernel/Erp.Kernel/Hosting/ErpPlatform.cs:line 247
   at Erp.Kernel.Hosting.ErpPlatform.UseErpPlatform(WebApplication app) in /home/user/critic/p03-identity-r2-plants/src/Kernel/Erp.Kernel/Hosting/ErpPlatform.cs:line 213
   at Program.<Main>$(String[] args) in /home/user/critic/p03-identity-r2-plants/src/Host/Erp.Host/Program.cs:line 8
   at Program.<Main>(String[] args)
   at System.Reflection.MethodBaseInvoker.InterpretedInvoke_Method(Object obj, IntPtr* args)
   at System.Reflection.MethodBaseInvoker.InvokeDirectByRefWithFewArgs(Object obj, Span`1 copyOfArgs, BindingFlags invokeAttr)
--- End of stack trace from previous location ---
   at Microsoft.AspNetCore.Mvc.Testing.DeferredHostBuilder.DeferredHost.StartAsync(CancellationToken cancellationToken)
   at Microsoft.Extensions.Hosting.HostingAbstractionsHostExtensions.Start(IHost host)
   at Microsoft.AspNetCore.Mvc.Testing.WebApplicationFactory`1.CreateHost(IHostBuilder builder)
   at Microsoft.AspNetCore.Mvc.Testing.WebApplicationFactory`1.ConfigureHostBuilder(IHostBuilder hostBuilder)
   at Microsoft.AspNetCore.Mvc.Testing.WebApplicationFactory`1.StartServer()
   at Microsoft.AspNetCore.Mvc.Testing.WebApplicationFactory`1.get_Services()
   at Erp.Testing.ErpTestEnvironment.StartAsync(SeedPlan plan, IDictionary`2 settings) in /home/user/critic/p03-identity-r2-plants/tests/Erp.Testing/ErpTestEnvironment.cs:line 97
   at Erp.Gates.Tests.Infrastructure.GateFixture.InitializeAsync() in /home/user/critic/p03-identity-r2-plants/tests/Erp.Gates.Tests/Infrastructure/GateFixture.cs:line 17
[xUnit.net 00:00:08.41]     Erp.Gates.Tests.G2.G2PermissionTests.Users_cannot_escalate_their_own_privileges [FAIL]
[xUnit.net 00:00:08.41]       Assembly fixture type 'Erp.Gates.Tests.Infrastructure.GateFixture' threw in InitializeAsync
[xUnit.net 00:00:08.41]       ---- System.InvalidOperationException : Endpoint authorisation is incomplete:
[xUnit.net 00:00:08.41]       HTTP: GET /api/identity/users/{id:guid}/access => Access: declares no permission
[xUnit.net 00:00:08.41]       Stack Trace:
[xUnit.net 00:00:08.41]         
[xUnit.net 00:00:08.41]         ----- Inner Stack Trace -----
[xUnit.net 00:00:08.41]         /home/user/critic/p03-identity-r2-plants/src/Kernel/Erp.Kernel/Hosting/ErpPlatform.cs(247,0): at Erp.Kernel.Hosting.ErpPlatform.ValidateEndpoints(WebApplication app)
[xUnit.net 00:00:08.41]         /home/user/critic/p03-identity-r2-plants/src/Kernel/Erp.Kernel/Hosting/ErpPlatform.cs(213,0): at Erp.Kernel.Hosting.ErpPlatform.UseErpPlatform(WebApplication app)
[xUnit.net 00:00:08.41]         /home/user/critic/p03-identity-r2-plants/src/Host/Erp.Host/Program.cs(8,0): at Program.<Main>$(String[] args)
[xUnit.net 00:00:08.41]            at Program.<Main>(String[] args)
[xUnit.net 00:00:08.41]            at System.Reflection.MethodBaseInvoker.InterpretedInvoke_Method(Object obj, IntPtr* args)
[xUnit.net 00:00:08.41]            at System.Reflection.MethodBaseInvoker.InvokeDirectByRefWithFewArgs(Object obj, Span`1 copyOfArgs, BindingFlags invokeAttr)
[xUnit.net 00:00:08.41]         --- End of stack trace from previous location ---
[xUnit.net 00:00:08.41]            at Microsoft.AspNetCore.Mvc.Testing.DeferredHostBuilder.DeferredHost.StartAsync(CancellationToken cancellationToken)
[xUnit.net 00:00:08.41]            at Microsoft.Extensions.Hosting.HostingAbstractionsHostExtensions.Start(IHost host)
[xUnit.net 00:00:08.41]            at Microsoft.AspNetCore.Mvc.Testing.WebApplicationFactory`1.CreateHost(IHostBuilder builder)
[xUnit.net 00:00:08.41]            at Microsoft.AspNetCore.Mvc.Testing.WebApplicationFactory`1.ConfigureHostBuilder(IHostBuilder hostBuilder)
[xUnit.net 00:00:08.41]            at Microsoft.AspNetCore.Mvc.Testing.WebApplicationFactory`1.StartServer()
[xUnit.net 00:00:08.41]            at Microsoft.AspNetCore.Mvc.Testing.WebApplicationFactory`1.get_Services()
[xUnit.net 00:00:08.41]         /home/user/critic/p03-identity-r2-plants/tests/Erp.Testing/ErpTestEnvironment.cs(97,0): at Erp.Testing.ErpTestEnvironment.StartAsync(SeedPlan plan, IDictionary`2 settings)
[xUnit.net 00:00:08.41]         /home/user/critic/p03-identity-r2-plants/tests/Erp.Gates.Tests/Infrastructure/GateFixture.cs(17,0): at Erp.Gates.Tests.Infrastructure.GateFixture.InitializeAsync()
[xUnit.net 00:00:08.41]     Erp.Gates.Tests.G2.G2PermissionTests.Granting_exactly_one_permission_opens_exactly_the_endpoints_that_declare_it [FAIL]
[xUnit.net 00:00:08.41]       Assembly fixture type 'Erp.Gates.Tests.Infrastructure.GateFixture' threw in InitializeAsync
[xUnit.net 00:00:08.41]       ---- System.InvalidOperationException : Endpoint authorisation is incomplete:
[xUnit.net 00:00:08.41]       HTTP: GET /api/identity/users/{id:guid}/access => Access: declares no permission
[xUnit.net 00:00:08.41]       Stack Trace:
[xUnit.net 00:00:08.41]         
[xUnit.net 00:00:08.41]         ----- Inner Stack Trace -----
[xUnit.net 00:00:08.41]         /home/user/critic/p03-identity-r2-plants/src/Kernel/Erp.Kernel/Hosting/ErpPlatform.cs(247,0): at Erp.Kernel.Hosting.ErpPlatform.ValidateEndpoints(WebApplication app)
[xUnit.net 00:00:08.41]         /home/user/critic/p03-identity-r2-plants/src/Kernel/Erp.Kernel/Hosting/ErpPlatform.cs(213,0): at Erp.Kernel.Hosting.ErpPlatform.UseErpPlatform(WebApplication app)
[xUnit.net 00:00:08.41]         /home/user/critic/p03-identity-r2-plants/src/Host/Erp.Host/Program.cs(8,0): at Program.<Main>$(String[] args)
[xUnit.net 00:00:08.41]            at Program.<Main>(String[] args)
[xUnit.net 00:00:08.41]            at System.Reflection.MethodBaseInvoker.InterpretedInvoke_Method(Object obj, IntPtr* args)
[xUnit.net 00:00:08.41]            at System.Reflection.MethodBaseInvoker.InvokeDirectByRefWithFewArgs(Object obj, Span`1 copyOfArgs, BindingFlags invokeAttr)
[xUnit.net 00:00:08.41]         --- End of stack trace from previous location ---
[xUnit.net 00:00:08.41]            at Microsoft.AspNetCore.Mvc.Testing.DeferredHostBuilder.DeferredHost.StartAsync(CancellationToken cancellationToken)
[xUnit.net 00:00:08.41]            at Microsoft.Extensions.Hosting.HostingAbstractionsHostExtensions.Start(IHost host)
[xUnit.net 00:00:08.41]            at Microsoft.AspNetCore.Mvc.Testing.WebApplicationFactory`1.CreateHost(IHostBuilder builder)
[xUnit.net 00:00:08.41]            at Microsoft.AspNetCore.Mvc.Testing.WebApplicationFactory`1.ConfigureHostBuilder(IHostBuilder hostBuilder)
[xUnit.net 00:00:08.41]            at Microsoft.AspNetCore.Mvc.Testing.WebApplicationFactory`1.StartServer()
[xUnit.net 00:00:08.41]            at Microsoft.AspNetCore.Mvc.Testing.WebApplicationFactory`1.get_Services()
[xUnit.net 00:00:08.41]         /home/user/critic/p03-identity-r2-plants/tests/Erp.Testing/ErpTestEnvironment.cs(97,0): at Erp.Testing.ErpTestEnvironment.StartAsync(SeedPlan plan, IDictionary`2 settings)
[xUnit.net 00:00:08.41]         /home/user/critic/p03-identity-r2-plants/tests/Erp.Gates.Tests/Infrastructure/GateFixture.cs(17,0): at Erp.Gates.Tests.Infrastructure.GateFixture.InitializeAsync()
[xUnit.net 00:00:08.41]     Erp.Gates.Tests.G2.G2PermissionTests.A_user_whose_roles_grant_nothing_is_denied_everything_and_sees_no_menu [FAIL]
[xUnit.net 00:00:08.41]       Assembly fixture type 'Erp.Gates.Tests.Infrastructure.GateFixture' threw in InitializeAsync
[xUnit.net 00:00:08.41]       ---- System.InvalidOperationException : Endpoint authorisation is incomplete:
[xUnit.net 00:00:08.41]       HTTP: GET /api/identity/users/{id:guid}/access => Access: declares no permission
[xUnit.net 00:00:08.41]       Stack Trace:
[xUnit.net 00:00:08.41]         
[xUnit.net 00:00:08.41]         ----- Inner Stack Trace -----
[xUnit.net 00:00:08.41]         /home/user/critic/p03-identity-r2-plants/src/Kernel/Erp.Kernel/Hosting/ErpPlatform.cs(247,0): at Erp.Kernel.Hosting.ErpPlatform.ValidateEndpoints(WebApplication app)
[xUnit.net 00:00:08.41]         /home/user/critic/p03-identity-r2-plants/src/Kernel/Erp.Kernel/Hosting/ErpPlatform.cs(213,0): at Erp.Kernel.Hosting.ErpPlatform.UseErpPlatform(WebApplication app)
[xUnit.net 00:00:08.41]         /home/user/critic/p03-identity-r2-plants/src/Host/Erp.Host/Program.cs(8,0): at Program.<Main>$(String[] args)
[xUnit.net 00:00:08.41]            at Program.<Main>(String[] args)
[xUnit.net 00:00:08.41]            at System.Reflection.MethodBaseInvoker.InterpretedInvoke_Method(Object obj, IntPtr* args)
[xUnit.net 00:00:08.41]            at System.Reflection.MethodBaseInvoker.InvokeDirectByRefWithFewArgs(Object obj, Span`1 copyOfArgs, BindingFlags invokeAttr)
[xUnit.net 00:00:08.41]         --- End of stack trace from previous location ---
[xUnit.net 00:00:08.41]            at Microsoft.AspNetCore.Mvc.Testing.DeferredHostBuilder.DeferredHost.StartAsync(CancellationToken cancellationToken)
[xUnit.net 00:00:08.41]            at Microsoft.Extensions.Hosting.HostingAbstractionsHostExtensions.Start(IHost host)
[xUnit.net 00:00:08.41]            at Microsoft.AspNetCore.Mvc.Testing.WebApplicationFactory`1.CreateHost(IHostBuilder builder)
[xUnit.net 00:00:08.41]            at Microsoft.AspNetCore.Mvc.Testing.WebApplicationFactory`1.ConfigureHostBuilder(IHostBuilder hostBuilder)
[xUnit.net 00:00:08.41]            at Microsoft.AspNetCore.Mvc.Testing.WebApplicationFactory`1.StartServer()
[xUnit.net 00:00:08.41]            at Microsoft.AspNetCore.Mvc.Testing.WebApplicationFactory`1.get_Services()
[xUnit.net 00:00:08.41]         /home/user/critic/p03-identity-r2-plants/tests/Erp.Testing/ErpTestEnvironment.cs(97,0): at Erp.Testing.ErpTestEnvironment.StartAsync(SeedPlan plan, IDictionary`2 settings)
[xUnit.net 00:00:08.41]         /home/user/critic/p03-identity-r2-plants/tests/Erp.Gates.Tests/Infrastructure/GateFixture.cs(17,0): at Erp.Gates.Tests.Infrastructure.GateFixture.InitializeAsync()
[xUnit.net 00:00:08.42]     Erp.Gates.Tests.G2.G2PermissionTests.Anonymous_callers_get_401_from_every_permissioned_endpoint [FAIL]
[xUnit.net 00:00:08.42]       Assembly fixture type 'Erp.Gates.Tests.Infrastructure.GateFixture' threw in InitializeAsync
[xUnit.net 00:00:08.42]       ---- System.InvalidOperationException : Endpoint authorisation is incomplete:
[xUnit.net 00:00:08.42]       HTTP: GET /api/identity/users/{id:guid}/access => Access: declares no permission
[xUnit.net 00:00:08.42]       Stack Trace:
[xUnit.net 00:00:08.42]         
[xUnit.net 00:00:08.42]         ----- Inner Stack Trace -----
[xUnit.net 00:00:08.42]         /home/user/critic/p03-identity-r2-plants/src/Kernel/Erp.Kernel/Hosting/ErpPlatform.cs(247,0): at Erp.Kernel.Hosting.ErpPlatform.ValidateEndpoints(WebApplication app)
[xUnit.net 00:00:08.42]         /home/user/critic/p03-identity-r2-plants/src/Kernel/Erp.Kernel/Hosting/ErpPlatform.cs(213,0): at Erp.Kernel.Hosting.ErpPlatform.UseErpPlatform(WebApplication app)
[xUnit.net 00:00:08.42]         /home/user/critic/p03-identity-r2-plants/src/Host/Erp.Host/Program.cs(8,0): at Program.<Main>$(String[] args)
[xUnit.net 00:00:08.42]            at Program.<Main>(String[] args)
[xUnit.net 00:00:08.42]            at System.Reflection.MethodBaseInvoker.InterpretedInvoke_Method(Object obj, IntPtr* args)
[xUnit.net 00:00:08.42]            at System.Reflection.MethodBaseInvoker.InvokeDirectByRefWithFewArgs(Object obj, Span`1 copyOfArgs, BindingFlags invokeAttr)
[xUnit.net 00:00:08.42]         --- End of stack trace from previous location ---
[xUnit.net 00:00:08.42]            at Microsoft.AspNetCore.Mvc.Testing.DeferredHostBuilder.DeferredHost.StartAsync(CancellationToken cancellationToken)
[xUnit.net 00:00:08.42]            at Microsoft.Extensions.Hosting.HostingAbstractionsHostExtensions.Start(IHost host)
[xUnit.net 00:00:08.42]            at Microsoft.AspNetCore.Mvc.Testing.WebApplicationFactory`1.CreateHost(IHostBuilder builder)
[xUnit.net 00:00:08.42]            at Microsoft.AspNetCore.Mvc.Testing.WebApplicationFactory`1.ConfigureHostBuilder(IHostBuilder hostBuilder)
[xUnit.net 00:00:08.42]            at Microsoft.AspNetCore.Mvc.Testing.WebApplicationFactory`1.StartServer()
[xUnit.net 00:00:08.42]            at Microsoft.AspNetCore.Mvc.Testing.WebApplicationFactory`1.get_Services()
[xUnit.net 00:00:08.42]         /home/user/critic/p03-identity-r2-plants/tests/Erp.Testing/ErpTestEnvironment.cs(97,0): at Erp.Testing.ErpTestEnvironment.StartAsync(SeedPlan plan, IDictionary`2 settings)
[xUnit.net 00:00:08.42]         /home/user/critic/p03-identity-r2-plants/tests/Erp.Gates.Tests/Infrastructure/GateFixture.cs(17,0): at Erp.Gates.Tests.Infrastructure.GateFixture.InitializeAsync()
[xUnit.net 00:00:08.42]     Erp.Gates.Tests.G2.G2PermissionTests.Every_declared_permission_is_in_the_catalogue_and_every_catalogue_permission_is_used [FAIL]
[xUnit.net 00:00:08.42]       Assembly fixture type 'Erp.Gates.Tests.Infrastructure.GateFixture' threw in InitializeAsync
[xUnit.net 00:00:08.42]       ---- System.InvalidOperationException : Endpoint authorisation is incomplete:
[xUnit.net 00:00:08.42]       HTTP: GET /api/identity/users/{id:guid}/access => Access: declares no permission
[xUnit.net 00:00:08.42]       Stack Trace:
[xUnit.net 00:00:08.42]         
[xUnit.net 00:00:08.42]         ----- Inner Stack Trace -----
[xUnit.net 00:00:08.42]         /home/user/critic/p03-identity-r2-plants/src/Kernel/Erp.Kernel/Hosting/ErpPlatform.cs(247,0): at Erp.Kernel.Hosting.ErpPlatform.ValidateEndpoints(WebApplication app)
[xUnit.net 00:00:08.42]         /home/user/critic/p03-identity-r2-plants/src/Kernel/Erp.Kernel/Hosting/ErpPlatform.cs(213,0): at Erp.Kernel.Hosting.ErpPlatform.UseErpPlatform(WebApplication app)
[xUnit.net 00:00:08.42]         /home/user/critic/p03-identity-r2-plants/src/Host/Erp.Host/Program.cs(8,0): at Program.<Main>$(String[] args)
[xUnit.net 00:00:08.42]            at Program.<Main>(String[] args)
[xUnit.net 00:00:08.42]            at System.Reflection.MethodBaseInvoker.InterpretedInvoke_Method(Object obj, IntPtr* args)
[xUnit.net 00:00:08.42]            at System.Reflection.MethodBaseInvoker.InvokeDirectByRefWithFewArgs(Object obj, Span`1 copyOfArgs, BindingFlags invokeAttr)
[xUnit.net 00:00:08.42]         --- End of stack trace from previous location ---
[xUnit.net 00:00:08.42]            at Microsoft.AspNetCore.Mvc.Testing.DeferredHostBuilder.DeferredHost.StartAsync(CancellationToken cancellationToken)
[xUnit.net 00:00:08.42]            at Microsoft.Extensions.Hosting.HostingAbstractionsHostExtensions.Start(IHost host)
[xUnit.net 00:00:08.42]            at Microsoft.AspNetCore.Mvc.Testing.WebApplicationFactory`1.CreateHost(IHostBuilder builder)
[xUnit.net 00:00:08.42]            at Microsoft.AspNetCore.Mvc.Testing.WebApplicationFactory`1.ConfigureHostBuilder(IHostBuilder hostBuilder)
[xUnit.net 00:00:08.42]            at Microsoft.AspNetCore.Mvc.Testing.WebApplicationFactory`1.StartServer()
[xUnit.net 00:00:08.42]            at Microsoft.AspNetCore.Mvc.Testing.WebApplicationFactory`1.get_Services()
[xUnit.net 00:00:08.42]         /home/user/critic/p03-identity-r2-plants/tests/Erp.Testing/ErpTestEnvironment.cs(97,0): at Erp.Testing.ErpTestEnvironment.StartAsync(SeedPlan plan, IDictionary`2 settings)
[xUnit.net 00:00:08.42]         /home/user/critic/p03-identity-r2-plants/tests/Erp.Gates.Tests/Infrastructure/GateFixture.cs(17,0): at Erp.Gates.Tests.Infrastructure.GateFixture.InitializeAsync()
[xUnit.net 00:00:08.42]     Erp.Gates.Tests.G2.G2PermissionTests.Requests_that_only_read_cannot_write [FAIL]
[xUnit.net 00:00:08.42]       Assembly fixture type 'Erp.Gates.Tests.Infrastructure.GateFixture' threw in InitializeAsync
[xUnit.net 00:00:08.42]       ---- System.InvalidOperationException : Endpoint authorisation is incomplete:
[xUnit.net 00:00:08.42]       HTTP: GET /api/identity/users/{id:guid}/access => Access: declares no permission
[xUnit.net 00:00:08.42]       Stack Trace:
[xUnit.net 00:00:08.42]         
[xUnit.net 00:00:08.42]         ----- Inner Stack Trace -----
[xUnit.net 00:00:08.42]         /home/user/critic/p03-identity-r2-plants/src/Kernel/Erp.Kernel/Hosting/ErpPlatform.cs(247,0): at Erp.Kernel.Hosting.ErpPlatform.ValidateEndpoints(WebApplication app)
[xUnit.net 00:00:08.42]         /home/user/critic/p03-identity-r2-plants/src/Kernel/Erp.Kernel/Hosting/ErpPlatform.cs(213,0): at Erp.Kernel.Hosting.ErpPlatform.UseErpPlatform(WebApplication app)
[xUnit.net 00:00:08.42]         /home/user/critic/p03-identity-r2-plants/src/Host/Erp.Host/Program.cs(8,0): at Program.<Main>$(String[] args)
[xUnit.net 00:00:08.42]            at Program.<Main>(String[] args)
[xUnit.net 00:00:08.42]            at System.Reflection.MethodBaseInvoker.InterpretedInvoke_Method(Object obj, IntPtr* args)
[xUnit.net 00:00:08.42]            at System.Reflection.MethodBaseInvoker.InvokeDirectByRefWithFewArgs(Object obj, Span`1 copyOfArgs, BindingFlags invokeAttr)
[xUnit.net 00:00:08.42]         --- End of stack trace from previous location ---
[xUnit.net 00:00:08.42]            at Microsoft.AspNetCore.Mvc.Testing.DeferredHostBuilder.DeferredHost.StartAsync(CancellationToken cancellationToken)
[xUnit.net 00:00:08.42]            at Microsoft.Extensions.Hosting.HostingAbstractionsHostExtensions.Start(IHost host)
[xUnit.net 00:00:08.42]            at Microsoft.AspNetCore.Mvc.Testing.WebApplicationFactory`1.CreateHost(IHostBuilder builder)
[xUnit.net 00:00:08.42]            at Microsoft.AspNetCore.Mvc.Testing.WebApplicationFactory`1.ConfigureHostBuilder(IHostBuilder hostBuilder)
[xUnit.net 00:00:08.42]            at Microsoft.AspNetCore.Mvc.Testing.WebApplicationFactory`1.StartServer()
[xUnit.net 00:00:08.42]            at Microsoft.AspNetCore.Mvc.Testing.WebApplicationFactory`1.get_Services()
[xUnit.net 00:00:08.42]         /home/user/critic/p03-identity-r2-plants/tests/Erp.Testing/ErpTestEnvironment.cs(97,0): at Erp.Testing.ErpTestEnvironment.StartAsync(SeedPlan plan, IDictionary`2 settings)
[xUnit.net 00:00:08.42]         /home/user/critic/p03-identity-r2-plants/tests/Erp.Gates.Tests/Infrastructure/GateFixture.cs(17,0): at Erp.Gates.Tests.Infrastructure.GateFixture.InitializeAsync()
[xUnit.net 00:00:08.42]     Erp.Gates.Tests.G2.G2PermissionTests.No_endpoint_that_changes_data_is_guarded_by_a_read_permission [FAIL]
[xUnit.net 00:00:08.42]       Assembly fixture type 'Erp.Gates.Tests.Infrastructure.GateFixture' threw in InitializeAsync
[xUnit.net 00:00:08.42]       ---- System.InvalidOperationException : Endpoint authorisation is incomplete:
[xUnit.net 00:00:08.42]       HTTP: GET /api/identity/users/{id:guid}/access => Access: declares no permission
[xUnit.net 00:00:08.42]       Stack Trace:
[xUnit.net 00:00:08.42]         
[xUnit.net 00:00:08.42]         ----- Inner Stack Trace -----
[xUnit.net 00:00:08.42]         /home/user/critic/p03-identity-r2-plants/src/Kernel/Erp.Kernel/Hosting/ErpPlatform.cs(247,0): at Erp.Kernel.Hosting.ErpPlatform.ValidateEndpoints(WebApplication app)
[xUnit.net 00:00:08.42]         /home/user/critic/p03-identity-r2-plants/src/Kernel/Erp.Kernel/Hosting/ErpPlatform.cs(213,0): at Erp.Kernel.Hosting.ErpPlatform.UseErpPlatform(WebApplication app)
[xUnit.net 00:00:08.42]         /home/user/critic/p03-identity-r2-plants/src/Host/Erp.Host/Program.cs(8,0): at Program.<Main>$(String[] args)
[xUnit.net 00:00:08.42]            at Program.<Main>(String[] args)
[xUnit.net 00:00:08.42]            at System.Reflection.MethodBaseInvoker.InterpretedInvoke_Method(Object obj, IntPtr* args)
[xUnit.net 00:00:08.42]            at System.Reflection.MethodBaseInvoker.InvokeDirectByRefWithFewArgs(Object obj, Span`1 copyOfArgs, BindingFlags invokeAttr)
[xUnit.net 00:00:08.42]         --- End of stack trace from previous location ---
[xUnit.net 00:00:08.42]            at Microsoft.AspNetCore.Mvc.Testing.DeferredHostBuilder.DeferredHost.StartAsync(CancellationToken cancellationToken)
[xUnit.net 00:00:08.42]            at Microsoft.Extensions.Hosting.HostingAbstractionsHostExtensions.Start(IHost host)
[xUnit.net 00:00:08.42]            at Microsoft.AspNetCore.Mvc.Testing.WebApplicationFactory`1.CreateHost(IHostBuilder builder)
[xUnit.net 00:00:08.42]            at Microsoft.AspNetCore.Mvc.Testing.WebApplicationFactory`1.ConfigureHostBuilder(IHostBuilder hostBuilder)
[xUnit.net 00:00:08.42]            at Microsoft.AspNetCore.Mvc.Testing.WebApplicationFactory`1.StartServer()
[xUnit.net 00:00:08.42]            at Microsoft.AspNetCore.Mvc.Testing.WebApplicationFactory`1.get_Services()
[xUnit.net 00:00:08.42]         /home/user/critic/p03-identity-r2-plants/tests/Erp.Testing/ErpTestEnvironment.cs(97,0): at Erp.Testing.ErpTestEnvironment.StartAsync(SeedPlan plan, IDictionary`2 settings)
[xUnit.net 00:00:08.42]         /home/user/critic/p03-identity-r2-plants/tests/Erp.Gates.Tests/Infrastructure/GateFixture.cs(17,0): at Erp.Gates.Tests.Infrastructure.GateFixture.InitializeAsync()
[xUnit.net 00:00:08.42]     Erp.Gates.Tests.G2.G2PermissionTests.Every_endpoint_declares_exactly_one_permission_or_is_reviewed_anonymous [FAIL]
[xUnit.net 00:00:08.42]       Assembly fixture type 'Erp.Gates.Tests.Infrastructure.GateFixture' threw in InitializeAsync
[xUnit.net 00:00:08.42]       ---- System.InvalidOperationException : Endpoint authorisation is incomplete:
[xUnit.net 00:00:08.42]       HTTP: GET /api/identity/users/{id:guid}/access => Access: declares no permission
[xUnit.net 00:00:08.42]       Stack Trace:
[xUnit.net 00:00:08.42]         
[xUnit.net 00:00:08.42]         ----- Inner Stack Trace -----
[xUnit.net 00:00:08.42]         /home/user/critic/p03-identity-r2-plants/src/Kernel/Erp.Kernel/Hosting/ErpPlatform.cs(247,0): at Erp.Kernel.Hosting.ErpPlatform.ValidateEndpoints(WebApplication app)
[xUnit.net 00:00:08.42]         /home/user/critic/p03-identity-r2-plants/src/Kernel/Erp.Kernel/Hosting/ErpPlatform.cs(213,0): at Erp.Kernel.Hosting.ErpPlatform.UseErpPlatform(WebApplication app)
[xUnit.net 00:00:08.42]         /home/user/critic/p03-identity-r2-plants/src/Host/Erp.Host/Program.cs(8,0): at Program.<Main>$(String[] args)
[xUnit.net 00:00:08.42]            at Program.<Main>(String[] args)
[xUnit.net 00:00:08.42]            at System.Reflection.MethodBaseInvoker.InterpretedInvoke_Method(Object obj, IntPtr* args)
[xUnit.net 00:00:08.42]            at System.Reflection.MethodBaseInvoker.InvokeDirectByRefWithFewArgs(Object obj, Span`1 copyOfArgs, BindingFlags invokeAttr)
[xUnit.net 00:00:08.42]         --- End of stack trace from previous location ---
[xUnit.net 00:00:08.42]            at Microsoft.AspNetCore.Mvc.Testing.DeferredHostBuilder.DeferredHost.StartAsync(CancellationToken cancellationToken)
[xUnit.net 00:00:08.42]            at Microsoft.Extensions.Hosting.HostingAbstractionsHostExtensions.Start(IHost host)
[xUnit.net 00:00:08.42]            at Microsoft.AspNetCore.Mvc.Testing.WebApplicationFactory`1.CreateHost(IHostBuilder builder)
[xUnit.net 00:00:08.42]            at Microsoft.AspNetCore.Mvc.Testing.WebApplicationFactory`1.ConfigureHostBuilder(IHostBuilder hostBuilder)
[xUnit.net 00:00:08.42]            at Microsoft.AspNetCore.Mvc.Testing.WebApplicationFactory`1.StartServer()
[xUnit.net 00:00:08.42]            at Microsoft.AspNetCore.Mvc.Testing.WebApplicationFactory`1.get_Services()
[xUnit.net 00:00:08.42]         /home/user/critic/p03-identity-r2-plants/tests/Erp.Testing/ErpTestEnvironment.cs(97,0): at Erp.Testing.ErpTestEnvironment.StartAsync(SeedPlan plan, IDictionary`2 settings)
[xUnit.net 00:00:08.42]         /home/user/critic/p03-identity-r2-plants/tests/Erp.Gates.Tests/Infrastructure/GateFixture.cs(17,0): at Erp.Gates.Tests.Infrastructure.GateFixture.InitializeAsync()
[xUnit.net 00:00:08.42]     Erp.Gates.Tests.Rules.AuditGateTests.Writes_that_bypass_the_ORM_are_audited_too [FAIL]
[xUnit.net 00:00:08.42]       Assembly fixture type 'Erp.Gates.Tests.Infrastructure.GateFixture' threw in InitializeAsync
[xUnit.net 00:00:08.42]       ---- System.InvalidOperationException : Endpoint authorisation is incomplete:
[xUnit.net 00:00:08.42]       HTTP: GET /api/identity/users/{id:guid}/access => Access: declares no permission
[xUnit.net 00:00:08.42]       Stack Trace:
[xUnit.net 00:00:08.42]         
[xUnit.net 00:00:08.42]         ----- Inner Stack Trace -----
[xUnit.net 00:00:08.42]         /home/user/critic/p03-identity-r2-plants/src/Kernel/Erp.Kernel/Hosting/ErpPlatform.cs(247,0): at Erp.Kernel.Hosting.ErpPlatform.ValidateEndpoints(WebApplication app)
[xUnit.net 00:00:08.42]         /home/user/critic/p03-identity-r2-plants/src/Kernel/Erp.Kernel/Hosting/ErpPlatform.cs(213,0): at Erp.Kernel.Hosting.ErpPlatform.UseErpPlatform(WebApplication app)
[xUnit.net 00:00:08.42]         /home/user/critic/p03-identity-r2-plants/src/Host/Erp.Host/Program.cs(8,0): at Program.<Main>$(String[] args)
[xUnit.net 00:00:08.42]            at Program.<Main>(String[] args)
[xUnit.net 00:00:08.42]            at System.Reflection.MethodBaseInvoker.InterpretedInvoke_Method(Object obj, IntPtr* args)
[xUnit.net 00:00:08.42]            at System.Reflection.MethodBaseInvoker.InvokeDirectByRefWithFewArgs(Object obj, Span`1 copyOfArgs, BindingFlags invokeAttr)
[xUnit.net 00:00:08.42]         --- End of stack trace from previous location ---
[xUnit.net 00:00:08.42]            at Microsoft.AspNetCore.Mvc.Testing.DeferredHostBuilder.DeferredHost.StartAsync(CancellationToken cancellationToken)
[xUnit.net 00:00:08.42]            at Microsoft.Extensions.Hosting.HostingAbstractionsHostExtensions.Start(IHost host)
[xUnit.net 00:00:08.42]            at Microsoft.AspNetCore.Mvc.Testing.WebApplicationFactory`1.CreateHost(IHostBuilder builder)
[xUnit.net 00:00:08.42]            at Microsoft.AspNetCore.Mvc.Testing.WebApplicationFactory`1.ConfigureHostBuilder(IHostBuilder hostBuilder)
[xUnit.net 00:00:08.42]            at Microsoft.AspNetCore.Mvc.Testing.WebApplicationFactory`1.StartServer()
[xUnit.net 00:00:08.42]            at Microsoft.AspNetCore.Mvc.Testing.WebApplicationFactory`1.get_Services()
[xUnit.net 00:00:08.42]         /home/user/critic/p03-identity-r2-plants/tests/Erp.Testing/ErpTestEnvironment.cs(97,0): at Erp.Testing.ErpTestEnvironment.StartAsync(SeedPlan plan, IDictionary`2 settings)
[xUnit.net 00:00:08.42]         /home/user/critic/p03-identity-r2-plants/tests/Erp.Gates.Tests/Infrastructure/GateFixture.cs(17,0): at Erp.Gates.Tests.Infrastructure.GateFixture.InitializeAsync()
  Failed Erp.Gates.Tests.G2.G2PermissionTests.Users_cannot_escalate_their_own_privileges [1 ms]
  Error Message:
   Assembly fixture type 'Erp.Gates.Tests.Infrastructure.GateFixture' threw in InitializeAsync
---- System.InvalidOperationException : Endpoint authorisation is incomplete:
HTTP: GET /api/identity/users/{id:guid}/access => Access: declares no permission
  Stack Trace:
  
----- Inner Stack Trace -----
   at Erp.Kernel.Hosting.ErpPlatform.ValidateEndpoints(WebApplication app) in /home/user/critic/p03-identity-r2-plants/src/Kernel/Erp.Kernel/Hosting/ErpPlatform.cs:line 247
   at Erp.Kernel.Hosting.ErpPlatform.UseErpPlatform(WebApplication app) in /home/user/critic/p03-identity-r2-plants/src/Kernel/Erp.Kernel/Hosting/ErpPlatform.cs:line 213
   at Program.<Main>$(String[] args) in /home/user/critic/p03-identity-r2-plants/src/Host/Erp.Host/Program.cs:line 8
   at Program.<Main>(String[] args)
   at System.Reflection.MethodBaseInvoker.InterpretedInvoke_Method(Object obj, IntPtr* args)
   at System.Reflection.MethodBaseInvoker.InvokeDirectByRefWithFewArgs(Object obj, Span`1 copyOfArgs, BindingFlags invokeAttr)
--- End of stack trace from previous location ---
   at Microsoft.AspNetCore.Mvc.Testing.DeferredHostBuilder.DeferredHost.StartAsync(CancellationToken cancellationToken)
   at Microsoft.Extensions.Hosting.HostingAbstractionsHostExtensions.Start(IHost host)
   at Microsoft.AspNetCore.Mvc.Testing.WebApplicationFactory`1.CreateHost(IHostBuilder builder)
   at Microsoft.AspNetCore.Mvc.Testing.WebApplicationFactory`1.ConfigureHostBuilder(IHostBuilder hostBuilder)
   at Microsoft.AspNetCore.Mvc.Testing.WebApplicationFactory`1.StartServer()
   at Microsoft.AspNetCore.Mvc.Testing.WebApplicationFactory`1.get_Services()
   at Erp.Testing.ErpTestEnvironment.StartAsync(SeedPlan plan, IDictionary`2 settings) in /home/user/critic/p03-identity-r2-plants/tests/Erp.Testing/ErpTestEnvironment.cs:line 97
   at Erp.Gates.Tests.Infrastructure.GateFixture.InitializeAsync() in /home/user/critic/p03-identity-r2-plants/tests/Erp.Gates.Tests/Infrastructure/GateFixture.cs:line 17
  Failed Erp.Gates.Tests.G2.G2PermissionTests.Granting_exactly_one_permission_opens_exactly_the_endpoints_that_declare_it [1 ms]
  Error Message:
   Assembly fixture type 'Erp.Gates.Tests.Infrastructure.GateFixture' threw in InitializeAsync
---- System.InvalidOperationException : Endpoint authorisation is incomplete:
HTTP: GET /api/identity/users/{id:guid}/access => Access: declares no permission
  Stack Trace:
  
----- Inner Stack Trace -----
   at Erp.Kernel.Hosting.ErpPlatform.ValidateEndpoints(WebApplication app) in /home/user/critic/p03-identity-r2-plants/src/Kernel/Erp.Kernel/Hosting/ErpPlatform.cs:line 247
   at Erp.Kernel.Hosting.ErpPlatform.UseErpPlatform(WebApplication app) in /home/user/critic/p03-identity-r2-plants/src/Kernel/Erp.Kernel/Hosting/ErpPlatform.cs:line 213
   at Program.<Main>$(String[] args) in /home/user/critic/p03-identity-r2-plants/src/Host/Erp.Host/Program.cs:line 8
   at Program.<Main>(String[] args)
   at System.Reflection.MethodBaseInvoker.InterpretedInvoke_Method(Object obj, IntPtr* args)
   at System.Reflection.MethodBaseInvoker.InvokeDirectByRefWithFewArgs(Object obj, Span`1 copyOfArgs, BindingFlags invokeAttr)
--- End of stack trace from previous location ---
   at Microsoft.AspNetCore.Mvc.Testing.DeferredHostBuilder.DeferredHost.StartAsync(CancellationToken cancellationToken)
   at Microsoft.Extensions.Hosting.HostingAbstractionsHostExtensions.Start(IHost host)
   at Microsoft.AspNetCore.Mvc.Testing.WebApplicationFactory`1.CreateHost(IHostBuilder builder)
   at Microsoft.AspNetCore.Mvc.Testing.WebApplicationFactory`1.ConfigureHostBuilder(IHostBuilder hostBuilder)
   at Microsoft.AspNetCore.Mvc.Testing.WebApplicationFactory`1.StartServer()
   at Microsoft.AspNetCore.Mvc.Testing.WebApplicationFactory`1.get_Services()
   at Erp.Testing.ErpTestEnvironment.StartAsync(SeedPlan plan, IDictionary`2 settings) in /home/user/critic/p03-identity-r2-plants/tests/Erp.Testing/ErpTestEnvironment.cs:line 97
   at Erp.Gates.Tests.Infrastructure.GateFixture.InitializeAsync() in /home/user/critic/p03-identity-r2-plants/tests/Erp.Gates.Tests/Infrastructure/GateFixture.cs:line 17
  Failed Erp.Gates.Tests.G2.G2PermissionTests.A_user_whose_roles_grant_nothing_is_denied_everything_and_sees_no_menu [1 ms]
  Error Message:
   Assembly fixture type 'Erp.Gates.Tests.Infrastructure.GateFixture' threw in InitializeAsync
---- System.InvalidOperationException : Endpoint authorisation is incomplete:
HTTP: GET /api/identity/users/{id:guid}/access => Access: declares no permission
  Stack Trace:
  
----- Inner Stack Trace -----
   at Erp.Kernel.Hosting.ErpPlatform.ValidateEndpoints(WebApplication app) in /home/user/critic/p03-identity-r2-plants/src/Kernel/Erp.Kernel/Hosting/ErpPlatform.cs:line 247
   at Erp.Kernel.Hosting.ErpPlatform.UseErpPlatform(WebApplication app) in /home/user/critic/p03-identity-r2-plants/src/Kernel/Erp.Kernel/Hosting/ErpPlatform.cs:line 213
   at Program.<Main>$(String[] args) in /home/user/critic/p03-identity-r2-plants/src/Host/Erp.Host/Program.cs:line 8
   at Program.<Main>(String[] args)
   at System.Reflection.MethodBaseInvoker.InterpretedInvoke_Method(Object obj, IntPtr* args)
   at System.Reflection.MethodBaseInvoker.InvokeDirectByRefWithFewArgs(Object obj, Span`1 copyOfArgs, BindingFlags invokeAttr)
--- End of stack trace from previous location ---
   at Microsoft.AspNetCore.Mvc.Testing.DeferredHostBuilder.DeferredHost.StartAsync(CancellationToken cancellationToken)
   at Microsoft.Extensions.Hosting.HostingAbstractionsHostExtensions.Start(IHost host)
   at Microsoft.AspNetCore.Mvc.Testing.WebApplicationFactory`1.CreateHost(IHostBuilder builder)
   at Microsoft.AspNetCore.Mvc.Testing.WebApplicationFactory`1.ConfigureHostBuilder(IHostBuilder hostBuilder)
   at Microsoft.AspNetCore.Mvc.Testing.WebApplicationFactory`1.StartServer()
   at Microsoft.AspNetCore.Mvc.Testing.WebApplicationFactory`1.get_Services()
   at Erp.Testing.ErpTestEnvironment.StartAsync(SeedPlan plan, IDictionary`2 settings) in /home/user/critic/p03-identity-r2-plants/tests/Erp.Testing/ErpTestEnvironment.cs:line 97
   at Erp.Gates.Tests.Infrastructure.GateFixture.InitializeAsync() in /home/user/critic/p03-identity-r2-plants/tests/Erp.Gates.Tests/Infrastructure/GateFixture.cs:line 17
  Failed Erp.Gates.Tests.G2.G2PermissionTests.Anonymous_callers_get_401_from_every_permissioned_endpoint [1 ms]
  Error Message:
   Assembly fixture type 'Erp.Gates.Tests.Infrastructure.GateFixture' threw in InitializeAsync
---- System.InvalidOperationException : Endpoint authorisation is incomplete:
HTTP: GET /api/identity/users/{id:guid}/access => Access: declares no permission
  Stack Trace:
  
----- Inner Stack Trace -----
   at Erp.Kernel.Hosting.ErpPlatform.ValidateEndpoints(WebApplication app) in /home/user/critic/p03-identity-r2-plants/src/Kernel/Erp.Kernel/Hosting/ErpPlatform.cs:line 247
   at Erp.Kernel.Hosting.ErpPlatform.UseErpPlatform(WebApplication app) in /home/user/critic/p03-identity-r2-plants/src/Kernel/Erp.Kernel/Hosting/ErpPlatform.cs:line 213
   at Program.<Main>$(String[] args) in /home/user/critic/p03-identity-r2-plants/src/Host/Erp.Host/Program.cs:line 8
   at Program.<Main>(String[] args)
   at System.Reflection.MethodBaseInvoker.InterpretedInvoke_Method(Object obj, IntPtr* args)
   at System.Reflection.MethodBaseInvoker.InvokeDirectByRefWithFewArgs(Object obj, Span`1 copyOfArgs, BindingFlags invokeAttr)
--- End of stack trace from previous location ---
   at Microsoft.AspNetCore.Mvc.Testing.DeferredHostBuilder.DeferredHost.StartAsync(CancellationToken cancellationToken)
   at Microsoft.Extensions.Hosting.HostingAbstractionsHostExtensions.Start(IHost host)
   at Microsoft.AspNetCore.Mvc.Testing.WebApplicationFactory`1.CreateHost(IHostBuilder builder)
   at Microsoft.AspNetCore.Mvc.Testing.WebApplicationFactory`1.ConfigureHostBuilder(IHostBuilder hostBuilder)
   at Microsoft.AspNetCore.Mvc.Testing.WebApplicationFactory`1.StartServer()
   at Microsoft.AspNetCore.Mvc.Testing.WebApplicationFactory`1.get_Services()
   at Erp.Testing.ErpTestEnvironment.StartAsync(SeedPlan plan, IDictionary`2 settings) in /home/user/critic/p03-identity-r2-plants/tests/Erp.Testing/ErpTestEnvironment.cs:line 97
   at Erp.Gates.Tests.Infrastructure.GateFixture.InitializeAsync() in /home/user/critic/p03-identity-r2-plants/tests/Erp.Gates.Tests/Infrastructure/GateFixture.cs:line 17
  Failed Erp.Gates.Tests.G2.G2PermissionTests.Every_declared_permission_is_in_the_catalogue_and_every_catalogue_permission_is_used [1 ms]
  Error Message:
   Assembly fixture type 'Erp.Gates.Tests.Infrastructure.GateFixture' threw in InitializeAsync
---- System.InvalidOperationException : Endpoint authorisation is incomplete:
HTTP: GET /api/identity/users/{id:guid}/access => Access: declares no permission
  Stack Trace:
  
----- Inner Stack Trace -----
   at Erp.Kernel.Hosting.ErpPlatform.ValidateEndpoints(WebApplication app) in /home/user/critic/p03-identity-r2-plants/src/Kernel/Erp.Kernel/Hosting/ErpPlatform.cs:line 247
   at Erp.Kernel.Hosting.ErpPlatform.UseErpPlatform(WebApplication app) in /home/user/critic/p03-identity-r2-plants/src/Kernel/Erp.Kernel/Hosting/ErpPlatform.cs:line 213
   at Program.<Main>$(String[] args) in /home/user/critic/p03-identity-r2-plants/src/Host/Erp.Host/Program.cs:line 8
   at Program.<Main>(String[] args)
   at System.Reflection.MethodBaseInvoker.InterpretedInvoke_Method(Object obj, IntPtr* args)
   at System.Reflection.MethodBaseInvoker.InvokeDirectByRefWithFewArgs(Object obj, Span`1 copyOfArgs, BindingFlags invokeAttr)
--- End of stack trace from previous location ---
   at Microsoft.AspNetCore.Mvc.Testing.DeferredHostBuilder.DeferredHost.StartAsync(CancellationToken cancellationToken)
   at Microsoft.Extensions.Hosting.HostingAbstractionsHostExtensions.Start(IHost host)
   at Microsoft.AspNetCore.Mvc.Testing.WebApplicationFactory`1.CreateHost(IHostBuilder builder)
   at Microsoft.AspNetCore.Mvc.Testing.WebApplicationFactory`1.ConfigureHostBuilder(IHostBuilder hostBuilder)
   at Microsoft.AspNetCore.Mvc.Testing.WebApplicationFactory`1.StartServer()
   at Microsoft.AspNetCore.Mvc.Testing.WebApplicationFactory`1.get_Services()
   at Erp.Testing.ErpTestEnvironment.StartAsync(SeedPlan plan, IDictionary`2 settings) in /home/user/critic/p03-identity-r2-plants/tests/Erp.Testing/ErpTestEnvironment.cs:line 97
   at Erp.Gates.Tests.Infrastructure.GateFixture.InitializeAsync() in /home/user/critic/p03-identity-r2-plants/tests/Erp.Gates.Tests/Infrastructure/GateFixture.cs:line 17
  Failed Erp.Gates.Tests.G2.G2PermissionTests.Requests_that_only_read_cannot_write [1 ms]
  Error Message:
   Assembly fixture type 'Erp.Gates.Tests.Infrastructure.GateFixture' threw in InitializeAsync
---- System.InvalidOperationException : Endpoint authorisation is incomplete:
HTTP: GET /api/identity/users/{id:guid}/access => Access: declares no permission
  Stack Trace:
  
----- Inner Stack Trace -----
   at Erp.Kernel.Hosting.ErpPlatform.ValidateEndpoints(WebApplication app) in /home/user/critic/p03-identity-r2-plants/src/Kernel/Erp.Kernel/Hosting/ErpPlatform.cs:line 247
   at Erp.Kernel.Hosting.ErpPlatform.UseErpPlatform(WebApplication app) in /home/user/critic/p03-identity-r2-plants/src/Kernel/Erp.Kernel/Hosting/ErpPlatform.cs:line 213
   at Program.<Main>$(String[] args) in /home/user/critic/p03-identity-r2-plants/src/Host/Erp.Host/Program.cs:line 8
   at Program.<Main>(String[] args)
   at System.Reflection.MethodBaseInvoker.InterpretedInvoke_Method(Object obj, IntPtr* args)
   at System.Reflection.MethodBaseInvoker.InvokeDirectByRefWithFewArgs(Object obj, Span`1 copyOfArgs, BindingFlags invokeAttr)
--- End of stack trace from previous location ---
   at Microsoft.AspNetCore.Mvc.Testing.DeferredHostBuilder.DeferredHost.StartAsync(CancellationToken cancellationToken)
   at Microsoft.Extensions.Hosting.HostingAbstractionsHostExtensions.Start(IHost host)
   at Microsoft.AspNetCore.Mvc.Testing.WebApplicationFactory`1.CreateHost(IHostBuilder builder)
   at Microsoft.AspNetCore.Mvc.Testing.WebApplicationFactory`1.ConfigureHostBuilder(IHostBuilder hostBuilder)
   at Microsoft.AspNetCore.Mvc.Testing.WebApplicationFactory`1.StartServer()
   at Microsoft.AspNetCore.Mvc.Testing.WebApplicationFactory`1.get_Services()
   at Erp.Testing.ErpTestEnvironment.StartAsync(SeedPlan plan, IDictionary`2 settings) in /home/user/critic/p03-identity-r2-plants/tests/Erp.Testing/ErpTestEnvironment.cs:line 97
   at Erp.Gates.Tests.Infrastructure.GateFixture.InitializeAsync() in /home/user/critic/p03-identity-r2-plants/tests/Erp.Gates.Tests/Infrastructure/GateFixture.cs:line 17
  Failed Erp.Gates.Tests.G2.G2PermissionTests.No_endpoint_that_changes_data_is_guarded_by_a_read_permission [1 ms]
  Error Message:
   Assembly fixture type 'Erp.Gates.Tests.Infrastructure.GateFixture' threw in InitializeAsync
---- System.InvalidOperationException : Endpoint authorisation is incomplete:
HTTP: GET /api/identity/users/{id:guid}/access => Access: declares no permission
  Stack Trace:
  
----- Inner Stack Trace -----
   at Erp.Kernel.Hosting.ErpPlatform.ValidateEndpoints(WebApplication app) in /home/user/critic/p03-identity-r2-plants/src/Kernel/Erp.Kernel/Hosting/ErpPlatform.cs:line 247
   at Erp.Kernel.Hosting.ErpPlatform.UseErpPlatform(WebApplication app) in /home/user/critic/p03-identity-r2-plants/src/Kernel/Erp.Kernel/Hosting/ErpPlatform.cs:line 213
   at Program.<Main>$(String[] args) in /home/user/critic/p03-identity-r2-plants/src/Host/Erp.Host/Program.cs:line 8
   at Program.<Main>(String[] args)
   at System.Reflection.MethodBaseInvoker.InterpretedInvoke_Method(Object obj, IntPtr* args)
   at System.Reflection.MethodBaseInvoker.InvokeDirectByRefWithFewArgs(Object obj, Span`1 copyOfArgs, BindingFlags invokeAttr)
--- End of stack trace from previous location ---
   at Microsoft.AspNetCore.Mvc.Testing.DeferredHostBuilder.DeferredHost.StartAsync(CancellationToken cancellationToken)
   at Microsoft.Extensions.Hosting.HostingAbstractionsHostExtensions.Start(IHost host)
   at Microsoft.AspNetCore.Mvc.Testing.WebApplicationFactory`1.CreateHost(IHostBuilder builder)
   at Microsoft.AspNetCore.Mvc.Testing.WebApplicationFactory`1.ConfigureHostBuilder(IHostBuilder hostBuilder)
   at Microsoft.AspNetCore.Mvc.Testing.WebApplicationFactory`1.StartServer()
   at Microsoft.AspNetCore.Mvc.Testing.WebApplicationFactory`1.get_Services()
   at Erp.Testing.ErpTestEnvironment.StartAsync(SeedPlan plan, IDictionary`2 settings) in /home/user/critic/p03-identity-r2-plants/tests/Erp.Testing/ErpTestEnvironment.cs:line 97
   at Erp.Gates.Tests.Infrastructure.GateFixture.InitializeAsync() in /home/user/critic/p03-identity-r2-plants/tests/Erp.Gates.Tests/Infrastructure/GateFixture.cs:line 17
  Failed Erp.Gates.Tests.G2.G2PermissionTests.Every_endpoint_declares_exactly_one_permission_or_is_reviewed_anonymous [1 ms]
  Error Message:
   Assembly fixture type 'Erp.Gates.Tests.Infrastructure.GateFixture' threw in InitializeAsync
---- System.InvalidOperationException : Endpoint authorisation is incomplete:
HTTP: GET /api/identity/users/{id:guid}/access => Access: declares no permission
  Stack Trace:
  
----- Inner Stack Trace -----
   at Erp.Kernel.Hosting.ErpPlatform.ValidateEndpoints(WebApplication app) in /home/user/critic/p03-identity-r2-plants/src/Kernel/Erp.Kernel/Hosting/ErpPlatform.cs:line 247
   at Erp.Kernel.Hosting.ErpPlatform.UseErpPlatform(WebApplication app) in /home/user/critic/p03-identity-r2-plants/src/Kernel/Erp.Kernel/Hosting/ErpPlatform.cs:line 213
   at Program.<Main>$(String[] args) in /home/user/critic/p03-identity-r2-plants/src/Host/Erp.Host/Program.cs:line 8
   at Program.<Main>(String[] args)
   at System.Reflection.MethodBaseInvoker.InterpretedInvoke_Method(Object obj, IntPtr* args)
   at System.Reflection.MethodBaseInvoker.InvokeDirectByRefWithFewArgs(Object obj, Span`1 copyOfArgs, BindingFlags invokeAttr)
--- End of stack trace from previous location ---
   at Microsoft.AspNetCore.Mvc.Testing.DeferredHostBuilder.DeferredHost.StartAsync(CancellationToken cancellationToken)
   at Microsoft.Extensions.Hosting.HostingAbstractionsHostExtensions.Start(IHost host)
   at Microsoft.AspNetCore.Mvc.Testing.WebApplicationFactory`1.CreateHost(IHostBuilder builder)
   at Microsoft.AspNetCore.Mvc.Testing.WebApplicationFactory`1.ConfigureHostBuilder(IHostBuilder hostBuilder)
   at Microsoft.AspNetCore.Mvc.Testing.WebApplicationFactory`1.StartServer()
   at Microsoft.AspNetCore.Mvc.Testing.WebApplicationFactory`1.get_Services()
   at Erp.Testing.ErpTestEnvironment.StartAsync(SeedPlan plan, IDictionary`2 settings) in /home/user/critic/p03-identity-r2-plants/tests/Erp.Testing/ErpTestEnvironment.cs:line 97
   at Erp.Gates.Tests.Infrastructure.GateFixture.InitializeAsync() in /home/user/critic/p03-identity-r2-plants/tests/Erp.Gates.Tests/Infrastructure/GateFixture.cs:line 17
  Failed Erp.Gates.Tests.Rules.AuditGateTests.Writes_that_bypass_the_ORM_are_audited_too [1 ms]
  Error Message:
   Assembly fixture type 'Erp.Gates.Tests.Infrastructure.GateFixture' threw in InitializeAsync
---- System.InvalidOperationException : Endpoint authorisation is incomplete:
HTTP: GET /api/identity/users/{id:guid}/access => Access: declares no permission
  Stack Trace:
  
----- Inner Stack Trace -----
   at Erp.Kernel.Hosting.ErpPlatform.ValidateEndpoints(WebApplication app) in /home/user/critic/p03-identity-r2-plants/src/Kernel/Erp.Kernel/Hosting/ErpPlatform.cs:line 247
   at Erp.Kernel.Hosting.ErpPlatform.UseErpPlatform(WebApplication app) in /home/user/critic/p03-identity-r2-plants/src/Kernel/Erp.Kernel/Hosting/ErpPlatform.cs:line 213
   at Program.<Main>$(String[] args) in /home/user/critic/p03-identity-r2-plants/src/Host/Erp.Host/Program.cs:line 8
   at Program.<Main>(String[] args)
   at System.Reflection.MethodBaseInvoker.InterpretedInvoke_Method(Object obj, IntPtr* args)
   at System.Reflection.MethodBaseInvoker.InvokeDirectByRefWithFewArgs(Object obj, Span`1 copyOfArgs, BindingFlags invokeAttr)
--- End of stack trace from previous location ---
   at Microsoft.AspNetCore.Mvc.Testing.DeferredHostBuilder.DeferredHost.StartAsync(CancellationToken cancellationToken)
   at Microsoft.Extensions.Hosting.HostingAbstractionsHostExtensions.Start(IHost host)
   at Microsoft.AspNetCore.Mvc.Testing.WebApplicationFactory`1.CreateHost(IHostBuilder builder)
   at Microsoft.AspNetCore.Mvc.Testing.WebApplicationFactory`1.ConfigureHostBuilder(IHostBuilder hostBuilder)
   at Microsoft.AspNetCore.Mvc.Testing.WebApplicationFactory`1.StartServer()
   at Microsoft.AspNetCore.Mvc.Testing.WebApplicationFactory`1.get_Services()
   at Erp.Testing.ErpTestEnvironment.StartAsync(SeedPlan plan, IDictionary`2 settings) in /home/user/critic/p03-identity-r2-plants/tests/Erp.Testing/ErpTestEnvironment.cs:line 97
   at Erp.Gates.Tests.Infrastructure.GateFixture.InitializeAsync() in /home/user/critic/p03-identity-r2-plants/tests/Erp.Gates.Tests/Infrastructure/GateFixture.cs:line 17
[xUnit.net 00:00:08.42]     Erp.Gates.Tests.Rules.AuditGateTests.Passwords_are_redacted_in_the_audit_trail [FAIL]
[xUnit.net 00:00:08.42]       Assembly fixture type 'Erp.Gates.Tests.Infrastructure.GateFixture' threw in InitializeAsync
[xUnit.net 00:00:08.42]       ---- System.InvalidOperationException : Endpoint authorisation is incomplete:
[xUnit.net 00:00:08.42]       HTTP: GET /api/identity/users/{id:guid}/access => Access: declares no permission
[xUnit.net 00:00:08.42]       Stack Trace:
[xUnit.net 00:00:08.42]         
[xUnit.net 00:00:08.42]         ----- Inner Stack Trace -----
[xUnit.net 00:00:08.42]         /home/user/critic/p03-identity-r2-plants/src/Kernel/Erp.Kernel/Hosting/ErpPlatform.cs(247,0): at Erp.Kernel.Hosting.ErpPlatform.ValidateEndpoints(WebApplication app)
[xUnit.net 00:00:08.42]         /home/user/critic/p03-identity-r2-plants/src/Kernel/Erp.Kernel/Hosting/ErpPlatform.cs(213,0): at Erp.Kernel.Hosting.ErpPlatform.UseErpPlatform(WebApplication app)
[xUnit.net 00:00:08.42]         /home/user/critic/p03-identity-r2-plants/src/Host/Erp.Host/Program.cs(8,0): at Program.<Main>$(String[] args)
[xUnit.net 00:00:08.42]            at Program.<Main>(String[] args)
[xUnit.net 00:00:08.42]            at System.Reflection.MethodBaseInvoker.InterpretedInvoke_Method(Object obj, IntPtr* args)
[xUnit.net 00:00:08.42]            at System.Reflection.MethodBaseInvoker.InvokeDirectByRefWithFewArgs(Object obj, Span`1 copyOfArgs, BindingFlags invokeAttr)
[xUnit.net 00:00:08.42]         --- End of stack trace from previous location ---
[xUnit.net 00:00:08.42]            at Microsoft.AspNetCore.Mvc.Testing.DeferredHostBuilder.DeferredHost.StartAsync(CancellationToken cancellationToken)
[xUnit.net 00:00:08.42]            at Microsoft.Extensions.Hosting.HostingAbstractionsHostExtensions.Start(IHost host)
[xUnit.net 00:00:08.42]            at Microsoft.AspNetCore.Mvc.Testing.WebApplicationFactory`1.CreateHost(IHostBuilder builder)
[xUnit.net 00:00:08.42]            at Microsoft.AspNetCore.Mvc.Testing.WebApplicationFactory`1.ConfigureHostBuilder(IHostBuilder hostBuilder)
[xUnit.net 00:00:08.42]            at Microsoft.AspNetCore.Mvc.Testing.WebApplicationFactory`1.StartServer()
[xUnit.net 00:00:08.42]            at Microsoft.AspNetCore.Mvc.Testing.WebApplicationFactory`1.get_Services()
[xUnit.net 00:00:08.42]         /home/user/critic/p03-identity-r2-plants/tests/Erp.Testing/ErpTestEnvironment.cs(97,0): at Erp.Testing.ErpTestEnvironment.StartAsync(SeedPlan plan, IDictionary`2 settings)
[xUnit.net 00:00:08.42]         /home/user/critic/p03-identity-r2-plants/tests/Erp.Gates.Tests/Infrastructure/GateFixture.cs(17,0): at Erp.Gates.Tests.Infrastructure.GateFixture.InitializeAsync()
[xUnit.net 00:00:08.42]     Erp.Gates.Tests.Rules.AuditGateTests.Changing_ones_own_interface_preferences_is_audited_field_by_field [FAIL]
[xUnit.net 00:00:08.42]       Assembly fixture type 'Erp.Gates.Tests.Infrastructure.GateFixture' threw in InitializeAsync
[xUnit.net 00:00:08.42]       ---- System.InvalidOperationException : Endpoint authorisation is incomplete:
[xUnit.net 00:00:08.42]       HTTP: GET /api/identity/users/{id:guid}/access => Access: declares no permission
[xUnit.net 00:00:08.42]       Stack Trace:
[xUnit.net 00:00:08.42]         
[xUnit.net 00:00:08.42]         ----- Inner Stack Trace -----
[xUnit.net 00:00:08.42]         /home/user/critic/p03-identity-r2-plants/src/Kernel/Erp.Kernel/Hosting/ErpPlatform.cs(247,0): at Erp.Kernel.Hosting.ErpPlatform.ValidateEndpoints(WebApplication app)
[xUnit.net 00:00:08.42]         /home/user/critic/p03-identity-r2-plants/src/Kernel/Erp.Kernel/Hosting/ErpPlatform.cs(213,0): at Erp.Kernel.Hosting.ErpPlatform.UseErpPlatform(WebApplication app)
[xUnit.net 00:00:08.42]         /home/user/critic/p03-identity-r2-plants/src/Host/Erp.Host/Program.cs(8,0): at Program.<Main>$(String[] args)
[xUnit.net 00:00:08.42]            at Program.<Main>(String[] args)
[xUnit.net 00:00:08.42]            at System.Reflection.MethodBaseInvoker.InterpretedInvoke_Method(Object obj, IntPtr* args)
[xUnit.net 00:00:08.42]            at System.Reflection.MethodBaseInvoker.InvokeDirectByRefWithFewArgs(Object obj, Span`1 copyOfArgs, BindingFlags invokeAttr)
[xUnit.net 00:00:08.42]         --- End of stack trace from previous location ---
[xUnit.net 00:00:08.42]            at Microsoft.AspNetCore.Mvc.Testing.DeferredHostBuilder.DeferredHost.StartAsync(CancellationToken cancellationToken)
[xUnit.net 00:00:08.42]            at Microsoft.Extensions.Hosting.HostingAbstractionsHostExtensions.Start(IHost host)
[xUnit.net 00:00:08.42]            at Microsoft.AspNetCore.Mvc.Testing.WebApplicationFactory`1.CreateHost(IHostBuilder builder)
[xUnit.net 00:00:08.42]            at Microsoft.AspNetCore.Mvc.Testing.WebApplicationFactory`1.ConfigureHostBuilder(IHostBuilder hostBuilder)
[xUnit.net 00:00:08.42]            at Microsoft.AspNetCore.Mvc.Testing.WebApplicationFactory`1.StartServer()
[xUnit.net 00:00:08.42]            at Microsoft.AspNetCore.Mvc.Testing.WebApplicationFactory`1.get_Services()
[xUnit.net 00:00:08.42]         /home/user/critic/p03-identity-r2-plants/tests/Erp.Testing/ErpTestEnvironment.cs(97,0): at Erp.Testing.ErpTestEnvironment.StartAsync(SeedPlan plan, IDictionary`2 settings)
[xUnit.net 00:00:08.42]         /home/user/critic/p03-identity-r2-plants/tests/Erp.Gates.Tests/Infrastructure/GateFixture.cs(17,0): at Erp.Gates.Tests.Infrastructure.GateFixture.InitializeAsync()
[xUnit.net 00:00:08.43]     Erp.Gates.Tests.Rules.AuditGateTests.Writes_through_the_API_leave_field_level_audit_rows_attributed_to_the_user [FAIL]
[xUnit.net 00:00:08.43]       Assembly fixture type 'Erp.Gates.Tests.Infrastructure.GateFixture' threw in InitializeAsync
[xUnit.net 00:00:08.43]       ---- System.InvalidOperationException : Endpoint authorisation is incomplete:
[xUnit.net 00:00:08.43]       HTTP: GET /api/identity/users/{id:guid}/access => Access: declares no permission
[xUnit.net 00:00:08.43]       Stack Trace:
[xUnit.net 00:00:08.43]         
[xUnit.net 00:00:08.43]         ----- Inner Stack Trace -----
[xUnit.net 00:00:08.43]         /home/user/critic/p03-identity-r2-plants/src/Kernel/Erp.Kernel/Hosting/ErpPlatform.cs(247,0): at Erp.Kernel.Hosting.ErpPlatform.ValidateEndpoints(WebApplication app)
[xUnit.net 00:00:08.43]         /home/user/critic/p03-identity-r2-plants/src/Kernel/Erp.Kernel/Hosting/ErpPlatform.cs(213,0): at Erp.Kernel.Hosting.ErpPlatform.UseErpPlatform(WebApplication app)
[xUnit.net 00:00:08.43]         /home/user/critic/p03-identity-r2-plants/src/Host/Erp.Host/Program.cs(8,0): at Program.<Main>$(String[] args)
[xUnit.net 00:00:08.43]            at Program.<Main>(String[] args)
[xUnit.net 00:00:08.43]            at System.Reflection.MethodBaseInvoker.InterpretedInvoke_Method(Object obj, IntPtr* args)
[xUnit.net 00:00:08.43]            at System.Reflection.MethodBaseInvoker.InvokeDirectByRefWithFewArgs(Object obj, Span`1 copyOfArgs, BindingFlags invokeAttr)
[xUnit.net 00:00:08.43]         --- End of stack trace from previous location ---
[xUnit.net 00:00:08.43]            at Microsoft.AspNetCore.Mvc.Testing.DeferredHostBuilder.DeferredHost.StartAsync(CancellationToken cancellationToken)
[xUnit.net 00:00:08.43]            at Microsoft.Extensions.Hosting.HostingAbstractionsHostExtensions.Start(IHost host)
[xUnit.net 00:00:08.43]            at Microsoft.AspNetCore.Mvc.Testing.WebApplicationFactory`1.CreateHost(IHostBuilder builder)
[xUnit.net 00:00:08.43]            at Microsoft.AspNetCore.Mvc.Testing.WebApplicationFactory`1.ConfigureHostBuilder(IHostBuilder hostBuilder)
[xUnit.net 00:00:08.43]            at Microsoft.AspNetCore.Mvc.Testing.WebApplicationFactory`1.StartServer()
[xUnit.net 00:00:08.43]            at Microsoft.AspNetCore.Mvc.Testing.WebApplicationFactory`1.get_Services()
[xUnit.net 00:00:08.43]         /home/user/critic/p03-identity-r2-plants/tests/Erp.Testing/ErpTestEnvironment.cs(97,0): at Erp.Testing.ErpTestEnvironment.StartAsync(SeedPlan plan, IDictionary`2 settings)
[xUnit.net 00:00:08.43]         /home/user/critic/p03-identity-r2-plants/tests/Erp.Gates.Tests/Infrastructure/GateFixture.cs(17,0): at Erp.Gates.Tests.Infrastructure.GateFixture.InitializeAsync()
[xUnit.net 00:00:08.43]     Erp.Gates.Tests.Rules.AuditGateTests.Every_tenant_table_carries_the_audit_trigger_unless_reviewed_exempt [FAIL]
[xUnit.net 00:00:08.43]       Assembly fixture type 'Erp.Gates.Tests.Infrastructure.GateFixture' threw in InitializeAsync
[xUnit.net 00:00:08.43]       ---- System.InvalidOperationException : Endpoint authorisation is incomplete:
[xUnit.net 00:00:08.43]       HTTP: GET /api/identity/users/{id:guid}/access => Access: declares no permission
[xUnit.net 00:00:08.43]       Stack Trace:
[xUnit.net 00:00:08.43]         
[xUnit.net 00:00:08.43]         ----- Inner Stack Trace -----
[xUnit.net 00:00:08.43]         /home/user/critic/p03-identity-r2-plants/src/Kernel/Erp.Kernel/Hosting/ErpPlatform.cs(247,0): at Erp.Kernel.Hosting.ErpPlatform.ValidateEndpoints(WebApplication app)
[xUnit.net 00:00:08.43]         /home/user/critic/p03-identity-r2-plants/src/Kernel/Erp.Kernel/Hosting/ErpPlatform.cs(213,0): at Erp.Kernel.Hosting.ErpPlatform.UseErpPlatform(WebApplication app)
[xUnit.net 00:00:08.43]         /home/user/critic/p03-identity-r2-plants/src/Host/Erp.Host/Program.cs(8,0): at Program.<Main>$(String[] args)
[xUnit.net 00:00:08.43]            at Program.<Main>(String[] args)
[xUnit.net 00:00:08.43]            at System.Reflection.MethodBaseInvoker.InterpretedInvoke_Method(Object obj, IntPtr* args)
[xUnit.net 00:00:08.43]            at System.Reflection.MethodBaseInvoker.InvokeDirectByRefWithFewArgs(Object obj, Span`1 copyOfArgs, BindingFlags invokeAttr)
[xUnit.net 00:00:08.43]         --- End of stack trace from previous location ---
[xUnit.net 00:00:08.43]            at Microsoft.AspNetCore.Mvc.Testing.DeferredHostBuilder.DeferredHost.StartAsync(CancellationToken cancellationToken)
[xUnit.net 00:00:08.43]            at Microsoft.Extensions.Hosting.HostingAbstractionsHostExtensions.Start(IHost host)
[xUnit.net 00:00:08.43]            at Microsoft.AspNetCore.Mvc.Testing.WebApplicationFactory`1.CreateHost(IHostBuilder builder)
[xUnit.net 00:00:08.43]            at Microsoft.AspNetCore.Mvc.Testing.WebApplicationFactory`1.ConfigureHostBuilder(IHostBuilder hostBuilder)
[xUnit.net 00:00:08.43]            at Microsoft.AspNetCore.Mvc.Testing.WebApplicationFactory`1.StartServer()
[xUnit.net 00:00:08.43]            at Microsoft.AspNetCore.Mvc.Testing.WebApplicationFactory`1.get_Services()
[xUnit.net 00:00:08.43]         /home/user/critic/p03-identity-r2-plants/tests/Erp.Testing/ErpTestEnvironment.cs(97,0): at Erp.Testing.ErpTestEnvironment.StartAsync(SeedPlan plan, IDictionary`2 settings)
[xUnit.net 00:00:08.43]         /home/user/critic/p03-identity-r2-plants/tests/Erp.Gates.Tests/Infrastructure/GateFixture.cs(17,0): at Erp.Gates.Tests.Infrastructure.GateFixture.InitializeAsync()
[xUnit.net 00:00:08.43]     Erp.Gates.Tests.Rules.OpenApiGateTests.Decimals_are_documented_as_strings [FAIL]
[xUnit.net 00:00:08.43]       Assembly fixture type 'Erp.Gates.Tests.Infrastructure.GateFixture' threw in InitializeAsync
[xUnit.net 00:00:08.43]       ---- System.InvalidOperationException : Endpoint authorisation is incomplete:
[xUnit.net 00:00:08.43]       HTTP: GET /api/identity/users/{id:guid}/access => Access: declares no permission
[xUnit.net 00:00:08.43]       Stack Trace:
[xUnit.net 00:00:08.43]         
[xUnit.net 00:00:08.43]         ----- Inner Stack Trace -----
[xUnit.net 00:00:08.43]         /home/user/critic/p03-identity-r2-plants/src/Kernel/Erp.Kernel/Hosting/ErpPlatform.cs(247,0): at Erp.Kernel.Hosting.ErpPlatform.ValidateEndpoints(WebApplication app)
[xUnit.net 00:00:08.43]         /home/user/critic/p03-identity-r2-plants/src/Kernel/Erp.Kernel/Hosting/ErpPlatform.cs(213,0): at Erp.Kernel.Hosting.ErpPlatform.UseErpPlatform(WebApplication app)
[xUnit.net 00:00:08.43]         /home/user/critic/p03-identity-r2-plants/src/Host/Erp.Host/Program.cs(8,0): at Program.<Main>$(String[] args)
[xUnit.net 00:00:08.43]            at Program.<Main>(String[] args)
[xUnit.net 00:00:08.43]            at System.Reflection.MethodBaseInvoker.InterpretedInvoke_Method(Object obj, IntPtr* args)
[xUnit.net 00:00:08.43]            at System.Reflection.MethodBaseInvoker.InvokeDirectByRefWithFewArgs(Object obj, Span`1 copyOfArgs, BindingFlags invokeAttr)
[xUnit.net 00:00:08.43]         --- End of stack trace from previous location ---
[xUnit.net 00:00:08.43]            at Microsoft.AspNetCore.Mvc.Testing.DeferredHostBuilder.DeferredHost.StartAsync(CancellationToken cancellationToken)
[xUnit.net 00:00:08.43]            at Microsoft.Extensions.Hosting.HostingAbstractionsHostExtensions.Start(IHost host)
[xUnit.net 00:00:08.43]            at Microsoft.AspNetCore.Mvc.Testing.WebApplicationFactory`1.CreateHost(IHostBuilder builder)
[xUnit.net 00:00:08.43]            at Microsoft.AspNetCore.Mvc.Testing.WebApplicationFactory`1.ConfigureHostBuilder(IHostBuilder hostBuilder)
[xUnit.net 00:00:08.43]            at Microsoft.AspNetCore.Mvc.Testing.WebApplicationFactory`1.StartServer()
[xUnit.net 00:00:08.43]            at Microsoft.AspNetCore.Mvc.Testing.WebApplicationFactory`1.get_Services()
[xUnit.net 00:00:08.43]         /home/user/critic/p03-identity-r2-plants/tests/Erp.Testing/ErpTestEnvironment.cs(97,0): at Erp.Testing.ErpTestEnvironment.StartAsync(SeedPlan plan, IDictionary`2 settings)
[xUnit.net 00:00:08.43]         /home/user/critic/p03-identity-r2-plants/tests/Erp.Gates.Tests/Infrastructure/GateFixture.cs(17,0): at Erp.Gates.Tests.Infrastructure.GateFixture.InitializeAsync()
[xUnit.net 00:00:08.43]     Erp.Gates.Tests.Rules.OpenApiGateTests.OpenApi_document_covers_every_endpoint_with_its_permission [FAIL]
[xUnit.net 00:00:08.43]       Assembly fixture type 'Erp.Gates.Tests.Infrastructure.GateFixture' threw in InitializeAsync
[xUnit.net 00:00:08.43]       ---- System.InvalidOperationException : Endpoint authorisation is incomplete:
[xUnit.net 00:00:08.43]       HTTP: GET /api/identity/users/{id:guid}/access => Access: declares no permission
[xUnit.net 00:00:08.43]       Stack Trace:
[xUnit.net 00:00:08.43]         
[xUnit.net 00:00:08.43]         ----- Inner Stack Trace -----
[xUnit.net 00:00:08.43]         /home/user/critic/p03-identity-r2-plants/src/Kernel/Erp.Kernel/Hosting/ErpPlatform.cs(247,0): at Erp.Kernel.Hosting.ErpPlatform.ValidateEndpoints(WebApplication app)
[xUnit.net 00:00:08.43]         /home/user/critic/p03-identity-r2-plants/src/Kernel/Erp.Kernel/Hosting/ErpPlatform.cs(213,0): at Erp.Kernel.Hosting.ErpPlatform.UseErpPlatform(WebApplication app)
[xUnit.net 00:00:08.43]         /home/user/critic/p03-identity-r2-plants/src/Host/Erp.Host/Program.cs(8,0): at Program.<Main>$(String[] args)
[xUnit.net 00:00:08.43]            at Program.<Main>(String[] args)
[xUnit.net 00:00:08.43]            at System.Reflection.MethodBaseInvoker.InterpretedInvoke_Method(Object obj, IntPtr* args)
[xUnit.net 00:00:08.43]            at System.Reflection.MethodBaseInvoker.InvokeDirectByRefWithFewArgs(Object obj, Span`1 copyOfArgs, BindingFlags invokeAttr)
[xUnit.net 00:00:08.43]         --- End of stack trace from previous location ---
[xUnit.net 00:00:08.43]            at Microsoft.AspNetCore.Mvc.Testing.DeferredHostBuilder.DeferredHost.StartAsync(CancellationToken cancellationToken)
[xUnit.net 00:00:08.43]            at Microsoft.Extensions.Hosting.HostingAbstractionsHostExtensions.Start(IHost host)
[xUnit.net 00:00:08.43]            at Microsoft.AspNetCore.Mvc.Testing.WebApplicationFactory`1.CreateHost(IHostBuilder builder)
[xUnit.net 00:00:08.43]            at Microsoft.AspNetCore.Mvc.Testing.WebApplicationFactory`1.ConfigureHostBuilder(IHostBuilder hostBuilder)
[xUnit.net 00:00:08.43]            at Microsoft.AspNetCore.Mvc.Testing.WebApplicationFactory`1.StartServer()
[xUnit.net 00:00:08.43]            at Microsoft.AspNetCore.Mvc.Testing.WebApplicationFactory`1.get_Services()
[xUnit.net 00:00:08.43]         /home/user/critic/p03-identity-r2-plants/tests/Erp.Testing/ErpTestEnvironment.cs(97,0): at Erp.Testing.ErpTestEnvironment.StartAsync(SeedPlan plan, IDictionary`2 settings)
[xUnit.net 00:00:08.43]         /home/user/critic/p03-identity-r2-plants/tests/Erp.Gates.Tests/Infrastructure/GateFixture.cs(17,0): at Erp.Gates.Tests.Infrastructure.GateFixture.InitializeAsync()
[xUnit.net 00:00:08.43]     Erp.Gates.Tests.Rules.ShellGateTests.Every_navigation_group_has_an_English_and_Arabic_heading [FAIL]
[xUnit.net 00:00:08.43]       Assembly fixture type 'Erp.Gates.Tests.Infrastructure.GateFixture' threw in InitializeAsync
[xUnit.net 00:00:08.43]       ---- System.InvalidOperationException : Endpoint authorisation is incomplete:
[xUnit.net 00:00:08.43]       HTTP: GET /api/identity/users/{id:guid}/access => Access: declares no permission
[xUnit.net 00:00:08.43]       Stack Trace:
[xUnit.net 00:00:08.43]         
[xUnit.net 00:00:08.43]         ----- Inner Stack Trace -----
[xUnit.net 00:00:08.43]         /home/user/critic/p03-identity-r2-plants/src/Kernel/Erp.Kernel/Hosting/ErpPlatform.cs(247,0): at Erp.Kernel.Hosting.ErpPlatform.ValidateEndpoints(WebApplication app)
[xUnit.net 00:00:08.43]         /home/user/critic/p03-identity-r2-plants/src/Kernel/Erp.Kernel/Hosting/ErpPlatform.cs(213,0): at Erp.Kernel.Hosting.ErpPlatform.UseErpPlatform(WebApplication app)
[xUnit.net 00:00:08.43]         /home/user/critic/p03-identity-r2-plants/src/Host/Erp.Host/Program.cs(8,0): at Program.<Main>$(String[] args)
[xUnit.net 00:00:08.43]            at Program.<Main>(String[] args)
[xUnit.net 00:00:08.43]            at System.Reflection.MethodBaseInvoker.InterpretedInvoke_Method(Object obj, IntPtr* args)
[xUnit.net 00:00:08.43]            at System.Reflection.MethodBaseInvoker.InvokeDirectByRefWithFewArgs(Object obj, Span`1 copyOfArgs, BindingFlags invokeAttr)
[xUnit.net 00:00:08.43]         --- End of stack trace from previous location ---
[xUnit.net 00:00:08.43]            at Microsoft.AspNetCore.Mvc.Testing.DeferredHostBuilder.DeferredHost.StartAsync(CancellationToken cancellationToken)
[xUnit.net 00:00:08.43]            at Microsoft.Extensions.Hosting.HostingAbstractionsHostExtensions.Start(IHost host)
[xUnit.net 00:00:08.43]            at Microsoft.AspNetCore.Mvc.Testing.WebApplicationFactory`1.CreateHost(IHostBuilder builder)
[xUnit.net 00:00:08.43]            at Microsoft.AspNetCore.Mvc.Testing.WebApplicationFactory`1.ConfigureHostBuilder(IHostBuilder hostBuilder)
[xUnit.net 00:00:08.43]            at Microsoft.AspNetCore.Mvc.Testing.WebApplicationFactory`1.StartServer()
[xUnit.net 00:00:08.43]            at Microsoft.AspNetCore.Mvc.Testing.WebApplicationFactory`1.get_Services()
[xUnit.net 00:00:08.43]         /home/user/critic/p03-identity-r2-plants/tests/Erp.Testing/ErpTestEnvironment.cs(97,0): at Erp.Testing.ErpTestEnvironment.StartAsync(SeedPlan plan, IDictionary`2 settings)
[xUnit.net 00:00:08.43]         /home/user/critic/p03-identity-r2-plants/tests/Erp.Gates.Tests/Infrastructure/GateFixture.cs(17,0): at Erp.Gates.Tests.Infrastructure.GateFixture.InitializeAsync()
[xUnit.net 00:00:08.44]     Erp.Gates.Tests.Rules.ShellGateTests.Language_and_digit_fields_document_their_allowed_values [FAIL]
[xUnit.net 00:00:08.44]       Assembly fixture type 'Erp.Gates.Tests.Infrastructure.GateFixture' threw in InitializeAsync
[xUnit.net 00:00:08.44]       ---- System.InvalidOperationException : Endpoint authorisation is incomplete:
[xUnit.net 00:00:08.44]       HTTP: GET /api/identity/users/{id:guid}/access => Access: declares no permission
[xUnit.net 00:00:08.44]       Stack Trace:
[xUnit.net 00:00:08.44]         
[xUnit.net 00:00:08.44]         ----- Inner Stack Trace -----
[xUnit.net 00:00:08.44]         /home/user/critic/p03-identity-r2-plants/src/Kernel/Erp.Kernel/Hosting/ErpPlatform.cs(247,0): at Erp.Kernel.Hosting.ErpPlatform.ValidateEndpoints(WebApplication app)
[xUnit.net 00:00:08.44]         /home/user/critic/p03-identity-r2-plants/src/Kernel/Erp.Kernel/Hosting/ErpPlatform.cs(213,0): at Erp.Kernel.Hosting.ErpPlatform.UseErpPlatform(WebApplication app)
[xUnit.net 00:00:08.44]         /home/user/critic/p03-identity-r2-plants/src/Host/Erp.Host/Program.cs(8,0): at Program.<Main>$(String[] args)
[xUnit.net 00:00:08.44]            at Program.<Main>(String[] args)
[xUnit.net 00:00:08.44]            at System.Reflection.MethodBaseInvoker.InterpretedInvoke_Method(Object obj, IntPtr* args)
[xUnit.net 00:00:08.44]            at System.Reflection.MethodBaseInvoker.InvokeDirectByRefWithFewArgs(Object obj, Span`1 copyOfArgs, BindingFlags invokeAttr)
[xUnit.net 00:00:08.44]         --- End of stack trace from previous location ---
[xUnit.net 00:00:08.44]            at Microsoft.AspNetCore.Mvc.Testing.DeferredHostBuilder.DeferredHost.StartAsync(CancellationToken cancellationToken)
[xUnit.net 00:00:08.44]            at Microsoft.Extensions.Hosting.HostingAbstractionsHostExtensions.Start(IHost host)
[xUnit.net 00:00:08.44]            at Microsoft.AspNetCore.Mvc.Testing.WebApplicationFactory`1.CreateHost(IHostBuilder builder)
[xUnit.net 00:00:08.44]            at Microsoft.AspNetCore.Mvc.Testing.WebApplicationFactory`1.ConfigureHostBuilder(IHostBuilder hostBuilder)
[xUnit.net 00:00:08.44]            at Microsoft.AspNetCore.Mvc.Testing.WebApplicationFactory`1.StartServer()
[xUnit.net 00:00:08.44]            at Microsoft.AspNetCore.Mvc.Testing.WebApplicationFactory`1.get_Services()
[xUnit.net 00:00:08.44]         /home/user/critic/p03-identity-r2-plants/tests/Erp.Testing/ErpTestEnvironment.cs(97,0): at Erp.Testing.ErpTestEnvironment.StartAsync(SeedPlan plan, IDictionary`2 settings)
[xUnit.net 00:00:08.44]         /home/user/critic/p03-identity-r2-plants/tests/Erp.Gates.Tests/Infrastructure/GateFixture.cs(17,0): at Erp.Gates.Tests.Infrastructure.GateFixture.InitializeAsync()
[xUnit.net 00:00:08.44]     Erp.Gates.Tests.Rules.ShellGateTests.Screens_format_numbers_amounts_and_dates_through_the_kernel_formatter [FAIL]
[xUnit.net 00:00:08.44]       Assembly fixture type 'Erp.Gates.Tests.Infrastructure.GateFixture' threw in InitializeAsync
[xUnit.net 00:00:08.44]       ---- System.InvalidOperationException : Endpoint authorisation is incomplete:
[xUnit.net 00:00:08.44]       HTTP: GET /api/identity/users/{id:guid}/access => Access: declares no permission
[xUnit.net 00:00:08.44]       Stack Trace:
[xUnit.net 00:00:08.44]         
[xUnit.net 00:00:08.44]         ----- Inner Stack Trace -----
[xUnit.net 00:00:08.44]         /home/user/critic/p03-identity-r2-plants/src/Kernel/Erp.Kernel/Hosting/ErpPlatform.cs(247,0): at Erp.Kernel.Hosting.ErpPlatform.ValidateEndpoints(WebApplication app)
[xUnit.net 00:00:08.44]         /home/user/critic/p03-identity-r2-plants/src/Kernel/Erp.Kernel/Hosting/ErpPlatform.cs(213,0): at Erp.Kernel.Hosting.ErpPlatform.UseErpPlatform(WebApplication app)
[xUnit.net 00:00:08.44]         /home/user/critic/p03-identity-r2-plants/src/Host/Erp.Host/Program.cs(8,0): at Program.<Main>$(String[] args)
[xUnit.net 00:00:08.44]            at Program.<Main>(String[] args)
[xUnit.net 00:00:08.44]            at System.Reflection.MethodBaseInvoker.InterpretedInvoke_Method(Object obj, IntPtr* args)
[xUnit.net 00:00:08.44]            at System.Reflection.MethodBaseInvoker.InvokeDirectByRefWithFewArgs(Object obj, Span`1 copyOfArgs, BindingFlags invokeAttr)
[xUnit.net 00:00:08.44]         --- End of stack trace from previous location ---
[xUnit.net 00:00:08.44]            at Microsoft.AspNetCore.Mvc.Testing.DeferredHostBuilder.DeferredHost.StartAsync(CancellationToken cancellationToken)
[xUnit.net 00:00:08.44]            at Microsoft.Extensions.Hosting.HostingAbstractionsHostExtensions.Start(IHost host)
[xUnit.net 00:00:08.44]            at Microsoft.AspNetCore.Mvc.Testing.WebApplicationFactory`1.CreateHost(IHostBuilder builder)
[xUnit.net 00:00:08.44]            at Microsoft.AspNetCore.Mvc.Testing.WebApplicationFactory`1.ConfigureHostBuilder(IHostBuilder hostBuilder)
[xUnit.net 00:00:08.44]            at Microsoft.AspNetCore.Mvc.Testing.WebApplicationFactory`1.StartServer()
[xUnit.net 00:00:08.44]            at Microsoft.AspNetCore.Mvc.Testing.WebApplicationFactory`1.get_Services()
[xUnit.net 00:00:08.44]         /home/user/critic/p03-identity-r2-plants/tests/Erp.Testing/ErpTestEnvironment.cs(97,0): at Erp.Testing.ErpTestEnvironment.StartAsync(SeedPlan plan, IDictionary`2 settings)
[xUnit.net 00:00:08.44]         /home/user/critic/p03-identity-r2-plants/tests/Erp.Gates.Tests/Infrastructure/GateFixture.cs(17,0): at Erp.Gates.Tests.Infrastructure.GateFixture.InitializeAsync()
  Failed Erp.Gates.Tests.Rules.AuditGateTests.Passwords_are_redacted_in_the_audit_trail [1 ms]
  Error Message:
   Assembly fixture type 'Erp.Gates.Tests.Infrastructure.GateFixture' threw in InitializeAsync
---- System.InvalidOperationException : Endpoint authorisation is incomplete:
HTTP: GET /api/identity/users/{id:guid}/access => Access: declares no permission
  Stack Trace:
  
----- Inner Stack Trace -----
   at Erp.Kernel.Hosting.ErpPlatform.ValidateEndpoints(WebApplication app) in /home/user/critic/p03-identity-r2-plants/src/Kernel/Erp.Kernel/Hosting/ErpPlatform.cs:line 247
   at Erp.Kernel.Hosting.ErpPlatform.UseErpPlatform(WebApplication app) in /home/user/critic/p03-identity-r2-plants/src/Kernel/Erp.Kernel/Hosting/ErpPlatform.cs:line 213
   at Program.<Main>$(String[] args) in /home/user/critic/p03-identity-r2-plants/src/Host/Erp.Host/Program.cs:line 8
   at Program.<Main>(String[] args)
   at System.Reflection.MethodBaseInvoker.InterpretedInvoke_Method(Object obj, IntPtr* args)
   at System.Reflection.MethodBaseInvoker.InvokeDirectByRefWithFewArgs(Object obj, Span`1 copyOfArgs, BindingFlags invokeAttr)
--- End of stack trace from previous location ---
   at Microsoft.AspNetCore.Mvc.Testing.DeferredHostBuilder.DeferredHost.StartAsync(CancellationToken cancellationToken)
   at Microsoft.Extensions.Hosting.HostingAbstractionsHostExtensions.Start(IHost host)
   at Microsoft.AspNetCore.Mvc.Testing.WebApplicationFactory`1.CreateHost(IHostBuilder builder)
   at Microsoft.AspNetCore.Mvc.Testing.WebApplicationFactory`1.ConfigureHostBuilder(IHostBuilder hostBuilder)
   at Microsoft.AspNetCore.Mvc.Testing.WebApplicationFactory`1.StartServer()
   at Microsoft.AspNetCore.Mvc.Testing.WebApplicationFactory`1.get_Services()
   at Erp.Testing.ErpTestEnvironment.StartAsync(SeedPlan plan, IDictionary`2 settings) in /home/user/critic/p03-identity-r2-plants/tests/Erp.Testing/ErpTestEnvironment.cs:line 97
   at Erp.Gates.Tests.Infrastructure.GateFixture.InitializeAsync() in /home/user/critic/p03-identity-r2-plants/tests/Erp.Gates.Tests/Infrastructure/GateFixture.cs:line 17
  Failed Erp.Gates.Tests.Rules.AuditGateTests.Changing_ones_own_interface_preferences_is_audited_field_by_field [1 ms]
  Error Message:
   Assembly fixture type 'Erp.Gates.Tests.Infrastructure.GateFixture' threw in InitializeAsync
---- System.InvalidOperationException : Endpoint authorisation is incomplete:
HTTP: GET /api/identity/users/{id:guid}/access => Access: declares no permission
  Stack Trace:
  
----- Inner Stack Trace -----
   at Erp.Kernel.Hosting.ErpPlatform.ValidateEndpoints(WebApplication app) in /home/user/critic/p03-identity-r2-plants/src/Kernel/Erp.Kernel/Hosting/ErpPlatform.cs:line 247
   at Erp.Kernel.Hosting.ErpPlatform.UseErpPlatform(WebApplication app) in /home/user/critic/p03-identity-r2-plants/src/Kernel/Erp.Kernel/Hosting/ErpPlatform.cs:line 213
   at Program.<Main>$(String[] args) in /home/user/critic/p03-identity-r2-plants/src/Host/Erp.Host/Program.cs:line 8
   at Program.<Main>(String[] args)
   at System.Reflection.MethodBaseInvoker.InterpretedInvoke_Method(Object obj, IntPtr* args)
   at System.Reflection.MethodBaseInvoker.InvokeDirectByRefWithFewArgs(Object obj, Span`1 copyOfArgs, BindingFlags invokeAttr)
--- End of stack trace from previous location ---
   at Microsoft.AspNetCore.Mvc.Testing.DeferredHostBuilder.DeferredHost.StartAsync(CancellationToken cancellationToken)
   at Microsoft.Extensions.Hosting.HostingAbstractionsHostExtensions.Start(IHost host)
   at Microsoft.AspNetCore.Mvc.Testing.WebApplicationFactory`1.CreateHost(IHostBuilder builder)
   at Microsoft.AspNetCore.Mvc.Testing.WebApplicationFactory`1.ConfigureHostBuilder(IHostBuilder hostBuilder)
   at Microsoft.AspNetCore.Mvc.Testing.WebApplicationFactory`1.StartServer()
   at Microsoft.AspNetCore.Mvc.Testing.WebApplicationFactory`1.get_Services()
   at Erp.Testing.ErpTestEnvironment.StartAsync(SeedPlan plan, IDictionary`2 settings) in /home/user/critic/p03-identity-r2-plants/tests/Erp.Testing/ErpTestEnvironment.cs:line 97
   at Erp.Gates.Tests.Infrastructure.GateFixture.InitializeAsync() in /home/user/critic/p03-identity-r2-plants/tests/Erp.Gates.Tests/Infrastructure/GateFixture.cs:line 17
  Failed Erp.Gates.Tests.Rules.AuditGateTests.Writes_through_the_API_leave_field_level_audit_rows_attributed_to_the_user [1 ms]
  Error Message:
   Assembly fixture type 'Erp.Gates.Tests.Infrastructure.GateFixture' threw in InitializeAsync
---- System.InvalidOperationException : Endpoint authorisation is incomplete:
HTTP: GET /api/identity/users/{id:guid}/access => Access: declares no permission
  Stack Trace:
  
----- Inner Stack Trace -----
   at Erp.Kernel.Hosting.ErpPlatform.ValidateEndpoints(WebApplication app) in /home/user/critic/p03-identity-r2-plants/src/Kernel/Erp.Kernel/Hosting/ErpPlatform.cs:line 247
   at Erp.Kernel.Hosting.ErpPlatform.UseErpPlatform(WebApplication app) in /home/user/critic/p03-identity-r2-plants/src/Kernel/Erp.Kernel/Hosting/ErpPlatform.cs:line 213
   at Program.<Main>$(String[] args) in /home/user/critic/p03-identity-r2-plants/src/Host/Erp.Host/Program.cs:line 8
   at Program.<Main>(String[] args)
   at System.Reflection.MethodBaseInvoker.InterpretedInvoke_Method(Object obj, IntPtr* args)
   at System.Reflection.MethodBaseInvoker.InvokeDirectByRefWithFewArgs(Object obj, Span`1 copyOfArgs, BindingFlags invokeAttr)
--- End of stack trace from previous location ---
   at Microsoft.AspNetCore.Mvc.Testing.DeferredHostBuilder.DeferredHost.StartAsync(CancellationToken cancellationToken)
   at Microsoft.Extensions.Hosting.HostingAbstractionsHostExtensions.Start(IHost host)
   at Microsoft.AspNetCore.Mvc.Testing.WebApplicationFactory`1.CreateHost(IHostBuilder builder)
   at Microsoft.AspNetCore.Mvc.Testing.WebApplicationFactory`1.ConfigureHostBuilder(IHostBuilder hostBuilder)
   at Microsoft.AspNetCore.Mvc.Testing.WebApplicationFactory`1.StartServer()
   at Microsoft.AspNetCore.Mvc.Testing.WebApplicationFactory`1.get_Services()
   at Erp.Testing.ErpTestEnvironment.StartAsync(SeedPlan plan, IDictionary`2 settings) in /home/user/critic/p03-identity-r2-plants/tests/Erp.Testing/ErpTestEnvironment.cs:line 97
   at Erp.Gates.Tests.Infrastructure.GateFixture.InitializeAsync() in /home/user/critic/p03-identity-r2-plants/tests/Erp.Gates.Tests/Infrastructure/GateFixture.cs:line 17
  Failed Erp.Gates.Tests.Rules.AuditGateTests.Every_tenant_table_carries_the_audit_trigger_unless_reviewed_exempt [1 ms]
  Error Message:
   Assembly fixture type 'Erp.Gates.Tests.Infrastructure.GateFixture' threw in InitializeAsync
---- System.InvalidOperationException : Endpoint authorisation is incomplete:
HTTP: GET /api/identity/users/{id:guid}/access => Access: declares no permission
  Stack Trace:
  
----- Inner Stack Trace -----
   at Erp.Kernel.Hosting.ErpPlatform.ValidateEndpoints(WebApplication app) in /home/user/critic/p03-identity-r2-plants/src/Kernel/Erp.Kernel/Hosting/ErpPlatform.cs:line 247
   at Erp.Kernel.Hosting.ErpPlatform.UseErpPlatform(WebApplication app) in /home/user/critic/p03-identity-r2-plants/src/Kernel/Erp.Kernel/Hosting/ErpPlatform.cs:line 213
   at Program.<Main>$(String[] args) in /home/user/critic/p03-identity-r2-plants/src/Host/Erp.Host/Program.cs:line 8
   at Program.<Main>(String[] args)
   at System.Reflection.MethodBaseInvoker.InterpretedInvoke_Method(Object obj, IntPtr* args)
   at System.Reflection.MethodBaseInvoker.InvokeDirectByRefWithFewArgs(Object obj, Span`1 copyOfArgs, BindingFlags invokeAttr)
--- End of stack trace from previous location ---
   at Microsoft.AspNetCore.Mvc.Testing.DeferredHostBuilder.DeferredHost.StartAsync(CancellationToken cancellationToken)
   at Microsoft.Extensions.Hosting.HostingAbstractionsHostExtensions.Start(IHost host)
   at Microsoft.AspNetCore.Mvc.Testing.WebApplicationFactory`1.CreateHost(IHostBuilder builder)
   at Microsoft.AspNetCore.Mvc.Testing.WebApplicationFactory`1.ConfigureHostBuilder(IHostBuilder hostBuilder)
   at Microsoft.AspNetCore.Mvc.Testing.WebApplicationFactory`1.StartServer()
   at Microsoft.AspNetCore.Mvc.Testing.WebApplicationFactory`1.get_Services()
   at Erp.Testing.ErpTestEnvironment.StartAsync(SeedPlan plan, IDictionary`2 settings) in /home/user/critic/p03-identity-r2-plants/tests/Erp.Testing/ErpTestEnvironment.cs:line 97
   at Erp.Gates.Tests.Infrastructure.GateFixture.InitializeAsync() in /home/user/critic/p03-identity-r2-plants/tests/Erp.Gates.Tests/Infrastructure/GateFixture.cs:line 17
  Failed Erp.Gates.Tests.Rules.OpenApiGateTests.Decimals_are_documented_as_strings [1 ms]
  Error Message:
   Assembly fixture type 'Erp.Gates.Tests.Infrastructure.GateFixture' threw in InitializeAsync
---- System.InvalidOperationException : Endpoint authorisation is incomplete:
HTTP: GET /api/identity/users/{id:guid}/access => Access: declares no permission
  Stack Trace:
  
----- Inner Stack Trace -----
   at Erp.Kernel.Hosting.ErpPlatform.ValidateEndpoints(WebApplication app) in /home/user/critic/p03-identity-r2-plants/src/Kernel/Erp.Kernel/Hosting/ErpPlatform.cs:line 247
   at Erp.Kernel.Hosting.ErpPlatform.UseErpPlatform(WebApplication app) in /home/user/critic/p03-identity-r2-plants/src/Kernel/Erp.Kernel/Hosting/ErpPlatform.cs:line 213
   at Program.<Main>$(String[] args) in /home/user/critic/p03-identity-r2-plants/src/Host/Erp.Host/Program.cs:line 8
   at Program.<Main>(String[] args)
   at System.Reflection.MethodBaseInvoker.InterpretedInvoke_Method(Object obj, IntPtr* args)
   at System.Reflection.MethodBaseInvoker.InvokeDirectByRefWithFewArgs(Object obj, Span`1 copyOfArgs, BindingFlags invokeAttr)
--- End of stack trace from previous location ---
   at Microsoft.AspNetCore.Mvc.Testing.DeferredHostBuilder.DeferredHost.StartAsync(CancellationToken cancellationToken)
   at Microsoft.Extensions.Hosting.HostingAbstractionsHostExtensions.Start(IHost host)
   at Microsoft.AspNetCore.Mvc.Testing.WebApplicationFactory`1.CreateHost(IHostBuilder builder)
   at Microsoft.AspNetCore.Mvc.Testing.WebApplicationFactory`1.ConfigureHostBuilder(IHostBuilder hostBuilder)
   at Microsoft.AspNetCore.Mvc.Testing.WebApplicationFactory`1.StartServer()
   at Microsoft.AspNetCore.Mvc.Testing.WebApplicationFactory`1.get_Services()
   at Erp.Testing.ErpTestEnvironment.StartAsync(SeedPlan plan, IDictionary`2 settings) in /home/user/critic/p03-identity-r2-plants/tests/Erp.Testing/ErpTestEnvironment.cs:line 97
   at Erp.Gates.Tests.Infrastructure.GateFixture.InitializeAsync() in /home/user/critic/p03-identity-r2-plants/tests/Erp.Gates.Tests/Infrastructure/GateFixture.cs:line 17
  Failed Erp.Gates.Tests.Rules.OpenApiGateTests.OpenApi_document_covers_every_endpoint_with_its_permission [1 ms]
  Error Message:
   Assembly fixture type 'Erp.Gates.Tests.Infrastructure.GateFixture' threw in InitializeAsync
---- System.InvalidOperationException : Endpoint authorisation is incomplete:
HTTP: GET /api/identity/users/{id:guid}/access => Access: declares no permission
  Stack Trace:
  
----- Inner Stack Trace -----
   at Erp.Kernel.Hosting.ErpPlatform.ValidateEndpoints(WebApplication app) in /home/user/critic/p03-identity-r2-plants/src/Kernel/Erp.Kernel/Hosting/ErpPlatform.cs:line 247
   at Erp.Kernel.Hosting.ErpPlatform.UseErpPlatform(WebApplication app) in /home/user/critic/p03-identity-r2-plants/src/Kernel/Erp.Kernel/Hosting/ErpPlatform.cs:line 213
   at Program.<Main>$(String[] args) in /home/user/critic/p03-identity-r2-plants/src/Host/Erp.Host/Program.cs:line 8
   at Program.<Main>(String[] args)
   at System.Reflection.MethodBaseInvoker.InterpretedInvoke_Method(Object obj, IntPtr* args)
   at System.Reflection.MethodBaseInvoker.InvokeDirectByRefWithFewArgs(Object obj, Span`1 copyOfArgs, BindingFlags invokeAttr)
--- End of stack trace from previous location ---
   at Microsoft.AspNetCore.Mvc.Testing.DeferredHostBuilder.DeferredHost.StartAsync(CancellationToken cancellationToken)
   at Microsoft.Extensions.Hosting.HostingAbstractionsHostExtensions.Start(IHost host)
   at Microsoft.AspNetCore.Mvc.Testing.WebApplicationFactory`1.CreateHost(IHostBuilder builder)
   at Microsoft.AspNetCore.Mvc.Testing.WebApplicationFactory`1.ConfigureHostBuilder(IHostBuilder hostBuilder)
   at Microsoft.AspNetCore.Mvc.Testing.WebApplicationFactory`1.StartServer()
   at Microsoft.AspNetCore.Mvc.Testing.WebApplicationFactory`1.get_Services()
   at Erp.Testing.ErpTestEnvironment.StartAsync(SeedPlan plan, IDictionary`2 settings) in /home/user/critic/p03-identity-r2-plants/tests/Erp.Testing/ErpTestEnvironment.cs:line 97
   at Erp.Gates.Tests.Infrastructure.GateFixture.InitializeAsync() in /home/user/critic/p03-identity-r2-plants/tests/Erp.Gates.Tests/Infrastructure/GateFixture.cs:line 17
  Failed Erp.Gates.Tests.Rules.ShellGateTests.Every_navigation_group_has_an_English_and_Arabic_heading [1 ms]
  Error Message:
   Assembly fixture type 'Erp.Gates.Tests.Infrastructure.GateFixture' threw in InitializeAsync
---- System.InvalidOperationException : Endpoint authorisation is incomplete:
HTTP: GET /api/identity/users/{id:guid}/access => Access: declares no permission
  Stack Trace:
  
----- Inner Stack Trace -----
   at Erp.Kernel.Hosting.ErpPlatform.ValidateEndpoints(WebApplication app) in /home/user/critic/p03-identity-r2-plants/src/Kernel/Erp.Kernel/Hosting/ErpPlatform.cs:line 247
   at Erp.Kernel.Hosting.ErpPlatform.UseErpPlatform(WebApplication app) in /home/user/critic/p03-identity-r2-plants/src/Kernel/Erp.Kernel/Hosting/ErpPlatform.cs:line 213
   at Program.<Main>$(String[] args) in /home/user/critic/p03-identity-r2-plants/src/Host/Erp.Host/Program.cs:line 8
   at Program.<Main>(String[] args)
   at System.Reflection.MethodBaseInvoker.InterpretedInvoke_Method(Object obj, IntPtr* args)
   at System.Reflection.MethodBaseInvoker.InvokeDirectByRefWithFewArgs(Object obj, Span`1 copyOfArgs, BindingFlags invokeAttr)
--- End of stack trace from previous location ---
   at Microsoft.AspNetCore.Mvc.Testing.DeferredHostBuilder.DeferredHost.StartAsync(CancellationToken cancellationToken)
   at Microsoft.Extensions.Hosting.HostingAbstractionsHostExtensions.Start(IHost host)
   at Microsoft.AspNetCore.Mvc.Testing.WebApplicationFactory`1.CreateHost(IHostBuilder builder)
   at Microsoft.AspNetCore.Mvc.Testing.WebApplicationFactory`1.ConfigureHostBuilder(IHostBuilder hostBuilder)
   at Microsoft.AspNetCore.Mvc.Testing.WebApplicationFactory`1.StartServer()
   at Microsoft.AspNetCore.Mvc.Testing.WebApplicationFactory`1.get_Services()
   at Erp.Testing.ErpTestEnvironment.StartAsync(SeedPlan plan, IDictionary`2 settings) in /home/user/critic/p03-identity-r2-plants/tests/Erp.Testing/ErpTestEnvironment.cs:line 97
   at Erp.Gates.Tests.Infrastructure.GateFixture.InitializeAsync() in /home/user/critic/p03-identity-r2-plants/tests/Erp.Gates.Tests/Infrastructure/GateFixture.cs:line 17
  Failed Erp.Gates.Tests.Rules.ShellGateTests.Language_and_digit_fields_document_their_allowed_values [1 ms]
  Error Message:
   Assembly fixture type 'Erp.Gates.Tests.Infrastructure.GateFixture' threw in InitializeAsync
---- System.InvalidOperationException : Endpoint authorisation is incomplete:
HTTP: GET /api/identity/users/{id:guid}/access => Access: declares no permission
  Stack Trace:
  
----- Inner Stack Trace -----
   at Erp.Kernel.Hosting.ErpPlatform.ValidateEndpoints(WebApplication app) in /home/user/critic/p03-identity-r2-plants/src/Kernel/Erp.Kernel/Hosting/ErpPlatform.cs:line 247
   at Erp.Kernel.Hosting.ErpPlatform.UseErpPlatform(WebApplication app) in /home/user/critic/p03-identity-r2-plants/src/Kernel/Erp.Kernel/Hosting/ErpPlatform.cs:line 213
   at Program.<Main>$(String[] args) in /home/user/critic/p03-identity-r2-plants/src/Host/Erp.Host/Program.cs:line 8
   at Program.<Main>(String[] args)
   at System.Reflection.MethodBaseInvoker.InterpretedInvoke_Method(Object obj, IntPtr* args)
   at System.Reflection.MethodBaseInvoker.InvokeDirectByRefWithFewArgs(Object obj, Span`1 copyOfArgs, BindingFlags invokeAttr)
--- End of stack trace from previous location ---
   at Microsoft.AspNetCore.Mvc.Testing.DeferredHostBuilder.DeferredHost.StartAsync(CancellationToken cancellationToken)
   at Microsoft.Extensions.Hosting.HostingAbstractionsHostExtensions.Start(IHost host)
   at Microsoft.AspNetCore.Mvc.Testing.WebApplicationFactory`1.CreateHost(IHostBuilder builder)
   at Microsoft.AspNetCore.Mvc.Testing.WebApplicationFactory`1.ConfigureHostBuilder(IHostBuilder hostBuilder)
   at Microsoft.AspNetCore.Mvc.Testing.WebApplicationFactory`1.StartServer()
   at Microsoft.AspNetCore.Mvc.Testing.WebApplicationFactory`1.get_Services()
   at Erp.Testing.ErpTestEnvironment.StartAsync(SeedPlan plan, IDictionary`2 settings) in /home/user/critic/p03-identity-r2-plants/tests/Erp.Testing/ErpTestEnvironment.cs:line 97
   at Erp.Gates.Tests.Infrastructure.GateFixture.InitializeAsync() in /home/user/critic/p03-identity-r2-plants/tests/Erp.Gates.Tests/Infrastructure/GateFixture.cs:line 17
  Failed Erp.Gates.Tests.Rules.ShellGateTests.Screens_format_numbers_amounts_and_dates_through_the_kernel_formatter [1 ms]
  Error Message:
   Assembly fixture type 'Erp.Gates.Tests.Infrastructure.GateFixture' threw in InitializeAsync
---- System.InvalidOperationException : Endpoint authorisation is incomplete:
HTTP: GET /api/identity/users/{id:guid}/access => Access: declares no permission
  Stack Trace:
  
----- Inner Stack Trace -----
   at Erp.Kernel.Hosting.ErpPlatform.ValidateEndpoints(WebApplication app) in /home/user/critic/p03-identity-r2-plants/src/Kernel/Erp.Kernel/Hosting/ErpPlatform.cs:line 247
   at Erp.Kernel.Hosting.ErpPlatform.UseErpPlatform(WebApplication app) in /home/user/critic/p03-identity-r2-plants/src/Kernel/Erp.Kernel/Hosting/ErpPlatform.cs:line 213
   at Program.<Main>$(String[] args) in /home/user/critic/p03-identity-r2-plants/src/Host/Erp.Host/Program.cs:line 8
   at Program.<Main>(String[] args)
   at System.Reflection.MethodBaseInvoker.InterpretedInvoke_Method(Object obj, IntPtr* args)
   at System.Reflection.MethodBaseInvoker.InvokeDirectByRefWithFewArgs(Object obj, Span`1 copyOfArgs, BindingFlags invokeAttr)
--- End of stack trace from previous location ---
   at Microsoft.AspNetCore.Mvc.Testing.DeferredHostBuilder.DeferredHost.StartAsync(CancellationToken cancellationToken)
   at Microsoft.Extensions.Hosting.HostingAbstractionsHostExtensions.Start(IHost host)
   at Microsoft.AspNetCore.Mvc.Testing.WebApplicationFactory`1.CreateHost(IHostBuilder builder)
   at Microsoft.AspNetCore.Mvc.Testing.WebApplicationFactory`1.ConfigureHostBuilder(IHostBuilder hostBuilder)
   at Microsoft.AspNetCore.Mvc.Testing.WebApplicationFactory`1.StartServer()
   at Microsoft.AspNetCore.Mvc.Testing.WebApplicationFactory`1.get_Services()
   at Erp.Testing.ErpTestEnvironment.StartAsync(SeedPlan plan, IDictionary`2 settings) in /home/user/critic/p03-identity-r2-plants/tests/Erp.Testing/ErpTestEnvironment.cs:line 97
   at Erp.Gates.Tests.Infrastructure.GateFixture.InitializeAsync() in /home/user/critic/p03-identity-r2-plants/tests/Erp.Gates.Tests/Infrastructure/GateFixture.cs:line 17
[xUnit.net 00:00:08.45]     Erp.Gates.Tests.Rules.ShellGateTests.Stylesheets_and_inline_styles_use_logical_directions_only [FAIL]
[xUnit.net 00:00:08.45]       Assembly fixture type 'Erp.Gates.Tests.Infrastructure.GateFixture' threw in InitializeAsync
[xUnit.net 00:00:08.45]       ---- System.InvalidOperationException : Endpoint authorisation is incomplete:
[xUnit.net 00:00:08.45]       HTTP: GET /api/identity/users/{id:guid}/access => Access: declares no permission
[xUnit.net 00:00:08.45]       Stack Trace:
[xUnit.net 00:00:08.45]         
[xUnit.net 00:00:08.45]         ----- Inner Stack Trace -----
[xUnit.net 00:00:08.45]         /home/user/critic/p03-identity-r2-plants/src/Kernel/Erp.Kernel/Hosting/ErpPlatform.cs(247,0): at Erp.Kernel.Hosting.ErpPlatform.ValidateEndpoints(WebApplication app)
[xUnit.net 00:00:08.45]         /home/user/critic/p03-identity-r2-plants/src/Kernel/Erp.Kernel/Hosting/ErpPlatform.cs(213,0): at Erp.Kernel.Hosting.ErpPlatform.UseErpPlatform(WebApplication app)
[xUnit.net 00:00:08.45]         /home/user/critic/p03-identity-r2-plants/src/Host/Erp.Host/Program.cs(8,0): at Program.<Main>$(String[] args)
[xUnit.net 00:00:08.45]            at Program.<Main>(String[] args)
[xUnit.net 00:00:08.45]            at System.Reflection.MethodBaseInvoker.InterpretedInvoke_Method(Object obj, IntPtr* args)
[xUnit.net 00:00:08.45]            at System.Reflection.MethodBaseInvoker.InvokeDirectByRefWithFewArgs(Object obj, Span`1 copyOfArgs, BindingFlags invokeAttr)
[xUnit.net 00:00:08.45]         --- End of stack trace from previous location ---
[xUnit.net 00:00:08.45]            at Microsoft.AspNetCore.Mvc.Testing.DeferredHostBuilder.DeferredHost.StartAsync(CancellationToken cancellationToken)
[xUnit.net 00:00:08.45]            at Microsoft.Extensions.Hosting.HostingAbstractionsHostExtensions.Start(IHost host)
[xUnit.net 00:00:08.45]            at Microsoft.AspNetCore.Mvc.Testing.WebApplicationFactory`1.CreateHost(IHostBuilder builder)
[xUnit.net 00:00:08.45]            at Microsoft.AspNetCore.Mvc.Testing.WebApplicationFactory`1.ConfigureHostBuilder(IHostBuilder hostBuilder)
[xUnit.net 00:00:08.45]            at Microsoft.AspNetCore.Mvc.Testing.WebApplicationFactory`1.StartServer()
[xUnit.net 00:00:08.45]            at Microsoft.AspNetCore.Mvc.Testing.WebApplicationFactory`1.get_Services()
[xUnit.net 00:00:08.45]         /home/user/critic/p03-identity-r2-plants/tests/Erp.Testing/ErpTestEnvironment.cs(97,0): at Erp.Testing.ErpTestEnvironment.StartAsync(SeedPlan plan, IDictionary`2 settings)
[xUnit.net 00:00:08.45]         /home/user/critic/p03-identity-r2-plants/tests/Erp.Gates.Tests/Infrastructure/GateFixture.cs(17,0): at Erp.Gates.Tests.Infrastructure.GateFixture.InitializeAsync()
[xUnit.net 00:00:08.46]     Erp.Gates.Tests.G2.G2AccountTakeoverTests.Acting_on_a_record_that_grants_access_needs_everything_it_grants [FAIL]
[xUnit.net 00:00:08.46]       Assembly fixture type 'Erp.Gates.Tests.Infrastructure.GateFixture' threw in InitializeAsync
[xUnit.net 00:00:08.46]       ---- System.InvalidOperationException : Endpoint authorisation is incomplete:
[xUnit.net 00:00:08.46]       HTTP: GET /api/identity/users/{id:guid}/access => Access: declares no permission
[xUnit.net 00:00:08.46]       Stack Trace:
[xUnit.net 00:00:08.46]         
[xUnit.net 00:00:08.46]         ----- Inner Stack Trace -----
[xUnit.net 00:00:08.46]         /home/user/critic/p03-identity-r2-plants/src/Kernel/Erp.Kernel/Hosting/ErpPlatform.cs(247,0): at Erp.Kernel.Hosting.ErpPlatform.ValidateEndpoints(WebApplication app)
[xUnit.net 00:00:08.46]         /home/user/critic/p03-identity-r2-plants/src/Kernel/Erp.Kernel/Hosting/ErpPlatform.cs(213,0): at Erp.Kernel.Hosting.ErpPlatform.UseErpPlatform(WebApplication app)
[xUnit.net 00:00:08.46]         /home/user/critic/p03-identity-r2-plants/src/Host/Erp.Host/Program.cs(8,0): at Program.<Main>$(String[] args)
[xUnit.net 00:00:08.46]            at Program.<Main>(String[] args)
[xUnit.net 00:00:08.46]            at System.Reflection.MethodBaseInvoker.InterpretedInvoke_Method(Object obj, IntPtr* args)
[xUnit.net 00:00:08.46]            at System.Reflection.MethodBaseInvoker.InvokeDirectByRefWithFewArgs(Object obj, Span`1 copyOfArgs, BindingFlags invokeAttr)
[xUnit.net 00:00:08.46]         --- End of stack trace from previous location ---
[xUnit.net 00:00:08.46]            at Microsoft.AspNetCore.Mvc.Testing.DeferredHostBuilder.DeferredHost.StartAsync(CancellationToken cancellationToken)
[xUnit.net 00:00:08.46]            at Microsoft.Extensions.Hosting.HostingAbstractionsHostExtensions.Start(IHost host)
[xUnit.net 00:00:08.46]            at Microsoft.AspNetCore.Mvc.Testing.WebApplicationFactory`1.CreateHost(IHostBuilder builder)
[xUnit.net 00:00:08.46]            at Microsoft.AspNetCore.Mvc.Testing.WebApplicationFactory`1.ConfigureHostBuilder(IHostBuilder hostBuilder)
[xUnit.net 00:00:08.46]            at Microsoft.AspNetCore.Mvc.Testing.WebApplicationFactory`1.StartServer()
[xUnit.net 00:00:08.46]            at Microsoft.AspNetCore.Mvc.Testing.WebApplicationFactory`1.get_Services()
[xUnit.net 00:00:08.46]         /home/user/critic/p03-identity-r2-plants/tests/Erp.Testing/ErpTestEnvironment.cs(97,0): at Erp.Testing.ErpTestEnvironment.StartAsync(SeedPlan plan, IDictionary`2 settings)
[xUnit.net 00:00:08.46]         /home/user/critic/p03-identity-r2-plants/tests/Erp.Gates.Tests/Infrastructure/GateFixture.cs(17,0): at Erp.Gates.Tests.Infrastructure.GateFixture.InitializeAsync()
[xUnit.net 00:00:08.46]     Erp.Gates.Tests.G2.G2AccountTakeoverTests.Creating_from_a_role_cannot_grant_more_than_the_caller_holds [FAIL]
[xUnit.net 00:00:08.46]       Assembly fixture type 'Erp.Gates.Tests.Infrastructure.GateFixture' threw in InitializeAsync
[xUnit.net 00:00:08.46]       ---- System.InvalidOperationException : Endpoint authorisation is incomplete:
[xUnit.net 00:00:08.46]       HTTP: GET /api/identity/users/{id:guid}/access => Access: declares no permission
[xUnit.net 00:00:08.46]       Stack Trace:
[xUnit.net 00:00:08.46]         
[xUnit.net 00:00:08.46]         ----- Inner Stack Trace -----
[xUnit.net 00:00:08.46]         /home/user/critic/p03-identity-r2-plants/src/Kernel/Erp.Kernel/Hosting/ErpPlatform.cs(247,0): at Erp.Kernel.Hosting.ErpPlatform.ValidateEndpoints(WebApplication app)
[xUnit.net 00:00:08.46]         /home/user/critic/p03-identity-r2-plants/src/Kernel/Erp.Kernel/Hosting/ErpPlatform.cs(213,0): at Erp.Kernel.Hosting.ErpPlatform.UseErpPlatform(WebApplication app)
[xUnit.net 00:00:08.46]         /home/user/critic/p03-identity-r2-plants/src/Host/Erp.Host/Program.cs(8,0): at Program.<Main>$(String[] args)
[xUnit.net 00:00:08.46]            at Program.<Main>(String[] args)
[xUnit.net 00:00:08.46]            at System.Reflection.MethodBaseInvoker.InterpretedInvoke_Method(Object obj, IntPtr* args)
[xUnit.net 00:00:08.46]            at System.Reflection.MethodBaseInvoker.InvokeDirectByRefWithFewArgs(Object obj, Span`1 copyOfArgs, BindingFlags invokeAttr)
[xUnit.net 00:00:08.46]         --- End of stack trace from previous location ---
[xUnit.net 00:00:08.46]            at Microsoft.AspNetCore.Mvc.Testing.DeferredHostBuilder.DeferredHost.StartAsync(CancellationToken cancellationToken)
[xUnit.net 00:00:08.46]            at Microsoft.Extensions.Hosting.HostingAbstractionsHostExtensions.Start(IHost host)
[xUnit.net 00:00:08.46]            at Microsoft.AspNetCore.Mvc.Testing.WebApplicationFactory`1.CreateHost(IHostBuilder builder)
[xUnit.net 00:00:08.46]            at Microsoft.AspNetCore.Mvc.Testing.WebApplicationFactory`1.ConfigureHostBuilder(IHostBuilder hostBuilder)
[xUnit.net 00:00:08.46]            at Microsoft.AspNetCore.Mvc.Testing.WebApplicationFactory`1.StartServer()
[xUnit.net 00:00:08.46]            at Microsoft.AspNetCore.Mvc.Testing.WebApplicationFactory`1.get_Services()
[xUnit.net 00:00:08.46]         /home/user/critic/p03-identity-r2-plants/tests/Erp.Testing/ErpTestEnvironment.cs(97,0): at Erp.Testing.ErpTestEnvironment.StartAsync(SeedPlan plan, IDictionary`2 settings)
[xUnit.net 00:00:08.46]         /home/user/critic/p03-identity-r2-plants/tests/Erp.Gates.Tests/Infrastructure/GateFixture.cs(17,0): at Erp.Gates.Tests.Infrastructure.GateFixture.InitializeAsync()
[xUnit.net 00:00:08.46]     Erp.Gates.Tests.G2.G2AccountTakeoverTests.Nobody_resets_their_own_password_or_ends_their_own_access_through_administration [FAIL]
[xUnit.net 00:00:08.46]       Assembly fixture type 'Erp.Gates.Tests.Infrastructure.GateFixture' threw in InitializeAsync
[xUnit.net 00:00:08.46]       ---- System.InvalidOperationException : Endpoint authorisation is incomplete:
[xUnit.net 00:00:08.46]       HTTP: GET /api/identity/users/{id:guid}/access => Access: declares no permission
[xUnit.net 00:00:08.46]       Stack Trace:
[xUnit.net 00:00:08.46]         
[xUnit.net 00:00:08.46]         ----- Inner Stack Trace -----
[xUnit.net 00:00:08.46]         /home/user/critic/p03-identity-r2-plants/src/Kernel/Erp.Kernel/Hosting/ErpPlatform.cs(247,0): at Erp.Kernel.Hosting.ErpPlatform.ValidateEndpoints(WebApplication app)
[xUnit.net 00:00:08.46]         /home/user/critic/p03-identity-r2-plants/src/Kernel/Erp.Kernel/Hosting/ErpPlatform.cs(213,0): at Erp.Kernel.Hosting.ErpPlatform.UseErpPlatform(WebApplication app)
[xUnit.net 00:00:08.46]         /home/user/critic/p03-identity-r2-plants/src/Host/Erp.Host/Program.cs(8,0): at Program.<Main>$(String[] args)
[xUnit.net 00:00:08.46]            at Program.<Main>(String[] args)
[xUnit.net 00:00:08.46]            at System.Reflection.MethodBaseInvoker.InterpretedInvoke_Method(Object obj, IntPtr* args)
[xUnit.net 00:00:08.46]            at System.Reflection.MethodBaseInvoker.InvokeDirectByRefWithFewArgs(Object obj, Span`1 copyOfArgs, BindingFlags invokeAttr)
[xUnit.net 00:00:08.46]         --- End of stack trace from previous location ---
[xUnit.net 00:00:08.46]            at Microsoft.AspNetCore.Mvc.Testing.DeferredHostBuilder.DeferredHost.StartAsync(CancellationToken cancellationToken)
[xUnit.net 00:00:08.46]            at Microsoft.Extensions.Hosting.HostingAbstractionsHostExtensions.Start(IHost host)
[xUnit.net 00:00:08.46]            at Microsoft.AspNetCore.Mvc.Testing.WebApplicationFactory`1.CreateHost(IHostBuilder builder)
[xUnit.net 00:00:08.46]            at Microsoft.AspNetCore.Mvc.Testing.WebApplicationFactory`1.ConfigureHostBuilder(IHostBuilder hostBuilder)
[xUnit.net 00:00:08.46]            at Microsoft.AspNetCore.Mvc.Testing.WebApplicationFactory`1.StartServer()
[xUnit.net 00:00:08.46]            at Microsoft.AspNetCore.Mvc.Testing.WebApplicationFactory`1.get_Services()
[xUnit.net 00:00:08.46]         /home/user/critic/p03-identity-r2-plants/tests/Erp.Testing/ErpTestEnvironment.cs(97,0): at Erp.Testing.ErpTestEnvironment.StartAsync(SeedPlan plan, IDictionary`2 settings)
[xUnit.net 00:00:08.46]         /home/user/critic/p03-identity-r2-plants/tests/Erp.Gates.Tests/Infrastructure/GateFixture.cs(17,0): at Erp.Gates.Tests.Infrastructure.GateFixture.InitializeAsync()
[xUnit.net 00:00:08.47]     Erp.Gates.Tests.G2.G2AccountTakeoverTests.Acting_on_a_user_needs_every_permission_that_user_holds [FAIL]
[xUnit.net 00:00:08.47]       Assembly fixture type 'Erp.Gates.Tests.Infrastructure.GateFixture' threw in InitializeAsync
[xUnit.net 00:00:08.47]       ---- System.InvalidOperationException : Endpoint authorisation is incomplete:
[xUnit.net 00:00:08.47]       HTTP: GET /api/identity/users/{id:guid}/access => Access: declares no permission
[xUnit.net 00:00:08.47]       Stack Trace:
[xUnit.net 00:00:08.47]         
[xUnit.net 00:00:08.47]         ----- Inner Stack Trace -----
[xUnit.net 00:00:08.47]         /home/user/critic/p03-identity-r2-plants/src/Kernel/Erp.Kernel/Hosting/ErpPlatform.cs(247,0): at Erp.Kernel.Hosting.ErpPlatform.ValidateEndpoints(WebApplication app)
[xUnit.net 00:00:08.47]         /home/user/critic/p03-identity-r2-plants/src/Kernel/Erp.Kernel/Hosting/ErpPlatform.cs(213,0): at Erp.Kernel.Hosting.ErpPlatform.UseErpPlatform(WebApplication app)
[xUnit.net 00:00:08.47]         /home/user/critic/p03-identity-r2-plants/src/Host/Erp.Host/Program.cs(8,0): at Program.<Main>$(String[] args)
[xUnit.net 00:00:08.47]            at Program.<Main>(String[] args)
[xUnit.net 00:00:08.47]            at System.Reflection.MethodBaseInvoker.InterpretedInvoke_Method(Object obj, IntPtr* args)
[xUnit.net 00:00:08.47]            at System.Reflection.MethodBaseInvoker.InvokeDirectByRefWithFewArgs(Object obj, Span`1 copyOfArgs, BindingFlags invokeAttr)
[xUnit.net 00:00:08.47]         --- End of stack trace from previous location ---
[xUnit.net 00:00:08.47]            at Microsoft.AspNetCore.Mvc.Testing.DeferredHostBuilder.DeferredHost.StartAsync(CancellationToken cancellationToken)
[xUnit.net 00:00:08.47]            at Microsoft.Extensions.Hosting.HostingAbstractionsHostExtensions.Start(IHost host)
[xUnit.net 00:00:08.47]            at Microsoft.AspNetCore.Mvc.Testing.WebApplicationFactory`1.CreateHost(IHostBuilder builder)
[xUnit.net 00:00:08.47]            at Microsoft.AspNetCore.Mvc.Testing.WebApplicationFactory`1.ConfigureHostBuilder(IHostBuilder hostBuilder)
[xUnit.net 00:00:08.47]            at Microsoft.AspNetCore.Mvc.Testing.WebApplicationFactory`1.StartServer()
[xUnit.net 00:00:08.47]            at Microsoft.AspNetCore.Mvc.Testing.WebApplicationFactory`1.get_Services()
[xUnit.net 00:00:08.48]         /home/user/critic/p03-identity-r2-plants/tests/Erp.Testing/ErpTestEnvironment.cs(97,0): at Erp.Testing.ErpTestEnvironment.StartAsync(SeedPlan plan, IDictionary`2 settings)
[xUnit.net 00:00:08.48]         /home/user/critic/p03-identity-r2-plants/tests/Erp.Gates.Tests/Infrastructure/GateFixture.cs(17,0): at Erp.Gates.Tests.Infrastructure.GateFixture.InitializeAsync()
[xUnit.net 00:00:08.48]     Erp.Gates.Tests.Rules.ListIndexGateTests.Search_fields_and_sortable_columns_of_database_lists_are_indexed [FAIL]
[xUnit.net 00:00:08.48]       Assembly fixture type 'Erp.Gates.Tests.Infrastructure.GateFixture' threw in InitializeAsync
[xUnit.net 00:00:08.48]       ---- System.InvalidOperationException : Endpoint authorisation is incomplete:
[xUnit.net 00:00:08.48]       HTTP: GET /api/identity/users/{id:guid}/access => Access: declares no permission
[xUnit.net 00:00:08.48]       Stack Trace:
[xUnit.net 00:00:08.48]         
[xUnit.net 00:00:08.48]         ----- Inner Stack Trace -----
[xUnit.net 00:00:08.48]         /home/user/critic/p03-identity-r2-plants/src/Kernel/Erp.Kernel/Hosting/ErpPlatform.cs(247,0): at Erp.Kernel.Hosting.ErpPlatform.ValidateEndpoints(WebApplication app)
[xUnit.net 00:00:08.48]         /home/user/critic/p03-identity-r2-plants/src/Kernel/Erp.Kernel/Hosting/ErpPlatform.cs(213,0): at Erp.Kernel.Hosting.ErpPlatform.UseErpPlatform(WebApplication app)
[xUnit.net 00:00:08.48]         /home/user/critic/p03-identity-r2-plants/src/Host/Erp.Host/Program.cs(8,0): at Program.<Main>$(String[] args)
[xUnit.net 00:00:08.48]            at Program.<Main>(String[] args)
[xUnit.net 00:00:08.48]            at System.Reflection.MethodBaseInvoker.InterpretedInvoke_Method(Object obj, IntPtr* args)
[xUnit.net 00:00:08.48]            at System.Reflection.MethodBaseInvoker.InvokeDirectByRefWithFewArgs(Object obj, Span`1 copyOfArgs, BindingFlags invokeAttr)
[xUnit.net 00:00:08.48]         --- End of stack trace from previous location ---
[xUnit.net 00:00:08.48]            at Microsoft.AspNetCore.Mvc.Testing.DeferredHostBuilder.DeferredHost.StartAsync(CancellationToken cancellationToken)
[xUnit.net 00:00:08.48]            at Microsoft.Extensions.Hosting.HostingAbstractionsHostExtensions.Start(IHost host)
[xUnit.net 00:00:08.48]            at Microsoft.AspNetCore.Mvc.Testing.WebApplicationFactory`1.CreateHost(IHostBuilder builder)
[xUnit.net 00:00:08.48]            at Microsoft.AspNetCore.Mvc.Testing.WebApplicationFactory`1.ConfigureHostBuilder(IHostBuilder hostBuilder)
[xUnit.net 00:00:08.48]            at Microsoft.AspNetCore.Mvc.Testing.WebApplicationFactory`1.StartServer()
[xUnit.net 00:00:08.48]            at Microsoft.AspNetCore.Mvc.Testing.WebApplicationFactory`1.get_Services()
[xUnit.net 00:00:08.48]         /home/user/critic/p03-identity-r2-plants/tests/Erp.Testing/ErpTestEnvironment.cs(97,0): at Erp.Testing.ErpTestEnvironment.StartAsync(SeedPlan plan, IDictionary`2 settings)
[xUnit.net 00:00:08.48]         /home/user/critic/p03-identity-r2-plants/tests/Erp.Gates.Tests/Infrastructure/GateFixture.cs(17,0): at Erp.Gates.Tests.Infrastructure.GateFixture.InitializeAsync()
[xUnit.net 00:00:08.48]     Erp.Gates.Tests.Rules.ListContractGateTests.Every_search_field_is_searched_word_by_word_and_grouping_counts_every_row_once [FAIL]
[xUnit.net 00:00:08.48]       Assembly fixture type 'Erp.Gates.Tests.Infrastructure.GateFixture' threw in InitializeAsync
[xUnit.net 00:00:08.48]       ---- System.InvalidOperationException : Endpoint authorisation is incomplete:
[xUnit.net 00:00:08.48]       HTTP: GET /api/identity/users/{id:guid}/access => Access: declares no permission
[xUnit.net 00:00:08.48]       Stack Trace:
[xUnit.net 00:00:08.48]         
[xUnit.net 00:00:08.48]         ----- Inner Stack Trace -----
[xUnit.net 00:00:08.50]         /home/user/critic/p03-identity-r2-plants/src/Kernel/Erp.Kernel/Hosting/ErpPlatform.cs(247,0): at Erp.Kernel.Hosting.ErpPlatform.ValidateEndpoints(WebApplication app)
[xUnit.net 00:00:08.50]         /home/user/critic/p03-identity-r2-plants/src/Kernel/Erp.Kernel/Hosting/ErpPlatform.cs(213,0): at Erp.Kernel.Hosting.ErpPlatform.UseErpPlatform(WebApplication app)
[xUnit.net 00:00:08.50]         /home/user/critic/p03-identity-r2-plants/src/Host/Erp.Host/Program.cs(8,0): at Program.<Main>$(String[] args)
[xUnit.net 00:00:08.50]            at Program.<Main>(String[] args)
[xUnit.net 00:00:08.50]            at System.Reflection.MethodBaseInvoker.InterpretedInvoke_Method(Object obj, IntPtr* args)
[xUnit.net 00:00:08.50]            at System.Reflection.MethodBaseInvoker.InvokeDirectByRefWithFewArgs(Object obj, Span`1 copyOfArgs, BindingFlags invokeAttr)
[xUnit.net 00:00:08.50]         --- End of stack trace from previous location ---
[xUnit.net 00:00:08.50]            at Microsoft.AspNetCore.Mvc.Testing.DeferredHostBuilder.DeferredHost.StartAsync(CancellationToken cancellationToken)
[xUnit.net 00:00:08.50]            at Microsoft.Extensions.Hosting.HostingAbstractionsHostExtensions.Start(IHost host)
[xUnit.net 00:00:08.50]            at Microsoft.AspNetCore.Mvc.Testing.WebApplicationFactory`1.CreateHost(IHostBuilder builder)
[xUnit.net 00:00:08.50]            at Microsoft.AspNetCore.Mvc.Testing.WebApplicationFactory`1.ConfigureHostBuilder(IHostBuilder hostBuilder)
[xUnit.net 00:00:08.50]            at Microsoft.AspNetCore.Mvc.Testing.WebApplicationFactory`1.StartServer()
[xUnit.net 00:00:08.50]            at Microsoft.AspNetCore.Mvc.Testing.WebApplicationFactory`1.get_Services()
[xUnit.net 00:00:08.50]         /home/user/critic/p03-identity-r2-plants/tests/Erp.Testing/ErpTestEnvironment.cs(97,0): at Erp.Testing.ErpTestEnvironment.StartAsync(SeedPlan plan, IDictionary`2 settings)
[xUnit.net 00:00:08.50]         /home/user/critic/p03-identity-r2-plants/tests/Erp.Gates.Tests/Infrastructure/GateFixture.cs(17,0): at Erp.Gates.Tests.Infrastructure.GateFixture.InitializeAsync()
[xUnit.net 00:00:08.50]     Erp.Gates.Tests.Rules.ListContractGateTests.Every_filterable_column_filters_its_list_and_other_columns_are_refused [FAIL]
[xUnit.net 00:00:08.50]       Assembly fixture type 'Erp.Gates.Tests.Infrastructure.GateFixture' threw in InitializeAsync
[xUnit.net 00:00:08.50]       ---- System.InvalidOperationException : Endpoint authorisation is incomplete:
[xUnit.net 00:00:08.50]       HTTP: GET /api/identity/users/{id:guid}/access => Access: declares no permission
[xUnit.net 00:00:08.50]       Stack Trace:
[xUnit.net 00:00:08.50]         
[xUnit.net 00:00:08.50]         ----- Inner Stack Trace -----
[xUnit.net 00:00:08.50]         /home/user/critic/p03-identity-r2-plants/src/Kernel/Erp.Kernel/Hosting/ErpPlatform.cs(247,0): at Erp.Kernel.Hosting.ErpPlatform.ValidateEndpoints(WebApplication app)
[xUnit.net 00:00:08.50]         /home/user/critic/p03-identity-r2-plants/src/Kernel/Erp.Kernel/Hosting/ErpPlatform.cs(213,0): at Erp.Kernel.Hosting.ErpPlatform.UseErpPlatform(WebApplication app)
[xUnit.net 00:00:08.50]         /home/user/critic/p03-identity-r2-plants/src/Host/Erp.Host/Program.cs(8,0): at Program.<Main>$(String[] args)
[xUnit.net 00:00:08.50]            at Program.<Main>(String[] args)
[xUnit.net 00:00:08.50]            at System.Reflection.MethodBaseInvoker.InterpretedInvoke_Method(Object obj, IntPtr* args)
[xUnit.net 00:00:08.50]            at System.Reflection.MethodBaseInvoker.InvokeDirectByRefWithFewArgs(Object obj, Span`1 copyOfArgs, BindingFlags invokeAttr)
[xUnit.net 00:00:08.50]         --- End of stack trace from previous location ---
[xUnit.net 00:00:08.50]            at Microsoft.AspNetCore.Mvc.Testing.DeferredHostBuilder.DeferredHost.StartAsync(CancellationToken cancellationToken)
[xUnit.net 00:00:08.50]            at Microsoft.Extensions.Hosting.HostingAbstractionsHostExtensions.Start(IHost host)
[xUnit.net 00:00:08.50]            at Microsoft.AspNetCore.Mvc.Testing.WebApplicationFactory`1.CreateHost(IHostBuilder builder)
[xUnit.net 00:00:08.50]            at Microsoft.AspNetCore.Mvc.Testing.WebApplicationFactory`1.ConfigureHostBuilder(IHostBuilder hostBuilder)
[xUnit.net 00:00:08.50]            at Microsoft.AspNetCore.Mvc.Testing.WebApplicationFactory`1.StartServer()
[xUnit.net 00:00:08.50]            at Microsoft.AspNetCore.Mvc.Testing.WebApplicationFactory`1.get_Services()
[xUnit.net 00:00:08.50]         /home/user/critic/p03-identity-r2-plants/tests/Erp.Testing/ErpTestEnvironment.cs(97,0): at Erp.Testing.ErpTestEnvironment.StartAsync(SeedPlan plan, IDictionary`2 settings)
[xUnit.net 00:00:08.50]         /home/user/critic/p03-identity-r2-plants/tests/Erp.Gates.Tests/Infrastructure/GateFixture.cs(17,0): at Erp.Gates.Tests.Infrastructure.GateFixture.InitializeAsync()
[xUnit.net 00:00:08.50]     Erp.Gates.Tests.Rules.ListContractGateTests.Every_sortable_column_orders_its_list_both_ways_and_keyset_paging_matches_one_page [FAIL]
[xUnit.net 00:00:08.50]       Assembly fixture type 'Erp.Gates.Tests.Infrastructure.GateFixture' threw in InitializeAsync
[xUnit.net 00:00:08.50]       ---- System.InvalidOperationException : Endpoint authorisation is incomplete:
[xUnit.net 00:00:08.50]       HTTP: GET /api/identity/users/{id:guid}/access => Access: declares no permission
[xUnit.net 00:00:08.50]       Stack Trace:
[xUnit.net 00:00:08.50]         
[xUnit.net 00:00:08.50]         ----- Inner Stack Trace -----
[xUnit.net 00:00:08.50]         /home/user/critic/p03-identity-r2-plants/src/Kernel/Erp.Kernel/Hosting/ErpPlatform.cs(247,0): at Erp.Kernel.Hosting.ErpPlatform.ValidateEndpoints(WebApplication app)
[xUnit.net 00:00:08.50]         /home/user/critic/p03-identity-r2-plants/src/Kernel/Erp.Kernel/Hosting/ErpPlatform.cs(213,0): at Erp.Kernel.Hosting.ErpPlatform.UseErpPlatform(WebApplication app)
[xUnit.net 00:00:08.50]         /home/user/critic/p03-identity-r2-plants/src/Host/Erp.Host/Program.cs(8,0): at Program.<Main>$(String[] args)
[xUnit.net 00:00:08.50]            at Program.<Main>(String[] args)
[xUnit.net 00:00:08.50]            at System.Reflection.MethodBaseInvoker.InterpretedInvoke_Method(Object obj, IntPtr* args)
[xUnit.net 00:00:08.50]            at System.Reflection.MethodBaseInvoker.InvokeDirectByRefWithFewArgs(Object obj, Span`1 copyOfArgs, BindingFlags invokeAttr)
[xUnit.net 00:00:08.50]         --- End of stack trace from previous location ---
[xUnit.net 00:00:08.50]            at Microsoft.AspNetCore.Mvc.Testing.DeferredHostBuilder.DeferredHost.StartAsync(CancellationToken cancellationToken)
[xUnit.net 00:00:08.50]            at Microsoft.Extensions.Hosting.HostingAbstractionsHostExtensions.Start(IHost host)
[xUnit.net 00:00:08.50]            at Microsoft.AspNetCore.Mvc.Testing.WebApplicationFactory`1.CreateHost(IHostBuilder builder)
[xUnit.net 00:00:08.50]            at Microsoft.AspNetCore.Mvc.Testing.WebApplicationFactory`1.ConfigureHostBuilder(IHostBuilder hostBuilder)
[xUnit.net 00:00:08.50]            at Microsoft.AspNetCore.Mvc.Testing.WebApplicationFactory`1.StartServer()
[xUnit.net 00:00:08.50]            at Microsoft.AspNetCore.Mvc.Testing.WebApplicationFactory`1.get_Services()
[xUnit.net 00:00:08.50]         /home/user/critic/p03-identity-r2-plants/tests/Erp.Testing/ErpTestEnvironment.cs(97,0): at Erp.Testing.ErpTestEnvironment.StartAsync(SeedPlan plan, IDictionary`2 settings)
[xUnit.net 00:00:08.50]         /home/user/critic/p03-identity-r2-plants/tests/Erp.Gates.Tests/Infrastructure/GateFixture.cs(17,0): at Erp.Gates.Tests.Infrastructure.GateFixture.InitializeAsync()
  Failed Erp.Gates.Tests.Rules.ShellGateTests.Stylesheets_and_inline_styles_use_logical_directions_only [1 ms]
  Error Message:
   Assembly fixture type 'Erp.Gates.Tests.Infrastructure.GateFixture' threw in InitializeAsync
---- System.InvalidOperationException : Endpoint authorisation is incomplete:
HTTP: GET /api/identity/users/{id:guid}/access => Access: declares no permission
  Stack Trace:
  
----- Inner Stack Trace -----
   at Erp.Kernel.Hosting.ErpPlatform.ValidateEndpoints(WebApplication app) in /home/user/critic/p03-identity-r2-plants/src/Kernel/Erp.Kernel/Hosting/ErpPlatform.cs:line 247
   at Erp.Kernel.Hosting.ErpPlatform.UseErpPlatform(WebApplication app) in /home/user/critic/p03-identity-r2-plants/src/Kernel/Erp.Kernel/Hosting/ErpPlatform.cs:line 213
   at Program.<Main>$(String[] args) in /home/user/critic/p03-identity-r2-plants/src/Host/Erp.Host/Program.cs:line 8
   at Program.<Main>(String[] args)
   at System.Reflection.MethodBaseInvoker.InterpretedInvoke_Method(Object obj, IntPtr* args)
   at System.Reflection.MethodBaseInvoker.InvokeDirectByRefWithFewArgs(Object obj, Span`1 copyOfArgs, BindingFlags invokeAttr)
--- End of stack trace from previous location ---
   at Microsoft.AspNetCore.Mvc.Testing.DeferredHostBuilder.DeferredHost.StartAsync(CancellationToken cancellationToken)
   at Microsoft.Extensions.Hosting.HostingAbstractionsHostExtensions.Start(IHost host)
   at Microsoft.AspNetCore.Mvc.Testing.WebApplicationFactory`1.CreateHost(IHostBuilder builder)
   at Microsoft.AspNetCore.Mvc.Testing.WebApplicationFactory`1.ConfigureHostBuilder(IHostBuilder hostBuilder)
   at Microsoft.AspNetCore.Mvc.Testing.WebApplicationFactory`1.StartServer()
   at Microsoft.AspNetCore.Mvc.Testing.WebApplicationFactory`1.get_Services()
   at Erp.Testing.ErpTestEnvironment.StartAsync(SeedPlan plan, IDictionary`2 settings) in /home/user/critic/p03-identity-r2-plants/tests/Erp.Testing/ErpTestEnvironment.cs:line 97
   at Erp.Gates.Tests.Infrastructure.GateFixture.InitializeAsync() in /home/user/critic/p03-identity-r2-plants/tests/Erp.Gates.Tests/Infrastructure/GateFixture.cs:line 17
  Failed Erp.Gates.Tests.G2.G2AccountTakeoverTests.Acting_on_a_record_that_grants_access_needs_everything_it_grants [1 ms]
  Error Message:
   Assembly fixture type 'Erp.Gates.Tests.Infrastructure.GateFixture' threw in InitializeAsync
---- System.InvalidOperationException : Endpoint authorisation is incomplete:
HTTP: GET /api/identity/users/{id:guid}/access => Access: declares no permission
  Stack Trace:
  
----- Inner Stack Trace -----
   at Erp.Kernel.Hosting.ErpPlatform.ValidateEndpoints(WebApplication app) in /home/user/critic/p03-identity-r2-plants/src/Kernel/Erp.Kernel/Hosting/ErpPlatform.cs:line 247
   at Erp.Kernel.Hosting.ErpPlatform.UseErpPlatform(WebApplication app) in /home/user/critic/p03-identity-r2-plants/src/Kernel/Erp.Kernel/Hosting/ErpPlatform.cs:line 213
   at Program.<Main>$(String[] args) in /home/user/critic/p03-identity-r2-plants/src/Host/Erp.Host/Program.cs:line 8
   at Program.<Main>(String[] args)
   at System.Reflection.MethodBaseInvoker.InterpretedInvoke_Method(Object obj, IntPtr* args)
   at System.Reflection.MethodBaseInvoker.InvokeDirectByRefWithFewArgs(Object obj, Span`1 copyOfArgs, BindingFlags invokeAttr)
--- End of stack trace from previous location ---
   at Microsoft.AspNetCore.Mvc.Testing.DeferredHostBuilder.DeferredHost.StartAsync(CancellationToken cancellationToken)
   at Microsoft.Extensions.Hosting.HostingAbstractionsHostExtensions.Start(IHost host)
   at Microsoft.AspNetCore.Mvc.Testing.WebApplicationFactory`1.CreateHost(IHostBuilder builder)
   at Microsoft.AspNetCore.Mvc.Testing.WebApplicationFactory`1.ConfigureHostBuilder(IHostBuilder hostBuilder)
   at Microsoft.AspNetCore.Mvc.Testing.WebApplicationFactory`1.StartServer()
   at Microsoft.AspNetCore.Mvc.Testing.WebApplicationFactory`1.get_Services()
   at Erp.Testing.ErpTestEnvironment.StartAsync(SeedPlan plan, IDictionary`2 settings) in /home/user/critic/p03-identity-r2-plants/tests/Erp.Testing/ErpTestEnvironment.cs:line 97
   at Erp.Gates.Tests.Infrastructure.GateFixture.InitializeAsync() in /home/user/critic/p03-identity-r2-plants/tests/Erp.Gates.Tests/Infrastructure/GateFixture.cs:line 17
  Failed Erp.Gates.Tests.G2.G2AccountTakeoverTests.Creating_from_a_role_cannot_grant_more_than_the_caller_holds [1 ms]
  Error Message:
   Assembly fixture type 'Erp.Gates.Tests.Infrastructure.GateFixture' threw in InitializeAsync
---- System.InvalidOperationException : Endpoint authorisation is incomplete:
HTTP: GET /api/identity/users/{id:guid}/access => Access: declares no permission
  Stack Trace:
  
----- Inner Stack Trace -----
   at Erp.Kernel.Hosting.ErpPlatform.ValidateEndpoints(WebApplication app) in /home/user/critic/p03-identity-r2-plants/src/Kernel/Erp.Kernel/Hosting/ErpPlatform.cs:line 247
   at Erp.Kernel.Hosting.ErpPlatform.UseErpPlatform(WebApplication app) in /home/user/critic/p03-identity-r2-plants/src/Kernel/Erp.Kernel/Hosting/ErpPlatform.cs:line 213
   at Program.<Main>$(String[] args) in /home/user/critic/p03-identity-r2-plants/src/Host/Erp.Host/Program.cs:line 8
   at Program.<Main>(String[] args)
   at System.Reflection.MethodBaseInvoker.InterpretedInvoke_Method(Object obj, IntPtr* args)
   at System.Reflection.MethodBaseInvoker.InvokeDirectByRefWithFewArgs(Object obj, Span`1 copyOfArgs, BindingFlags invokeAttr)
--- End of stack trace from previous location ---
   at Microsoft.AspNetCore.Mvc.Testing.DeferredHostBuilder.DeferredHost.StartAsync(CancellationToken cancellationToken)
   at Microsoft.Extensions.Hosting.HostingAbstractionsHostExtensions.Start(IHost host)
   at Microsoft.AspNetCore.Mvc.Testing.WebApplicationFactory`1.CreateHost(IHostBuilder builder)
   at Microsoft.AspNetCore.Mvc.Testing.WebApplicationFactory`1.ConfigureHostBuilder(IHostBuilder hostBuilder)
   at Microsoft.AspNetCore.Mvc.Testing.WebApplicationFactory`1.StartServer()
   at Microsoft.AspNetCore.Mvc.Testing.WebApplicationFactory`1.get_Services()
   at Erp.Testing.ErpTestEnvironment.StartAsync(SeedPlan plan, IDictionary`2 settings) in /home/user/critic/p03-identity-r2-plants/tests/Erp.Testing/ErpTestEnvironment.cs:line 97
   at Erp.Gates.Tests.Infrastructure.GateFixture.InitializeAsync() in /home/user/critic/p03-identity-r2-plants/tests/Erp.Gates.Tests/Infrastructure/GateFixture.cs:line 17
  Failed Erp.Gates.Tests.G2.G2AccountTakeoverTests.Nobody_resets_their_own_password_or_ends_their_own_access_through_administration [1 ms]
  Error Message:
   Assembly fixture type 'Erp.Gates.Tests.Infrastructure.GateFixture' threw in InitializeAsync
---- System.InvalidOperationException : Endpoint authorisation is incomplete:
HTTP: GET /api/identity/users/{id:guid}/access => Access: declares no permission
  Stack Trace:
  
----- Inner Stack Trace -----
   at Erp.Kernel.Hosting.ErpPlatform.ValidateEndpoints(WebApplication app) in /home/user/critic/p03-identity-r2-plants/src/Kernel/Erp.Kernel/Hosting/ErpPlatform.cs:line 247
   at Erp.Kernel.Hosting.ErpPlatform.UseErpPlatform(WebApplication app) in /home/user/critic/p03-identity-r2-plants/src/Kernel/Erp.Kernel/Hosting/ErpPlatform.cs:line 213
   at Program.<Main>$(String[] args) in /home/user/critic/p03-identity-r2-plants/src/Host/Erp.Host/Program.cs:line 8
   at Program.<Main>(String[] args)
   at System.Reflection.MethodBaseInvoker.InterpretedInvoke_Method(Object obj, IntPtr* args)
   at System.Reflection.MethodBaseInvoker.InvokeDirectByRefWithFewArgs(Object obj, Span`1 copyOfArgs, BindingFlags invokeAttr)
--- End of stack trace from previous location ---
   at Microsoft.AspNetCore.Mvc.Testing.DeferredHostBuilder.DeferredHost.StartAsync(CancellationToken cancellationToken)
   at Microsoft.Extensions.Hosting.HostingAbstractionsHostExtensions.Start(IHost host)
   at Microsoft.AspNetCore.Mvc.Testing.WebApplicationFactory`1.CreateHost(IHostBuilder builder)
   at Microsoft.AspNetCore.Mvc.Testing.WebApplicationFactory`1.ConfigureHostBuilder(IHostBuilder hostBuilder)
   at Microsoft.AspNetCore.Mvc.Testing.WebApplicationFactory`1.StartServer()
   at Microsoft.AspNetCore.Mvc.Testing.WebApplicationFactory`1.get_Services()
   at Erp.Testing.ErpTestEnvironment.StartAsync(SeedPlan plan, IDictionary`2 settings) in /home/user/critic/p03-identity-r2-plants/tests/Erp.Testing/ErpTestEnvironment.cs:line 97
   at Erp.Gates.Tests.Infrastructure.GateFixture.InitializeAsync() in /home/user/critic/p03-identity-r2-plants/tests/Erp.Gates.Tests/Infrastructure/GateFixture.cs:line 17
  Failed Erp.Gates.Tests.G2.G2AccountTakeoverTests.Acting_on_a_user_needs_every_permission_that_user_holds [1 ms]
  Error Message:
   Assembly fixture type 'Erp.Gates.Tests.Infrastructure.GateFixture' threw in InitializeAsync
---- System.InvalidOperationException : Endpoint authorisation is incomplete:
HTTP: GET /api/identity/users/{id:guid}/access => Access: declares no permission
  Stack Trace:
  
----- Inner Stack Trace -----
   at Erp.Kernel.Hosting.ErpPlatform.ValidateEndpoints(WebApplication app) in /home/user/critic/p03-identity-r2-plants/src/Kernel/Erp.Kernel/Hosting/ErpPlatform.cs:line 247
   at Erp.Kernel.Hosting.ErpPlatform.UseErpPlatform(WebApplication app) in /home/user/critic/p03-identity-r2-plants/src/Kernel/Erp.Kernel/Hosting/ErpPlatform.cs:line 213
   at Program.<Main>$(String[] args) in /home/user/critic/p03-identity-r2-plants/src/Host/Erp.Host/Program.cs:line 8
   at Program.<Main>(String[] args)
   at System.Reflection.MethodBaseInvoker.InterpretedInvoke_Method(Object obj, IntPtr* args)
   at System.Reflection.MethodBaseInvoker.InvokeDirectByRefWithFewArgs(Object obj, Span`1 copyOfArgs, BindingFlags invokeAttr)
--- End of stack trace from previous location ---
   at Microsoft.AspNetCore.Mvc.Testing.DeferredHostBuilder.DeferredHost.StartAsync(CancellationToken cancellationToken)
   at Microsoft.Extensions.Hosting.HostingAbstractionsHostExtensions.Start(IHost host)
   at Microsoft.AspNetCore.Mvc.Testing.WebApplicationFactory`1.CreateHost(IHostBuilder builder)
   at Microsoft.AspNetCore.Mvc.Testing.WebApplicationFactory`1.ConfigureHostBuilder(IHostBuilder hostBuilder)
   at Microsoft.AspNetCore.Mvc.Testing.WebApplicationFactory`1.StartServer()
   at Microsoft.AspNetCore.Mvc.Testing.WebApplicationFactory`1.get_Services()
   at Erp.Testing.ErpTestEnvironment.StartAsync(SeedPlan plan, IDictionary`2 settings) in /home/user/critic/p03-identity-r2-plants/tests/Erp.Testing/ErpTestEnvironment.cs:line 97
   at Erp.Gates.Tests.Infrastructure.GateFixture.InitializeAsync() in /home/user/critic/p03-identity-r2-plants/tests/Erp.Gates.Tests/Infrastructure/GateFixture.cs:line 17
  Failed Erp.Gates.Tests.Rules.ListIndexGateTests.Search_fields_and_sortable_columns_of_database_lists_are_indexed [1 ms]
  Error Message:
   Assembly fixture type 'Erp.Gates.Tests.Infrastructure.GateFixture' threw in InitializeAsync
---- System.InvalidOperationException : Endpoint authorisation is incomplete:
HTTP: GET /api/identity/users/{id:guid}/access => Access: declares no permission
  Stack Trace:
  
----- Inner Stack Trace -----
   at Erp.Kernel.Hosting.ErpPlatform.ValidateEndpoints(WebApplication app) in /home/user/critic/p03-identity-r2-plants/src/Kernel/Erp.Kernel/Hosting/ErpPlatform.cs:line 247
   at Erp.Kernel.Hosting.ErpPlatform.UseErpPlatform(WebApplication app) in /home/user/critic/p03-identity-r2-plants/src/Kernel/Erp.Kernel/Hosting/ErpPlatform.cs:line 213
   at Program.<Main>$(String[] args) in /home/user/critic/p03-identity-r2-plants/src/Host/Erp.Host/Program.cs:line 8
   at Program.<Main>(String[] args)
   at System.Reflection.MethodBaseInvoker.InterpretedInvoke_Method(Object obj, IntPtr* args)
   at System.Reflection.MethodBaseInvoker.InvokeDirectByRefWithFewArgs(Object obj, Span`1 copyOfArgs, BindingFlags invokeAttr)
--- End of stack trace from previous location ---
   at Microsoft.AspNetCore.Mvc.Testing.DeferredHostBuilder.DeferredHost.StartAsync(CancellationToken cancellationToken)
   at Microsoft.Extensions.Hosting.HostingAbstractionsHostExtensions.Start(IHost host)
   at Microsoft.AspNetCore.Mvc.Testing.WebApplicationFactory`1.CreateHost(IHostBuilder builder)
   at Microsoft.AspNetCore.Mvc.Testing.WebApplicationFactory`1.ConfigureHostBuilder(IHostBuilder hostBuilder)
   at Microsoft.AspNetCore.Mvc.Testing.WebApplicationFactory`1.StartServer()
   at Microsoft.AspNetCore.Mvc.Testing.WebApplicationFactory`1.get_Services()
   at Erp.Testing.ErpTestEnvironment.StartAsync(SeedPlan plan, IDictionary`2 settings) in /home/user/critic/p03-identity-r2-plants/tests/Erp.Testing/ErpTestEnvironment.cs:line 97
   at Erp.Gates.Tests.Infrastructure.GateFixture.InitializeAsync() in /home/user/critic/p03-identity-r2-plants/tests/Erp.Gates.Tests/Infrastructure/GateFixture.cs:line 17
  Failed Erp.Gates.Tests.Rules.ListContractGateTests.Every_search_field_is_searched_word_by_word_and_grouping_counts_every_row_once [1 ms]
  Error Message:
   Assembly fixture type 'Erp.Gates.Tests.Infrastructure.GateFixture' threw in InitializeAsync
---- System.InvalidOperationException : Endpoint authorisation is incomplete:
HTTP: GET /api/identity/users/{id:guid}/access => Access: declares no permission
  Stack Trace:
  
----- Inner Stack Trace -----
   at Erp.Kernel.Hosting.ErpPlatform.ValidateEndpoints(WebApplication app) in /home/user/critic/p03-identity-r2-plants/src/Kernel/Erp.Kernel/Hosting/ErpPlatform.cs:line 247
   at Erp.Kernel.Hosting.ErpPlatform.UseErpPlatform(WebApplication app) in /home/user/critic/p03-identity-r2-plants/src/Kernel/Erp.Kernel/Hosting/ErpPlatform.cs:line 213
   at Program.<Main>$(String[] args) in /home/user/critic/p03-identity-r2-plants/src/Host/Erp.Host/Program.cs:line 8
   at Program.<Main>(String[] args)
   at System.Reflection.MethodBaseInvoker.InterpretedInvoke_Method(Object obj, IntPtr* args)
   at System.Reflection.MethodBaseInvoker.InvokeDirectByRefWithFewArgs(Object obj, Span`1 copyOfArgs, BindingFlags invokeAttr)
--- End of stack trace from previous location ---
   at Microsoft.AspNetCore.Mvc.Testing.DeferredHostBuilder.DeferredHost.StartAsync(CancellationToken cancellationToken)
   at Microsoft.Extensions.Hosting.HostingAbstractionsHostExtensions.Start(IHost host)
   at Microsoft.AspNetCore.Mvc.Testing.WebApplicationFactory`1.CreateHost(IHostBuilder builder)
   at Microsoft.AspNetCore.Mvc.Testing.WebApplicationFactory`1.ConfigureHostBuilder(IHostBuilder hostBuilder)
   at Microsoft.AspNetCore.Mvc.Testing.WebApplicationFactory`1.StartServer()
   at Microsoft.AspNetCore.Mvc.Testing.WebApplicationFactory`1.get_Services()
   at Erp.Testing.ErpTestEnvironment.StartAsync(SeedPlan plan, IDictionary`2 settings) in /home/user/critic/p03-identity-r2-plants/tests/Erp.Testing/ErpTestEnvironment.cs:line 97
   at Erp.Gates.Tests.Infrastructure.GateFixture.InitializeAsync() in /home/user/critic/p03-identity-r2-plants/tests/Erp.Gates.Tests/Infrastructure/GateFixture.cs:line 17
  Failed Erp.Gates.Tests.Rules.ListContractGateTests.Every_filterable_column_filters_its_list_and_other_columns_are_refused [1 ms]
  Error Message:
   Assembly fixture type 'Erp.Gates.Tests.Infrastructure.GateFixture' threw in InitializeAsync
---- System.InvalidOperationException : Endpoint authorisation is incomplete:
HTTP: GET /api/identity/users/{id:guid}/access => Access: declares no permission
  Stack Trace:
  
----- Inner Stack Trace -----
   at Erp.Kernel.Hosting.ErpPlatform.ValidateEndpoints(WebApplication app) in /home/user/critic/p03-identity-r2-plants/src/Kernel/Erp.Kernel/Hosting/ErpPlatform.cs:line 247
   at Erp.Kernel.Hosting.ErpPlatform.UseErpPlatform(WebApplication app) in /home/user/critic/p03-identity-r2-plants/src/Kernel/Erp.Kernel/Hosting/ErpPlatform.cs:line 213
   at Program.<Main>$(String[] args) in /home/user/critic/p03-identity-r2-plants/src/Host/Erp.Host/Program.cs:line 8
   at Program.<Main>(String[] args)
   at System.Reflection.MethodBaseInvoker.InterpretedInvoke_Method(Object obj, IntPtr* args)
   at System.Reflection.MethodBaseInvoker.InvokeDirectByRefWithFewArgs(Object obj, Span`1 copyOfArgs, BindingFlags invokeAttr)
--- End of stack trace from previous location ---
   at Microsoft.AspNetCore.Mvc.Testing.DeferredHostBuilder.DeferredHost.StartAsync(CancellationToken cancellationToken)
   at Microsoft.Extensions.Hosting.HostingAbstractionsHostExtensions.Start(IHost host)
   at Microsoft.AspNetCore.Mvc.Testing.WebApplicationFactory`1.CreateHost(IHostBuilder builder)
   at Microsoft.AspNetCore.Mvc.Testing.WebApplicationFactory`1.ConfigureHostBuilder(IHostBuilder hostBuilder)
   at Microsoft.AspNetCore.Mvc.Testing.WebApplicationFactory`1.StartServer()
   at Microsoft.AspNetCore.Mvc.Testing.WebApplicationFactory`1.get_Services()
   at Erp.Testing.ErpTestEnvironment.StartAsync(SeedPlan plan, IDictionary`2 settings) in /home/user/critic/p03-identity-r2-plants/tests/Erp.Testing/ErpTestEnvironment.cs:line 97
   at Erp.Gates.Tests.Infrastructure.GateFixture.InitializeAsync() in /home/user/critic/p03-identity-r2-plants/tests/Erp.Gates.Tests/Infrastructure/GateFixture.cs:line 17
  Failed Erp.Gates.Tests.Rules.ListContractGateTests.Every_sortable_column_orders_its_list_both_ways_and_keyset_paging_matches_one_page [1 ms]
  Error Message:
   Assembly fixture type 'Erp.Gates.Tests.Infrastructure.GateFixture' threw in InitializeAsync
---- System.InvalidOperationException : Endpoint authorisation is incomplete:
HTTP: GET /api/identity/users/{id:guid}/access => Access: declares no permission
  Stack Trace:
  
----- Inner Stack Trace -----
   at Erp.Kernel.Hosting.ErpPlatform.ValidateEndpoints(WebApplication app) in /home/user/critic/p03-identity-r2-plants/src/Kernel/Erp.Kernel/Hosting/ErpPlatform.cs:line 247
   at Erp.Kernel.Hosting.ErpPlatform.UseErpPlatform(WebApplication app) in /home/user/critic/p03-identity-r2-plants/src/Kernel/Erp.Kernel/Hosting/ErpPlatform.cs:line 213
   at Program.<Main>$(String[] args) in /home/user/critic/p03-identity-r2-plants/src/Host/Erp.Host/Program.cs:line 8
   at Program.<Main>(String[] args)
   at System.Reflection.MethodBaseInvoker.InterpretedInvoke_Method(Object obj, IntPtr* args)
   at System.Reflection.MethodBaseInvoker.InvokeDirectByRefWithFewArgs(Object obj, Span`1 copyOfArgs, BindingFlags invokeAttr)
--- End of stack trace from previous location ---
   at Microsoft.AspNetCore.Mvc.Testing.DeferredHostBuilder.DeferredHost.StartAsync(CancellationToken cancellationToken)
   at Microsoft.Extensions.Hosting.HostingAbstractionsHostExtensions.Start(IHost host)
   at Microsoft.AspNetCore.Mvc.Testing.WebApplicationFactory`1.CreateHost(IHostBuilder builder)
   at Microsoft.AspNetCore.Mvc.Testing.WebApplicationFactory`1.ConfigureHostBuilder(IHostBuilder hostBuilder)
   at Microsoft.AspNetCore.Mvc.Testing.WebApplicationFactory`1.StartServer()
   at Microsoft.AspNetCore.Mvc.Testing.WebApplicationFactory`1.get_Services()
   at Erp.Testing.ErpTestEnvironment.StartAsync(SeedPlan plan, IDictionary`2 settings) in /home/user/critic/p03-identity-r2-plants/tests/Erp.Testing/ErpTestEnvironment.cs:line 97
   at Erp.Gates.Tests.Infrastructure.GateFixture.InitializeAsync() in /home/user/critic/p03-identity-r2-plants/tests/Erp.Gates.Tests/Infrastructure/GateFixture.cs:line 17
[xUnit.net 00:00:08.51]     Erp.Gates.Tests.Rules.ListContractGateTests.Every_registered_list_documents_the_list_query_contract_and_its_definition [FAIL]
[xUnit.net 00:00:08.51]       Assembly fixture type 'Erp.Gates.Tests.Infrastructure.GateFixture' threw in InitializeAsync
[xUnit.net 00:00:08.51]       ---- System.InvalidOperationException : Endpoint authorisation is incomplete:
[xUnit.net 00:00:08.51]       HTTP: GET /api/identity/users/{id:guid}/access => Access: declares no permission
[xUnit.net 00:00:08.51]       Stack Trace:
[xUnit.net 00:00:08.51]         
[xUnit.net 00:00:08.51]         ----- Inner Stack Trace -----
[xUnit.net 00:00:08.51]         /home/user/critic/p03-identity-r2-plants/src/Kernel/Erp.Kernel/Hosting/ErpPlatform.cs(247,0): at Erp.Kernel.Hosting.ErpPlatform.ValidateEndpoints(WebApplication app)
[xUnit.net 00:00:08.51]         /home/user/critic/p03-identity-r2-plants/src/Kernel/Erp.Kernel/Hosting/ErpPlatform.cs(213,0): at Erp.Kernel.Hosting.ErpPlatform.UseErpPlatform(WebApplication app)
[xUnit.net 00:00:08.51]         /home/user/critic/p03-identity-r2-plants/src/Host/Erp.Host/Program.cs(8,0): at Program.<Main>$(String[] args)
[xUnit.net 00:00:08.51]            at Program.<Main>(String[] args)
[xUnit.net 00:00:08.51]            at System.Reflection.MethodBaseInvoker.InterpretedInvoke_Method(Object obj, IntPtr* args)
[xUnit.net 00:00:08.51]            at System.Reflection.MethodBaseInvoker.InvokeDirectByRefWithFewArgs(Object obj, Span`1 copyOfArgs, BindingFlags invokeAttr)
[xUnit.net 00:00:08.51]         --- End of stack trace from previous location ---
[xUnit.net 00:00:08.51]            at Microsoft.AspNetCore.Mvc.Testing.DeferredHostBuilder.DeferredHost.StartAsync(CancellationToken cancellationToken)
[xUnit.net 00:00:08.51]            at Microsoft.Extensions.Hosting.HostingAbstractionsHostExtensions.Start(IHost host)
[xUnit.net 00:00:08.51]            at Microsoft.AspNetCore.Mvc.Testing.WebApplicationFactory`1.CreateHost(IHostBuilder builder)
[xUnit.net 00:00:08.51]            at Microsoft.AspNetCore.Mvc.Testing.WebApplicationFactory`1.ConfigureHostBuilder(IHostBuilder hostBuilder)
[xUnit.net 00:00:08.51]            at Microsoft.AspNetCore.Mvc.Testing.WebApplicationFactory`1.StartServer()
[xUnit.net 00:00:08.51]            at Microsoft.AspNetCore.Mvc.Testing.WebApplicationFactory`1.get_Services()
[xUnit.net 00:00:08.51]         /home/user/critic/p03-identity-r2-plants/tests/Erp.Testing/ErpTestEnvironment.cs(97,0): at Erp.Testing.ErpTestEnvironment.StartAsync(SeedPlan plan, IDictionary`2 settings)
[xUnit.net 00:00:08.51]         /home/user/critic/p03-identity-r2-plants/tests/Erp.Gates.Tests/Infrastructure/GateFixture.cs(17,0): at Erp.Gates.Tests.Infrastructure.GateFixture.InitializeAsync()
[xUnit.net 00:00:08.51]     Erp.Gates.Tests.Rules.LicenceGateTests.Every_npm_package_has_an_allowed_licence [FAIL]
[xUnit.net 00:00:08.51]       Assembly fixture type 'Erp.Gates.Tests.Infrastructure.GateFixture' threw in InitializeAsync
[xUnit.net 00:00:08.51]       ---- System.InvalidOperationException : Endpoint authorisation is incomplete:
[xUnit.net 00:00:08.51]       HTTP: GET /api/identity/users/{id:guid}/access => Access: declares no permission
[xUnit.net 00:00:08.51]       Stack Trace:
[xUnit.net 00:00:08.51]         
[xUnit.net 00:00:08.51]         ----- Inner Stack Trace -----
[xUnit.net 00:00:08.51]         /home/user/critic/p03-identity-r2-plants/src/Kernel/Erp.Kernel/Hosting/ErpPlatform.cs(247,0): at Erp.Kernel.Hosting.ErpPlatform.ValidateEndpoints(WebApplication app)
[xUnit.net 00:00:08.51]         /home/user/critic/p03-identity-r2-plants/src/Kernel/Erp.Kernel/Hosting/ErpPlatform.cs(213,0): at Erp.Kernel.Hosting.ErpPlatform.UseErpPlatform(WebApplication app)
[xUnit.net 00:00:08.51]         /home/user/critic/p03-identity-r2-plants/src/Host/Erp.Host/Program.cs(8,0): at Program.<Main>$(String[] args)
[xUnit.net 00:00:08.51]            at Program.<Main>(String[] args)
[xUnit.net 00:00:08.51]            at System.Reflection.MethodBaseInvoker.InterpretedInvoke_Method(Object obj, IntPtr* args)
[xUnit.net 00:00:08.51]            at System.Reflection.MethodBaseInvoker.InvokeDirectByRefWithFewArgs(Object obj, Span`1 copyOfArgs, BindingFlags invokeAttr)
[xUnit.net 00:00:08.51]         --- End of stack trace from previous location ---
[xUnit.net 00:00:08.51]            at Microsoft.AspNetCore.Mvc.Testing.DeferredHostBuilder.DeferredHost.StartAsync(CancellationToken cancellationToken)
[xUnit.net 00:00:08.51]            at Microsoft.Extensions.Hosting.HostingAbstractionsHostExtensions.Start(IHost host)
[xUnit.net 00:00:08.51]            at Microsoft.AspNetCore.Mvc.Testing.WebApplicationFactory`1.CreateHost(IHostBuilder builder)
[xUnit.net 00:00:08.51]            at Microsoft.AspNetCore.Mvc.Testing.WebApplicationFactory`1.ConfigureHostBuilder(IHostBuilder hostBuilder)
[xUnit.net 00:00:08.51]            at Microsoft.AspNetCore.Mvc.Testing.WebApplicationFactory`1.StartServer()
[xUnit.net 00:00:08.51]            at Microsoft.AspNetCore.Mvc.Testing.WebApplicationFactory`1.get_Services()
[xUnit.net 00:00:08.51]         /home/user/critic/p03-identity-r2-plants/tests/Erp.Testing/ErpTestEnvironment.cs(97,0): at Erp.Testing.ErpTestEnvironment.StartAsync(SeedPlan plan, IDictionary`2 settings)
[xUnit.net 00:00:08.51]         /home/user/critic/p03-identity-r2-plants/tests/Erp.Gates.Tests/Infrastructure/GateFixture.cs(17,0): at Erp.Gates.Tests.Infrastructure.GateFixture.InitializeAsync()
[xUnit.net 00:00:08.51]     Erp.Gates.Tests.Rules.LicenceGateTests.Every_NuGet_package_has_an_allowed_licence [FAIL]
[xUnit.net 00:00:08.51]       Assembly fixture type 'Erp.Gates.Tests.Infrastructure.GateFixture' threw in InitializeAsync
[xUnit.net 00:00:08.51]       ---- System.InvalidOperationException : Endpoint authorisation is incomplete:
[xUnit.net 00:00:08.51]       HTTP: GET /api/identity/users/{id:guid}/access => Access: declares no permission
[xUnit.net 00:00:08.51]       Stack Trace:
[xUnit.net 00:00:08.51]         
[xUnit.net 00:00:08.51]         ----- Inner Stack Trace -----
[xUnit.net 00:00:08.51]         /home/user/critic/p03-identity-r2-plants/src/Kernel/Erp.Kernel/Hosting/ErpPlatform.cs(247,0): at Erp.Kernel.Hosting.ErpPlatform.ValidateEndpoints(WebApplication app)
[xUnit.net 00:00:08.51]         /home/user/critic/p03-identity-r2-plants/src/Kernel/Erp.Kernel/Hosting/ErpPlatform.cs(213,0): at Erp.Kernel.Hosting.ErpPlatform.UseErpPlatform(WebApplication app)
[xUnit.net 00:00:08.51]         /home/user/critic/p03-identity-r2-plants/src/Host/Erp.Host/Program.cs(8,0): at Program.<Main>$(String[] args)
[xUnit.net 00:00:08.51]            at Program.<Main>(String[] args)
[xUnit.net 00:00:08.51]            at System.Reflection.MethodBaseInvoker.InterpretedInvoke_Method(Object obj, IntPtr* args)
[xUnit.net 00:00:08.51]            at System.Reflection.MethodBaseInvoker.InvokeDirectByRefWithFewArgs(Object obj, Span`1 copyOfArgs, BindingFlags invokeAttr)
[xUnit.net 00:00:08.51]         --- End of stack trace from previous location ---
[xUnit.net 00:00:08.51]            at Microsoft.AspNetCore.Mvc.Testing.DeferredHostBuilder.DeferredHost.StartAsync(CancellationToken cancellationToken)
[xUnit.net 00:00:08.51]            at Microsoft.Extensions.Hosting.HostingAbstractionsHostExtensions.Start(IHost host)
[xUnit.net 00:00:08.51]            at Microsoft.AspNetCore.Mvc.Testing.WebApplicationFactory`1.CreateHost(IHostBuilder builder)
[xUnit.net 00:00:08.51]            at Microsoft.AspNetCore.Mvc.Testing.WebApplicationFactory`1.ConfigureHostBuilder(IHostBuilder hostBuilder)
[xUnit.net 00:00:08.51]            at Microsoft.AspNetCore.Mvc.Testing.WebApplicationFactory`1.StartServer()
[xUnit.net 00:00:08.51]            at Microsoft.AspNetCore.Mvc.Testing.WebApplicationFactory`1.get_Services()
[xUnit.net 00:00:08.51]         /home/user/critic/p03-identity-r2-plants/tests/Erp.Testing/ErpTestEnvironment.cs(97,0): at Erp.Testing.ErpTestEnvironment.StartAsync(SeedPlan plan, IDictionary`2 settings)
[xUnit.net 00:00:08.51]         /home/user/critic/p03-identity-r2-plants/tests/Erp.Gates.Tests/Infrastructure/GateFixture.cs(17,0): at Erp.Gates.Tests.Infrastructure.GateFixture.InitializeAsync()
[xUnit.net 00:00:08.52]     [Test Assembly Cleanup Failure (/home/user/critic/p03-identity-r2-plants/tests/Erp.Gates.Tests/bin/Release/net10.0/Erp.Gates.Tests.dll)] Xunit.Sdk.TestPipelineException
[xUnit.net 00:00:08.52]       Assembly fixture type 'Erp.Gates.Tests.Infrastructure.GateFixture' threw in DisposeAsync
[xUnit.net 00:00:08.52]       ---- System.NullReferenceException : Object reference not set to an instance of an object.
[xUnit.net 00:00:08.52]       Stack Trace:
[xUnit.net 00:00:08.52]         --- End of stack trace from previous location ---
[xUnit.net 00:00:08.52]         ----- Inner Stack Trace -----
[xUnit.net 00:00:08.52]         /home/user/critic/p03-identity-r2-plants/tests/Erp.Gates.Tests/Infrastructure/GateFixture.cs(21,0): at Erp.Gates.Tests.Infrastructure.GateFixture.DisposeAsync()
[xUnit.net 00:00:08.52]   Finished:    Erp.Gates.Tests (ID = '7e05003f60e3bb0550ba8ca1b9e85901b175509375eb26862d822ecb85e30804')
  Failed Erp.Gates.Tests.Rules.ListContractGateTests.Every_registered_list_documents_the_list_query_contract_and_its_definition [1 ms]
  Error Message:
   Assembly fixture type 'Erp.Gates.Tests.Infrastructure.GateFixture' threw in InitializeAsync
---- System.InvalidOperationException : Endpoint authorisation is incomplete:
HTTP: GET /api/identity/users/{id:guid}/access => Access: declares no permission
  Stack Trace:
  
----- Inner Stack Trace -----
   at Erp.Kernel.Hosting.ErpPlatform.ValidateEndpoints(WebApplication app) in /home/user/critic/p03-identity-r2-plants/src/Kernel/Erp.Kernel/Hosting/ErpPlatform.cs:line 247
   at Erp.Kernel.Hosting.ErpPlatform.UseErpPlatform(WebApplication app) in /home/user/critic/p03-identity-r2-plants/src/Kernel/Erp.Kernel/Hosting/ErpPlatform.cs:line 213
   at Program.<Main>$(String[] args) in /home/user/critic/p03-identity-r2-plants/src/Host/Erp.Host/Program.cs:line 8
   at Program.<Main>(String[] args)
   at System.Reflection.MethodBaseInvoker.InterpretedInvoke_Method(Object obj, IntPtr* args)
   at System.Reflection.MethodBaseInvoker.InvokeDirectByRefWithFewArgs(Object obj, Span`1 copyOfArgs, BindingFlags invokeAttr)
--- End of stack trace from previous location ---
   at Microsoft.AspNetCore.Mvc.Testing.DeferredHostBuilder.DeferredHost.StartAsync(CancellationToken cancellationToken)
   at Microsoft.Extensions.Hosting.HostingAbstractionsHostExtensions.Start(IHost host)
   at Microsoft.AspNetCore.Mvc.Testing.WebApplicationFactory`1.CreateHost(IHostBuilder builder)
   at Microsoft.AspNetCore.Mvc.Testing.WebApplicationFactory`1.ConfigureHostBuilder(IHostBuilder hostBuilder)
   at Microsoft.AspNetCore.Mvc.Testing.WebApplicationFactory`1.StartServer()
   at Microsoft.AspNetCore.Mvc.Testing.WebApplicationFactory`1.get_Services()
   at Erp.Testing.ErpTestEnvironment.StartAsync(SeedPlan plan, IDictionary`2 settings) in /home/user/critic/p03-identity-r2-plants/tests/Erp.Testing/ErpTestEnvironment.cs:line 97
   at Erp.Gates.Tests.Infrastructure.GateFixture.InitializeAsync() in /home/user/critic/p03-identity-r2-plants/tests/Erp.Gates.Tests/Infrastructure/GateFixture.cs:line 17
  Failed Erp.Gates.Tests.Rules.LicenceGateTests.Every_npm_package_has_an_allowed_licence [1 ms]
  Error Message:
   Assembly fixture type 'Erp.Gates.Tests.Infrastructure.GateFixture' threw in InitializeAsync
---- System.InvalidOperationException : Endpoint authorisation is incomplete:
HTTP: GET /api/identity/users/{id:guid}/access => Access: declares no permission
  Stack Trace:
  
----- Inner Stack Trace -----
   at Erp.Kernel.Hosting.ErpPlatform.ValidateEndpoints(WebApplication app) in /home/user/critic/p03-identity-r2-plants/src/Kernel/Erp.Kernel/Hosting/ErpPlatform.cs:line 247
   at Erp.Kernel.Hosting.ErpPlatform.UseErpPlatform(WebApplication app) in /home/user/critic/p03-identity-r2-plants/src/Kernel/Erp.Kernel/Hosting/ErpPlatform.cs:line 213
   at Program.<Main>$(String[] args) in /home/user/critic/p03-identity-r2-plants/src/Host/Erp.Host/Program.cs:line 8
   at Program.<Main>(String[] args)
   at System.Reflection.MethodBaseInvoker.InterpretedInvoke_Method(Object obj, IntPtr* args)
   at System.Reflection.MethodBaseInvoker.InvokeDirectByRefWithFewArgs(Object obj, Span`1 copyOfArgs, BindingFlags invokeAttr)
--- End of stack trace from previous location ---
   at Microsoft.AspNetCore.Mvc.Testing.DeferredHostBuilder.DeferredHost.StartAsync(CancellationToken cancellationToken)
   at Microsoft.Extensions.Hosting.HostingAbstractionsHostExtensions.Start(IHost host)
   at Microsoft.AspNetCore.Mvc.Testing.WebApplicationFactory`1.CreateHost(IHostBuilder builder)
   at Microsoft.AspNetCore.Mvc.Testing.WebApplicationFactory`1.ConfigureHostBuilder(IHostBuilder hostBuilder)
   at Microsoft.AspNetCore.Mvc.Testing.WebApplicationFactory`1.StartServer()
   at Microsoft.AspNetCore.Mvc.Testing.WebApplicationFactory`1.get_Services()
   at Erp.Testing.ErpTestEnvironment.StartAsync(SeedPlan plan, IDictionary`2 settings) in /home/user/critic/p03-identity-r2-plants/tests/Erp.Testing/ErpTestEnvironment.cs:line 97
   at Erp.Gates.Tests.Infrastructure.GateFixture.InitializeAsync() in /home/user/critic/p03-identity-r2-plants/tests/Erp.Gates.Tests/Infrastructure/GateFixture.cs:line 17
  Failed Erp.Gates.Tests.Rules.LicenceGateTests.Every_NuGet_package_has_an_allowed_licence [1 ms]
  Error Message:
   Assembly fixture type 'Erp.Gates.Tests.Infrastructure.GateFixture' threw in InitializeAsync
---- System.InvalidOperationException : Endpoint authorisation is incomplete:
HTTP: GET /api/identity/users/{id:guid}/access => Access: declares no permission
  Stack Trace:
  
----- Inner Stack Trace -----
   at Erp.Kernel.Hosting.ErpPlatform.ValidateEndpoints(WebApplication app) in /home/user/critic/p03-identity-r2-plants/src/Kernel/Erp.Kernel/Hosting/ErpPlatform.cs:line 247
   at Erp.Kernel.Hosting.ErpPlatform.UseErpPlatform(WebApplication app) in /home/user/critic/p03-identity-r2-plants/src/Kernel/Erp.Kernel/Hosting/ErpPlatform.cs:line 213
   at Program.<Main>$(String[] args) in /home/user/critic/p03-identity-r2-plants/src/Host/Erp.Host/Program.cs:line 8
   at Program.<Main>(String[] args)
   at System.Reflection.MethodBaseInvoker.InterpretedInvoke_Method(Object obj, IntPtr* args)
   at System.Reflection.MethodBaseInvoker.InvokeDirectByRefWithFewArgs(Object obj, Span`1 copyOfArgs, BindingFlags invokeAttr)
--- End of stack trace from previous location ---
   at Microsoft.AspNetCore.Mvc.Testing.DeferredHostBuilder.DeferredHost.StartAsync(CancellationToken cancellationToken)
   at Microsoft.Extensions.Hosting.HostingAbstractionsHostExtensions.Start(IHost host)
   at Microsoft.AspNetCore.Mvc.Testing.WebApplicationFactory`1.CreateHost(IHostBuilder builder)
   at Microsoft.AspNetCore.Mvc.Testing.WebApplicationFactory`1.ConfigureHostBuilder(IHostBuilder hostBuilder)
   at Microsoft.AspNetCore.Mvc.Testing.WebApplicationFactory`1.StartServer()
   at Microsoft.AspNetCore.Mvc.Testing.WebApplicationFactory`1.get_Services()
   at Erp.Testing.ErpTestEnvironment.StartAsync(SeedPlan plan, IDictionary`2 settings) in /home/user/critic/p03-identity-r2-plants/tests/Erp.Testing/ErpTestEnvironment.cs:line 97
   at Erp.Gates.Tests.Infrastructure.GateFixture.InitializeAsync() in /home/user/critic/p03-identity-r2-plants/tests/Erp.Gates.Tests/Infrastructure/GateFixture.cs:line 17

Test Run Failed.
Total tests: 48
     Failed: 48
 Total time: 9.6350 Seconds
rc=1 seconds=42
