Test run for /work/tests/Erp.Gates.Tests/bin/Release/net10.0/Erp.Gates.Tests.dll (.NETCoreApp,Version=v10.0)
A total of 1 test files matched the specified pattern.
[xUnit.net 00:00:00.00] xUnit.net VSTest Adapter v3.1.5+1b188a7b0a (64-bit .NET 10.0.12)
[xUnit.net 00:00:00.21]   Discovering: Erp.Gates.Tests
[xUnit.net 00:00:00.53]   Discovered:  Erp.Gates.Tests
[xUnit.net 00:00:00.72]   Starting:    Erp.Gates.Tests
  Passed Erp.Gates.Tests.G2.G2PermissionTests.Every_declared_permission_is_in_the_catalogue_and_every_catalogue_permission_is_used [19 ms]
  Passed Erp.Gates.Tests.G2.G2PermissionTests.Every_permissioned_endpoint_is_enforced_by_a_policy_requiring_its_permission [2 ms]
  Passed Erp.Gates.Tests.G2.G2PermissionTests.Every_endpoint_declares_exactly_one_permission_or_is_reviewed_anonymous [5 ms]
  Passed Erp.Gates.Tests.G2.G2PermissionTests.A_user_whose_roles_grant_nothing_is_denied_everything_and_sees_no_menu [1 s]
  Passed Erp.Gates.Tests.G2.G2PermissionTests.Every_list_endpoint_needs_the_lists_own_permission_and_shared_view_writes_need_sharing [4 s]
  Passed Erp.Gates.Tests.G2.G2PermissionTests.The_host_refuses_to_start_with_an_endpoint_whose_permission_is_not_in_the_catalogue [25 ms]
  Passed Erp.Gates.Tests.G2.G2PermissionTests.Users_cannot_escalate_their_own_privileges [613 ms]
  Passed Erp.Gates.Tests.G2.G2PermissionTests.The_host_refuses_a_permissioned_endpoint_that_also_allows_anonymous_callers [18 ms]
  Passed Erp.Gates.Tests.G2.G2PermissionTests.Creating_a_user_cannot_grant_more_than_the_caller_holds [928 ms]
  Passed Erp.Gates.Tests.G2.G2PermissionTests.Anonymous_callers_get_401_from_every_permissioned_endpoint [18 ms]
  Passed Erp.Gates.Tests.G2.G2PermissionTests.The_reviewed_permission_map_catches_a_weaker_permission_an_unreviewed_endpoint_and_a_stale_line [23 ms]
  Passed Erp.Gates.Tests.G2.G2PermissionTests.The_host_refuses_a_permission_declared_as_metadata_that_no_policy_enforces [36 ms]
  Passed Erp.Gates.Tests.G2.G2PermissionTests.Every_registered_list_is_readable_with_its_permission_alone [2 s]
  Passed Erp.Gates.Tests.G2.G2PermissionTests.The_host_refuses_a_list_whose_endpoint_declares_another_permission [28 ms]
  Passed Erp.Gates.Tests.G2.G2PermissionTests.Sharing_a_view_needs_the_share_permission_and_the_lists_own_permission [656 ms]
  Passed Erp.Gates.Tests.G2.G2PermissionTests.Undeclared_endpoints_fall_back_to_deny [1 ms]
  Passed Erp.Gates.Tests.G2.G2PermissionTests.The_host_refuses_to_start_with_an_endpoint_that_declares_no_permission [19 ms]
  Passed Erp.Gates.Tests.G2.G2PermissionTests.Requests_that_only_read_cannot_write [5 ms]
  Passed Erp.Gates.Tests.G2.G2PermissionTests.No_endpoint_grants_more_than_the_caller_holds [1 s]
  Passed Erp.Gates.Tests.G2.G2PermissionTests.Every_module_route_is_under_a_reviewed_map_or_derives_its_permission_from_its_list [6 ms]
[xUnit.net 00:00:40.34]     Erp.Gates.Tests.G2.G2PermissionTests.Granting_exactly_one_permission_opens_exactly_the_endpoints_that_declare_it [FAIL]
[xUnit.net 00:00:40.34]       identity.profile.update: GET /api/identity/permissions answered 200 (expected 403)
[xUnit.net 00:00:40.34]       identity.profile.update: GET /api/identity/roles answered 200 (expected 403)
[xUnit.net 00:00:40.34]       identity.profile.update: POST /api/identity/roles answered 400 (expected 403)
[xUnit.net 00:00:40.34]       identity.profile.update: DELETE /api/identity/roles/{id:guid} answered 404 (expected 403)
[xUnit.net 00:00:40.34]       identity.profile.update: GET /api/identity/roles/{id:guid} answered 404 (expected 403)
[xUnit.net 00:00:40.34]       identity.profile.update: PUT /api/identity/roles/{id:guid} answered 400 (expected 403)
[xUnit.net 00:00:40.34]       identity.profile.update: POST /api/identity/roles/{id:guid}/copy answered 400 (expected 403)
[xUnit.net 00:00:40.34]       identity.profile.update: GET /api/identity/users answered 200 (expected 403)
[xUnit.net 00:00:40.34]       identity.profile.update: POST /api/identity/users answered 400 (expected 403)
[xUnit.net 00:00:40.34]       identity.profile.update: POST /api/identity/users/matching/active answered 400 (expected 403)
[xUnit.net 00:00:40.34]       identity.profile.update: DELETE /api/identity/users/{id:guid} answered 404 (expected 403)
[xUnit.net 00:00:40.34]       identity.profile.update: GET /api/identity/users/{id:guid} answered 404 (expected 403)
[xUnit.net 00:00:40.34]       identity.profile.update: PUT /api/identity/users/{id:guid} answered 400 (expected 403)
[xUnit.net 00:00:40.34]       identity.profile.update: GET /api/identity/users/{id:guid}/access answered 404 (expected 403)
[xUnit.net 00:00:40.34]       identity.profile.update: POST /api/identity/users/{id:guid}/password answered 404 (expected 403)
[xUnit.net 00:00:40.34]       identity.profile.update: POST /api/identity/users/{id:guid}/sessions/revoke answered 404 (expected 403)
[xUnit.net 00:00:40.34]       identity.profile.update: GET /api/identity/users/{id:guid}/sign-ins answered 404 (expected 403)
[xUnit.net 00:00:40.34]       identity.profile.update: POST /api/identity/users/{id:guid}/unblock answered 404 (expected 403)
[xUnit.net 00:00:40.34]       identity.profile.update: GET /api/lists/identity.roles/definition answered 200 (expected 403)
[xUnit.net 00:00:40.34]       identity.profile.update: GET /api/lists/identity.roles/shared-views/{id:guid} answered 404 (expected 403)
[xUnit.net 00:00:40.34]       identity.profile.update: GET /api/lists/identity.roles/views answered 200 (expected 403)
[xUnit.net 00:00:40.34]       identity.profile.update: POST /api/lists/identity.roles/views answered 400 (expected 403)
[xUnit.net 00:00:40.34]       identity.profile.update: DELETE /api/lists/identity.roles/views/{id:guid} answered 404 (expected 403)
[xUnit.net 00:00:40.34]       identity.profile.update: GET /api/lists/identity.roles/views/{id:guid} answered 404 (expected 403)
[xUnit.net 00:00:40.34]       identity.profile.update: PUT /api/lists/identity.roles/views/{id:guid} answered 400 (expected 403)
[xUnit.net 00:00:40.34]       identity.profile.update: GET /api/lists/identity.users/definition answered 200 (expected 403)
[xUnit.net 00:00:40.34]       identity.profile.update: GET /api/lists/identity.users/shared-views/{id:guid} answered 404 (expected 403)
[xUnit.net 00:00:40.34]       identity.profile.update: GET /api/lists/identity.users/views answered 200 (expected 403)
[xUnit.net 00:00:40.34]       identity.profile.update: POST /api/lists/identity.users/views answered 400 (expected 403)
[xUnit.net 00:00:40.34]       identity.profile.update: DELETE /api/lists/identity.users/views/{id:guid} answered 404 (expected 403)
[xUnit.net 00:00:40.34]       identity.profile.update: GET /api/lists/identity.users/views/{id:guid} answered 404 (expected 403)
[xUnit.net 00:00:40.34]       identity.profile.update: PUT /api/lists/identity.users/views/{id:guid} answered 400 (expected 403)
[xUnit.net 00:00:40.34]       identity.profile.update: GET /api/reports/lists/identity.roles answered 200 (expected 403)
[xUnit.net 00:00:40.34]       identity.profile.update: GET /api/reports/lists/identity.users answered 200 (expected 403)
[xUnit.net 00:00:40.34]       identity.profile.update: GET /api/reports/run/identity.roleSummary answered 200 (expected 403)
[xUnit.net 00:00:40.34]       identity.profile.update: GET /api/reports/run/identity.usersByRole answered 200 (expected 403)
[xUnit.net 00:00:40.34]       identity.roles.create: PUT /api/identity/me/preferences answered 400 (expected 403)
[xUnit.net 00:00:40.34]       identity.roles.create: GET /api/identity/permissions answered 200 (expected 403)
[xUnit.net 00:00:40.34]       identity.roles.create: GET /api/identity/roles answered 200 (expected 403)
[xUnit.net 00:00:40.34]       identity.roles.create: DELETE /api/identity/roles/{id:guid} answered 404 (expected 403)
[xUnit.net 00:00:40.34]       identity.roles.create: GET /api/identity/roles/{id:guid} answered 404 (expected 403)
[xUnit.net 00:00:40.34]       identity.roles.create: PUT /api/identity/roles/{id:guid} answered 400 (expected 403)
[xUnit.net 00:00:40.34]       identity.roles.create: GET /api/identity/users answered 200 (expected 403)
[xUnit.net 00:00:40.34]       identity.roles.create: POST /api/identity/users answered 400 (expected 403)
[xUnit.net 00:00:40.34]       identity.roles.create: POST /api/identity/users/matching/active answered 400 (expected 403)
[xUnit.net 00:00:40.34]       identity.roles.create: DELETE /api/identity/users/{id:guid} answered 404 (expected 403)
[xUnit.net 00:00:40.34]       identity.roles.create: GET /api/identity/users/{id:guid} answered 404 (expected 403)
[xUnit.net 00:00:40.34]       identity.roles.create: PUT /api/identity/users/{id:guid} answered 400 (expected 403)
[xUnit.net 00:00:40.34]       identity.roles.create: GET /api/identity/users/{id:guid}/access answered 404 (expected 403)
[xUnit.net 00:00:40.34]       identity.roles.create: POST /api/identity/users/{id:guid}/password answered 404 (expected 403)
[xUnit.net 00:00:40.34]       identity.roles.create: POST /api/identity/users/{id:guid}/sessions/revoke answered 404 (expected 403)
[xUnit.net 00:00:40.34]       identity.roles.create: GET /api/identity/users/{id:guid}/sign-ins answered 404 (expected 403)
[xUnit.net 00:00:40.34]       identity.roles.create: POST /api/identity/users/{id:guid}/unblock answered 404 (expected 403)
[xUnit.net 00:00:40.34]       identity.roles.create: GET /api/lists/identity.roles/definition answered 200 (expected 403)
[xUnit.net 00:00:40.34]       identity.roles.create: GET /api/lists/identity.roles/shared-views/{id:guid} answered 404 (expected 403)
[xUnit.net 00:00:40.34]       identity.roles.create: GET /api/lists/identity.roles/views answered 200 (expected 403)
[xUnit.net 00:00:40.34]       identity.roles.create: POST /api/lists/identity.roles/views answered 400 (expected 403)
[xUnit.net 00:00:40.34]       identity.roles.create: DELETE /api/lists/identity.roles/views/{id:guid} answered 404 (expected 403)
[xUnit.net 00:00:40.34]       identity.roles.create: GET /api/lists/identity.roles/views/{id:guid} answered 404 (expected 403)
[xUnit.net 00:00:40.34]       identity.roles.create: PUT /api/lists/identity.roles/views/{id:guid} answered 400 (expected 403)
[xUnit.net 00:00:40.34]       identity.roles.create: GET /api/lists/identity.users/definition answered 200 (expected 403)
[xUnit.net 00:00:40.34]       identity.roles.create: GET /api/lists/identity.users/shared-views/{id:guid} answered 404 (expected 403)
[xUnit.net 00:00:40.34]       identity.roles.create: GET /api/lists/identity.users/views answered 200 (expected 403)
[xUnit.net 00:00:40.34]       identity.roles.create: POST /api/lists/identity.users/views answered 400 (expected 403)
[xUnit.net 00:00:40.34]       identity.roles.create: DELETE /api/lists/identity.users/views/{id:guid} answered 404 (expected 403)
[xUnit.net 00:00:40.34]       identity.roles.create: GET /api/lists/identity.users/views/{id:guid} answered 404 (expected 403)
[xUnit.net 00:00:40.34]       identity.roles.create: PUT /api/lists/identity.users/views/{id:guid} answered 400 (expected 403)
[xUnit.net 00:00:40.34]       identity.roles.create: GET /api/reports/lists/identity.roles answered 200 (expected 403)
[xUnit.net 00:00:40.34]       identity.roles.create: GET /api/reports/lists/identity.users answered 200 (expected 403)
[xUnit.net 00:00:40.34]       identity.roles.create: GET /api/reports/run/identity.roleSummary answered 200 (expected 403)
[xUnit.net 00:00:40.34]       identity.roles.create: GET /api/reports/run/identity.usersByRole answered 200 (expected 403)
[xUnit.net 00:00:40.34]       identity.roles.delete: PUT /api/identity/me/preferences answered 400 (expected 403)
[xUnit.net 00:00:40.34]       identity.roles.delete: GET /api/identity/permissions answered 200 (expected 403)
[xUnit.net 00:00:40.34]       identity.roles.delete: GET /api/identity/roles answered 200 (expected 403)
[xUnit.net 00:00:40.34]       identity.roles.delete: POST /api/identity/roles answered 400 (expected 403)
[xUnit.net 00:00:40.34]       identity.roles.delete: GET /api/identity/roles/{id:guid} answered 404 (expected 403)
[xUnit.net 00:00:40.34]       identity.roles.delete: PUT /api/identity/roles/{id:guid} answered 400 (expected 403)
[xUnit.net 00:00:40.34]       identity.roles.delete: POST /api/identity/roles/{id:guid}/copy answered 400 (expected 403)
[xUnit.net 00:00:40.34]       identity.roles.delete: GET /api/identity/users answered 200 (expected 403)
[xUnit.net 00:00:40.34]       identity.roles.delete: POST /api/identity/users answered 400 (expected 403)
[xUnit.net 00:00:40.34]       identity.roles.delete: POST /api/identity/users/matching/active answered 400 (expected 403)
[xUnit.net 00:00:40.34]       identity.roles.delete: DELETE /api/identity/users/{id:guid} answered 404 (expected 403)
[xUnit.net 00:00:40.34]       identity.roles.delete: GET /api/identity/users/{id:guid} answered 404 (expected 403)
[xUnit.net 00:00:40.34]       identity.roles.delete: PUT /api/identity/users/{id:guid} answered 400 (expected 403)
[xUnit.net 00:00:40.34]       identity.roles.delete: GET /api/identity/users/{id:guid}/access answered 404 (expected 403)
[xUnit.net 00:00:40.34]       identity.roles.delete: POST /api/identity/users/{id:guid}/password answered 404 (expected 403)
[xUnit.net 00:00:40.34]       identity.roles.delete: POST /api/identity/users/{id:guid}/sessions/revoke answered 404 (expected 403)
[xUnit.net 00:00:40.34]       identity.roles.delete: GET /api/identity/users/{id:guid}/sign-ins answered 404 (expected 403)
[xUnit.net 00:00:40.34]       identity.roles.delete: POST /api/identity/users/{id:guid}/unblock answered 404 (expected 403)
[xUnit.net 00:00:40.34]       identity.roles.delete: GET /api/lists/identity.roles/definition answered 200 (expected 403)
[xUnit.net 00:00:40.34]       identity.roles.delete: GET /api/lists/identity.roles/shared-views/{id:guid} answered 404 (expected 403)
[xUnit.net 00:00:40.34]       identity.roles.delete: GET /api/lists/identity.roles/views answered 200 (expected 403)
[xUnit.net 00:00:40.34]       identity.roles.delete: POST /api/lists/identity.roles/views answered 400 (expected 403)
[xUnit.net 00:00:40.34]       identity.roles.delete: DELETE /api/lists/identity.roles/views/{id:guid} answered 404 (expected 403)
[xUnit.net 00:00:40.34]       identity.roles.delete: GET /api/lists/identity.roles/views/{id:guid} answered 404 (expected 403)
[xUnit.net 00:00:40.34]       identity.roles.delete: PUT /api/lists/identity.roles/views/{id:guid} answered 400 (expected 403)
[xUnit.net 00:00:40.34]       identity.roles.delete: GET /api/lists/identity.users/definition answered 200 (expected 403)
[xUnit.net 00:00:40.34]       identity.roles.delete: GET /api/lists/identity.users/shared-views/{id:guid} answered 404 (expected 403)
[xUnit.net 00:00:40.34]       identity.roles.delete: GET /api/lists/identity.users/views answered 200 (expected 403)
[xUnit.net 00:00:40.34]       identity.roles.delete: POST /api/lists/identity.users/views answered 400 (expected 403)
[xUnit.net 00:00:40.34]       identity.roles.delete: DELETE /api/lists/identity.users/views/{id:guid} answered 404 (expected 403)
[xUnit.net 00:00:40.34]       identity.roles.delete: GET /api/lists/identity.users/views/{id:guid} answered 404 (expected 403)
[xUnit.net 00:00:40.34]       identity.roles.delete: PUT /api/lists/identity.users/views/{id:guid} answered 400 (expected 403)
[xUnit.net 00:00:40.34]       identity.roles.delete: GET /api/reports/lists/identity.roles answered 200 (expected 403)
[xUnit.net 00:00:40.34]       identity.roles.delete: GET /api/reports/lists/identity.users answered 200 (expected 403)
[xUnit.net 00:00:40.34]       identity.roles.delete: GET /api/reports/run/identity.roleSummary answered 200 (expected 403)
[xUnit.net 00:00:40.34]       identity.roles.delete: GET /api/reports/run/identity.usersByRole answered 200 (expected 403)
[xUnit.net 00:00:40.34]       identity.roles.read: PUT /api/identity/me/preferences answered 400 (expected 403)
[xUnit.net 00:00:40.34]       identity.roles.read: POST /api/identity/roles answered 400 (expected 403)
[xUnit.net 00:00:40.34]       identity.roles.read: DELETE /api/identity/roles/{id:guid} answered 404 (expected 403)
[xUnit.net 00:00:40.34]       identity.roles.read: PUT /api/identity/roles/{id:guid} answered 400 (expected 403)
[xUnit.net 00:00:40.34]       identity.roles.read: POST /api/identity/roles/{id:guid}/copy answered 400 (expected 403)
[xUnit.net 00:00:40.34]       identity.roles.read: GET /api/identity/users answered 200 (expected 403)
[xUnit.net 00:00:40.34]       identity.roles.read: POST /api/identity/users answered 400 (expected 403)
[xUnit.net 00:00:40.34]       identity.roles.read: POST /api/identity/users/matching/active answered 400 (expected 403)
[xUnit.net 00:00:40.34]       identity.roles.read: DELETE /api/identity/users/{id:guid} answered 404 (expected 403)
[xUnit.net 00:00:40.34]       identity.roles.read: GET /api/identity/users/{id:guid} answered 404 (expected 403)
[xUnit.net 00:00:40.34]       identity.roles.read: PUT /api/identity/users/{id:guid} answered 400 (expected 403)
[xUnit.net 00:00:40.34]       identity.roles.read: GET /api/identity/users/{id:guid}/access answered 404 (expected 403)
[xUnit.net 00:00:40.34]       identity.roles.read: POST /api/identity/users/{id:guid}/password answered 404 (expected 403)
[xUnit.net 00:00:40.34]       identity.roles.read: POST /api/identity/users/{id:guid}/sessions/revoke answered 404 (expected 403)
[xUnit.net 00:00:40.34]       identity.roles.read: GET /api/identity/users/{id:guid}/sign-ins answered 404 (expected 403)
[xUnit.net 00:00:40.34]       identity.roles.read: POST /api/identity/users/{id:guid}/unblock answered 404 (expected 403)
[xUnit.net 00:00:40.34]       identity.roles.read: GET /api/lists/identity.users/definition answered 200 (expected 403)
[xUnit.net 00:00:40.34]       identity.roles.read: GET /api/lists/identity.users/shared-views/{id:guid} answered 404 (expected 403)
[xUnit.net 00:00:40.34]       identity.roles.read: GET /api/lists/identity.users/views answered 200 (expected 403)
[xUnit.net 00:00:40.34]       identity.roles.read: POST /api/lists/identity.users/views answered 400 (expected 403)
[xUnit.net 00:00:40.34]       identity.roles.read: DELETE /api/lists/identity.users/views/{id:guid} answered 404 (expected 403)
[xUnit.net 00:00:40.34]       identity.roles.read: GET /api/lists/identity.users/views/{id:guid} answered 404 (expected 403)
[xUnit.net 00:00:40.34]       identity.roles.read: PUT /api/lists/identity.users/views/{id:guid} answered 400 (expected 403)
[xUnit.net 00:00:40.34]       identity.roles.read: GET /api/reports/lists/identity.users answered 200 (expected 403)
[xUnit.net 00:00:40.34]       identity.roles.read: GET /api/reports/run/identity.usersByRole answered 200 (expected 403)
[xUnit.net 00:00:40.34]       identity.roles.update: PUT /api/identity/me/preferences answered 400 (expected 403)
[xUnit.net 00:00:40.34]       identity.roles.update: GET /api/identity/permissions answered 200 (expected 403)
[xUnit.net 00:00:40.34]       identity.roles.update: GET /api/identity/roles answered 200 (expected 403)
[xUnit.net 00:00:40.34]       identity.roles.update: POST /api/identity/roles answered 400 (expected 403)
[xUnit.net 00:00:40.34]       identity.roles.update: DELETE /api/identity/roles/{id:guid} answered 404 (expected 403)
[xUnit.net 00:00:40.34]       identity.roles.update: GET /api/identity/roles/{id:guid} answered 404 (expected 403)
[xUnit.net 00:00:40.34]       identity.roles.update: POST /api/identity/roles/{id:guid}/copy answered 400 (expected 403)
[xUnit.net 00:00:40.34]       identity.roles.update: GET /api/identity/users answered 200 (expected 403)
[xUnit.net 00:00:40.34]       identity.roles.update: POST /api/identity/users answered 400 (expected 403)
[xUnit.net 00:00:40.34]       identity.roles.update: POST /api/identity/users/matching/active answered 400 (expected 403)
[xUnit.net 00:00:40.34]       identity.roles.update: DELETE /api/identity/users/{id:guid} answered 404 (expected 403)
[xUnit.net 00:00:40.34]       identity.roles.update: GET /api/identity/users/{id:guid} answered 404 (expected 403)
[xUnit.net 00:00:40.34]       identity.roles.update: PUT /api/identity/users/{id:guid} answered 400 (expected 403)
[xUnit.net 00:00:40.34]       identity.roles.update: GET /api/identity/users/{id:guid}/access answered 404 (expected 403)
[xUnit.net 00:00:40.34]       identity.roles.update: POST /api/identity/users/{id:guid}/password answered 404 (expected 403)
[xUnit.net 00:00:40.34]       identity.roles.update: POST /api/identity/users/{id:guid}/sessions/revoke answered 404 (expected 403)
[xUnit.net 00:00:40.34]       identity.roles.update: GET /api/identity/users/{id:guid}/sign-ins answered 404 (expected 403)
[xUnit.net 00:00:40.34]       identity.roles.update: POST /api/identity/users/{id:guid}/unblock answered 404 (expected 403)
[xUnit.net 00:00:40.34]       identity.roles.update: GET /api/lists/identity.roles/definition answered 200 (expected 403)
[xUnit.net 00:00:40.34]       identity.roles.update: GET /api/lists/identity.roles/shared-views/{id:guid} answered 404 (expected 403)
[xUnit.net 00:00:40.34]       identity.roles.update: GET /api/lists/identity.roles/views answered 200 (expected 403)
[xUnit.net 00:00:40.34]       identity.roles.update: POST /api/lists/identity.roles/views answered 400 (expected 403)
[xUnit.net 00:00:40.34]       identity.roles.update: DELETE /api/lists/identity.roles/views/{id:guid} answered 404 (expected 403)
[xUnit.net 00:00:40.34]       identity.roles.update: GET /api/lists/identity.roles/views/{id:guid} answered 404 (expected 403)
[xUnit.net 00:00:40.34]       identity.roles.update: PUT /api/lists/identity.roles/views/{id:guid} answered 400 (expected 403)
[xUnit.net 00:00:40.34]       identity.roles.update: GET /api/lists/identity.users/definition answered 200 (expected 403)
[xUnit.net 00:00:40.34]       identity.roles.update: GET /api/lists/identity.users/shared-views/{id:guid} answered 404 (expected 403)
[xUnit.net 00:00:40.34]       identity.roles.update: GET /api/lists/identity.users/views answered 200 (expected 403)
[xUnit.net 00:00:40.34]       identity.roles.update: POST /api/lists/identity.users/views answered 400 (expected 403)
[xUnit.net 00:00:40.34]       identity.roles.update: DELETE /api/lists/identity.users/views/{id:guid} answered 404 (expected 403)
[xUnit.net 00:00:40.34]       identity.roles.update: GET /api/lists/identity.users/views/{id:guid} answered 404 (expected 403)
[xUnit.net 00:00:40.34]       identity.roles.update: PUT /api/lists/identity.users/views/{id:guid} answered 400 (expected 403)
[xUnit.net 00:00:40.34]       identity.roles.update: GET /api/reports/lists/identity.roles answered 200 (expected 403)
[xUnit.net 00:00:40.34]       identity.roles.update: GET /api/reports/lists/identity.users answered 200 (expected 403)
[xUnit.net 00:00:40.34]       identity.roles.update: GET /api/reports/run/identity.roleSummary answered 200 (expected 403)
[xUnit.net 00:00:40.34]       identity.roles.update: GET /api/reports/run/identity.usersByRole answered 200 (expected 403)
[xUnit.net 00:00:40.34]       identity.signIns.read: PUT /api/identity/me/preferences answered 400 (expected 403)
[xUnit.net 00:00:40.34]       identity.signIns.read: GET /api/identity/permissions answered 200 (expected 403)
[xUnit.net 00:00:40.34]       identity.signIns.read: GET /api/identity/roles answered 200 (expected 403)
[xUnit.net 00:00:40.34]       identity.signIns.read: POST /api/identity/roles answered 400 (expected 403)
[xUnit.net 00:00:40.34]       identity.signIns.read: DELETE /api/identity/roles/{id:guid} answered 404 (expected 403)
[xUnit.net 00:00:40.34]       identity.signIns.read: GET /api/identity/roles/{id:guid} answered 404 (expected 403)
[xUnit.net 00:00:40.34]       identity.signIns.read: PUT /api/identity/roles/{id:guid} answered 400 (expected 403)
[xUnit.net 00:00:40.34]       identity.signIns.read: POST /api/identity/roles/{id:guid}/copy answered 400 (expected 403)
[xUnit.net 00:00:40.34]       identity.signIns.read: GET /api/identity/users answered 200 (expected 403)
[xUnit.net 00:00:40.34]       identity.signIns.read: POST /api/identity/users answered 400 (expected 403)
[xUnit.net 00:00:40.34]       identity.signIns.read: POST /api/identity/users/matching/active answered 400 (expected 403)
[xUnit.net 00:00:40.34]       identity.signIns.read: DELETE /api/identity/users/{id:guid} answered 404 (expected 403)
[xUnit.net 00:00:40.34]       identity.signIns.read: GET /api/identity/users/{id:guid} answered 404 (expected 403)
[xUnit.net 00:00:40.34]       identity.signIns.read: PUT /api/identity/users/{id:guid} answered 400 (expected 403)
[xUnit.net 00:00:40.34]       identity.signIns.read: GET /api/identity/users/{id:guid}/access answered 404 (expected 403)
[xUnit.net 00:00:40.34]       identity.signIns.read: POST /api/identity/users/{id:guid}/password answered 404 (expected 403)
[xUnit.net 00:00:40.34]       identity.signIns.read: POST /api/identity/users/{id:guid}/sessions/revoke answered 404 (expected 403)
[xUnit.net 00:00:40.34]       identity.signIns.read: POST /api/identity/users/{id:guid}/unblock answered 404 (expected 403)
[xUnit.net 00:00:40.34]       identity.signIns.read: GET /api/lists/identity.roles/definition answered 200 (expected 403)
[xUnit.net 00:00:40.34]       identity.signIns.read: GET /api/lists/identity.roles/shared-views/{id:guid} answered 404 (expected 403)
[xUnit.net 00:00:40.34]       identity.signIns.read: GET /api/lists/identity.roles/views answered 200 (expected 403)
[xUnit.net 00:00:40.34]       identity.signIns.read: POST /api/lists/identity.roles/views answered 400 (expected 403)
[xUnit.net 00:00:40.34]       identity.signIns.read: DELETE /api/lists/identity.roles/views/{id:guid} answered 404 (expected 403)
[xUnit.net 00:00:40.34]       identity.signIns.read: GET /api/lists/identity.roles/views/{id:guid} answered 404 (expected 403)
[xUnit.net 00:00:40.34]       identity.signIns.read: PUT /api/lists/identity.roles/views/{id:guid} answered 400 (expected 403)
[xUnit.net 00:00:40.34]       identity.signIns.read: GET /api/lists/identity.users/definition answered 200 (expected 403)
[xUnit.net 00:00:40.34]       identity.signIns.read: GET /api/lists/identity.users/shared-views/{id:guid} answered 404 (expected 403)
[xUnit.net 00:00:40.34]       identity.signIns.read: GET /api/lists/identity.users/views answered 200 (expected 403)
[xUnit.net 00:00:40.34]       identity.signIns.read: POST /api/lists/identity.users/views answered 400 (expected 403)
[xUnit.net 00:00:40.34]       identity.signIns.read: DELETE /api/lists/identity.users/views/{id:guid} answered 404 (expected 403)
[xUnit.net 00:00:40.34]       identity.signIns.read: GET /api/lists/identity.users/views/{id:guid} answered 404 (expected 403)
[xUnit.net 00:00:40.34]       identity.signIns.read: PUT /api/lists/identity.users/views/{id:guid} answered 400 (expected 403)
[xUnit.net 00:00:40.34]       identity.signIns.read: GET /api/reports/lists/identity.roles answered 200 (expected 403)
[xUnit.net 00:00:40.34]       identity.signIns.read: GET /api/reports/lists/identity.users answered 200 (expected 403)
[xUnit.net 00:00:40.34]       identity.signIns.read: GET /api/reports/run/identity.roleSummary answered 200 (expected 403)
[xUnit.net 00:00:40.34]       identity.signIns.read: GET /api/reports/run/identity.usersByRole answered 200 (expected 403)
[xUnit.net 00:00:40.34]       identity.users.create: PUT /api/identity/me/preferences answered 400 (expected 403)
[xUnit.net 00:00:40.34]       identity.users.create: GET /api/identity/permissions answered 200 (expected 403)
[xUnit.net 00:00:40.34]       identity.users.create: GET /api/identity/roles answered 200 (expected 403)
[xUnit.net 00:00:40.34]       identity.users.create: POST /api/identity/roles answered 400 (expected 403)
[xUnit.net 00:00:40.34]       identity.users.create: DELETE /api/identity/roles/{id:guid} answered 404 (expected 403)
[xUnit.net 00:00:40.34]       identity.users.create: GET /api/identity/roles/{id:guid} answered 404 (expected 403)
[xUnit.net 00:00:40.34]       identity.users.create: PUT /api/identity/roles/{id:guid} answered 400 (expected 403)
[xUnit.net 00:00:40.34]       identity.users.create: POST /api/identity/roles/{id:guid}/copy answered 400 (expected 403)
[xUnit.net 00:00:40.34]       identity.users.create: GET /api/identity/users answered 200 (expected 403)
[xUnit.net 00:00:40.34]       identity.users.create: POST /api/identity/users/matching/active answered 400 (expected 403)
[xUnit.net 00:00:40.34]       identity.users.create: DELETE /api/identity/users/{id:guid} answered 404 (expected 403)
[xUnit.net 00:00:40.34]       identity.users.create: GET /api/identity/users/{id:guid} answered 404 (expected 403)
[xUnit.net 00:00:40.34]       identity.users.create: PUT /api/identity/users/{id:guid} answered 400 (expected 403)
[xUnit.net 00:00:40.34]       identity.users.create: GET /api/identity/users/{id:guid}/access answered 404 (expected 403)
[xUnit.net 00:00:40.34]       identity.users.create: POST /api/identity/users/{id:guid}/password answered 404 (expected 403)
[xUnit.net 00:00:40.34]       identity.users.create: POST /api/identity/users/{id:guid}/sessions/revoke answered 404 (expected 403)
[xUnit.net 00:00:40.34]       identity.users.create: GET /api/identity/users/{id:guid}/sign-ins answered 404 (expected 403)
[xUnit.net 00:00:40.34]       identity.users.create: POST /api/identity/users/{id:guid}/unblock answered 404 (expected 403)
[xUnit.net 00:00:40.34]       identity.users.create: GET /api/lists/identity.roles/definition answered 200 (expected 403)
[xUnit.net 00:00:40.34]       identity.users.create: GET /api/lists/identity.roles/shared-views/{id:guid} answered 404 (expected 403)
[xUnit.net 00:00:40.34]       identity.users.create: GET /api/lists/identity.roles/views answered 200 (expected 403)
[xUnit.net 00:00:40.34]       identity.users.create: POST /api/lists/identity.roles/views answered 400 (expected 403)
[xUnit.net 00:00:40.34]       identity.users.create: DELETE /api/lists/identity.roles/views/{id:guid} answered 404 (expected 403)
[xUnit.net 00:00:40.34]       identity.users.create: GET /api/lists/identity.roles/views/{id:guid} answered 404 (expected 403)
[xUnit.net 00:00:40.34]       identity.users.create: PUT /api/lists/identity.roles/views/{id:guid} answered 400 (expected 403)
[xUnit.net 00:00:40.34]       identity.users.create: GET /api/lists/identity.users/definition answered 200 (expected 403)
[xUnit.net 00:00:40.34]       identity.users.create: GET /api/lists/identity.users/shared-views/{id:guid} answered 404 (expected 403)
[xUnit.net 00:00:40.34]       identity.users.create: GET /api/lists/identity.users/views answered 200 (expected 403)
[xUnit.net 00:00:40.34]       identity.users.create: POST /api/lists/identity.users/views answered 400 (expected 403)
[xUnit.net 00:00:40.34]       identity.users.create: DELETE /api/lists/identity.users/views/{id:guid} answered 404 (expected 403)
[xUnit.net 00:00:40.34]       identity.users.create: GET /api/lists/identity.users/views/{id:guid} answered 404 (expected 403)
[xUnit.net 00:00:40.34]       identity.users.create: PUT /api/lists/identity.users/views/{id:guid} answered 400 (expected 403)
[xUnit.net 00:00:40.34]       identity.users.create: GET /api/reports/lists/identity.roles answered 200 (expected 403)
[xUnit.net 00:00:40.34]       identity.users.create: GET /api/reports/lists/identity.users answered 200 (expected 403)
[xUnit.net 00:00:40.34]       identity.users.create: GET /api/reports/run/identity.roleSummary answered 200 (expected 403)
[xUnit.net 00:00:40.34]       identity.users.create: GET /api/reports/run/identity.usersByRole answered 200 (expected 403)
[xUnit.net 00:00:40.34]       identity.users.delete: PUT /api/identity/me/preferences answered 400 (expected 403)
[xUnit.net 00:00:40.34]       identity.users.delete: GET /api/identity/permissions answered 200 (expected 403)
[xUnit.net 00:00:40.34]       identity.users.delete: GET /api/identity/roles answered 200 (expected 403)
[xUnit.net 00:00:40.34]       identity.users.delete: POST /api/identity/roles answered 400 (expected 403)
[xUnit.net 00:00:40.34]       identity.users.delete: DELETE /api/identity/roles/{id:guid} answered 404 (expected 403)
[xUnit.net 00:00:40.34]       identity.users.delete: GET /api/identity/roles/{id:guid} answered 404 (expected 403)
[xUnit.net 00:00:40.34]       identity.users.delete: PUT /api/identity/roles/{id:guid} answered 400 (expected 403)
[xUnit.net 00:00:40.34]       identity.users.delete: POST /api/identity/roles/{id:guid}/copy answered 400 (expected 403)
[xUnit.net 00:00:40.34]       identity.users.delete: GET /api/identity/users answered 200 (expected 403)
[xUnit.net 00:00:40.34]       identity.users.delete: POST /api/identity/users answered 400 (expected 403)
[xUnit.net 00:00:40.34]       identity.users.delete: POST /api/identity/users/matching/active answered 400 (expected 403)
[xUnit.net 00:00:40.34]       identity.users.delete: GET /api/identity/users/{id:guid} answered 404 (expected 403)
[xUnit.net 00:00:40.34]       identity.users.delete: PUT /api/identity/users/{id:guid} answered 400 (expected 403)
[xUnit.net 00:00:40.34]       identity.users.delete: GET /api/identity/users/{id:guid}/access answered 404 (expected 403)
[xUnit.net 00:00:40.34]       identity.users.delete: POST /api/identity/users/{id:guid}/password answered 404 (expected 403)
[xUnit.net 00:00:40.34]       identity.users.delete: POST /api/identity/users/{id:guid}/sessions/revoke answered 404 (expected 403)
[xUnit.net 00:00:40.34]       identity.users.delete: GET /api/identity/users/{id:guid}/sign-ins answered 404 (expected 403)
[xUnit.net 00:00:40.34]       identity.users.delete: POST /api/identity/users/{id:guid}/unblock answered 404 (expected 403)
[xUnit.net 00:00:40.34]       identity.users.delete: GET /api/lists/identity.roles/definition answered 200 (expected 403)
[xUnit.net 00:00:40.34]       identity.users.delete: GET /api/lists/identity.roles/shared-views/{id:guid} answered 404 (expected 403)
[xUnit.net 00:00:40.34]       identity.users.delete: GET /api/lists/identity.roles/views answered 200 (expected 403)
[xUnit.net 00:00:40.34]       identity.users.delete: POST /api/lists/identity.roles/views answered 400 (expected 403)
[xUnit.net 00:00:40.34]       identity.users.delete: DELETE /api/lists/identity.roles/views/{id:guid} answered 404 (expected 403)
[xUnit.net 00:00:40.34]       identity.users.delete: GET /api/lists/identity.roles/views/{id:guid} answered 404 (expected 403)
[xUnit.net 00:00:40.34]       identity.users.delete: PUT /api/lists/identity.roles/views/{id:guid} answered 400 (expected 403)
[xUnit.net 00:00:40.34]       identity.users.delete: GET /api/lists/identity.users/definition answered 200 (expected 403)
[xUnit.net 00:00:40.34]       identity.users.delete: GET /api/lists/identity.users/shared-views/{id:guid} answered 404 (expected 403)
[xUnit.net 00:00:40.34]       identity.users.delete: GET /api/lists/identity.users/views answered 200 (expected 403)
[xUnit.net 00:00:40.34]       identity.users.delete: POST /api/lists/identity.users/views answered 400 (expected 403)
[xUnit.net 00:00:40.34]       identity.users.delete: DELETE /api/lists/identity.users/views/{id:guid} answered 404 (expected 403)
[xUnit.net 00:00:40.34]       identity.users.delete: GET /api/lists/identity.users/views/{id:guid} answered 404 (expected 403)
[xUnit.net 00:00:40.34]       identity.users.delete: PUT /api/lists/identity.users/views/{id:guid} answered 400 (expected 403)
[xUnit.net 00:00:40.34]       identity.users.delete: GET /api/reports/lists/identity.roles answered 200 (expected 403)
[xUnit.net 00:00:40.34]       identity.users.delete: GET /api/reports/lists/identity.users answered 200 (expected 403)
[xUnit.net 00:00:40.34]       identity.users.delete: GET /api/reports/run/identity.roleSummary answered 200 (expected 403)
[xUnit.net 00:00:40.34]       identity.users.delete: GET /api/reports/run/identity.usersByRole answered 200 (expected 403)
[xUnit.net 00:00:40.34]       identity.users.read: PUT /api/identity/me/preferences answered 400 (expected 403)
[xUnit.net 00:00:40.34]       identity.users.read: GET /api/identity/permissions answered 200 (expected 403)
[xUnit.net 00:00:40.34]       identity.users.read: GET /api/identity/roles answered 200 (expected 403)
[xUnit.net 00:00:40.34]       identity.users.read: POST /api/identity/roles answered 400 (expected 403)
[xUnit.net 00:00:40.34]       identity.users.read: DELETE /api/identity/roles/{id:guid} answered 404 (expected 403)
[xUnit.net 00:00:40.34]       identity.users.read: GET /api/identity/roles/{id:guid} answered 404 (expected 403)
[xUnit.net 00:00:40.34]       identity.users.read: PUT /api/identity/roles/{id:guid} answered 400 (expected 403)
[xUnit.net 00:00:40.34]       identity.users.read: POST /api/identity/roles/{id:guid}/copy answered 400 (expected 403)
[xUnit.net 00:00:40.34]       identity.users.read: POST /api/identity/users answered 400 (expected 403)
[xUnit.net 00:00:40.34]       identity.users.read: POST /api/identity/users/matching/active answered 400 (expected 403)
[xUnit.net 00:00:40.34]       identity.users.read: DELETE /api/identity/users/{id:guid} answered 404 (expected 403)
[xUnit.net 00:00:40.34]       identity.users.read: PUT /api/identity/users/{id:guid} answered 400 (expected 403)
[xUnit.net 00:00:40.34]       identity.users.read: POST /api/identity/users/{id:guid}/password answered 404 (expected 403)
[xUnit.net 00:00:40.34]       identity.users.read: POST /api/identity/users/{id:guid}/sessions/revoke answered 404 (expected 403)
[xUnit.net 00:00:40.34]       identity.users.read: GET /api/identity/users/{id:guid}/sign-ins answered 404 (expected 403)
[xUnit.net 00:00:40.34]       identity.users.read: POST /api/identity/users/{id:guid}/unblock answered 404 (expected 403)
[xUnit.net 00:00:40.34]       identity.users.read: GET /api/lists/identity.roles/definition answered 200 (expected 403)
[xUnit.net 00:00:40.34]       identity.users.read: GET /api/lists/identity.roles/shared-views/{id:guid} answered 404 (expected 403)
[xUnit.net 00:00:40.34]       identity.users.read: GET /api/lists/identity.roles/views answered 200 (expected 403)
[xUnit.net 00:00:40.34]       identity.users.read: POST /api/lists/identity.roles/views answered 400 (expected 403)
[xUnit.net 00:00:40.34]       identity.users.read: DELETE /api/lists/identity.roles/views/{id:guid} answered 404 (expected 403)
[xUnit.net 00:00:40.34]       identity.users.read: GET /api/lists/identity.roles/views/{id:guid} answered 404 (expected 403)
[xUnit.net 00:00:40.34]       identity.users.read: PUT /api/lists/identity.roles/views/{id:guid} answered 400 (expected 403)
[xUnit.net 00:00:40.34]       identity.users.read: GET /api/reports/lists/identity.roles answered 200 (expected 403)
[xUnit.net 00:00:40.34]       identity.users.read: GET /api/reports/run/identity.roleSummary answered 200 (expected 403)
[xUnit.net 00:00:40.34]       identity.users.resetPassword: PUT /api/identity/me/preferences answered 400 (expected 403)
[xUnit.net 00:00:40.34]       identity.users.resetPassword: GET /api/identity/permissions answered 200 (expected 403)
[xUnit.net 00:00:40.34]       identity.users.resetPassword: GET /api/identity/roles answered 200 (expected 403)
[xUnit.net 00:00:40.34]       identity.users.resetPassword: POST /api/identity/roles answered 400 (expected 403)
[xUnit.net 00:00:40.34]       identity.users.resetPassword: DELETE /api/identity/roles/{id:guid} answered 404 (expected 403)
[xUnit.net 00:00:40.34]       identity.users.resetPassword: GET /api/identity/roles/{id:guid} answered 404 (expected 403)
[xUnit.net 00:00:40.34]       identity.users.resetPassword: PUT /api/identity/roles/{id:guid} answered 400 (expected 403)
[xUnit.net 00:00:40.34]       identity.users.resetPassword: POST /api/identity/roles/{id:guid}/copy answered 400 (expected 403)
[xUnit.net 00:00:40.34]       identity.users.resetPassword: GET /api/identity/users answered 200 (expected 403)
[xUnit.net 00:00:40.34]       identity.users.resetPassword: POST /api/identity/users answered 400 (expected 403)
[xUnit.net 00:00:40.34]       identity.users.resetPassword: POST /api/identity/users/matching/active answered 400 (expected 403)
[xUnit.net 00:00:40.34]       identity.users.resetPassword: DELETE /api/identity/users/{id:guid} answered 404 (expected 403)
[xUnit.net 00:00:40.34]       identity.users.resetPassword: GET /api/identity/users/{id:guid} answered 404 (expected 403)
[xUnit.net 00:00:40.34]       identity.users.resetPassword: PUT /api/identity/users/{id:guid} answered 400 (expected 403)
[xUnit.net 00:00:40.34]       identity.users.resetPassword: GET /api/identity/users/{id:guid}/access answered 404 (expected 403)
[xUnit.net 00:00:40.34]       identity.users.resetPassword: POST /api/identity/users/{id:guid}/sessions/revoke answered 404 (expected 403)
[xUnit.net 00:00:40.34]       identity.users.resetPassword: GET /api/identity/users/{id:guid}/sign-ins answered 404 (expected 403)
[xUnit.net 00:00:40.34]       identity.users.resetPassword: POST /api/identity/users/{id:guid}/unblock answered 404 (expected 403)
[xUnit.net 00:00:40.34]       identity.users.resetPassword: GET /api/lists/identity.roles/definition answered 200 (expected 403)
[xUnit.net 00:00:40.34]       identity.users.resetPassword: GET /api/lists/identity.roles/shared-views/{id:guid} answered 404 (expected 403)
[xUnit.net 00:00:40.34]       identity.users.resetPassword: GET /api/lists/identity.roles/views answered 200 (expected 403)
[xUnit.net 00:00:40.34]       identity.users.resetPassword: POST /api/lists/identity.roles/views answered 400 (expected 403)
[xUnit.net 00:00:40.34]       identity.users.resetPassword: DELETE /api/lists/identity.roles/views/{id:guid} answered 404 (expected 403)
[xUnit.net 00:00:40.34]       identity.users.resetPassword: GET /api/lists/identity.roles/views/{id:guid} answered 404 (expected 403)
[xUnit.net 00:00:40.34]       identity.users.resetPassword: PUT /api/lists/identity.roles/views/{id:guid} answered 400 (expected 403)
[xUnit.net 00:00:40.34]       identity.users.resetPassword: GET /api/lists/identity.users/definition answered 200 (expected 403)
[xUnit.net 00:00:40.34]       identity.users.resetPassword: GET /api/lists/identity.users/shared-views/{id:guid} answered 404 (expected 403)
[xUnit.net 00:00:40.34]       identity.users.resetPassword: GET /api/lists/identity.users/views answered 200 (expected 403)
[xUnit.net 00:00:40.34]       identity.users.resetPassword: POST /api/lists/identity.users/views answered 400 (expected 403)
[xUnit.net 00:00:40.34]       identity.users.resetPassword: DELETE /api/lists/identity.users/views/{id:guid} answered 404 (expected 403)
[xUnit.net 00:00:40.34]       identity.users.resetPassword: GET /api/lists/identity.users/views/{id:guid} answered 404 (expected 403)
[xUnit.net 00:00:40.34]       identity.users.resetPassword: PUT /api/lists/identity.users/views/{id:guid} answered 400 (expected 403)
[xUnit.net 00:00:40.34]       identity.users.resetPassword: GET /api/reports/lists/identity.roles answered 200 (expected 403)
[xUnit.net 00:00:40.34]       identity.users.resetPassword: GET /api/reports/lists/identity.users answered 200 (expected 403)
[xUnit.net 00:00:40.34]       identity.users.resetPassword: GET /api/reports/run/identity.roleSummary answered 200 (expected 403)
[xUnit.net 00:00:40.34]       identity.users.resetPassword: GET /api/reports/run/identity.usersByRole answered 200 (expected 403)
[xUnit.net 00:00:40.34]       identity.users.update: PUT /api/identity/me/preferences answered 400 (expected 403)
[xUnit.net 00:00:40.34]       identity.users.update: GET /api/identity/permissions answered 200 (expected 403)
[xUnit.net 00:00:40.34]       identity.users.update: GET /api/identity/roles answered 200 (expected 403)
[xUnit.net 00:00:40.34]       identity.users.update: POST /api/identity/roles answered 400 (expected 403)
[xUnit.net 00:00:40.34]       identity.users.update: DELETE /api/identity/roles/{id:guid} answered 404 (expected 403)
[xUnit.net 00:00:40.34]       identity.users.update: GET /api/identity/roles/{id:guid} answered 404 (expected 403)
[xUnit.net 00:00:40.34]       identity.users.update: PUT /api/identity/roles/{id:guid} answered 400 (expected 403)
[xUnit.net 00:00:40.34]       identity.users.update: POST /api/identity/roles/{id:guid}/copy answered 400 (expected 403)
[xUnit.net 00:00:40.34]       identity.users.update: GET /api/identity/users answered 200 (expected 403)
[xUnit.net 00:00:40.34]       identity.users.update: POST /api/identity/users answered 400 (expected 403)
[xUnit.net 00:00:40.34]       identity.users.update: DELETE /api/identity/users/{id:guid} answered 404 (expected 403)
[xUnit.net 00:00:40.34]       identity.users.update: GET /api/identity/users/{id:guid} answered 404 (expected 403)
[xUnit.net 00:00:40.34]       identity.users.update: GET /api/identity/users/{id:guid}/access answered 404 (expected 403)
[xUnit.net 00:00:40.34]       identity.users.update: POST /api/identity/users/{id:guid}/password answered 404 (expected 403)
[xUnit.net 00:00:40.34]       identity.users.update: GET /api/identity/users/{id:guid}/sign-ins answered 404 (expected 403)
[xUnit.net 00:00:40.34]       identity.users.update: GET /api/lists/identity.roles/definition answered 200 (expected 403)
[xUnit.net 00:00:40.34]       identity.users.update: GET /api/lists/identity.roles/shared-views/{id:guid} answered 404 (expected 403)
[xUnit.net 00:00:40.34]       identity.users.update: GET /api/lists/identity.roles/views answered 200 (expected 403)
[xUnit.net 00:00:40.34]       identity.users.update: POST /api/lists/identity.roles/views answered 400 (expected 403)
[xUnit.net 00:00:40.34]       identity.users.update: DELETE /api/lists/identity.roles/views/{id:guid} answered 404 (expected 403)
[xUnit.net 00:00:40.34]       identity.users.update: GET /api/lists/identity.roles/views/{id:guid} answered 404 (expected 403)
[xUnit.net 00:00:40.34]       identity.users.update: PUT /api/lists/identity.roles/views/{id:guid} answered 400 (expected 403)
[xUnit.net 00:00:40.34]       identity.users.update: GET /api/lists/identity.users/definition answered 200 (expected 403)
[xUnit.net 00:00:40.34]       identity.users.update: GET /api/lists/identity.users/shared-views/{id:guid} answered 404 (expected 403)
[xUnit.net 00:00:40.34]       identity.users.update: GET /api/lists/identity.users/views answered 200 (expected 403)
[xUnit.net 00:00:40.34]       identity.users.update: POST /api/lists/identity.users/views answered 400 (expected 403)
[xUnit.net 00:00:40.34]       identity.users.update: DELETE /api/lists/identity.users/views/{id:guid} answered 404 (expected 403)
[xUnit.net 00:00:40.34]       identity.users.update: GET /api/lists/identity.users/views/{id:guid} answered 404 (expected 403)
[xUnit.net 00:00:40.34]       identity.users.update: PUT /api/lists/identity.users/views/{id:guid} answered 400 (expected 403)
[xUnit.net 00:00:40.34]       identity.users.update: GET /api/reports/lists/identity.roles answered 200 (expected 403)
[xUnit.net 00:00:40.34]       identity.users.update: GET /api/reports/lists/identity.users answered 200 (expected 403)
[xUnit.net 00:00:40.34]       identity.users.update: GET /api/reports/run/identity.roleSummary answered 200 (expected 403)
[xUnit.net 00:00:40.34]       identity.users.update: GET /api/reports/run/identity.usersByRole answered 200 (expected 403)
[xUnit.net 00:00:40.34]       tenancy.access.read: GET /api/lists/tenancy.branches/definition answered 200 (expected 403)
[xUnit.net 00:00:40.34]       tenancy.access.read: GET /api/lists/tenancy.branches/shared-views/{id:guid} answered 404 (expected 403)
[xUnit.net 00:00:40.34]       tenancy.access.read: GET /api/lists/tenancy.branches/views answered 200 (expected 403)
[xUnit.net 00:00:40.34]       tenancy.access.read: POST /api/lists/tenancy.branches/views answered 400 (expected 403)
[xUnit.net 00:00:40.34]       tenancy.access.read: DELETE /api/lists/tenancy.branches/views/{id:guid} answered 404 (expected 403)
[xUnit.net 00:00:40.34]       tenancy.access.read: GET /api/lists/tenancy.branches/views/{id:guid} answered 404 (expected 403)
[xUnit.net 00:00:40.34]       tenancy.access.read: PUT /api/lists/tenancy.branches/views/{id:guid} answered 400 (expected 403)
[xUnit.net 00:00:40.34]       tenancy.access.read: GET /api/lists/tenancy.companies/definition answered 200 (expected 403)
[xUnit.net 00:00:40.34]       tenancy.access.read: GET /api/lists/tenancy.companies/shared-views/{id:guid} answered 404 (expected 403)
[xUnit.net 00:00:40.34]       tenancy.access.read: GET /api/lists/tenancy.companies/views answered 200 (expected 403)
[xUnit.net 00:00:40.34]       tenancy.access.read: POST /api/lists/tenancy.companies/views answered 400 (expected 403)
[xUnit.net 00:00:40.34]       tenancy.access.read: DELETE /api/lists/tenancy.companies/views/{id:guid} answered 404 (expected 403)
[xUnit.net 00:00:40.34]       tenancy.access.read: GET /api/lists/tenancy.companies/views/{id:guid} answered 404 (expected 403)
[xUnit.net 00:00:40.34]       tenancy.access.read: PUT /api/lists/tenancy.companies/views/{id:guid} answered 400 (expected 403)
[xUnit.net 00:00:40.34]       tenancy.access.read: GET /api/reports/lists/tenancy.branches answered 200 (expected 403)
[xUnit.net 00:00:40.34]       tenancy.access.read: GET /api/reports/lists/tenancy.companies answered 200 (expected 403)
[xUnit.net 00:00:40.34]       tenancy.access.read: GET /api/reports/run/tenancy.branchDirectory answered 200 (expected 403)
[xUnit.net 00:00:40.34]       tenancy.access.read: GET /api/reports/run/tenancy.companyProfile answered 400 (expected 403)
[xUnit.net 00:00:40.34]       tenancy.access.read: PUT /api/tenancy/access/{userId:guid} answered 400 (expected 403)
[xUnit.net 00:00:40.34]       tenancy.access.read: GET /api/tenancy/branches answered 200 (expected 403)
[xUnit.net 00:00:40.34]       tenancy.access.read: POST /api/tenancy/branches answered 400 (expected 403)
[xUnit.net 00:00:40.34]       tenancy.access.read: GET /api/tenancy/branches/{id:guid} answered 404 (expected 403)
[xUnit.net 00:00:40.34]       tenancy.access.read: PUT /api/tenancy/branches/{id:guid} answered 400 (expected 403)
[xUnit.net 00:00:40.34]       tenancy.access.read: GET /api/tenancy/companies answered 200 (expected 403)
[xUnit.net 00:00:40.34]       tenancy.access.read: POST /api/tenancy/companies answered 400 (expected 403)
[xUnit.net 00:00:40.34]       tenancy.access.read: GET /api/tenancy/companies/{id:guid} answered 404 (expected 403)
[xUnit.net 00:00:40.34]       tenancy.access.read: PUT /api/tenancy/companies/{id:guid} answered 400 (expected 403)
[xUnit.net 00:00:40.34]       tenancy.access.read: DELETE /api/tenancy/companies/{id:guid}/logo answered 404 (expected 403)
[xUnit.net 00:00:40.34]       tenancy.access.read: GET /api/tenancy/companies/{id:guid}/logo answered 404 (expected 403)
[xUnit.net 00:00:40.34]       tenancy.access.read: PUT /api/tenancy/companies/{id:guid}/logo answered 400 (expected 403)
[xUnit.net 00:00:40.34]       tenancy.access.read: GET /api/tenancy/tenant answered 200 (expected 403)
[xUnit.net 00:00:40.34]       tenancy.access.read: PUT /api/tenancy/tenant answered 400 (expected 403)
[xUnit.net 00:00:40.34]       tenancy.access.read: GET /api/tenancy/workplace answered 200 (expected 403)
[xUnit.net 00:00:40.34]       tenancy.access.read: PUT /api/tenancy/workplace answered 400 (expected 403)
[xUnit.net 00:00:40.34]       tenancy.access.update: GET /api/lists/tenancy.access/definition answered 200 (expected 403)
[xUnit.net 00:00:40.34]       tenancy.access.update: GET /api/lists/tenancy.access/shared-views/{id:guid} answered 404 (expected 403)
[xUnit.net 00:00:40.34]       tenancy.access.update: GET /api/lists/tenancy.access/views answered 200 (expected 403)
[xUnit.net 00:00:40.34]       tenancy.access.update: POST /api/lists/tenancy.access/views answered 400 (expected 403)
[xUnit.net 00:00:40.34]       tenancy.access.update: DELETE /api/lists/tenancy.access/views/{id:guid} answered 404 (expected 403)
[xUnit.net 00:00:40.34]       tenancy.access.update: GET /api/lists/tenancy.access/views/{id:guid} answered 404 (expected 403)
[xUnit.net 00:00:40.34]       tenancy.access.update: PUT /api/lists/tenancy.access/views/{id:guid} answered 400 (expected 403)
[xUnit.net 00:00:40.34]       tenancy.access.update: GET /api/lists/tenancy.branches/definition answered 200 (expected 403)
[xUnit.net 00:00:40.34]       tenancy.access.update: GET /api/lists/tenancy.branches/shared-views/{id:guid} answered 404 (expected 403)
[xUnit.net 00:00:40.34]       tenancy.access.update: GET /api/lists/tenancy.branches/views answered 200 (expected 403)
[xUnit.net 00:00:40.34]       tenancy.access.update: POST /api/lists/tenancy.branches/views answered 400 (expected 403)
[xUnit.net 00:00:40.34]       tenancy.access.update: DELETE /api/lists/tenancy.branches/views/{id:guid} answered 404 (expected 403)
[xUnit.net 00:00:40.34]       tenancy.access.update: GET /api/lists/tenancy.branches/views/{id:guid} answered 404 (expected 403)
[xUnit.net 00:00:40.34]       tenancy.access.update: PUT /api/lists/tenancy.branches/views/{id:guid} answered 400 (expected 403)
[xUnit.net 00:00:40.34]       tenancy.access.update: GET /api/lists/tenancy.companies/definition answered 200 (expected 403)
[xUnit.net 00:00:40.34]       tenancy.access.update: GET /api/lists/tenancy.companies/shared-views/{id:guid} answered 404 (expected 403)
[xUnit.net 00:00:40.34]       tenancy.access.update: GET /api/lists/tenancy.companies/views answered 200 (expected 403)
[xUnit.net 00:00:40.34]       tenancy.access.update: POST /api/lists/tenancy.companies/views answered 400 (expected 403)
[xUnit.net 00:00:40.34]       tenancy.access.update: DELETE /api/lists/tenancy.companies/views/{id:guid} answered 404 (expected 403)
[xUnit.net 00:00:40.34]       tenancy.access.update: GET /api/lists/tenancy.companies/views/{id:guid} answered 404 (expected 403)
[xUnit.net 00:00:40.34]       tenancy.access.update: PUT /api/lists/tenancy.companies/views/{id:guid} answered 400 (expected 403)
[xUnit.net 00:00:40.34]       tenancy.access.update: GET /api/reports/lists/tenancy.access answered 200 (expected 403)
[xUnit.net 00:00:40.34]       tenancy.access.update: GET /api/reports/lists/tenancy.branches answered 200 (expected 403)
[xUnit.net 00:00:40.34]       tenancy.access.update: GET /api/reports/lists/tenancy.companies answered 200 (expected 403)
[xUnit.net 00:00:40.34]       tenancy.access.update: GET /api/reports/run/tenancy.branchDirectory answered 200 (expected 403)
[xUnit.net 00:00:40.34]       tenancy.access.update: GET /api/reports/run/tenancy.companyProfile answered 400 (expected 403)
[xUnit.net 00:00:40.34]       tenancy.access.update: GET /api/tenancy/access answered 200 (expected 403)
[xUnit.net 00:00:40.34]       tenancy.access.update: GET /api/tenancy/access/{userId:guid} answered 404 (expected 403)
[xUnit.net 00:00:40.34]       tenancy.access.update: GET /api/tenancy/branches answered 200 (expected 403)
[xUnit.net 00:00:40.34]       tenancy.access.update: POST /api/tenancy/branches answered 400 (expected 403)
[xUnit.net 00:00:40.34]       tenancy.access.update: GET /api/tenancy/branches/{id:guid} answered 404 (expected 403)
[xUnit.net 00:00:40.34]       tenancy.access.update: PUT /api/tenancy/branches/{id:guid} answered 400 (expected 403)
[xUnit.net 00:00:40.34]       tenancy.access.update: GET /api/tenancy/companies answered 200 (expected 403)
[xUnit.net 00:00:40.34]       tenancy.access.update: POST /api/tenancy/companies answered 400 (expected 403)
[xUnit.net 00:00:40.34]       tenancy.access.update: GET /api/tenancy/companies/{id:guid} answered 404 (expected 403)
[xUnit.net 00:00:40.34]       tenancy.access.update: PUT /api/tenancy/companies/{id:guid} answered 400 (expected 403)
[xUnit.net 00:00:40.34]       tenancy.access.update: DELETE /api/tenancy/companies/{id:guid}/logo answered 404 (expected 403)
[xUnit.net 00:00:40.34]       tenancy.access.update: GET /api/tenancy/companies/{id:guid}/logo answered 404 (expected 403)
[xUnit.net 00:00:40.34]       tenancy.access.update: PUT /api/tenancy/companies/{id:guid}/logo answered 400 (expected 403)
[xUnit.net 00:00:40.34]       tenancy.access.update: GET /api/tenancy/tenant answered 200 (expected 403)
[xUnit.net 00:00:40.34]       tenancy.access.update: PUT /api/tenancy/tenant answered 400 (expected 403)
[xUnit.net 00:00:40.34]       tenancy.access.update: GET /api/tenancy/workplace answered 200 (expected 403)
[xUnit.net 00:00:40.34]       tenancy.access.update: PUT /api/tenancy/workplace answered 400 (expected 403)
[xUnit.net 00:00:40.34]       tenancy.branches.create: GET /api/lists/tenancy.access/definition answered 200 (expected 403)
[xUnit.net 00:00:40.34]       tenancy.branches.create: GET /api/lists/tenancy.access/shared-views/{id:guid} answered 404 (expected 403)
[xUnit.net 00:00:40.34]       tenancy.branches.create: GET /api/lists/tenancy.access/views answered 200 (expected 403)
[xUnit.net 00:00:40.34]       tenancy.branches.create: POST /api/lists/tenancy.access/views answered 400 (expected 403)
[xUnit.net 00:00:40.34]       tenancy.branches.create: DELETE /api/lists/tenancy.access/views/{id:guid} answered 404 (expected 403)
[xUnit.net 00:00:40.34]       tenancy.branches.create: GET /api/lists/tenancy.access/views/{id:guid} answered 404 (expected 403)
[xUnit.net 00:00:40.34]       tenancy.branches.create: PUT /api/lists/tenancy.access/views/{id:guid} answered 400 (expected 403)
[xUnit.net 00:00:40.34]       tenancy.branches.create: GET /api/lists/tenancy.branches/definition answered 200 (expected 403)
[xUnit.net 00:00:40.34]       tenancy.branches.create: GET /api/lists/tenancy.branches/shared-views/{id:guid} answered 404 (expected 403)
[xUnit.net 00:00:40.34]       tenancy.branches.create: GET /api/lists/tenancy.branches/views answered 200 (expected 403)
[xUnit.net 00:00:40.34]       tenancy.branches.create: POST /api/lists/tenancy.branches/views answered 400 (expected 403)
[xUnit.net 00:00:40.34]       tenancy.branches.create: DELETE /api/lists/tenancy.branches/views/{id:guid} answered 404 (expected 403)
[xUnit.net 00:00:40.34]       tenancy.branches.create: GET /api/lists/tenancy.branches/views/{id:guid} answered 404 (expected 403)
[xUnit.net 00:00:40.34]       tenancy.branches.create: PUT /api/lists/tenancy.branches/views/{id:guid} answered 400 (expected 403)
[xUnit.net 00:00:40.34]       tenancy.branches.create: GET /api/lists/tenancy.companies/definition answered 200 (expected 403)
[xUnit.net 00:00:40.34]       tenancy.branches.create: GET /api/lists/tenancy.companies/shared-views/{id:guid} answered 404 (expected 403)
[xUnit.net 00:00:40.34]       tenancy.branches.create: GET /api/lists/tenancy.companies/views answered 200 (expected 403)
[xUnit.net 00:00:40.34]       tenancy.branches.create: POST /api/lists/tenancy.companies/views answered 400 (expected 403)
[xUnit.net 00:00:40.34]       tenancy.branches.create: DELETE /api/lists/tenancy.companies/views/{id:guid} answered 404 (expected 403)
[xUnit.net 00:00:40.34]       tenancy.branches.create: GET /api/lists/tenancy.companies/views/{id:guid} answered 404 (expected 403)
[xUnit.net 00:00:40.34]       tenancy.branches.create: PUT /api/lists/tenancy.companies/views/{id:guid} answered 400 (expected 403)
[xUnit.net 00:00:40.34]       tenancy.branches.create: GET /api/reports/lists/tenancy.access answered 200 (expected 403)
[xUnit.net 00:00:40.34]       tenancy.branches.create: GET /api/reports/lists/tenancy.branches answered 200 (expected 403)
[xUnit.net 00:00:40.34]       tenancy.branches.create: GET /api/reports/lists/tenancy.companies answered 200 (expected 403)
[xUnit.net 00:00:40.34]       tenancy.branches.create: GET /api/reports/run/tenancy.branchDirectory answered 200 (expected 403)
[xUnit.net 00:00:40.34]       tenancy.branches.create: GET /api/reports/run/tenancy.companyProfile answered 400 (expected 403)
[xUnit.net 00:00:40.34]       tenancy.branches.create: GET /api/tenancy/access answered 200 (expected 403)
[xUnit.net 00:00:40.34]       tenancy.branches.create: GET /api/tenancy/access/{userId:guid} answered 404 (expected 403)
[xUnit.net 00:00:40.34]       tenancy.branches.create: PUT /api/tenancy/access/{userId:guid} answered 400 (expected 403)
[xUnit.net 00:00:40.34]       tenancy.branches.create: GET /api/tenancy/branches answered 200 (expected 403)
[xUnit.net 00:00:40.34]       tenancy.branches.create: GET /api/tenancy/branches/{id:guid} answered 404 (expected 403)
[xUnit.net 00:00:40.34]       tenancy.branches.create: PUT /api/tenancy/branches/{id:guid} answered 400 (expected 403)
[xUnit.net 00:00:40.34]       tenancy.branches.create: GET /api/tenancy/companies answered 200 (expected 403)
[xUnit.net 00:00:40.34]       tenancy.branches.create: POST /api/tenancy/companies answered 400 (expected 403)
[xUnit.net 00:00:40.34]       tenancy.branches.create: GET /api/tenancy/companies/{id:guid} answered 404 (expected 403)
[xUnit.net 00:00:40.34]       tenancy.branches.create: PUT /api/tenancy/companies/{id:guid} answered 400 (expected 403)
[xUnit.net 00:00:40.34]       tenancy.branches.create: DELETE /api/tenancy/companies/{id:guid}/logo answered 404 (expected 403)
[xUnit.net 00:00:40.34]       tenancy.branches.create: GET /api/tenancy/companies/{id:guid}/logo answered 404 (expected 403)
[xUnit.net 00:00:40.34]       tenancy.branches.create: PUT /api/tenancy/companies/{id:guid}/logo answered 400 (expected 403)
[xUnit.net 00:00:40.34]       tenancy.branches.create: GET /api/tenancy/tenant answered 200 (expected 403)
[xUnit.net 00:00:40.34]       tenancy.branches.create: PUT /api/tenancy/tenant answered 400 (expected 403)
[xUnit.net 00:00:40.34]       tenancy.branches.create: GET /api/tenancy/workplace answered 200 (expected 403)
[xUnit.net 00:00:40.34]       tenancy.branches.create: PUT /api/tenancy/workplace answered 400 (expected 403)
[xUnit.net 00:00:40.34]       tenancy.branches.read: GET /api/lists/tenancy.access/definition answered 200 (expected 403)
[xUnit.net 00:00:40.34]       tenancy.branches.read: GET /api/lists/tenancy.access/shared-views/{id:guid} answered 404 (expected 403)
[xUnit.net 00:00:40.34]       tenancy.branches.read: GET /api/lists/tenancy.access/views answered 200 (expected 403)
[xUnit.net 00:00:40.34]       tenancy.branches.read: POST /api/lists/tenancy.access/views answered 400 (expected 403)
[xUnit.net 00:00:40.34]       tenancy.branches.read: DELETE /api/lists/tenancy.access/views/{id:guid} answered 404 (expected 403)
[xUnit.net 00:00:40.34]       tenancy.branches.read: GET /api/lists/tenancy.access/views/{id:guid} answered 404 (expected 403)
[xUnit.net 00:00:40.34]       tenancy.branches.read: PUT /api/lists/tenancy.access/views/{id:guid} answered 400 (expected 403)
[xUnit.net 00:00:40.34]       tenancy.branches.read: GET /api/lists/tenancy.companies/definition answered 200 (expected 403)
[xUnit.net 00:00:40.34]       tenancy.branches.read: GET /api/lists/tenancy.companies/shared-views/{id:guid} answered 404 (expected 403)
[xUnit.net 00:00:40.34]       tenancy.branches.read: GET /api/lists/tenancy.companies/views answered 200 (expected 403)
[xUnit.net 00:00:40.34]       tenancy.branches.read: POST /api/lists/tenancy.companies/views answered 400 (expected 403)
[xUnit.net 00:00:40.34]       tenancy.branches.read: DELETE /api/lists/tenancy.companies/views/{id:guid} answered 404 (expected 403)
[xUnit.net 00:00:40.34]       tenancy.branches.read: GET /api/lists/tenancy.companies/views/{id:guid} answered 404 (expected 403)
[xUnit.net 00:00:40.34]       tenancy.branches.read: PUT /api/lists/tenancy.companies/views/{id:guid} answered 400 (expected 403)
[xUnit.net 00:00:40.34]       tenancy.branches.read: GET /api/reports/lists/tenancy.access answered 200 (expected 403)
[xUnit.net 00:00:40.34]       tenancy.branches.read: GET /api/reports/lists/tenancy.companies answered 200 (expected 403)
[xUnit.net 00:00:40.34]       tenancy.branches.read: GET /api/reports/run/tenancy.companyProfile answered 400 (expected 403)
[xUnit.net 00:00:40.34]       tenancy.branches.read: GET /api/tenancy/access answered 200 (expected 403)
[xUnit.net 00:00:40.34]       tenancy.branches.read: GET /api/tenancy/access/{userId:guid} answered 404 (expected 403)
[xUnit.net 00:00:40.34]       tenancy.branches.read: PUT /api/tenancy/access/{userId:guid} answered 400 (expected 403)
[xUnit.net 00:00:40.34]       tenancy.branches.read: POST /api/tenancy/branches answered 400 (expected 403)
[xUnit.net 00:00:40.34]       tenancy.branches.read: PUT /api/tenancy/branches/{id:guid} answered 400 (expected 403)
[xUnit.net 00:00:40.34]       tenancy.branches.read: GET /api/tenancy/companies answered 200 (expected 403)
[xUnit.net 00:00:40.34]       tenancy.branches.read: POST /api/tenancy/companies answered 400 (expected 403)
[xUnit.net 00:00:40.34]       tenancy.branches.read: GET /api/tenancy/companies/{id:guid} answered 404 (expected 403)
[xUnit.net 00:00:40.34]       tenancy.branches.read: PUT /api/tenancy/companies/{id:guid} answered 400 (expected 403)
[xUnit.net 00:00:40.34]       tenancy.branches.read: DELETE /api/tenancy/companies/{id:guid}/logo answered 404 (expected 403)
[xUnit.net 00:00:40.34]       tenancy.branches.read: GET /api/tenancy/companies/{id:guid}/logo answered 404 (expected 403)
[xUnit.net 00:00:40.34]       tenancy.branches.read: PUT /api/tenancy/companies/{id:guid}/logo answered 400 (expected 403)
[xUnit.net 00:00:40.34]       tenancy.branches.read: GET /api/tenancy/tenant answered 200 (expected 403)
[xUnit.net 00:00:40.34]       tenancy.branches.read: PUT /api/tenancy/tenant answered 400 (expected 403)
[xUnit.net 00:00:40.34]       tenancy.branches.read: GET /api/tenancy/workplace answered 200 (expected 403)
[xUnit.net 00:00:40.34]       tenancy.branches.read: PUT /api/tenancy/workplace answered 400 (expected 403)
[xUnit.net 00:00:40.34]       tenancy.branches.update: GET /api/lists/tenancy.access/definition answered 200 (expected 403)
[xUnit.net 00:00:40.34]       tenancy.branches.update: GET /api/lists/tenancy.access/shared-views/{id:guid} answered 404 (expected 403)
[xUnit.net 00:00:40.34]       tenancy.branches.update: GET /api/lists/tenancy.access/views answered 200 (expected 403)
[xUnit.net 00:00:40.34]       tenancy.branches.update: POST /api/lists/tenancy.access/views answered 400 (expected 403)
[xUnit.net 00:00:40.34]       tenancy.branches.update: DELETE /api/lists/tenancy.access/views/{id:guid} answered 404 (expected 403)
[xUnit.net 00:00:40.34]       tenancy.branches.update: GET /api/lists/tenancy.access/views/{id:guid} answered 404 (expected 403)
[xUnit.net 00:00:40.34]       tenancy.branches.update: PUT /api/lists/tenancy.access/views/{id:guid} answered 400 (expected 403)
[xUnit.net 00:00:40.34]       tenancy.branches.update: GET /api/lists/tenancy.branches/definition answered 200 (expected 403)
[xUnit.net 00:00:40.34]       tenancy.branches.update: GET /api/lists/tenancy.branches/shared-views/{id:guid} answered 404 (expected 403)
[xUnit.net 00:00:40.34]       tenancy.branches.update: GET /api/lists/tenancy.branches/views answered 200 (expected 403)
[xUnit.net 00:00:40.34]       tenancy.branches.update: POST /api/lists/tenancy.branches/views answered 400 (expected 403)
[xUnit.net 00:00:40.34]       tenancy.branches.update: DELETE /api/lists/tenancy.branches/views/{id:guid} answered 404 (expected 403)
[xUnit.net 00:00:40.34]       tenancy.branches.update: GET /api/lists/tenancy.branches/views/{id:guid} answered 404 (expected 403)
[xUnit.net 00:00:40.34]       tenancy.branches.update: PUT /api/lists/tenancy.branches/views/{id:guid} answered 400 (expected 403)
[xUnit.net 00:00:40.34]       tenancy.branches.update: GET /api/lists/tenancy.companies/definition answered 200 (expected 403)
[xUnit.net 00:00:40.34]       tenancy.branches.update: GET /api/lists/tenancy.companies/shared-views/{id:guid} answered 404 (expected 403)
[xUnit.net 00:00:40.34]       tenancy.branches.update: GET /api/lists/tenancy.companies/views answered 200 (expected 403)
[xUnit.net 00:00:40.34]       tenancy.branches.update: POST /api/lists/tenancy.companies/views answered 400 (expected 403)
[xUnit.net 00:00:40.34]       tenancy.branches.update: DELETE /api/lists/tenancy.companies/views/{id:guid} answered 404 (expected 403)
[xUnit.net 00:00:40.34]       tenancy.branches.update: GET /api/lists/tenancy.companies/views/{id:guid} answered 404 (expected 403)
[xUnit.net 00:00:40.34]       tenancy.branches.update: PUT /api/lists/tenancy.companies/views/{id:guid} answered 400 (expected 403)
[xUnit.net 00:00:40.34]       tenancy.branches.update: GET /api/reports/lists/tenancy.access answered 200 (expected 403)
[xUnit.net 00:00:40.34]       tenancy.branches.update: GET /api/reports/lists/tenancy.branches answered 200 (expected 403)
[xUnit.net 00:00:40.34]       tenancy.branches.update: GET /api/reports/lists/tenancy.companies answered 200 (expected 403)
[xUnit.net 00:00:40.34]       tenancy.branches.update: GET /api/reports/run/tenancy.branchDirectory answered 200 (expected 403)
[xUnit.net 00:00:40.34]       tenancy.branches.update: GET /api/reports/run/tenancy.companyProfile answered 400 (expected 403)
[xUnit.net 00:00:40.34]       tenancy.branches.update: GET /api/tenancy/access answered 200 (expected 403)
[xUnit.net 00:00:40.34]       tenancy.branches.update: GET /api/tenancy/access/{userId:guid} answered 404 (expected 403)
[xUnit.net 00:00:40.34]       tenancy.branches.update: PUT /api/tenancy/access/{userId:guid} answered 400 (expected 403)
[xUnit.net 00:00:40.34]       tenancy.branches.update: GET /api/tenancy/branches answered 200 (expected 403)
[xUnit.net 00:00:40.34]       tenancy.branches.update: POST /api/tenancy/branches answered 400 (expected 403)
[xUnit.net 00:00:40.34]       tenancy.branches.update: GET /api/tenancy/branches/{id:guid} answered 404 (expected 403)
[xUnit.net 00:00:40.34]       tenancy.branches.update: GET /api/tenancy/companies answered 200 (expected 403)
[xUnit.net 00:00:40.34]       tenancy.branches.update: POST /api/tenancy/companies answered 400 (expected 403)
[xUnit.net 00:00:40.34]       tenancy.branches.update: GET /api/tenancy/companies/{id:guid} answered 404 (expected 403)
[xUnit.net 00:00:40.34]       tenancy.branches.update: PUT /api/tenancy/companies/{id:guid} answered 400 (expected 403)
[xUnit.net 00:00:40.34]       tenancy.branches.update: DELETE /api/tenancy/companies/{id:guid}/logo answered 404 (expected 403)
[xUnit.net 00:00:40.34]       tenancy.branches.update: GET /api/tenancy/companies/{id:guid}/logo answered 404 (expected 403)
[xUnit.net 00:00:40.34]       tenancy.branches.update: PUT /api/tenancy/companies/{id:guid}/logo answered 400 (expected 403)
[xUnit.net 00:00:40.34]       tenancy.branches.update: GET /api/tenancy/tenant answered 200 (expected 403)
[xUnit.net 00:00:40.34]       tenancy.branches.update: PUT /api/tenancy/tenant answered 400 (expected 403)
[xUnit.net 00:00:40.34]       tenancy.branches.update: GET /api/tenancy/workplace answered 200 (expected 403)
[xUnit.net 00:00:40.34]       tenancy.branches.update: PUT /api/tenancy/workplace answered 400 (expected 403)
[xUnit.net 00:00:40.34]       tenancy.companies.create: GET /api/lists/tenancy.access/definition answered 200 (expected 403)
[xUnit.net 00:00:40.34]       tenancy.companies.create: GET /api/lists/tenancy.access/shared-views/{id:guid} answered 404 (expected 403)
[xUnit.net 00:00:40.34]       tenancy.companies.create: GET /api/lists/tenancy.access/views answered 200 (expected 403)
[xUnit.net 00:00:40.34]       tenancy.companies.create: POST /api/lists/tenancy.access/views answered 400 (expected 403)
[xUnit.net 00:00:40.34]       tenancy.companies.create: DELETE /api/lists/tenancy.access/views/{id:guid} answered 404 (expected 403)
[xUnit.net 00:00:40.34]       tenancy.companies.create: GET /api/lists/tenancy.access/views/{id:guid} answered 404 (expected 403)
[xUnit.net 00:00:40.34]       tenancy.companies.create: PUT /api/lists/tenancy.access/views/{id:guid} answered 400 (expected 403)
[xUnit.net 00:00:40.34]       tenancy.companies.create: GET /api/lists/tenancy.branches/definition answered 200 (expected 403)
[xUnit.net 00:00:40.34]       tenancy.companies.create: GET /api/lists/tenancy.branches/shared-views/{id:guid} answered 404 (expected 403)
[xUnit.net 00:00:40.34]       tenancy.companies.create: GET /api/lists/tenancy.branches/views answered 200 (expected 403)
[xUnit.net 00:00:40.34]       tenancy.companies.create: POST /api/lists/tenancy.branches/views answered 400 (expected 403)
[xUnit.net 00:00:40.34]       tenancy.companies.create: DELETE /api/lists/tenancy.branches/views/{id:guid} answered 404 (expected 403)
[xUnit.net 00:00:40.34]       tenancy.companies.create: GET /api/lists/tenancy.branches/views/{id:guid} answered 404 (expected 403)
[xUnit.net 00:00:40.34]       tenancy.companies.create: PUT /api/lists/tenancy.branches/views/{id:guid} answered 400 (expected 403)
[xUnit.net 00:00:40.34]       tenancy.companies.create: GET /api/lists/tenancy.companies/definition answered 200 (expected 403)
[xUnit.net 00:00:40.34]       tenancy.companies.create: GET /api/lists/tenancy.companies/shared-views/{id:guid} answered 404 (expected 403)
[xUnit.net 00:00:40.34]       tenancy.companies.create: GET /api/lists/tenancy.companies/views answered 200 (expected 403)
[xUnit.net 00:00:40.34]       tenancy.companies.create: POST /api/lists/tenancy.companies/views answered 400 (expected 403)
[xUnit.net 00:00:40.34]       tenancy.companies.create: DELETE /api/lists/tenancy.companies/views/{id:guid} answered 404 (expected 403)
[xUnit.net 00:00:40.34]       tenancy.companies.create: GET /api/lists/tenancy.companies/views/{id:guid} answered 404 (expected 403)
[xUnit.net 00:00:40.34]       tenancy.companies.create: PUT /api/lists/tenancy.companies/views/{id:guid} answered 400 (expected 403)
[xUnit.net 00:00:40.34]       tenancy.companies.create: GET /api/reports/lists/tenancy.access answered 200 (expected 403)
[xUnit.net 00:00:40.34]       tenancy.companies.create: GET /api/reports/lists/tenancy.branches answered 200 (expected 403)
[xUnit.net 00:00:40.34]       tenancy.companies.create: GET /api/reports/lists/tenancy.companies answered 200 (expected 403)
[xUnit.net 00:00:40.34]       tenancy.companies.create: GET /api/reports/run/tenancy.branchDirectory answered 200 (expected 403)
[xUnit.net 00:00:40.34]       tenancy.companies.create: GET /api/reports/run/tenancy.companyProfile answered 400 (expected 403)
[xUnit.net 00:00:40.34]       tenancy.companies.create: GET /api/tenancy/access answered 200 (expected 403)
[xUnit.net 00:00:40.34]       tenancy.companies.create: GET /api/tenancy/access/{userId:guid} answered 404 (expected 403)
[xUnit.net 00:00:40.34]       tenancy.companies.create: PUT /api/tenancy/access/{userId:guid} answered 400 (expected 403)
[xUnit.net 00:00:40.34]       tenancy.companies.create: GET /api/tenancy/branches answered 200 (expected 403)
[xUnit.net 00:00:40.34]       tenancy.companies.create: POST /api/tenancy/branches answered 400 (expected 403)
[xUnit.net 00:00:40.34]       tenancy.companies.create: GET /api/tenancy/branches/{id:guid} answered 404 (expected 403)
[xUnit.net 00:00:40.34]       tenancy.companies.create: PUT /api/tenancy/branches/{id:guid} answered 400 (expected 403)
[xUnit.net 00:00:40.34]       tenancy.companies.create: GET /api/tenancy/companies answered 200 (expected 403)
[xUnit.net 00:00:40.34]       tenancy.companies.create: GET /api/tenancy/companies/{id:guid} answered 404 (expected 403)
[xUnit.net 00:00:40.34]       tenancy.companies.create: PUT /api/tenancy/companies/{id:guid} answered 400 (expected 403)
[xUnit.net 00:00:40.34]       tenancy.companies.create: DELETE /api/tenancy/companies/{id:guid}/logo answered 404 (expected 403)
[xUnit.net 00:00:40.34]       tenancy.companies.create: GET /api/tenancy/companies/{id:guid}/logo answered 404 (expected 403)
[xUnit.net 00:00:40.34]       tenancy.companies.create: PUT /api/tenancy/companies/{id:guid}/logo answered 400 (expected 403)
[xUnit.net 00:00:40.34]       tenancy.companies.create: GET /api/tenancy/tenant answered 200 (expected 403)
[xUnit.net 00:00:40.34]       tenancy.companies.create: PUT /api/tenancy/tenant answered 400 (expected 403)
[xUnit.net 00:00:40.34]       tenancy.companies.create: GET /api/tenancy/workplace answered 200 (expected 403)
[xUnit.net 00:00:40.34]       tenancy.companies.create: PUT /api/tenancy/workplace answered 400 (expected 403)
[xUnit.net 00:00:40.34]       tenancy.companies.read: GET /api/lists/tenancy.access/definition answered 200 (expected 403)
[xUnit.net 00:00:40.34]       tenancy.companies.read: GET /api/lists/tenancy.access/shared-views/{id:guid} answered 404 (expected 403)
[xUnit.net 00:00:40.34]       tenancy.companies.read: GET /api/lists/tenancy.access/views answered 200 (expected 403)
[xUnit.net 00:00:40.34]       tenancy.companies.read: POST /api/lists/tenancy.access/views answered 400 (expected 403)
[xUnit.net 00:00:40.34]       tenancy.companies.read: DELETE /api/lists/tenancy.access/views/{id:guid} answered 404 (expected 403)
[xUnit.net 00:00:40.34]       tenancy.companies.read: GET /api/lists/tenancy.access/views/{id:guid} answered 404 (expected 403)
[xUnit.net 00:00:40.34]       tenancy.companies.read: PUT /api/lists/tenancy.access/views/{id:guid} answered 400 (expected 403)
[xUnit.net 00:00:40.34]       tenancy.companies.read: GET /api/lists/tenancy.branches/definition answered 200 (expected 403)
[xUnit.net 00:00:40.34]       tenancy.companies.read: GET /api/lists/tenancy.branches/shared-views/{id:guid} answered 404 (expected 403)
[xUnit.net 00:00:40.34]       tenancy.companies.read: GET /api/lists/tenancy.branches/views answered 200 (expected 403)
[xUnit.net 00:00:40.34]       tenancy.companies.read: POST /api/lists/tenancy.branches/views answered 400 (expected 403)
[xUnit.net 00:00:40.34]       tenancy.companies.read: DELETE /api/lists/tenancy.branches/views/{id:guid} answered 404 (expected 403)
[xUnit.net 00:00:40.34]       tenancy.companies.read: GET /api/lists/tenancy.branches/views/{id:guid} answered 404 (expected 403)
[xUnit.net 00:00:40.34]       tenancy.companies.read: PUT /api/lists/tenancy.branches/views/{id:guid} answered 400 (expected 403)
[xUnit.net 00:00:40.34]       tenancy.companies.read: GET /api/reports/lists/tenancy.access answered 200 (expected 403)
[xUnit.net 00:00:40.34]       tenancy.companies.read: GET /api/reports/lists/tenancy.branches answered 200 (expected 403)
[xUnit.net 00:00:40.34]       tenancy.companies.read: GET /api/reports/run/tenancy.branchDirectory answered 200 (expected 403)
[xUnit.net 00:00:40.34]       tenancy.companies.read: GET /api/tenancy/access answered 200 (expected 403)
[xUnit.net 00:00:40.34]       tenancy.companies.read: GET /api/tenancy/access/{userId:guid} answered 404 (expected 403)
[xUnit.net 00:00:40.34]       tenancy.companies.read: PUT /api/tenancy/access/{userId:guid} answered 400 (expected 403)
[xUnit.net 00:00:40.34]       tenancy.companies.read: GET /api/tenancy/branches answered 200 (expected 403)
[xUnit.net 00:00:40.34]       tenancy.companies.read: POST /api/tenancy/branches answered 400 (expected 403)
[xUnit.net 00:00:40.34]       tenancy.companies.read: GET /api/tenancy/branches/{id:guid} answered 404 (expected 403)
[xUnit.net 00:00:40.34]       tenancy.companies.read: PUT /api/tenancy/branches/{id:guid} answered 400 (expected 403)
[xUnit.net 00:00:40.35]       tenancy.companies.read: POST /api/tenancy/companies answered 400 (expected 403)
[xUnit.net 00:00:40.35]       tenancy.companies.read: PUT /api/tenancy/companies/{id:guid} answered 400 (expected 403)
[xUnit.net 00:00:40.35]       tenancy.companies.read: DELETE /api/tenancy/companies/{id:guid}/logo answered 404 (expected 403)
[xUnit.net 00:00:40.35]       tenancy.companies.read: PUT /api/tenancy/companies/{id:guid}/logo answered 400 (expected 403)
[xUnit.net 00:00:40.35]       tenancy.companies.read: GET /api/tenancy/tenant answered 200 (expected 403)
[xUnit.net 00:00:40.35]       tenancy.companies.read: PUT /api/tenancy/tenant answered 400 (expected 403)
[xUnit.net 00:00:40.35]       tenancy.companies.read: GET /api/tenancy/workplace answered 200 (expected 403)
[xUnit.net 00:00:40.35]       tenancy.companies.read: PUT /api/tenancy/workplace answered 400 (expected 403)
[xUnit.net 00:00:40.35]       tenancy.companies.update: GET /api/lists/tenancy.access/definition answered 200 (expected 403)
[xUnit.net 00:00:40.35]       tenancy.companies.update: GET /api/lists/tenancy.access/shared-views/{id:guid} answered 404 (expected 403)
[xUnit.net 00:00:40.35]       tenancy.companies.update: GET /api/lists/tenancy.access/views answered 200 (expected 403)
[xUnit.net 00:00:40.35]       tenancy.companies.update: POST /api/lists/tenancy.access/views answered 400 (expected 403)
[xUnit.net 00:00:40.35]       tenancy.companies.update: DELETE /api/lists/tenancy.access/views/{id:guid} answered 404 (expected 403)
[xUnit.net 00:00:40.35]       tenancy.companies.update: GET /api/lists/tenancy.access/views/{id:guid} answered 404 (expected 403)
[xUnit.net 00:00:40.35]       tenancy.companies.update: PUT /api/lists/tenancy.access/views/{id:guid} answered 400 (expected 403)
[xUnit.net 00:00:40.35]       tenancy.companies.update: GET /api/lists/tenancy.branches/definition answered 200 (expected 403)
[xUnit.net 00:00:40.35]       tenancy.companies.update: GET /api/lists/tenancy.branches/shared-views/{id:guid} answered 404 (expected 403)
[xUnit.net 00:00:40.35]       tenancy.companies.update: GET /api/lists/tenancy.branches/views answered 200 (expected 403)
[xUnit.net 00:00:40.35]       tenancy.companies.update: POST /api/lists/tenancy.branches/views answered 400 (expected 403)
[xUnit.net 00:00:40.35]       tenancy.companies.update: DELETE /api/lists/tenancy.branches/views/{id:guid} answered 404 (expected 403)
[xUnit.net 00:00:40.35]       tenancy.companies.update: GET /api/lists/tenancy.branches/views/{id:guid} answered 404 (expected 403)
[xUnit.net 00:00:40.35]       tenancy.companies.update: PUT /api/lists/tenancy.branches/views/{id:guid} answered 400 (expected 403)
[xUnit.net 00:00:40.35]       tenancy.companies.update: GET /api/lists/tenancy.companies/definition answered 200 (expected 403)
[xUnit.net 00:00:40.35]       tenancy.companies.update: GET /api/lists/tenancy.companies/shared-views/{id:guid} answered 404 (expected 403)
[xUnit.net 00:00:40.35]       tenancy.companies.update: GET /api/lists/tenancy.companies/views answered 200 (expected 403)
[xUnit.net 00:00:40.35]       tenancy.companies.update: POST /api/lists/tenancy.companies/views answered 400 (expected 403)
[xUnit.net 00:00:40.35]       tenancy.companies.update: DELETE /api/lists/tenancy.companies/views/{id:guid} answered 404 (expected 403)
[xUnit.net 00:00:40.35]       tenancy.companies.update: GET /api/lists/tenancy.companies/views/{id:guid} answered 404 (expected 403)
[xUnit.net 00:00:40.35]       tenancy.companies.update: PUT /api/lists/tenancy.companies/views/{id:guid} answered 400 (expected 403)
[xUnit.net 00:00:40.35]       tenancy.companies.update: GET /api/reports/lists/tenancy.access answered 200 (expected 403)
[xUnit.net 00:00:40.35]       tenancy.companies.update: GET /api/reports/lists/tenancy.branches answered 200 (expected 403)
[xUnit.net 00:00:40.35]       tenancy.companies.update: GET /api/reports/lists/tenancy.companies answered 200 (expected 403)
[xUnit.net 00:00:40.35]       tenancy.companies.update: GET /api/reports/run/tenancy.branchDirectory answered 200 (expected 403)
[xUnit.net 00:00:40.35]       tenancy.companies.update: GET /api/reports/run/tenancy.companyProfile answered 400 (expected 403)
[xUnit.net 00:00:40.35]       tenancy.companies.update: GET /api/tenancy/access answered 200 (expected 403)
[xUnit.net 00:00:40.35]       tenancy.companies.update: GET /api/tenancy/access/{userId:guid} answered 404 (expected 403)
[xUnit.net 00:00:40.35]       tenancy.companies.update: PUT /api/tenancy/access/{userId:guid} answered 400 (expected 403)
[xUnit.net 00:00:40.35]       tenancy.companies.update: GET /api/tenancy/branches answered 200 (expected 403)
[xUnit.net 00:00:40.35]       tenancy.companies.update: POST /api/tenancy/branches answered 400 (expected 403)
[xUnit.net 00:00:40.35]       tenancy.companies.update: GET /api/tenancy/branches/{id:guid} answered 404 (expected 403)
[xUnit.net 00:00:40.35]       tenancy.companies.update: PUT /api/tenancy/branches/{id:guid} answered 400 (expected 403)
[xUnit.net 00:00:40.35]       tenancy.companies.update: GET /api/tenancy/companies answered 200 (expected 403)
[xUnit.net 00:00:40.35]       tenancy.companies.update: POST /api/tenancy/companies answered 400 (expected 403)
[xUnit.net 00:00:40.35]       tenancy.companies.update: GET /api/tenancy/companies/{id:guid} answered 404 (expected 403)
[xUnit.net 00:00:40.35]       tenancy.companies.update: GET /api/tenancy/companies/{id:guid}/logo answered 404 (expected 403)
[xUnit.net 00:00:40.35]       tenancy.companies.update: GET /api/tenancy/tenant answered 200 (expected 403)
[xUnit.net 00:00:40.35]       tenancy.companies.update: PUT /api/tenancy/tenant answered 400 (expected 403)
[xUnit.net 00:00:40.35]       tenancy.companies.update: GET /api/tenancy/workplace answered 200 (expected 403)
[xUnit.net 00:00:40.35]       tenancy.companies.update: PUT /api/tenancy/workplace answered 400 (expected 403)
[xUnit.net 00:00:40.35]       tenancy.tenant.read: GET /api/lists/tenancy.access/definition answered 200 (expected 403)
[xUnit.net 00:00:40.35]       tenancy.tenant.read: GET /api/lists/tenancy.access/shared-views/{id:guid} answered 404 (expected 403)
[xUnit.net 00:00:40.35]       tenancy.tenant.read: GET /api/lists/tenancy.access/views answered 200 (expected 403)
[xUnit.net 00:00:40.35]       tenancy.tenant.read: POST /api/lists/tenancy.access/views answered 400 (expected 403)
[xUnit.net 00:00:40.35]       tenancy.tenant.read: DELETE /api/lists/tenancy.access/views/{id:guid} answered 404 (expected 403)
[xUnit.net 00:00:40.35]       tenancy.tenant.read: GET /api/lists/tenancy.access/views/{id:guid} answered 404 (expected 403)
[xUnit.net 00:00:40.35]       tenancy.tenant.read: PUT /api/lists/tenancy.access/views/{id:guid} answered 400 (expected 403)
[xUnit.net 00:00:40.35]       tenancy.tenant.read: GET /api/lists/tenancy.branches/definition answered 200 (expected 403)
[xUnit.net 00:00:40.35]       tenancy.tenant.read: GET /api/lists/tenancy.branches/shared-views/{id:guid} answered 404 (expected 403)
[xUnit.net 00:00:40.35]       tenancy.tenant.read: GET /api/lists/tenancy.branches/views answered 200 (expected 403)
[xUnit.net 00:00:40.35]       tenancy.tenant.read: POST /api/lists/tenancy.branches/views answered 400 (expected 403)
[xUnit.net 00:00:40.35]       tenancy.tenant.read: DELETE /api/lists/tenancy.branches/views/{id:guid} answered 404 (expected 403)
[xUnit.net 00:00:40.35]       tenancy.tenant.read: GET /api/lists/tenancy.branches/views/{id:guid} answered 404 (expected 403)
[xUnit.net 00:00:40.35]       tenancy.tenant.read: PUT /api/lists/tenancy.branches/views/{id:guid} answered 400 (expected 403)
[xUnit.net 00:00:40.35]       tenancy.tenant.read: GET /api/lists/tenancy.companies/definition answered 200 (expected 403)
[xUnit.net 00:00:40.35]       tenancy.tenant.read: GET /api/lists/tenancy.companies/shared-views/{id:guid} answered 404 (expected 403)
[xUnit.net 00:00:40.35]       tenancy.tenant.read: GET /api/lists/tenancy.companies/views answered 200 (expected 403)
[xUnit.net 00:00:40.35]       tenancy.tenant.read: POST /api/lists/tenancy.companies/views answered 400 (expected 403)
[xUnit.net 00:00:40.35]       tenancy.tenant.read: DELETE /api/lists/tenancy.companies/views/{id:guid} answered 404 (expected 403)
[xUnit.net 00:00:40.35]       tenancy.tenant.read: GET /api/lists/tenancy.companies/views/{id:guid} answered 404 (expected 403)
[xUnit.net 00:00:40.35]       tenancy.tenant.read: PUT /api/lists/tenancy.companies/views/{id:guid} answered 400 (expected 403)
[xUnit.net 00:00:40.35]       tenancy.tenant.read: GET /api/reports/lists/tenancy.access answered 200 (expected 403)
[xUnit.net 00:00:40.35]       tenancy.tenant.read: GET /api/reports/lists/tenancy.branches answered 200 (expected 403)
[xUnit.net 00:00:40.35]       tenancy.tenant.read: GET /api/reports/lists/tenancy.companies answered 200 (expected 403)
[xUnit.net 00:00:40.35]       tenancy.tenant.read: GET /api/reports/run/tenancy.branchDirectory answered 200 (expected 403)
[xUnit.net 00:00:40.35]       tenancy.tenant.read: GET /api/reports/run/tenancy.companyProfile answered 400 (expected 403)
[xUnit.net 00:00:40.35]       tenancy.tenant.read: GET /api/tenancy/access answered 200 (expected 403)
[xUnit.net 00:00:40.35]       tenancy.tenant.read: GET /api/tenancy/access/{userId:guid} answered 404 (expected 403)
[xUnit.net 00:00:40.35]       tenancy.tenant.read: PUT /api/tenancy/access/{userId:guid} answered 400 (expected 403)
[xUnit.net 00:00:40.35]       tenancy.tenant.read: GET /api/tenancy/branches answered 200 (expected 403)
[xUnit.net 00:00:40.35]       tenancy.tenant.read: POST /api/tenancy/branches answered 400 (expected 403)
[xUnit.net 00:00:40.35]       tenancy.tenant.read: GET /api/tenancy/branches/{id:guid} answered 404 (expected 403)
[xUnit.net 00:00:40.35]       tenancy.tenant.read: PUT /api/tenancy/branches/{id:guid} answered 400 (expected 403)
[xUnit.net 00:00:40.35]       tenancy.tenant.read: GET /api/tenancy/companies answered 200 (expected 403)
[xUnit.net 00:00:40.35]       tenancy.tenant.read: POST /api/tenancy/companies answered 400 (expected 403)
[xUnit.net 00:00:40.35]       tenancy.tenant.read: GET /api/tenancy/companies/{id:guid} answered 404 (expected 403)
[xUnit.net 00:00:40.35]       tenancy.tenant.read: PUT /api/tenancy/companies/{id:guid} answered 400 (expected 403)
[xUnit.net 00:00:40.35]       tenancy.tenant.read: DELETE /api/tenancy/companies/{id:guid}/logo answered 404 (expected 403)
[xUnit.net 00:00:40.35]       tenancy.tenant.read: GET /api/tenancy/companies/{id:guid}/logo answered 404 (expected 403)
[xUnit.net 00:00:40.35]       tenancy.tenant.read: PUT /api/tenancy/companies/{id:guid}/logo answered 400 (expected 403)
[xUnit.net 00:00:40.35]       tenancy.tenant.read: PUT /api/tenancy/tenant answered 400 (expected 403)
[xUnit.net 00:00:40.35]       tenancy.tenant.read: GET /api/tenancy/workplace answered 200 (expected 403)
[xUnit.net 00:00:40.35]       tenancy.tenant.read: PUT /api/tenancy/workplace answered 400 (expected 403)
[xUnit.net 00:00:40.35]       tenancy.tenant.update: GET /api/lists/tenancy.access/definition answered 200 (expected 403)
[xUnit.net 00:00:40.35]       tenancy.tenant.update: GET /api/lists/tenancy.access/shared-views/{id:guid} answered 404 (expected 403)
[xUnit.net 00:00:40.35]       tenancy.tenant.update: GET /api/lists/tenancy.access/views answered 200 (expected 403)
[xUnit.net 00:00:40.35]       tenancy.tenant.update: POST /api/lists/tenancy.access/views answered 400 (expected 403)
[xUnit.net 00:00:40.35]       tenancy.tenant.update: DELETE /api/lists/tenancy.access/views/{id:guid} answered 404 (expected 403)
[xUnit.net 00:00:40.35]       tenancy.tenant.update: GET /api/lists/tenancy.access/views/{id:guid} answered 404 (expected 403)
[xUnit.net 00:00:40.35]       tenancy.tenant.update: PUT /api/lists/tenancy.access/views/{id:guid} answered 400 (expected 403)
[xUnit.net 00:00:40.35]       tenancy.tenant.update: GET /api/lists/tenancy.branches/definition answered 200 (expected 403)
[xUnit.net 00:00:40.35]       tenancy.tenant.update: GET /api/lists/tenancy.branches/shared-views/{id:guid} answered 404 (expected 403)
[xUnit.net 00:00:40.35]       tenancy.tenant.update: GET /api/lists/tenancy.branches/views answered 200 (expected 403)
[xUnit.net 00:00:40.35]       tenancy.tenant.update: POST /api/lists/tenancy.branches/views answered 400 (expected 403)
[xUnit.net 00:00:40.35]       tenancy.tenant.update: DELETE /api/lists/tenancy.branches/views/{id:guid} answered 404 (expected 403)
[xUnit.net 00:00:40.35]       tenancy.tenant.update: GET /api/lists/tenancy.branches/views/{id:guid} answered 404 (expected 403)
[xUnit.net 00:00:40.35]       tenancy.tenant.update: PUT /api/lists/tenancy.branches/views/{id:guid} answered 400 (expected 403)
[xUnit.net 00:00:40.35]       tenancy.tenant.update: GET /api/lists/tenancy.companies/definition answered 200 (expected 403)
[xUnit.net 00:00:40.35]       tenancy.tenant.update: GET /api/lists/tenancy.companies/shared-views/{id:guid} answered 404 (expected 403)
[xUnit.net 00:00:40.35]       tenancy.tenant.update: GET /api/lists/tenancy.companies/views answered 200 (expected 403)
[xUnit.net 00:00:40.35]       tenancy.tenant.update: POST /api/lists/tenancy.companies/views answered 400 (expected 403)
[xUnit.net 00:00:40.35]       tenancy.tenant.update: DELETE /api/lists/tenancy.companies/views/{id:guid} answered 404 (expected 403)
[xUnit.net 00:00:40.35]       tenancy.tenant.update: GET /api/lists/tenancy.companies/views/{id:guid} answered 404 (expected 403)
[xUnit.net 00:00:40.35]       tenancy.tenant.update: PUT /api/lists/tenancy.companies/views/{id:guid} answered 400 (expected 403)
[xUnit.net 00:00:40.35]       tenancy.tenant.update: GET /api/reports/lists/tenancy.access answered 200 (expected 403)
[xUnit.net 00:00:40.35]       tenancy.tenant.update: GET /api/reports/lists/tenancy.branches answered 200 (expected 403)
[xUnit.net 00:00:40.35]       tenancy.tenant.update: GET /api/reports/lists/tenancy.companies answered 200 (expected 403)
[xUnit.net 00:00:40.35]       tenancy.tenant.update: GET /api/reports/run/tenancy.branchDirectory answered 200 (expected 403)
[xUnit.net 00:00:40.35]       tenancy.tenant.update: GET /api/reports/run/tenancy.companyProfile answered 400 (expected 403)
[xUnit.net 00:00:40.35]       tenancy.tenant.update: GET /api/tenancy/access answered 200 (expected 403)
[xUnit.net 00:00:40.35]       tenancy.tenant.update: GET /api/tenancy/access/{userId:guid} answered 404 (expected 403)
[xUnit.net 00:00:40.35]       tenancy.tenant.update: PUT /api/tenancy/access/{userId:guid} answered 400 (expected 403)
[xUnit.net 00:00:40.35]       tenancy.tenant.update: GET /api/tenancy/branches answered 200 (expected 403)
[xUnit.net 00:00:40.35]       tenancy.tenant.update: POST /api/tenancy/branches answered 400 (expected 403)
[xUnit.net 00:00:40.35]       tenancy.tenant.update: GET /api/tenancy/branches/{id:guid} answered 404 (expected 403)
[xUnit.net 00:00:40.35]       tenancy.tenant.update: PUT /api/tenancy/branches/{id:guid} answered 400 (expected 403)
[xUnit.net 00:00:40.35]       tenancy.tenant.update: GET /api/tenancy/companies answered 200 (expected 403)
[xUnit.net 00:00:40.35]       tenancy.tenant.update: POST /api/tenancy/companies answered 400 (expected 403)
[xUnit.net 00:00:40.35]       tenancy.tenant.update: GET /api/tenancy/companies/{id:guid} answered 404 (expected 403)
[xUnit.net 00:00:40.35]       tenancy.tenant.update: PUT /api/tenancy/companies/{id:guid} answered 400 (expected 403)
[xUnit.net 00:00:40.35]       tenancy.tenant.update: DELETE /api/tenancy/companies/{id:guid}/logo answered 404 (expected 403)
[xUnit.net 00:00:40.35]       tenancy.tenant.update: GET /api/tenancy/companies/{id:guid}/logo answered 404 (expected 403)
[xUnit.net 00:00:40.35]       tenancy.tenant.update: PUT /api/tenancy/companies/{id:guid}/logo answered 400 (expected 403)
[xUnit.net 00:00:40.35]       tenancy.tenant.update: GET /api/tenancy/tenant answered 200 (expected 403)
[xUnit.net 00:00:40.35]       tenancy.tenant.update: GET /api/tenancy/workplace answered 200 (expected 403)
[xUnit.net 00:00:40.35]       tenancy.tenant.update: PUT /api/tenancy/workplace answered 400 (expected 403)
[xUnit.net 00:00:40.35]       tenancy.workplace.read: GET /api/lists/tenancy.access/definition answered 200 (expected 403)
[xUnit.net 00:00:40.35]       tenancy.workplace.read: GET /api/lists/tenancy.access/shared-views/{id:guid} answered 404 (expected 403)
[xUnit.net 00:00:40.35]       tenancy.workplace.read: GET /api/lists/tenancy.access/views answered 200 (expected 403)
[xUnit.net 00:00:40.35]       tenancy.workplace.read: POST /api/lists/tenancy.access/views answered 400 (expected 403)
[xUnit.net 00:00:40.35]       tenancy.workplace.read: DELETE /api/lists/tenancy.access/views/{id:guid} answered 404 (expected 403)
[xUnit.net 00:00:40.35]       tenancy.workplace.read: GET /api/lists/tenancy.access/views/{id:guid} answered 404 (expected 403)
[xUnit.net 00:00:40.35]       tenancy.workplace.read: PUT /api/lists/tenancy.access/views/{id:guid} answered 400 (expected 403)
[xUnit.net 00:00:40.35]       tenancy.workplace.read: GET /api/lists/tenancy.branches/definition answered 200 (expected 403)
[xUnit.net 00:00:40.35]       tenancy.workplace.read: GET /api/lists/tenancy.branches/shared-views/{id:guid} answered 404 (expected 403)
[xUnit.net 00:00:40.35]       tenancy.workplace.read: GET /api/lists/tenancy.branches/views answered 200 (expected 403)
[xUnit.net 00:00:40.35]       tenancy.workplace.read: POST /api/lists/tenancy.branches/views answered 400 (expected 403)
[xUnit.net 00:00:40.35]       tenancy.workplace.read: DELETE /api/lists/tenancy.branches/views/{id:guid} answered 404 (expected 403)
[xUnit.net 00:00:40.35]       tenancy.workplace.read: GET /api/lists/tenancy.branches/views/{id:guid} answered 404 (expected 403)
[xUnit.net 00:00:40.35]       tenancy.workplace.read: PUT /api/lists/tenancy.branches/views/{id:guid} answered 400 (expected 403)
[xUnit.net 00:00:40.35]       tenancy.workplace.read: GET /api/lists/tenancy.companies/definition answered 200 (expected 403)
[xUnit.net 00:00:40.35]       tenancy.workplace.read: GET /api/lists/tenancy.companies/shared-views/{id:guid} answered 404 (expected 403)
[xUnit.net 00:00:40.35]       tenancy.workplace.read: GET /api/lists/tenancy.companies/views answered 200 (expected 403)
[xUnit.net 00:00:40.35]       tenancy.workplace.read: POST /api/lists/tenancy.companies/views answered 400 (expected 403)
[xUnit.net 00:00:40.35]       tenancy.workplace.read: DELETE /api/lists/tenancy.companies/views/{id:guid} answered 404 (expected 403)
[xUnit.net 00:00:40.35]       tenancy.workplace.read: GET /api/lists/tenancy.companies/views/{id:guid} answered 404 (expected 403)
[xUnit.net 00:00:40.35]       tenancy.workplace.read: PUT /api/lists/tenancy.companies/views/{id:guid} answered 400 (expected 403)
[xUnit.net 00:00:40.35]       tenancy.workplace.read: GET /api/reports/lists/tenancy.access answered 200 (expected 403)
[xUnit.net 00:00:40.35]       tenancy.workplace.read: GET /api/reports/lists/tenancy.branches answered 200 (expected 403)
[xUnit.net 00:00:40.35]       tenancy.workplace.read: GET /api/reports/lists/tenancy.companies answered 200 (expected 403)
[xUnit.net 00:00:40.35]       tenancy.workplace.read: GET /api/reports/run/tenancy.branchDirectory answered 200 (expected 403)
[xUnit.net 00:00:40.35]       tenancy.workplace.read: GET /api/reports/run/tenancy.companyProfile answered 400 (expected 403)
[xUnit.net 00:00:40.35]       tenancy.workplace.read: GET /api/tenancy/access answered 200 (expected 403)
[xUnit.net 00:00:40.35]       tenancy.workplace.read: GET /api/tenancy/access/{userId:guid} answered 404 (expected 403)
[xUnit.net 00:00:40.35]       tenancy.workplace.read: PUT /api/tenancy/access/{userId:guid} answered 400 (expected 403)
[xUnit.net 00:00:40.35]       tenancy.workplace.read: GET /api/tenancy/branches answered 200 (expected 403)
[xUnit.net 00:00:40.35]       tenancy.workplace.read: POST /api/tenancy/branches answered 400 (expected 403)
[xUnit.net 00:00:40.35]       tenancy.workplace.read: GET /api/tenancy/branches/{id:guid} answered 404 (expected 403)
[xUnit.net 00:00:40.35]       tenancy.workplace.read: PUT /api/tenancy/branches/{id:guid} answered 400 (expected 403)
[xUnit.net 00:00:40.35]       tenancy.workplace.read: GET /api/tenancy/companies answered 200 (expected 403)
[xUnit.net 00:00:40.35]       tenancy.workplace.read: POST /api/tenancy/companies answered 400 (expected 403)
[xUnit.net 00:00:40.35]       tenancy.workplace.read: GET /api/tenancy/companies/{id:guid} answered 404 (expected 403)
[xUnit.net 00:00:40.35]       tenancy.workplace.read: PUT /api/tenancy/companies/{id:guid} answered 400 (expected 403)
[xUnit.net 00:00:40.35]       tenancy.workplace.read: DELETE /api/tenancy/companies/{id:guid}/logo answered 404 (expected 403)
[xUnit.net 00:00:40.35]       tenancy.workplace.read: GET /api/tenancy/companies/{id:guid}/logo answered 404 (expected 403)
[xUnit.net 00:00:40.35]       tenancy.workplace.read: PUT /api/tenancy/companies/{id:guid}/logo answered 400 (expected 403)
[xUnit.net 00:00:40.35]       tenancy.workplace.read: GET /api/tenancy/tenant answered 200 (expected 403)
[xUnit.net 00:00:40.35]       tenancy.workplace.read: PUT /api/tenancy/tenant answered 400 (expected 403)
[xUnit.net 00:00:40.35]       tenancy.workplace.read: PUT /api/tenancy/workplace answered 400 (expected 403)
[xUnit.net 00:00:40.35]       tenancy.workplace.switch: GET /api/lists/tenancy.access/definition answered 200 (expected 403)
[xUnit.net 00:00:40.35]       tenancy.workplace.switch: GET /api/lists/tenancy.access/shared-views/{id:guid} answered 404 (expected 403)
[xUnit.net 00:00:40.35]       tenancy.workplace.switch: GET /api/lists/tenancy.access/views answered 200 (expected 403)
[xUnit.net 00:00:40.35]       tenancy.workplace.switch: POST /api/lists/tenancy.access/views answered 400 (expected 403)
[xUnit.net 00:00:40.35]       tenancy.workplace.switch: DELETE /api/lists/tenancy.access/views/{id:guid} answered 404 (expected 403)
[xUnit.net 00:00:40.35]       tenancy.workplace.switch: GET /api/lists/tenancy.access/views/{id:guid} answered 404 (expected 403)
[xUnit.net 00:00:40.35]       tenancy.workplace.switch: PUT /api/lists/tenancy.access/views/{id:guid} answered 400 (expected 403)
[xUnit.net 00:00:40.35]       tenancy.workplace.switch: GET /api/lists/tenancy.branches/definition answered 200 (expected 403)
[xUnit.net 00:00:40.35]       tenancy.workplace.switch: GET /api/lists/tenancy.branches/shared-views/{id:guid} answered 404 (expected 403)
[xUnit.net 00:00:40.35]       tenancy.workplace.switch: GET /api/lists/tenancy.branches/views answered 200 (expected 403)
[xUnit.net 00:00:40.35]       tenancy.workplace.switch: POST /api/lists/tenancy.branches/views answered 400 (expected 403)
[xUnit.net 00:00:40.35]       tenancy.workplace.switch: DELETE /api/lists/tenancy.branches/views/{id:guid} answered 404 (expected 403)
[xUnit.net 00:00:40.35]       tenancy.workplace.switch: GET /api/lists/tenancy.branches/views/{id:guid} answered 404 (expected 403)
[xUnit.net 00:00:40.35]       tenancy.workplace.switch: PUT /api/lists/tenancy.branches/views/{id:guid} answered 400 (expected 403)
[xUnit.net 00:00:40.35]       tenancy.workplace.switch: GET /api/lists/tenancy.companies/definition answered 200 (expected 403)
[xUnit.net 00:00:40.35]       tenancy.workplace.switch: GET /api/lists/tenancy.companies/shared-views/{id:guid} answered 404 (expected 403)
[xUnit.net 00:00:40.35]       tenancy.workplace.switch: GET /api/lists/tenancy.companies/views answered 200 (expected 403)
[xUnit.net 00:00:40.35]       tenancy.workplace.switch: POST /api/lists/tenancy.companies/views answered 400 (expected 403)
[xUnit.net 00:00:40.35]       tenancy.workplace.switch: DELETE /api/lists/tenancy.companies/views/{id:guid} answered 404 (expected 403)
[xUnit.net 00:00:40.35]       tenancy.workplace.switch: GET /api/lists/tenancy.companies/views/{id:guid} answered 404 (expected 403)
[xUnit.net 00:00:40.35]       tenancy.workplace.switch: PUT /api/lists/tenancy.companies/views/{id:guid} answered 400 (expected 403)
[xUnit.net 00:00:40.35]       tenancy.workplace.switch: GET /api/reports/lists/tenancy.access answered 200 (expected 403)
[xUnit.net 00:00:40.35]       tenancy.workplace.switch: GET /api/reports/lists/tenancy.branches answered 200 (expected 403)
[xUnit.net 00:00:40.35]       tenancy.workplace.switch: GET /api/reports/lists/tenancy.companies answered 200 (expected 403)
[xUnit.net 00:00:40.35]       tenancy.workplace.switch: GET /api/reports/run/tenancy.branchDirectory answered 200 (expected 403)
[xUnit.net 00:00:40.35]       tenancy.workplace.switch: GET /api/reports/run/tenancy.companyProfile answered 400 (expected 403)
[xUnit.net 00:00:40.35]       tenancy.workplace.switch: GET /api/tenancy/access answered 200 (expected 403)
[xUnit.net 00:00:40.35]       tenancy.workplace.switch: GET /api/tenancy/access/{userId:guid} answered 404 (expected 403)
[xUnit.net 00:00:40.35]       tenancy.workplace.switch: PUT /api/tenancy/access/{userId:guid} answered 400 (expected 403)
[xUnit.net 00:00:40.35]       tenancy.workplace.switch: GET /api/tenancy/branches answered 200 (expected 403)
[xUnit.net 00:00:40.35]       tenancy.workplace.switch: POST /api/tenancy/branches answered 400 (expected 403)
[xUnit.net 00:00:40.35]       tenancy.workplace.switch: GET /api/tenancy/branches/{id:guid} answered 404 (expected 403)
[xUnit.net 00:00:40.35]       tenancy.workplace.switch: PUT /api/tenancy/branches/{id:guid} answered 400 (expected 403)
[xUnit.net 00:00:40.35]       tenancy.workplace.switch: GET /api/tenancy/companies answered 200 (expected 403)
[xUnit.net 00:00:40.35]       tenancy.workplace.switch: POST /api/tenancy/companies answered 400 (expected 403)
[xUnit.net 00:00:40.35]       tenancy.workplace.switch: GET /api/tenancy/companies/{id:guid} answered 404 (expected 403)
[xUnit.net 00:00:40.35]       tenancy.workplace.switch: PUT /api/tenancy/companies/{id:guid} answered 400 (expected 403)
[xUnit.net 00:00:40.35]       tenancy.workplace.switch: DELETE /api/tenancy/companies/{id:guid}/logo answered 404 (expected 403)
[xUnit.net 00:00:40.35]       tenancy.workplace.switch: GET /api/tenancy/companies/{id:guid}/logo answered 404 (expected 403)
[xUnit.net 00:00:40.35]       tenancy.workplace.switch: PUT /api/tenancy/companies/{id:guid}/logo answered 400 (expected 403)
[xUnit.net 00:00:40.35]       tenancy.workplace.switch: GET /api/tenancy/tenant answered 200 (expected 403)
[xUnit.net 00:00:40.35]       tenancy.workplace.switch: PUT /api/tenancy/tenant answered 400 (expected 403)
[xUnit.net 00:00:40.35]       tenancy.workplace.switch: GET /api/tenancy/workplace answered 200 (expected 403)
[xUnit.net 00:00:40.35]       Stack Trace:
[xUnit.net 00:00:40.35]         /work/tests/Erp.Gates.Tests/G2/G2PermissionTests.cs(385,0): at Erp.Gates.Tests.G2.G2PermissionTests.Granting_exactly_one_permission_opens_exactly_the_endpoints_that_declare_it()
[xUnit.net 00:00:40.35]         --- End of stack trace from previous location ---
  Failed Erp.Gates.Tests.G2.G2PermissionTests.Granting_exactly_one_permission_opens_exactly_the_endpoints_that_declare_it [14 s]
  Error Message:
   identity.profile.update: GET /api/identity/permissions answered 200 (expected 403)
identity.profile.update: GET /api/identity/roles answered 200 (expected 403)
identity.profile.update: POST /api/identity/roles answered 400 (expected 403)
identity.profile.update: DELETE /api/identity/roles/{id:guid} answered 404 (expected 403)
identity.profile.update: GET /api/identity/roles/{id:guid} answered 404 (expected 403)
identity.profile.update: PUT /api/identity/roles/{id:guid} answered 400 (expected 403)
identity.profile.update: POST /api/identity/roles/{id:guid}/copy answered 400 (expected 403)
identity.profile.update: GET /api/identity/users answered 200 (expected 403)
identity.profile.update: POST /api/identity/users answered 400 (expected 403)
identity.profile.update: POST /api/identity/users/matching/active answered 400 (expected 403)
identity.profile.update: DELETE /api/identity/users/{id:guid} answered 404 (expected 403)
identity.profile.update: GET /api/identity/users/{id:guid} answered 404 (expected 403)
identity.profile.update: PUT /api/identity/users/{id:guid} answered 400 (expected 403)
identity.profile.update: GET /api/identity/users/{id:guid}/access answered 404 (expected 403)
identity.profile.update: POST /api/identity/users/{id:guid}/password answered 404 (expected 403)
identity.profile.update: POST /api/identity/users/{id:guid}/sessions/revoke answered 404 (expected 403)
identity.profile.update: GET /api/identity/users/{id:guid}/sign-ins answered 404 (expected 403)
identity.profile.update: POST /api/identity/users/{id:guid}/unblock answered 404 (expected 403)
identity.profile.update: GET /api/lists/identity.roles/definition answered 200 (expected 403)
identity.profile.update: GET /api/lists/identity.roles/shared-views/{id:guid} answered 404 (expected 403)
identity.profile.update: GET /api/lists/identity.roles/views answered 200 (expected 403)
identity.profile.update: POST /api/lists/identity.roles/views answered 400 (expected 403)
identity.profile.update: DELETE /api/lists/identity.roles/views/{id:guid} answered 404 (expected 403)
identity.profile.update: GET /api/lists/identity.roles/views/{id:guid} answered 404 (expected 403)
identity.profile.update: PUT /api/lists/identity.roles/views/{id:guid} answered 400 (expected 403)
identity.profile.update: GET /api/lists/identity.users/definition answered 200 (expected 403)
identity.profile.update: GET /api/lists/identity.users/shared-views/{id:guid} answered 404 (expected 403)
identity.profile.update: GET /api/lists/identity.users/views answered 200 (expected 403)
identity.profile.update: POST /api/lists/identity.users/views answered 400 (expected 403)
identity.profile.update: DELETE /api/lists/identity.users/views/{id:guid} answered 404 (expected 403)
identity.profile.update: GET /api/lists/identity.users/views/{id:guid} answered 404 (expected 403)
identity.profile.update: PUT /api/lists/identity.users/views/{id:guid} answered 400 (expected 403)
identity.profile.update: GET /api/reports/lists/identity.roles answered 200 (expected 403)
identity.profile.update: GET /api/reports/lists/identity.users answered 200 (expected 403)
identity.profile.update: GET /api/reports/run/identity.roleSummary answered 200 (expected 403)
identity.profile.update: GET /api/reports/run/identity.usersByRole answered 200 (expected 403)
identity.roles.create: PUT /api/identity/me/preferences answered 400 (expected 403)
identity.roles.create: GET /api/identity/permissions answered 200 (expected 403)
identity.roles.create: GET /api/identity/roles answered 200 (expected 403)
identity.roles.create: DELETE /api/identity/roles/{id:guid} answered 404 (expected 403)
identity.roles.create: GET /api/identity/roles/{id:guid} answered 404 (expected 403)
identity.roles.create: PUT /api/identity/roles/{id:guid} answered 400 (expected 403)
identity.roles.create: GET /api/identity/users answered 200 (expected 403)
identity.roles.create: POST /api/identity/users answered 400 (expected 403)
identity.roles.create: POST /api/identity/users/matching/active answered 400 (expected 403)
identity.roles.create: DELETE /api/identity/users/{id:guid} answered 404 (expected 403)
identity.roles.create: GET /api/identity/users/{id:guid} answered 404 (expected 403)
identity.roles.create: PUT /api/identity/users/{id:guid} answered 400 (expected 403)
identity.roles.create: GET /api/identity/users/{id:guid}/access answered 404 (expected 403)
identity.roles.create: POST /api/identity/users/{id:guid}/password answered 404 (expected 403)
identity.roles.create: POST /api/identity/users/{id:guid}/sessions/revoke answered 404 (expected 403)
identity.roles.create: GET /api/identity/users/{id:guid}/sign-ins answered 404 (expected 403)
identity.roles.create: POST /api/identity/users/{id:guid}/unblock answered 404 (expected 403)
identity.roles.create: GET /api/lists/identity.roles/definition answered 200 (expected 403)
identity.roles.create: GET /api/lists/identity.roles/shared-views/{id:guid} answered 404 (expected 403)
identity.roles.create: GET /api/lists/identity.roles/views answered 200 (expected 403)
identity.roles.create: POST /api/lists/identity.roles/views answered 400 (expected 403)
identity.roles.create: DELETE /api/lists/identity.roles/views/{id:guid} answered 404 (expected 403)
identity.roles.create: GET /api/lists/identity.roles/views/{id:guid} answered 404 (expected 403)
identity.roles.create: PUT /api/lists/identity.roles/views/{id:guid} answered 400 (expected 403)
identity.roles.create: GET /api/lists/identity.users/definition answered 200 (expected 403)
identity.roles.create: GET /api/lists/identity.users/shared-views/{id:guid} answered 404 (expected 403)
identity.roles.create: GET /api/lists/identity.users/views answered 200 (expected 403)
identity.roles.create: POST /api/lists/identity.users/views answered 400 (expected 403)
identity.roles.create: DELETE /api/lists/identity.users/views/{id:guid} answered 404 (expected 403)
identity.roles.create: GET /api/lists/identity.users/views/{id:guid} answered 404 (expected 403)
identity.roles.create: PUT /api/lists/identity.users/views/{id:guid} answered 400 (expected 403)
identity.roles.create: GET /api/reports/lists/identity.roles answered 200 (expected 403)
identity.roles.create: GET /api/reports/lists/identity.users answered 200 (expected 403)
identity.roles.create: GET /api/reports/run/identity.roleSummary answered 200 (expected 403)
identity.roles.create: GET /api/reports/run/identity.usersByRole answered 200 (expected 403)
identity.roles.delete: PUT /api/identity/me/preferences answered 400 (expected 403)
identity.roles.delete: GET /api/identity/permissions answered 200 (expected 403)
identity.roles.delete: GET /api/identity/roles answered 200 (expected 403)
identity.roles.delete: POST /api/identity/roles answered 400 (expected 403)
identity.roles.delete: GET /api/identity/roles/{id:guid} answered 404 (expected 403)
identity.roles.delete: PUT /api/identity/roles/{id:guid} answered 400 (expected 403)
identity.roles.delete: POST /api/identity/roles/{id:guid}/copy answered 400 (expected 403)
identity.roles.delete: GET /api/identity/users answered 200 (expected 403)
identity.roles.delete: POST /api/identity/users answered 400 (expected 403)
identity.roles.delete: POST /api/identity/users/matching/active answered 400 (expected 403)
identity.roles.delete: DELETE /api/identity/users/{id:guid} answered 404 (expected 403)
identity.roles.delete: GET /api/identity/users/{id:guid} answered 404 (expected 403)
identity.roles.delete: PUT /api/identity/users/{id:guid} answered 400 (expected 403)
identity.roles.delete: GET /api/identity/users/{id:guid}/access answered 404 (expected 403)
identity.roles.delete: POST /api/identity/users/{id:guid}/password answered 404 (expected 403)
identity.roles.delete: POST /api/identity/users/{id:guid}/sessions/revoke answered 404 (expected 403)
identity.roles.delete: GET /api/identity/users/{id:guid}/sign-ins answered 404 (expected 403)
identity.roles.delete: POST /api/identity/users/{id:guid}/unblock answered 404 (expected 403)
identity.roles.delete: GET /api/lists/identity.roles/definition answered 200 (expected 403)
identity.roles.delete: GET /api/lists/identity.roles/shared-views/{id:guid} answered 404 (expected 403)
identity.roles.delete: GET /api/lists/identity.roles/views answered 200 (expected 403)
identity.roles.delete: POST /api/lists/identity.roles/views answered 400 (expected 403)
identity.roles.delete: DELETE /api/lists/identity.roles/views/{id:guid} answered 404 (expected 403)
identity.roles.delete: GET /api/lists/identity.roles/views/{id:guid} answered 404 (expected 403)
identity.roles.delete: PUT /api/lists/identity.roles/views/{id:guid} answered 400 (expected 403)
identity.roles.delete: GET /api/lists/identity.users/definition answered 200 (expected 403)
identity.roles.delete: GET /api/lists/identity.users/shared-views/{id:guid} answered 404 (expected 403)
identity.roles.delete: GET /api/lists/identity.users/views answered 200 (expected 403)
identity.roles.delete: POST /api/lists/identity.users/views answered 400 (expected 403)
identity.roles.delete: DELETE /api/lists/identity.users/views/{id:guid} answered 404 (expected 403)
identity.roles.delete: GET /api/lists/identity.users/views/{id:guid} answered 404 (expected 403)
identity.roles.delete: PUT /api/lists/identity.users/views/{id:guid} answered 400 (expected 403)
identity.roles.delete: GET /api/reports/lists/identity.roles answered 200 (expected 403)
identity.roles.delete: GET /api/reports/lists/identity.users answered 200 (expected 403)
identity.roles.delete: GET /api/reports/run/identity.roleSummary answered 200 (expected 403)
identity.roles.delete: GET /api/reports/run/identity.usersByRole answered 200 (expected 403)
identity.roles.read: PUT /api/identity/me/preferences answered 400 (expected 403)
identity.roles.read: POST /api/identity/roles answered 400 (expected 403)
identity.roles.read: DELETE /api/identity/roles/{id:guid} answered 404 (expected 403)
identity.roles.read: PUT /api/identity/roles/{id:guid} answered 400 (expected 403)
identity.roles.read: POST /api/identity/roles/{id:guid}/copy answered 400 (expected 403)
identity.roles.read: GET /api/identity/users answered 200 (expected 403)
identity.roles.read: POST /api/identity/users answered 400 (expected 403)
identity.roles.read: POST /api/identity/users/matching/active answered 400 (expected 403)
identity.roles.read: DELETE /api/identity/users/{id:guid} answered 404 (expected 403)
identity.roles.read: GET /api/identity/users/{id:guid} answered 404 (expected 403)
identity.roles.read: PUT /api/identity/users/{id:guid} answered 400 (expected 403)
identity.roles.read: GET /api/identity/users/{id:guid}/access answered 404 (expected 403)
identity.roles.read: POST /api/identity/users/{id:guid}/password answered 404 (expected 403)
identity.roles.read: POST /api/identity/users/{id:guid}/sessions/revoke answered 404 (expected 403)
identity.roles.read: GET /api/identity/users/{id:guid}/sign-ins answered 404 (expected 403)
identity.roles.read: POST /api/identity/users/{id:guid}/unblock answered 404 (expected 403)
identity.roles.read: GET /api/lists/identity.users/definition answered 200 (expected 403)
identity.roles.read: GET /api/lists/identity.users/shared-views/{id:guid} answered 404 (expected 403)
identity.roles.read: GET /api/lists/identity.users/views answered 200 (expected 403)
identity.roles.read: POST /api/lists/identity.users/views answered 400 (expected 403)
identity.roles.read: DELETE /api/lists/identity.users/views/{id:guid} answered 404 (expected 403)
identity.roles.read: GET /api/lists/identity.users/views/{id:guid} answered 404 (expected 403)
identity.roles.read: PUT /api/lists/identity.users/views/{id:guid} answered 400 (expected 403)
identity.roles.read: GET /api/reports/lists/identity.users answered 200 (expected 403)
identity.roles.read: GET /api/reports/run/identity.usersByRole answered 200 (expected 403)
identity.roles.update: PUT /api/identity/me/preferences answered 400 (expected 403)
identity.roles.update: GET /api/identity/permissions answered 200 (expected 403)
identity.roles.update: GET /api/identity/roles answered 200 (expected 403)
identity.roles.update: POST /api/identity/roles answered 400 (expected 403)
identity.roles.update: DELETE /api/identity/roles/{id:guid} answered 404 (expected 403)
identity.roles.update: GET /api/identity/roles/{id:guid} answered 404 (expected 403)
identity.roles.update: POST /api/identity/roles/{id:guid}/copy answered 400 (expected 403)
identity.roles.update: GET /api/identity/users answered 200 (expected 403)
identity.roles.update: POST /api/identity/users answered 400 (expected 403)
identity.roles.update: POST /api/identity/users/matching/active answered 400 (expected 403)
identity.roles.update: DELETE /api/identity/users/{id:guid} answered 404 (expected 403)
identity.roles.update: GET /api/identity/users/{id:guid} answered 404 (expected 403)
identity.roles.update: PUT /api/identity/users/{id:guid} answered 400 (expected 403)
identity.roles.update: GET /api/identity/users/{id:guid}/access answered 404 (expected 403)
identity.roles.update: POST /api/identity/users/{id:guid}/password answered 404 (expected 403)
identity.roles.update: POST /api/identity/users/{id:guid}/sessions/revoke answered 404 (expected 403)
identity.roles.update: GET /api/identity/users/{id:guid}/sign-ins answered 404 (expected 403)
identity.roles.update: POST /api/identity/users/{id:guid}/unblock answered 404 (expected 403)
identity.roles.update: GET /api/lists/identity.roles/definition answered 200 (expected 403)
identity.roles.update: GET /api/lists/identity.roles/shared-views/{id:guid} answered 404 (expected 403)
identity.roles.update: GET /api/lists/identity.roles/views answered 200 (expected 403)
identity.roles.update: POST /api/lists/identity.roles/views answered 400 (expected 403)
identity.roles.update: DELETE /api/lists/identity.roles/views/{id:guid} answered 404 (expected 403)
identity.roles.update: GET /api/lists/identity.roles/views/{id:guid} answered 404 (expected 403)
identity.roles.update: PUT /api/lists/identity.roles/views/{id:guid} answered 400 (expected 403)
identity.roles.update: GET /api/lists/identity.users/definition answered 200 (expected 403)
identity.roles.update: GET /api/lists/identity.users/shared-views/{id:guid} answered 404 (expected 403)
identity.roles.update: GET /api/lists/identity.users/views answered 200 (expected 403)
identity.roles.update: POST /api/lists/identity.users/views answered 400 (expected 403)
identity.roles.update: DELETE /api/lists/identity.users/views/{id:guid} answered 404 (expected 403)
identity.roles.update: GET /api/lists/identity.users/views/{id:guid} answered 404 (expected 403)
identity.roles.update: PUT /api/lists/identity.users/views/{id:guid} answered 400 (expected 403)
identity.roles.update: GET /api/reports/lists/identity.roles answered 200 (expected 403)
identity.roles.update: GET /api/reports/lists/identity.users answered 200 (expected 403)
identity.roles.update: GET /api/reports/run/identity.roleSummary answered 200 (expected 403)
identity.roles.update: GET /api/reports/run/identity.usersByRole answered 200 (expected 403)
identity.signIns.read: PUT /api/identity/me/preferences answered 400 (expected 403)
identity.signIns.read: GET /api/identity/permissions answered 200 (expected 403)
identity.signIns.read: GET /api/identity/roles answered 200 (expected 403)
identity.signIns.read: POST /api/identity/roles answered 400 (expected 403)
identity.signIns.read: DELETE /api/identity/roles/{id:guid} answered 404 (expected 403)
identity.signIns.read: GET /api/identity/roles/{id:guid} answered 404 (expected 403)
identity.signIns.read: PUT /api/identity/roles/{id:guid} answered 400 (expected 403)
identity.signIns.read: POST /api/identity/roles/{id:guid}/copy answered 400 (expected 403)
identity.signIns.read: GET /api/identity/users answered 200 (expected 403)
identity.signIns.read: POST /api/identity/users answered 400 (expected 403)
identity.signIns.read: POST /api/identity/users/matching/active answered 400 (expected 403)
identity.signIns.read: DELETE /api/identity/users/{id:guid} answered 404 (expected 403)
identity.signIns.read: GET /api/identity/users/{id:guid} answered 404 (expected 403)
identity.signIns.read: PUT /api/identity/users/{id:guid} answered 400 (expected 403)
identity.signIns.read: GET /api/identity/users/{id:guid}/access answered 404 (expected 403)
identity.signIns.read: POST /api/identity/users/{id:guid}/password answered 404 (expected 403)
identity.signIns.read: POST /api/identity/users/{id:guid}/sessions/revoke answered 404 (expected 403)
identity.signIns.read: POST /api/identity/users/{id:guid}/unblock answered 404 (expected 403)
identity.signIns.read: GET /api/lists/identity.roles/definition answered 200 (expected 403)
identity.signIns.read: GET /api/lists/identity.roles/shared-views/{id:guid} answered 404 (expected 403)
identity.signIns.read: GET /api/lists/identity.roles/views answered 200 (expected 403)
identity.signIns.read: POST /api/lists/identity.roles/views answered 400 (expected 403)
identity.signIns.read: DELETE /api/lists/identity.roles/views/{id:guid} answered 404 (expected 403)
identity.signIns.read: GET /api/lists/identity.roles/views/{id:guid} answered 404 (expected 403)
identity.signIns.read: PUT /api/lists/identity.roles/views/{id:guid} answered 400 (expected 403)
identity.signIns.read: GET /api/lists/identity.users/definition answered 200 (expected 403)
identity.signIns.read: GET /api/lists/identity.users/shared-views/{id:guid} answered 404 (expected 403)
identity.signIns.read: GET /api/lists/identity.users/views answered 200 (expected 403)
identity.signIns.read: POST /api/lists/identity.users/views answered 400 (expected 403)
identity.signIns.read: DELETE /api/lists/identity.users/views/{id:guid} answered 404 (expected 403)
identity.signIns.read: GET /api/lists/identity.users/views/{id:guid} answered 404 (expected 403)
identity.signIns.read: PUT /api/lists/identity.users/views/{id:guid} answered 400 (expected 403)
identity.signIns.read: GET /api/reports/lists/identity.roles answered 200 (expected 403)
identity.signIns.read: GET /api/reports/lists/identity.users answered 200 (expected 403)
identity.signIns.read: GET /api/reports/run/identity.roleSummary answered 200 (expected 403)
identity.signIns.read: GET /api/reports/run/identity.usersByRole answered 200 (expected 403)
identity.users.create: PUT /api/identity/me/preferences answered 400 (expected 403)
identity.users.create: GET /api/identity/permissions answered 200 (expected 403)
identity.users.create: GET /api/identity/roles answered 200 (expected 403)
identity.users.create: POST /api/identity/roles answered 400 (expected 403)
identity.users.create: DELETE /api/identity/roles/{id:guid} answered 404 (expected 403)
identity.users.create: GET /api/identity/roles/{id:guid} answered 404 (expected 403)
identity.users.create: PUT /api/identity/roles/{id:guid} answered 400 (expected 403)
identity.users.create: POST /api/identity/roles/{id:guid}/copy answered 400 (expected 403)
identity.users.create: GET /api/identity/users answered 200 (expected 403)
identity.users.create: POST /api/identity/users/matching/active answered 400 (expected 403)
identity.users.create: DELETE /api/identity/users/{id:guid} answered 404 (expected 403)
identity.users.create: GET /api/identity/users/{id:guid} answered 404 (expected 403)
identity.users.create: PUT /api/identity/users/{id:guid} answered 400 (expected 403)
identity.users.create: GET /api/identity/users/{id:guid}/access answered 404 (expected 403)
identity.users.create: POST /api/identity/users/{id:guid}/password answered 404 (expected 403)
identity.users.create: POST /api/identity/users/{id:guid}/sessions/revoke answered 404 (expected 403)
identity.users.create: GET /api/identity/users/{id:guid}/sign-ins answered 404 (expected 403)
identity.users.create: POST /api/identity/users/{id:guid}/unblock answered 404 (expected 403)
identity.users.create: GET /api/lists/identity.roles/definition answered 200 (expected 403)
identity.users.create: GET /api/lists/identity.roles/shared-views/{id:guid} answered 404 (expected 403)
identity.users.create: GET /api/lists/identity.roles/views answered 200 (expected 403)
identity.users.create: POST /api/lists/identity.roles/views answered 400 (expected 403)
identity.users.create: DELETE /api/lists/identity.roles/views/{id:guid} answered 404 (expected 403)
identity.users.create: GET /api/lists/identity.roles/views/{id:guid} answered 404 (expected 403)
identity.users.create: PUT /api/lists/identity.roles/views/{id:guid} answered 400 (expected 403)
identity.users.create: GET /api/lists/identity.users/definition answered 200 (expected 403)
identity.users.create: GET /api/lists/identity.users/shared-views/{id:guid} answered 404 (expected 403)
identity.users.create: GET /api/lists/identity.users/views answered 200 (expected 403)
identity.users.create: POST /api/lists/identity.users/views answered 400 (expected 403)
identity.users.create: DELETE /api/lists/identity.users/views/{id:guid} answered 404 (expected 403)
identity.users.create: GET /api/lists/identity.users/views/{id:guid} answered 404 (expected 403)
identity.users.create: PUT /api/lists/identity.users/views/{id:guid} answered 400 (expected 403)
identity.users.create: GET /api/reports/lists/identity.roles answered 200 (expected 403)
identity.users.create: GET /api/reports/lists/identity.users answered 200 (expected 403)
identity.users.create: GET /api/reports/run/identity.roleSummary answered 200 (expected 403)
identity.users.create: GET /api/reports/run/identity.usersByRole answered 200 (expected 403)
identity.users.delete: PUT /api/identity/me/preferences answered 400 (expected 403)
identity.users.delete: GET /api/identity/permissions answered 200 (expected 403)
identity.users.delete: GET /api/identity/roles answered 200 (expected 403)
identity.users.delete: POST /api/identity/roles answered 400 (expected 403)
identity.users.delete: DELETE /api/identity/roles/{id:guid} answered 404 (expected 403)
identity.users.delete: GET /api/identity/roles/{id:guid} answered 404 (expected 403)
identity.users.delete: PUT /api/identity/roles/{id:guid} answered 400 (expected 403)
identity.users.delete: POST /api/identity/roles/{id:guid}/copy answered 400 (expected 403)
identity.users.delete: GET /api/identity/users answered 200 (expected 403)
identity.users.delete: POST /api/identity/users answered 400 (expected 403)
identity.users.delete: POST /api/identity/users/matching/active answered 400 (expected 403)
identity.users.delete: GET /api/identity/users/{id:guid} answered 404 (expected 403)
identity.users.delete: PUT /api/identity/users/{id:guid} answered 400 (expected 403)
identity.users.delete: GET /api/identity/users/{id:guid}/access answered 404 (expected 403)
identity.users.delete: POST /api/identity/users/{id:guid}/password answered 404 (expected 403)
identity.users.delete: POST /api/identity/users/{id:guid}/sessions/revoke answered 404 (expected 403)
identity.users.delete: GET /api/identity/users/{id:guid}/sign-ins answered 404 (expected 403)
identity.users.delete: POST /api/identity/users/{id:guid}/unblock answered 404 (expected 403)
identity.users.delete: GET /api/lists/identity.roles/definition answered 200 (expected 403)
identity.users.delete: GET /api/lists/identity.roles/shared-views/{id:guid} answered 404 (expected 403)
identity.users.delete: GET /api/lists/identity.roles/views answered 200 (expected 403)
identity.users.delete: POST /api/lists/identity.roles/views answered 400 (expected 403)
identity.users.delete: DELETE /api/lists/identity.roles/views/{id:guid} answered 404 (expected 403)
identity.users.delete: GET /api/lists/identity.roles/views/{id:guid} answered 404 (expected 403)
identity.users.delete: PUT /api/lists/identity.roles/views/{id:guid} answered 400 (expected 403)
identity.users.delete: GET /api/lists/identity.users/definition answered 200 (expected 403)
identity.users.delete: GET /api/lists/identity.users/shared-views/{id:guid} answered 404 (expected 403)
identity.users.delete: GET /api/lists/identity.users/views answered 200 (expected 403)
identity.users.delete: POST /api/lists/identity.users/views answered 400 (expected 403)
identity.users.delete: DELETE /api/lists/identity.users/views/{id:guid} answered 404 (expected 403)
identity.users.delete: GET /api/lists/identity.users/views/{id:guid} answered 404 (expected 403)
identity.users.delete: PUT /api/lists/identity.users/views/{id:guid} answered 400 (expected 403)
identity.users.delete: GET /api/reports/lists/identity.roles answered 200 (expected 403)
identity.users.delete: GET /api/reports/lists/identity.users answered 200 (expected 403)
identity.users.delete: GET /api/reports/run/identity.roleSummary answered 200 (expected 403)
identity.users.delete: GET /api/reports/run/identity.usersByRole answered 200 (expected 403)
identity.users.read: PUT /api/identity/me/preferences answered 400 (expected 403)
identity.users.read: GET /api/identity/permissions answered 200 (expected 403)
identity.users.read: GET /api/identity/roles answered 200 (expected 403)
identity.users.read: POST /api/identity/roles answered 400 (expected 403)
identity.users.read: DELETE /api/identity/roles/{id:guid} answered 404 (expected 403)
identity.users.read: GET /api/identity/roles/{id:guid} answered 404 (expected 403)
identity.users.read: PUT /api/identity/roles/{id:guid} answered 400 (expected 403)
identity.users.read: POST /api/identity/roles/{id:guid}/copy answered 400 (expected 403)
identity.users.read: POST /api/identity/users answered 400 (expected 403)
identity.users.read: POST /api/identity/users/matching/active answered 400 (expected 403)
identity.users.read: DELETE /api/identity/users/{id:guid} answered 404 (expected 403)
identity.users.read: PUT /api/identity/users/{id:guid} answered 400 (expected 403)
identity.users.read: POST /api/identity/users/{id:guid}/password answered 404 (expected 403)
identity.users.read: POST /api/identity/users/{id:guid}/sessions/revoke answered 404 (expected 403)
identity.users.read: GET /api/identity/users/{id:guid}/sign-ins answered 404 (expected 403)
identity.users.read: POST /api/identity/users/{id:guid}/unblock answered 404 (expected 403)
identity.users.read: GET /api/lists/identity.roles/definition answered 200 (expected 403)
identity.users.read: GET /api/lists/identity.roles/shared-views/{id:guid} answered 404 (expected 403)
identity.users.read: GET /api/lists/identity.roles/views answered 200 (expected 403)
identity.users.read: POST /api/lists/identity.roles/views answered 400 (expected 403)
identity.users.read: DELETE /api/lists/identity.roles/views/{id:guid} answered 404 (expected 403)
identity.users.read: GET /api/lists/identity.roles/views/{id:guid} answered 404 (expected 403)
identity.users.read: PUT /api/lists/identity.roles/views/{id:guid} answered 400 (expected 403)
identity.users.read: GET /api/reports/lists/identity.roles answered 200 (expected 403)
identity.users.read: GET /api/reports/run/identity.roleSummary answered 200 (expected 403)
identity.users.resetPassword: PUT /api/identity/me/preferences answered 400 (expected 403)
identity.users.resetPassword: GET /api/identity/permissions answered 200 (expected 403)
identity.users.resetPassword: GET /api/identity/roles answered 200 (expected 403)
identity.users.resetPassword: POST /api/identity/roles answered 400 (expected 403)
identity.users.resetPassword: DELETE /api/identity/roles/{id:guid} answered 404 (expected 403)
identity.users.resetPassword: GET /api/identity/roles/{id:guid} answered 404 (expected 403)
identity.users.resetPassword: PUT /api/identity/roles/{id:guid} answered 400 (expected 403)
identity.users.resetPassword: POST /api/identity/roles/{id:guid}/copy answered 400 (expected 403)
identity.users.resetPassword: GET /api/identity/users answered 200 (expected 403)
identity.users.resetPassword: POST /api/identity/users answered 400 (expected 403)
identity.users.resetPassword: POST /api/identity/users/matching/active answered 400 (expected 403)
identity.users.resetPassword: DELETE /api/identity/users/{id:guid} answered 404 (expected 403)
identity.users.resetPassword: GET /api/identity/users/{id:guid} answered 404 (expected 403)
identity.users.resetPassword: PUT /api/identity/users/{id:guid} answered 400 (expected 403)
identity.users.resetPassword: GET /api/identity/users/{id:guid}/access answered 404 (expected 403)
identity.users.resetPassword: POST /api/identity/users/{id:guid}/sessions/revoke answered 404 (expected 403)
identity.users.resetPassword: GET /api/identity/users/{id:guid}/sign-ins answered 404 (expected 403)
identity.users.resetPassword: POST /api/identity/users/{id:guid}/unblock answered 404 (expected 403)
identity.users.resetPassword: GET /api/lists/identity.roles/definition answered 200 (expected 403)
identity.users.resetPassword: GET /api/lists/identity.roles/shared-views/{id:guid} answered 404 (expected 403)
identity.users.resetPassword: GET /api/lists/identity.roles/views answered 200 (expected 403)
identity.users.resetPassword: POST /api/lists/identity.roles/views answered 400 (expected 403)
identity.users.resetPassword: DELETE /api/lists/identity.roles/views/{id:guid} answered 404 (expected 403)
identity.users.resetPassword: GET /api/lists/identity.roles/views/{id:guid} answered 404 (expected 403)
identity.users.resetPassword: PUT /api/lists/identity.roles/views/{id:guid} answered 400 (expected 403)
identity.users.resetPassword: GET /api/lists/identity.users/definition answered 200 (expected 403)
identity.users.resetPassword: GET /api/lists/identity.users/shared-views/{id:guid} answered 404 (expected 403)
identity.users.resetPassword: GET /api/lists/identity.users/views answered 200 (expected 403)
identity.users.resetPassword: POST /api/lists/identity.users/views answered 400 (expected 403)
identity.users.resetPassword: DELETE /api/lists/identity.users/views/{id:guid} answered 404 (expected 403)
identity.users.resetPassword: GET /api/lists/identity.users/views/{id:guid} answered 404 (expected 403)
identity.users.resetPassword: PUT /api/lists/identity.users/views/{id:guid} answered 400 (expected 403)
identity.users.resetPassword: GET /api/reports/lists/identity.roles answered 200 (expected 403)
identity.users.resetPassword: GET /api/reports/lists/identity.users answered 200 (expected 403)
identity.users.resetPassword: GET /api/reports/run/identity.roleSummary answered 200 (expected 403)
identity.users.resetPassword: GET /api/reports/run/identity.usersByRole answered 200 (expected 403)
identity.users.update: PUT /api/identity/me/preferences answered 400 (expected 403)
identity.users.update: GET /api/identity/permissions answered 200 (expected 403)
identity.users.update: GET /api/identity/roles answered 200 (expected 403)
identity.users.update: POST /api/identity/roles answered 400 (expected 403)
identity.users.update: DELETE /api/identity/roles/{id:guid} answered 404 (expected 403)
identity.users.update: GET /api/identity/roles/{id:guid} answered 404 (expected 403)
identity.users.update: PUT /api/identity/roles/{id:guid} answered 400 (expected 403)
identity.users.update: POST /api/identity/roles/{id:guid}/copy answered 400 (expected 403)
identity.users.update: GET /api/identity/users answered 200 (expected 403)
identity.users.update: POST /api/identity/users answered 400 (expected 403)
identity.users.update: DELETE /api/identity/users/{id:guid} answered 404 (expected 403)
identity.users.update: GET /api/identity/users/{id:guid} answered 404 (expected 403)
identity.users.update: GET /api/identity/users/{id:guid}/access answered 404 (expected 403)
identity.users.update: POST /api/identity/users/{id:guid}/password answered 404 (expected 403)
identity.users.update: GET /api/identity/users/{id:guid}/sign-ins answered 404 (expected 403)
identity.users.update: GET /api/lists/identity.roles/definition answered 200 (expected 403)
identity.users.update: GET /api/lists/identity.roles/shared-views/{id:guid} answered 404 (expected 403)
identity.users.update: GET /api/lists/identity.roles/views answered 200 (expected 403)
identity.users.update: POST /api/lists/identity.roles/views answered 400 (expected 403)
identity.users.update: DELETE /api/lists/identity.roles/views/{id:guid} answered 404 (expected 403)
identity.users.update: GET /api/lists/identity.roles/views/{id:guid} answered 404 (expected 403)
identity.users.update: PUT /api/lists/identity.roles/views/{id:guid} answered 400 (expected 403)
identity.users.update: GET /api/lists/identity.users/definition answered 200 (expected 403)
identity.users.update: GET /api/lists/identity.users/shared-views/{id:guid} answered 404 (expected 403)
identity.users.update: GET /api/lists/identity.users/views answered 200 (expected 403)
identity.users.update: POST /api/lists/identity.users/views answered 400 (expected 403)
identity.users.update: DELETE /api/lists/identity.users/views/{id:guid} answered 404 (expected 403)
identity.users.update: GET /api/lists/identity.users/views/{id:guid} answered 404 (expected 403)
identity.users.update: PUT /api/lists/identity.users/views/{id:guid} answered 400 (expected 403)
identity.users.update: GET /api/reports/lists/identity.roles answered 200 (expected 403)
identity.users.update: GET /api/reports/lists/identity.users answered 200 (expected 403)
identity.users.update: GET /api/reports/run/identity.roleSummary answered 200 (expected 403)
identity.users.update: GET /api/reports/run/identity.usersByRole answered 200 (expected 403)
tenancy.access.read: GET /api/lists/tenancy.branches/definition answered 200 (expected 403)
tenancy.access.read: GET /api/lists/tenancy.branches/shared-views/{id:guid} answered 404 (expected 403)
tenancy.access.read: GET /api/lists/tenancy.branches/views answered 200 (expected 403)
tenancy.access.read: POST /api/lists/tenancy.branches/views answered 400 (expected 403)
tenancy.access.read: DELETE /api/lists/tenancy.branches/views/{id:guid} answered 404 (expected 403)
tenancy.access.read: GET /api/lists/tenancy.branches/views/{id:guid} answered 404 (expected 403)
tenancy.access.read: PUT /api/lists/tenancy.branches/views/{id:guid} answered 400 (expected 403)
tenancy.access.read: GET /api/lists/tenancy.companies/definition answered 200 (expected 403)
tenancy.access.read: GET /api/lists/tenancy.companies/shared-views/{id:guid} answered 404 (expected 403)
tenancy.access.read: GET /api/lists/tenancy.companies/views answered 200 (expected 403)
tenancy.access.read: POST /api/lists/tenancy.companies/views answered 400 (expected 403)
tenancy.access.read: DELETE /api/lists/tenancy.companies/views/{id:guid} answered 404 (expected 403)
tenancy.access.read: GET /api/lists/tenancy.companies/views/{id:guid} answered 404 (expected 403)
tenancy.access.read: PUT /api/lists/tenancy.companies/views/{id:guid} answered 400 (expected 403)
tenancy.access.read: GET /api/reports/lists/tenancy.branches answered 200 (expected 403)
tenancy.access.read: GET /api/reports/lists/tenancy.companies answered 200 (expected 403)
tenancy.access.read: GET /api/reports/run/tenancy.branchDirectory answered 200 (expected 403)
tenancy.access.read: GET /api/reports/run/tenancy.companyProfile answered 400 (expected 403)
tenancy.access.read: PUT /api/tenancy/access/{userId:guid} answered 400 (expected 403)
tenancy.access.read: GET /api/tenancy/branches answered 200 (expected 403)
tenancy.access.read: POST /api/tenancy/branches answered 400 (expected 403)
tenancy.access.read: GET /api/tenancy/branches/{id:guid} answered 404 (expected 403)
tenancy.access.read: PUT /api/tenancy/branches/{id:guid} answered 400 (expected 403)
tenancy.access.read: GET /api/tenancy/companies answered 200 (expected 403)
tenancy.access.read: POST /api/tenancy/companies answered 400 (expected 403)
tenancy.access.read: GET /api/tenancy/companies/{id:guid} answered 404 (expected 403)
tenancy.access.read: PUT /api/tenancy/companies/{id:guid} answered 400 (expected 403)
tenancy.access.read: DELETE /api/tenancy/companies/{id:guid}/logo answered 404 (expected 403)
tenancy.access.read: GET /api/tenancy/companies/{id:guid}/logo answered 404 (expected 403)
tenancy.access.read: PUT /api/tenancy/companies/{id:guid}/logo answered 400 (expected 403)
tenancy.access.read: GET /api/tenancy/tenant answered 200 (expected 403)
tenancy.access.read: PUT /api/tenancy/tenant answered 400 (expected 403)
tenancy.access.read: GET /api/tenancy/workplace answered 200 (expected 403)
tenancy.access.read: PUT /api/tenancy/workplace answered 400 (expected 403)
tenancy.access.update: GET /api/lists/tenancy.access/definition answered 200 (expected 403)
tenancy.access.update: GET /api/lists/tenancy.access/shared-views/{id:guid} answered 404 (expected 403)
tenancy.access.update: GET /api/lists/tenancy.access/views answered 200 (expected 403)
tenancy.access.update: POST /api/lists/tenancy.access/views answered 400 (expected 403)
tenancy.access.update: DELETE /api/lists/tenancy.access/views/{id:guid} answered 404 (expected 403)
tenancy.access.update: GET /api/lists/tenancy.access/views/{id:guid} answered 404 (expected 403)
tenancy.access.update: PUT /api/lists/tenancy.access/views/{id:guid} answered 400 (expected 403)
tenancy.access.update: GET /api/lists/tenancy.branches/definition answered 200 (expected 403)
tenancy.access.update: GET /api/lists/tenancy.branches/shared-views/{id:guid} answered 404 (expected 403)
tenancy.access.update: GET /api/lists/tenancy.branches/views answered 200 (expected 403)
tenancy.access.update: POST /api/lists/tenancy.branches/views answered 400 (expected 403)
tenancy.access.update: DELETE /api/lists/tenancy.branches/views/{id:guid} answered 404 (expected 403)
tenancy.access.update: GET /api/lists/tenancy.branches/views/{id:guid} answered 404 (expected 403)
tenancy.access.update: PUT /api/lists/tenancy.branches/views/{id:guid} answered 400 (expected 403)
tenancy.access.update: GET /api/lists/tenancy.companies/definition answered 200 (expected 403)
tenancy.access.update: GET /api/lists/tenancy.companies/shared-views/{id:guid} answered 404 (expected 403)
tenancy.access.update: GET /api/lists/tenancy.companies/views answered 200 (expected 403)
tenancy.access.update: POST /api/lists/tenancy.companies/views answered 400 (expected 403)
tenancy.access.update: DELETE /api/lists/tenancy.companies/views/{id:guid} answered 404 (expected 403)
tenancy.access.update: GET /api/lists/tenancy.companies/views/{id:guid} answered 404 (expected 403)
tenancy.access.update: PUT /api/lists/tenancy.companies/views/{id:guid} answered 400 (expected 403)
tenancy.access.update: GET /api/reports/lists/tenancy.access answered 200 (expected 403)
tenancy.access.update: GET /api/reports/lists/tenancy.branches answered 200 (expected 403)
tenancy.access.update: GET /api/reports/lists/tenancy.companies answered 200 (expected 403)
tenancy.access.update: GET /api/reports/run/tenancy.branchDirectory answered 200 (expected 403)
tenancy.access.update: GET /api/reports/run/tenancy.companyProfile answered 400 (expected 403)
tenancy.access.update: GET /api/tenancy/access answered 200 (expected 403)
tenancy.access.update: GET /api/tenancy/access/{userId:guid} answered 404 (expected 403)
tenancy.access.update: GET /api/tenancy/branches answered 200 (expected 403)
tenancy.access.update: POST /api/tenancy/branches answered 400 (expected 403)
tenancy.access.update: GET /api/tenancy/branches/{id:guid} answered 404 (expected 403)
tenancy.access.update: PUT /api/tenancy/branches/{id:guid} answered 400 (expected 403)
tenancy.access.update: GET /api/tenancy/companies answered 200 (expected 403)
tenancy.access.update: POST /api/tenancy/companies answered 400 (expected 403)
tenancy.access.update: GET /api/tenancy/companies/{id:guid} answered 404 (expected 403)
tenancy.access.update: PUT /api/tenancy/companies/{id:guid} answered 400 (expected 403)
tenancy.access.update: DELETE /api/tenancy/companies/{id:guid}/logo answered 404 (expected 403)
tenancy.access.update: GET /api/tenancy/companies/{id:guid}/logo answered 404 (expected 403)
tenancy.access.update: PUT /api/tenancy/companies/{id:guid}/logo answered 400 (expected 403)
tenancy.access.update: GET /api/tenancy/tenant answered 200 (expected 403)
tenancy.access.update: PUT /api/tenancy/tenant answered 400 (expected 403)
tenancy.access.update: GET /api/tenancy/workplace answered 200 (expected 403)
tenancy.access.update: PUT /api/tenancy/workplace answered 400 (expected 403)
tenancy.branches.create: GET /api/lists/tenancy.access/definition answered 200 (expected 403)
tenancy.branches.create: GET /api/lists/tenancy.access/shared-views/{id:guid} answered 404 (expected 403)
tenancy.branches.create: GET /api/lists/tenancy.access/views answered 200 (expected 403)
tenancy.branches.create: POST /api/lists/tenancy.access/views answered 400 (expected 403)
tenancy.branches.create: DELETE /api/lists/tenancy.access/views/{id:guid} answered 404 (expected 403)
tenancy.branches.create: GET /api/lists/tenancy.access/views/{id:guid} answered 404 (expected 403)
tenancy.branches.create: PUT /api/lists/tenancy.access/views/{id:guid} answered 400 (expected 403)
tenancy.branches.create: GET /api/lists/tenancy.branches/definition answered 200 (expected 403)
tenancy.branches.create: GET /api/lists/tenancy.branches/shared-views/{id:guid} answered 404 (expected 403)
tenancy.branches.create: GET /api/lists/tenancy.branches/views answered 200 (expected 403)
tenancy.branches.create: POST /api/lists/tenancy.branches/views answered 400 (expected 403)
tenancy.branches.create: DELETE /api/lists/tenancy.branches/views/{id:guid} answered 404 (expected 403)
tenancy.branches.create: GET /api/lists/tenancy.branches/views/{id:guid} answered 404 (expected 403)
tenancy.branches.create: PUT /api/lists/tenancy.branches/views/{id:guid} answered 400 (expected 403)
tenancy.branches.create: GET /api/lists/tenancy.companies/definition answered 200 (expected 403)
tenancy.branches.create: GET /api/lists/tenancy.companies/shared-views/{id:guid} answered 404 (expected 403)
tenancy.branches.create: GET /api/lists/tenancy.companies/views answered 200 (expected 403)
tenancy.branches.create: POST /api/lists/tenancy.companies/views answered 400 (expected 403)
tenancy.branches.create: DELETE /api/lists/tenancy.companies/views/{id:guid} answered 404 (expected 403)
tenancy.branches.create: GET /api/lists/tenancy.companies/views/{id:guid} answered 404 (expected 403)
tenancy.branches.create: PUT /api/lists/tenancy.companies/views/{id:guid} answered 400 (expected 403)
tenancy.branches.create: GET /api/reports/lists/tenancy.access answered 200 (expected 403)
tenancy.branches.create: GET /api/reports/lists/tenancy.branches answered 200 (expected 403)
tenancy.branches.create: GET /api/reports/lists/tenancy.companies answered 200 (expected 403)
tenancy.branches.create: GET /api/reports/run/tenancy.branchDirectory answered 200 (expected 403)
tenancy.branches.create: GET /api/reports/run/tenancy.companyProfile answered 400 (expected 403)
tenancy.branches.create: GET /api/tenancy/access answered 200 (expected 403)
tenancy.branches.create: GET /api/tenancy/access/{userId:guid} answered 404 (expected 403)
tenancy.branches.create: PUT /api/tenancy/access/{userId:guid} answered 400 (expected 403)
tenancy.branches.create: GET /api/tenancy/branches answered 200 (expected 403)
tenancy.branches.create: GET /api/tenancy/branches/{id:guid} answered 404 (expected 403)
tenancy.branches.create: PUT /api/tenancy/branches/{id:guid} answered 400 (expected 403)
tenancy.branches.create: GET /api/tenancy/companies answered 200 (expected 403)
tenancy.branches.create: POST /api/tenancy/companies answered 400 (expected 403)
tenancy.branches.create: GET /api/tenancy/companies/{id:guid} answered 404 (expected 403)
tenancy.branches.create: PUT /api/tenancy/companies/{id:guid} answered 400 (expected 403)
tenancy.branches.create: DELETE /api/tenancy/companies/{id:guid}/logo answered 404 (expected 403)
tenancy.branches.create: GET /api/tenancy/companies/{id:guid}/logo answered 404 (expected 403)
tenancy.branches.create: PUT /api/tenancy/companies/{id:guid}/logo answered 400 (expected 403)
tenancy.branches.create: GET /api/tenancy/tenant answered 200 (expected 403)
tenancy.branches.create: PUT /api/tenancy/tenant answered 400 (expected 403)
tenancy.branches.create: GET /api/tenancy/workplace answered 200 (expected 403)
tenancy.branches.create: PUT /api/tenancy/workplace answered 400 (expected 403)
tenancy.branches.read: GET /api/lists/tenancy.access/definition answered 200 (expected 403)
tenancy.branches.read: GET /api/lists/tenancy.access/shared-views/{id:guid} answered 404 (expected 403)
tenancy.branches.read: GET /api/lists/tenancy.access/views answered 200 (expected 403)
tenancy.branches.read: POST /api/lists/tenancy.access/views answered 400 (expected 403)
tenancy.branches.read: DELETE /api/lists/tenancy.access/views/{id:guid} answered 404 (expected 403)
tenancy.branches.read: GET /api/lists/tenancy.access/views/{id:guid} answered 404 (expected 403)
tenancy.branches.read: PUT /api/lists/tenancy.access/views/{id:guid} answered 400 (expected 403)
tenancy.branches.read: GET /api/lists/tenancy.companies/definition answered 200 (expected 403)
tenancy.branches.read: GET /api/lists/tenancy.companies/shared-views/{id:guid} answered 404 (expected 403)
tenancy.branches.read: GET /api/lists/tenancy.companies/views answered 200 (expected 403)
tenancy.branches.read: POST /api/lists/tenancy.companies/views answered 400 (expected 403)
tenancy.branches.read: DELETE /api/lists/tenancy.companies/views/{id:guid} answered 404 (expected 403)
tenancy.branches.read: GET /api/lists/tenancy.companies/views/{id:guid} answered 404 (expected 403)
tenancy.branches.read: PUT /api/lists/tenancy.companies/views/{id:guid} answered 400 (expected 403)
tenancy.branches.read: GET /api/reports/lists/tenancy.access answered 200 (expected 403)
tenancy.branches.read: GET /api/reports/lists/tenancy.companies answered 200 (expected 403)
tenancy.branches.read: GET /api/reports/run/tenancy.companyProfile answered 400 (expected 403)
tenancy.branches.read: GET /api/tenancy/access answered 200 (expected 403)
tenancy.branches.read: GET /api/tenancy/access/{userId:guid} answered 404 (expected 403)
tenancy.branches.read: PUT /api/tenancy/access/{userId:guid} answered 400 (expected 403)
tenancy.branches.read: POST /api/tenancy/branches answered 400 (expected 403)
tenancy.branches.read: PUT /api/tenancy/branches/{id:guid} answered 400 (expected 403)
tenancy.branches.read: GET /api/tenancy/companies answered 200 (expected 403)
tenancy.branches.read: POST /api/tenancy/companies answered 400 (expected 403)
tenancy.branches.read: GET /api/tenancy/companies/{id:guid} answered 404 (expected 403)
tenancy.branches.read: PUT /api/tenancy/companies/{id:guid} answered 400 (expected 403)
tenancy.branches.read: DELETE /api/tenancy/companies/{id:guid}/logo answered 404 (expected 403)
tenancy.branches.read: GET /api/tenancy/companies/{id:guid}/logo answered 404 (expected 403)
tenancy.branches.read: PUT /api/tenancy/companies/{id:guid}/logo answered 400 (expected 403)
tenancy.branches.read: GET /api/tenancy/tenant answered 200 (expected 403)
tenancy.branches.read: PUT /api/tenancy/tenant answered 400 (expected 403)
tenancy.branches.read: GET /api/tenancy/workplace answered 200 (expected 403)
tenancy.branches.read: PUT /api/tenancy/workplace answered 400 (expected 403)
tenancy.branches.update: GET /api/lists/tenancy.access/definition answered 200 (expected 403)
tenancy.branches.update: GET /api/lists/tenancy.access/shared-views/{id:guid} answered 404 (expected 403)
tenancy.branches.update: GET /api/lists/tenancy.access/views answered 200 (expected 403)
tenancy.branches.update: POST /api/lists/tenancy.access/views answered 400 (expected 403)
tenancy.branches.update: DELETE /api/lists/tenancy.access/views/{id:guid} answered 404 (expected 403)
tenancy.branches.update: GET /api/lists/tenancy.access/views/{id:guid} answered 404 (expected 403)
tenancy.branches.update: PUT /api/lists/tenancy.access/views/{id:guid} answered 400 (expected 403)
tenancy.branches.update: GET /api/lists/tenancy.branches/definition answered 200 (expected 403)
tenancy.branches.update: GET /api/lists/tenancy.branches/shared-views/{id:guid} answered 404 (expected 403)
tenancy.branches.update: GET /api/lists/tenancy.branches/views answered 200 (expected 403)
tenancy.branches.update: POST /api/lists/tenancy.branches/views answered 400 (expected 403)
tenancy.branches.update: DELETE /api/lists/tenancy.branches/views/{id:guid} answered 404 (expected 403)
tenancy.branches.update: GET /api/lists/tenancy.branches/views/{id:guid} answered 404 (expected 403)
tenancy.branches.update: PUT /api/lists/tenancy.branches/views/{id:guid} answered 400 (expected 403)
tenancy.branches.update: GET /api/lists/tenancy.companies/definition answered 200 (expected 403)
tenancy.branches.update: GET /api/lists/tenancy.companies/shared-views/{id:guid} answered 404 (expected 403)
tenancy.branches.update: GET /api/lists/tenancy.companies/views answered 200 (expected 403)
tenancy.branches.update: POST /api/lists/tenancy.companies/views answered 400 (expected 403)
tenancy.branches.update: DELETE /api/lists/tenancy.companies/views/{id:guid} answered 404 (expected 403)
tenancy.branches.update: GET /api/lists/tenancy.companies/views/{id:guid} answered 404 (expected 403)
tenancy.branches.update: PUT /api/lists/tenancy.companies/views/{id:guid} answered 400 (expected 403)
tenancy.branches.update: GET /api/reports/lists/tenancy.access answered 200 (expected 403)
tenancy.branches.update: GET /api/reports/lists/tenancy.branches answered 200 (expected 403)
tenancy.branches.update: GET /api/reports/lists/tenancy.companies answered 200 (expected 403)
tenancy.branches.update: GET /api/reports/run/tenancy.branchDirectory answered 200 (expected 403)
tenancy.branches.update: GET /api/reports/run/tenancy.companyProfile answered 400 (expected 403)
tenancy.branches.update: GET /api/tenancy/access answered 200 (expected 403)
tenancy.branches.update: GET /api/tenancy/access/{userId:guid} answered 404 (expected 403)
tenancy.branches.update: PUT /api/tenancy/access/{userId:guid} answered 400 (expected 403)
tenancy.branches.update: GET /api/tenancy/branches answered 200 (expected 403)
tenancy.branches.update: POST /api/tenancy/branches answered 400 (expected 403)
tenancy.branches.update: GET /api/tenancy/branches/{id:guid} answered 404 (expected 403)
tenancy.branches.update: GET /api/tenancy/companies answered 200 (expected 403)
tenancy.branches.update: POST /api/tenancy/companies answered 400 (expected 403)
tenancy.branches.update: GET /api/tenancy/companies/{id:guid} answered 404 (expected 403)
tenancy.branches.update: PUT /api/tenancy/companies/{id:guid} answered 400 (expected 403)
tenancy.branches.update: DELETE /api/tenancy/companies/{id:guid}/logo answered 404 (expected 403)
tenancy.branches.update: GET /api/tenancy/companies/{id:guid}/logo answered 404 (expected 403)
tenancy.branches.update: PUT /api/tenancy/companies/{id:guid}/logo answered 400 (expected 403)
tenancy.branches.update: GET /api/tenancy/tenant answered 200 (expected 403)
tenancy.branches.update: PUT /api/tenancy/tenant answered 400 (expected 403)
tenancy.branches.update: GET /api/tenancy/workplace answered 200 (expected 403)
tenancy.branches.update: PUT /api/tenancy/workplace answered 400 (expected 403)
tenancy.companies.create: GET /api/lists/tenancy.access/definition answered 200 (expected 403)
tenancy.companies.create: GET /api/lists/tenancy.access/shared-views/{id:guid} answered 404 (expected 403)
tenancy.companies.create: GET /api/lists/tenancy.access/views answered 200 (expected 403)
tenancy.companies.create: POST /api/lists/tenancy.access/views answered 400 (expected 403)
tenancy.companies.create: DELETE /api/lists/tenancy.access/views/{id:guid} answered 404 (expected 403)
tenancy.companies.create: GET /api/lists/tenancy.access/views/{id:guid} answered 404 (expected 403)
tenancy.companies.create: PUT /api/lists/tenancy.access/views/{id:guid} answered 400 (expected 403)
tenancy.companies.create: GET /api/lists/tenancy.branches/definition answered 200 (expected 403)
tenancy.companies.create: GET /api/lists/tenancy.branches/shared-views/{id:guid} answered 404 (expected 403)
tenancy.companies.create: GET /api/lists/tenancy.branches/views answered 200 (expected 403)
tenancy.companies.create: POST /api/lists/tenancy.branches/views answered 400 (expected 403)
tenancy.companies.create: DELETE /api/lists/tenancy.branches/views/{id:guid} answered 404 (expected 403)
tenancy.companies.create: GET /api/lists/tenancy.branches/views/{id:guid} answered 404 (expected 403)
tenancy.companies.create: PUT /api/lists/tenancy.branches/views/{id:guid} answered 400 (expected 403)
tenancy.companies.create: GET /api/lists/tenancy.companies/definition answered 200 (expected 403)
tenancy.companies.create: GET /api/lists/tenancy.companies/shared-views/{id:guid} answered 404 (expected 403)
tenancy.companies.create: GET /api/lists/tenancy.companies/views answered 200 (expected 403)
tenancy.companies.create: POST /api/lists/tenancy.companies/views answered 400 (expected 403)
tenancy.companies.create: DELETE /api/lists/tenancy.companies/views/{id:guid} answered 404 (expected 403)
tenancy.companies.create: GET /api/lists/tenancy.companies/views/{id:guid} answered 404 (expected 403)
tenancy.companies.create: PUT /api/lists/tenancy.companies/views/{id:guid} answered 400 (expected 403)
tenancy.companies.create: GET /api/reports/lists/tenancy.access answered 200 (expected 403)
tenancy.companies.create: GET /api/reports/lists/tenancy.branches answered 200 (expected 403)
tenancy.companies.create: GET /api/reports/lists/tenancy.companies answered 200 (expected 403)
tenancy.companies.create: GET /api/reports/run/tenancy.branchDirectory answered 200 (expected 403)
tenancy.companies.create: GET /api/reports/run/tenancy.companyProfile answered 400 (expected 403)
tenancy.companies.create: GET /api/tenancy/access answered 200 (expected 403)
tenancy.companies.create: GET /api/tenancy/access/{userId:guid} answered 404 (expected 403)
tenancy.companies.create: PUT /api/tenancy/access/{userId:guid} answered 400 (expected 403)
tenancy.companies.create: GET /api/tenancy/branches answered 200 (expected 403)
tenancy.companies.create: POST /api/tenancy/branches answered 400 (expected 403)
tenancy.companies.create: GET /api/tenancy/branches/{id:guid} answered 404 (expected 403)
tenancy.companies.create: PUT /api/tenancy/branches/{id:guid} answered 400 (expected 403)
tenancy.companies.create: GET /api/tenancy/companies answered 200 (expected 403)
tenancy.companies.create: GET /api/tenancy/companies/{id:guid} answered 404 (expected 403)
tenancy.companies.create: PUT /api/tenancy/companies/{id:guid} answered 400 (expected 403)
tenancy.companies.create: DELETE /api/tenancy/companies/{id:guid}/logo answered 404 (expected 403)
tenancy.companies.create: GET /api/tenancy/companies/{id:guid}/logo answered 404 (expected 403)
tenancy.companies.create: PUT /api/tenancy/companies/{id:guid}/logo answered 400 (expected 403)
tenancy.companies.create: GET /api/tenancy/tenant answered 200 (expected 403)
tenancy.companies.create: PUT /api/tenancy/tenant answered 400 (expected 403)
tenancy.companies.create: GET /api/tenancy/workplace answered 200 (expected 403)
tenancy.companies.create: PUT /api/tenancy/workplace answered 400 (expected 403)
tenancy.companies.read: GET /api/lists/tenancy.access/definition answered 200 (expected 403)
tenancy.companies.read: GET /api/lists/tenancy.access/shared-views/{id:guid} answered 404 (expected 403)
tenancy.companies.read: GET /api/lists/tenancy.access/views answered 200 (expected 403)
tenancy.companies.read: POST /api/lists/tenancy.access/views answered 400 (expected 403)
tenancy.companies.read: DELETE /api/lists/tenancy.access/views/{id:guid} answered 404 (expected 403)
tenancy.companies.read: GET /api/lists/tenancy.access/views/{id:guid} answered 404 (expected 403)
tenancy.companies.read: PUT /api/lists/tenancy.access/views/{id:guid} answered 400 (expected 403)
tenancy.companies.read: GET /api/lists/tenancy.branches/definition answered 200 (expected 403)
tenancy.companies.read: GET /api/lists/tenancy.branches/shared-views/{id:guid} answered 404 (expected 403)
tenancy.companies.read: GET /api/lists/tenancy.branches/views answered 200 (expected 403)
tenancy.companies.read: POST /api/lists/tenancy.branches/views answered 400 (expected 403)
tenancy.companies.read: DELETE /api/lists/tenancy.branches/views/{id:guid} answered 404 (expected 403)
tenancy.companies.read: GET /api/lists/tenancy.branches/views/{id:guid} answered 404 (expected 403)
tenancy.companies.read: PUT /api/lists/tenancy.branches/views/{id:guid} answered 400 (expected 403)
tenancy.companies.read: GET /api/reports/lists/tenancy.access answered 200 (expected 403)
tenancy.companies.read: GET /api/reports/lists/tenancy.branches answered 200 (expected 403)
tenancy.companies.read: GET /api/reports/run/tenancy.branchDirectory answered 200 (expected 403)
tenancy.companies.read: GET /api/tenancy/access answered 200 (expected 403)
tenancy.companies.read: GET /api/tenancy/access/{userId:guid} answered 404 (expected 403)
tenancy.companies.read: PUT /api/tenancy/access/{userId:guid} answered 400 (expected 403)
tenancy.companies.read: GET /api/tenancy/branches answered 200 (expected 403)
tenancy.companies.read: POST /api/tenancy/branches answered 400 (expected 403)
tenancy.companies.read: GET /api/tenancy/branches/{id:guid} answered 404 (expected 403)
tenancy.companies.read: PUT /api/tenancy/branches/{id:guid} answered 400 (expected 403)
tenancy.companies.read: POST /api/tenancy/companies answered 400 (expected 403)
tenancy.companies.read: PUT /api/tenancy/companies/{id:guid} answered 400 (expected 403)
tenancy.companies.read: DELETE /api/tenancy/companies/{id:guid}/logo answered 404 (expected 403)
tenancy.companies.read: PUT /api/tenancy/companies/{id:guid}/logo answered 400 (expected 403)
tenancy.companies.read: GET /api/tenancy/tenant answered 200 (expected 403)
tenancy.companies.read: PUT /api/tenancy/tenant answered 400 (expected 403)
tenancy.companies.read: GET /api/tenancy/workplace answered 200 (expected 403)
tenancy.companies.read: PUT /api/tenancy/workplace answered 400 (expected 403)
tenancy.companies.update: GET /api/lists/tenancy.access/definition answered 200 (expected 403)
tenancy.companies.update: GET /api/lists/tenancy.access/shared-views/{id:guid} answered 404 (expected 403)
tenancy.companies.update: GET /api/lists/tenancy.access/views answered 200 (expected 403)
tenancy.companies.update: POST /api/lists/tenancy.access/views answered 400 (expected 403)
tenancy.companies.update: DELETE /api/lists/tenancy.access/views/{id:guid} answered 404 (expected 403)
tenancy.companies.update: GET /api/lists/tenancy.access/views/{id:guid} answered 404 (expected 403)
tenancy.companies.update: PUT /api/lists/tenancy.access/views/{id:guid} answered 400 (expected 403)
tenancy.companies.update: GET /api/lists/tenancy.branches/definition answered 200 (expected 403)
tenancy.companies.update: GET /api/lists/tenancy.branches/shared-views/{id:guid} answered 404 (expected 403)
tenancy.companies.update: GET /api/lists/tenancy.branches/views answered 200 (expected 403)
tenancy.companies.update: POST /api/lists/tenancy.branches/views answered 400 (expected 403)
tenancy.companies.update: DELETE /api/lists/tenancy.branches/views/{id:guid} answered 404 (expected 403)
tenancy.companies.update: GET /api/lists/tenancy.branches/views/{id:guid} answered 404 (expected 403)
tenancy.companies.update: PUT /api/lists/tenancy.branches/views/{id:guid} answered 400 (expected 403)
tenancy.companies.update: GET /api/lists/tenancy.companies/definition answered 200 (expected 403)
tenancy.companies.update: GET /api/lists/tenancy.companies/shared-views/{id:guid} answered 404 (expected 403)
tenancy.companies.update: GET /api/lists/tenancy.companies/views answered 200 (expected 403)
tenancy.companies.update: POST /api/lists/tenancy.companies/views answered 400 (expected 403)
tenancy.companies.update: DELETE /api/lists/tenancy.companies/views/{id:guid} answered 404 (expected 403)
tenancy.companies.update: GET /api/lists/tenancy.companies/views/{id:guid} answered 404 (expected 403)
tenancy.companies.update: PUT /api/lists/tenancy.companies/views/{id:guid} answered 400 (expected 403)
tenancy.companies.update: GET /api/reports/lists/tenancy.access answered 200 (expected 403)
tenancy.companies.update: GET /api/reports/lists/tenancy.branches answered 200 (expected 403)
tenancy.companies.update: GET /api/reports/lists/tenancy.companies answered 200 (expected 403)
tenancy.companies.update: GET /api/reports/run/tenancy.branchDirectory answered 200 (expected 403)
tenancy.companies.update: GET /api/reports/run/tenancy.companyProfile answered 400 (expected 403)
tenancy.companies.update: GET /api/tenancy/access answered 200 (expected 403)
tenancy.companies.update: GET /api/tenancy/access/{userId:guid} answered 404 (expected 403)
tenancy.companies.update: PUT /api/tenancy/access/{userId:guid} answered 400 (expected 403)
tenancy.companies.update: GET /api/tenancy/branches answered 200 (expected 403)
tenancy.companies.update: POST /api/tenancy/branches answered 400 (expected 403)
tenancy.companies.update: GET /api/tenancy/branches/{id:guid} answered 404 (expected 403)
tenancy.companies.update: PUT /api/tenancy/branches/{id:guid} answered 400 (expected 403)
tenancy.companies.update: GET /api/tenancy/companies answered 200 (expected 403)
tenancy.companies.update: POST /api/tenancy/companies answered 400 (expected 403)
tenancy.companies.update: GET /api/tenancy/companies/{id:guid} answered 404 (expected 403)
tenancy.companies.update: GET /api/tenancy/companies/{id:guid}/logo answered 404 (expected 403)
tenancy.companies.update: GET /api/tenancy/tenant answered 200 (expected 403)
tenancy.companies.update: PUT /api/tenancy/tenant answered 400 (expected 403)
tenancy.companies.update: GET /api/tenancy/workplace answered 200 (expected 403)
tenancy.companies.update: PUT /api/tenancy/workplace answered 400 (expected 403)
tenancy.tenant.read: GET /api/lists/tenancy.access/definition answered 200 (expected 403)
tenancy.tenant.read: GET /api/lists/tenancy.access/shared-views/{id:guid} answered 404 (expected 403)
tenancy.tenant.read: GET /api/lists/tenancy.access/views answered 200 (expected 403)
tenancy.tenant.read: POST /api/lists/tenancy.access/views answered 400 (expected 403)
tenancy.tenant.read: DELETE /api/lists/tenancy.access/views/{id:guid} answered 404 (expected 403)
tenancy.tenant.read: GET /api/lists/tenancy.access/views/{id:guid} answered 404 (expected 403)
tenancy.tenant.read: PUT /api/lists/tenancy.access/views/{id:guid} answered 400 (expected 403)
tenancy.tenant.read: GET /api/lists/tenancy.branches/definition answered 200 (expected 403)
tenancy.tenant.read: GET /api/lists/tenancy.branches/shared-views/{id:guid} answered 404 (expected 403)
tenancy.tenant.read: GET /api/lists/tenancy.branches/views answered 200 (expected 403)
tenancy.tenant.read: POST /api/lists/tenancy.branches/views answered 400 (expected 403)
tenancy.tenant.read: DELETE /api/lists/tenancy.branches/views/{id:guid} answered 404 (expected 403)
tenancy.tenant.read: GET /api/lists/tenancy.branches/views/{id:guid} answered 404 (expected 403)
tenancy.tenant.read: PUT /api/lists/tenancy.branches/views/{id:guid} answered 400 (expected 403)
tenancy.tenant.read: GET /api/lists/tenancy.companies/definition answered 200 (expected 403)
tenancy.tenant.read: GET /api/lists/tenancy.companies/shared-views/{id:guid} answered 404 (expected 403)
tenancy.tenant.read: GET /api/lists/tenancy.companies/views answered 200 (expected 403)
tenancy.tenant.read: POST /api/lists/tenancy.companies/views answered 400 (expected 403)
tenancy.tenant.read: DELETE /api/lists/tenancy.companies/views/{id:guid} answered 404 (expected 403)
tenancy.tenant.read: GET /api/lists/tenancy.companies/views/{id:guid} answered 404 (expected 403)
tenancy.tenant.read: PUT /api/lists/tenancy.companies/views/{id:guid} answered 400 (expected 403)
tenancy.tenant.read: GET /api/reports/lists/tenancy.access answered 200 (expected 403)
tenancy.tenant.read: GET /api/reports/lists/tenancy.branches answered 200 (expected 403)
tenancy.tenant.read: GET /api/reports/lists/tenancy.companies answered 200 (expected 403)
tenancy.tenant.read: GET /api/reports/run/tenancy.branchDirectory answered 200 (expected 403)
tenancy.tenant.read: GET /api/reports/run/tenancy.companyProfile answered 400 (expected 403)
tenancy.tenant.read: GET /api/tenancy/access answered 200 (expected 403)
tenancy.tenant.read: GET /api/tenancy/access/{userId:guid} answered 404 (expected 403)
tenancy.tenant.read: PUT /api/tenancy/access/{userId:guid} answered 400 (expected 403)
tenancy.tenant.read: GET /api/tenancy/branches answered 200 (expected 403)
tenancy.tenant.read: POST /api/tenancy/branches answered 400 (expected 403)
tenancy.tenant.read: GET /api/tenancy/branches/{id:guid} answered 404 (expected 403)
tenancy.tenant.read: PUT /api/tenancy/branches/{id:guid} answered 400 (expected 403)
tenancy.tenant.read: GET /api/tenancy/companies answered 200 (expected 403)
tenancy.tenant.read: POST /api/tenancy/companies answered 400 (expected 403)
tenancy.tenant.read: GET /api/tenancy/companies/{id:guid} answered 404 (expected 403)
tenancy.tenant.read: PUT /api/tenancy/companies/{id:guid} answered 400 (expected 403)
tenancy.tenant.read: DELETE /api/tenancy/companies/{id:guid}/logo answered 404 (expected 403)
tenancy.tenant.read: GET /api/tenancy/companies/{id:guid}/logo answered 404 (expected 403)
tenancy.tenant.read: PUT /api/tenancy/companies/{id:guid}/logo answered 400 (expected 403)
tenancy.tenant.read: PUT /api/tenancy/tenant answered 400 (expected 403)
tenancy.tenant.read: GET /api/tenancy/workplace answered 200 (expected 403)
tenancy.tenant.read: PUT /api/tenancy/workplace answered 400 (expected 403)
tenancy.tenant.update: GET /api/lists/tenancy.access/definition answered 200 (expected 403)
tenancy.tenant.update: GET /api/lists/tenancy.access/shared-views/{id:guid} answered 404 (expected 403)
tenancy.tenant.update: GET /api/lists/tenancy.access/views answered 200 (expected 403)
tenancy.tenant.update: POST /api/lists/tenancy.access/views answered 400 (expected 403)
tenancy.tenant.update: DELETE /api/lists/tenancy.access/views/{id:guid} answered 404 (expected 403)
tenancy.tenant.update: GET /api/lists/tenancy.access/views/{id:guid} answered 404 (expected 403)
tenancy.tenant.update: PUT /api/lists/tenancy.access/views/{id:guid} answered 400 (expected 403)
tenancy.tenant.update: GET /api/lists/tenancy.branches/definition answered 200 (expected 403)
tenancy.tenant.update: GET /api/lists/tenancy.branches/shared-views/{id:guid} answered 404 (expected 403)
tenancy.tenant.update: GET /api/lists/tenancy.branches/views answered 200 (expected 403)
tenancy.tenant.update: POST /api/lists/tenancy.branches/views answered 400 (expected 403)
tenancy.tenant.update: DELETE /api/lists/tenancy.branches/views/{id:guid} answered 404 (expected 403)
tenancy.tenant.update: GET /api/lists/tenancy.branches/views/{id:guid} answered 404 (expected 403)
tenancy.tenant.update: PUT /api/lists/tenancy.branches/views/{id:guid} answered 400 (expected 403)
tenancy.tenant.update: GET /api/lists/tenancy.companies/definition answered 200 (expected 403)
tenancy.tenant.update: GET /api/lists/tenancy.companies/shared-views/{id:guid} answered 404 (expected 403)
tenancy.tenant.update: GET /api/lists/tenancy.companies/views answered 200 (expected 403)
tenancy.tenant.update: POST /api/lists/tenancy.companies/views answered 400 (expected 403)
tenancy.tenant.update: DELETE /api/lists/tenancy.companies/views/{id:guid} answered 404 (expected 403)
tenancy.tenant.update: GET /api/lists/tenancy.companies/views/{id:guid} answered 404 (expected 403)
tenancy.tenant.update: PUT /api/lists/tenancy.companies/views/{id:guid} answered 400 (expected 403)
tenancy.tenant.update: GET /api/reports/lists/tenancy.access answered 200 (expected 403)
tenancy.tenant.update: GET /api/reports/lists/tenancy.branches answered 200 (expected 403)
tenancy.tenant.update: GET /api/reports/lists/tenancy.companies answered 200 (expected 403)
tenancy.tenant.update: GET /api/reports/run/tenancy.branchDirectory answered 200 (expected 403)
tenancy.tenant.update: GET /api/reports/run/tenancy.companyProfile answered 400 (expected 403)
tenancy.tenant.update: GET /api/tenancy/access answered 200 (expected 403)
tenancy.tenant.update: GET /api/tenancy/access/{userId:guid} answered 404 (expected 403)
tenancy.tenant.update: PUT /api/tenancy/access/{userId:guid} answered 400 (expected 403)
tenancy.tenant.update: GET /api/tenancy/branches answered 200 (expected 403)
tenancy.tenant.update: POST /api/tenancy/branches answered 400 (expected 403)
tenancy.tenant.update: GET /api/tenancy/branches/{id:guid} answered 404 (expected 403)
tenancy.tenant.update: PUT /api/tenancy/branches/{id:guid} answered 400 (expected 403)
tenancy.tenant.update: GET /api/tenancy/companies answered 200 (expected 403)
tenancy.tenant.update: POST /api/tenancy/companies answered 400 (expected 403)
tenancy.tenant.update: GET /api/tenancy/companies/{id:guid} answered 404 (expected 403)
tenancy.tenant.update: PUT /api/tenancy/companies/{id:guid} answered 400 (expected 403)
tenancy.tenant.update: DELETE /api/tenancy/companies/{id:guid}/logo answered 404 (expected 403)
tenancy.tenant.update: GET /api/tenancy/companies/{id:guid}/logo answered 404 (expected 403)
tenancy.tenant.update: PUT /api/tenancy/companies/{id:guid}/logo answered 400 (expected 403)
tenancy.tenant.update: GET /api/tenancy/tenant answered 200 (expected 403)
tenancy.tenant.update: GET /api/tenancy/workplace answered 200 (expected 403)
tenancy.tenant.update: PUT /api/tenancy/workplace answered 400 (expected 403)
tenancy.workplace.read: GET /api/lists/tenancy.access/definition answered 200 (expected 403)
tenancy.workplace.read: GET /api/lists/tenancy.access/shared-views/{id:guid} answered 404 (expected 403)
tenancy.workplace.read: GET /api/lists/tenancy.access/views answered 200 (expected 403)
tenancy.workplace.read: POST /api/lists/tenancy.access/views answered 400 (expected 403)
tenancy.workplace.read: DELETE /api/lists/tenancy.access/views/{id:guid} answered 404 (expected 403)
tenancy.workplace.read: GET /api/lists/tenancy.access/views/{id:guid} answered 404 (expected 403)
tenancy.workplace.read: PUT /api/lists/tenancy.access/views/{id:guid} answered 400 (expected 403)
tenancy.workplace.read: GET /api/lists/tenancy.branches/definition answered 200 (expected 403)
tenancy.workplace.read: GET /api/lists/tenancy.branches/shared-views/{id:guid} answered 404 (expected 403)
tenancy.workplace.read: GET /api/lists/tenancy.branches/views answered 200 (expected 403)
tenancy.workplace.read: POST /api/lists/tenancy.branches/views answered 400 (expected 403)
tenancy.workplace.read: DELETE /api/lists/tenancy.branches/views/{id:guid} answered 404 (expected 403)
tenancy.workplace.read: GET /api/lists/tenancy.branches/views/{id:guid} answered 404 (expected 403)
tenancy.workplace.read: PUT /api/lists/tenancy.branches/views/{id:guid} answered 400 (expected 403)
tenancy.workplace.read: GET /api/lists/tenancy.companies/definition answered 200 (expected 403)
tenancy.workplace.read: GET /api/lists/tenancy.companies/shared-views/{id:guid} answered 404 (expected 403)
tenancy.workplace.read: GET /api/lists/tenancy.companies/views answered 200 (expected 403)
tenancy.workplace.read: POST /api/lists/tenancy.companies/views answered 400 (expected 403)
tenancy.workplace.read: DELETE /api/lists/tenancy.companies/views/{id:guid} answered 404 (expected 403)
tenancy.workplace.read: GET /api/lists/tenancy.companies/views/{id:guid} answered 404 (expected 403)
tenancy.workplace.read: PUT /api/lists/tenancy.companies/views/{id:guid} answered 400 (expected 403)
tenancy.workplace.read: GET /api/reports/lists/tenancy.access answered 200 (expected 403)
tenancy.workplace.read: GET /api/reports/lists/tenancy.branches answered 200 (expected 403)
tenancy.workplace.read: GET /api/reports/lists/tenancy.companies answered 200 (expected 403)
tenancy.workplace.read: GET /api/reports/run/tenancy.branchDirectory answered 200 (expected 403)
tenancy.workplace.read: GET /api/reports/run/tenancy.companyProfile answered 400 (expected 403)
tenancy.workplace.read: GET /api/tenancy/access answered 200 (expected 403)
tenancy.workplace.read: GET /api/tenancy/access/{userId:guid} answered 404 (expected 403)
tenancy.workplace.read: PUT /api/tenancy/access/{userId:guid} answered 400 (expected 403)
tenancy.workplace.read: GET /api/tenancy/branches answered 200 (expected 403)
tenancy.workplace.read: POST /api/tenancy/branches answered 400 (expected 403)
tenancy.workplace.read: GET /api/tenancy/branches/{id:guid} answered 404 (expected 403)
tenancy.workplace.read: PUT /api/tenancy/branches/{id:guid} answered 400 (expected 403)
tenancy.workplace.read: GET /api/tenancy/companies answered 200 (expected 403)
tenancy.workplace.read: POST /api/tenancy/companies answered 400 (expected 403)
tenancy.workplace.read: GET /api/tenancy/companies/{id:guid} answered 404 (expected 403)
tenancy.workplace.read: PUT /api/tenancy/companies/{id:guid} answered 400 (expected 403)
tenancy.workplace.read: DELETE /api/tenancy/companies/{id:guid}/logo answered 404 (expected 403)
tenancy.workplace.read: GET /api/tenancy/companies/{id:guid}/logo answered 404 (expected 403)
tenancy.workplace.read: PUT /api/tenancy/companies/{id:guid}/logo answered 400 (expected 403)
tenancy.workplace.read: GET /api/tenancy/tenant answered 200 (expected 403)
tenancy.workplace.read: PUT /api/tenancy/tenant answered 400 (expected 403)
tenancy.workplace.read: PUT /api/tenancy/workplace answered 400 (expected 403)
tenancy.workplace.switch: GET /api/lists/tenancy.access/definition answered 200 (expected 403)
tenancy.workplace.switch: GET /api/lists/tenancy.access/shared-views/{id:guid} answered 404 (expected 403)
tenancy.workplace.switch: GET /api/lists/tenancy.access/views answered 200 (expected 403)
tenancy.workplace.switch: POST /api/lists/tenancy.access/views answered 400 (expected 403)
tenancy.workplace.switch: DELETE /api/lists/tenancy.access/views/{id:guid} answered 404 (expected 403)
tenancy.workplace.switch: GET /api/lists/tenancy.access/views/{id:guid} answered 404 (expected 403)
tenancy.workplace.switch: PUT /api/lists/tenancy.access/views/{id:guid} answered 400 (expected 403)
tenancy.workplace.switch: GET /api/lists/tenancy.branches/definition answered 200 (expected 403)
tenancy.workplace.switch: GET /api/lists/tenancy.branches/shared-views/{id:guid} answered 404 (expected 403)
tenancy.workplace.switch: GET /api/lists/tenancy.branches/views answered 200 (expected 403)
tenancy.workplace.switch: POST /api/lists/tenancy.branches/views answered 400 (expected 403)
tenancy.workplace.switch: DELETE /api/lists/tenancy.branches/views/{id:guid} answered 404 (expected 403)
tenancy.workplace.switch: GET /api/lists/tenancy.branches/views/{id:guid} answered 404 (expected 403)
tenancy.workplace.switch: PUT /api/lists/tenancy.branches/views/{id:guid} answered 400 (expected 403)
tenancy.workplace.switch: GET /api/lists/tenancy.companies/definition answered 200 (expected 403)
tenancy.workplace.switch: GET /api/lists/tenancy.companies/shared-views/{id:guid} answered 404 (expected 403)
tenancy.workplace.switch: GET /api/lists/tenancy.companies/views answered 200 (expected 403)
tenancy.workplace.switch: POST /api/lists/tenancy.companies/views answered 400 (expected 403)
tenancy.workplace.switch: DELETE /api/lists/tenancy.companies/views/{id:guid} answered 404 (expected 403)
tenancy.workplace.switch: GET /api/lists/tenancy.companies/views/{id:guid} answered 404 (expected 403)
tenancy.workplace.switch: PUT /api/lists/tenancy.companies/views/{id:guid} answered 400 (expected 403)
tenancy.workplace.switch: GET /api/reports/lists/tenancy.access answered 200 (expected 403)
tenancy.workplace.switch: GET /api/reports/lists/tenancy.branches answered 200 (expected 403)
tenancy.workplace.switch: GET /api/reports/lists/tenancy.companies answered 200 (expected 403)
tenancy.workplace.switch: GET /api/reports/run/tenancy.branchDirectory answered 200 (expected 403)
tenancy.workplace.switch: GET /api/reports/run/tenancy.companyProfile answered 400 (expected 403)
tenancy.workplace.switch: GET /api/tenancy/access answered 200 (expected 403)
tenancy.workplace.switch: GET /api/tenancy/access/{userId:guid} answered 404 (expected 403)
tenancy.workplace.switch: PUT /api/tenancy/access/{userId:guid} answered 400 (expected 403)
tenancy.workplace.switch: GET /api/tenancy/branches answered 200 (expected 403)
tenancy.workplace.switch: POST /api/tenancy/branches answered 400 (expected 403)
tenancy.workplace.switch: GET /api/tenancy/branches/{id:guid} answered 404 (expected 403)
tenancy.workplace.switch: PUT /api/tenancy/branches/{id:guid} answered 400 (expected 403)
tenancy.workplace.switch: GET /api/tenancy/companies answered 200 (expected 403)
tenancy.workplace.switch: POST /api/tenancy/companies answered 400 (expected 403)
tenancy.workplace.switch: GET /api/tenancy/companies/{id:guid} answered 404 (expected 403)
tenancy.workplace.switch: PUT /api/tenancy/companies/{id:guid} answered 400 (expected 403)
tenancy.workplace.switch: DELETE /api/tenancy/companies/{id:guid}/logo answered 404 (expected 403)
tenancy.workplace.switch: GET /api/tenancy/companies/{id:guid}/logo answered 404 (expected 403)
tenancy.workplace.switch: PUT /api/tenancy/companies/{id:guid}/logo answered 400 (expected 403)
tenancy.workplace.switch: GET /api/tenancy/tenant answered 200 (expected 403)
tenancy.workplace.switch: PUT /api/tenancy/tenant answered 400 (expected 403)
tenancy.workplace.switch: GET /api/tenancy/workplace answered 200 (expected 403)
  Stack Trace:
     at Erp.Gates.Tests.G2.G2PermissionTests.Granting_exactly_one_permission_opens_exactly_the_endpoints_that_declare_it() in /work/tests/Erp.Gates.Tests/G2/G2PermissionTests.cs:line 385
--- End of stack trace from previous location ---
[xUnit.net 00:00:40.61]   Finished:    Erp.Gates.Tests (ID = 'd67f9af34c5c91feae69a31c7ab81956a411c8cd54ea4942d23c1fd06e059e25')
  Passed Erp.Gates.Tests.G2.G2PermissionTests.No_endpoint_that_changes_data_is_guarded_by_a_read_permission [3 ms]
  Passed Erp.Gates.Tests.G2.G2PermissionTests.Every_endpoint_under_a_reviewed_prefix_declares_exactly_its_reviewed_permission [1 ms]
  Passed Erp.Gates.Tests.G2.G2PermissionTests.The_declaration_check_catches_AllowAnonymous_stacked_on_a_permission [14 ms]

Test Run Failed.
Total tests: 24
     Passed: 23
     Failed: 1
 Total time: 41.0198 Seconds
