Test run for /work/tests/Erp.Gates.Tests/bin/Release/net10.0/Erp.Gates.Tests.dll (.NETCoreApp,Version=v10.0)
A total of 1 test files matched the specified pattern.
[xUnit.net 00:00:00.00] xUnit.net VSTest Adapter v3.1.5+1b188a7b0a (64-bit .NET 10.0.12)
[xUnit.net 00:00:00.18]   Discovering: Erp.Gates.Tests
[xUnit.net 00:00:00.45]   Discovered:  Erp.Gates.Tests
[xUnit.net 00:00:00.62]   Starting:    Erp.Gates.Tests
[xUnit.net 00:00:10.47]     Erp.Gates.Tests.G1.G1ProcessStateTests.Process_wide_state_is_immutable_or_reviewed [FAIL]
[xUnit.net 00:00:10.47]       static Erp.Kernel.Http.UnitOfWorkFilter.MicroCache: a read-only field that holds a mutable ConcurrentDictionary<String, ValueTuple`2>. Make it immutable, scope it to the request, key it by tenant, or review it in tests/Gates/process-state-allowlist.txt.
[xUnit.net 00:00:10.47]       Stack Trace:
[xUnit.net 00:00:10.47]         /work/tests/Erp.Gates.Tests/G1/G1ProcessStateTests.cs(40,0): at Erp.Gates.Tests.G1.G1ProcessStateTests.Process_wide_state_is_immutable_or_reviewed()
[xUnit.net 00:00:10.47]            at System.Reflection.MethodBaseInvoker.InterpretedInvoke_Method(Object obj, IntPtr* args)
[xUnit.net 00:00:10.47]            at System.Reflection.MethodBaseInvoker.InvokeWithNoArgs(Object obj, BindingFlags invokeAttr)
[xUnit.net 00:00:10.47]       Output:
[xUnit.net 00:00:10.47]         357 types, 74 fields, 11 singleton services inspected, 104 endpoint delegates walked (3022 objects) to 29 closures; 79 roots walked to 814 objects, 48 product types judged field by field; 23 reviewed findings
  Failed Erp.Gates.Tests.G1.G1ProcessStateTests.Process_wide_state_is_immutable_or_reviewed [349 ms]
  Error Message:
   static Erp.Kernel.Http.UnitOfWorkFilter.MicroCache: a read-only field that holds a mutable ConcurrentDictionary<String, ValueTuple`2>. Make it immutable, scope it to the request, key it by tenant, or review it in tests/Gates/process-state-allowlist.txt.
  Stack Trace:
     at Erp.Gates.Tests.G1.G1ProcessStateTests.Process_wide_state_is_immutable_or_reviewed() in /work/tests/Erp.Gates.Tests/G1/G1ProcessStateTests.cs:line 40
   at System.Reflection.MethodBaseInvoker.InterpretedInvoke_Method(Object obj, IntPtr* args)
   at System.Reflection.MethodBaseInvoker.InvokeWithNoArgs(Object obj, BindingFlags invokeAttr)
  Standard Output Messages:
 357 types, 74 fields, 11 singleton services inspected, 104 endpoint delegates walked (3022 objects) to 29 closures; 79 roots walked to 814 objects, 48 product types judged field by field; 23 reviewed findings


[xUnit.net 00:08:38.37]     Erp.Gates.Tests.G1.G1NonInterferenceTests.What_tenant_A_is_answered_never_depends_on_what_tenant_B_did [FAIL]
[xUnit.net 00:08:38.37]       g1.nonInterferenceDiscriminating: 1; ratchet minimum 40
[xUnit.net 00:08:38.37]       Stack Trace:
[xUnit.net 00:08:38.37]         /work/tests/Erp.Gates.Tests/G1/G1NonInterferenceTests.cs(52,0): at Erp.Gates.Tests.G1.G1NonInterferenceTests.AssertAtLeast(Int32 value, String key)
[xUnit.net 00:08:38.37]         /work/tests/Erp.Gates.Tests/G1/G1NonInterferenceTests.cs(45,0): at Erp.Gates.Tests.G1.G1NonInterferenceTests.What_tenant_A_is_answered_never_depends_on_what_tenant_B_did()
[xUnit.net 00:08:38.37]         --- End of stack trace from previous location ---
[xUnit.net 00:08:38.37]       Output:
[xUnit.net 00:08:38.37]         1704 comparisons over 40 endpoints (1 with different answers per tenant), 386 write comparisons over 23 endpoints and 170 body variants, 8369 requests, 9 unstable
[xUnit.net 00:08:38.37]         unstable: tenant A: GET /api/identity/roles/01a11a7e-457c-7242-9714-5eeefd143b38 answers differently from one call to the next (404 {"type":"urn:erp:problem:notFound","title":"The record was not found.","status":404,"code":"notFound"} / 200 {"id":"01a11a7e-457c-7242-9714-5eeefd143b38","nameEn":"Read-only CNRY1DA37DC695","nameAr":"\u0642\u0631\u0627\u0621\u0629 \u0641\u0642\u0637 CNRY1DA37DC695"…)
[xUnit.net 00:08:38.37]         unstable: tenant A: GET /api/identity/users/018cc39b-8b00-7b18-97d5-14e6c8ad7d10 answers differently from one call to the next (404 {"type":"urn:erp:problem:notFound","title":"The record was not found.","status":404,"code":"notFound"} / 200 {"id":"018cc39b-8b00-7b18-97d5-14e6c8ad7d10","email":"maria.brown.1@bravo-cnry1da37dc695.example","displayName":"Maria Brown CNRY1DA37DC695","language":"en"…)
[xUnit.net 00:08:38.37]         unstable: tenant A: GET /api/identity/users/018cc39b-8b00-7b18-97d5-14e6c8ad7d10/access answers differently from one call to the next (404 {"type":"urn:erp:problem:notFound","title":"The record was not found.","status":404,"code":"notFound"} / 200 {"userId":"018cc39b-8b00-7b18-97d5-14e6c8ad7d10","roles":[],"permissions":[]})
[xUnit.net 00:08:38.37]         unstable: tenant A: GET /api/identity/users/018cc39b-8b00-7b18-97d5-14e6c8ad7d10/sign-ins answers differently from one call to the next (404 {"type":"urn:erp:problem:notFound","title":"The record was not found.","status":404,"code":"notFound"} / 200 {"items":[],"total":0,"paused":[]})
[xUnit.net 00:08:38.37]         unstable: tenant A: GET /api/lists/tenancy.access/shared-views/01a11a7e-45ea-7129-953d-1a01f81b823a answers differently from one call to the next (404 {"type":"urn:erp:problem:notFound","title":"The record was not found.","status":404,"code":"notFound"} / 200 {"id":"01a11a7e-45ea-7129-953d-1a01f81b823a","listKey":"tenancy.access","name":"Team view CNRY1DA37DC695","isShared":true,"isDefault":false,"isMine":false,"…)
[xUnit.net 00:08:38.37]         unstable: tenant A: GET /api/tenancy/branches/0191eee6-f882-72bf-95ec-0f1cd5761fbd answers differently from one call to the next (404 {"type":"urn:erp:problem:notFound","title":"The record was not found.","status":404,"code":"notFound"} / 200 {"id":"0191eee6-f882-72bf-95ec-0f1cd5761fbd","companyId":"0191eee6-f881-740f-a5db-63dc66f1ce53","companyCode":"B1-CO","code":"B1-BR1","nameEn":"Bravo Tradin…)
[xUnit.net 00:08:38.37]         unstable: tenant A: GET /api/tenancy/companies/0191eee6-f881-740f-a5db-63dc66f1ce53 answers differently from one call to the next (404 {"type":"urn:erp:problem:notFound","title":"The record was not found.","status":404,"code":"notFound"} / 200 {"id":"0191eee6-f881-740f-a5db-63dc66f1ce53","code":"B1-CO","legalNameEn":"Bravo Trading CNRY1DA37DC695","legalNameAr":"\u0627\u0644\u062A\u062C\u0627\u0631…)
[xUnit.net 00:08:38.37]         unstable: tenant A: POST /api/identity/roles/{id:guid}/copy answers differently from one write to the next (201 {"id":"01a11a80-3ed0-79c1-b708-31aeca67c2c1","nameEn":"Activity alpha 34","nameAr":"\u0646\u0634\u0627\u0637 alpha 34","permissions":["identity.profile.upda… / 201 {"id":"01a11a80-3efe-701a-8baf-20b842aaf4ff","nameEn":"Activity alpha 36","nameAr":"\u0646\u0634\u0627\u0637 alpha 36","permissions":["identity.profile.upda…)
[xUnit.net 00:08:38.37]         unstable: tenant B: POST /api/identity/roles/{id:guid}/copy answers differently from one write to the next (201 {"id":"01a11a80-3f1b-722c-a564-a7ef128765fa","nameEn":"Activity CNRY1DA37DC695 35","nameAr":"\u0646\u0634\u0627\u0637 CNRY1DA37DC695 35","permissions":["ide… / 201 {"id":"01a11a80-3f3b-781f-833a-22b1583c8864","nameEn":"Activity CNRY1DA37DC695 37","nameAr":"\u0646\u0634\u0627\u0637 CNRY1DA37DC695 37","permissions":["ide…)
  Failed Erp.Gates.Tests.G1.G1NonInterferenceTests.What_tenant_A_is_answered_never_depends_on_what_tenant_B_did [8 m 26 s]
  Error Message:
   g1.nonInterferenceDiscriminating: 1; ratchet minimum 40
  Stack Trace:
     at Erp.Gates.Tests.G1.G1NonInterferenceTests.AssertAtLeast(Int32 value, String key) in /work/tests/Erp.Gates.Tests/G1/G1NonInterferenceTests.cs:line 52
   at Erp.Gates.Tests.G1.G1NonInterferenceTests.What_tenant_A_is_answered_never_depends_on_what_tenant_B_did() in /work/tests/Erp.Gates.Tests/G1/G1NonInterferenceTests.cs:line 45
--- End of stack trace from previous location ---
  Standard Output Messages:
 1704 comparisons over 40 endpoints (1 with different answers per tenant), 386 write comparisons over 23 endpoints and 170 body variants, 8369 requests, 9 unstable
 unstable: tenant A: GET /api/identity/roles/01a11a7e-457c-7242-9714-5eeefd143b38 answers differently from one call to the next (404 {"type":"urn:erp:problem:notFound","title":"The record was not found.","status":404,"code":"notFound"} / 200 {"id":"01a11a7e-457c-7242-9714-5eeefd143b38","nameEn":"Read-only CNRY1DA37DC695","nameAr":"\u0642\u0631\u0627\u0621\u0629 \u0641\u0642\u0637 CNRY1DA37DC695"…)
 unstable: tenant A: GET /api/identity/users/018cc39b-8b00-7b18-97d5-14e6c8ad7d10 answers differently from one call to the next (404 {"type":"urn:erp:problem:notFound","title":"The record was not found.","status":404,"code":"notFound"} / 200 {"id":"018cc39b-8b00-7b18-97d5-14e6c8ad7d10","email":"maria.brown.1@bravo-cnry1da37dc695.example","displayName":"Maria Brown CNRY1DA37DC695","language":"en"…)
 unstable: tenant A: GET /api/identity/users/018cc39b-8b00-7b18-97d5-14e6c8ad7d10/access answers differently from one call to the next (404 {"type":"urn:erp:problem:notFound","title":"The record was not found.","status":404,"code":"notFound"} / 200 {"userId":"018cc39b-8b00-7b18-97d5-14e6c8ad7d10","roles":[],"permissions":[]})
 unstable: tenant A: GET /api/identity/users/018cc39b-8b00-7b18-97d5-14e6c8ad7d10/sign-ins answers differently from one call to the next (404 {"type":"urn:erp:problem:notFound","title":"The record was not found.","status":404,"code":"notFound"} / 200 {"items":[],"total":0,"paused":[]})
 unstable: tenant A: GET /api/lists/tenancy.access/shared-views/01a11a7e-45ea-7129-953d-1a01f81b823a answers differently from one call to the next (404 {"type":"urn:erp:problem:notFound","title":"The record was not found.","status":404,"code":"notFound"} / 200 {"id":"01a11a7e-45ea-7129-953d-1a01f81b823a","listKey":"tenancy.access","name":"Team view CNRY1DA37DC695","isShared":true,"isDefault":false,"isMine":false,"…)
 unstable: tenant A: GET /api/tenancy/branches/0191eee6-f882-72bf-95ec-0f1cd5761fbd answers differently from one call to the next (404 {"type":"urn:erp:problem:notFound","title":"The record was not found.","status":404,"code":"notFound"} / 200 {"id":"0191eee6-f882-72bf-95ec-0f1cd5761fbd","companyId":"0191eee6-f881-740f-a5db-63dc66f1ce53","companyCode":"B1-CO","code":"B1-BR1","nameEn":"Bravo Tradin…)
 unstable: tenant A: GET /api/tenancy/companies/0191eee6-f881-740f-a5db-63dc66f1ce53 answers differently from one call to the next (404 {"type":"urn:erp:problem:notFound","title":"The record was not found.","status":404,"code":"notFound"} / 200 {"id":"0191eee6-f881-740f-a5db-63dc66f1ce53","code":"B1-CO","legalNameEn":"Bravo Trading CNRY1DA37DC695","legalNameAr":"\u0627\u0644\u062A\u062C\u0627\u0631…)
 unstable: tenant A: POST /api/identity/roles/{id:guid}/copy answers differently from one write to the next (201 {"id":"01a11a80-3ed0-79c1-b708-31aeca67c2c1","nameEn":"Activity alpha 34","nameAr":"\u0646\u0634\u0627\u0637 alpha 34","permissions":["identity.profile.upda… / 201 {"id":"01a11a80-3efe-701a-8baf-20b842aaf4ff","nameEn":"Activity alpha 36","nameAr":"\u0646\u0634\u0627\u0637 alpha 36","permissions":["identity.profile.upda…)
 unstable: tenant B: POST /api/identity/roles/{id:guid}/copy answers differently from one write to the next (201 {"id":"01a11a80-3f1b-722c-a564-a7ef128765fa","nameEn":"Activity CNRY1DA37DC695 35","nameAr":"\u0646\u0634\u0627\u0637 CNRY1DA37DC695 35","permissions":["ide… / 201 {"id":"01a11a80-3f3b-781f-833a-22b1583c8864","nameEn":"Activity CNRY1DA37DC695 37","nameAr":"\u0646\u0634\u0627\u0637 CNRY1DA37DC695 37","permissions":["ide…)


[xUnit.net 00:29:56.87]     Erp.Gates.Tests.G1.G1HttpIsolationTests.Tenant_A_cannot_reach_tenant_B_through_any_endpoint [FAIL]
[xUnit.net 00:29:56.89]       12 isolation checks failed:
[xUnit.net 00:29:56.90]       
[xUnit.net 00:29:56.90]       5108 leaks:
[xUnit.net 00:29:56.90]       tenant A administrator (bearer) → GET /api/identity/roles [Plain] → 200: response contains tenant B marker 01a11a7e-457c-7bb9-a88a-f69e49e46158
[xUnit.net 00:29:56.90]       tenant A administrator (cookie) → GET /api/identity/roles [TenantHeaders] → 200: response contains tenant B marker 01a11a7e-457c-7bb9-a88a-f69e49e46158
[xUnit.net 00:29:56.90]       tenant A administrator (bearer) → GET /api/identity/roles [TenantHeaders] → 200: response contains tenant B marker 01a11a7e-457c-7bb9-a88a-f69e49e46158
[xUnit.net 00:29:56.90]       tenant A administrator (cookie) → GET /api/identity/roles [Plain] → 200: response contains tenant B marker 01a11a7e-457c-7bb9-a88a-f69e49e46158
[xUnit.net 00:29:56.90]       tenant A administrator (cookie) → GET /api/identity/roles/01a11a7e-457c-7242-9714-5eeefd143b38 [Plain] → 200: response contains tenant B marker 01a11a7e-457c-7242-9714-5eeefd143b38
[xUnit.net 00:29:56.90]       tenant A administrator (bearer) → GET /api/identity/roles/01a11a7e-457c-7242-9714-5eeefd143b38 [Plain] → 200: response contains tenant B marker 01a11a7e-457c-7242-9714-5eeefd143b38
[xUnit.net 00:29:56.90]       tenant A administrator (bearer) → GET /api/identity/roles/01a11a7e-457c-7242-9714-5eeefd143b38 [TenantHeaders] → 200: response contains tenant B marker 01a11a7e-457c-7242-9714-5eeefd143b38
[xUnit.net 00:29:56.90]       tenant A administrator (cookie) → GET /api/identity/roles/01a11a7e-457c-7bb9-a88a-f69e49e46158 [Plain] → 200: response contains tenant B marker 01a11a7e-457c-7bb9-a88a-f69e49e46158
[xUnit.net 00:29:56.90]       tenant A administrator (cookie) → GET /api/identity/roles/01a11a7e-457c-7242-9714-5eeefd143b38 [TenantHeaders] → 200: response contains tenant B marker 01a11a7e-457c-7242-9714-5eeefd143b38
[xUnit.net 00:29:56.90]       tenant A administrator (bearer) → GET /api/identity/roles/01a11a7e-457c-7bb9-a88a-f69e49e46158 [Plain] → 200: response contains tenant B marker 01a11a7e-457c-7bb9-a88a-f69e49e46158
[xUnit.net 00:29:56.90]       tenant A administrator (cookie) → GET /api/identity/roles/01a11a7e-457c-7bb9-a88a-f69e49e46158 [TenantHeaders] → 200: response contains tenant B marker 01a11a7e-457c-7bb9-a88a-f69e49e46158
[xUnit.net 00:29:56.90]       tenant A administrator (bearer) → GET /api/identity/roles/01a11a7e-457c-7bb9-a88a-f69e49e46158 [TenantHeaders] → 200: response contains tenant B marker 01a11a7e-457c-7bb9-a88a-f69e49e46158
[xUnit.net 00:29:56.90]       tenant A administrator (cookie) → GET /api/identity/roles/01a11a7e-5741-702d-85e5-c3cbdf1e4b68 [Plain] → 200: response contains tenant B marker 01a11a7e-5741-702d-85e5-c3cbdf1e4b68
[xUnit.net 00:29:56.90]       tenant A administrator (bearer) → GET /api/identity/roles/01a11a7e-5741-702d-85e5-c3cbdf1e4b68 [Plain] → 200: response contains tenant B marker 01a11a7e-5741-702d-85e5-c3cbdf1e4b68
[xUnit.net 00:29:56.90]       tenant A administrator (cookie) → GET /api/identity/roles/01a11a7e-5741-702d-85e5-c3cbdf1e4b68 [TenantHeaders] → 200: response contains tenant B marker 01a11a7e-5741-702d-85e5-c3cbdf1e4b68
[xUnit.net 00:29:56.90]       tenant A administrator (cookie) → GET /api/identity/roles/01a11a7e-574f-71c0-94af-1e8b8c165965 [Plain] → 200: response contains tenant B marker 01a11a7e-574f-71c0-94af-1e8b8c165965
[xUnit.net 00:29:56.90]       tenant A administrator (bearer) → GET /api/identity/roles/01a11a7e-5741-702d-85e5-c3cbdf1e4b68 [TenantHeaders] → 200: response contains tenant B marker 01a11a7e-5741-702d-85e5-c3cbdf1e4b68
[xUnit.net 00:29:56.90]       tenant A administrator (bearer) → GET /api/identity/roles/01a11a7e-574f-71c0-94af-1e8b8c165965 [Plain] → 200: response contains tenant B marker 01a11a7e-574f-71c0-94af-1e8b8c165965
[xUnit.net 00:29:56.90]       tenant A administrator (cookie) → GET /api/identity/roles/01a11a7e-574f-71c0-94af-1e8b8c165965 [TenantHeaders] → 200: response contains tenant B marker 01a11a7e-574f-71c0-94af-1e8b8c165965
[xUnit.net 00:29:56.90]       tenant A administrator (bearer) → GET /api/identity/roles/01a11a7e-574f-71c0-94af-1e8b8c165965 [TenantHeaders] → 200: response contains tenant B marker 01a11a7e-574f-71c0-94af-1e8b8c165965
[xUnit.net 00:29:56.90]       tenant A administrator (bearer) → GET /api/identity/roles/01a11a7f-5338-7263-a4b4-aec4f769eb0f [Plain] → 200: response contains tenant B marker CNRY1DA37DC695
[xUnit.net 00:29:56.90]       tenant A administrator (cookie) → GET /api/identity/roles/01a11a7f-5338-7263-a4b4-aec4f769eb0f [Plain] → 200: response contains tenant B marker CNRY1DA37DC695
[xUnit.net 00:29:56.90]       tenant A administrator (cookie) → GET /api/identity/roles/01a11a7f-53ba-7e6d-a119-33271958aa84 [Plain] → 200: response contains tenant B marker CNRY1DA37DC695
[xUnit.net 00:29:56.90]       tenant A administrator (bearer) → GET /api/identity/roles/01a11a7f-53ba-7e6d-a119-33271958aa84 [Plain] → 200: response contains tenant B marker CNRY1DA37DC695
[xUnit.net 00:29:56.90]       tenant A administrator (bearer) → GET /api/identity/roles/01a11a7f-5338-7263-a4b4-aec4f769eb0f [TenantHeaders] → 200: response contains tenant B marker CNRY1DA37DC695
[xUnit.net 00:29:56.90]       tenant A administrator (cookie) → GET /api/identity/roles/01a11a7f-5338-7263-a4b4-aec4f769eb0f [TenantHeaders] → 200: response contains tenant B marker CNRY1DA37DC695
[xUnit.net 00:29:56.90]       tenant A administrator (cookie) → GET /api/identity/roles/01a11a7f-53ba-7e6d-a119-33271958aa84 [TenantHeaders] → 200: response contains tenant B marker CNRY1DA37DC695
[xUnit.net 00:29:56.90]       tenant A administrator (bearer) → GET /api/identity/roles/01a11a7f-53ba-7e6d-a119-33271958aa84 [TenantHeaders] → 200: response contains tenant B marker CNRY1DA37DC695
[xUnit.net 00:29:56.90]       tenant A administrator (cookie) → GET /api/identity/users [TenantHeaders] → 200: response contains tenant B marker 01a11a7e-5807-74c6-ab40-9aecac61c084
[xUnit.net 00:29:56.90]       tenant A administrator (bearer) → GET /api/identity/users [TenantHeaders] → 200: response contains tenant B marker 01a11a7e-5807-74c6-ab40-9aecac61c084
[xUnit.net 00:29:56.90]       tenant A administrator (bearer) → GET /api/identity/users [Plain] → 200: response contains tenant B marker 01a11a7e-5807-74c6-ab40-9aecac61c084
[xUnit.net 00:29:56.90]       tenant A administrator (cookie) → GET /api/identity/users [Plain] → 200: response contains tenant B marker 01a11a7e-5807-74c6-ab40-9aecac61c084
[xUnit.net 00:29:56.90]       tenant A administrator (cookie) → GET /api/identity/users/018cc39b-8b00-7b18-97d5-14e6c8ad7d10 [Plain] → 200: response contains tenant B marker 018cc39b-8b00-7b18-97d5-14e6c8ad7d10
[xUnit.net 00:29:56.90]       tenant A administrator (bearer) → GET /api/identity/users/018cc39b-8b00-7b18-97d5-14e6c8ad7d10 [Plain] → 200: response contains tenant B marker 018cc39b-8b00-7b18-97d5-14e6c8ad7d10
[xUnit.net 00:29:56.90]       tenant A administrator (bearer) → GET /api/identity/users/018cc39b-8b00-7b18-97d5-14e6c8ad7d10 [TenantHeaders] → 200: response contains tenant B marker 018cc39b-8b00-7b18-97d5-14e6c8ad7d10
[xUnit.net 00:29:56.90]       tenant A administrator (cookie) → GET /api/identity/users/018cc39b-8b00-7b18-97d5-14e6c8ad7d10 [TenantHeaders] → 200: response contains tenant B marker 018cc39b-8b00-7b18-97d5-14e6c8ad7d10
[xUnit.net 00:29:56.90]       tenant A administrator (cookie) → GET /api/identity/users/018cc3a1-f3a0-79c5-a81b-18b226439a0d [Plain] → 200: response contains tenant B marker 018cc3a1-f3a0-79c5-a81b-18b226439a0d
[xUnit.net 00:29:56.90]       tenant A administrator (bearer) → GET /api/identity/users/018cc3a1-f3a0-79c5-a81b-18b226439a0d [Plain] → 200: response contains tenant B marker 018cc3a1-f3a0-79c5-a81b-18b226439a0d
[xUnit.net 00:29:56.90]       tenant A administrator (bearer) → GET /api/identity/users/018cc3a1-f3a0-79c5-a81b-18b226439a0d [TenantHeaders] → 200: response contains tenant B marker 018cc3a1-f3a0-79c5-a81b-18b226439a0d
[xUnit.net 00:29:56.90]       tenant A administrator (cookie) → GET /api/identity/users/018cc3a8-5c40-7827-85b2-8e767e4f6796 [Plain] → 200: response contains tenant B marker 018cc3a8-5c40-7827-85b2-8e767e4f6796
[xUnit.net 00:29:56.90]       tenant A administrator (bearer) → GET /api/identity/users/018cc3a8-5c40-7827-85b2-8e767e4f6796 [Plain] → 200: response contains tenant B marker 018cc3a8-5c40-7827-85b2-8e767e4f6796
[xUnit.net 00:29:56.90]       tenant A administrator (bearer) → GET /api/identity/users/018cc3a8-5c40-7827-85b2-8e767e4f6796 [TenantHeaders] → 200: response contains tenant B marker 018cc3a8-5c40-7827-85b2-8e767e4f6796
[xUnit.net 00:29:56.90]       tenant A administrator (cookie) → GET /api/identity/users/018cc3ae-c4e0-7b60-b520-842147e2d550 [Plain] → 200: response contains tenant B marker 018cc3ae-c4e0-7b60-b520-842147e2d550
[xUnit.net 00:29:56.90]       tenant A administrator (cookie) → GET /api/identity/users/018cc3a1-f3a0-79c5-a81b-18b226439a0d [TenantHeaders] → 200: response contains tenant B marker 018cc3a1-f3a0-79c5-a81b-18b226439a0d
[xUnit.net 00:29:56.90]       tenant A administrator (cookie) → GET /api/identity/users/018cc3a8-5c40-7827-85b2-8e767e4f6796 [TenantHeaders] → 200: response contains tenant B marker 018cc3a8-5c40-7827-85b2-8e767e4f6796
[xUnit.net 00:29:56.90]       tenant A administrator (bearer) → GET /api/identity/users/018cc3ae-c4e0-7b60-b520-842147e2d550 [Plain] → 200: response contains tenant B marker 018cc3ae-c4e0-7b60-b520-842147e2d550
[xUnit.net 00:29:56.90]       tenant A administrator (bearer) → GET /api/identity/users/018cc3ae-c4e0-7b60-b520-842147e2d550 [TenantHeaders] → 200: response contains tenant B marker 018cc3ae-c4e0-7b60-b520-842147e2d550
[xUnit.net 00:29:56.90]       tenant A administrator (cookie) → GET /api/identity/users/018cc3ae-c4e0-7b60-b520-842147e2d550 [TenantHeaders] → 200: response contains tenant B marker 018cc3ae-c4e0-7b60-b520-842147e2d550
[xUnit.net 00:29:56.90]       tenant A administrator (bearer) → GET /api/identity/users/018cc3b5-2d80-7112-85d6-019a5d5fa124 [Plain] → 200: response contains tenant B marker 018cc3b5-2d80-7112-85d6-019a5d5fa124
[xUnit.net 00:29:56.90]       tenant A administrator (cookie) → GET /api/identity/users/018cc3b5-2d80-7112-85d6-019a5d5fa124 [Plain] → 200: response contains tenant B marker 018cc3b5-2d80-7112-85d6-019a5d5fa124
[xUnit.net 00:29:56.90]       
[xUnit.net 00:29:56.90]       17 answers that tell tenant B's values apart from values that exist nowhere:
[xUnit.net 00:29:56.90]       tenant A administrator (cookie) → GET /api/identity/roles/01a11a7e-5741-702d-85e5-c3cbdf1e4b68 [path id]: 200 {"id":"\u003Csent\u003E","nameEn":"Activity CNRY1DA37DC695 1","nameAr":"\u0646\u0634\u0627\u0637 CNRY1DA37DC695 1","permissions":["identity.users.read"],"isSyst… but for a value that exists nowhere (a44d0dc8-207a-4da8-93f3-235b9f60460d) 404 {"type":"urn:erp:problem:notFound","title":"The record was not found.","status":404,"code":"notFound"}; first difference: {"id":"\u003Csent\u003E","nameEn":"Activity CNRY1DA37DC695 1","nameAr":"\u0646\u0634\u0627\u0637 CNRY1DA37DC695 1","permissions":["identity.users.read"],"isSyst… | {"type":"urn:erp:problem:notFound","title":"The record was not found.","status":404,"code":"notFound"}
[xUnit.net 00:29:56.91]       tenant A administrator (cookie) → GET /api/identity/users/01a11a7e-5758-7a9a-af6c-6ac91354fabc [path id]: 200 {"id":"\u003Csent\u003E","email":"activity3@bravo-cnry1da37dc695.example","displayName":"Activity CNRY1DA37DC695 3","language":"en","isActive":true,"roleIds":["… but for a value that exists nowhere (7dc8cf2d-5bae-4a28-a344-d3f16ee365de) 404 {"type":"urn:erp:problem:notFound","title":"The record was not found.","status":404,"code":"notFound"}; first difference: {"id":"\u003Csent\u003E","email":"activity3@bravo-cnry1da37dc695.example","displayName":"Activity CNRY1DA37DC695 3","language":"en","isActive":true,"roleIds":["… | {"type":"urn:erp:problem:notFound","title":"The record was not found.","status":404,"code":"notFound"}
[xUnit.net 00:29:56.91]       tenant A administrator (cookie) → GET /api/identity/users/01a11a7e-5758-7a9a-af6c-6ac91354fabc/access [path id]: 200 {"userId":"\u003Csent\u003E","roles":[{"id":"01a11a7e-457c-7242-9714-5eeefd143b38","nameEn":"Read-only CNRY1DA37DC695","nameAr":"\u0642\u0631\u0627\u0621\u0629 … but for a value that exists nowhere (6dcbdb75-8190-4ec1-b49d-399a8deb72ab) 404 {"type":"urn:erp:problem:notFound","title":"The record was not found.","status":404,"code":"notFound"}; first difference: {"userId":"\u003Csent\u003E","roles":[{"id":"01a11a7e-457c-7242-9714-5eeefd143b38","nameEn":"Read-only CNRY1DA37DC695","nameAr":"\u0642\u0631\u0627\u0621\u0629 … | {"type":"urn:erp:problem:notFound","title":"The record was not found.","status":404,"code":"notFound"}
[xUnit.net 00:29:56.91]       tenant A administrator (cookie) → GET /api/identity/users/01a11a7e-5758-7a9a-af6c-6ac91354fabc/sign-ins [path id]: 200 {"items":[],"total":0,"paused":[]} but for a value that exists nowhere (afe74ab8-a2e5-4b7c-bd75-c76e67e3e0ed) 404 {"type":"urn:erp:problem:notFound","title":"The record was not found.","status":404,"code":"notFound"}; first difference: {"items":[],"total":0,"paused":[]} | {"type":"urn:erp:problem:notFound","title":"The record was not found.","status":404,"code":"notFound"}
[xUnit.net 00:29:56.91]       tenant A administrator (cookie) → GET /api/lists/identity.roles/shared-views/01a11a7e-58dc-7d32-843a-756e8c79a21c [path id]: 200 {"id":"\u003Csent\u003E","listKey":"identity.roles","name":"Activity CNRY1DA37DC695 8","isShared":true,"isDefault":false,"isMine":false,"columns":["nameEn"],"so… but for a value that exists nowhere (7aaa5598-d6ac-4ae6-a33c-847c6288ce2b) 404 {"type":"urn:erp:problem:notFound","title":"The record was not found.","status":404,"code":"notFound"}; first difference: {"id":"\u003Csent\u003E","listKey":"identity.roles","name":"Activity CNRY1DA37DC695 8","isShared":true,"isDefault":false,"isMine":false,"columns":["nameEn"],"so… | {"type":"urn:erp:problem:notFound","title":"The record was not found.","status":404,"code":"notFound"}
[xUnit.net 00:29:56.91]       tenant A administrator (cookie) → GET /api/lists/identity.roles/views/01a11a7e-592f-7116-988c-b460d83fd6f3 [path id]: 200 {"id":"\u003Csent\u003E","listKey":"identity.roles","name":"Activity CNRY1DA37DC695 20","isShared":false,"isDefault":false,"isMine":true,"columns":["nameEn"],"s… but for a value that exists nowhere (f5eec278-f034-4145-910a-4e73ca59b17f) 404 {"type":"urn:erp:problem:notFound","title":"The record was not found.","status":404,"code":"notFound"}; first difference: {"id":"\u003Csent\u003E","listKey":"identity.roles","name":"Activity CNRY1DA37DC695 20","isShared":false,"isDefault":false,"isMine":true,"columns":["nameEn"],"s… | {"type":"urn:erp:problem:notFound","title":"The record was not found.","status":404,"code":"notFound"}
[xUnit.net 00:29:56.91]       tenant A administrator (cookie) → GET /api/lists/identity.users/shared-views/01a11a7e-5980-73c8-a68d-651e1b089451 [path id]: 200 {"id":"\u003Csent\u003E","listKey":"identity.users","name":"Activity CNRY1DA37DC695 32","isShared":true,"isDefault":false,"isMine":false,"columns":["displayName… but for a value that exists nowhere (9542e7df-d968-4aba-8ba6-cedb7b2aaad0) 404 {"type":"urn:erp:problem:notFound","title":"The record was not found.","status":404,"code":"notFound"}; first difference: {"id":"\u003Csent\u003E","listKey":"identity.users","name":"Activity CNRY1DA37DC695 32","isShared":true,"isDefault":false,"isMine":false,"columns":["displayName… | {"type":"urn:erp:problem:notFound","title":"The record was not found.","status":404,"code":"notFound"}
[xUnit.net 00:29:56.91]       tenant A administrator (cookie) → GET /api/lists/identity.users/views/01a11a7e-5a1f-70a2-b695-71fbfcfc3506 [path id]: 200 {"id":"\u003Csent\u003E","listKey":"identity.users","name":"Activity CNRY1DA37DC695 51","isShared":false,"isDefault":false,"isMine":true,"columns":["lastSignInA… but for a value that exists nowhere (9b6e3dad-5669-4538-8332-e336638eb82a) 404 {"type":"urn:erp:problem:notFound","title":"The record was not found.","status":404,"code":"notFound"}; first difference: {"id":"\u003Csent\u003E","listKey":"identity.users","name":"Activity CNRY1DA37DC695 51","isShared":false,"isDefault":false,"isMine":true,"columns":["lastSignInA… | {"type":"urn:erp:problem:notFound","title":"The record was not found.","status":404,"code":"notFound"}
[xUnit.net 00:29:56.91]       tenant A administrator (cookie) → GET /api/lists/tenancy.access/shared-views/01a11a7e-5ab9-7978-adab-275867affa03 [path id]: 200 {"id":"\u003Csent\u003E","listKey":"tenancy.access","name":"Activity CNRY1DA37DC695 70","isShared":true,"isDefault":false,"isMine":false,"columns":["displayName… but for a value that exists nowhere (1c7b2336-5fdc-4d8c-b310-114e9425e005) 404 {"type":"urn:erp:problem:notFound","title":"The record was not found.","status":404,"code":"notFound"}; first difference: {"id":"\u003Csent\u003E","listKey":"tenancy.access","name":"Activity CNRY1DA37DC695 70","isShared":true,"isDefault":false,"isMine":false,"columns":["displayName… | {"type":"urn:erp:problem:notFound","title":"The record was not found.","status":404,"code":"notFound"}
[xUnit.net 00:29:56.91]       tenant A administrator (cookie) → GET /api/lists/tenancy.access/views/01a11a7e-5adf-7fdb-bfb6-42d19ed77375 [path id]: 200 {"id":"\u003Csent\u003E","listKey":"tenancy.access","name":"Activity CNRY1DA37DC695 74","isShared":false,"isDefault":false,"isMine":true,"columns":["displayName… but for a value that exists nowhere (69e754bc-ebac-4080-a4e7-bc8f1dd72569) 404 {"type":"urn:erp:problem:notFound","title":"The record was not found.","status":404,"code":"notFound"}; first difference: {"id":"\u003Csent\u003E","listKey":"tenancy.access","name":"Activity CNRY1DA37DC695 74","isShared":false,"isDefault":false,"isMine":true,"columns":["displayName… | {"type":"urn:erp:problem:notFound","title":"The record was not found.","status":404,"code":"notFound"}
[xUnit.net 00:29:56.91]       tenant A administrator (cookie) → GET /api/lists/tenancy.branches/shared-views/01a11a7e-5b14-704b-8615-501c373fe51a [path id]: 200 {"id":"\u003Csent\u003E","listKey":"tenancy.branches","name":"Activity CNRY1DA37DC695 78","isShared":true,"isDefault":false,"isMine":false,"columns":["code"],"s… but for a value that exists nowhere (dda8ec78-5017-4932-86c0-e467d421d133) 404 {"type":"urn:erp:problem:notFound","title":"The record was not found.","status":404,"code":"notFound"}; first difference: {"id":"\u003Csent\u003E","listKey":"tenancy.branches","name":"Activity CNRY1DA37DC695 78","isShared":true,"isDefault":false,"isMine":false,"columns":["code"],"s… | {"type":"urn:erp:problem:notFound","title":"The record was not found.","status":404,"code":"notFound"}
[xUnit.net 00:29:56.91]       tenant A administrator (cookie) → GET /api/lists/tenancy.branches/views/01a11a7e-5bc3-774e-8881-0afb375557aa [path id]: 200 {"id":"\u003Csent\u003E","listKey":"tenancy.branches","name":"Activity CNRY1DA37DC695 97","isShared":false,"isDefault":false,"isMine":true,"columns":["code"],"s… but for a value that exists nowhere (9cbcc658-0ed7-4577-a9d4-bb319affc47a) 404 {"type":"urn:erp:problem:notFound","title":"The record was not found.","status":404,"code":"notFound"}; first difference: {"id":"\u003Csent\u003E","listKey":"tenancy.branches","name":"Activity CNRY1DA37DC695 97","isShared":false,"isDefault":false,"isMine":true,"columns":["code"],"s… | {"type":"urn:erp:problem:notFound","title":"The record was not found.","status":404,"code":"notFound"}
[xUnit.net 00:29:56.91]       tenant A administrator (cookie) → GET /api/lists/tenancy.companies/shared-views/01a11a7e-5c89-7c75-aa3a-d030d4d33958 [path id]: 200 {"id":"\u003Csent\u003E","listKey":"tenancy.companies","name":"Activity CNRY1DA37DC695 116","isShared":true,"isDefault":false,"isMine":false,"columns":["code"],… but for a value that exists nowhere (4dc65b15-3268-4364-bbba-a8f5533a2c1f) 404 {"type":"urn:erp:problem:notFound","title":"The record was not found.","status":404,"code":"notFound"}; first difference: {"id":"\u003Csent\u003E","listKey":"tenancy.companies","name":"Activity CNRY1DA37DC695 116","isShared":true,"isDefault":false,"isMine":false,"columns":["code"],… | {"type":"urn:erp:problem:notFound","title":"The record was not found.","status":404,"code":"notFound"}
[xUnit.net 00:29:56.91]       tenant A administrator (cookie) → GET /api/lists/tenancy.companies/views/01a11a7e-5d41-7081-8f53-12d31cfff788 [path id]: 200 {"id":"\u003Csent\u003E","listKey":"tenancy.companies","name":"Activity CNRY1DA37DC695 137","isShared":false,"isDefault":false,"isMine":true,"columns":["code"],… but for a value that exists nowhere (8e8b8a0d-0b95-48c0-a95c-c379224e677d) 404 {"type":"urn:erp:problem:notFound","title":"The record was not found.","status":404,"code":"notFound"}; first difference: {"id":"\u003Csent\u003E","listKey":"tenancy.companies","name":"Activity CNRY1DA37DC695 137","isShared":false,"isDefault":false,"isMine":true,"columns":["code"],… | {"type":"urn:erp:problem:notFound","title":"The record was not found.","status":404,"code":"notFound"}
[xUnit.net 00:29:56.91]       tenant A administrator (cookie) → GET /api/tenancy/access/018cc39b-8b00-7b18-97d5-14e6c8ad7d10 [path userId]: 200 {"userId":"\u003Csent\u003E","displayName":"Maria Brown CNRY1DA37DC695","email":"maria.brown.1@bravo-cnry1da37dc695.example","isCaller":false,"companies":[],"op… but for a value that exists nowhere (938c253a-c4dc-4490-8697-6166e3d02c2c) 404 {"type":"urn:erp:problem:notFound","title":"The record was not found.","status":404,"code":"notFound"}; first difference: {"userId":"\u003Csent\u003E","displayName":"Maria Brown CNRY1DA37DC695","email":"maria.brown.1@bravo-cnry1da37dc695.example","isCaller":false,"companies":[],"op… | {"type":"urn:erp:problem:notFound","title":"The record was not found.","status":404,"code":"notFound"}
[xUnit.net 00:29:56.91]       tenant A administrator (cookie) → GET /api/tenancy/branches/01a11a7e-5de4-74d4-8a6e-7dcf7aa7fe95 [path id]: 200 {"id":"\u003Csent\u003E","companyId":"0191eee6-f881-740f-a5db-63dc66f1ce53","companyCode":"B1-CO","code":"DXB-WH1-B82E-158","nameEn":"Activity CNRY1DA37DC695 15… but for a value that exists nowhere (b385f440-b6cb-46fc-8474-de833d557bce) 404 {"type":"urn:erp:problem:notFound","title":"The record was not found.","status":404,"code":"notFound"}; first difference: {"id":"\u003Csent\u003E","companyId":"0191eee6-f881-740f-a5db-63dc66f1ce53","companyCode":"B1-CO","code":"DXB-WH1-B82E-158","nameEn":"Activity CNRY1DA37DC695 15… | {"type":"urn:erp:problem:notFound","title":"The record was not found.","status":404,"code":"notFound"}
[xUnit.net 00:29:56.91]       tenant A administrator (cookie) → GET /api/tenancy/companies/01a11a7e-5e26-7425-b710-79435fa51cac [path id]: 200 {"id":"\u003Csent\u003E","code":"AN-DXB-B82E-166","legalNameEn":"Activity CNRY1DA37DC695 166","legalNameAr":"\u0646\u0634\u0627\u0637 CNRY1DA37DC695 166","trade… but for a value that exists nowhere (4b5f33ed-0259-4d19-9bf2-5d3aca6059e3) 404 {"type":"urn:erp:problem:notFound","title":"The record was not found.","status":404,"code":"notFound"}; first difference: {"id":"\u003Csent\u003E","code":"AN-DXB-B82E-166","legalNameEn":"Activity CNRY1DA37DC695 166","legalNameAr":"\u0646\u0634\u0627\u0637 CNRY1DA37DC695 166","trade… | {"type":"urn:erp:problem:notFound","title":"The record was not found.","status":404,"code":"notFound"}
[xUnit.net 00:29:56.91]       
[xUnit.net 00:29:56.91]       Product code read request inputs by enumerating them (a name the attack cannot learn and send tenant B's id in):
[xUnit.net 00:29:56.91]       raw query string by Erp.Kernel.Http.UnitOfWorkFilter
[xUnit.net 00:29:56.91]       
[xUnit.net 00:29:56.91]       Tenant B's own writes must succeed so their handlers run to the end; these did not:
[xUnit.net 00:29:56.91]       PUT /api/identity/users/{id:guid} → 409 {"type":"urn:erp:problem:concurrency","title":"Someone else changed this record after you opened it. Reload it and try again.","status":409,"code":"concurrency","traceId":"0HNP523EBKODL"}
[xUnit.net 00:29:56.91]       PUT /api/identity/users/{id:guid} → 409 {"type":"urn:erp:problem:concurrency","title":"Someone else changed this record after you opened it. Reload it and try again.","status":409,"code":"concurrency","traceId":"0HNP523EBKODP"}
[xUnit.net 00:29:56.91]       PUT /api/lists/identity.roles/shared-views/{id:guid} → 409 {"type":"urn:erp:problem:concurrency","title":"Someone else changed this record after you opened it. Reload it and try again.","status":409,"code":"concurrency","traceId":"00-6271c2f3c11f590f756503690
[xUnit.net 00:29:56.91]       PUT /api/lists/identity.roles/shared-views/{id:guid} → 409 {"type":"urn:erp:problem:concurrency","title":"Someone else changed this record after you opened it. Reload it and try again.","status":409,"code":"concurrency","traceId":"00-98d128cf191d18750c290cb26
[xUnit.net 00:29:56.91]       PUT /api/lists/identity.roles/shared-views/{id:guid} → 409 {"type":"urn:erp:problem:concurrency","title":"Someone else changed this record after you opened it. Reload it and try again.","status":409,"code":"concurrency","traceId":"00-1b606ec2e77a2609a7b737396
[xUnit.net 00:29:56.91]       PUT /api/lists/identity.roles/shared-views/{id:guid} → 409 {"type":"urn:erp:problem:concurrency","title":"Someone else changed this record after you opened it. Reload it and try again.","status":409,"code":"concurrency","traceId":"00-036b4ecfe214eca2cf21a2db0
[xUnit.net 00:29:56.91]       PUT /api/lists/identity.roles/shared-views/{id:guid} → 409 {"type":"urn:erp:problem:concurrency","title":"Someone else changed this record after you opened it. Reload it and try again.","status":409,"code":"concurrency","traceId":"00-203103232ebdb368c74566571
[xUnit.net 00:29:56.91]       PUT /api/lists/identity.roles/shared-views/{id:guid} → 409 {"type":"urn:erp:problem:concurrency","title":"Someone else changed this record after you opened it. Reload it and try again.","status":409,"code":"concurrency","traceId":"00-0197b256072a2b149f884bf35
[xUnit.net 00:29:56.91]       PUT /api/lists/identity.roles/shared-views/{id:guid} → 409 {"type":"urn:erp:problem:concurrency","title":"Someone else changed this record after you opened it. Reload it and try again.","status":409,"code":"concurrency","traceId":"00-93441d6729992b445195c31db
[xUnit.net 00:29:56.91]       PUT /api/lists/identity.roles/shared-views/{id:guid} → 409 {"type":"urn:erp:problem:concurrency","title":"Someone else changed this record after you opened it. Reload it and try again.","status":409,"code":"concurrency","traceId":"00-26c98d4849619433f672b52c5
[xUnit.net 00:29:56.91]       PUT /api/lists/identity.roles/shared-views/{id:guid} → 409 {"type":"urn:erp:problem:concurrency","title":"Someone else changed this record after you opened it. Reload it and try again.","status":409,"code":"concurrency","traceId":"00-8722a954ec2aa803a009a3c70
[xUnit.net 00:29:56.91]       PUT /api/lists/identity.roles/shared-views/{id:guid} → 409 {"type":"urn:erp:problem:concurrency","title":"Someone else changed this record after you opened it. Reload it and try again.","status":409,"code":"concurrency","traceId":"00-39e6810a6de864d001265f474
[xUnit.net 00:29:56.91]       PUT /api/lists/identity.roles/shared-views/{id:guid} → 409 {"type":"urn:erp:problem:concurrency","title":"Someone else changed this record after you opened it. Reload it and try again.","status":409,"code":"concurrency","traceId":"00-1a00d1ac86aa82d54c773bff6
[xUnit.net 00:29:56.92]       PUT /api/lists/identity.roles/views/{id:guid} → 409 {"type":"urn:erp:problem:concurrency","title":"Someone else changed this record after you opened it. Reload it and try again.","status":409,"code":"concurrency","traceId":"00-5e1412484748f5b6bcc2363a7
[xUnit.net 00:29:56.92]       PUT /api/lists/identity.roles/views/{id:guid} → 409 {"type":"urn:erp:problem:concurrency","title":"Someone else changed this record after you opened it. Reload it and try again.","status":409,"code":"concurrency","traceId":"00-e841542d6bd8a423b0b59b1d0
[xUnit.net 00:29:56.92]       PUT /api/lists/identity.roles/views/{id:guid} → 409 {"type":"urn:erp:problem:concurrency","title":"Someone else changed this record after you opened it. Reload it and try again.","status":409,"code":"concurrency","traceId":"00-0bad1caeec9d1b19e9502ecd0
[xUnit.net 00:29:56.92]       PUT /api/lists/identity.roles/views/{id:guid} → 409 {"type":"urn:erp:problem:concurrency","title":"Someone else changed this record after you opened it. Reload it and try again.","status":409,"code":"concurrency","traceId":"00-41d95463a55520de9ef88e95d
[xUnit.net 00:29:56.92]       PUT /api/lists/identity.roles/views/{id:guid} → 409 {"type":"urn:erp:problem:concurrency","title":"Someone else changed this record after you opened it. Reload it and try again.","status":409,"code":"concurrency","traceId":"00-1c0c0b45a58bf220fbf165b6b
[xUnit.net 00:29:56.92]       PUT /api/lists/identity.roles/views/{id:guid} → 409 {"type":"urn:erp:problem:concurrency","title":"Someone else changed this record after you opened it. Reload it and try again.","status":409,"code":"concurrency","traceId":"00-453172c13ab919a2987aef394
[xUnit.net 00:29:56.92]       PUT /api/lists/identity.roles/views/{id:guid} → 409 {"type":"urn:erp:problem:concurrency","title":"Someone else changed this record after you opened it. Reload it and try again.","status":409,"code":"concurrency","traceId":"00-b20792fdd90179f7bb3ea5d1f
[xUnit.net 00:29:56.92]       PUT /api/lists/identity.roles/views/{id:guid} → 409 {"type":"urn:erp:problem:concurrency","title":"Someone else changed this record after you opened it. Reload it and try again.","status":409,"code":"concurrency","traceId":"00-ac977da8c2640c18415ec9703
[xUnit.net 00:29:56.92]       PUT /api/lists/identity.roles/views/{id:guid} → 409 {"type":"urn:erp:problem:concurrency","title":"Someone else changed this record after you opened it. Reload it and try again.","status":409,"code":"concurrency","traceId":"00-0a77286cf2f276c0cb5d42c9b
[xUnit.net 00:29:56.92]       PUT /api/lists/identity.roles/views/{id:guid} → 409 {"type":"urn:erp:problem:concurrency","title":"Someone else changed this record after you opened it. Reload it and try again.","status":409,"code":"concurrency","traceId":"00-f6cf8d7560e7c91b272fe24bf
[xUnit.net 00:29:56.92]       PUT /api/lists/identity.roles/views/{id:guid} → 409 {"type":"urn:erp:problem:concurrency","title":"Someone else changed this record after you opened it. Reload it and try again.","status":409,"code":"concurrency","traceId":"00-fa43539c0cfe01c847a15283f
[xUnit.net 00:29:56.92]       PUT /api/lists/identity.users/shared-views/{id:guid} → 409 {"type":"urn:erp:problem:concurrency","title":"Someone else changed this record after you opened it. Reload it and try again.","status":409,"code":"concurrency","traceId":"00-46150993e96e5e0b510e9c4bd
[xUnit.net 00:29:56.92]       PUT /api/lists/identity.users/shared-views/{id:guid} → 409 {"type":"urn:erp:problem:concurrency","title":"Someone else changed this record after you opened it. Reload it and try again.","status":409,"code":"concurrency","traceId":"00-25fd36f61f18de77fac760126
[xUnit.net 00:29:56.92]       PUT /api/lists/identity.users/shared-views/{id:guid} → 409 {"type":"urn:erp:problem:concurrency","title":"Someone else changed this record after you opened it. Reload it and try again.","status":409,"code":"concurrency","traceId":"00-f2e67bb7e897f5dc4c502cf0f
[xUnit.net 00:29:56.92]       PUT /api/lists/identity.users/shared-views/{id:guid} → 409 {"type":"urn:erp:problem:concurrency","title":"Someone else changed this record after you opened it. Reload it and try again.","status":409,"code":"concurrency","traceId":"00-848615b7cc7a6f30991e6a9cb
[xUnit.net 00:29:56.92]       PUT /api/lists/identity.users/shared-views/{id:guid} → 409 {"type":"urn:erp:problem:concurrency","title":"Someone else changed this record after you opened it. Reload it and try again.","status":409,"code":"concurrency","traceId":"00-846eab6ebf2c2b65799792ac2
[xUnit.net 00:29:56.92]       PUT /api/lists/identity.users/shared-views/{id:guid} → 409 {"type":"urn:erp:problem:concurrency","title":"Someone else changed this record after you opened it. Reload it and try again.","status":409,"code":"concurrency","traceId":"00-6cc4f47f6bf57fe1c92f6a4a3
[xUnit.net 00:29:56.92]       PUT /api/lists/identity.users/shared-views/{id:guid} → 409 {"type":"urn:erp:problem:concurrency","title":"Someone else changed this record after you opened it. Reload it and try again.","status":409,"code":"concurrency","traceId":"00-e8109c0f70cfacd2e2717d4ee
[xUnit.net 00:29:56.92]       PUT /api/lists/identity.users/shared-views/{id:guid} → 409 {"type":"urn:erp:problem:concurrency","title":"Someone else changed this record after you opened it. Reload it and try again.","status":409,"code":"concurrency","traceId":"00-eb210ec5f65fccdf6491cba20
[xUnit.net 00:29:56.92]       PUT /api/lists/identity.users/shared-views/{id:guid} → 409 {"type":"urn:erp:problem:concurrency","title":"Someone else changed this record after you opened it. Reload it and try again.","status":409,"code":"concurrency","traceId":"00-387f069e89b4768e01ea6d451
[xUnit.net 00:29:56.92]       PUT /api/lists/identity.users/shared-views/{id:guid} → 409 {"type":"urn:erp:problem:concurrency","title":"Someone else changed this record after you opened it. Reload it and try again.","status":409,"code":"concurrency","traceId":"00-a2bfeb4d8a8d5432e0e42bc7f
[xUnit.net 00:29:56.92]       PUT /api/lists/identity.users/shared-views/{id:guid} → 409 {"type":"urn:erp:problem:concurrency","title":"Someone else changed this record after you opened it. Reload it and try again.","status":409,"code":"concurrency","traceId":"00-c9013a7cd9fdfc4501a94caaf
[xUnit.net 00:29:56.92]       PUT /api/lists/identity.users/shared-views/{id:guid} → 409 {"type":"urn:erp:problem:concurrency","title":"Someone else changed this record after you opened it. Reload it and try again.","status":409,"code":"concurrency","traceId":"00-9eba523e8dacfb6aa3780713b
[xUnit.net 00:29:56.92]       PUT /api/lists/identity.users/shared-views/{id:guid} → 409 {"type":"urn:erp:problem:concurrency","title":"Someone else changed this record after you opened it. Reload it and try again.","status":409,"code":"concurrency","traceId":"00-aea27fb37826d92692ce70762
[xUnit.net 00:29:56.92]       PUT /api/lists/identity.users/shared-views/{id:guid} → 409 {"type":"urn:erp:problem:concurrency","title":"Someone else changed this record after you opened it. Reload it and try again.","status":409,"code":"concurrency","traceId":"00-0aaf349465abe9d2a001e3746
[xUnit.net 00:29:56.92]       PUT /api/lists/identity.users/shared-views/{id:guid} → 409 {"type":"urn:erp:problem:concurrency","title":"Someone else changed this record after you opened it. Reload it and try again.","status":409,"code":"concurrency","traceId":"00-628ef296935fa8d6d9f6602bd
[xUnit.net 00:29:56.92]       PUT /api/lists/identity.users/shared-views/{id:guid} → 409 {"type":"urn:erp:problem:concurrency","title":"Someone else changed this record after you opened it. Reload it and try again.","status":409,"code":"concurrency","traceId":"00-b95f5370dc1890c7beca49fcc
[xUnit.net 00:29:56.92]       PUT /api/lists/identity.users/shared-views/{id:guid} → 409 {"type":"urn:erp:problem:concurrency","title":"Someone else changed this record after you opened it. Reload it and try again.","status":409,"code":"concurrency","traceId":"00-ff170901cec92653b7f12e0fd
[xUnit.net 00:29:56.92]       PUT /api/lists/identity.users/shared-views/{id:guid} → 409 {"type":"urn:erp:problem:concurrency","title":"Someone else changed this record after you opened it. Reload it and try again.","status":409,"code":"concurrency","traceId":"00-3a833f3dd4fc47a8e1a360cb1
[xUnit.net 00:29:56.92]       PUT /api/lists/identity.users/views/{id:guid} → 409 {"type":"urn:erp:problem:concurrency","title":"Someone else changed this record after you opened it. Reload it and try again.","status":409,"code":"concurrency","traceId":"00-5845c87dfb402c9d747ca9de7
[xUnit.net 00:29:56.92]       PUT /api/lists/identity.users/views/{id:guid} → 409 {"type":"urn:erp:problem:concurrency","title":"Someone else changed this record after you opened it. Reload it and try again.","status":409,"code":"concurrency","traceId":"00-aea7f57224f3f76d4f5fca527
[xUnit.net 00:29:56.92]       PUT /api/lists/identity.users/views/{id:guid} → 409 {"type":"urn:erp:problem:concurrency","title":"Someone else changed this record after you opened it. Reload it and try again.","status":409,"code":"concurrency","traceId":"00-1047025b625f94fabb46c161f
[xUnit.net 00:29:56.92]       PUT /api/lists/identity.users/views/{id:guid} → 409 {"type":"urn:erp:problem:concurrency","title":"Someone else changed this record after you opened it. Reload it and try again.","status":409,"code":"concurrency","traceId":"00-2837be5d06a515de6bd3011b7
[xUnit.net 00:29:56.92]       PUT /api/lists/identity.users/views/{id:guid} → 409 {"type":"urn:erp:problem:concurrency","title":"Someone else changed this record after you opened it. Reload it and try again.","status":409,"code":"concurrency","traceId":"00-2102d688c6d1e78d3e5bc9517
[xUnit.net 00:29:56.92]       PUT /api/lists/identity.users/views/{id:guid} → 409 {"type":"urn:erp:problem:concurrency","title":"Someone else changed this record after you opened it. Reload it and try again.","status":409,"code":"concurrency","traceId":"00-9173d8c2e2a4c5be6b63cb5de
[xUnit.net 00:29:56.92]       PUT /api/lists/identity.users/views/{id:guid} → 409 {"type":"urn:erp:problem:concurrency","title":"Someone else changed this record after you opened it. Reload it and try again.","status":409,"code":"concurrency","traceId":"00-651d3d0321c01c487560ea219
[xUnit.net 00:29:56.92]       PUT /api/lists/identity.users/views/{id:guid} → 409 {"type":"urn:erp:problem:concurrency","title":"Someone else changed this record after you opened it. Reload it and try again.","status":409,"code":"concurrency","traceId":"00-ddb10ecf2fd6a1ebc5bc26164
[xUnit.net 00:29:56.92]       PUT /api/lists/identity.users/views/{id:guid} → 409 {"type":"urn:erp:problem:concurrency","title":"Someone else changed this record after you opened it. Reload it and try again.","status":409,"code":"concurrency","traceId":"00-b954f4546f18caa59792eb46c
[xUnit.net 00:29:56.92]       PUT /api/lists/identity.users/views/{id:guid} → 409 {"type":"urn:erp:problem:concurrency","title":"Someone else changed this record after you opened it. Reload it and try again.","status":409,"code":"concurrency","traceId":"00-cc909c26e7a51f1d553250dad
[xUnit.net 00:29:56.92]       PUT /api/lists/identity.users/views/{id:guid} → 409 {"type":"urn:erp:problem:concurrency","title":"Someone else changed this record after you opened it. Reload it and try again.","status":409,"code":"concurrency","traceId":"00-325b0f8f1093624b8d39aecd7
[xUnit.net 00:29:56.92]       PUT /api/lists/identity.users/views/{id:guid} → 409 {"type":"urn:erp:problem:concurrency","title":"Someone else changed this record after you opened it. Reload it and try again.","status":409,"code":"concurrency","traceId":"00-2e3fe0ae81e5768be60f62f43
[xUnit.net 00:29:56.92]       PUT /api/lists/identity.users/views/{id:guid} → 409 {"type":"urn:erp:problem:concurrency","title":"Someone else changed this record after you opened it. Reload it and try again.","status":409,"code":"concurrency","traceId":"00-723b43bd2ec09f95a565d7223
[xUnit.net 00:29:56.92]       PUT /api/lists/identity.users/views/{id:guid} → 409 {"type":"urn:erp:problem:concurrency","title":"Someone else changed this record after you opened it. Reload it and try again.","status":409,"code":"concurrency","traceId":"00-3fa56c25ce22fe8636488e6bf
[xUnit.net 00:29:56.92]       PUT /api/lists/identity.users/views/{id:guid} → 409 {"type":"urn:erp:problem:concurrency","title":"Someone else changed this record after you opened it. Reload it and try again.","status":409,"code":"concurrency","traceId":"00-a984bddc6e814f3cfeb49e35e
[xUnit.net 00:29:56.92]       PUT /api/lists/identity.users/views/{id:guid} → 409 {"type":"urn:erp:problem:concurrency","title":"Someone else changed this record after you opened it. Reload it and try again.","status":409,"code":"concurrency","traceId":"00-0f51b6d0b13fd953f2f444dd4
[xUnit.net 00:29:56.92]       PUT /api/lists/identity.users/views/{id:guid} → 409 {"type":"urn:erp:problem:concurrency","title":"Someone else changed this record after you opened it. Reload it and try again.","status":409,"code":"concurrency","traceId":"00-8691b5731d439b09e1ce162f1
[xUnit.net 00:29:56.92]       PUT /api/lists/identity.users/views/{id:guid} → 409 {"type":"urn:erp:problem:concurrency","title":"Someone else changed this record after you opened it. Reload it and try again.","status":409,"code":"concurrency","traceId":"00-d804d3b35be9a1f431a8b269b
[xUnit.net 00:29:56.92]       PUT /api/lists/tenancy.access/shared-views/{id:guid} → 409 {"type":"urn:erp:problem:concurrency","title":"Someone else changed this record after you opened it. Reload it and try again.","status":409,"code":"concurrency","traceId":"00-a74c1f22751647404d7413326
[xUnit.net 00:29:56.92]       PUT /api/lists/tenancy.access/shared-views/{id:guid} → 409 {"type":"urn:erp:problem:concurrency","title":"Someone else changed this record after you opened it. Reload it and try again.","status":409,"code":"concurrency","traceId":"00-1fc10ac60593dc503e49221a2
[xUnit.net 00:29:56.92]       PUT /api/lists/tenancy.access/shared-views/{id:guid} → 409 {"type":"urn:erp:problem:concurrency","title":"Someone else changed this record after you opened it. Reload it and try again.","status":409,"code":"concurrency","traceId":"00-3203fdc93a2723d8109740b59
[xUnit.net 00:29:56.92]       PUT /api/lists/tenancy.access/views/{id:guid} → 409 {"type":"urn:erp:problem:concurrency","title":"Someone else changed this record after you opened it. Reload it and try again.","status":409,"code":"concurrency","traceId":"00-6f89dea8dcc47fec8ad66baba
[xUnit.net 00:29:56.92]       PUT /api/lists/tenancy.access/views/{id:guid} → 409 {"type":"urn:erp:problem:concurrency","title":"Someone else changed this record after you opened it. Reload it and try again.","status":409,"code":"concurrency","traceId":"00-1e4af9eddeaf2a8e7b3924b1c
[xUnit.net 00:29:56.92]       PUT /api/lists/tenancy.access/views/{id:guid} → 409 {"type":"urn:erp:problem:concurrency","title":"Someone else changed this record after you opened it. Reload it and try again.","status":409,"code":"concurrency","traceId":"00-a8456b50301c07067cc0e25aa
[xUnit.net 00:29:56.92]       PUT /api/lists/tenancy.branches/shared-views/{id:guid} → 409 {"type":"urn:erp:problem:concurrency","title":"Someone else changed this record after you opened it. Reload it and try again.","status":409,"code":"concurrency","traceId":"00-890638394b66c8dff993215f6
[xUnit.net 00:29:56.92]       PUT /api/lists/tenancy.branches/shared-views/{id:guid} → 409 {"type":"urn:erp:problem:concurrency","title":"Someone else changed this record after you opened it. Reload it and try again.","status":409,"code":"concurrency","traceId":"00-b2acb99ec6c76d18245d8bdef
[xUnit.net 00:29:56.92]       PUT /api/lists/tenancy.branches/shared-views/{id:guid} → 409 {"type":"urn:erp:problem:concurrency","title":"Someone else changed this record after you opened it. Reload it and try again.","status":409,"code":"concurrency","traceId":"00-099de24b0585f1b807dd18f57
[xUnit.net 00:29:56.92]       PUT /api/lists/tenancy.branches/shared-views/{id:guid} → 409 {"type":"urn:erp:problem:concurrency","title":"Someone else changed this record after you opened it. Reload it and try again.","status":409,"code":"concurrency","traceId":"00-b5709237e9fa0bb6127e0345b
[xUnit.net 00:29:56.92]       PUT /api/lists/tenancy.branches/shared-views/{id:guid} → 409 {"type":"urn:erp:problem:concurrency","title":"Someone else changed this record after you opened it. Reload it and try again.","status":409,"code":"concurrency","traceId":"00-87f7f2b8bb80aad2abc452500
[xUnit.net 00:29:56.92]       PUT /api/lists/tenancy.branches/shared-views/{id:guid} → 409 {"type":"urn:erp:problem:concurrency","title":"Someone else changed this record after you opened it. Reload it and try again.","status":409,"code":"concurrency","traceId":"00-6be74525cf0f41a33e85dac3a
[xUnit.net 00:29:56.93]       PUT /api/lists/tenancy.branches/shared-views/{id:guid} → 409 {"type":"urn:erp:problem:concurrency","title":"Someone else changed this record after you opened it. Reload it and try again.","status":409,"code":"concurrency","traceId":"00-796310782e92403c234fea403
[xUnit.net 00:29:56.93]       PUT /api/lists/tenancy.branches/shared-views/{id:guid} → 409 {"type":"urn:erp:problem:concurrency","title":"Someone else changed this record after you opened it. Reload it and try again.","status":409,"code":"concurrency","traceId":"00-2faad4799258b5fdbdd705c07
[xUnit.net 00:29:56.93]       PUT /api/lists/tenancy.branches/shared-views/{id:guid} → 409 {"type":"urn:erp:problem:concurrency","title":"Someone else changed this record after you opened it. Reload it and try again.","status":409,"code":"concurrency","traceId":"00-48ea164b0ffd05418cdfda897
[xUnit.net 00:29:56.93]       PUT /api/lists/tenancy.branches/shared-views/{id:guid} → 409 {"type":"urn:erp:problem:concurrency","title":"Someone else changed this record after you opened it. Reload it and try again.","status":409,"code":"concurrency","traceId":"00-53045c4942c94d579794cd9a6
[xUnit.net 00:29:56.93]       PUT /api/lists/tenancy.branches/shared-views/{id:guid} → 409 {"type":"urn:erp:problem:concurrency","title":"Someone else changed this record after you opened it. Reload it and try again.","status":409,"code":"concurrency","traceId":"00-cff678648e624f6a3b66fd65a
[xUnit.net 00:29:56.93]       PUT /api/lists/tenancy.branches/shared-views/{id:guid} → 409 {"type":"urn:erp:problem:concurrency","title":"Someone else changed this record after you opened it. Reload it and try again.","status":409,"code":"concurrency","traceId":"00-442f77267572ad08bfece79cc
[xUnit.net 00:29:56.93]       PUT /api/lists/tenancy.branches/shared-views/{id:guid} → 409 {"type":"urn:erp:problem:concurrency","title":"Someone else changed this record after you opened it. Reload it and try again.","status":409,"code":"concurrency","traceId":"00-32caac0b922f8efbbc3f9284b
[xUnit.net 00:29:56.93]       PUT /api/lists/tenancy.branches/shared-views/{id:guid} → 409 {"type":"urn:erp:problem:concurrency","title":"Someone else changed this record after you opened it. Reload it and try again.","status":409,"code":"concurrency","traceId":"00-afc87a689324aef6db8a95ad6
[xUnit.net 00:29:56.93]       PUT /api/lists/tenancy.branches/shared-views/{id:guid} → 409 {"type":"urn:erp:problem:concurrency","title":"Someone else changed this record after you opened it. Reload it and try again.","status":409,"code":"concurrency","traceId":"00-1352f9d8089c292a9c4b9fad2
[xUnit.net 00:29:56.93]       PUT /api/lists/tenancy.branches/shared-views/{id:guid} → 409 {"type":"urn:erp:problem:concurrency","title":"Someone else changed this record after you opened it. Reload it and try again.","status":409,"code":"concurrency","traceId":"00-ed637a66d782e7a4ae8a45604
[xUnit.net 00:29:56.93]       PUT /api/lists/tenancy.branches/shared-views/{id:guid} → 409 {"type":"urn:erp:problem:concurrency","title":"Someone else changed this record after you opened it. Reload it and try again.","status":409,"code":"concurrency","traceId":"00-246e79b101d75ffab485b6d3b
[xUnit.net 00:29:56.93]       PUT /api/lists/tenancy.branches/shared-views/{id:guid} → 409 {"type":"urn:erp:problem:concurrency","title":"Someone else changed this record after you opened it. Reload it and try again.","status":409,"code":"concurrency","traceId":"00-1b5b395f69f90c1cb3e723611
[xUnit.net 00:29:56.93]       PUT /api/lists/tenancy.branches/views/{id:guid} → 409 {"type":"urn:erp:problem:concurrency","title":"Someone else changed this record after you opened it. Reload it and try again.","status":409,"code":"concurrency","traceId":"00-9c6de7aa145cb1142a85e2744
[xUnit.net 00:29:56.93]       PUT /api/lists/tenancy.branches/views/{id:guid} → 409 {"type":"urn:erp:problem:concurrency","title":"Someone else changed this record after you opened it. Reload it and try again.","status":409,"code":"concurrency","traceId":"00-0f23ffca05680a2cb47c40cbf
[xUnit.net 00:29:56.93]       PUT /api/lists/tenancy.branches/views/{id:guid} → 409 {"type":"urn:erp:problem:concurrency","title":"Someone else changed this record after you opened it. Reload it and try again.","status":409,"code":"concurrency","traceId":"00-8de1ebda9d00590f57998bbb7
[xUnit.net 00:29:56.93]       PUT /api/lists/tenancy.branches/views/{id:guid} → 409 {"type":"urn:erp:problem:concurrency","title":"Someone else changed this record after you opened it. Reload it and try again.","status":409,"code":"concurrency","traceId":"00-460e0f95bdef65f6ba5855475
[xUnit.net 00:29:56.93]       PUT /api/lists/tenancy.branches/views/{id:guid} → 409 {"type":"urn:erp:problem:concurrency","title":"Someone else changed this record after you opened it. Reload it and try again.","status":409,"code":"concurrency","traceId":"00-8c7dcebbda8e5350dc0929490
[xUnit.net 00:29:56.93]       PUT /api/lists/tenancy.branches/views/{id:guid} → 409 {"type":"urn:erp:problem:concurrency","title":"Someone else changed this record after you opened it. Reload it and try again.","status":409,"code":"concurrency","traceId":"00-a9e9216e1622835b86741b523
[xUnit.net 00:29:56.93]       PUT /api/lists/tenancy.branches/views/{id:guid} → 409 {"type":"urn:erp:problem:concurrency","title":"Someone else changed this record after you opened it. Reload it and try again.","status":409,"code":"concurrency","traceId":"00-5bdac65a2b99aa6e003375b98
[xUnit.net 00:29:56.93]       PUT /api/lists/tenancy.branches/views/{id:guid} → 409 {"type":"urn:erp:problem:concurrency","title":"Someone else changed this record after you opened it. Reload it and try again.","status":409,"code":"concurrency","traceId":"00-153687d1d8d386d01afd1325e
[xUnit.net 00:29:56.93]       PUT /api/lists/tenancy.branches/views/{id:guid} → 409 {"type":"urn:erp:problem:concurrency","title":"Someone else changed this record after you opened it. Reload it and try again.","status":409,"code":"concurrency","traceId":"00-8aea885b3327b8d78e7f808fa
[xUnit.net 00:29:56.93]       PUT /api/lists/tenancy.branches/views/{id:guid} → 409 {"type":"urn:erp:problem:concurrency","title":"Someone else changed this record after you opened it. Reload it and try again.","status":409,"code":"concurrency","traceId":"00-e0be025b6fa847e6023dce893
[xUnit.net 00:29:56.93]       PUT /api/lists/tenancy.branches/views/{id:guid} → 409 {"type":"urn:erp:problem:concurrency","title":"Someone else changed this record after you opened it. Reload it and try again.","status":409,"code":"concurrency","traceId":"00-bdb9fbfd00f363fb279d67bb5
[xUnit.net 00:29:56.93]       PUT /api/lists/tenancy.branches/views/{id:guid} → 409 {"type":"urn:erp:problem:concurrency","title":"Someone else changed this record after you opened it. Reload it and try again.","status":409,"code":"concurrency","traceId":"00-16470efb6427639a786fd3cf2
[xUnit.net 00:29:56.93]       PUT /api/lists/tenancy.branches/views/{id:guid} → 409 {"type":"urn:erp:problem:concurrency","title":"Someone else changed this record after you opened it. Reload it and try again.","status":409,"code":"concurrency","traceId":"00-1250ef147e051d77d6cdfa656
[xUnit.net 00:29:56.93]       PUT /api/lists/tenancy.branches/views/{id:guid} → 409 {"type":"urn:erp:problem:concurrency","title":"Someone else changed this record after you opened it. Reload it and try again.","status":409,"code":"concurrency","traceId":"00-44223fd59f120e4c03b328f36
[xUnit.net 00:29:56.93]       PUT /api/lists/tenancy.branches/views/{id:guid} → 409 {"type":"urn:erp:problem:concurrency","title":"Someone else changed this record after you opened it. Reload it and try again.","status":409,"code":"concurrency","traceId":"00-51f0762bfe4e10468e745057f
[xUnit.net 00:29:56.93]       PUT /api/lists/tenancy.branches/views/{id:guid} → 409 {"type":"urn:erp:problem:concurrency","title":"Someone else changed this record after you opened it. Reload it and try again.","status":409,"code":"concurrency","traceId":"00-3f617e75198b0d5d51e070864
[xUnit.net 00:29:56.93]       PUT /api/lists/tenancy.branches/views/{id:guid} → 409 {"type":"urn:erp:problem:concurrency","title":"Someone else changed this record after you opened it. Reload it and try again.","status":409,"code":"concurrency","traceId":"00-d26cbb1564eaae56c4d65c8db
[xUnit.net 00:29:56.93]       PUT /api/lists/tenancy.branches/views/{id:guid} → 409 {"type":"urn:erp:problem:concurrency","title":"Someone else changed this record after you opened it. Reload it and try again.","status":409,"code":"concurrency","traceId":"00-f70a9d5cab009bdbff4217d3a
[xUnit.net 00:29:56.93]       PUT /api/lists/tenancy.companies/shared-views/{id:guid} → 409 {"type":"urn:erp:problem:concurrency","title":"Someone else changed this record after you opened it. Reload it and try again.","status":409,"code":"concurrency","traceId":"00-93f7a04d84e522daad33c36a2
[xUnit.net 00:29:56.93]       PUT /api/lists/tenancy.companies/shared-views/{id:guid} → 409 {"type":"urn:erp:problem:concurrency","title":"Someone else changed this record after you opened it. Reload it and try again.","status":409,"code":"concurrency","traceId":"00-73fa6ad92665afc481aaafebb
[xUnit.net 00:29:56.93]       PUT /api/lists/tenancy.companies/shared-views/{id:guid} → 409 {"type":"urn:erp:problem:concurrency","title":"Someone else changed this record after you opened it. Reload it and try again.","status":409,"code":"concurrency","traceId":"00-bd8ec7bff41045199f1169754
[xUnit.net 00:29:56.93]       PUT /api/lists/tenancy.companies/shared-views/{id:guid} → 409 {"type":"urn:erp:problem:concurrency","title":"Someone else changed this record after you opened it. Reload it and try again.","status":409,"code":"concurrency","traceId":"00-107c22f9a5f70dfe6dff38c11
[xUnit.net 00:29:56.93]       PUT /api/lists/tenancy.companies/shared-views/{id:guid} → 409 {"type":"urn:erp:problem:concurrency","title":"Someone else changed this record after you opened it. Reload it and try again.","status":409,"code":"concurrency","traceId":"00-a5fbc58beafa12cd1bffc9646
[xUnit.net 00:29:56.93]       PUT /api/lists/tenancy.companies/shared-views/{id:guid} → 409 {"type":"urn:erp:problem:concurrency","title":"Someone else changed this record after you opened it. Reload it and try again.","status":409,"code":"concurrency","traceId":"00-7c4d3bd08ddd6686b66069095
[xUnit.net 00:29:56.93]       PUT /api/lists/tenancy.companies/shared-views/{id:guid} → 409 {"type":"urn:erp:problem:concurrency","title":"Someone else changed this record after you opened it. Reload it and try again.","status":409,"code":"concurrency","traceId":"00-66f4cf3f980d683dbaeb63d2b
[xUnit.net 00:29:56.93]       PUT /api/lists/tenancy.companies/shared-views/{id:guid} → 409 {"type":"urn:erp:problem:concurrency","title":"Someone else changed this record after you opened it. Reload it and try again.","status":409,"code":"concurrency","traceId":"00-6c571f5ec7cc7c4db4b3e0d8f
[xUnit.net 00:29:56.93]       PUT /api/lists/tenancy.companies/shared-views/{id:guid} → 409 {"type":"urn:erp:problem:concurrency","title":"Someone else changed this record after you opened it. Reload it and try again.","status":409,"code":"concurrency","traceId":"00-54fad8eb6bc3a72636d31ebbc
[xUnit.net 00:29:56.93]       PUT /api/lists/tenancy.companies/shared-views/{id:guid} → 409 {"type":"urn:erp:problem:concurrency","title":"Someone else changed this record after you opened it. Reload it and try again.","status":409,"code":"concurrency","traceId":"00-e2b6930beacbc16b938edeec7
[xUnit.net 00:29:56.93]       PUT /api/lists/tenancy.companies/shared-views/{id:guid} → 409 {"type":"urn:erp:problem:concurrency","title":"Someone else changed this record after you opened it. Reload it and try again.","status":409,"code":"concurrency","traceId":"00-b6efa4970d8ac408f1d628b3f
[xUnit.net 00:29:56.93]       PUT /api/lists/tenancy.companies/shared-views/{id:guid} → 409 {"type":"urn:erp:problem:concurrency","title":"Someone else changed this record after you opened it. Reload it and try again.","status":409,"code":"concurrency","traceId":"00-20c856210e978b85fb18c1763
[xUnit.net 00:29:56.93]       PUT /api/lists/tenancy.companies/shared-views/{id:guid} → 409 {"type":"urn:erp:problem:concurrency","title":"Someone else changed this record after you opened it. Reload it and try again.","status":409,"code":"concurrency","traceId":"00-29d2d4e7583ffc920f84e9d5e
[xUnit.net 00:29:56.93]       PUT /api/lists/tenancy.companies/shared-views/{id:guid} → 409 {"type":"urn:erp:problem:concurrency","title":"Someone else changed this record after you opened it. Reload it and try again.","status":409,"code":"concurrency","traceId":"00-aaa3f4390431cb19b6c49b68a
[xUnit.net 00:29:56.93]       PUT /api/lists/tenancy.companies/shared-views/{id:guid} → 409 {"type":"urn:erp:problem:concurrency","title":"Someone else changed this record after you opened it. Reload it and try again.","status":409,"code":"concurrency","traceId":"00-74fc086395692264f55952811
[xUnit.net 00:29:56.93]       PUT /api/lists/tenancy.companies/shared-views/{id:guid} → 409 {"type":"urn:erp:problem:concurrency","title":"Someone else changed this record after you opened it. Reload it and try again.","status":409,"code":"concurrency","traceId":"00-77401d464e14b6182e0f5f6dd
[xUnit.net 00:29:56.93]       PUT /api/lists/tenancy.companies/shared-views/{id:guid} → 409 {"type":"urn:erp:problem:concurrency","title":"Someone else changed this record after you opened it. Reload it and try again.","status":409,"code":"concurrency","traceId":"00-ee5f7452f017ba2160cc5bbe7
[xUnit.net 00:29:56.93]       PUT /api/lists/tenancy.companies/shared-views/{id:guid} → 409 {"type":"urn:erp:problem:concurrency","title":"Someone else changed this record after you opened it. Reload it and try again.","status":409,"code":"concurrency","traceId":"00-5e7311a33e08d480bf4259597
[xUnit.net 00:29:56.93]       PUT /api/lists/tenancy.companies/shared-views/{id:guid} → 409 {"type":"urn:erp:problem:concurrency","title":"Someone else changed this record after you opened it. Reload it and try again.","status":409,"code":"concurrency","traceId":"00-a4fce2a5ec17a5546b52a9b6c
[xUnit.net 00:29:56.93]       PUT /api/lists/tenancy.companies/shared-views/{id:guid} → 409 {"type":"urn:erp:problem:concurrency","title":"Someone else changed this record after you opened it. Reload it and try again.","status":409,"code":"concurrency","traceId":"00-73cb144d97729b41e874802e1
[xUnit.net 00:29:56.93]       PUT /api/lists/tenancy.companies/views/{id:guid} → 409 {"type":"urn:erp:problem:concurrency","title":"Someone else changed this record after you opened it. Reload it and try again.","status":409,"code":"concurrency","traceId":"00-818867c1b2bd31d443ae59806
[xUnit.net 00:29:56.93]       PUT /api/lists/tenancy.companies/views/{id:guid} → 409 {"type":"urn:erp:problem:concurrency","title":"Someone else changed this record after you opened it. Reload it and try again.","status":409,"code":"concurrency","traceId":"00-27f6bb9492bec0f9b95152eaf
[xUnit.net 00:29:56.93]       PUT /api/lists/tenancy.companies/views/{id:guid} → 409 {"type":"urn:erp:problem:concurrency","title":"Someone else changed this record after you opened it. Reload it and try again.","status":409,"code":"concurrency","traceId":"00-4e8421cdb8af3ce0f51438f5a
[xUnit.net 00:29:56.93]       PUT /api/lists/tenancy.companies/views/{id:guid} → 409 {"type":"urn:erp:problem:concurrency","title":"Someone else changed this record after you opened it. Reload it and try again.","status":409,"code":"concurrency","traceId":"00-624aeea3d891f1025c5aec9c0
[xUnit.net 00:29:56.93]       PUT /api/lists/tenancy.companies/views/{id:guid} → 409 {"type":"urn:erp:problem:concurrency","title":"Someone else changed this record after you opened it. Reload it and try again.","status":409,"code":"concurrency","traceId":"00-b57f854bc4fd919b86a6fcc56
[xUnit.net 00:29:56.93]       PUT /api/lists/tenancy.companies/views/{id:guid} → 409 {"type":"urn:erp:problem:concurrency","title":"Someone else changed this record after you opened it. Reload it and try again.","status":409,"code":"concurrency","traceId":"00-2b00077574969e9ba15cdecf6
[xUnit.net 00:29:56.93]       PUT /api/lists/tenancy.companies/views/{id:guid} → 409 {"type":"urn:erp:problem:concurrency","title":"Someone else changed this record after you opened it. Reload it and try again.","status":409,"code":"concurrency","traceId":"00-2408b3c48ed617e7ba1b9c522
[xUnit.net 00:29:56.93]       PUT /api/lists/tenancy.companies/views/{id:guid} → 409 {"type":"urn:erp:problem:concurrency","title":"Someone else changed this record after you opened it. Reload it and try again.","status":409,"code":"concurrency","traceId":"00-6ce5b2b4d8b7a164f92ac8d99
[xUnit.net 00:29:56.93]       PUT /api/lists/tenancy.companies/views/{id:guid} → 409 {"type":"urn:erp:problem:concurrency","title":"Someone else changed this record after you opened it. Reload it and try again.","status":409,"code":"concurrency","traceId":"00-a03c658a16417b97e8f1fd974
[xUnit.net 00:29:56.93]       PUT /api/lists/tenancy.companies/views/{id:guid} → 409 {"type":"urn:erp:problem:concurrency","title":"Someone else changed this record after you opened it. Reload it and try again.","status":409,"code":"concurrency","traceId":"00-f2665f483829b3c7c12279a7a
[xUnit.net 00:29:56.94]       PUT /api/lists/tenancy.companies/views/{id:guid} → 409 {"type":"urn:erp:problem:concurrency","title":"Someone else changed this record after you opened it. Reload it and try again.","status":409,"code":"concurrency","traceId":"00-e6ea1b0d24f3bd10269dcbc50
[xUnit.net 00:29:56.94]       PUT /api/lists/tenancy.companies/views/{id:guid} → 409 {"type":"urn:erp:problem:concurrency","title":"Someone else changed this record after you opened it. Reload it and try again.","status":409,"code":"concurrency","traceId":"00-8d10d523bdf5993b4bd731761
[xUnit.net 00:29:56.94]       PUT /api/lists/tenancy.companies/views/{id:guid} → 409 {"type":"urn:erp:problem:concurrency","title":"Someone else changed this record after you opened it. Reload it and try again.","status":409,"code":"concurrency","traceId":"00-a1e34b1e92c89e407d5f40a11
[xUnit.net 00:29:56.94]       PUT /api/lists/tenancy.companies/views/{id:guid} → 409 {"type":"urn:erp:problem:concurrency","title":"Someone else changed this record after you opened it. Reload it and try again.","status":409,"code":"concurrency","traceId":"00-35a4212c9e73ca4e74a0724f6
[xUnit.net 00:29:56.94]       PUT /api/lists/tenancy.companies/views/{id:guid} → 409 {"type":"urn:erp:problem:concurrency","title":"Someone else changed this record after you opened it. Reload it and try again.","status":409,"code":"concurrency","traceId":"00-8b94da1413ed16fa941f41ae1
[xUnit.net 00:29:56.94]       PUT /api/lists/tenancy.companies/views/{id:guid} → 409 {"type":"urn:erp:problem:concurrency","title":"Someone else changed this record after you opened it. Reload it and try again.","status":409,"code":"concurrency","traceId":"00-392483ad16fd97d20fd57f3e7
[xUnit.net 00:29:56.94]       PUT /api/lists/tenancy.companies/views/{id:guid} → 409 {"type":"urn:erp:problem:concurrency","title":"Someone else changed this record after you opened it. Reload it and try again.","status":409,"code":"concurrency","traceId":"00-15223f15102a9755f534420d5
[xUnit.net 00:29:56.94]       PUT /api/lists/tenancy.companies/views/{id:guid} → 409 {"type":"urn:erp:problem:concurrency","title":"Someone else changed this record after you opened it. Reload it and try again.","status":409,"code":"concurrency","traceId":"00-528c380643b49f5016fef7356
[xUnit.net 00:29:56.94]       PUT /api/lists/tenancy.companies/views/{id:guid} → 409 {"type":"urn:erp:problem:concurrency","title":"Someone else changed this record after you opened it. Reload it and try again.","status":409,"code":"concurrency","traceId":"00-0bbe5aa0e21e3a63aec458bb1
[xUnit.net 00:29:56.94]       PUT /api/lists/tenancy.companies/views/{id:guid} → 409 {"type":"urn:erp:problem:concurrency","title":"Someone else changed this record after you opened it. Reload it and try again.","status":409,"code":"concurrency","traceId":"00-d91cab71ae56f47df4b6edc51
[xUnit.net 00:29:56.94]       PUT /api/tenancy/branches/{id:guid} → 409 {"type":"urn:erp:problem:concurrency","title":"Someone else changed this record after you opened it. Reload it and try again.","status":409,"code":"concurrency","traceId":"0HNP523EBKP26"}
[xUnit.net 00:29:56.94]       PUT /api/tenancy/branches/{id:guid} → 409 {"type":"urn:erp:problem:concurrency","title":"Someone else changed this record after you opened it. Reload it and try again.","status":409,"code":"concurrency","traceId":"0HNP523EBKP2B"}
[xUnit.net 00:29:56.94]       PUT /api/tenancy/branches/{id:guid} → 409 {"type":"urn:erp:problem:concurrency","title":"Someone else changed this record after you opened it. Reload it and try again.","status":409,"code":"concurrency","traceId":"0HNP523EBKP2E"}
[xUnit.net 00:29:56.94]       PUT /api/tenancy/branches/{id:guid} → 409 {"type":"urn:erp:problem:concurrency","title":"Someone else changed this record after you opened it. Reload it and try again.","status":409,"code":"concurrency","traceId":"0HNP523EBKP2J"}
[xUnit.net 00:29:56.94]       PUT /api/tenancy/branches/{id:guid} → 409 {"type":"urn:erp:problem:concurrency","title":"Someone else changed this record after you opened it. Reload it and try again.","status":409,"code":"concurrency","traceId":"0HNP523EBKP2N"}
[xUnit.net 00:29:56.94]       PUT /api/tenancy/branches/{id:guid} → 409 {"type":"urn:erp:problem:concurrency","title":"Someone else changed this record after you opened it. Reload it and try again.","status":409,"code":"concurrency","traceId":"0HNP523EBKP2R"}
[xUnit.net 00:29:56.94]       PUT /api/tenancy/branches/{id:guid} → 409 {"type":"urn:erp:problem:concurrency","title":"Someone else changed this record after you opened it. Reload it and try again.","status":409,"code":"concurrency","traceId":"0HNP523EBKP2U"}
[xUnit.net 00:29:56.94]       PUT /api/tenancy/companies/{id:guid} → 409 {"type":"urn:erp:problem:concurrency","title":"Someone else changed this record after you opened it. Reload it and try again.","status":409,"code":"concurrency","traceId":"0HNP523EBKP37"}
[xUnit.net 00:29:56.94]       PUT /api/tenancy/companies/{id:guid} → 409 {"type":"urn:erp:problem:concurrency","title":"Someone else changed this record after you opened it. Reload it and try again.","status":409,"code":"concurrency","traceId":"0HNP523EBKP3A"}
[xUnit.net 00:29:56.94]       PUT /api/tenancy/companies/{id:guid} → 409 {"type":"urn:erp:problem:concurrency","title":"Someone else changed this record after you opened it. Reload it and try again.","status":409,"code":"concurrency","traceId":"0HNP523EBKP3D"}
[xUnit.net 00:29:56.94]       PUT /api/tenancy/companies/{id:guid} → 409 {"type":"urn:erp:problem:concurrency","title":"Someone else changed this record after you opened it. Reload it and try again.","status":409,"code":"concurrency","traceId":"0HNP523EBKP3G"}
[xUnit.net 00:29:56.94]       PUT /api/tenancy/companies/{id:guid} → 409 {"type":"urn:erp:problem:concurrency","title":"Someone else changed this record after you opened it. Reload it and try again.","status":409,"code":"concurrency","traceId":"0HNP523EBKP3J"}
[xUnit.net 00:29:56.94]       PUT /api/tenancy/companies/{id:guid} → 409 {"type":"urn:erp:problem:concurrency","title":"Someone else changed this record after you opened it. Reload it and try again.","status":409,"code":"concurrency","traceId":"0HNP523EBKP3L"}
[xUnit.net 00:29:56.94]       PUT /api/tenancy/companies/{id:guid} → 409 {"type":"urn:erp:problem:concurrency","title":"Someone else changed this record after you opened it. Reload it and try again.","status":409,"code":"concurrency","traceId":"0HNP523EBKP3N"}
[xUnit.net 00:29:56.94]       PUT /api/tenancy/tenant → 409 {"type":"urn:erp:problem:concurrency","title":"Someone else changed this record after you opened it. Reload it and try again.","status":409,"code":"concurrency","traceId":"0HNP523EBKP3R"}
[xUnit.net 00:29:56.94]       PUT /api/tenancy/tenant → 409 {"type":"urn:erp:problem:concurrency","title":"Someone else changed this record after you opened it. Reload it and try again.","status":409,"code":"concurrency","traceId":"0HNP523EBKP3T"}
[xUnit.net 00:29:56.94]       PUT /api/tenancy/tenant → 409 {"type":"urn:erp:problem:concurrency","title":"Someone else changed this record after you opened it. Reload it and try again.","status":409,"code":"concurrency","traceId":"0HNP523EBKP3V"}
[xUnit.net 00:29:56.94]       PUT /api/tenancy/tenant → 409 {"type":"urn:erp:problem:concurrency","title":"Someone else changed this record after you opened it. Reload it and try again.","status":409,"code":"concurrency","traceId":"0HNP523EBKP41"}
[xUnit.net 00:29:56.94]       PUT /api/tenancy/tenant → 409 {"type":"urn:erp:problem:concurrency","title":"Someone else changed this record after you opened it. Reload it and try again.","status":409,"code":"concurrency","traceId":"0HNP523EBKP44"}
[xUnit.net 00:29:56.94]       PUT /api/tenancy/tenant → 409 {"type":"urn:erp:problem:concurrency","title":"Someone else changed this record after you opened it. Reload it and try again.","status":409,"code":"concurrency","traceId":"0HNP523EBKP46"}
[xUnit.net 00:29:56.94]       PUT /api/tenancy/tenant → 409 {"type":"urn:erp:problem:concurrency","title":"Someone else changed this record after you opened it. Reload it and try again.","status":409,"code":"concurrency","traceId":"0HNP523EBKP48"}
[xUnit.net 00:29:56.94]       PUT /api/tenancy/tenant → 409 {"type":"urn:erp:problem:concurrency","title":"Someone else changed this record after you opened it. Reload it and try again.","status":409,"code":"concurrency","traceId":"0HNP523EBKP4C"}
[xUnit.net 00:29:56.94]       PUT /api/tenancy/tenant → 409 {"type":"urn:erp:problem:concurrency","title":"Someone else changed this record after you opened it. Reload it and try again.","status":409,"code":"concurrency","traceId":"0HNP523EBKP4F"}
[xUnit.net 00:29:56.94]       PUT /api/identity/roles/{id:guid} → 409 {"type":"urn:erp:problem:concurrency","title":"Someone else changed this record after you opened it. Reload it and try again.","status":409,"code":"concurrency","traceId":"0HNP523EBLQT6"}
[xUnit.net 00:29:56.94]       PUT /api/identity/users/{id:guid} → 409 {"type":"urn:erp:problem:concurrency","title":"Someone else changed this record after you opened it. Reload it and try again.","status":409,"code":"concurrency","traceId":"0HNP523EBM7SC"}
[xUnit.net 00:29:56.94]       PUT /api/lists/identity.roles/views/{id:guid} → 409 {"type":"urn:erp:problem:concurrency","title":"Someone else changed this record after you opened it. Reload it and try again.","status":409,"code":"concurrency","traceId":"00-69ab5daefc3bb06175701aa75
[xUnit.net 00:29:56.94]       PUT /api/lists/identity.users/shared-views/{id:guid} → 409 {"type":"urn:erp:problem:concurrency","title":"Someone else changed this record after you opened it. Reload it and try again.","status":409,"code":"concurrency","traceId":"00-5c2a7ec50da0d6179aed053b4
[xUnit.net 00:29:56.94]       PUT /api/lists/identity.users/views/{id:guid} → 409 {"type":"urn:erp:problem:concurrency","title":"Someone else changed this record after you opened it. Reload it and try again.","status":409,"code":"concurrency","traceId":"00-29094480c60610edc28339752
[xUnit.net 00:29:56.94]       PUT /api/lists/tenancy.access/shared-views/{id:guid} → 409 {"type":"urn:erp:problem:concurrency","title":"Someone else changed this record after you opened it. Reload it and try again.","status":409,"code":"concurrency","traceId":"00-c6d1bed6728629e3ab9e452d9
[xUnit.net 00:29:56.94]       PUT /api/lists/tenancy.access/views/{id:guid} → 409 {"type":"urn:erp:problem:concurrency","title":"Someone else changed this record after you opened it. Reload it and try again.","status":409,"code":"concurrency","traceId":"00-c6b4b865ddc2fe5c38fcd252c
[xUnit.net 00:29:56.94]       PUT /api/lists/tenancy.branches/shared-views/{id:guid} → 409 {"type":"urn:erp:problem:concurrency","title":"Someone else changed this record after you opened it. Reload it and try again.","status":409,"code":"concurrency","traceId":"00-1a2ab3d97d8c54773a8a7a442
[xUnit.net 00:29:56.94]       PUT /api/lists/tenancy.branches/views/{id:guid} → 409 {"type":"urn:erp:problem:concurrency","title":"Someone else changed this record after you opened it. Reload it and try again.","status":409,"code":"concurrency","traceId":"00-09823de7f028ea913e163bcce
[xUnit.net 00:29:56.94]       PUT /api/lists/tenancy.companies/shared-views/{id:guid} → 409 {"type":"urn:erp:problem:concurrency","title":"Someone else changed this record after you opened it. Reload it and try again.","status":409,"code":"concurrency","traceId":"00-665a45116c5d3d4b2777ff9fd
[xUnit.net 00:29:56.94]       PUT /api/tenancy/branches/{id:guid} → 409 {"type":"urn:erp:problem:concurrency","title":"Someone else changed this record after you opened it. Reload it and try again.","status":409,"code":"concurrency","traceId":"0HNP523EBQC48"}
[xUnit.net 00:29:56.94]       PUT /api/tenancy/tenant → 409 {"type":"urn:erp:problem:concurrency","title":"Someone else changed this record after you opened it. Reload it and try again.","status":409,"code":"concurrency","traceId":"0HNP523EBQU4O"}
[xUnit.net 00:29:56.94]       PUT /api/tenancy/tenant → 409 {"type":"urn:erp:problem:concurrency","title":"Someone else changed this record after you opened it. Reload it and try again.","status":409,"code":"concurrency","traceId":"0HNP523EBQU5M"}
[xUnit.net 00:29:56.94]       PUT /api/identity/roles/{id:guid} → 409 {"type":"urn:erp:problem:concurrency","title":"Someone else changed this record after you opened it. Reload it and try again.","status":409,"code":"concurrency","traceId":"0HNP523EBRPN1"}
[xUnit.net 00:29:56.94]       PUT /api/identity/users/{id:guid} → 409 {"type":"urn:erp:problem:concurrency","title":"Someone else changed this record after you opened it. Reload it and try again.","status":409,"code":"concurrency","traceId":"0HNP523EBRR5I"}
[xUnit.net 00:29:56.94]       PUT /api/lists/identity.roles/shared-views/{id:guid} → 409 {"type":"urn:erp:problem:concurrency","title":"Someone else changed this record after you opened it. Reload it and try again.","status":409,"code":"concurrency","traceId":"00-9dfaddcf1ed87a816e90596e5
[xUnit.net 00:29:56.94]       PUT /api/lists/identity.roles/views/{id:guid} → 409 {"type":"urn:erp:problem:concurrency","title":"Someone else changed this record after you opened it. Reload it and try again.","status":409,"code":"concurrency","traceId":"00-eb7399b986113a6a2404082b6
[xUnit.net 00:29:56.94]       PUT /api/lists/identity.users/shared-views/{id:guid} → 409 {"type":"urn:erp:problem:concurrency","title":"Someone else changed this record after you opened it. Reload it and try again.","status":409,"code":"concurrency","traceId":"00-78d232452584c35e7b83dd035
[xUnit.net 00:29:56.94]       PUT /api/lists/identity.users/views/{id:guid} → 409 {"type":"urn:erp:problem:concurrency","title":"Someone else changed this record after you opened it. Reload it and try again.","status":409,"code":"concurrency","traceId":"00-595499799f614cd4390536b3a
[xUnit.net 00:29:56.94]       PUT /api/lists/tenancy.access/shared-views/{id:guid} → 409 {"type":"urn:erp:problem:concurrency","title":"Someone else changed this record after you opened it. Reload it and try again.","status":409,"code":"concurrency","traceId":"00-e14d77c7a9ee0f5402cdd9abc
[xUnit.net 00:29:56.94]       PUT /api/lists/tenancy.access/views/{id:guid} → 409 {"type":"urn:erp:problem:concurrency","title":"Someone else changed this record after you opened it. Reload it and try again.","status":409,"code":"concurrency","traceId":"00-383d8d794a50c5b624f327979
[xUnit.net 00:29:56.94]       PUT /api/lists/tenancy.branches/shared-views/{id:guid} → 409 {"type":"urn:erp:problem:concurrency","title":"Someone else changed this record after you opened it. Reload it and try again.","status":409,"code":"concurrency","traceId":"00-20956d51920d7dc9886419ee6
[xUnit.net 00:29:56.94]       PUT /api/lists/tenancy.branches/views/{id:guid} → 409 {"type":"urn:erp:problem:concurrency","title":"Someone else changed this record after you opened it. Reload it and try again.","status":409,"code":"concurrency","traceId":"00-fef7f386e1f638f458da76f91
[xUnit.net 00:29:56.94]       PUT /api/lists/tenancy.companies/shared-views/{id:guid} → 409 {"type":"urn:erp:problem:concurrency","title":"Someone else changed this record after you opened it. Reload it and try again.","status":409,"code":"concurrency","traceId":"00-26f54d212959c710df536e5b1
[xUnit.net 00:29:56.94]       PUT /api/lists/tenancy.companies/views/{id:guid} → 409 {"type":"urn:erp:problem:concurrency","title":"Someone else changed this record after you opened it. Reload it and try again.","status":409,"code":"concurrency","traceId":"00-b2afb4069bf2413f0acabcb7f
[xUnit.net 00:29:56.94]       PUT /api/tenancy/branches/{id:guid} → 409 {"type":"urn:erp:problem:concurrency","title":"Someone else changed this record after you opened it. Reload it and try again.","status":409,"code":"concurrency","traceId":"0HNP523EBS6BK"}
[xUnit.net 00:29:56.94]       PUT /api/tenancy/companies/{id:guid} → 409 {"type":"urn:erp:problem:concurrency","title":"Someone else changed this record after you opened it. Reload it and try again.","status":409,"code":"concurrency","traceId":"0HNP523EBS6UC"}
[xUnit.net 00:29:56.94]       PUT /api/tenancy/tenant → 409 {"type":"urn:erp:problem:concurrency","title":"Someone else changed this record after you opened it. Reload it and try again.","status":409,"code":"concurrency","traceId":"0HNP523EBS7MF"}
[xUnit.net 00:29:56.94]       PUT /api/identity/roles/{id:guid} → 409 {"type":"urn:erp:problem:concurrency","title":"Someone else changed this record after you opened it. Reload it and try again.","status":409,"code":"concurrency","traceId":"0HNP523EBSBV2"}
[xUnit.net 00:29:56.94]       PUT /api/identity/roles/{id:guid} → 409 {"type":"urn:erp:problem:concurrency","title":"Someone else changed this record after you opened it. Reload it and try again.","status":409,"code":"concurrency","traceId":"0HNP523EBSBVL"}
[xUnit.net 00:29:56.94]       PUT /api/identity/users/{id:guid} → 409 {"type":"urn:erp:problem:concurrency","title":"Someone else changed this record after you opened it. Reload it and try again.","status":409,"code":"concurrency","traceId":"0HNP523EBSHI3"}
[xUnit.net 00:29:56.94]       PUT /api/identity/users/{id:guid} → 409 {"type":"urn:erp:problem:concurrency","title":"Someone else changed this record after you opened it. Reload it and try again.","status":409,"code":"concurrency","traceId":"0HNP523EBSHIN"}
[xUnit.net 00:29:56.94]       PUT /api/identity/users/{id:guid} → 409 {"type":"urn:erp:problem:concurrency","title":"Someone else changed this record after you opened it. Reload it and try again.","status":409,"code":"concurrency","traceId":"0HNP523EBSHJB"}
[xUnit.net 00:29:56.94]       PUT /api/identity/users/{id:guid} → 409 {"type":"urn:erp:problem:concurrency","title":"Someone else changed this record after you opened it. Reload it and try again.","status":409,"code":"concurrency","traceId":"0HNP523EBSHJT"}
[xUnit.net 00:29:56.94]       PUT /api/identity/users/{id:guid} → 409 {"type":"urn:erp:problem:concurrency","title":"Someone else changed this record after you opened it. Reload it and try again.","status":409,"code":"concurrency","traceId":"0HNP523EBSHKB"}
[xUnit.net 00:29:56.94]       PUT /api/identity/users/{id:guid} → 409 {"type":"urn:erp:problem:concurrency","title":"Someone else changed this record after you opened it. Reload it and try again.","status":409,"code":"concurrency","traceId":"0HNP523EBSHL1"}
[xUnit.net 00:29:56.94]       PUT /api/identity/users/{id:guid} → 409 {"type":"urn:erp:problem:concurrency","title":"Someone else changed this record after you opened it. Reload it and try again.","status":409,"code":"concurrency","traceId":"0HNP523EBSHLI"}
[xUnit.net 00:29:56.94]       PUT /api/identity/users/{id:guid} → 409 {"type":"urn:erp:problem:concurrency","title":"Someone else changed this record after you opened it. Reload it and try again.","status":409,"code":"concurrency","traceId":"0HNP523EBSIEL"}
[xUnit.net 00:29:56.94]       PUT /api/lists/identity.roles/shared-views/{id:guid} → 409 {"type":"urn:erp:problem:concurrency","title":"Someone else changed this record after you opened it. Reload it and try again.","status":409,"code":"concurrency","traceId":"00-7e5472c7e269df7034e0dd95d
[xUnit.net 00:29:56.94]       PUT /api/lists/identity.roles/shared-views/{id:guid} → 409 {"type":"urn:erp:problem:concurrency","title":"Someone else changed this record after you opened it. Reload it and try again.","status":409,"code":"concurrency","traceId":"00-2cb3b2143612d92c960c6babb
[xUnit.net 00:29:56.94]       PUT /api/lists/identity.roles/shared-views/{id:guid} → 409 {"type":"urn:erp:problem:concurrency","title":"Someone else changed this record after you opened it. Reload it and try again.","status":409,"code":"concurrency","traceId":"00-8b111246dc8d24a6e8392e66c
[xUnit.net 00:29:56.94]       PUT /api/lists/identity.roles/shared-views/{id:guid} → 409 {"type":"urn:erp:problem:concurrency","title":"Someone else changed this record after you opened it. Reload it and try again.","status":409,"code":"concurrency","traceId":"00-5a66e7e505a8c65e6c54ec6d0
[xUnit.net 00:29:56.94]       PUT /api/lists/identity.roles/shared-views/{id:guid} → 409 {"type":"urn:erp:problem:concurrency","title":"Someone else changed this record after you opened it. Reload it and try again.","status":409,"code":"concurrency","traceId":"00-44bfac7aa6958dc57d560d11a
[xUnit.net 00:29:56.94]       PUT /api/lists/identity.roles/shared-views/{id:guid} → 409 {"type":"urn:erp:problem:concurrency","title":"Someone else changed this record after you opened it. Reload it and try again.","status":409,"code":"concurrency","traceId":"00-6ad3cf1786f74d8b7e99a0457
[xUnit.net 00:29:56.94]       PUT /api/lists/identity.roles/shared-views/{id:guid} → 409 {"type":"urn:erp:problem:concurrency","title":"Someone else changed this record after you opened it. Reload it and try again.","status":409,"code":"concurrency","traceId":"00-434a282c5b9d8ef79de44acbe
[xUnit.net 00:29:56.94]       PUT /api/lists/identity.roles/shared-views/{id:guid} → 409 {"type":"urn:erp:problem:concurrency","title":"Someone else changed this record after you opened it. Reload it and try again.","status":409,"code":"concurrency","traceId":"00-9ef623c0a0b11ed49d5b12d26
[xUnit.net 00:29:56.94]       PUT /api/lists/identity.roles/shared-views/{id:guid} → 409 {"type":"urn:erp:problem:concurrency","title":"Someone else changed this record after you opened it. Reload it and try again.","status":409,"code":"concurrency","traceId":"00-2d580cc30022a2025e384cf65
[xUnit.net 00:29:56.94]       PUT /api/lists/identity.roles/shared-views/{id:guid} → 409 {"type":"urn:erp:problem:concurrency","title":"Someone else changed this record after you opened it. Reload it and try again.","status":409,"code":"concurrency","traceId":"00-73e590482b9293c82f9268245
[xUnit.net 00:29:56.94]       PUT /api/lists/identity.roles/shared-views/{id:guid} → 409 {"type":"urn:erp:problem:concurrency","title":"Someone else changed this record after you opened it. Reload it and try again.","status":409,"code":"concurrency","traceId":"00-c9afef05a803b7151bfcf5e39
[xUnit.net 00:29:56.94]       PUT /api/lists/identity.roles/shared-views/{id:guid} → 409 {"type":"urn:erp:problem:concurrency","title":"Someone else changed this record after you opened it. Reload it and try again.","status":409,"code":"concurrency","traceId":"00-893c4f3066d16fc4fec6a91aa
[xUnit.net 00:29:56.94]       PUT /api/lists/identity.roles/shared-views/{id:guid} → 409 {"type":"urn:erp:problem:concurrency","title":"Someone else changed this record after you opened it. Reload it and try again.","status":409,"code":"concurrency","traceId":"00-234e267b0f5700bdb8f3e2886
[xUnit.net 00:29:56.94]       PUT /api/lists/identity.roles/shared-views/{id:guid} → 409 {"type":"urn:erp:problem:concurrency","title":"Someone else changed this record after you opened it. Reload it and try again.","status":409,"code":"concurrency","traceId":"00-1a91774c47e1921f05b84ae52
[xUnit.net 00:29:56.94]       PUT /api/lists/identity.roles/shared-views/{id:guid} → 409 {"type":"urn:erp:problem:concurrency","title":"Someone else changed this record after you opened it. Reload it and try again.","status":409,"code":"concurrency","traceId":"00-489aaca15826b7b24ac83f592
[xUnit.net 00:29:56.94]       PUT /api/lists/identity.roles/shared-views/{id:guid} → 409 {"type":"urn:erp:problem:concurrency","title":"Someone else changed this record after you opened it. Reload it and try again.","status":409,"code":"concurrency","traceId":"00-6e9586b4a7ff8213b4aff7c4a
[xUnit.net 00:29:56.94]       PUT /api/lists/identity.roles/shared-views/{id:guid} → 409 {"type":"urn:erp:problem:concurrency","title":"Someone else changed this record after you opened it. Reload it and try again.","status":409,"code":"concurrency","traceId":"00-5e7ebe4a06cd3d252e33e93ba
[xUnit.net 00:29:56.94]       PUT /api/lists/identity.roles/shared-views/{id:guid} → 409 {"type":"urn:erp:problem:concurrency","title":"Someone else changed this record after you opened it. Reload it and try again.","status":409,"code":"concurrency","traceId":"00-1d9865a083d6c88cf64cafcb1
[xUnit.net 00:29:56.94]       PUT /api/lists/identity.roles/shared-views/{id:guid} → 409 {"type":"urn:erp:problem:concurrency","title":"Someone else changed this record after you opened it. Reload it and try again.","status":409,"code":"concurrency","traceId":"00-512e808bdd8d3c2e3280e81b9
[xUnit.net 00:29:56.94]       PUT /api/lists/identity.roles/shared-views/{id:guid} → 409 {"type":"urn:erp:problem:concurrency","title":"Someone else changed this record after you opened it. Reload it and try again.","status":409,"code":"concurrency","traceId":"00-048193770b9c2dd2f41e7b1a5
[xUnit.net 00:29:56.94]       PUT /api/lists/identity.roles/shared-views/{id:guid} → 409 {"type":"urn:erp:problem:concurrency","title":"Someone else changed this record after you opened it. Reload it and try again.","status":409,"code":"concurrency","traceId":"00-4b45e7b93cf34f1ea51b4150f
[xUnit.net 00:29:56.94]       PUT /api/lists/identity.roles/shared-views/{id:guid} → 409 {"type":"urn:erp:problem:concurrency","title":"Someone else changed this record after you opened it. Reload it and try again.","status":409,"code":"concurrency","traceId":"00-7a0d1d028a809e81371b9e177
[xUnit.net 00:29:56.94]       PUT /api/lists/identity.roles/shared-views/{id:guid} → 409 {"type":"urn:erp:problem:concurrency","title":"Someone else changed this record after you opened it. Reload it and try again.","status":409,"code":"concurrency","traceId":"00-c04bc8b46d31a1a41fa1519dd
[xUnit.net 00:29:56.94]       PUT /api/lists/identity.roles/shared-views/{id:guid} → 409 {"type":"urn:erp:problem:concurrency","title":"Someone else changed this record after you opened it. Reload it and try again.","status":409,"code":"concurrency","traceId":"00-5e336fe02884edd7a01a43b61
[xUnit.net 00:29:56.94]       PUT /api/lists/identity.roles/shared-views/{id:guid} → 409 {"type":"urn:erp:problem:concurrency","title":"Someone else changed this record after you opened it. Reload it and try again.","status":409,"code":"concurrency","traceId":"00-eaac3b028b24cb4f4f138e88a
[xUnit.net 00:29:56.94]       PUT /api/lists/identity.roles/shared-views/{id:guid} → 409 {"type":"urn:erp:problem:concurrency","title":"Someone else changed this record after you opened it. Reload it and try again.","status":409,"code":"concurrency","traceId":"00-fd6574ecea5c4e3209d4dbd22
[xUnit.net 00:29:56.94]       PUT /api/lists/identity.roles/shared-views/{id:guid} → 409 {"type":"urn:erp:problem:concurrency","title":"Someone else changed this record after you opened it. Reload it and try again.","status":409,"code":"concurrency","traceId":"00-d68f050a3f0b441056d9e551a
[xUnit.net 00:29:56.94]       PUT /api/lists/identity.roles/shared-views/{id:guid} → 409 {"type":"urn:erp:problem:concurrency","title":"Someone else changed this record after you opened it. Reload it and try again.","status":409,"code":"concurrency","traceId":"00-f46c54c73b9fe240d15087b29
[xUnit.net 00:29:56.94]       PUT /api/lists/identity.roles/shared-views/{id:guid} → 409 {"type":"urn:erp:problem:concurrency","title":"Someone else changed this record after you opened it. Reload it and try again.","status":409,"code":"concurrency","traceId":"00-ac32813dfa66d51032f5d6351
[xUnit.net 00:29:56.94]       PUT /api/lists/identity.roles/shared-views/{id:guid} → 409 {"type":"urn:erp:problem:concurrency","title":"Someone else changed this record after you opened it. Reload it and try again.","status":409,"code":"concurrency","traceId":"00-8b8ad2afc889c01965a28617b
[xUnit.net 00:29:56.94]       PUT /api/lists/identity.roles/shared-views/{id:guid} → 409 {"type":"urn:erp:problem:concurrency","title":"Someone else changed this record after you opened it. Reload it and try again.","status":409,"code":"concurrency","traceId":"00-7864071ebe577efce1c3516da
[xUnit.net 00:29:56.94]       PUT /api/lists/identity.roles/shared-views/{id:guid} → 409 {"type":"urn:erp:problem:concurrency","title":"Someone else changed this record after you opened it. Reload it and try again.","status":409,"code":"concurrency","traceId":"00-32d1f6f34d1d988cd1176eb33
[xUnit.net 00:29:56.94]       PUT /api/lists/identity.roles/shared-views/{id:guid} → 409 {"type":"urn:erp:problem:concurrency","title":"Someone else changed this record after you opened it. Reload it and try again.","status":409,"code":"concurrency","traceId":"00-ab1513ed103cd1f12950aa4be
[xUnit.net 00:29:56.94]       PUT /api/lists/identity.roles/shared-views/{id:guid} → 409 {"type":"urn:erp:problem:concurrency","title":"Someone else changed this record after you opened it. Reload it and try again.","status":409,"code":"concurrency","traceId":"00-96d691faa94116b1a1935371f
[xUnit.net 00:29:56.94]       PUT /api/lists/identity.roles/views/{id:guid} → 409 {"type":"urn:erp:problem:concurrency","title":"Someone else changed this record after you opened it. Reload it and try again.","status":409,"code":"concurrency","traceId":"00-4760e440c346d8a4793967ee9
[xUnit.net 00:29:56.94]       PUT /api/lists/identity.roles/views/{id:guid} → 409 {"type":"urn:erp:problem:concurrency","title":"Someone else changed this record after you opened it. Reload it and try again.","status":409,"code":"concurrency","traceId":"00-203a751da03555000b81c2655
[xUnit.net 00:29:56.94]       PUT /api/lists/identity.roles/views/{id:guid} → 409 {"type":"urn:erp:problem:concurrency","title":"Someone else changed this record after you opened it. Reload it and try again.","status":409,"code":"concurrency","traceId":"00-fd7236c16a7a7e84b6b258a5d
[xUnit.net 00:29:56.94]       PUT /api/lists/identity.roles/views/{id:guid} → 409 {"type":"urn:erp:problem:concurrency","title":"Someone else changed this record after you opened it. Reload it and try again.","status":409,"code":"concurrency","traceId":"00-a3b33c8a90ebe713265d8749e
[xUnit.net 00:29:56.94]       PUT /api/lists/identity.roles/views/{id:guid} → 409 {"type":"urn:erp:problem:concurrency","title":"Someone else changed this record after you opened it. Reload it and try again.","status":409,"code":"concurrency","traceId":"00-7f8f8574a59b21a58c8c82d90
[xUnit.net 00:29:56.94]       PUT /api/lists/identity.roles/views/{id:guid} → 409 {"type":"urn:erp:problem:concurrency","title":"Someone else changed this record after you opened it. Reload it and try again.","status":409,"code":"concurrency","traceId":"00-29e33ee4c552689d39fc73e63
[xUnit.net 00:29:56.94]       PUT /api/lists/identity.roles/views/{id:guid} → 409 {"type":"urn:erp:problem:concurrency","title":"Someone else changed this record after you opened it. Reload it and try again.","status":409,"code":"concurrency","traceId":"00-9c665f456456b7061b85756ae
[xUnit.net 00:29:56.94]       PUT /api/lists/identity.roles/views/{id:guid} → 409 {"type":"urn:erp:problem:concurrency","title":"Someone else changed this record after you opened it. Reload it and try again.","status":409,"code":"concurrency","traceId":"00-d57b312f9696498e65b3dde3a
[xUnit.net 00:29:56.94]       PUT /api/lists/identity.roles/views/{id:guid} → 409 {"type":"urn:erp:problem:concurrency","title":"Someone else changed this record after you opened it. Reload it and try again.","status":409,"code":"concurrency","traceId":"00-302351dc4ca18b6333ce9b36a
[xUnit.net 00:29:56.94]       PUT /api/lists/identity.roles/views/{id:guid} → 409 {"type":"urn:erp:problem:concurrency","title":"Someone else changed this record after you opened it. Reload it and try again.","status":409,"code":"concurrency","traceId":"00-f58038469809496ab660c9d44
[xUnit.net 00:29:56.94]       PUT /api/lists/identity.roles/views/{id:guid} → 409 {"type":"urn:erp:problem:concurrency","title":"Someone else changed this record after you opened it. Reload it and try again.","status":409,"code":"concurrency","traceId":"00-e07d2c5cfe7b3602db53c8b65
[xUnit.net 00:29:56.94]       PUT /api/lists/identity.roles/views/{id:guid} → 409 {"type":"urn:erp:problem:concurrency","title":"Someone else changed this record after you opened it. Reload it and try again.","status":409,"code":"concurrency","traceId":"00-ff483bb7aa5c5827a3af37328
[xUnit.net 00:29:56.94]       PUT /api/lists/identity.roles/views/{id:guid} → 409 {"type":"urn:erp:problem:concurrency","title":"Someone else changed this record after you opened it. Reload it and try again.","status":409,"code":"concurrency","traceId":"00-926bd11512bc6920d44b47b1d
[xUnit.net 00:29:56.94]       PUT /api/lists/identity.roles/views/{id:guid} → 409 {"type":"urn:erp:problem:concurrency","title":"Someone else changed this record after you opened it. Reload it and try again.","status":409,"code":"concurrency","traceId":"00-6342918ebbe1b71e79edb0004
[xUnit.net 00:29:56.94]       PUT /api/lists/identity.roles/views/{id:guid} → 409 {"type":"urn:erp:problem:concurrency","title":"Someone else changed this record after you opened it. Reload it and try again.","status":409,"code":"concurrency","traceId":"00-7080ffd1ccdfb369d05905f36
[xUnit.net 00:29:56.94]       PUT /api/lists/identity.roles/views/{id:guid} → 409 {"type":"urn:erp:problem:concurrency","title":"Someone else changed this record after you opened it. Reload it and try again.","status":409,"code":"concurrency","traceId":"00-f0a1c2547c030d829694771e6
[xUnit.net 00:29:56.94]       PUT /api/lists/identity.roles/views/{id:guid} → 409 {"type":"urn:erp:problem:concurrency","title":"Someone else changed this record after you opened it. Reload it and try again.","status":409,"code":"concurrency","traceId":"00-183c0547164841530799bb023
[xUnit.net 00:29:56.94]       PUT /api/lists/identity.roles/views/{id:guid} → 409 {"type":"urn:erp:problem:concurrency","title":"Someone else changed this record after you opened it. Reload it and try again.","status":409,"code":"concurrency","traceId":"00-91fbf678b2259a76d5fa3994b
[xUnit.net 00:29:56.94]       PUT /api/lists/identity.roles/views/{id:guid} → 409 {"type":"urn:erp:problem:concurrency","title":"Someone else changed this record after you opened it. Reload it and try again.","status":409,"code":"concurrency","traceId":"00-02064f763ddd7ab8933687baa
[xUnit.net 00:29:56.94]       PUT /api/lists/identity.roles/views/{id:guid} → 409 {"type":"urn:erp:problem:concurrency","title":"Someone else changed this record after you opened it. Reload it and try again.","status":409,"code":"concurrency","traceId":"00-c9e7450122b6826f8399b12db
[xUnit.net 00:29:56.94]       PUT /api/lists/identity.roles/views/{id:guid} → 409 {"type":"urn:erp:problem:concurrency","title":"Someone else changed this record after you opened it. Reload it and try again.","status":409,"code":"concurrency","traceId":"00-3b9c70b09874fcaa831eeee08
[xUnit.net 00:29:56.94]       PUT /api/lists/identity.roles/views/{id:guid} → 409 {"type":"urn:erp:problem:concurrency","title":"Someone else changed this record after you opened it. Reload it and try again.","status":409,"code":"concurrency","traceId":"00-495021f681a5051960185975d
[xUnit.net 00:29:56.94]       PUT /api/lists/identity.roles/views/{id:guid} → 409 {"type":"urn:erp:problem:concurrency","title":"Someone else changed this record after you opened it. Reload it and try again.","status":409,"code":"concurrency","traceId":"00-158cbe3bef653ddc207010795
[xUnit.net 00:29:56.94]       PUT /api/lists/identity.roles/views/{id:guid} → 409 {"type":"urn:erp:problem:concurrency","title":"Someone else changed this record after you opened it. Reload it and try again.","status":409,"code":"concurrency","traceId":"00-8719134bb138820b0fb7c86ef
[xUnit.net 00:29:56.94]       PUT /api/lists/identity.roles/views/{id:guid} → 409 {"type":"urn:erp:problem:concurrency","title":"Someone else changed this record after you opened it. Reload it and try again.","status":409,"code":"concurrency","traceId":"00-128c8c547656647b8c5c7a8b8
[xUnit.net 00:29:56.94]       PUT /api/lists/identity.roles/views/{id:guid} → 409 {"type":"urn:erp:problem:concurrency","title":"Someone else changed this record after you opened it. Reload it and try again.","status":409,"code":"concurrency","traceId":"00-c1f0aa4c6af7259cf1be483fc
[xUnit.net 00:29:56.94]       PUT /api/lists/identity.roles/views/{id:guid} → 409 {"type":"urn:erp:problem:concurrency","title":"Someone else changed this record after you opened it. Reload it and try again.","status":409,"code":"concurrency","traceId":"00-3913e5a2987a4a755c21dc997
[xUnit.net 00:29:56.94]       PUT /api/lists/identity.roles/views/{id:guid} → 409 {"type":"urn:erp:problem:concurrency","title":"Someone else changed this record after you opened it. Reload it and try again.","status":409,"code":"concurrency","traceId":"00-2c8d997d2f2195e834237439d
[xUnit.net 00:29:56.94]       PUT /api/lists/identity.roles/views/{id:guid} → 409 {"type":"urn:erp:problem:concurrency","title":"Someone else changed this record after you opened it. Reload it and try again.","status":409,"code":"concurrency","traceId":"00-75b6bf4bc1e11fa7e0ecafd42
[xUnit.net 00:29:56.94]       PUT /api/lists/identity.roles/views/{id:guid} → 409 {"type":"urn:erp:problem:concurrency","title":"Someone else changed this record after you opened it. Reload it and try again.","status":409,"code":"concurrency","traceId":"00-fc0af976d9078a6589c5f0193
[xUnit.net 00:29:56.94]       PUT /api/lists/identity.roles/views/{id:guid} → 409 {"type":"urn:erp:problem:concurrency","title":"Someone else changed this record after you opened it. Reload it and try again.","status":409,"code":"concurrency","traceId":"00-00cec5457edeab02d75eafcec
[xUnit.net 00:29:56.94]       PUT /api/lists/identity.roles/views/{id:guid} → 409 {"type":"urn:erp:problem:concurrency","title":"Someone else changed this record after you opened it. Reload it and try again.","status":409,"code":"concurrency","traceId":"00-7418674c7512c296bc27f205a
[xUnit.net 00:29:56.94]       PUT /api/lists/identity.roles/views/{id:guid} → 409 {"type":"urn:erp:problem:concurrency","title":"Someone else changed this record after you opened it. Reload it and try again.","status":409,"code":"concurrency","traceId":"00-d24ee2b34d4e665d45cab40fc
[xUnit.net 00:29:56.94]       PUT /api/lists/identity.roles/views/{id:guid} → 409 {"type":"urn:erp:problem:concurrency","title":"Someone else changed this record after you opened it. Reload it and try again.","status":409,"code":"concurrency","traceId":"00-64259fe0402451dbbb54cc40f
[xUnit.net 00:29:56.94]       PUT /api/lists/identity.roles/views/{id:guid} → 409 {"type":"urn:erp:problem:concurrency","title":"Someone else changed this record after you opened it. Reload it and try again.","status":409,"code":"concurrency","traceId":"00-ccaca8ae19e18ac0e83cf5d7b
[xUnit.net 00:29:56.94]       PUT /api/lists/identity.users/shared-views/{id:guid} → 409 {"type":"urn:erp:problem:concurrency","title":"Someone else changed this record after you opened it. Reload it and try again.","status":409,"code":"concurrency","traceId":"00-ef77cf3a3eaa9dbd7c2e8b1b7
[xUnit.net 00:29:56.94]       PUT /api/lists/identity.users/shared-views/{id:guid} → 409 {"type":"urn:erp:problem:concurrency","title":"Someone else changed this record after you opened it. Reload it and try again.","status":409,"code":"concurrency","traceId":"00-23411b0a8b66a9fe4d34d704c
[xUnit.net 00:29:56.95]       PUT /api/lists/identity.users/shared-views/{id:guid} → 409 {"type":"urn:erp:problem:concurrency","title":"Someone else changed this record after you opened it. Reload it and try again.","status":409,"code":"concurrency","traceId":"00-3d83214d938f14e18190a681f
[xUnit.net 00:29:56.95]       PUT /api/lists/identity.users/shared-views/{id:guid} → 409 {"type":"urn:erp:problem:concurrency","title":"Someone else changed this record after you opened it. Reload it and try again.","status":409,"code":"concurrency","traceId":"00-ebe1c236dd7c6f6aa22113809
[xUnit.net 00:29:56.95]       PUT /api/lists/identity.users/shared-views/{id:guid} → 409 {"type":"urn:erp:problem:concurrency","title":"Someone else changed this record after you opened it. Reload it and try again.","status":409,"code":"concurrency","traceId":"00-b4fbb2749fc47057a51a46217
[xUnit.net 00:29:56.95]       PUT /api/lists/identity.users/shared-views/{id:guid} → 409 {"type":"urn:erp:problem:concurrency","title":"Someone else changed this record after you opened it. Reload it and try again.","status":409,"code":"concurrency","traceId":"00-7d0194187c93143559ea06e57
[xUnit.net 00:29:56.95]       PUT /api/lists/identity.users/shared-views/{id:guid} → 409 {"type":"urn:erp:problem:concurrency","title":"Someone else changed this record after you opened it. Reload it and try again.","status":409,"code":"concurrency","traceId":"00-5761cc0f9ad53f9548a687af4
[xUnit.net 00:29:56.95]       PUT /api/lists/identity.users/shared-views/{id:guid} → 409 {"type":"urn:erp:problem:concurrency","title":"Someone else changed this record after you opened it. Reload it and try again.","status":409,"code":"concurrency","traceId":"00-576072a94f24674d0f4c7fd49
[xUnit.net 00:29:56.95]       PUT /api/lists/identity.users/shared-views/{id:guid} → 409 {"type":"urn:erp:problem:concurrency","title":"Someone else changed this record after you opened it. Reload it and try again.","status":409,"code":"concurrency","traceId":"00-0998fb48796ed6d9dc00af807
[xUnit.net 00:29:56.95]       PUT /api/lists/identity.users/shared-views/{id:guid} → 409 {"type":"urn:erp:problem:concurrency","title":"Someone else changed this record after you opened it. Reload it and try again.","status":409,"code":"concurrency","traceId":"00-a31c7f2faa1a7bb8f1b3a7a00
[xUnit.net 00:29:56.95]       PUT /api/lists/identity.users/shared-views/{id:guid} → 409 {"type":"urn:erp:problem:concurrency","title":"Someone else changed this record after you opened it. Reload it and try again.","status":409,"code":"concurrency","traceId":"00-ae491bf8afecb5658895a6447
[xUnit.net 00:29:56.95]       PUT /api/lists/identity.users/shared-views/{id:guid} → 409 {"type":"urn:erp:problem:concurrency","title":"Someone else changed this record after you opened it. Reload it and try again.","status":409,"code":"concurrency","traceId":"00-57c25d3de0da9d3bda9ac6502
[xUnit.net 00:29:56.95]       PUT /api/lists/identity.users/shared-views/{id:guid} → 409 {"type":"urn:erp:problem:concurrency","title":"Someone else changed this record after you opened it. Reload it and try again.","status":409,"code":"concurrency","traceId":"00-f5458b7e93e77a4b0f6f30274
[xUnit.net 00:29:56.95]       PUT /api/lists/identity.users/shared-views/{id:guid} → 409 {"type":"urn:erp:problem:concurrency","title":"Someone else changed this record after you opened it. Reload it and try again.","status":409,"code":"concurrency","traceId":"00-fe61c9d733f776f7dfd0ffef8
[xUnit.net 00:29:56.95]       PUT /api/lists/identity.users/shared-views/{id:guid} → 409 {"type":"urn:erp:problem:concurrency","title":"Someone else changed this record after you opened it. Reload it and try again.","status":409,"code":"concurrency","traceId":"00-292147675a67887b830b225d6
[xUnit.net 00:29:56.95]       PUT /api/lists/identity.users/shared-views/{id:guid} → 409 {"type":"urn:erp:problem:concurrency","title":"Someone else changed this record after you opened it. Reload it and try again.","status":409,"code":"concurrency","traceId":"00-18c749abc46613648acd67dec
[xUnit.net 00:29:56.95]       PUT /api/lists/identity.users/shared-views/{id:guid} → 409 {"type":"urn:erp:problem:concurrency","title":"Someone else changed this record after you opened it. Reload it and try again.","status":409,"code":"concurrency","traceId":"00-5cf6fe2b6e5e1688526af7f99
[xUnit.net 00:29:56.95]       PUT /api/lists/identity.users/shared-views/{id:guid} → 409 {"type":"urn:erp:problem:concurrency","title":"Someone else changed this record after you opened it. Reload it and try again.","status":409,"code":"concurrency","traceId":"00-20df74ddc7630dd0bc1004cfc
[xUnit.net 00:29:56.95]       PUT /api/lists/identity.users/shared-views/{id:guid} → 409 {"type":"urn:erp:problem:concurrency","title":"Someone else changed this record after you opened it. Reload it and try again.","status":409,"code":"concurrency","traceId":"00-4fc2e6ee486f5ea7058b8e9c4
[xUnit.net 00:29:56.95]       PUT /api/lists/identity.users/shared-views/{id:guid} → 409 {"type":"urn:erp:problem:concurrency","title":"Someone else changed this record after you opened it. Reload it and try again.","status":409,"code":"concurrency","traceId":"00-1e7b7016fb0a3185f8cadfd5e
[xUnit.net 00:29:56.95]       PUT /api/lists/identity.users/shared-views/{id:guid} → 409 {"type":"urn:erp:problem:concurrency","title":"Someone else changed this record after you opened it. Reload it and try again.","status":409,"code":"concurrency","traceId":"00-54939fc4bafd93a2c80c2d4b1
[xUnit.net 00:29:56.95]       PUT /api/lists/identity.users/shared-views/{id:guid} → 409 {"type":"urn:erp:problem:concurrency","title":"Someone else changed this record after you opened it. Reload it and try again.","status":409,"code":"concurrency","traceId":"00-3f67bb9ceb96ea6a4290cfc11
[xUnit.net 00:29:56.95]       PUT /api/lists/identity.users/shared-views/{id:guid} → 409 {"type":"urn:erp:problem:concurrency","title":"Someone else changed this record after you opened it. Reload it and try again.","status":409,"code":"concurrency","traceId":"00-54a9da666c3ec25a36a7f9fff
[xUnit.net 00:29:56.95]       PUT /api/lists/identity.users/shared-views/{id:guid} → 409 {"type":"urn:erp:problem:concurrency","title":"Someone else changed this record after you opened it. Reload it and try again.","status":409,"code":"concurrency","traceId":"00-312d4120f1db4c1e9eb66acb4
[xUnit.net 00:29:56.95]       PUT /api/lists/identity.users/shared-views/{id:guid} → 409 {"type":"urn:erp:problem:concurrency","title":"Someone else changed this record after you opened it. Reload it and try again.","status":409,"code":"concurrency","traceId":"00-ab6e03e8039a7ba809286eca4
[xUnit.net 00:29:56.95]       PUT /api/lists/identity.users/shared-views/{id:guid} → 409 {"type":"urn:erp:problem:concurrency","title":"Someone else changed this record after you opened it. Reload it and try again.","status":409,"code":"concurrency","traceId":"00-5e4ca07266c33ec4c58620b50
[xUnit.net 00:29:56.95]       PUT /api/lists/identity.users/shared-views/{id:guid} → 409 {"type":"urn:erp:problem:concurrency","title":"Someone else changed this record after you opened it. Reload it and try again.","status":409,"code":"concurrency","traceId":"00-0fb2393933fbfd4db632e642b
[xUnit.net 00:29:56.95]       PUT /api/lists/identity.users/shared-views/{id:guid} → 409 {"type":"urn:erp:problem:concurrency","title":"Someone else changed this record after you opened it. Reload it and try again.","status":409,"code":"concurrency","traceId":"00-2eb32753f7a5fd3aed6912050
[xUnit.net 00:29:56.95]       PUT /api/lists/identity.users/shared-views/{id:guid} → 409 {"type":"urn:erp:problem:concurrency","title":"Someone else changed this record after you opened it. Reload it and try again.","status":409,"code":"concurrency","traceId":"00-02a2343a5c64a4e365842eb22
[xUnit.net 00:29:56.95]       PUT /api/lists/identity.users/shared-views/{id:guid} → 409 {"type":"urn:erp:problem:concurrency","title":"Someone else changed this record after you opened it. Reload it and try again.","status":409,"code":"concurrency","traceId":"00-9acef34ed0ab69e5122d4121f
[xUnit.net 00:29:56.95]       PUT /api/lists/identity.users/shared-views/{id:guid} → 409 {"type":"urn:erp:problem:concurrency","title":"Someone else changed this record after you opened it. Reload it and try again.","status":409,"code":"concurrency","traceId":"00-0ff919bacb5abbda489f70f3e
[xUnit.net 00:29:56.95]       PUT /api/lists/identity.users/shared-views/{id:guid} → 409 {"type":"urn:erp:problem:concurrency","title":"Someone else changed this record after you opened it. Reload it and try again.","status":409,"code":"concurrency","traceId":"00-77aac98559d65e242155dd607
[xUnit.net 00:29:56.95]       PUT /api/lists/identity.users/shared-views/{id:guid} → 409 {"type":"urn:erp:problem:concurrency","title":"Someone else changed this record after you opened it. Reload it and try again.","status":409,"code":"concurrency","traceId":"00-af5d67ea1881e1578b2650288
[xUnit.net 00:29:56.95]       PUT /api/lists/identity.users/shared-views/{id:guid} → 409 {"type":"urn:erp:problem:concurrency","title":"Someone else changed this record after you opened it. Reload it and try again.","status":409,"code":"concurrency","traceId":"00-ba59daa9ee1559e4c8a61ae4a
[xUnit.net 00:29:56.95]       PUT /api/lists/identity.users/shared-views/{id:guid} → 409 {"type":"urn:erp:problem:concurrency","title":"Someone else changed this record after you opened it. Reload it and try again.","status":409,"code":"concurrency","traceId":"00-7734ae08fdb0c0a70eafbc8a9
[xUnit.net 00:29:56.95]       PUT /api/lists/identity.users/shared-views/{id:guid} → 409 {"type":"urn:erp:problem:concurrency","title":"Someone else changed this record after you opened it. Reload it and try again.","status":409,"code":"concurrency","traceId":"00-5114a2a1c3f20b2def0bb1c63
[xUnit.net 00:29:56.95]       PUT /api/lists/identity.users/shared-views/{id:guid} → 409 {"type":"urn:erp:problem:concurrency","title":"Someone else changed this record after you opened it. Reload it and try again.","status":409,"code":"concurrency","traceId":"00-2962baedbaa822d8a47d769f7
[xUnit.net 00:29:56.95]       PUT /api/lists/identity.users/shared-views/{id:guid} → 409 {"type":"urn:erp:problem:concurrency","title":"Someone else changed this record after you opened it. Reload it and try again.","status":409,"code":"concurrency","traceId":"00-ced413a692ff68db8748e4021
[xUnit.net 00:29:56.95]       PUT /api/lists/identity.users/shared-views/{id:guid} → 409 {"type":"urn:erp:problem:concurrency","title":"Someone else changed this record after you opened it. Reload it and try again.","status":409,"code":"concurrency","traceId":"00-27d524925157f0bc27f947308
[xUnit.net 00:29:56.95]       PUT /api/lists/identity.users/shared-views/{id:guid} → 409 {"type":"urn:erp:problem:concurrency","title":"Someone else changed this record after you opened it. Reload it and try again.","status":409,"code":"concurrency","traceId":"00-dd0b6a4ac525b23e10e4fadfd
[xUnit.net 00:29:56.95]       PUT /api/lists/identity.users/shared-views/{id:guid} → 409 {"type":"urn:erp:problem:concurrency","title":"Someone else changed this record after you opened it. Reload it and try again.","status":409,"code":"concurrency","traceId":"00-e0d195f612c25a82d5c9093e8
[xUnit.net 00:29:56.95]       PUT /api/lists/identity.users/shared-views/{id:guid} → 409 {"type":"urn:erp:problem:concurrency","title":"Someone else changed this record after you opened it. Reload it and try again.","status":409,"code":"concurrency","traceId":"00-b957ea19fe10476b2ab23d71c
[xUnit.net 00:29:56.95]       PUT /api/lists/identity.users/shared-views/{id:guid} → 409 {"type":"urn:erp:problem:concurrency","title":"Someone else changed this record after you opened it. Reload it and try again.","status":409,"code":"concurrency","traceId":"00-a9312809558d3fcc0e9aef637
[xUnit.net 00:29:56.95]       PUT /api/lists/identity.users/shared-views/{id:guid} → 409 {"type":"urn:erp:problem:concurrency","title":"Someone else changed this record after you opened it. Reload it and try again.","status":409,"code":"concurrency","traceId":"00-ac56aa8662fae7334a1a63369
[xUnit.net 00:29:56.95]       PUT /api/lists/identity.users/shared-views/{id:guid} → 409 {"type":"urn:erp:problem:concurrency","title":"Someone else changed this record after you opened it. Reload it and try again.","status":409,"code":"concurrency","traceId":"00-83fcd4565c701782147d56f8f
[xUnit.net 00:29:56.95]       PUT /api/lists/identity.users/shared-views/{id:guid} → 409 {"type":"urn:erp:problem:concurrency","title":"Someone else changed this record after you opened it. Reload it and try again.","status":409,"code":"concurrency","traceId":"00-2e5a1c598b3a44f49ce808ac5
[xUnit.net 00:29:56.95]       PUT /api/lists/identity.users/shared-views/{id:guid} → 409 {"type":"urn:erp:problem:concurrency","title":"Someone else changed this record after you opened it. Reload it and try again.","status":409,"code":"concurrency","traceId":"00-496d0ea9b20ebb6fa1b93774e
[xUnit.net 00:29:56.95]       PUT /api/lists/identity.users/shared-views/{id:guid} → 409 {"type":"urn:erp:problem:concurrency","title":"Someone else changed this record after you opened it. Reload it and try again.","status":409,"code":"concurrency","traceId":"00-8960dacb0e6fcf1b19b31b869
[xUnit.net 00:29:56.95]       PUT /api/lists/identity.users/shared-views/{id:guid} → 409 {"type":"urn:erp:problem:concurrency","title":"Someone else changed this record after you opened it. Reload it and try again.","status":409,"code":"concurrency","traceId":"00-33fb956ccfa4363fe99f4a524
[xUnit.net 00:29:56.95]       PUT /api/lists/identity.users/shared-views/{id:guid} → 409 {"type":"urn:erp:problem:concurrency","title":"Someone else changed this record after you opened it. Reload it and try again.","status":409,"code":"concurrency","traceId":"00-3914ccfcbdec5a71e957415eb
[xUnit.net 00:29:56.95]       PUT /api/lists/identity.users/shared-views/{id:guid} → 409 {"type":"urn:erp:problem:concurrency","title":"Someone else changed this record after you opened it. Reload it and try again.","status":409,"code":"concurrency","traceId":"00-9fcbaca8286882ac4e63f3c13
[xUnit.net 00:29:56.95]       PUT /api/lists/identity.users/shared-views/{id:guid} → 409 {"type":"urn:erp:problem:concurrency","title":"Someone else changed this record after you opened it. Reload it and try again.","status":409,"code":"concurrency","traceId":"00-72787509f2541ee9ab3c7d06f
[xUnit.net 00:29:56.95]       PUT /api/lists/identity.users/shared-views/{id:guid} → 409 {"type":"urn:erp:problem:concurrency","title":"Someone else changed this record after you opened it. Reload it and try again.","status":409,"code":"concurrency","traceId":"00-02ed2afe1f2d443d09d4a2c2b
[xUnit.net 00:29:56.95]       PUT /api/lists/identity.users/shared-views/{id:guid} → 409 {"type":"urn:erp:problem:concurrency","title":"Someone else changed this record after you opened it. Reload it and try again.","status":409,"code":"concurrency","traceId":"00-1bea53075400d9bc37c6209be
[xUnit.net 00:29:56.95]       PUT /api/lists/identity.users/shared-views/{id:guid} → 409 {"type":"urn:erp:problem:concurrency","title":"Someone else changed this record after you opened it. Reload it and try again.","status":409,"code":"concurrency","traceId":"00-74f09ca604d6faa125893c1eb
[xUnit.net 00:29:56.95]       PUT /api/lists/identity.users/shared-views/{id:guid} → 409 {"type":"urn:erp:problem:concurrency","title":"Someone else changed this record after you opened it. Reload it and try again.","status":409,"code":"concurrency","traceId":"00-ed6f02635311cfa22921b463d
[xUnit.net 00:29:56.95]       PUT /api/lists/identity.users/views/{id:guid} → 409 {"type":"urn:erp:problem:concurrency","title":"Someone else changed this record after you opened it. Reload it and try again.","status":409,"code":"concurrency","traceId":"00-cfffb2f87578317dedeba1643
[xUnit.net 00:29:56.95]       PUT /api/lists/identity.users/views/{id:guid} → 409 {"type":"urn:erp:problem:concurrency","title":"Someone else changed this record after you opened it. Reload it and try again.","status":409,"code":"concurrency","traceId":"00-6cdde9e0b13889fdd26ee512c
[xUnit.net 00:29:56.95]       PUT /api/lists/identity.users/views/{id:guid} → 409 {"type":"urn:erp:problem:concurrency","title":"Someone else changed this record after you opened it. Reload it and try again.","status":409,"code":"concurrency","traceId":"00-1d4c944fe20d3c0404352c91e
[xUnit.net 00:29:56.95]       PUT /api/lists/identity.users/views/{id:guid} → 409 {"type":"urn:erp:problem:concurrency","title":"Someone else changed this record after you opened it. Reload it and try again.","status":409,"code":"concurrency","traceId":"00-7d0bbba7d7e3fb4a912be85ec
[xUnit.net 00:29:56.95]       PUT /api/lists/identity.users/views/{id:guid} → 409 {"type":"urn:erp:problem:concurrency","title":"Someone else changed this record after you opened it. Reload it and try again.","status":409,"code":"concurrency","traceId":"00-d5fc281a766b99bae6653624e
[xUnit.net 00:29:56.95]       PUT /api/lists/identity.users/views/{id:guid} → 409 {"type":"urn:erp:problem:concurrency","title":"Someone else changed this record after you opened it. Reload it and try again.","status":409,"code":"concurrency","traceId":"00-a918371fccd040133c336ab66
[xUnit.net 00:29:56.95]       PUT /api/lists/identity.users/views/{id:guid} → 409 {"type":"urn:erp:problem:concurrency","title":"Someone else changed this record after you opened it. Reload it and try again.","status":409,"code":"concurrency","traceId":"00-e5ee7cc71d69d896336c851d4
[xUnit.net 00:29:56.95]       PUT /api/lists/identity.users/views/{id:guid} → 409 {"type":"urn:erp:problem:concurrency","title":"Someone else changed this record after you opened it. Reload it and try again.","status":409,"code":"concurrency","traceId":"00-5c9ba7cb54e03e06a2b2b8f9a
[xUnit.net 00:29:56.95]       PUT /api/lists/identity.users/views/{id:guid} → 409 {"type":"urn:erp:problem:concurrency","title":"Someone else changed this record after you opened it. Reload it and try again.","status":409,"code":"concurrency","traceId":"00-44134599c25f9f1f8a8186918
[xUnit.net 00:29:56.95]       PUT /api/lists/identity.users/views/{id:guid} → 409 {"type":"urn:erp:problem:concurrency","title":"Someone else changed this record after you opened it. Reload it and try again.","status":409,"code":"concurrency","traceId":"00-710c71610ca6b3798bd744b52
[xUnit.net 00:29:56.95]       PUT /api/lists/identity.users/views/{id:guid} → 409 {"type":"urn:erp:problem:concurrency","title":"Someone else changed this record after you opened it. Reload it and try again.","status":409,"code":"concurrency","traceId":"00-e139a10a7a399edd67be8e19e
[xUnit.net 00:29:56.95]       PUT /api/lists/identity.users/views/{id:guid} → 409 {"type":"urn:erp:problem:concurrency","title":"Someone else changed this record after you opened it. Reload it and try again.","status":409,"code":"concurrency","traceId":"00-f71ed6fc154bce3fcf5ec3a62
[xUnit.net 00:29:56.95]       PUT /api/lists/identity.users/views/{id:guid} → 409 {"type":"urn:erp:problem:concurrency","title":"Someone else changed this record after you opened it. Reload it and try again.","status":409,"code":"concurrency","traceId":"00-0013499071455aaacacaabb41
[xUnit.net 00:29:56.95]       PUT /api/lists/identity.users/views/{id:guid} → 409 {"type":"urn:erp:problem:concurrency","title":"Someone else changed this record after you opened it. Reload it and try again.","status":409,"code":"concurrency","traceId":"00-69c636f24b3b60e51256d3edf
[xUnit.net 00:29:56.95]       PUT /api/lists/identity.users/views/{id:guid} → 409 {"type":"urn:erp:problem:concurrency","title":"Someone else changed this record after you opened it. Reload it and try again.","status":409,"code":"concurrency","traceId":"00-f3dba2cdaf0cddbb78b83989a
[xUnit.net 00:29:56.95]       PUT /api/lists/identity.users/views/{id:guid} → 409 {"type":"urn:erp:problem:concurrency","title":"Someone else changed this record after you opened it. Reload it and try again.","status":409,"code":"concurrency","traceId":"00-6e6b14324947e3b117a5c3d36
[xUnit.net 00:29:56.95]       PUT /api/lists/identity.users/views/{id:guid} → 409 {"type":"urn:erp:problem:concurrency","title":"Someone else changed this record after you opened it. Reload it and try again.","status":409,"code":"concurrency","traceId":"00-19d31260fe673b63ae0b672bd
[xUnit.net 00:29:56.95]       PUT /api/lists/identity.users/views/{id:guid} → 409 {"type":"urn:erp:problem:concurrency","title":"Someone else changed this record after you opened it. Reload it and try again.","status":409,"code":"concurrency","traceId":"00-67855ffb92fc7ec5dbb99130c
[xUnit.net 00:29:56.95]       PUT /api/lists/identity.users/views/{id:guid} → 409 {"type":"urn:erp:problem:concurrency","title":"Someone else changed this record after you opened it. Reload it and try again.","status":409,"code":"concurrency","traceId":"00-1199108e0b04be140c99de82c
[xUnit.net 00:29:56.95]       PUT /api/lists/identity.users/views/{id:guid} → 409 {"type":"urn:erp:problem:concurrency","title":"Someone else changed this record after you opened it. Reload it and try again.","status":409,"code":"concurrency","traceId":"00-987af643320f08f7ae9d35182
[xUnit.net 00:29:56.95]       PUT /api/lists/identity.users/views/{id:guid} → 409 {"type":"urn:erp:problem:concurrency","title":"Someone else changed this record after you opened it. Reload it and try again.","status":409,"code":"concurrency","traceId":"00-7d635eecd3e05ecbba7c269a9
[xUnit.net 00:29:56.95]       PUT /api/lists/identity.users/views/{id:guid} → 409 {"type":"urn:erp:problem:concurrency","title":"Someone else changed this record after you opened it. Reload it and try again.","status":409,"code":"concurrency","traceId":"00-be86e8aafb88a2809b9440c64
[xUnit.net 00:29:56.95]       PUT /api/lists/identity.users/views/{id:guid} → 409 {"type":"urn:erp:problem:concurrency","title":"Someone else changed this record after you opened it. Reload it and try again.","status":409,"code":"concurrency","traceId":"00-eb856db42f2deb615d2567701
[xUnit.net 00:29:56.95]       PUT /api/lists/identity.users/views/{id:guid} → 409 {"type":"urn:erp:problem:concurrency","title":"Someone else changed this record after you opened it. Reload it and try again.","status":409,"code":"concurrency","traceId":"00-a5046e21c17027d33cc46bbb1
[xUnit.net 00:29:56.95]       PUT /api/lists/identity.users/views/{id:guid} → 409 {"type":"urn:erp:problem:concurrency","title":"Someone else changed this record after you opened it. Reload it and try again.","status":409,"code":"concurrency","traceId":"00-c50d353352770f1bfca4b6149
[xUnit.net 00:29:56.95]       PUT /api/lists/identity.users/views/{id:guid} → 409 {"type":"urn:erp:problem:concurrency","title":"Someone else changed this record after you opened it. Reload it and try again.","status":409,"code":"concurrency","traceId":"00-c1c358cae2ed4ed9882ce1d7d
[xUnit.net 00:29:56.96]       PUT /api/lists/identity.users/views/{id:guid} → 409 {"type":"urn:erp:problem:concurrency","title":"Someone else changed this record after you opened it. Reload it and try again.","status":409,"code":"concurrency","traceId":"00-5f2d18135c66f54d9484c19b5
[xUnit.net 00:29:56.96]       PUT /api/lists/identity.users/views/{id:guid} → 409 {"type":"urn:erp:problem:concurrency","title":"Someone else changed this record after you opened it. Reload it and try again.","status":409,"code":"concurrency","traceId":"00-f6bf4e371188eb487618c0129
[xUnit.net 00:29:56.96]       PUT /api/lists/identity.users/views/{id:guid} → 409 {"type":"urn:erp:problem:concurrency","title":"Someone else changed this record after you opened it. Reload it and try again.","status":409,"code":"concurrency","traceId":"00-d99fdd4e11c2d8f6c8db063f1
[xUnit.net 00:29:56.96]       PUT /api/lists/identity.users/views/{id:guid} → 409 {"type":"urn:erp:problem:concurrency","title":"Someone else changed this record after you opened it. Reload it and try again.","status":409,"code":"concurrency","traceId":"00-0e4e33387cbec981020618e2c
[xUnit.net 00:29:56.96]       PUT /api/lists/identity.users/views/{id:guid} → 409 {"type":"urn:erp:problem:concurrency","title":"Someone else changed this record after you opened it. Reload it and try again.","status":409,"code":"concurrency","traceId":"00-3cee71fb2ef101cb064c701e7
[xUnit.net 00:29:56.96]       PUT /api/lists/identity.users/views/{id:guid} → 409 {"type":"urn:erp:problem:concurrency","title":"Someone else changed this record after you opened it. Reload it and try again.","status":409,"code":"concurrency","traceId":"00-d8b0812f28963319d6ffd85fd
[xUnit.net 00:29:56.96]       PUT /api/lists/identity.users/views/{id:guid} → 409 {"type":"urn:erp:problem:concurrency","title":"Someone else changed this record after you opened it. Reload it and try again.","status":409,"code":"concurrency","traceId":"00-c81d7510928b23b2a7e45ddab
[xUnit.net 00:29:56.96]       PUT /api/lists/identity.users/views/{id:guid} → 409 {"type":"urn:erp:problem:concurrency","title":"Someone else changed this record after you opened it. Reload it and try again.","status":409,"code":"concurrency","traceId":"00-ce1c6b5c130fcd205f775e7cc
[xUnit.net 00:29:56.96]       PUT /api/lists/identity.users/views/{id:guid} → 409 {"type":"urn:erp:problem:concurrency","title":"Someone else changed this record after you opened it. Reload it and try again.","status":409,"code":"concurrency","traceId":"00-1ecead7eefced93473758e1a4
[xUnit.net 00:29:56.96]       PUT /api/lists/identity.users/views/{id:guid} → 409 {"type":"urn:erp:problem:concurrency","title":"Someone else changed this record after you opened it. Reload it and try again.","status":409,"code":"concurrency","traceId":"00-a55f1b90a0b341c71dc6b3517
[xUnit.net 00:29:56.96]       PUT /api/lists/identity.users/views/{id:guid} → 409 {"type":"urn:erp:problem:concurrency","title":"Someone else changed this record after you opened it. Reload it and try again.","status":409,"code":"concurrency","traceId":"00-224c43b738aaee4b2d40996e5
[xUnit.net 00:29:56.96]       PUT /api/lists/identity.users/views/{id:guid} → 409 {"type":"urn:erp:problem:concurrency","title":"Someone else changed this record after you opened it. Reload it and try again.","status":409,"code":"concurrency","traceId":"00-0cce3a93fb6417fb16ebaa3f6
[xUnit.net 00:29:56.96]       PUT /api/lists/identity.users/views/{id:guid} → 409 {"type":"urn:erp:problem:concurrency","title":"Someone else changed this record after you opened it. Reload it and try again.","status":409,"code":"concurrency","traceId":"00-337e78647b392cb971a7d2c5d
[xUnit.net 00:29:56.96]       PUT /api/lists/identity.users/views/{id:guid} → 409 {"type":"urn:erp:problem:concurrency","title":"Someone else changed this record after you opened it. Reload it and try again.","status":409,"code":"concurrency","traceId":"00-e5af12a59ae9c1018ac77e8c1
[xUnit.net 00:29:56.96]       PUT /api/lists/identity.users/views/{id:guid} → 409 {"type":"urn:erp:problem:concurrency","title":"Someone else changed this record after you opened it. Reload it and try again.","status":409,"code":"concurrency","traceId":"00-308f3c2a9cf97769fb49b793c
[xUnit.net 00:29:56.96]       PUT /api/lists/identity.users/views/{id:guid} → 409 {"type":"urn:erp:problem:concurrency","title":"Someone else changed this record after you opened it. Reload it and try again.","status":409,"code":"concurrency","traceId":"00-50589e351c61382a2080ce40c
[xUnit.net 00:29:56.96]       PUT /api/lists/identity.users/views/{id:guid} → 409 {"type":"urn:erp:problem:concurrency","title":"Someone else changed this record after you opened it. Reload it and try again.","status":409,"code":"concurrency","traceId":"00-5e4a24899680d26a35d9a42a5
[xUnit.net 00:29:56.96]       PUT /api/lists/identity.users/views/{id:guid} → 409 {"type":"urn:erp:problem:concurrency","title":"Someone else changed this record after you opened it. Reload it and try again.","status":409,"code":"concurrency","traceId":"00-0234c4d584584cccfc2227e95
[xUnit.net 00:29:56.96]       PUT /api/lists/identity.users/views/{id:guid} → 409 {"type":"urn:erp:problem:concurrency","title":"Someone else changed this record after you opened it. Reload it and try again.","status":409,"code":"concurrency","traceId":"00-de50824cf5373c1e289309e6b
[xUnit.net 00:29:56.96]       PUT /api/lists/identity.users/views/{id:guid} → 409 {"type":"urn:erp:problem:concurrency","title":"Someone else changed this record after you opened it. Reload it and try again.","status":409,"code":"concurrency","traceId":"00-7db22a3e6e988ce6750796849
[xUnit.net 00:29:56.96]       PUT /api/lists/identity.users/views/{id:guid} → 409 {"type":"urn:erp:problem:concurrency","title":"Someone else changed this record after you opened it. Reload it and try again.","status":409,"code":"concurrency","traceId":"00-0627c12e051ea359cad6e92ae
[xUnit.net 00:29:56.96]       PUT /api/lists/identity.users/views/{id:guid} → 409 {"type":"urn:erp:problem:concurrency","title":"Someone else changed this record after you opened it. Reload it and try again.","status":409,"code":"concurrency","traceId":"00-65d32d09db4b649e4f5f61466
[xUnit.net 00:29:56.96]       PUT /api/lists/identity.users/views/{id:guid} → 409 {"type":"urn:erp:problem:concurrency","title":"Someone else changed this record after you opened it. Reload it and try again.","status":409,"code":"concurrency","traceId":"00-b83c8a289a3ff5863de7eb427
[xUnit.net 00:29:56.96]       PUT /api/lists/identity.users/views/{id:guid} → 409 {"type":"urn:erp:problem:concurrency","title":"Someone else changed this record after you opened it. Reload it and try again.","status":409,"code":"concurrency","traceId":"00-17aa7d3b5269a1a445a447d8c
[xUnit.net 00:29:56.96]       PUT /api/lists/identity.users/views/{id:guid} → 409 {"type":"urn:erp:problem:concurrency","title":"Someone else changed this record after you opened it. Reload it and try again.","status":409,"code":"concurrency","traceId":"00-dbaee5a64d104361b9b226d57
[xUnit.net 00:29:56.96]       PUT /api/lists/identity.users/views/{id:guid} → 409 {"type":"urn:erp:problem:concurrency","title":"Someone else changed this record after you opened it. Reload it and try again.","status":409,"code":"concurrency","traceId":"00-ba9da912bb149c2ed2f0bcf6a
[xUnit.net 00:29:56.96]       PUT /api/lists/identity.users/views/{id:guid} → 409 {"type":"urn:erp:problem:concurrency","title":"Someone else changed this record after you opened it. Reload it and try again.","status":409,"code":"concurrency","traceId":"00-fd871372cdd717fd3fe7fb9a4
[xUnit.net 00:29:56.96]       PUT /api/lists/identity.users/views/{id:guid} → 409 {"type":"urn:erp:problem:concurrency","title":"Someone else changed this record after you opened it. Reload it and try again.","status":409,"code":"concurrency","traceId":"00-23465f09d50245f4c9037e552
[xUnit.net 00:29:56.96]       PUT /api/lists/identity.users/views/{id:guid} → 409 {"type":"urn:erp:problem:concurrency","title":"Someone else changed this record after you opened it. Reload it and try again.","status":409,"code":"concurrency","traceId":"00-795b0a9741329b88b7222da85
[xUnit.net 00:29:56.96]       PUT /api/lists/tenancy.access/shared-views/{id:guid} → 409 {"type":"urn:erp:problem:concurrency","title":"Someone else changed this record after you opened it. Reload it and try again.","status":409,"code":"concurrency","traceId":"00-a352f74348a267aaaba1afe29
[xUnit.net 00:29:56.96]       PUT /api/lists/tenancy.access/shared-views/{id:guid} → 409 {"type":"urn:erp:problem:concurrency","title":"Someone else changed this record after you opened it. Reload it and try again.","status":409,"code":"concurrency","traceId":"00-89108a2bce1f1ee15e5fb8f41
[xUnit.net 00:29:56.96]       PUT /api/lists/tenancy.access/shared-views/{id:guid} → 409 {"type":"urn:erp:problem:concurrency","title":"Someone else changed this record after you opened it. Reload it and try again.","status":409,"code":"concurrency","traceId":"00-e1c57d470c827ac696fab5738
[xUnit.net 00:29:56.96]       PUT /api/lists/tenancy.access/shared-views/{id:guid} → 409 {"type":"urn:erp:problem:concurrency","title":"Someone else changed this record after you opened it. Reload it and try again.","status":409,"code":"concurrency","traceId":"00-9115c83b093c4733baeee3752
[xUnit.net 00:29:56.96]       PUT /api/lists/tenancy.access/shared-views/{id:guid} → 409 {"type":"urn:erp:problem:concurrency","title":"Someone else changed this record after you opened it. Reload it and try again.","status":409,"code":"concurrency","traceId":"00-71a1218a2e8efd805307c0964
[xUnit.net 00:29:56.96]       PUT /api/lists/tenancy.access/shared-views/{id:guid} → 409 {"type":"urn:erp:problem:concurrency","title":"Someone else changed this record after you opened it. Reload it and try again.","status":409,"code":"concurrency","traceId":"00-7d92f4bacd45a5ffb309663d0
[xUnit.net 00:29:56.96]       PUT /api/lists/tenancy.access/shared-views/{id:guid} → 409 {"type":"urn:erp:problem:concurrency","title":"Someone else changed this record after you opened it. Reload it and try again.","status":409,"code":"concurrency","traceId":"00-d5501c51239ceffdae1f01225
[xUnit.net 00:29:56.96]       PUT /api/lists/tenancy.access/shared-views/{id:guid} → 409 {"type":"urn:erp:problem:concurrency","title":"Someone else changed this record after you opened it. Reload it and try again.","status":409,"code":"concurrency","traceId":"00-19c7e57d44b2a00bbba578141
[xUnit.net 00:29:56.96]       PUT /api/lists/tenancy.access/shared-views/{id:guid} → 409 {"type":"urn:erp:problem:concurrency","title":"Someone else changed this record after you opened it. Reload it and try again.","status":409,"code":"concurrency","traceId":"00-f2acbc792688ebb2d70735aeb
[xUnit.net 00:29:56.96]       PUT /api/lists/tenancy.access/shared-views/{id:guid} → 409 {"type":"urn:erp:problem:concurrency","title":"Someone else changed this record after you opened it. Reload it and try again.","status":409,"code":"concurrency","traceId":"00-08eede4b3e91d3bd27400b54b
[xUnit.net 00:29:56.96]       PUT /api/lists/tenancy.access/shared-views/{id:guid} → 409 {"type":"urn:erp:problem:concurrency","title":"Someone else changed this record after you opened it. Reload it and try again.","status":409,"code":"concurrency","traceId":"00-8f56622b20be760a5fc84fdf9
[xUnit.net 00:29:56.96]       PUT /api/lists/tenancy.access/views/{id:guid} → 409 {"type":"urn:erp:problem:concurrency","title":"Someone else changed this record after you opened it. Reload it and try again.","status":409,"code":"concurrency","traceId":"00-febda3f921d7303174ae1d79c
[xUnit.net 00:29:56.96]       PUT /api/lists/tenancy.access/views/{id:guid} → 409 {"type":"urn:erp:problem:concurrency","title":"Someone else changed this record after you opened it. Reload it and try again.","status":409,"code":"concurrency","traceId":"00-1a720027bd74789baad4b05c4
[xUnit.net 00:29:56.96]       PUT /api/lists/tenancy.access/views/{id:guid} → 409 {"type":"urn:erp:problem:concurrency","title":"Someone else changed this record after you opened it. Reload it and try again.","status":409,"code":"concurrency","traceId":"00-c305d23b3816dcbd53073ac32
[xUnit.net 00:29:56.96]       PUT /api/lists/tenancy.access/views/{id:guid} → 409 {"type":"urn:erp:problem:concurrency","title":"Someone else changed this record after you opened it. Reload it and try again.","status":409,"code":"concurrency","traceId":"00-b24b9c854bd49a7f73dae6cd5
[xUnit.net 00:29:56.96]       PUT /api/lists/tenancy.access/views/{id:guid} → 409 {"type":"urn:erp:problem:concurrency","title":"Someone else changed this record after you opened it. Reload it and try again.","status":409,"code":"concurrency","traceId":"00-30d9f97088ed6ed1f44a86205
[xUnit.net 00:29:56.96]       PUT /api/lists/tenancy.access/views/{id:guid} → 409 {"type":"urn:erp:problem:concurrency","title":"Someone else changed this record after you opened it. Reload it and try again.","status":409,"code":"concurrency","traceId":"00-711d0b1ec0c1e731785c724d8
[xUnit.net 00:29:56.96]       PUT /api/lists/tenancy.access/views/{id:guid} → 409 {"type":"urn:erp:problem:concurrency","title":"Someone else changed this record after you opened it. Reload it and try again.","status":409,"code":"concurrency","traceId":"00-e566da3c40e292436511332aa
[xUnit.net 00:29:56.96]       PUT /api/lists/tenancy.access/views/{id:guid} → 409 {"type":"urn:erp:problem:concurrency","title":"Someone else changed this record after you opened it. Reload it and try again.","status":409,"code":"concurrency","traceId":"00-034814a4eb9e3674942e1a606
[xUnit.net 00:29:56.96]       PUT /api/lists/tenancy.access/views/{id:guid} → 409 {"type":"urn:erp:problem:concurrency","title":"Someone else changed this record after you opened it. Reload it and try again.","status":409,"code":"concurrency","traceId":"00-bd446172efcb2449f376b3962
[xUnit.net 00:29:56.96]       PUT /api/lists/tenancy.access/views/{id:guid} → 409 {"type":"urn:erp:problem:concurrency","title":"Someone else changed this record after you opened it. Reload it and try again.","status":409,"code":"concurrency","traceId":"00-06145d7b00c020c7965ca12f8
[xUnit.net 00:29:56.96]       PUT /api/lists/tenancy.access/views/{id:guid} → 409 {"type":"urn:erp:problem:concurrency","title":"Someone else changed this record after you opened it. Reload it and try again.","status":409,"code":"concurrency","traceId":"00-2c695e1e14c103878a187d5e2
[xUnit.net 00:29:56.96]       PUT /api/lists/tenancy.branches/shared-views/{id:guid} → 409 {"type":"urn:erp:problem:concurrency","title":"Someone else changed this record after you opened it. Reload it and try again.","status":409,"code":"concurrency","traceId":"00-d3b9f850e8ac908ca10362ea0
[xUnit.net 00:29:56.96]       PUT /api/lists/tenancy.branches/shared-views/{id:guid} → 409 {"type":"urn:erp:problem:concurrency","title":"Someone else changed this record after you opened it. Reload it and try again.","status":409,"code":"concurrency","traceId":"00-b4a227193b7b99be4815ca85c
[xUnit.net 00:29:56.96]       PUT /api/lists/tenancy.branches/shared-views/{id:guid} → 409 {"type":"urn:erp:problem:concurrency","title":"Someone else changed this record after you opened it. Reload it and try again.","status":409,"code":"concurrency","traceId":"00-0084a5dbecd135d21f0ada06e
[xUnit.net 00:29:56.96]       PUT /api/lists/tenancy.branches/shared-views/{id:guid} → 409 {"type":"urn:erp:problem:concurrency","title":"Someone else changed this record after you opened it. Reload it and try again.","status":409,"code":"concurrency","traceId":"00-3f0fd3c2be9e4d06dbe0f94bb
[xUnit.net 00:29:56.96]       PUT /api/lists/tenancy.branches/shared-views/{id:guid} → 409 {"type":"urn:erp:problem:concurrency","title":"Someone else changed this record after you opened it. Reload it and try again.","status":409,"code":"concurrency","traceId":"00-157fceb0dbd0db0762543a5b6
[xUnit.net 00:29:56.96]       PUT /api/lists/tenancy.branches/shared-views/{id:guid} → 409 {"type":"urn:erp:problem:concurrency","title":"Someone else changed this record after you opened it. Reload it and try again.","status":409,"code":"concurrency","traceId":"00-dc4b18a918cf59bbb58328686
[xUnit.net 00:29:56.96]       PUT /api/lists/tenancy.branches/shared-views/{id:guid} → 409 {"type":"urn:erp:problem:concurrency","title":"Someone else changed this record after you opened it. Reload it and try again.","status":409,"code":"concurrency","traceId":"00-3a445c2dc550c184182d7fc33
[xUnit.net 00:29:56.96]       PUT /api/lists/tenancy.branches/shared-views/{id:guid} → 409 {"type":"urn:erp:problem:concurrency","title":"Someone else changed this record after you opened it. Reload it and try again.","status":409,"code":"concurrency","traceId":"00-67937ae1329df18afa6955892
[xUnit.net 00:29:56.96]       PUT /api/lists/tenancy.branches/shared-views/{id:guid} → 409 {"type":"urn:erp:problem:concurrency","title":"Someone else changed this record after you opened it. Reload it and try again.","status":409,"code":"concurrency","traceId":"00-971f8be95d7d6519b95882143
[xUnit.net 00:29:56.96]       PUT /api/lists/tenancy.branches/shared-views/{id:guid} → 409 {"type":"urn:erp:problem:concurrency","title":"Someone else changed this record after you opened it. Reload it and try again.","status":409,"code":"concurrency","traceId":"00-9d40184c7f91f2f9e98302e5a
[xUnit.net 00:29:56.96]       PUT /api/lists/tenancy.branches/shared-views/{id:guid} → 409 {"type":"urn:erp:problem:concurrency","title":"Someone else changed this record after you opened it. Reload it and try again.","status":409,"code":"concurrency","traceId":"00-c335ca3a389186ce9e6150535
[xUnit.net 00:29:56.96]       PUT /api/lists/tenancy.branches/shared-views/{id:guid} → 409 {"type":"urn:erp:problem:concurrency","title":"Someone else changed this record after you opened it. Reload it and try again.","status":409,"code":"concurrency","traceId":"00-a090a7b8b63adc2dff67b1cab
[xUnit.net 00:29:56.96]       PUT /api/lists/tenancy.branches/shared-views/{id:guid} → 409 {"type":"urn:erp:problem:concurrency","title":"Someone else changed this record after you opened it. Reload it and try again.","status":409,"code":"concurrency","traceId":"00-0b510e69e8810e23f34d52ab7
[xUnit.net 00:29:56.96]       PUT /api/lists/tenancy.branches/shared-views/{id:guid} → 409 {"type":"urn:erp:problem:concurrency","title":"Someone else changed this record after you opened it. Reload it and try again.","status":409,"code":"concurrency","traceId":"00-79c5bc72f0cc751c03bd98422
[xUnit.net 00:29:56.96]       PUT /api/lists/tenancy.branches/shared-views/{id:guid} → 409 {"type":"urn:erp:problem:concurrency","title":"Someone else changed this record after you opened it. Reload it and try again.","status":409,"code":"concurrency","traceId":"00-17634dae211844f70dd8420b0
[xUnit.net 00:29:56.96]       PUT /api/lists/tenancy.branches/shared-views/{id:guid} → 409 {"type":"urn:erp:problem:concurrency","title":"Someone else changed this record after you opened it. Reload it and try again.","status":409,"code":"concurrency","traceId":"00-66385a715a9567a6933ae3644
[xUnit.net 00:29:56.96]       PUT /api/lists/tenancy.branches/shared-views/{id:guid} → 409 {"type":"urn:erp:problem:concurrency","title":"Someone else changed this record after you opened it. Reload it and try again.","status":409,"code":"concurrency","traceId":"00-208de53adb2b2808a34e9bc55
[xUnit.net 00:29:56.96]       PUT /api/lists/tenancy.branches/shared-views/{id:guid} → 409 {"type":"urn:erp:problem:concurrency","title":"Someone else changed this record after you opened it. Reload it and try again.","status":409,"code":"concurrency","traceId":"00-d8b2f991da32d1eb06db44690
[xUnit.net 00:29:56.96]       PUT /api/lists/tenancy.branches/shared-views/{id:guid} → 409 {"type":"urn:erp:problem:concurrency","title":"Someone else changed this record after you opened it. Reload it and try again.","status":409,"code":"concurrency","traceId":"00-3283c2453358e3b46dab4d2c5
[xUnit.net 00:29:56.96]       PUT /api/lists/tenancy.branches/shared-views/{id:guid} → 409 {"type":"urn:erp:problem:concurrency","title":"Someone else changed this record after you opened it. Reload it and try again.","status":409,"code":"concurrency","traceId":"00-a5b22919af73f373e6201a6b0
[xUnit.net 00:29:56.96]       PUT /api/lists/tenancy.branches/shared-views/{id:guid} → 409 {"type":"urn:erp:problem:concurrency","title":"Someone else changed this record after you opened it. Reload it and try again.","status":409,"code":"concurrency","traceId":"00-b35064cf21dc90661b20051bd
[xUnit.net 00:29:56.96]       PUT /api/lists/tenancy.branches/shared-views/{id:guid} → 409 {"type":"urn:erp:problem:concurrency","title":"Someone else changed this record after you opened it. Reload it and try again.","status":409,"code":"concurrency","traceId":"00-29a3279de8ae0699ebcd9e0ac
[xUnit.net 00:29:56.96]       PUT /api/lists/tenancy.branches/shared-views/{id:guid} → 409 {"type":"urn:erp:problem:concurrency","title":"Someone else changed this record after you opened it. Reload it and try again.","status":409,"code":"concurrency","traceId":"00-2fcb47a541e9f7f1f841d8477
[xUnit.net 00:29:56.96]       PUT /api/lists/tenancy.branches/shared-views/{id:guid} → 409 {"type":"urn:erp:problem:concurrency","title":"Someone else changed this record after you opened it. Reload it and try again.","status":409,"code":"concurrency","traceId":"00-6b904899be92d19ed5c575c5b
[xUnit.net 00:29:56.96]       PUT /api/lists/tenancy.branches/shared-views/{id:guid} → 409 {"type":"urn:erp:problem:concurrency","title":"Someone else changed this record after you opened it. Reload it and try again.","status":409,"code":"concurrency","traceId":"00-8998a6fca9efbcc06737f403a
[xUnit.net 00:29:56.96]       PUT /api/lists/tenancy.branches/shared-views/{id:guid} → 409 {"type":"urn:erp:problem:concurrency","title":"Someone else changed this record after you opened it. Reload it and try again.","status":409,"code":"concurrency","traceId":"00-f2aa39d0a77583700ce9d5150
[xUnit.net 00:29:56.96]       PUT /api/lists/tenancy.branches/shared-views/{id:guid} → 409 {"type":"urn:erp:problem:concurrency","title":"Someone else changed this record after you opened it. Reload it and try again.","status":409,"code":"concurrency","traceId":"00-fa6951a41dc3ad45e8df57ca1
[xUnit.net 00:29:56.96]       PUT /api/lists/tenancy.branches/shared-views/{id:guid} → 409 {"type":"urn:erp:problem:concurrency","title":"Someone else changed this record after you opened it. Reload it and try again.","status":409,"code":"concurrency","traceId":"00-3ff0ac3b963f2ef77ef11336f
[xUnit.net 00:29:56.96]       PUT /api/lists/tenancy.branches/shared-views/{id:guid} → 409 {"type":"urn:erp:problem:concurrency","title":"Someone else changed this record after you opened it. Reload it and try again.","status":409,"code":"concurrency","traceId":"00-425e235d4b2cefa488db240d7
[xUnit.net 00:29:56.96]       PUT /api/lists/tenancy.branches/shared-views/{id:guid} → 409 {"type":"urn:erp:problem:concurrency","title":"Someone else changed this record after you opened it. Reload it and try again.","status":409,"code":"concurrency","traceId":"00-dd9ec4182f8acae8fc7e79eb1
[xUnit.net 00:29:56.96]       PUT /api/lists/tenancy.branches/shared-views/{id:guid} → 409 {"type":"urn:erp:problem:concurrency","title":"Someone else changed this record after you opened it. Reload it and try again.","status":409,"code":"concurrency","traceId":"00-faf812b06f4b6aeea56064f13
[xUnit.net 00:29:56.97]       PUT /api/lists/tenancy.branches/shared-views/{id:guid} → 409 {"type":"urn:erp:problem:concurrency","title":"Someone else changed this record after you opened it. Reload it and try again.","status":409,"code":"concurrency","traceId":"00-3ed0a04151a9e12b50e955e77
[xUnit.net 00:29:56.97]       PUT /api/lists/tenancy.branches/shared-views/{id:guid} → 409 {"type":"urn:erp:problem:concurrency","title":"Someone else changed this record after you opened it. Reload it and try again.","status":409,"code":"concurrency","traceId":"00-6e88277f03decb76aab6d10f0
[xUnit.net 00:29:56.97]       PUT /api/lists/tenancy.branches/shared-views/{id:guid} → 409 {"type":"urn:erp:problem:concurrency","title":"Someone else changed this record after you opened it. Reload it and try again.","status":409,"code":"concurrency","traceId":"00-ddeb03e1c0b683d5b0b9cd416
[xUnit.net 00:29:56.97]       PUT /api/lists/tenancy.branches/shared-views/{id:guid} → 409 {"type":"urn:erp:problem:concurrency","title":"Someone else changed this record after you opened it. Reload it and try again.","status":409,"code":"concurrency","traceId":"00-b5322acfe99721ea7504a230f
[xUnit.net 00:29:56.97]       PUT /api/lists/tenancy.branches/shared-views/{id:guid} → 409 {"type":"urn:erp:problem:concurrency","title":"Someone else changed this record after you opened it. Reload it and try again.","status":409,"code":"concurrency","traceId":"00-7dd8731070512f422adc728bd
[xUnit.net 00:29:56.97]       PUT /api/lists/tenancy.branches/shared-views/{id:guid} → 409 {"type":"urn:erp:problem:concurrency","title":"Someone else changed this record after you opened it. Reload it and try again.","status":409,"code":"concurrency","traceId":"00-d78d2567574aebb305a16f704
[xUnit.net 00:29:56.97]       PUT /api/lists/tenancy.branches/shared-views/{id:guid} → 409 {"type":"urn:erp:problem:concurrency","title":"Someone else changed this record after you opened it. Reload it and try again.","status":409,"code":"concurrency","traceId":"00-07e695c6b154ce9bf5ac9790f
[xUnit.net 00:29:56.97]       PUT /api/lists/tenancy.branches/shared-views/{id:guid} → 409 {"type":"urn:erp:problem:concurrency","title":"Someone else changed this record after you opened it. Reload it and try again.","status":409,"code":"concurrency","traceId":"00-58c3aeff4552827772106d0ec
[xUnit.net 00:29:56.97]       PUT /api/lists/tenancy.branches/shared-views/{id:guid} → 409 {"type":"urn:erp:problem:concurrency","title":"Someone else changed this record after you opened it. Reload it and try again.","status":409,"code":"concurrency","traceId":"00-396180602c25bbd9bf313953c
[xUnit.net 00:29:56.97]       PUT /api/lists/tenancy.branches/shared-views/{id:guid} → 409 {"type":"urn:erp:problem:concurrency","title":"Someone else changed this record after you opened it. Reload it and try again.","status":409,"code":"concurrency","traceId":"00-35076744da4c9b58f1cc0624f
[xUnit.net 00:29:56.97]       PUT /api/lists/tenancy.branches/shared-views/{id:guid} → 409 {"type":"urn:erp:problem:concurrency","title":"Someone else changed this record after you opened it. Reload it and try again.","status":409,"code":"concurrency","traceId":"00-c13a5911c5d6e8c676d0afd9b
[xUnit.net 00:29:56.97]       PUT /api/lists/tenancy.branches/shared-views/{id:guid} → 409 {"type":"urn:erp:problem:concurrency","title":"Someone else changed this record after you opened it. Reload it and try again.","status":409,"code":"concurrency","traceId":"00-259bb07eb9eeaf7d535fc4409
[xUnit.net 00:29:56.97]       PUT /api/lists/tenancy.branches/shared-views/{id:guid} → 409 {"type":"urn:erp:problem:concurrency","title":"Someone else changed this record after you opened it. Reload it and try again.","status":409,"code":"concurrency","traceId":"00-dcbfaf75dc540050b09ddf906
[xUnit.net 00:29:56.97]       PUT /api/lists/tenancy.branches/shared-views/{id:guid} → 409 {"type":"urn:erp:problem:concurrency","title":"Someone else changed this record after you opened it. Reload it and try again.","status":409,"code":"concurrency","traceId":"00-0b3337f4fe755eee8397973d0
[xUnit.net 00:29:56.97]       PUT /api/lists/tenancy.branches/shared-views/{id:guid} → 409 {"type":"urn:erp:problem:concurrency","title":"Someone else changed this record after you opened it. Reload it and try again.","status":409,"code":"concurrency","traceId":"00-d0e5382a387dd1790d010f3ca
[xUnit.net 00:29:56.97]       PUT /api/lists/tenancy.branches/shared-views/{id:guid} → 409 {"type":"urn:erp:problem:concurrency","title":"Someone else changed this record after you opened it. Reload it and try again.","status":409,"code":"concurrency","traceId":"00-bc44bb8f69f0c62a0101b2a77
[xUnit.net 00:29:56.97]       PUT /api/lists/tenancy.branches/shared-views/{id:guid} → 409 {"type":"urn:erp:problem:concurrency","title":"Someone else changed this record after you opened it. Reload it and try again.","status":409,"code":"concurrency","traceId":"00-a38aff4bf39cd6d39ce0e035f
[xUnit.net 00:29:56.97]       PUT /api/lists/tenancy.branches/shared-views/{id:guid} → 409 {"type":"urn:erp:problem:concurrency","title":"Someone else changed this record after you opened it. Reload it and try again.","status":409,"code":"concurrency","traceId":"00-0f5965e678758860a9e924215
[xUnit.net 00:29:56.97]       PUT /api/lists/tenancy.branches/shared-views/{id:guid} → 409 {"type":"urn:erp:problem:concurrency","title":"Someone else changed this record after you opened it. Reload it and try again.","status":409,"code":"concurrency","traceId":"00-e5884bc08b46645746bea91c7
[xUnit.net 00:29:56.97]       PUT /api/lists/tenancy.branches/shared-views/{id:guid} → 409 {"type":"urn:erp:problem:concurrency","title":"Someone else changed this record after you opened it. Reload it and try again.","status":409,"code":"concurrency","traceId":"00-1972fa377b066f5a24e6f8208
[xUnit.net 00:29:56.97]       PUT /api/lists/tenancy.branches/shared-views/{id:guid} → 409 {"type":"urn:erp:problem:concurrency","title":"Someone else changed this record after you opened it. Reload it and try again.","status":409,"code":"concurrency","traceId":"00-70133c729cb0da709f61f4f8e
[xUnit.net 00:29:56.97]       PUT /api/lists/tenancy.branches/shared-views/{id:guid} → 409 {"type":"urn:erp:problem:concurrency","title":"Someone else changed this record after you opened it. Reload it and try again.","status":409,"code":"concurrency","traceId":"00-0a2af20fdcaee025f16123800
[xUnit.net 00:29:56.97]       PUT /api/lists/tenancy.branches/shared-views/{id:guid} → 409 {"type":"urn:erp:problem:concurrency","title":"Someone else changed this record after you opened it. Reload it and try again.","status":409,"code":"concurrency","traceId":"00-d790b8b19a3d27303c27cfdcc
[xUnit.net 00:29:56.97]       PUT /api/lists/tenancy.branches/shared-views/{id:guid} → 409 {"type":"urn:erp:problem:concurrency","title":"Someone else changed this record after you opened it. Reload it and try again.","status":409,"code":"concurrency","traceId":"00-84b141584fd32d08779e8891f
[xUnit.net 00:29:56.97]       PUT /api/lists/tenancy.branches/shared-views/{id:guid} → 409 {"type":"urn:erp:problem:concurrency","title":"Someone else changed this record after you opened it. Reload it and try again.","status":409,"code":"concurrency","traceId":"00-9bb6d00b54f91411a757358d9
[xUnit.net 00:29:56.97]       PUT /api/lists/tenancy.branches/views/{id:guid} → 409 {"type":"urn:erp:problem:concurrency","title":"Someone else changed this record after you opened it. Reload it and try again.","status":409,"code":"concurrency","traceId":"00-782a5601afa949cd01433017e
[xUnit.net 00:29:56.97]       PUT /api/lists/tenancy.branches/views/{id:guid} → 409 {"type":"urn:erp:problem:concurrency","title":"Someone else changed this record after you opened it. Reload it and try again.","status":409,"code":"concurrency","traceId":"00-70cb44a937ec29a3935d61c4c
[xUnit.net 00:29:56.97]       PUT /api/lists/tenancy.branches/views/{id:guid} → 409 {"type":"urn:erp:problem:concurrency","title":"Someone else changed this record after you opened it. Reload it and try again.","status":409,"code":"concurrency","traceId":"00-e212406eac7093c5f125e4e1e
[xUnit.net 00:29:56.97]       PUT /api/lists/tenancy.branches/views/{id:guid} → 409 {"type":"urn:erp:problem:concurrency","title":"Someone else changed this record after you opened it. Reload it and try again.","status":409,"code":"concurrency","traceId":"00-1fb87f20867de3a3c77f033d6
[xUnit.net 00:29:56.97]       PUT /api/lists/tenancy.branches/views/{id:guid} → 409 {"type":"urn:erp:problem:concurrency","title":"Someone else changed this record after you opened it. Reload it and try again.","status":409,"code":"concurrency","traceId":"00-0598890d6591c23f2d53aba21
[xUnit.net 00:29:56.97]       PUT /api/lists/tenancy.branches/views/{id:guid} → 409 {"type":"urn:erp:problem:concurrency","title":"Someone else changed this record after you opened it. Reload it and try again.","status":409,"code":"concurrency","traceId":"00-b7fda58e35077f00720115e58
[xUnit.net 00:29:56.97]       PUT /api/lists/tenancy.branches/views/{id:guid} → 409 {"type":"urn:erp:problem:concurrency","title":"Someone else changed this record after you opened it. Reload it and try again.","status":409,"code":"concurrency","traceId":"00-feed2f880cf25dcd9bbb7c941
[xUnit.net 00:29:56.97]       PUT /api/lists/tenancy.branches/views/{id:guid} → 409 {"type":"urn:erp:problem:concurrency","title":"Someone else changed this record after you opened it. Reload it and try again.","status":409,"code":"concurrency","traceId":"00-01c82a77d7b486c39c8f62f00
[xUnit.net 00:29:56.97]       PUT /api/lists/tenancy.branches/views/{id:guid} → 409 {"type":"urn:erp:problem:concurrency","title":"Someone else changed this record after you opened it. Reload it and try again.","status":409,"code":"concurrency","traceId":"00-4f73dc342ba33786d2383bacb
[xUnit.net 00:29:56.97]       PUT /api/lists/tenancy.branches/views/{id:guid} → 409 {"type":"urn:erp:problem:concurrency","title":"Someone else changed this record after you opened it. Reload it and try again.","status":409,"code":"concurrency","traceId":"00-37eb3ba7092b934285f8c0852
[xUnit.net 00:29:56.97]       PUT /api/lists/tenancy.branches/views/{id:guid} → 409 {"type":"urn:erp:problem:concurrency","title":"Someone else changed this record after you opened it. Reload it and try again.","status":409,"code":"concurrency","traceId":"00-dd48777a1bd53656ff037cf45
[xUnit.net 00:29:56.97]       PUT /api/lists/tenancy.branches/views/{id:guid} → 409 {"type":"urn:erp:problem:concurrency","title":"Someone else changed this record after you opened it. Reload it and try again.","status":409,"code":"concurrency","traceId":"00-b819e35db90069c7abf912854
[xUnit.net 00:29:56.97]       PUT /api/lists/tenancy.branches/views/{id:guid} → 409 {"type":"urn:erp:problem:concurrency","title":"Someone else changed this record after you opened it. Reload it and try again.","status":409,"code":"concurrency","traceId":"00-ca73d5d3d42fde1babdcdf815
[xUnit.net 00:29:56.97]       PUT /api/lists/tenancy.branches/views/{id:guid} → 409 {"type":"urn:erp:problem:concurrency","title":"Someone else changed this record after you opened it. Reload it and try again.","status":409,"code":"concurrency","traceId":"00-e0445f8d0086a76ae40ed60a3
[xUnit.net 00:29:56.97]       PUT /api/lists/tenancy.branches/views/{id:guid} → 409 {"type":"urn:erp:problem:concurrency","title":"Someone else changed this record after you opened it. Reload it and try again.","status":409,"code":"concurrency","traceId":"00-4eb781992818760eebc0f2011
[xUnit.net 00:29:56.97]       PUT /api/lists/tenancy.branches/views/{id:guid} → 409 {"type":"urn:erp:problem:concurrency","title":"Someone else changed this record after you opened it. Reload it and try again.","status":409,"code":"concurrency","traceId":"00-c58b30a9fb65c5b4eaad69cd0
[xUnit.net 00:29:56.97]       PUT /api/lists/tenancy.branches/views/{id:guid} → 409 {"type":"urn:erp:problem:concurrency","title":"Someone else changed this record after you opened it. Reload it and try again.","status":409,"code":"concurrency","traceId":"00-4505870fd0b66b0d4374ca2c7
[xUnit.net 00:29:56.97]       PUT /api/lists/tenancy.branches/views/{id:guid} → 409 {"type":"urn:erp:problem:concurrency","title":"Someone else changed this record after you opened it. Reload it and try again.","status":409,"code":"concurrency","traceId":"00-650283bbf6ad80d3916a22a3a
[xUnit.net 00:29:56.97]       PUT /api/lists/tenancy.branches/views/{id:guid} → 409 {"type":"urn:erp:problem:concurrency","title":"Someone else changed this record after you opened it. Reload it and try again.","status":409,"code":"concurrency","traceId":"00-3da0c39c655e6c773a5f22e62
[xUnit.net 00:29:56.97]       PUT /api/lists/tenancy.branches/views/{id:guid} → 409 {"type":"urn:erp:problem:concurrency","title":"Someone else changed this record after you opened it. Reload it and try again.","status":409,"code":"concurrency","traceId":"00-0529a58287e1854c97f7ccee9
[xUnit.net 00:29:56.97]       PUT /api/lists/tenancy.branches/views/{id:guid} → 409 {"type":"urn:erp:problem:concurrency","title":"Someone else changed this record after you opened it. Reload it and try again.","status":409,"code":"concurrency","traceId":"00-46317907787b41739bbd1d131
[xUnit.net 00:29:56.97]       PUT /api/lists/tenancy.branches/views/{id:guid} → 409 {"type":"urn:erp:problem:concurrency","title":"Someone else changed this record after you opened it. Reload it and try again.","status":409,"code":"concurrency","traceId":"00-82f937e8084338ae07ce4f80e
[xUnit.net 00:29:56.97]       PUT /api/lists/tenancy.branches/views/{id:guid} → 409 {"type":"urn:erp:problem:concurrency","title":"Someone else changed this record after you opened it. Reload it and try again.","status":409,"code":"concurrency","traceId":"00-a070d3c476a02e24724b40264
[xUnit.net 00:29:56.97]       PUT /api/lists/tenancy.branches/views/{id:guid} → 409 {"type":"urn:erp:problem:concurrency","title":"Someone else changed this record after you opened it. Reload it and try again.","status":409,"code":"concurrency","traceId":"00-5d32d9b3e0a09ec141dc2dd96
[xUnit.net 00:29:56.97]       PUT /api/lists/tenancy.branches/views/{id:guid} → 409 {"type":"urn:erp:problem:concurrency","title":"Someone else changed this record after you opened it. Reload it and try again.","status":409,"code":"concurrency","traceId":"00-8f7ac7fec8c521f13e5bcea24
[xUnit.net 00:29:56.97]       PUT /api/lists/tenancy.branches/views/{id:guid} → 409 {"type":"urn:erp:problem:concurrency","title":"Someone else changed this record after you opened it. Reload it and try again.","status":409,"code":"concurrency","traceId":"00-de6623d3aee8bc216a8f3333e
[xUnit.net 00:29:56.97]       PUT /api/lists/tenancy.branches/views/{id:guid} → 409 {"type":"urn:erp:problem:concurrency","title":"Someone else changed this record after you opened it. Reload it and try again.","status":409,"code":"concurrency","traceId":"00-fb037f578d33b4e20508df41c
[xUnit.net 00:29:56.97]       PUT /api/lists/tenancy.branches/views/{id:guid} → 409 {"type":"urn:erp:problem:concurrency","title":"Someone else changed this record after you opened it. Reload it and try again.","status":409,"code":"concurrency","traceId":"00-3042e0ad72a2a0ed9e3e3ce79
[xUnit.net 00:29:56.97]       PUT /api/lists/tenancy.branches/views/{id:guid} → 409 {"type":"urn:erp:problem:concurrency","title":"Someone else changed this record after you opened it. Reload it and try again.","status":409,"code":"concurrency","traceId":"00-17fd414e71aded1f78c151387
[xUnit.net 00:29:56.97]       PUT /api/lists/tenancy.branches/views/{id:guid} → 409 {"type":"urn:erp:problem:concurrency","title":"Someone else changed this record after you opened it. Reload it and try again.","status":409,"code":"concurrency","traceId":"00-261407d6e5e38b8eec95b4b7d
[xUnit.net 00:29:56.97]       PUT /api/lists/tenancy.branches/views/{id:guid} → 409 {"type":"urn:erp:problem:concurrency","title":"Someone else changed this record after you opened it. Reload it and try again.","status":409,"code":"concurrency","traceId":"00-1617848f02ec3e4b11c96d7a8
[xUnit.net 00:29:56.97]       PUT /api/lists/tenancy.branches/views/{id:guid} → 409 {"type":"urn:erp:problem:concurrency","title":"Someone else changed this record after you opened it. Reload it and try again.","status":409,"code":"concurrency","traceId":"00-1738bdb61a5f7c71d3730ada0
[xUnit.net 00:29:56.97]       PUT /api/lists/tenancy.branches/views/{id:guid} → 409 {"type":"urn:erp:problem:concurrency","title":"Someone else changed this record after you opened it. Reload it and try again.","status":409,"code":"concurrency","traceId":"00-1dbc5e3ac4d136e6f43ad2b2b
[xUnit.net 00:29:56.97]       PUT /api/lists/tenancy.branches/views/{id:guid} → 409 {"type":"urn:erp:problem:concurrency","title":"Someone else changed this record after you opened it. Reload it and try again.","status":409,"code":"concurrency","traceId":"00-fb7c753a4945820bf1f54a570
[xUnit.net 00:29:56.97]       PUT /api/lists/tenancy.branches/views/{id:guid} → 409 {"type":"urn:erp:problem:concurrency","title":"Someone else changed this record after you opened it. Reload it and try again.","status":409,"code":"concurrency","traceId":"00-3b53cff75aeb9c6f6e4008c5b
[xUnit.net 00:29:56.97]       PUT /api/lists/tenancy.branches/views/{id:guid} → 409 {"type":"urn:erp:problem:concurrency","title":"Someone else changed this record after you opened it. Reload it and try again.","status":409,"code":"concurrency","traceId":"00-88d7867316c0fd37f9056f831
[xUnit.net 00:29:56.97]       PUT /api/lists/tenancy.branches/views/{id:guid} → 409 {"type":"urn:erp:problem:concurrency","title":"Someone else changed this record after you opened it. Reload it and try again.","status":409,"code":"concurrency","traceId":"00-b7b7b4deed4f1b23a6cd9f74f
[xUnit.net 00:29:56.97]       PUT /api/lists/tenancy.branches/views/{id:guid} → 409 {"type":"urn:erp:problem:concurrency","title":"Someone else changed this record after you opened it. Reload it and try again.","status":409,"code":"concurrency","traceId":"00-d96383daaf166d320ffd156a2
[xUnit.net 00:29:56.97]       PUT /api/lists/tenancy.branches/views/{id:guid} → 409 {"type":"urn:erp:problem:concurrency","title":"Someone else changed this record after you opened it. Reload it and try again.","status":409,"code":"concurrency","traceId":"00-72eb68bd78dac2a6204783d7e
[xUnit.net 00:29:56.97]       PUT /api/lists/tenancy.branches/views/{id:guid} → 409 {"type":"urn:erp:problem:concurrency","title":"Someone else changed this record after you opened it. Reload it and try again.","status":409,"code":"concurrency","traceId":"00-43e77de36e8a1d452e33546e7
[xUnit.net 00:29:56.97]       PUT /api/lists/tenancy.branches/views/{id:guid} → 409 {"type":"urn:erp:problem:concurrency","title":"Someone else changed this record after you opened it. Reload it and try again.","status":409,"code":"concurrency","traceId":"00-1c8b1d420a2669ea1ba04aa96
[xUnit.net 00:29:56.97]       PUT /api/lists/tenancy.branches/views/{id:guid} → 409 {"type":"urn:erp:problem:concurrency","title":"Someone else changed this record after you opened it. Reload it and try again.","status":409,"code":"concurrency","traceId":"00-5827be9659cb923eea84fb63f
[xUnit.net 00:29:56.97]       PUT /api/lists/tenancy.branches/views/{id:guid} → 409 {"type":"urn:erp:problem:concurrency","title":"Someone else changed this record after you opened it. Reload it and try again.","status":409,"code":"concurrency","traceId":"00-3bd44afd10edf78650569f417
[xUnit.net 00:29:56.97]       PUT /api/lists/tenancy.branches/views/{id:guid} → 409 {"type":"urn:erp:problem:concurrency","title":"Someone else changed this record after you opened it. Reload it and try again.","status":409,"code":"concurrency","traceId":"00-5759da4e57f86f6db433e6388
[xUnit.net 00:29:56.98]       PUT /api/lists/tenancy.branches/views/{id:guid} → 409 {"type":"urn:erp:problem:concurrency","title":"Someone else changed this record after you opened it. Reload it and try again.","status":409,"code":"concurrency","traceId":"00-df7e18400317ba7c48fca5371
[xUnit.net 00:29:56.98]       PUT /api/lists/tenancy.branches/views/{id:guid} → 409 {"type":"urn:erp:problem:concurrency","title":"Someone else changed this record after you opened it. Reload it and try again.","status":409,"code":"concurrency","traceId":"00-7220e96ecbde0ee2968730873
[xUnit.net 00:29:56.98]       PUT /api/lists/tenancy.branches/views/{id:guid} → 409 {"type":"urn:erp:problem:concurrency","title":"Someone else changed this record after you opened it. Reload it and try again.","status":409,"code":"concurrency","traceId":"00-05c866bde4e6337cdc3fd18bd
[xUnit.net 00:29:56.98]       PUT /api/lists/tenancy.branches/views/{id:guid} → 409 {"type":"urn:erp:problem:concurrency","title":"Someone else changed this record after you opened it. Reload it and try again.","status":409,"code":"concurrency","traceId":"00-1f4bc7d55f838aee25d260fc5
[xUnit.net 00:29:56.98]       PUT /api/lists/tenancy.branches/views/{id:guid} → 409 {"type":"urn:erp:problem:concurrency","title":"Someone else changed this record after you opened it. Reload it and try again.","status":409,"code":"concurrency","traceId":"00-164e7b0c36289d27957b64b9d
[xUnit.net 00:29:56.98]       PUT /api/lists/tenancy.branches/views/{id:guid} → 409 {"type":"urn:erp:problem:concurrency","title":"Someone else changed this record after you opened it. Reload it and try again.","status":409,"code":"concurrency","traceId":"00-e4e20fd718596e010be01d1bd
[xUnit.net 00:29:56.98]       PUT /api/lists/tenancy.branches/views/{id:guid} → 409 {"type":"urn:erp:problem:concurrency","title":"Someone else changed this record after you opened it. Reload it and try again.","status":409,"code":"concurrency","traceId":"00-b522b3ce94cc037c0e9d47546
[xUnit.net 00:29:56.98]       PUT /api/lists/tenancy.branches/views/{id:guid} → 409 {"type":"urn:erp:problem:concurrency","title":"Someone else changed this record after you opened it. Reload it and try again.","status":409,"code":"concurrency","traceId":"00-b26850a393bb30687f1eae38d
[xUnit.net 00:29:56.98]       PUT /api/lists/tenancy.branches/views/{id:guid} → 409 {"type":"urn:erp:problem:concurrency","title":"Someone else changed this record after you opened it. Reload it and try again.","status":409,"code":"concurrency","traceId":"00-47efc02cb3a3ca8e023b7239f
[xUnit.net 00:29:56.98]       PUT /api/lists/tenancy.branches/views/{id:guid} → 409 {"type":"urn:erp:problem:concurrency","title":"Someone else changed this record after you opened it. Reload it and try again.","status":409,"code":"concurrency","traceId":"00-36147f00cbe0398b5bf9713ac
[xUnit.net 00:29:56.98]       PUT /api/lists/tenancy.branches/views/{id:guid} → 409 {"type":"urn:erp:problem:concurrency","title":"Someone else changed this record after you opened it. Reload it and try again.","status":409,"code":"concurrency","traceId":"00-d5696bdeaeb644710a112459c
[xUnit.net 00:29:56.98]       PUT /api/lists/tenancy.branches/views/{id:guid} → 409 {"type":"urn:erp:problem:concurrency","title":"Someone else changed this record after you opened it. Reload it and try again.","status":409,"code":"concurrency","traceId":"00-f2de41e4e2fe93a7c5a23f060
[xUnit.net 00:29:56.98]       PUT /api/lists/tenancy.companies/shared-views/{id:guid} → 409 {"type":"urn:erp:problem:concurrency","title":"Someone else changed this record after you opened it. Reload it and try again.","status":409,"code":"concurrency","traceId":"00-c80f6437a80cdec259d006d62
[xUnit.net 00:29:56.98]       PUT /api/lists/tenancy.companies/shared-views/{id:guid} → 409 {"type":"urn:erp:problem:concurrency","title":"Someone else changed this record after you opened it. Reload it and try again.","status":409,"code":"concurrency","traceId":"00-de14cd9fcdcf9c1fbe3fffef4
[xUnit.net 00:29:56.98]       PUT /api/lists/tenancy.companies/shared-views/{id:guid} → 409 {"type":"urn:erp:problem:concurrency","title":"Someone else changed this record after you opened it. Reload it and try again.","status":409,"code":"concurrency","traceId":"00-0a9b078818772233e178680a3
[xUnit.net 00:29:56.98]       PUT /api/lists/tenancy.companies/shared-views/{id:guid} → 409 {"type":"urn:erp:problem:concurrency","title":"Someone else changed this record after you opened it. Reload it and try again.","status":409,"code":"concurrency","traceId":"00-fb453138f16aad3be598ee563
[xUnit.net 00:29:56.98]       PUT /api/lists/tenancy.companies/shared-views/{id:guid} → 409 {"type":"urn:erp:problem:concurrency","title":"Someone else changed this record after you opened it. Reload it and try again.","status":409,"code":"concurrency","traceId":"00-90698b941a993201b84e61d40
[xUnit.net 00:29:56.98]       PUT /api/lists/tenancy.companies/shared-views/{id:guid} → 409 {"type":"urn:erp:problem:concurrency","title":"Someone else changed this record after you opened it. Reload it and try again.","status":409,"code":"concurrency","traceId":"00-3f3f032b4e3a8ba8f9f09a6d7
[xUnit.net 00:29:56.98]       PUT /api/lists/tenancy.companies/shared-views/{id:guid} → 409 {"type":"urn:erp:problem:concurrency","title":"Someone else changed this record after you opened it. Reload it and try again.","status":409,"code":"concurrency","traceId":"00-3931e3f7e1d59426b370f4e32
[xUnit.net 00:29:56.98]       PUT /api/lists/tenancy.companies/shared-views/{id:guid} → 409 {"type":"urn:erp:problem:concurrency","title":"Someone else changed this record after you opened it. Reload it and try again.","status":409,"code":"concurrency","traceId":"00-86693e9ed74bf707add8e8470
[xUnit.net 00:29:56.98]       PUT /api/lists/tenancy.companies/shared-views/{id:guid} → 409 {"type":"urn:erp:problem:concurrency","title":"Someone else changed this record after you opened it. Reload it and try again.","status":409,"code":"concurrency","traceId":"00-3bdc5c1b81f464d13bd3d36ff
[xUnit.net 00:29:56.98]       PUT /api/lists/tenancy.companies/shared-views/{id:guid} → 409 {"type":"urn:erp:problem:concurrency","title":"Someone else changed this record after you opened it. Reload it and try again.","status":409,"code":"concurrency","traceId":"00-12ffcb479e618fc43ef19fbdb
[xUnit.net 00:29:56.98]       PUT /api/lists/tenancy.companies/shared-views/{id:guid} → 409 {"type":"urn:erp:problem:concurrency","title":"Someone else changed this record after you opened it. Reload it and try again.","status":409,"code":"concurrency","traceId":"00-750126be4a5903e8fdaaf80cc
[xUnit.net 00:29:56.98]       PUT /api/lists/tenancy.companies/shared-views/{id:guid} → 409 {"type":"urn:erp:problem:concurrency","title":"Someone else changed this record after you opened it. Reload it and try again.","status":409,"code":"concurrency","traceId":"00-a6f403dde6e750618b69031e1
[xUnit.net 00:29:56.98]       PUT /api/lists/tenancy.companies/shared-views/{id:guid} → 409 {"type":"urn:erp:problem:concurrency","title":"Someone else changed this record after you opened it. Reload it and try again.","status":409,"code":"concurrency","traceId":"00-54089148045108b08b87a754d
[xUnit.net 00:29:56.98]       PUT /api/lists/tenancy.companies/shared-views/{id:guid} → 409 {"type":"urn:erp:problem:concurrency","title":"Someone else changed this record after you opened it. Reload it and try again.","status":409,"code":"concurrency","traceId":"00-a61fb077426ded2fcffe13285
[xUnit.net 00:29:56.98]       PUT /api/lists/tenancy.companies/shared-views/{id:guid} → 409 {"type":"urn:erp:problem:concurrency","title":"Someone else changed this record after you opened it. Reload it and try again.","status":409,"code":"concurrency","traceId":"00-84d7b1d5a3be877d73cf33562
[xUnit.net 00:29:56.98]       PUT /api/lists/tenancy.companies/shared-views/{id:guid} → 409 {"type":"urn:erp:problem:concurrency","title":"Someone else changed this record after you opened it. Reload it and try again.","status":409,"code":"concurrency","traceId":"00-b8cfd2216f6e0deb1a9ba1677
[xUnit.net 00:29:56.98]       PUT /api/lists/tenancy.companies/shared-views/{id:guid} → 409 {"type":"urn:erp:problem:concurrency","title":"Someone else changed this record after you opened it. Reload it and try again.","status":409,"code":"concurrency","traceId":"00-d174b95fc295aa434a4dd38d6
[xUnit.net 00:29:56.98]       PUT /api/lists/tenancy.companies/shared-views/{id:guid} → 409 {"type":"urn:erp:problem:concurrency","title":"Someone else changed this record after you opened it. Reload it and try again.","status":409,"code":"concurrency","traceId":"00-f36768357a8c8d4aa09d7fecd
[xUnit.net 00:29:56.98]       PUT /api/lists/tenancy.companies/shared-views/{id:guid} → 409 {"type":"urn:erp:problem:concurrency","title":"Someone else changed this record after you opened it. Reload it and try again.","status":409,"code":"concurrency","traceId":"00-328c3e47c645ac57f5c2a5c4b
[xUnit.net 00:29:56.98]       PUT /api/lists/tenancy.companies/shared-views/{id:guid} → 409 {"type":"urn:erp:problem:concurrency","title":"Someone else changed this record after you opened it. Reload it and try again.","status":409,"code":"concurrency","traceId":"00-bd61f0136b6f912bea18518a6
[xUnit.net 00:29:56.98]       PUT /api/lists/tenancy.companies/shared-views/{id:guid} → 409 {"type":"urn:erp:problem:concurrency","title":"Someone else changed this record after you opened it. Reload it and try again.","status":409,"code":"concurrency","traceId":"00-45fc8c18434a6f76e3edfd741
[xUnit.net 00:29:56.98]       PUT /api/lists/tenancy.companies/shared-views/{id:guid} → 409 {"type":"urn:erp:problem:concurrency","title":"Someone else changed this record after you opened it. Reload it and try again.","status":409,"code":"concurrency","traceId":"00-dcacc25658fdf201963ddbd47
[xUnit.net 00:29:56.98]       PUT /api/lists/tenancy.companies/shared-views/{id:guid} → 409 {"type":"urn:erp:problem:concurrency","title":"Someone else changed this record after you opened it. Reload it and try again.","status":409,"code":"concurrency","traceId":"00-a0778bd5ee1cebd20edcd0c3f
[xUnit.net 00:29:56.98]       PUT /api/lists/tenancy.companies/shared-views/{id:guid} → 409 {"type":"urn:erp:problem:concurrency","title":"Someone else changed this record after you opened it. Reload it and try again.","status":409,"code":"concurrency","traceId":"00-b8cab7f0af80b51718135121f
[xUnit.net 00:29:56.98]       PUT /api/lists/tenancy.companies/shared-views/{id:guid} → 409 {"type":"urn:erp:problem:concurrency","title":"Someone else changed this record after you opened it. Reload it and try again.","status":409,"code":"concurrency","traceId":"00-0d1b0c600a0a48c4681dbdaef
[xUnit.net 00:29:56.98]       PUT /api/lists/tenancy.companies/shared-views/{id:guid} → 409 {"type":"urn:erp:problem:concurrency","title":"Someone else changed this record after you opened it. Reload it and try again.","status":409,"code":"concurrency","traceId":"00-5cc9c5ec64f15b1936d45f486
[xUnit.net 00:29:56.98]       PUT /api/lists/tenancy.companies/shared-views/{id:guid} → 409 {"type":"urn:erp:problem:concurrency","title":"Someone else changed this record after you opened it. Reload it and try again.","status":409,"code":"concurrency","traceId":"00-7ce5f8ed1526814e20b030356
[xUnit.net 00:29:56.98]       PUT /api/lists/tenancy.companies/shared-views/{id:guid} → 409 {"type":"urn:erp:problem:concurrency","title":"Someone else changed this record after you opened it. Reload it and try again.","status":409,"code":"concurrency","traceId":"00-7d36e4c4ade65db268fcf5d51
[xUnit.net 00:29:56.98]       PUT /api/lists/tenancy.companies/shared-views/{id:guid} → 409 {"type":"urn:erp:problem:concurrency","title":"Someone else changed this record after you opened it. Reload it and try again.","status":409,"code":"concurrency","traceId":"00-9929ec0477ab531ec440090f0
[xUnit.net 00:29:56.98]       PUT /api/lists/tenancy.companies/shared-views/{id:guid} → 409 {"type":"urn:erp:problem:concurrency","title":"Someone else changed this record after you opened it. Reload it and try again.","status":409,"code":"concurrency","traceId":"00-570b913b79c5e7b43b851fbc6
[xUnit.net 00:29:56.98]       PUT /api/lists/tenancy.companies/shared-views/{id:guid} → 409 {"type":"urn:erp:problem:concurrency","title":"Someone else changed this record after you opened it. Reload it and try again.","status":409,"code":"concurrency","traceId":"00-e9d2384f7d836c5bde65c7c2b
[xUnit.net 00:29:56.98]       PUT /api/lists/tenancy.companies/shared-views/{id:guid} → 409 {"type":"urn:erp:problem:concurrency","title":"Someone else changed this record after you opened it. Reload it and try again.","status":409,"code":"concurrency","traceId":"00-5820c52cd3ebf33ef58621c70
[xUnit.net 00:29:56.98]       PUT /api/lists/tenancy.companies/shared-views/{id:guid} → 409 {"type":"urn:erp:problem:concurrency","title":"Someone else changed this record after you opened it. Reload it and try again.","status":409,"code":"concurrency","traceId":"00-b57a3f0acef38769ade8a1a77
[xUnit.net 00:29:56.98]       PUT /api/lists/tenancy.companies/shared-views/{id:guid} → 409 {"type":"urn:erp:problem:concurrency","title":"Someone else changed this record after you opened it. Reload it and try again.","status":409,"code":"concurrency","traceId":"00-e6a087b70fb78a5bf2d6b4597
[xUnit.net 00:29:56.98]       PUT /api/lists/tenancy.companies/shared-views/{id:guid} → 409 {"type":"urn:erp:problem:concurrency","title":"Someone else changed this record after you opened it. Reload it and try again.","status":409,"code":"concurrency","traceId":"00-ef8a2ff61fda6e9fe99e5da4c
[xUnit.net 00:29:56.98]       PUT /api/lists/tenancy.companies/shared-views/{id:guid} → 409 {"type":"urn:erp:problem:concurrency","title":"Someone else changed this record after you opened it. Reload it and try again.","status":409,"code":"concurrency","traceId":"00-9e184d194480e7c021b770e4c
[xUnit.net 00:29:56.98]       PUT /api/lists/tenancy.companies/shared-views/{id:guid} → 409 {"type":"urn:erp:problem:concurrency","title":"Someone else changed this record after you opened it. Reload it and try again.","status":409,"code":"concurrency","traceId":"00-b588187bd01fc5877fccc14a5
[xUnit.net 00:29:56.98]       PUT /api/lists/tenancy.companies/shared-views/{id:guid} → 409 {"type":"urn:erp:problem:concurrency","title":"Someone else changed this record after you opened it. Reload it and try again.","status":409,"code":"concurrency","traceId":"00-98375d339969ba267217de94b
[xUnit.net 00:29:56.98]       PUT /api/lists/tenancy.companies/shared-views/{id:guid} → 409 {"type":"urn:erp:problem:concurrency","title":"Someone else changed this record after you opened it. Reload it and try again.","status":409,"code":"concurrency","traceId":"00-51896401af38ebe7350a182b0
[xUnit.net 00:29:56.98]       PUT /api/lists/tenancy.companies/shared-views/{id:guid} → 409 {"type":"urn:erp:problem:concurrency","title":"Someone else changed this record after you opened it. Reload it and try again.","status":409,"code":"concurrency","traceId":"00-f06dfee0c958db8aca54bdb39
[xUnit.net 00:29:56.98]       PUT /api/lists/tenancy.companies/shared-views/{id:guid} → 409 {"type":"urn:erp:problem:concurrency","title":"Someone else changed this record after you opened it. Reload it and try again.","status":409,"code":"concurrency","traceId":"00-fdb2fc35e2cae392a4a084bfd
[xUnit.net 00:29:56.98]       PUT /api/lists/tenancy.companies/shared-views/{id:guid} → 409 {"type":"urn:erp:problem:concurrency","title":"Someone else changed this record after you opened it. Reload it and try again.","status":409,"code":"concurrency","traceId":"00-c806269bc8900dba43507a1ee
[xUnit.net 00:29:56.98]       PUT /api/lists/tenancy.companies/shared-views/{id:guid} → 409 {"type":"urn:erp:problem:concurrency","title":"Someone else changed this record after you opened it. Reload it and try again.","status":409,"code":"concurrency","traceId":"00-019cbf48c1628412d3b4fb6a1
[xUnit.net 00:29:56.98]       PUT /api/lists/tenancy.companies/shared-views/{id:guid} → 409 {"type":"urn:erp:problem:concurrency","title":"Someone else changed this record after you opened it. Reload it and try again.","status":409,"code":"concurrency","traceId":"00-20d1d8a75c29a8c4b57252c45
[xUnit.net 00:29:56.98]       PUT /api/lists/tenancy.companies/shared-views/{id:guid} → 409 {"type":"urn:erp:problem:concurrency","title":"Someone else changed this record after you opened it. Reload it and try again.","status":409,"code":"concurrency","traceId":"00-0dc6d4971d6c6c745563be6ba
[xUnit.net 00:29:56.98]       PUT /api/lists/tenancy.companies/shared-views/{id:guid} → 409 {"type":"urn:erp:problem:concurrency","title":"Someone else changed this record after you opened it. Reload it and try again.","status":409,"code":"concurrency","traceId":"00-f562ccec1148e37d4f28d1f79
[xUnit.net 00:29:56.98]       PUT /api/lists/tenancy.companies/shared-views/{id:guid} → 409 {"type":"urn:erp:problem:concurrency","title":"Someone else changed this record after you opened it. Reload it and try again.","status":409,"code":"concurrency","traceId":"00-4ea1ac21585f3acd6976f4dfb
[xUnit.net 00:29:56.98]       PUT /api/lists/tenancy.companies/shared-views/{id:guid} → 409 {"type":"urn:erp:problem:concurrency","title":"Someone else changed this record after you opened it. Reload it and try again.","status":409,"code":"concurrency","traceId":"00-71e6437daa281de571b38f9b6
[xUnit.net 00:29:56.98]       PUT /api/lists/tenancy.companies/shared-views/{id:guid} → 409 {"type":"urn:erp:problem:concurrency","title":"Someone else changed this record after you opened it. Reload it and try again.","status":409,"code":"concurrency","traceId":"00-477f80b2b66d1b2306a449fe2
[xUnit.net 00:29:56.98]       PUT /api/lists/tenancy.companies/shared-views/{id:guid} → 409 {"type":"urn:erp:problem:concurrency","title":"Someone else changed this record after you opened it. Reload it and try again.","status":409,"code":"concurrency","traceId":"00-dc2decc78977703536f2f8d2e
[xUnit.net 00:29:56.98]       PUT /api/lists/tenancy.companies/shared-views/{id:guid} → 409 {"type":"urn:erp:problem:concurrency","title":"Someone else changed this record after you opened it. Reload it and try again.","status":409,"code":"concurrency","traceId":"00-e21e9c4447044a29c704a31ab
[xUnit.net 00:29:56.98]       PUT /api/lists/tenancy.companies/shared-views/{id:guid} → 409 {"type":"urn:erp:problem:concurrency","title":"Someone else changed this record after you opened it. Reload it and try again.","status":409,"code":"concurrency","traceId":"00-cd84124ea091afca5fe120eba
[xUnit.net 00:29:56.98]       PUT /api/lists/tenancy.companies/shared-views/{id:guid} → 409 {"type":"urn:erp:problem:concurrency","title":"Someone else changed this record after you opened it. Reload it and try again.","status":409,"code":"concurrency","traceId":"00-13bf847fbc8a6bb1c1c725417
[xUnit.net 00:29:56.98]       PUT /api/lists/tenancy.companies/shared-views/{id:guid} → 409 {"type":"urn:erp:problem:concurrency","title":"Someone else changed this record after you opened it. Reload it and try again.","status":409,"code":"concurrency","traceId":"00-69bf1346ab1d1f7eefc707044
[xUnit.net 00:29:56.98]       PUT /api/lists/tenancy.companies/shared-views/{id:guid} → 409 {"type":"urn:erp:problem:concurrency","title":"Someone else changed this record after you opened it. Reload it and try again.","status":409,"code":"concurrency","traceId":"00-f8f003de43a33c9b5eccfb339
[xUnit.net 00:29:56.98]       PUT /api/lists/tenancy.companies/shared-views/{id:guid} → 409 {"type":"urn:erp:problem:concurrency","title":"Someone else changed this record after you opened it. Reload it and try again.","status":409,"code":"concurrency","traceId":"00-dc7d7b1fecc79575a7cf4a16b
[xUnit.net 00:29:56.98]       PUT /api/lists/tenancy.companies/shared-views/{id:guid} → 409 {"type":"urn:erp:problem:concurrency","title":"Someone else changed this record after you opened it. Reload it and try again.","status":409,"code":"concurrency","traceId":"00-4b199437c982749c5576159c7
[xUnit.net 00:29:56.98]       PUT /api/lists/tenancy.companies/shared-views/{id:guid} → 409 {"type":"urn:erp:problem:concurrency","title":"Someone else changed this record after you opened it. Reload it and try again.","status":409,"code":"concurrency","traceId":"00-2d957b05dacf10d500b344de0
[xUnit.net 00:29:56.98]       PUT /api/lists/tenancy.companies/shared-views/{id:guid} → 409 {"type":"urn:erp:problem:concurrency","title":"Someone else changed this record after you opened it. Reload it and try again.","status":409,"code":"concurrency","traceId":"00-2fe96fd478798729a9bcd9d86
[xUnit.net 00:29:56.98]       PUT /api/lists/tenancy.companies/shared-views/{id:guid} → 409 {"type":"urn:erp:problem:concurrency","title":"Someone else changed this record after you opened it. Reload it and try again.","status":409,"code":"concurrency","traceId":"00-ee86a8012bf112da2ebd40e80
[xUnit.net 00:29:56.98]       PUT /api/lists/tenancy.companies/shared-views/{id:guid} → 409 {"type":"urn:erp:problem:concurrency","title":"Someone else changed this record after you opened it. Reload it and try again.","status":409,"code":"concurrency","traceId":"00-9191ff2d8bd531271bb4fa5b0
[xUnit.net 00:29:56.98]       PUT /api/lists/tenancy.companies/views/{id:guid} → 409 {"type":"urn:erp:problem:concurrency","title":"Someone else changed this record after you opened it. Reload it and try again.","status":409,"code":"concurrency","traceId":"00-dadd751c603c3b5d55111e71a
[xUnit.net 00:29:56.98]       PUT /api/lists/tenancy.companies/views/{id:guid} → 409 {"type":"urn:erp:problem:concurrency","title":"Someone else changed this record after you opened it. Reload it and try again.","status":409,"code":"concurrency","traceId":"00-11472c7e0633d7800210f4eb9
[xUnit.net 00:29:56.98]       PUT /api/lists/tenancy.companies/views/{id:guid} → 409 {"type":"urn:erp:problem:concurrency","title":"Someone else changed this record after you opened it. Reload it and try again.","status":409,"code":"concurrency","traceId":"00-a1c191e225134818021a42cf2
[xUnit.net 00:29:56.98]       PUT /api/lists/tenancy.companies/views/{id:guid} → 409 {"type":"urn:erp:problem:concurrency","title":"Someone else changed this record after you opened it. Reload it and try again.","status":409,"code":"concurrency","traceId":"00-8c44722b43b586b4094b64a19
[xUnit.net 00:29:56.98]       PUT /api/lists/tenancy.companies/views/{id:guid} → 409 {"type":"urn:erp:problem:concurrency","title":"Someone else changed this record after you opened it. Reload it and try again.","status":409,"code":"concurrency","traceId":"00-4ef8be6e406ac1bf6fd568bad
[xUnit.net 00:29:56.98]       PUT /api/lists/tenancy.companies/views/{id:guid} → 409 {"type":"urn:erp:problem:concurrency","title":"Someone else changed this record after you opened it. Reload it and try again.","status":409,"code":"concurrency","traceId":"00-37cbd9398e89d3301dd88426f
[xUnit.net 00:29:56.98]       PUT /api/lists/tenancy.companies/views/{id:guid} → 409 {"type":"urn:erp:problem:concurrency","title":"Someone else changed this record after you opened it. Reload it and try again.","status":409,"code":"concurrency","traceId":"00-a9d5daad08628d64ca326421a
[xUnit.net 00:29:56.98]       PUT /api/lists/tenancy.companies/views/{id:guid} → 409 {"type":"urn:erp:problem:concurrency","title":"Someone else changed this record after you opened it. Reload it and try again.","status":409,"code":"concurrency","traceId":"00-3f9017188110d6597ab83d54e
[xUnit.net 00:29:56.98]       PUT /api/lists/tenancy.companies/views/{id:guid} → 409 {"type":"urn:erp:problem:concurrency","title":"Someone else changed this record after you opened it. Reload it and try again.","status":409,"code":"concurrency","traceId":"00-58c571ca272d1e5442b4a36d8
[xUnit.net 00:29:56.98]       PUT /api/lists/tenancy.companies/views/{id:guid} → 409 {"type":"urn:erp:problem:concurrency","title":"Someone else changed this record after you opened it. Reload it and try again.","status":409,"code":"concurrency","traceId":"00-fe8822368cdfda767056c8079
[xUnit.net 00:29:56.98]       PUT /api/lists/tenancy.companies/views/{id:guid} → 409 {"type":"urn:erp:problem:concurrency","title":"Someone else changed this record after you opened it. Reload it and try again.","status":409,"code":"concurrency","traceId":"00-e1b441c381b9ea37b4e054b0d
[xUnit.net 00:29:56.98]       PUT /api/lists/tenancy.companies/views/{id:guid} → 409 {"type":"urn:erp:problem:concurrency","title":"Someone else changed this record after you opened it. Reload it and try again.","status":409,"code":"concurrency","traceId":"00-ab90b5cfb8906a5d8cd799dec
[xUnit.net 00:29:56.98]       PUT /api/lists/tenancy.companies/views/{id:guid} → 409 {"type":"urn:erp:problem:concurrency","title":"Someone else changed this record after you opened it. Reload it and try again.","status":409,"code":"concurrency","traceId":"00-1c9059be7cef89b537b0ec569
[xUnit.net 00:29:56.98]       PUT /api/lists/tenancy.companies/views/{id:guid} → 409 {"type":"urn:erp:problem:concurrency","title":"Someone else changed this record after you opened it. Reload it and try again.","status":409,"code":"concurrency","traceId":"00-7cf51c7eab71cb5183847b23c
[xUnit.net 00:29:56.98]       PUT /api/lists/tenancy.companies/views/{id:guid} → 409 {"type":"urn:erp:problem:concurrency","title":"Someone else changed this record after you opened it. Reload it and try again.","status":409,"code":"concurrency","traceId":"00-f5a57bc27634e8985ccc1262e
[xUnit.net 00:29:56.98]       PUT /api/lists/tenancy.companies/views/{id:guid} → 409 {"type":"urn:erp:problem:concurrency","title":"Someone else changed this record after you opened it. Reload it and try again.","status":409,"code":"concurrency","traceId":"00-8ccff63e6aeeffd7188d4ed00
[xUnit.net 00:29:56.98]       PUT /api/lists/tenancy.companies/views/{id:guid} → 409 {"type":"urn:erp:problem:concurrency","title":"Someone else changed this record after you opened it. Reload it and try again.","status":409,"code":"concurrency","traceId":"00-0234a2bec67df1bbafb608dbf
[xUnit.net 00:29:56.98]       PUT /api/lists/tenancy.companies/views/{id:guid} → 409 {"type":"urn:erp:problem:concurrency","title":"Someone else changed this record after you opened it. Reload it and try again.","status":409,"code":"concurrency","traceId":"00-d4b6d3ac5928b0b2ce1176649
[xUnit.net 00:29:56.98]       PUT /api/lists/tenancy.companies/views/{id:guid} → 409 {"type":"urn:erp:problem:concurrency","title":"Someone else changed this record after you opened it. Reload it and try again.","status":409,"code":"concurrency","traceId":"00-be296259f565375edbeff584d
[xUnit.net 00:29:56.98]       PUT /api/lists/tenancy.companies/views/{id:guid} → 409 {"type":"urn:erp:problem:concurrency","title":"Someone else changed this record after you opened it. Reload it and try again.","status":409,"code":"concurrency","traceId":"00-594485db03ce8bf44400de43e
[xUnit.net 00:29:56.98]       PUT /api/lists/tenancy.companies/views/{id:guid} → 409 {"type":"urn:erp:problem:concurrency","title":"Someone else changed this record after you opened it. Reload it and try again.","status":409,"code":"concurrency","traceId":"00-619630d437bd10002d0d1f39e
[xUnit.net 00:29:56.98]       PUT /api/lists/tenancy.companies/views/{id:guid} → 409 {"type":"urn:erp:problem:concurrency","title":"Someone else changed this record after you opened it. Reload it and try again.","status":409,"code":"concurrency","traceId":"00-baaa9fe5f1c366ef61e75b617
[xUnit.net 00:29:56.98]       PUT /api/lists/tenancy.companies/views/{id:guid} → 409 {"type":"urn:erp:problem:concurrency","title":"Someone else changed this record after you opened it. Reload it and try again.","status":409,"code":"concurrency","traceId":"00-5b91a4cc830c5d098c5aa553d
[xUnit.net 00:29:56.98]       PUT /api/lists/tenancy.companies/views/{id:guid} → 409 {"type":"urn:erp:problem:concurrency","title":"Someone else changed this record after you opened it. Reload it and try again.","status":409,"code":"concurrency","traceId":"00-361cbcfc7de5bc63a04237241
[xUnit.net 00:29:56.98]       PUT /api/lists/tenancy.companies/views/{id:guid} → 409 {"type":"urn:erp:problem:concurrency","title":"Someone else changed this record after you opened it. Reload it and try again.","status":409,"code":"concurrency","traceId":"00-8c18197289ee4be2ecaec5d3d
[xUnit.net 00:29:56.98]       PUT /api/lists/tenancy.companies/views/{id:guid} → 409 {"type":"urn:erp:problem:concurrency","title":"Someone else changed this record after you opened it. Reload it and try again.","status":409,"code":"concurrency","traceId":"00-ece6a326467a5115baaed37ad
[xUnit.net 00:29:56.98]       PUT /api/lists/tenancy.companies/views/{id:guid} → 409 {"type":"urn:erp:problem:concurrency","title":"Someone else changed this record after you opened it. Reload it and try again.","status":409,"code":"concurrency","traceId":"00-a6521d5cfbbaf6ae80f4dec23
[xUnit.net 00:29:56.98]       PUT /api/lists/tenancy.companies/views/{id:guid} → 409 {"type":"urn:erp:problem:concurrency","title":"Someone else changed this record after you opened it. Reload it and try again.","status":409,"code":"concurrency","traceId":"00-624e0e60f872181b6ac6c6523
[xUnit.net 00:29:56.98]       PUT /api/lists/tenancy.companies/views/{id:guid} → 409 {"type":"urn:erp:problem:concurrency","title":"Someone else changed this record after you opened it. Reload it and try again.","status":409,"code":"concurrency","traceId":"00-c212c8fd4ffa27f29da67823c
[xUnit.net 00:29:56.98]       PUT /api/lists/tenancy.companies/views/{id:guid} → 409 {"type":"urn:erp:problem:concurrency","title":"Someone else changed this record after you opened it. Reload it and try again.","status":409,"code":"concurrency","traceId":"00-1b6127722732840a71ff5e957
[xUnit.net 00:29:56.98]       PUT /api/lists/tenancy.companies/views/{id:guid} → 409 {"type":"urn:erp:problem:concurrency","title":"Someone else changed this record after you opened it. Reload it and try again.","status":409,"code":"concurrency","traceId":"00-99ad5f860d798a7b0e7ca076d
[xUnit.net 00:29:56.98]       PUT /api/lists/tenancy.companies/views/{id:guid} → 409 {"type":"urn:erp:problem:concurrency","title":"Someone else changed this record after you opened it. Reload it and try again.","status":409,"code":"concurrency","traceId":"00-6d9cfe7ef270264be82fe031e
[xUnit.net 00:29:56.98]       PUT /api/lists/tenancy.companies/views/{id:guid} → 409 {"type":"urn:erp:problem:concurrency","title":"Someone else changed this record after you opened it. Reload it and try again.","status":409,"code":"concurrency","traceId":"00-bf83d6cfc6aa3810b9fc4b34b
[xUnit.net 00:29:56.98]       PUT /api/lists/tenancy.companies/views/{id:guid} → 409 {"type":"urn:erp:problem:concurrency","title":"Someone else changed this record after you opened it. Reload it and try again.","status":409,"code":"concurrency","traceId":"00-e21fff5dbc08a9d84a48be94b
[xUnit.net 00:29:56.98]       PUT /api/lists/tenancy.companies/views/{id:guid} → 409 {"type":"urn:erp:problem:concurrency","title":"Someone else changed this record after you opened it. Reload it and try again.","status":409,"code":"concurrency","traceId":"00-57f0ba0defd2c7037ffa356e0
[xUnit.net 00:29:56.98]       PUT /api/lists/tenancy.companies/views/{id:guid} → 409 {"type":"urn:erp:problem:concurrency","title":"Someone else changed this record after you opened it. Reload it and try again.","status":409,"code":"concurrency","traceId":"00-06ea12dc36113b2da6a9d6e83
[xUnit.net 00:29:56.98]       PUT /api/lists/tenancy.companies/views/{id:guid} → 409 {"type":"urn:erp:problem:concurrency","title":"Someone else changed this record after you opened it. Reload it and try again.","status":409,"code":"concurrency","traceId":"00-053a0cef594df524028460aad
[xUnit.net 00:29:56.98]       PUT /api/lists/tenancy.companies/views/{id:guid} → 409 {"type":"urn:erp:problem:concurrency","title":"Someone else changed this record after you opened it. Reload it and try again.","status":409,"code":"concurrency","traceId":"00-0ab2ba46e66abe2607fb04245
[xUnit.net 00:29:56.98]       PUT /api/lists/tenancy.companies/views/{id:guid} → 409 {"type":"urn:erp:problem:concurrency","title":"Someone else changed this record after you opened it. Reload it and try again.","status":409,"code":"concurrency","traceId":"00-2f3de442817c473eef81b0a2e
[xUnit.net 00:29:56.98]       PUT /api/lists/tenancy.companies/views/{id:guid} → 409 {"type":"urn:erp:problem:concurrency","title":"Someone else changed this record after you opened it. Reload it and try again.","status":409,"code":"concurrency","traceId":"00-1137f503d775f854eb484ad1a
[xUnit.net 00:29:56.98]       PUT /api/lists/tenancy.companies/views/{id:guid} → 409 {"type":"urn:erp:problem:concurrency","title":"Someone else changed this record after you opened it. Reload it and try again.","status":409,"code":"concurrency","traceId":"00-02d422dee4590582b44f524f7
[xUnit.net 00:29:56.98]       PUT /api/lists/tenancy.companies/views/{id:guid} → 409 {"type":"urn:erp:problem:concurrency","title":"Someone else changed this record after you opened it. Reload it and try again.","status":409,"code":"concurrency","traceId":"00-1e10fbea5032c3b9d49f4926f
[xUnit.net 00:29:56.98]       PUT /api/lists/tenancy.companies/views/{id:guid} → 409 {"type":"urn:erp:problem:concurrency","title":"Someone else changed this record after you opened it. Reload it and try again.","status":409,"code":"concurrency","traceId":"00-d6eb8dbacdb772d12c60a5e6b
[xUnit.net 00:29:56.98]       PUT /api/lists/tenancy.companies/views/{id:guid} → 409 {"type":"urn:erp:problem:concurrency","title":"Someone else changed this record after you opened it. Reload it and try again.","status":409,"code":"concurrency","traceId":"00-9a6c705fc4de588960779ca76
[xUnit.net 00:29:56.98]       PUT /api/lists/tenancy.companies/views/{id:guid} → 409 {"type":"urn:erp:problem:concurrency","title":"Someone else changed this record after you opened it. Reload it and try again.","status":409,"code":"concurrency","traceId":"00-bdbf431645ac92934c49a24b4
[xUnit.net 00:29:56.98]       PUT /api/lists/tenancy.companies/views/{id:guid} → 409 {"type":"urn:erp:problem:concurrency","title":"Someone else changed this record after you opened it. Reload it and try again.","status":409,"code":"concurrency","traceId":"00-bca8f1cfadb89923823ce3e8d
[xUnit.net 00:29:56.98]       PUT /api/lists/tenancy.companies/views/{id:guid} → 409 {"type":"urn:erp:problem:concurrency","title":"Someone else changed this record after you opened it. Reload it and try again.","status":409,"code":"concurrency","traceId":"00-db1f1199d570130d4cbee939b
[xUnit.net 00:29:56.98]       PUT /api/lists/tenancy.companies/views/{id:guid} → 409 {"type":"urn:erp:problem:concurrency","title":"Someone else changed this record after you opened it. Reload it and try again.","status":409,"code":"concurrency","traceId":"00-158ddfb0f969a7d0b1fe39d9c
[xUnit.net 00:29:56.98]       PUT /api/lists/tenancy.companies/views/{id:guid} → 409 {"type":"urn:erp:problem:concurrency","title":"Someone else changed this record after you opened it. Reload it and try again.","status":409,"code":"concurrency","traceId":"00-a6cea135382394a320f8d93ba
[xUnit.net 00:29:56.98]       PUT /api/lists/tenancy.companies/views/{id:guid} → 409 {"type":"urn:erp:problem:concurrency","title":"Someone else changed this record after you opened it. Reload it and try again.","status":409,"code":"concurrency","traceId":"00-abc583c6798a34eeca7448508
[xUnit.net 00:29:56.98]       PUT /api/lists/tenancy.companies/views/{id:guid} → 409 {"type":"urn:erp:problem:concurrency","title":"Someone else changed this record after you opened it. Reload it and try again.","status":409,"code":"concurrency","traceId":"00-a5c611d44ad084ee9dd83ed8b
[xUnit.net 00:29:56.98]       PUT /api/lists/tenancy.companies/views/{id:guid} → 409 {"type":"urn:erp:problem:concurrency","title":"Someone else changed this record after you opened it. Reload it and try again.","status":409,"code":"concurrency","traceId":"00-f0a1a28e64d8798084c47e372
[xUnit.net 00:29:56.98]       PUT /api/lists/tenancy.companies/views/{id:guid} → 409 {"type":"urn:erp:problem:concurrency","title":"Someone else changed this record after you opened it. Reload it and try again.","status":409,"code":"concurrency","traceId":"00-b7c6f34938aeb2301ad68c375
[xUnit.net 00:29:56.98]       PUT /api/lists/tenancy.companies/views/{id:guid} → 409 {"type":"urn:erp:problem:concurrency","title":"Someone else changed this record after you opened it. Reload it and try again.","status":409,"code":"concurrency","traceId":"00-fbd80e1ac1c519416c1635993
[xUnit.net 00:29:56.98]       PUT /api/lists/tenancy.companies/views/{id:guid} → 409 {"type":"urn:erp:problem:concurrency","title":"Someone else changed this record after you opened it. Reload it and try again.","status":409,"code":"concurrency","traceId":"00-7a6cf71d65e5853166ab3b0b8
[xUnit.net 00:29:56.98]       PUT /api/lists/tenancy.companies/views/{id:guid} → 409 {"type":"urn:erp:problem:concurrency","title":"Someone else changed this record after you opened it. Reload it and try again.","status":409,"code":"concurrency","traceId":"00-fa0ff353a8c66f49bf2724a8c
[xUnit.net 00:29:56.98]       PUT /api/lists/tenancy.companies/views/{id:guid} → 409 {"type":"urn:erp:problem:concurrency","title":"Someone else changed this record after you opened it. Reload it and try again.","status":409,"code":"concurrency","traceId":"00-e6a44cc3ab0d0feda135503c7
[xUnit.net 00:29:56.98]       PUT /api/lists/tenancy.companies/views/{id:guid} → 409 {"type":"urn:erp:problem:concurrency","title":"Someone else changed this record after you opened it. Reload it and try again.","status":409,"code":"concurrency","traceId":"00-785f2d3c5db4e73f5114ab09c
[xUnit.net 00:29:56.98]       PUT /api/lists/tenancy.companies/views/{id:guid} → 409 {"type":"urn:erp:problem:concurrency","title":"Someone else changed this record after you opened it. Reload it and try again.","status":409,"code":"concurrency","traceId":"00-5d18882c39a5ad25caeb70b67
[xUnit.net 00:29:56.98]       PUT /api/lists/tenancy.companies/views/{id:guid} → 409 {"type":"urn:erp:problem:concurrency","title":"Someone else changed this record after you opened it. Reload it and try again.","status":409,"code":"concurrency","traceId":"00-6d1daad0a05075ec440b1275b
[xUnit.net 00:29:56.98]       PUT /api/lists/tenancy.companies/views/{id:guid} → 409 {"type":"urn:erp:problem:concurrency","title":"Someone else changed this record after you opened it. Reload it and try again.","status":409,"code":"concurrency","traceId":"00-44cd739426015e6fa0fab4508
[xUnit.net 00:29:56.98]       PUT /api/lists/tenancy.companies/views/{id:guid} → 409 {"type":"urn:erp:problem:concurrency","title":"Someone else changed this record after you opened it. Reload it and try again.","status":409,"code":"concurrency","traceId":"00-b124fa42102ad09d900d7af26
[xUnit.net 00:29:56.98]       PUT /api/tenancy/branches/{id:guid} → 409 {"type":"urn:erp:problem:concurrency","title":"Someone else changed this record after you opened it. Reload it and try again.","status":409,"code":"concurrency","traceId":"0HNP523EBTBOH"}
[xUnit.net 00:29:56.98]       PUT /api/tenancy/branches/{id:guid} → 409 {"type":"urn:erp:problem:concurrency","title":"Someone else changed this record after you opened it. Reload it and try again.","status":409,"code":"concurrency","traceId":"0HNP523EBTBOL"}
[xUnit.net 00:29:56.98]       PUT /api/tenancy/branches/{id:guid} → 409 {"type":"urn:erp:problem:concurrency","title":"Someone else changed this record after you opened it. Reload it and try again.","status":409,"code":"concurrency","traceId":"0HNP523EBTBOP"}
[xUnit.net 00:29:56.98]       PUT /api/tenancy/branches/{id:guid} → 409 {"type":"urn:erp:problem:concurrency","title":"Someone else changed this record after you opened it. Reload it and try again.","status":409,"code":"concurrency","traceId":"0HNP523EBTBOT"}
[xUnit.net 00:29:56.98]       PUT /api/tenancy/branches/{id:guid} → 409 {"type":"urn:erp:problem:concurrency","title":"Someone else changed this record after you opened it. Reload it and try again.","status":409,"code":"concurrency","traceId":"0HNP523EBTBOV"}
[xUnit.net 00:29:56.98]       PUT /api/tenancy/branches/{id:guid} → 409 {"type":"urn:erp:problem:concurrency","title":"Someone else changed this record after you opened it. Reload it and try again.","status":409,"code":"concurrency","traceId":"0HNP523EBTBP3"}
[xUnit.net 00:29:56.98]       PUT /api/tenancy/branches/{id:guid} → 409 {"type":"urn:erp:problem:concurrency","title":"Someone else changed this record after you opened it. Reload it and try again.","status":409,"code":"concurrency","traceId":"0HNP523EBTBP7"}
[xUnit.net 00:29:56.98]       PUT /api/tenancy/branches/{id:guid} → 409 {"type":"urn:erp:problem:concurrency","title":"Someone else changed this record after you opened it. Reload it and try again.","status":409,"code":"concurrency","traceId":"0HNP523EBTBP9"}
[xUnit.net 00:29:56.98]       PUT /api/tenancy/branches/{id:guid} → 409 {"type":"urn:erp:problem:concurrency","title":"Someone else changed this record after you opened it. Reload it and try again.","status":409,"code":"concurrency","traceId":"0HNP523EBTBPD"}
[xUnit.net 00:29:56.98]       PUT /api/tenancy/branches/{id:guid} → 409 {"type":"urn:erp:problem:concurrency","title":"Someone else changed this record after you opened it. Reload it and try again.","status":409,"code":"concurrency","traceId":"0HNP523EBTBPH"}
[xUnit.net 00:29:56.98]       PUT /api/tenancy/branches/{id:guid} → 409 {"type":"urn:erp:problem:concurrency","title":"Someone else changed this record after you opened it. Reload it and try again.","status":409,"code":"concurrency","traceId":"0HNP523EBTBPJ"}
[xUnit.net 00:29:56.98]       PUT /api/tenancy/branches/{id:guid} → 409 {"type":"urn:erp:problem:concurrency","title":"Someone else changed this record after you opened it. Reload it and try again.","status":409,"code":"concurrency","traceId":"0HNP523EBTBPN"}
[xUnit.net 00:29:56.98]       PUT /api/tenancy/branches/{id:guid} → 409 {"type":"urn:erp:problem:concurrency","title":"Someone else changed this record after you opened it. Reload it and try again.","status":409,"code":"concurrency","traceId":"0HNP523EBTBPR"}
[xUnit.net 00:29:56.98]       PUT /api/tenancy/branches/{id:guid} → 409 {"type":"urn:erp:problem:concurrency","title":"Someone else changed this record after you opened it. Reload it and try again.","status":409,"code":"concurrency","traceId":"0HNP523EBTBPT"}
[xUnit.net 00:29:56.98]       PUT /api/tenancy/branches/{id:guid} → 409 {"type":"urn:erp:problem:concurrency","title":"Someone else changed this record after you opened it. Reload it and try again.","status":409,"code":"concurrency","traceId":"0HNP523EBTBQ1"}
[xUnit.net 00:29:56.98]       PUT /api/tenancy/branches/{id:guid} → 409 {"type":"urn:erp:problem:concurrency","title":"Someone else changed this record after you opened it. Reload it and try again.","status":409,"code":"concurrency","traceId":"0HNP523EBTBQ5"}
[xUnit.net 00:29:56.98]       PUT /api/tenancy/branches/{id:guid} → 409 {"type":"urn:erp:problem:concurrency","title":"Someone else changed this record after you opened it. Reload it and try again.","status":409,"code":"concurrency","traceId":"0HNP523EBTBQ7"}
[xUnit.net 00:29:56.98]       PUT /api/tenancy/branches/{id:guid} → 409 {"type":"urn:erp:problem:concurrency","title":"Someone else changed this record after you opened it. Reload it and try again.","status":409,"code":"concurrency","traceId":"0HNP523EBTBQB"}
[xUnit.net 00:29:56.98]       PUT /api/tenancy/branches/{id:guid} → 409 {"type":"urn:erp:problem:concurrency","title":"Someone else changed this record after you opened it. Reload it and try again.","status":409,"code":"concurrency","traceId":"0HNP523EBTBQF"}
[xUnit.net 00:29:56.98]       PUT /api/tenancy/branches/{id:guid} → 409 {"type":"urn:erp:problem:concurrency","title":"Someone else changed this record after you opened it. Reload it and try again.","status":409,"code":"concurrency","traceId":"0HNP523EBTBQH"}
[xUnit.net 00:29:56.98]       PUT /api/tenancy/branches/{id:guid} → 409 {"type":"urn:erp:problem:concurrency","title":"Someone else changed this record after you opened it. Reload it and try again.","status":409,"code":"concurrency","traceId":"0HNP523EBTBQL"}
[xUnit.net 00:29:56.98]       PUT /api/tenancy/branches/{id:guid} → 409 {"type":"urn:erp:problem:concurrency","title":"Someone else changed this record after you opened it. Reload it and try again.","status":409,"code":"concurrency","traceId":"0HNP523EBTBQP"}
[xUnit.net 00:29:56.98]       PUT /api/tenancy/branches/{id:guid} → 409 {"type":"urn:erp:problem:concurrency","title":"Someone else changed this record after you opened it. Reload it and try again.","status":409,"code":"concurrency","traceId":"0HNP523EBTBU1"}
[xUnit.net 00:29:56.98]       PUT /api/tenancy/companies/{id:guid} → 409 {"type":"urn:erp:problem:concurrency","title":"Someone else changed this record after you opened it. Reload it and try again.","status":409,"code":"concurrency","traceId":"0HNP523EBTC95"}
[xUnit.net 00:29:56.98]       PUT /api/tenancy/companies/{id:guid} → 409 {"type":"urn:erp:problem:concurrency","title":"Someone else changed this record after you opened it. Reload it and try again.","status":409,"code":"concurrency","traceId":"0HNP523EBTC99"}
[xUnit.net 00:29:56.98]       PUT /api/tenancy/companies/{id:guid} → 409 {"type":"urn:erp:problem:concurrency","title":"Someone else changed this record after you opened it. Reload it and try again.","status":409,"code":"concurrency","traceId":"0HNP523EBTC9D"}
[xUnit.net 00:29:56.98]       PUT /api/tenancy/companies/{id:guid} → 409 {"type":"urn:erp:problem:concurrency","title":"Someone else changed this record after you opened it. Reload it and try again.","status":409,"code":"concurrency","traceId":"0HNP523EBTC9H"}
[xUnit.net 00:29:56.98]       PUT /api/tenancy/companies/{id:guid} → 409 {"type":"urn:erp:problem:concurrency","title":"Someone else changed this record after you opened it. Reload it and try again.","status":409,"code":"concurrency","traceId":"0HNP523EBTC9J"}
[xUnit.net 00:29:56.98]       PUT /api/tenancy/companies/{id:guid} → 409 {"type":"urn:erp:problem:concurrency","title":"Someone else changed this record after you opened it. Reload it and try again.","status":409,"code":"concurrency","traceId":"0HNP523EBTC9N"}
[xUnit.net 00:29:56.98]       PUT /api/tenancy/companies/{id:guid} → 409 {"type":"urn:erp:problem:concurrency","title":"Someone else changed this record after you opened it. Reload it and try again.","status":409,"code":"concurrency","traceId":"0HNP523EBTC9R"}
[xUnit.net 00:29:56.98]       PUT /api/tenancy/companies/{id:guid} → 409 {"type":"urn:erp:problem:concurrency","title":"Someone else changed this record after you opened it. Reload it and try again.","status":409,"code":"concurrency","traceId":"0HNP523EBTC9T"}
[xUnit.net 00:29:56.98]       PUT /api/tenancy/companies/{id:guid} → 409 {"type":"urn:erp:problem:concurrency","title":"Someone else changed this record after you opened it. Reload it and try again.","status":409,"code":"concurrency","traceId":"0HNP523EBTCA1"}
[xUnit.net 00:29:56.98]       PUT /api/tenancy/companies/{id:guid} → 409 {"type":"urn:erp:problem:concurrency","title":"Someone else changed this record after you opened it. Reload it and try again.","status":409,"code":"concurrency","traceId":"0HNP523EBTCA5"}
[xUnit.net 00:29:56.98]       PUT /api/tenancy/companies/{id:guid} → 409 {"type":"urn:erp:problem:concurrency","title":"Someone else changed this record after you opened it. Reload it and try again.","status":409,"code":"concurrency","traceId":"0HNP523EBTCA7"}
[xUnit.net 00:29:56.98]       PUT /api/tenancy/companies/{id:guid} → 409 {"type":"urn:erp:problem:concurrency","title":"Someone else changed this record after you opened it. Reload it and try again.","status":409,"code":"concurrency","traceId":"0HNP523EBTCAB"}
[xUnit.net 00:29:56.98]       PUT /api/tenancy/companies/{id:guid} → 409 {"type":"urn:erp:problem:concurrency","title":"Someone else changed this record after you opened it. Reload it and try again.","status":409,"code":"concurrency","traceId":"0HNP523EBTCAF"}
[xUnit.net 00:29:56.98]       PUT /api/tenancy/companies/{id:guid} → 409 {"type":"urn:erp:problem:concurrency","title":"Someone else changed this record after you opened it. Reload it and try again.","status":409,"code":"concurrency","traceId":"0HNP523EBTCAH"}
[xUnit.net 00:29:56.98]       PUT /api/tenancy/companies/{id:guid} → 409 {"type":"urn:erp:problem:concurrency","title":"Someone else changed this record after you opened it. Reload it and try again.","status":409,"code":"concurrency","traceId":"0HNP523EBTCAL"}
[xUnit.net 00:29:56.98]       PUT /api/tenancy/companies/{id:guid} → 409 {"type":"urn:erp:problem:concurrency","title":"Someone else changed this record after you opened it. Reload it and try again.","status":409,"code":"concurrency","traceId":"0HNP523EBTCAP"}
[xUnit.net 00:29:56.98]       PUT /api/tenancy/companies/{id:guid} → 409 {"type":"urn:erp:problem:concurrency","title":"Someone else changed this record after you opened it. Reload it and try again.","status":409,"code":"concurrency","traceId":"0HNP523EBTCAR"}
[xUnit.net 00:29:56.98]       PUT /api/tenancy/companies/{id:guid} → 409 {"type":"urn:erp:problem:concurrency","title":"Someone else changed this record after you opened it. Reload it and try again.","status":409,"code":"concurrency","traceId":"0HNP523EBTCAV"}
[xUnit.net 00:29:56.98]       PUT /api/tenancy/companies/{id:guid} → 409 {"type":"urn:erp:problem:concurrency","title":"Someone else changed this record after you opened it. Reload it and try again.","status":409,"code":"concurrency","traceId":"0HNP523EBTCB3"}
[xUnit.net 00:29:56.98]       PUT /api/tenancy/companies/{id:guid} → 409 {"type":"urn:erp:problem:concurrency","title":"Someone else changed this record after you opened it. Reload it and try again.","status":409,"code":"concurrency","traceId":"0HNP523EBTCB5"}
[xUnit.net 00:29:56.98]       PUT /api/tenancy/companies/{id:guid} → 409 {"type":"urn:erp:problem:concurrency","title":"Someone else changed this record after you opened it. Reload it and try again.","status":409,"code":"concurrency","traceId":"0HNP523EBTCB9"}
[xUnit.net 00:29:56.98]       PUT /api/tenancy/companies/{id:guid} → 409 {"type":"urn:erp:problem:concurrency","title":"Someone else changed this record after you opened it. Reload it and try again.","status":409,"code":"concurrency","traceId":"0HNP523EBTCBD"}
[xUnit.net 00:29:56.98]       PUT /api/tenancy/companies/{id:guid} → 409 {"type":"urn:erp:problem:concurrency","title":"Someone else changed this record after you opened it. Reload it and try again.","status":409,"code":"concurrency","traceId":"0HNP523EBTCEL"}
[xUnit.net 00:29:56.98]       PUT /api/tenancy/tenant → 409 {"type":"urn:erp:problem:concurrency","title":"Someone else changed this record after you opened it. Reload it and try again.","status":409,"code":"concurrency","traceId":"0HNP523EBTCP7"}
[xUnit.net 00:29:56.98]       PUT /api/tenancy/tenant → 409 {"type":"urn:erp:problem:concurrency","title":"Someone else changed this record after you opened it. Reload it and try again.","status":409,"code":"concurrency","traceId":"0HNP523EBTCPB"}
[xUnit.net 00:29:56.98]       PUT /api/tenancy/tenant → 409 {"type":"urn:erp:problem:concurrency","title":"Someone else changed this record after you opened it. Reload it and try again.","status":409,"code":"concurrency","traceId":"0HNP523EBTCPF"}
[xUnit.net 00:29:56.98]       PUT /api/tenancy/tenant → 409 {"type":"urn:erp:problem:concurrency","title":"Someone else changed this record after you opened it. Reload it and try again.","status":409,"code":"concurrency","traceId":"0HNP523EBTCPJ"}
[xUnit.net 00:29:56.98]       PUT /api/tenancy/tenant → 409 {"type":"urn:erp:problem:concurrency","title":"Someone else changed this record after you opened it. Reload it and try again.","status":409,"code":"concurrency","traceId":"0HNP523EBTCPL"}
[xUnit.net 00:29:56.98]       PUT /api/tenancy/tenant → 409 {"type":"urn:erp:problem:concurrency","title":"Someone else changed this record after you opened it. Reload it and try again.","status":409,"code":"concurrency","traceId":"0HNP523EBTCPP"}
[xUnit.net 00:29:56.98]       PUT /api/tenancy/tenant → 409 {"type":"urn:erp:problem:concurrency","title":"Someone else changed this record after you opened it. Reload it and try again.","status":409,"code":"concurrency","traceId":"0HNP523EBTCPT"}
[xUnit.net 00:29:56.98]       PUT /api/tenancy/tenant → 409 {"type":"urn:erp:problem:concurrency","title":"Someone else changed this record after you opened it. Reload it and try again.","status":409,"code":"concurrency","traceId":"0HNP523EBTCPV"}
[xUnit.net 00:29:56.98]       PUT /api/tenancy/tenant → 409 {"type":"urn:erp:problem:concurrency","title":"Someone else changed this record after you opened it. Reload it and try again.","status":409,"code":"concurrency","traceId":"0HNP523EBTCQ3"}
[xUnit.net 00:29:56.98]       PUT /api/tenancy/tenant → 409 {"type":"urn:erp:problem:concurrency","title":"Someone else changed this record after you opened it. Reload it and try again.","status":409,"code":"concurrency","traceId":"0HNP523EBTCQ7"}
[xUnit.net 00:29:56.98]       PUT /api/tenancy/tenant → 409 {"type":"urn:erp:problem:concurrency","title":"Someone else changed this record after you opened it. Reload it and try again.","status":409,"code":"concurrency","traceId":"0HNP523EBTCQ9"}
[xUnit.net 00:29:56.98]       PUT /api/tenancy/tenant → 409 {"type":"urn:erp:problem:concurrency","title":"Someone else changed this record after you opened it. Reload it and try again.","status":409,"code":"concurrency","traceId":"0HNP523EBTCQD"}
[xUnit.net 00:29:56.98]       PUT /api/tenancy/tenant → 409 {"type":"urn:erp:problem:concurrency","title":"Someone else changed this record after you opened it. Reload it and try again.","status":409,"code":"concurrency","traceId":"0HNP523EBTCQH"}
[xUnit.net 00:29:56.98]       PUT /api/tenancy/tenant → 409 {"type":"urn:erp:problem:concurrency","title":"Someone else changed this record after you opened it. Reload it and try again.","status":409,"code":"concurrency","traceId":"0HNP523EBTCQJ"}
[xUnit.net 00:29:56.98]       PUT /api/tenancy/tenant → 409 {"type":"urn:erp:problem:concurrency","title":"Someone else changed this record after you opened it. Reload it and try again.","status":409,"code":"concurrency","traceId":"0HNP523EBTCQN"}
[xUnit.net 00:29:56.98]       PUT /api/tenancy/tenant → 409 {"type":"urn:erp:problem:concurrency","title":"Someone else changed this record after you opened it. Reload it and try again.","status":409,"code":"concurrency","traceId":"0HNP523EBTCQR"}
[xUnit.net 00:29:56.98]       PUT /api/tenancy/tenant → 409 {"type":"urn:erp:problem:concurrency","title":"Someone else changed this record after you opened it. Reload it and try again.","status":409,"code":"concurrency","traceId":"0HNP523EBTCQT"}
[xUnit.net 00:29:56.98]       PUT /api/tenancy/tenant → 409 {"type":"urn:erp:problem:concurrency","title":"Someone else changed this record after you opened it. Reload it and try again.","status":409,"code":"concurrency","traceId":"0HNP523EBTCR1"}
[xUnit.net 00:29:56.98]       PUT /api/tenancy/tenant → 409 {"type":"urn:erp:problem:concurrency","title":"Someone else changed this record after you opened it. Reload it and try again.","status":409,"code":"concurrency","traceId":"0HNP523EBTCR5"}
[xUnit.net 00:29:56.98]       PUT /api/tenancy/tenant → 409 {"type":"urn:erp:problem:concurrency","title":"Someone else changed this record after you opened it. Reload it and try again.","status":409,"code":"concurrency","traceId":"0HNP523EBTCR7"}
[xUnit.net 00:29:56.98]       PUT /api/tenancy/tenant → 409 {"type":"urn:erp:problem:concurrency","title":"Someone else changed this record after you opened it. Reload it and try again.","status":409,"code":"concurrency","traceId":"0HNP523EBTCRB"}
[xUnit.net 00:29:56.98]       PUT /api/tenancy/tenant → 409 {"type":"urn:erp:problem:concurrency","title":"Someone else changed this record after you opened it. Reload it and try again.","status":409,"code":"concurrency","traceId":"0HNP523EBTCRF"}
[xUnit.net 00:29:56.98]       PUT /api/tenancy/tenant → 409 {"type":"urn:erp:problem:concurrency","title":"Someone else changed this record after you opened it. Reload it and try again.","status":409,"code":"concurrency","traceId":"0HNP523EBTCRH"}
[xUnit.net 00:29:56.98]       PUT /api/tenancy/tenant → 409 {"type":"urn:erp:problem:concurrency","title":"Someone else changed this record after you opened it. Reload it and try again.","status":409,"code":"concurrency","traceId":"0HNP523EBTCRL"}
[xUnit.net 00:29:56.98]       PUT /api/tenancy/tenant → 409 {"type":"urn:erp:problem:concurrency","title":"Someone else changed this record after you opened it. Reload it and try again.","status":409,"code":"concurrency","traceId":"0HNP523EBTCRP"}
[xUnit.net 00:29:56.98]       PUT /api/tenancy/tenant → 409 {"type":"urn:erp:problem:concurrency","title":"Someone else changed this record after you opened it. Reload it and try again.","status":409,"code":"concurrency","traceId":"0HNP523EBTCV1"}
[xUnit.net 00:29:56.98]       
[xUnit.net 00:29:56.98]       Tenant A's own writes in the write-after-write phase must succeed; these did not:
[xUnit.net 00:29:56.98]       PUT /api/identity/roles/{id:guid} → 409 {"type":"urn:erp:problem:concurrency","title":"Someone else changed this record after you opened it. Reload it and try again.","status":409,"code":"concurrency","traceId":"0HNP523EBSBVB"}
[xUnit.net 00:29:56.98]       PUT /api/identity/roles/{id:guid} → 409 {"type":"urn:erp:problem:concurrency","title":"Someone else changed this record after you opened it. Reload it and try again.","status":409,"code":"concurrency","traceId":"0HNP523EBSCLV"}
[xUnit.net 00:29:56.98]       PUT /api/identity/users/{id:guid} → 409 {"type":"urn:erp:problem:concurrency","title":"Someone else changed this record after you opened it. Reload it and try again.","status":409,"code":"concurrency","traceId":"0HNP523EBSHID"}
[xUnit.net 00:29:56.98]       PUT /api/identity/users/{id:guid} → 409 {"type":"urn:erp:problem:concurrency","title":"Someone else changed this record after you opened it. Reload it and try again.","status":409,"code":"concurrency","traceId":"0HNP523EBSHJ2"}
[xUnit.net 00:29:56.98]       PUT /api/identity/users/{id:guid} → 409 {"type":"urn:erp:problem:concurrency","title":"Someone else changed this record after you opened it. Reload it and try again.","status":409,"code":"concurrency","traceId":"0HNP523EBSHJK"}
[xUnit.net 00:29:56.98]       PUT /api/identity/users/{id:guid} → 409 {"type":"urn:erp:problem:concurrency","title":"Someone else changed this record after you opened it. Reload it and try again.","status":409,"code":"concurrency","traceId":"0HNP523EBSHKL"}
[xUnit.net 00:29:56.98]       PUT /api/identity/users/{id:guid} → 409 {"type":"urn:erp:problem:concurrency","title":"Someone else changed this record after you opened it. Reload it and try again.","status":409,"code":"concurrency","traceId":"0HNP523EBSHL9"}
[xUnit.net 00:29:56.98]       PUT /api/identity/users/{id:guid} → 409 {"type":"urn:erp:problem:concurrency","title":"Someone else changed this record after you opened it. Reload it and try again.","status":409,"code":"concurrency","traceId":"0HNP523EBSJ4N"}
[xUnit.net 00:29:56.98]       PUT /api/lists/identity.roles/shared-views/{id:guid} → 409 {"type":"urn:erp:problem:concurrency","title":"Someone else changed this record after you opened it. Reload it and try again.","status":409,"code":"concurrency","traceId":"00-a50fd4522a6935e45c54d1782
[xUnit.net 00:29:56.98]       PUT /api/lists/identity.roles/shared-views/{id:guid} → 409 {"type":"urn:erp:problem:concurrency","title":"Someone else changed this record after you opened it. Reload it and try again.","status":409,"code":"concurrency","traceId":"00-0b603934c77851a7c89a22208
[xUnit.net 00:29:56.98]       PUT /api/lists/identity.roles/shared-views/{id:guid} → 409 {"type":"urn:erp:problem:concurrency","title":"Someone else changed this record after you opened it. Reload it and try again.","status":409,"code":"concurrency","traceId":"00-8a2300b22007fc592e96af8bc
[xUnit.net 00:29:56.98]       PUT /api/lists/identity.roles/shared-views/{id:guid} → 409 {"type":"urn:erp:problem:concurrency","title":"Someone else changed this record after you opened it. Reload it and try again.","status":409,"code":"concurrency","traceId":"00-2d028bbabca4214822f715386
[xUnit.net 00:29:56.98]       PUT /api/lists/identity.roles/shared-views/{id:guid} → 409 {"type":"urn:erp:problem:concurrency","title":"Someone else changed this record after you opened it. Reload it and try again.","status":409,"code":"concurrency","traceId":"00-7695992f93f8b902901e63635
[xUnit.net 00:29:56.98]       PUT /api/lists/identity.roles/shared-views/{id:guid} → 409 {"type":"urn:erp:problem:concurrency","title":"Someone else changed this record after you opened it. Reload it and try again.","status":409,"code":"concurrency","traceId":"00-b314bd041c8f31f59edf4316b
[xUnit.net 00:29:56.98]       PUT /api/lists/identity.roles/shared-views/{id:guid} → 409 {"type":"urn:erp:problem:concurrency","title":"Someone else changed this record after you opened it. Reload it and try again.","status":409,"code":"concurrency","traceId":"00-fcb9246f6c65704492946f44e
[xUnit.net 00:29:56.98]       PUT /api/lists/identity.roles/shared-views/{id:guid} → 409 {"type":"urn:erp:problem:concurrency","title":"Someone else changed this record after you opened it. Reload it and try again.","status":409,"code":"concurrency","traceId":"00-319e67e08bd14f8e941c9e3db
[xUnit.net 00:29:56.98]       PUT /api/lists/identity.roles/shared-views/{id:guid} → 409 {"type":"urn:erp:problem:concurrency","title":"Someone else changed this record after you opened it. Reload it and try again.","status":409,"code":"concurrency","traceId":"00-429cecb48d36c75e87e2a71ce
[xUnit.net 00:29:56.98]       PUT /api/lists/identity.roles/shared-views/{id:guid} → 409 {"type":"urn:erp:problem:concurrency","title":"Someone else changed this record after you opened it. Reload it and try again.","status":409,"code":"concurrency","traceId":"00-a56bf0e38b611ee49787ab204
[xUnit.net 00:29:56.98]       PUT /api/lists/identity.roles/shared-views/{id:guid} → 409 {"type":"urn:erp:problem:concurrency","title":"Someone else changed this record after you opened it. Reload it and try again.","status":409,"code":"concurrency","traceId":"00-8d93991e31732f65ec01758f1
[xUnit.net 00:29:56.98]       PUT /api/lists/identity.roles/shared-views/{id:guid} → 409 {"type":"urn:erp:problem:concurrency","title":"Someone else changed this record after you opened it. Reload it and try again.","status":409,"code":"concurrency","traceId":"00-085c1c2eddff4592eea986fbb
[xUnit.net 00:29:56.98]       PUT /api/lists/identity.roles/shared-views/{id:guid} → 409 {"type":"urn:erp:problem:concurrency","title":"Someone else changed this record after you opened it. Reload it and try again.","status":409,"code":"concurrency","traceId":"00-0ae29f1dd2c0e3287569cdfc5
[xUnit.net 00:29:56.98]       PUT /api/lists/identity.roles/shared-views/{id:guid} → 409 {"type":"urn:erp:problem:concurrency","title":"Someone else changed this record after you opened it. Reload it and try again.","status":409,"code":"concurrency","traceId":"00-71a5e7aa8ce53f2495aa6e4f3
[xUnit.net 00:29:56.98]       PUT /api/lists/identity.roles/shared-views/{id:guid} → 409 {"type":"urn:erp:problem:concurrency","title":"Someone else changed this record after you opened it. Reload it and try again.","status":409,"code":"concurrency","traceId":"00-65de107b5582e0fc8b27bcb37
[xUnit.net 00:29:56.98]       PUT /api/lists/identity.roles/shared-views/{id:guid} → 409 {"type":"urn:erp:problem:concurrency","title":"Someone else changed this record after you opened it. Reload it and try again.","status":409,"code":"concurrency","traceId":"00-8adaa433555a13d4103bc0979
[xUnit.net 00:29:56.98]       PUT /api/lists/identity.roles/shared-views/{id:guid} → 409 {"type":"urn:erp:problem:concurrency","title":"Someone else changed this record after you opened it. Reload it and try again.","status":409,"code":"concurrency","traceId":"00-254276b04fb873c13e5e03b90
[xUnit.net 00:29:56.98]       PUT /api/lists/identity.roles/shared-views/{id:guid} → 409 {"type":"urn:erp:problem:concurrency","title":"Someone else changed this record after you opened it. Reload it and try again.","status":409,"code":"concurrency","traceId":"00-3e65495d2417c978f09f25e32
[xUnit.net 00:29:56.98]       PUT /api/lists/identity.roles/shared-views/{id:guid} → 409 {"type":"urn:erp:problem:concurrency","title":"Someone else changed this record after you opened it. Reload it and try again.","status":409,"code":"concurrency","traceId":"00-e969e0ea45ba4dcd28b6d65cd
[xUnit.net 00:29:56.98]       PUT /api/lists/identity.roles/shared-views/{id:guid} → 409 {"type":"urn:erp:problem:concurrency","title":"Someone else changed this record after you opened it. Reload it and try again.","status":409,"code":"concurrency","traceId":"00-7f78afd4137f963a5bdfbca47
[xUnit.net 00:29:56.98]       PUT /api/lists/identity.roles/shared-views/{id:guid} → 409 {"type":"urn:erp:problem:concurrency","title":"Someone else changed this record after you opened it. Reload it and try again.","status":409,"code":"concurrency","traceId":"00-e9e1d9ea735e4aa4a905f555d
[xUnit.net 00:29:56.98]       PUT /api/lists/identity.roles/shared-views/{id:guid} → 409 {"type":"urn:erp:problem:concurrency","title":"Someone else changed this record after you opened it. Reload it and try again.","status":409,"code":"concurrency","traceId":"00-8ada5da674648474ec8b6f6ec
[xUnit.net 00:29:56.98]       PUT /api/lists/identity.roles/shared-views/{id:guid} → 409 {"type":"urn:erp:problem:concurrency","title":"Someone else changed this record after you opened it. Reload it and try again.","status":409,"code":"concurrency","traceId":"00-40f1b47c4839160efebfabc90
[xUnit.net 00:29:56.98]       PUT /api/lists/identity.roles/shared-views/{id:guid} → 409 {"type":"urn:erp:problem:concurrency","title":"Someone else changed this record after you opened it. Reload it and try again.","status":409,"code":"concurrency","traceId":"00-4a3604429f11db433ea6202b8
[xUnit.net 00:29:56.98]       PUT /api/lists/identity.roles/views/{id:guid} → 409 {"type":"urn:erp:problem:concurrency","title":"Someone else changed this record after you opened it. Reload it and try again.","status":409,"code":"concurrency","traceId":"00-14b25fcf9377b0d8daf3dbec5
[xUnit.net 00:29:56.98]       PUT /api/lists/identity.roles/views/{id:guid} → 409 {"type":"urn:erp:problem:concurrency","title":"Someone else changed this record after you opened it. Reload it and try again.","status":409,"code":"concurrency","traceId":"00-8ac19da486e7250c0575dce3b
[xUnit.net 00:29:56.98]       PUT /api/lists/identity.roles/views/{id:guid} → 409 {"type":"urn:erp:problem:concurrency","title":"Someone else changed this record after you opened it. Reload it and try again.","status":409,"code":"concurrency","traceId":"00-8b6e555faf4f8a143098d7eca
[xUnit.net 00:29:56.98]       PUT /api/lists/identity.roles/views/{id:guid} → 409 {"type":"urn:erp:problem:concurrency","title":"Someone else changed this record after you opened it. Reload it and try again.","status":409,"code":"concurrency","traceId":"00-584052da02376f245121ae41f
[xUnit.net 00:29:56.99]       PUT /api/lists/identity.roles/views/{id:guid} → 409 {"type":"urn:erp:problem:concurrency","title":"Someone else changed this record after you opened it. Reload it and try again.","status":409,"code":"concurrency","traceId":"00-22d2a687bdf40590769907acc
[xUnit.net 00:29:56.99]       PUT /api/lists/identity.roles/views/{id:guid} → 409 {"type":"urn:erp:problem:concurrency","title":"Someone else changed this record after you opened it. Reload it and try again.","status":409,"code":"concurrency","traceId":"00-57a802025ece4ba8472e32924
[xUnit.net 00:29:56.99]       PUT /api/lists/identity.roles/views/{id:guid} → 409 {"type":"urn:erp:problem:concurrency","title":"Someone else changed this record after you opened it. Reload it and try again.","status":409,"code":"concurrency","traceId":"00-73ff3eadc0df78a174c6d826f
[xUnit.net 00:29:56.99]       PUT /api/lists/identity.roles/views/{id:guid} → 409 {"type":"urn:erp:problem:concurrency","title":"Someone else changed this record after you opened it. Reload it and try again.","status":409,"code":"concurrency","traceId":"00-10e04c40364dc58ec3ceda234
[xUnit.net 00:29:56.99]       PUT /api/lists/identity.roles/views/{id:guid} → 409 {"type":"urn:erp:problem:concurrency","title":"Someone else changed this record after you opened it. Reload it and try again.","status":409,"code":"concurrency","traceId":"00-d944f301f4c7514b23d651b2e
[xUnit.net 00:29:56.99]       PUT /api/lists/identity.roles/views/{id:guid} → 409 {"type":"urn:erp:problem:concurrency","title":"Someone else changed this record after you opened it. Reload it and try again.","status":409,"code":"concurrency","traceId":"00-1627b5dd58468115470cce8e7
[xUnit.net 00:29:56.99]       PUT /api/lists/identity.roles/views/{id:guid} → 409 {"type":"urn:erp:problem:concurrency","title":"Someone else changed this record after you opened it. Reload it and try again.","status":409,"code":"concurrency","traceId":"00-728401d19677907dd3714aeaa
[xUnit.net 00:29:56.99]       PUT /api/lists/identity.roles/views/{id:guid} → 409 {"type":"urn:erp:problem:concurrency","title":"Someone else changed this record after you opened it. Reload it and try again.","status":409,"code":"concurrency","traceId":"00-000548a2c0f5d30d6164f1548
[xUnit.net 00:29:56.99]       PUT /api/lists/identity.roles/views/{id:guid} → 409 {"type":"urn:erp:problem:concurrency","title":"Someone else changed this record after you opened it. Reload it and try again.","status":409,"code":"concurrency","traceId":"00-50ed15754a9f28f1adcc57f13
[xUnit.net 00:29:56.99]       PUT /api/lists/identity.roles/views/{id:guid} → 409 {"type":"urn:erp:problem:concurrency","title":"Someone else changed this record after you opened it. Reload it and try again.","status":409,"code":"concurrency","traceId":"00-c5ee8101d57e2af3867dec2ba
[xUnit.net 00:29:56.99]       PUT /api/lists/identity.roles/views/{id:guid} → 409 {"type":"urn:erp:problem:concurrency","title":"Someone else changed this record after you opened it. Reload it and try again.","status":409,"code":"concurrency","traceId":"00-11b9335f38805386e85a9e890
[xUnit.net 00:29:56.99]       PUT /api/lists/identity.roles/views/{id:guid} → 409 {"type":"urn:erp:problem:concurrency","title":"Someone else changed this record after you opened it. Reload it and try again.","status":409,"code":"concurrency","traceId":"00-9ef18770771faacb57d5301c1
[xUnit.net 00:29:56.99]       PUT /api/lists/identity.roles/views/{id:guid} → 409 {"type":"urn:erp:problem:concurrency","title":"Someone else changed this record after you opened it. Reload it and try again.","status":409,"code":"concurrency","traceId":"00-6b98282d8f9826a4dc044d4f7
[xUnit.net 00:29:56.99]       PUT /api/lists/identity.roles/views/{id:guid} → 409 {"type":"urn:erp:problem:concurrency","title":"Someone else changed this record after you opened it. Reload it and try again.","status":409,"code":"concurrency","traceId":"00-f02689b6b6a346fe1198c030d
[xUnit.net 00:29:56.99]       PUT /api/lists/identity.roles/views/{id:guid} → 409 {"type":"urn:erp:problem:concurrency","title":"Someone else changed this record after you opened it. Reload it and try again.","status":409,"code":"concurrency","traceId":"00-db27e750d8327c68a3cbb11c8
[xUnit.net 00:29:56.99]       PUT /api/lists/identity.roles/views/{id:guid} → 409 {"type":"urn:erp:problem:concurrency","title":"Someone else changed this record after you opened it. Reload it and try again.","status":409,"code":"concurrency","traceId":"00-8aaa450e3a8a4cab9d188eb10
[xUnit.net 00:29:56.99]       PUT /api/lists/identity.roles/views/{id:guid} → 409 {"type":"urn:erp:problem:concurrency","title":"Someone else changed this record after you opened it. Reload it and try again.","status":409,"code":"concurrency","traceId":"00-1433c2e8d6415d9ac72a154a9
[xUnit.net 00:29:56.99]       PUT /api/lists/identity.roles/views/{id:guid} → 409 {"type":"urn:erp:problem:concurrency","title":"Someone else changed this record after you opened it. Reload it and try again.","status":409,"code":"concurrency","traceId":"00-01850c10a8a054aa737d606fd
[xUnit.net 00:29:56.99]       PUT /api/lists/identity.roles/views/{id:guid} → 409 {"type":"urn:erp:problem:concurrency","title":"Someone else changed this record after you opened it. Reload it and try again.","status":409,"code":"concurrency","traceId":"00-72a37076174001d7a8dd3be29
[xUnit.net 00:29:56.99]       PUT /api/lists/identity.roles/views/{id:guid} → 409 {"type":"urn:erp:problem:concurrency","title":"Someone else changed this record after you opened it. Reload it and try again.","status":409,"code":"concurrency","traceId":"00-5d41c2dfd10a049bad2a9ec7a
[xUnit.net 00:29:56.99]       PUT /api/lists/identity.users/shared-views/{id:guid} → 409 {"type":"urn:erp:problem:concurrency","title":"Someone else changed this record after you opened it. Reload it and try again.","status":409,"code":"concurrency","traceId":"00-a92be799b46643547ae8fb261
[xUnit.net 00:29:56.99]       PUT /api/lists/identity.users/shared-views/{id:guid} → 409 {"type":"urn:erp:problem:concurrency","title":"Someone else changed this record after you opened it. Reload it and try again.","status":409,"code":"concurrency","traceId":"00-c837969774991f66c07b7b56f
[xUnit.net 00:29:56.99]       PUT /api/lists/identity.users/shared-views/{id:guid} → 409 {"type":"urn:erp:problem:concurrency","title":"Someone else changed this record after you opened it. Reload it and try again.","status":409,"code":"concurrency","traceId":"00-bebb0bb91c06cb20075aa3e30
[xUnit.net 00:29:56.99]       PUT /api/lists/identity.users/shared-views/{id:guid} → 409 {"type":"urn:erp:problem:concurrency","title":"Someone else changed this record after you opened it. Reload it and try again.","status":409,"code":"concurrency","traceId":"00-bd837ef86f5189a11884cb1c1
[xUnit.net 00:29:56.99]       PUT /api/lists/identity.users/shared-views/{id:guid} → 409 {"type":"urn:erp:problem:concurrency","title":"Someone else changed this record after you opened it. Reload it and try again.","status":409,"code":"concurrency","traceId":"00-1bc00c4e91382148c0a3f4e9b
[xUnit.net 00:29:56.99]       PUT /api/lists/identity.users/shared-views/{id:guid} → 409 {"type":"urn:erp:problem:concurrency","title":"Someone else changed this record after you opened it. Reload it and try again.","status":409,"code":"concurrency","traceId":"00-b64214d618b4554a9ca0d259d
[xUnit.net 00:29:56.99]       PUT /api/lists/identity.users/shared-views/{id:guid} → 409 {"type":"urn:erp:problem:concurrency","title":"Someone else changed this record after you opened it. Reload it and try again.","status":409,"code":"concurrency","traceId":"00-d8d6ee69aab11d9db0f8a5cf5
[xUnit.net 00:29:56.99]       PUT /api/lists/identity.users/shared-views/{id:guid} → 409 {"type":"urn:erp:problem:concurrency","title":"Someone else changed this record after you opened it. Reload it and try again.","status":409,"code":"concurrency","traceId":"00-d5ceedc20a846e74ac4a25b0d
[xUnit.net 00:29:56.99]       PUT /api/lists/identity.users/shared-views/{id:guid} → 409 {"type":"urn:erp:problem:concurrency","title":"Someone else changed this record after you opened it. Reload it and try again.","status":409,"code":"concurrency","traceId":"00-637951160da09d3c51cabc6bc
[xUnit.net 00:29:56.99]       PUT /api/lists/identity.users/shared-views/{id:guid} → 409 {"type":"urn:erp:problem:concurrency","title":"Someone else changed this record after you opened it. Reload it and try again.","status":409,"code":"concurrency","traceId":"00-92357005384605bfe7887d3aa
[xUnit.net 00:29:56.99]       PUT /api/lists/identity.users/shared-views/{id:guid} → 409 {"type":"urn:erp:problem:concurrency","title":"Someone else changed this record after you opened it. Reload it and try again.","status":409,"code":"concurrency","traceId":"00-f5875bcd926b0077a82cdc989
[xUnit.net 00:29:56.99]       PUT /api/lists/identity.users/shared-views/{id:guid} → 409 {"type":"urn:erp:problem:concurrency","title":"Someone else changed this record after you opened it. Reload it and try again.","status":409,"code":"concurrency","traceId":"00-74f84798928bdde08eaf7f611
[xUnit.net 00:29:56.99]       PUT /api/lists/identity.users/shared-views/{id:guid} → 409 {"type":"urn:erp:problem:concurrency","title":"Someone else changed this record after you opened it. Reload it and try again.","status":409,"code":"concurrency","traceId":"00-2e34d8d3b7169bc1d491e509b
[xUnit.net 00:29:56.99]       PUT /api/lists/identity.users/shared-views/{id:guid} → 409 {"type":"urn:erp:problem:concurrency","title":"Someone else changed this record after you opened it. Reload it and try again.","status":409,"code":"concurrency","traceId":"00-aa8cf1d25aadc3498d91883cc
[xUnit.net 00:29:56.99]       PUT /api/lists/identity.users/shared-views/{id:guid} → 409 {"type":"urn:erp:problem:concurrency","title":"Someone else changed this record after you opened it. Reload it and try again.","status":409,"code":"concurrency","traceId":"00-e8b3e2196b641a8e3bf321eee
[xUnit.net 00:29:56.99]       PUT /api/lists/identity.users/shared-views/{id:guid} → 409 {"type":"urn:erp:problem:concurrency","title":"Someone else changed this record after you opened it. Reload it and try again.","status":409,"code":"concurrency","traceId":"00-49addf8d0eac996885dd189be
[xUnit.net 00:29:56.99]       PUT /api/lists/identity.users/shared-views/{id:guid} → 409 {"type":"urn:erp:problem:concurrency","title":"Someone else changed this record after you opened it. Reload it and try again.","status":409,"code":"concurrency","traceId":"00-8b9c036d850fbcc15d691b843
[xUnit.net 00:29:56.99]       PUT /api/lists/identity.users/shared-views/{id:guid} → 409 {"type":"urn:erp:problem:concurrency","title":"Someone else changed this record after you opened it. Reload it and try again.","status":409,"code":"concurrency","traceId":"00-f015fb7ee37ed901342746192
[xUnit.net 00:29:56.99]       PUT /api/lists/identity.users/shared-views/{id:guid} → 409 {"type":"urn:erp:problem:concurrency","title":"Someone else changed this record after you opened it. Reload it and try again.","status":409,"code":"concurrency","traceId":"00-3c7ea85126235c40d11c3c6b7
[xUnit.net 00:29:56.99]       PUT /api/lists/identity.users/shared-views/{id:guid} → 409 {"type":"urn:erp:problem:concurrency","title":"Someone else changed this record after you opened it. Reload it and try again.","status":409,"code":"concurrency","traceId":"00-fc2e529705d83f6089c792556
[xUnit.net 00:29:56.99]       PUT /api/lists/identity.users/shared-views/{id:guid} → 409 {"type":"urn:erp:problem:concurrency","title":"Someone else changed this record after you opened it. Reload it and try again.","status":409,"code":"concurrency","traceId":"00-bb2c83b457f4d4f884a9b1502
[xUnit.net 00:29:56.99]       PUT /api/lists/identity.users/shared-views/{id:guid} → 409 {"type":"urn:erp:problem:concurrency","title":"Someone else changed this record after you opened it. Reload it and try again.","status":409,"code":"concurrency","traceId":"00-8f29c3b4c90499acf128e9821
[xUnit.net 00:29:56.99]       PUT /api/lists/identity.users/shared-views/{id:guid} → 409 {"type":"urn:erp:problem:concurrency","title":"Someone else changed this record after you opened it. Reload it and try again.","status":409,"code":"concurrency","traceId":"00-6a7a776dbeec998812668fce5
[xUnit.net 00:29:56.99]       PUT /api/lists/identity.users/shared-views/{id:guid} → 409 {"type":"urn:erp:problem:concurrency","title":"Someone else changed this record after you opened it. Reload it and try again.","status":409,"code":"concurrency","traceId":"00-fd5cc391c9bf2845c28a30a4a
[xUnit.net 00:29:56.99]       PUT /api/lists/identity.users/shared-views/{id:guid} → 409 {"type":"urn:erp:problem:concurrency","title":"Someone else changed this record after you opened it. Reload it and try again.","status":409,"code":"concurrency","traceId":"00-8b547f4072b0d2624d52af179
[xUnit.net 00:29:56.99]       PUT /api/lists/identity.users/shared-views/{id:guid} → 409 {"type":"urn:erp:problem:concurrency","title":"Someone else changed this record after you opened it. Reload it and try again.","status":409,"code":"concurrency","traceId":"00-922ba5a634c809c71a83c8694
[xUnit.net 00:29:56.99]       PUT /api/lists/identity.users/shared-views/{id:guid} → 409 {"type":"urn:erp:problem:concurrency","title":"Someone else changed this record after you opened it. Reload it and try again.","status":409,"code":"concurrency","traceId":"00-f75fc99b9d78061daeb9a551e
[xUnit.net 00:29:56.99]       PUT /api/lists/identity.users/shared-views/{id:guid} → 409 {"type":"urn:erp:problem:concurrency","title":"Someone else changed this record after you opened it. Reload it and try again.","status":409,"code":"concurrency","traceId":"00-13f86dec796749524667f3984
[xUnit.net 00:29:56.99]       PUT /api/lists/identity.users/shared-views/{id:guid} → 409 {"type":"urn:erp:problem:concurrency","title":"Someone else changed this record after you opened it. Reload it and try again.","status":409,"code":"concurrency","traceId":"00-7fc19504d72e847b928c9ecc6
[xUnit.net 00:29:56.99]       PUT /api/lists/identity.users/shared-views/{id:guid} → 409 {"type":"urn:erp:problem:concurrency","title":"Someone else changed this record after you opened it. Reload it and try again.","status":409,"code":"concurrency","traceId":"00-b503eefe37a7f1839c8d62da3
[xUnit.net 00:29:56.99]       PUT /api/lists/identity.users/shared-views/{id:guid} → 409 {"type":"urn:erp:problem:concurrency","title":"Someone else changed this record after you opened it. Reload it and try again.","status":409,"code":"concurrency","traceId":"00-1841cf0e2fbdcb9ef499336b6
[xUnit.net 00:29:56.99]       PUT /api/lists/identity.users/shared-views/{id:guid} → 409 {"type":"urn:erp:problem:concurrency","title":"Someone else changed this record after you opened it. Reload it and try again.","status":409,"code":"concurrency","traceId":"00-1e01bebdf52cd411c8c7e6b5a
[xUnit.net 00:29:56.99]       PUT /api/lists/identity.users/shared-views/{id:guid} → 409 {"type":"urn:erp:problem:concurrency","title":"Someone else changed this record after you opened it. Reload it and try again.","status":409,"code":"concurrency","traceId":"00-28ab7aaf6e2bf0b396db2ea28
[xUnit.net 00:29:56.99]       PUT /api/lists/identity.users/shared-views/{id:guid} → 409 {"type":"urn:erp:problem:concurrency","title":"Someone else changed this record after you opened it. Reload it and try again.","status":409,"code":"concurrency","traceId":"00-0900152df8d440cb4214b589b
[xUnit.net 00:29:56.99]       PUT /api/lists/identity.users/shared-views/{id:guid} → 409 {"type":"urn:erp:problem:concurrency","title":"Someone else changed this record after you opened it. Reload it and try again.","status":409,"code":"concurrency","traceId":"00-895b5347615e62c3b3e24ef9f
[xUnit.net 00:29:56.99]       PUT /api/lists/identity.users/shared-views/{id:guid} → 409 {"type":"urn:erp:problem:concurrency","title":"Someone else changed this record after you opened it. Reload it and try again.","status":409,"code":"concurrency","traceId":"00-6b91e3914cdc71f154da32415
[xUnit.net 00:29:56.99]       PUT /api/lists/identity.users/shared-views/{id:guid} → 409 {"type":"urn:erp:problem:concurrency","title":"Someone else changed this record after you opened it. Reload it and try again.","status":409,"code":"concurrency","traceId":"00-3e26bea53c3b208c38428bac0
[xUnit.net 00:29:56.99]       PUT /api/lists/identity.users/shared-views/{id:guid} → 409 {"type":"urn:erp:problem:concurrency","title":"Someone else changed this record after you opened it. Reload it and try again.","status":409,"code":"concurrency","traceId":"00-9615a733650e790e0bd955023
[xUnit.net 00:29:56.99]       PUT /api/lists/identity.users/views/{id:guid} → 409 {"type":"urn:erp:problem:concurrency","title":"Someone else changed this record after you opened it. Reload it and try again.","status":409,"code":"concurrency","traceId":"00-55203578990400d084781af88
[xUnit.net 00:29:56.99]       PUT /api/lists/identity.users/views/{id:guid} → 409 {"type":"urn:erp:problem:concurrency","title":"Someone else changed this record after you opened it. Reload it and try again.","status":409,"code":"concurrency","traceId":"00-c5ce79f5131e393d0056c5105
[xUnit.net 00:29:56.99]       PUT /api/lists/identity.users/views/{id:guid} → 409 {"type":"urn:erp:problem:concurrency","title":"Someone else changed this record after you opened it. Reload it and try again.","status":409,"code":"concurrency","traceId":"00-a14f7e5eb19e673b1ea8a604d
[xUnit.net 00:29:56.99]       PUT /api/lists/identity.users/views/{id:guid} → 409 {"type":"urn:erp:problem:concurrency","title":"Someone else changed this record after you opened it. Reload it and try again.","status":409,"code":"concurrency","traceId":"00-8583be481125a96d7996d0666
[xUnit.net 00:29:56.99]       PUT /api/lists/identity.users/views/{id:guid} → 409 {"type":"urn:erp:problem:concurrency","title":"Someone else changed this record after you opened it. Reload it and try again.","status":409,"code":"concurrency","traceId":"00-0c3531fad00a82bf3b10c78d9
[xUnit.net 00:29:56.99]       PUT /api/lists/identity.users/views/{id:guid} → 409 {"type":"urn:erp:problem:concurrency","title":"Someone else changed this record after you opened it. Reload it and try again.","status":409,"code":"concurrency","traceId":"00-c7e3d95c7e699a90717a69686
[xUnit.net 00:29:56.99]       PUT /api/lists/identity.users/views/{id:guid} → 409 {"type":"urn:erp:problem:concurrency","title":"Someone else changed this record after you opened it. Reload it and try again.","status":409,"code":"concurrency","traceId":"00-32e02150d0af0ebb40b42c85c
[xUnit.net 00:29:56.99]       PUT /api/lists/identity.users/views/{id:guid} → 409 {"type":"urn:erp:problem:concurrency","title":"Someone else changed this record after you opened it. Reload it and try again.","status":409,"code":"concurrency","traceId":"00-1d00f6f6b2dda60b18cd7c069
[xUnit.net 00:29:56.99]       PUT /api/lists/identity.users/views/{id:guid} → 409 {"type":"urn:erp:problem:concurrency","title":"Someone else changed this record after you opened it. Reload it and try again.","status":409,"code":"concurrency","traceId":"00-188b8f5c5eea39c1c0b37cefd
[xUnit.net 00:29:56.99]       PUT /api/lists/identity.users/views/{id:guid} → 409 {"type":"urn:erp:problem:concurrency","title":"Someone else changed this record after you opened it. Reload it and try again.","status":409,"code":"concurrency","traceId":"00-c448c7234c9168cb98b51b6ba
[xUnit.net 00:29:56.99]       PUT /api/lists/identity.users/views/{id:guid} → 409 {"type":"urn:erp:problem:concurrency","title":"Someone else changed this record after you opened it. Reload it and try again.","status":409,"code":"concurrency","traceId":"00-919c36bd2d6c48f34653b378c
[xUnit.net 00:29:56.99]       PUT /api/lists/identity.users/views/{id:guid} → 409 {"type":"urn:erp:problem:concurrency","title":"Someone else changed this record after you opened it. Reload it and try again.","status":409,"code":"concurrency","traceId":"00-7b6dac9c4d7fc0763e5ba9781
[xUnit.net 00:29:56.99]       PUT /api/lists/identity.users/views/{id:guid} → 409 {"type":"urn:erp:problem:concurrency","title":"Someone else changed this record after you opened it. Reload it and try again.","status":409,"code":"concurrency","traceId":"00-957f1ab1e379ba6ec70e4a65e
[xUnit.net 00:29:56.99]       PUT /api/lists/identity.users/views/{id:guid} → 409 {"type":"urn:erp:problem:concurrency","title":"Someone else changed this record after you opened it. Reload it and try again.","status":409,"code":"concurrency","traceId":"00-b3bae64fe3e5bdf17aedef69a
[xUnit.net 00:29:56.99]       PUT /api/lists/identity.users/views/{id:guid} → 409 {"type":"urn:erp:problem:concurrency","title":"Someone else changed this record after you opened it. Reload it and try again.","status":409,"code":"concurrency","traceId":"00-edd0fd99b9c94fc38a0a23824
[xUnit.net 00:29:56.99]       PUT /api/lists/identity.users/views/{id:guid} → 409 {"type":"urn:erp:problem:concurrency","title":"Someone else changed this record after you opened it. Reload it and try again.","status":409,"code":"concurrency","traceId":"00-dfccab13adee901497e445263
[xUnit.net 00:29:56.99]       PUT /api/lists/identity.users/views/{id:guid} → 409 {"type":"urn:erp:problem:concurrency","title":"Someone else changed this record after you opened it. Reload it and try again.","status":409,"code":"concurrency","traceId":"00-f29c9b13218e46c4362b6ce6c
[xUnit.net 00:29:56.99]       PUT /api/lists/identity.users/views/{id:guid} → 409 {"type":"urn:erp:problem:concurrency","title":"Someone else changed this record after you opened it. Reload it and try again.","status":409,"code":"concurrency","traceId":"00-57005431cd0c315f45e2c1b63
[xUnit.net 00:29:56.99]       PUT /api/lists/identity.users/views/{id:guid} → 409 {"type":"urn:erp:problem:concurrency","title":"Someone else changed this record after you opened it. Reload it and try again.","status":409,"code":"concurrency","traceId":"00-2201b631300aad6f971cbc6cf
[xUnit.net 00:29:56.99]       PUT /api/lists/identity.users/views/{id:guid} → 409 {"type":"urn:erp:problem:concurrency","title":"Someone else changed this record after you opened it. Reload it and try again.","status":409,"code":"concurrency","traceId":"00-83af45d578805db30ab63088b
[xUnit.net 00:29:56.99]       PUT /api/lists/identity.users/views/{id:guid} → 409 {"type":"urn:erp:problem:concurrency","title":"Someone else changed this record after you opened it. Reload it and try again.","status":409,"code":"concurrency","traceId":"00-a2e30f81fd8915daadcd06338
[xUnit.net 00:29:56.99]       PUT /api/lists/identity.users/views/{id:guid} → 409 {"type":"urn:erp:problem:concurrency","title":"Someone else changed this record after you opened it. Reload it and try again.","status":409,"code":"concurrency","traceId":"00-a7295d7821392b988948cdbf6
[xUnit.net 00:29:56.99]       PUT /api/lists/identity.users/views/{id:guid} → 409 {"type":"urn:erp:problem:concurrency","title":"Someone else changed this record after you opened it. Reload it and try again.","status":409,"code":"concurrency","traceId":"00-60092458d5920920c1c0989be
[xUnit.net 00:29:56.99]       PUT /api/lists/identity.users/views/{id:guid} → 409 {"type":"urn:erp:problem:concurrency","title":"Someone else changed this record after you opened it. Reload it and try again.","status":409,"code":"concurrency","traceId":"00-2e60db19eb5085361d6d6fba1
[xUnit.net 00:29:56.99]       PUT /api/lists/identity.users/views/{id:guid} → 409 {"type":"urn:erp:problem:concurrency","title":"Someone else changed this record after you opened it. Reload it and try again.","status":409,"code":"concurrency","traceId":"00-7bf249962a36ba70865238b77
[xUnit.net 00:29:56.99]       PUT /api/lists/identity.users/views/{id:guid} → 409 {"type":"urn:erp:problem:concurrency","title":"Someone else changed this record after you opened it. Reload it and try again.","status":409,"code":"concurrency","traceId":"00-fe9d74260fb4b05530fbfe09f
[xUnit.net 00:29:56.99]       PUT /api/lists/identity.users/views/{id:guid} → 409 {"type":"urn:erp:problem:concurrency","title":"Someone else changed this record after you opened it. Reload it and try again.","status":409,"code":"concurrency","traceId":"00-b627e0118836b662a0b73d492
[xUnit.net 00:29:56.99]       PUT /api/lists/identity.users/views/{id:guid} → 409 {"type":"urn:erp:problem:concurrency","title":"Someone else changed this record after you opened it. Reload it and try again.","status":409,"code":"concurrency","traceId":"00-76c6553422d939490213e7d4d
[xUnit.net 00:29:56.99]       PUT /api/lists/identity.users/views/{id:guid} → 409 {"type":"urn:erp:problem:concurrency","title":"Someone else changed this record after you opened it. Reload it and try again.","status":409,"code":"concurrency","traceId":"00-1d17b01b342e4c7ccd4d2a91c
[xUnit.net 00:29:56.99]       PUT /api/lists/identity.users/views/{id:guid} → 409 {"type":"urn:erp:problem:concurrency","title":"Someone else changed this record after you opened it. Reload it and try again.","status":409,"code":"concurrency","traceId":"00-e03cfd6619e38b3f1b028e5d7
[xUnit.net 00:29:56.99]       PUT /api/lists/identity.users/views/{id:guid} → 409 {"type":"urn:erp:problem:concurrency","title":"Someone else changed this record after you opened it. Reload it and try again.","status":409,"code":"concurrency","traceId":"00-f71f5369e46d9b682faa9b8fb
[xUnit.net 00:29:56.99]       PUT /api/lists/identity.users/views/{id:guid} → 409 {"type":"urn:erp:problem:concurrency","title":"Someone else changed this record after you opened it. Reload it and try again.","status":409,"code":"concurrency","traceId":"00-cd36a1f66e1cf6a96e017a37d
[xUnit.net 00:29:56.99]       PUT /api/lists/identity.users/views/{id:guid} → 409 {"type":"urn:erp:problem:concurrency","title":"Someone else changed this record after you opened it. Reload it and try again.","status":409,"code":"concurrency","traceId":"00-4900388517a4d16d3c1e74ed7
[xUnit.net 00:29:56.99]       PUT /api/lists/identity.users/views/{id:guid} → 409 {"type":"urn:erp:problem:concurrency","title":"Someone else changed this record after you opened it. Reload it and try again.","status":409,"code":"concurrency","traceId":"00-1c4a5d55bdef24ffa064b26ed
[xUnit.net 00:29:56.99]       PUT /api/lists/identity.users/views/{id:guid} → 409 {"type":"urn:erp:problem:concurrency","title":"Someone else changed this record after you opened it. Reload it and try again.","status":409,"code":"concurrency","traceId":"00-d3d4a3193e4f534aac86145e3
[xUnit.net 00:29:56.99]       PUT /api/lists/identity.users/views/{id:guid} → 409 {"type":"urn:erp:problem:concurrency","title":"Someone else changed this record after you opened it. Reload it and try again.","status":409,"code":"concurrency","traceId":"00-41c488ae8d04d8405121baf85
[xUnit.net 00:29:56.99]       PUT /api/lists/identity.users/views/{id:guid} → 409 {"type":"urn:erp:problem:concurrency","title":"Someone else changed this record after you opened it. Reload it and try again.","status":409,"code":"concurrency","traceId":"00-657db9b3a228945a86e7e0058
[xUnit.net 00:29:56.99]       PUT /api/lists/identity.users/views/{id:guid} → 409 {"type":"urn:erp:problem:concurrency","title":"Someone else changed this record after you opened it. Reload it and try again.","status":409,"code":"concurrency","traceId":"00-433e8797f2fb03e5d05a50455
[xUnit.net 00:29:56.99]       PUT /api/lists/tenancy.access/shared-views/{id:guid} → 409 {"type":"urn:erp:problem:concurrency","title":"Someone else changed this record after you opened it. Reload it and try again.","status":409,"code":"concurrency","traceId":"00-09e5bfa0657fb33f332bd0b9a
[xUnit.net 00:29:56.99]       PUT /api/lists/tenancy.access/shared-views/{id:guid} → 409 {"type":"urn:erp:problem:concurrency","title":"Someone else changed this record after you opened it. Reload it and try again.","status":409,"code":"concurrency","traceId":"00-ae3200bb6b0f699009a57a2c2
[xUnit.net 00:29:56.99]       PUT /api/lists/tenancy.access/shared-views/{id:guid} → 409 {"type":"urn:erp:problem:concurrency","title":"Someone else changed this record after you opened it. Reload it and try again.","status":409,"code":"concurrency","traceId":"00-86aaf1d5ebadfcabdd9462530
[xUnit.net 00:29:56.99]       PUT /api/lists/tenancy.access/shared-views/{id:guid} → 409 {"type":"urn:erp:problem:concurrency","title":"Someone else changed this record after you opened it. Reload it and try again.","status":409,"code":"concurrency","traceId":"00-5991a83add5e5c8df358a028e
[xUnit.net 00:29:56.99]       PUT /api/lists/tenancy.access/shared-views/{id:guid} → 409 {"type":"urn:erp:problem:concurrency","title":"Someone else changed this record after you opened it. Reload it and try again.","status":409,"code":"concurrency","traceId":"00-40b61491165101c5535236ac3
[xUnit.net 00:29:56.99]       PUT /api/lists/tenancy.access/shared-views/{id:guid} → 409 {"type":"urn:erp:problem:concurrency","title":"Someone else changed this record after you opened it. Reload it and try again.","status":409,"code":"concurrency","traceId":"00-093fdedf31419c76bb180515c
[xUnit.net 00:29:56.99]       PUT /api/lists/tenancy.access/shared-views/{id:guid} → 409 {"type":"urn:erp:problem:concurrency","title":"Someone else changed this record after you opened it. Reload it and try again.","status":409,"code":"concurrency","traceId":"00-859e7bf4c50eea3e28918a6d9
[xUnit.net 00:29:56.99]       PUT /api/lists/tenancy.access/shared-views/{id:guid} → 409 {"type":"urn:erp:problem:concurrency","title":"Someone else changed this record after you opened it. Reload it and try again.","status":409,"code":"concurrency","traceId":"00-f94e2264329777d3b9f2ec1f2
[xUnit.net 00:29:56.99]       PUT /api/lists/tenancy.access/views/{id:guid} → 409 {"type":"urn:erp:problem:concurrency","title":"Someone else changed this record after you opened it. Reload it and try again.","status":409,"code":"concurrency","traceId":"00-1bea8e95bbe29903e0700c92a
[xUnit.net 00:29:56.99]       PUT /api/lists/tenancy.access/views/{id:guid} → 409 {"type":"urn:erp:problem:concurrency","title":"Someone else changed this record after you opened it. Reload it and try again.","status":409,"code":"concurrency","traceId":"00-509e77c5622eabec8da3c84d5
[xUnit.net 00:29:56.99]       PUT /api/lists/tenancy.access/views/{id:guid} → 409 {"type":"urn:erp:problem:concurrency","title":"Someone else changed this record after you opened it. Reload it and try again.","status":409,"code":"concurrency","traceId":"00-9124763af2919583504be8c9c
[xUnit.net 00:29:56.99]       PUT /api/lists/tenancy.access/views/{id:guid} → 409 {"type":"urn:erp:problem:concurrency","title":"Someone else changed this record after you opened it. Reload it and try again.","status":409,"code":"concurrency","traceId":"00-0ae76a8d073adee5b3230a5b1
[xUnit.net 00:29:56.99]       PUT /api/lists/tenancy.access/views/{id:guid} → 409 {"type":"urn:erp:problem:concurrency","title":"Someone else changed this record after you opened it. Reload it and try again.","status":409,"code":"concurrency","traceId":"00-007505d70621dc6508b2781ef
[xUnit.net 00:29:56.99]       PUT /api/lists/tenancy.access/views/{id:guid} → 409 {"type":"urn:erp:problem:concurrency","title":"Someone else changed this record after you opened it. Reload it and try again.","status":409,"code":"concurrency","traceId":"00-982968132b41132b2d200629a
[xUnit.net 00:29:56.99]       PUT /api/lists/tenancy.access/views/{id:guid} → 409 {"type":"urn:erp:problem:concurrency","title":"Someone else changed this record after you opened it. Reload it and try again.","status":409,"code":"concurrency","traceId":"00-a40af9e18b6556885a82f9677
[xUnit.net 00:29:56.99]       PUT /api/lists/tenancy.access/views/{id:guid} → 409 {"type":"urn:erp:problem:concurrency","title":"Someone else changed this record after you opened it. Reload it and try again.","status":409,"code":"concurrency","traceId":"00-cbd1095ae057486d17b407d40
[xUnit.net 00:29:56.99]       PUT /api/lists/tenancy.branches/shared-views/{id:guid} → 409 {"type":"urn:erp:problem:concurrency","title":"Someone else changed this record after you opened it. Reload it and try again.","status":409,"code":"concurrency","traceId":"00-be40281e311733f3e712eabef
[xUnit.net 00:29:56.99]       PUT /api/lists/tenancy.branches/shared-views/{id:guid} → 409 {"type":"urn:erp:problem:concurrency","title":"Someone else changed this record after you opened it. Reload it and try again.","status":409,"code":"concurrency","traceId":"00-905d8b0f766da7a7adb9da3b4
[xUnit.net 00:29:56.99]       PUT /api/lists/tenancy.branches/shared-views/{id:guid} → 409 {"type":"urn:erp:problem:concurrency","title":"Someone else changed this record after you opened it. Reload it and try again.","status":409,"code":"concurrency","traceId":"00-4dfbcc18d5c793592805df5f7
[xUnit.net 00:29:56.99]       PUT /api/lists/tenancy.branches/shared-views/{id:guid} → 409 {"type":"urn:erp:problem:concurrency","title":"Someone else changed this record after you opened it. Reload it and try again.","status":409,"code":"concurrency","traceId":"00-ec8b2b9888ccbaefe0a00ae98
[xUnit.net 00:29:56.99]       PUT /api/lists/tenancy.branches/shared-views/{id:guid} → 409 {"type":"urn:erp:problem:concurrency","title":"Someone else changed this record after you opened it. Reload it and try again.","status":409,"code":"concurrency","traceId":"00-226ed0e290456480388e14f34
[xUnit.net 00:29:56.99]       PUT /api/lists/tenancy.branches/shared-views/{id:guid} → 409 {"type":"urn:erp:problem:concurrency","title":"Someone else changed this record after you opened it. Reload it and try again.","status":409,"code":"concurrency","traceId":"00-0da55f635d56ee88fcbeff72a
[xUnit.net 00:29:56.99]       PUT /api/lists/tenancy.branches/shared-views/{id:guid} → 409 {"type":"urn:erp:problem:concurrency","title":"Someone else changed this record after you opened it. Reload it and try again.","status":409,"code":"concurrency","traceId":"00-6213e630eba51fdd2572bf5c4
[xUnit.net 00:29:56.99]       PUT /api/lists/tenancy.branches/shared-views/{id:guid} → 409 {"type":"urn:erp:problem:concurrency","title":"Someone else changed this record after you opened it. Reload it and try again.","status":409,"code":"concurrency","traceId":"00-feafc3d16f57ec36b5934b701
[xUnit.net 00:29:56.99]       PUT /api/lists/tenancy.branches/shared-views/{id:guid} → 409 {"type":"urn:erp:problem:concurrency","title":"Someone else changed this record after you opened it. Reload it and try again.","status":409,"code":"concurrency","traceId":"00-4a7d0c31faec23034a855a0e6
[xUnit.net 00:29:56.99]       PUT /api/lists/tenancy.branches/shared-views/{id:guid} → 409 {"type":"urn:erp:problem:concurrency","title":"Someone else changed this record after you opened it. Reload it and try again.","status":409,"code":"concurrency","traceId":"00-cdf9868cc3d3ed9879fe831ff
[xUnit.net 00:29:56.99]       PUT /api/lists/tenancy.branches/shared-views/{id:guid} → 409 {"type":"urn:erp:problem:concurrency","title":"Someone else changed this record after you opened it. Reload it and try again.","status":409,"code":"concurrency","traceId":"00-40c5c643e160a7a58fce6eed7
[xUnit.net 00:29:56.99]       PUT /api/lists/tenancy.branches/shared-views/{id:guid} → 409 {"type":"urn:erp:problem:concurrency","title":"Someone else changed this record after you opened it. Reload it and try again.","status":409,"code":"concurrency","traceId":"00-58041585881839f36458c0f89
[xUnit.net 00:29:56.99]       PUT /api/lists/tenancy.branches/shared-views/{id:guid} → 409 {"type":"urn:erp:problem:concurrency","title":"Someone else changed this record after you opened it. Reload it and try again.","status":409,"code":"concurrency","traceId":"00-b03041f24255565cdb785c00b
[xUnit.net 00:29:56.99]       PUT /api/lists/tenancy.branches/shared-views/{id:guid} → 409 {"type":"urn:erp:problem:concurrency","title":"Someone else changed this record after you opened it. Reload it and try again.","status":409,"code":"concurrency","traceId":"00-ef58b3dcbf322f8fe13f1a29d
[xUnit.net 00:29:56.99]       PUT /api/lists/tenancy.branches/shared-views/{id:guid} → 409 {"type":"urn:erp:problem:concurrency","title":"Someone else changed this record after you opened it. Reload it and try again.","status":409,"code":"concurrency","traceId":"00-6c38f815daf6655a48262ecf0
[xUnit.net 00:29:56.99]       PUT /api/lists/tenancy.branches/shared-views/{id:guid} → 409 {"type":"urn:erp:problem:concurrency","title":"Someone else changed this record after you opened it. Reload it and try again.","status":409,"code":"concurrency","traceId":"00-e04483bbdd8707eff62b94d7d
[xUnit.net 00:29:56.99]       PUT /api/lists/tenancy.branches/shared-views/{id:guid} → 409 {"type":"urn:erp:problem:concurrency","title":"Someone else changed this record after you opened it. Reload it and try again.","status":409,"code":"concurrency","traceId":"00-02ecad7b10ed3aa90bd0273e3
[xUnit.net 00:29:56.99]       PUT /api/lists/tenancy.branches/shared-views/{id:guid} → 409 {"type":"urn:erp:problem:concurrency","title":"Someone else changed this record after you opened it. Reload it and try again.","status":409,"code":"concurrency","traceId":"00-207d24937f28d9b9819724cc3
[xUnit.net 00:29:56.99]       PUT /api/lists/tenancy.branches/shared-views/{id:guid} → 409 {"type":"urn:erp:problem:concurrency","title":"Someone else changed this record after you opened it. Reload it and try again.","status":409,"code":"concurrency","traceId":"00-2dbde7346abaef538658fe2b1
[xUnit.net 00:29:56.99]       PUT /api/lists/tenancy.branches/shared-views/{id:guid} → 409 {"type":"urn:erp:problem:concurrency","title":"Someone else changed this record after you opened it. Reload it and try again.","status":409,"code":"concurrency","traceId":"00-783e3643c2d834d45a6b49991
[xUnit.net 00:29:56.99]       PUT /api/lists/tenancy.branches/shared-views/{id:guid} → 409 {"type":"urn:erp:problem:concurrency","title":"Someone else changed this record after you opened it. Reload it and try again.","status":409,"code":"concurrency","traceId":"00-2e2f47c247f99c20600a47fd3
[xUnit.net 00:29:56.99]       PUT /api/lists/tenancy.branches/shared-views/{id:guid} → 409 {"type":"urn:erp:problem:concurrency","title":"Someone else changed this record after you opened it. Reload it and try again.","status":409,"code":"concurrency","traceId":"00-65aba4310e89e59ff7586a824
[xUnit.net 00:29:56.99]       PUT /api/lists/tenancy.branches/shared-views/{id:guid} → 409 {"type":"urn:erp:problem:concurrency","title":"Someone else changed this record after you opened it. Reload it and try again.","status":409,"code":"concurrency","traceId":"00-71ca86f31e04be9a45fd59b29
[xUnit.net 00:29:56.99]       PUT /api/lists/tenancy.branches/shared-views/{id:guid} → 409 {"type":"urn:erp:problem:concurrency","title":"Someone else changed this record after you opened it. Reload it and try again.","status":409,"code":"concurrency","traceId":"00-1e6ad70ef76fb6d1c549dbf17
[xUnit.net 00:29:56.99]       PUT /api/lists/tenancy.branches/shared-views/{id:guid} → 409 {"type":"urn:erp:problem:concurrency","title":"Someone else changed this record after you opened it. Reload it and try again.","status":409,"code":"concurrency","traceId":"00-927582113e0c0a5afd586f39e
[xUnit.net 00:29:56.99]       PUT /api/lists/tenancy.branches/shared-views/{id:guid} → 409 {"type":"urn:erp:problem:concurrency","title":"Someone else changed this record after you opened it. Reload it and try again.","status":409,"code":"concurrency","traceId":"00-2fd0e5a8055de3484d32ac3d6
[xUnit.net 00:29:56.99]       PUT /api/lists/tenancy.branches/shared-views/{id:guid} → 409 {"type":"urn:erp:problem:concurrency","title":"Someone else changed this record after you opened it. Reload it and try again.","status":409,"code":"concurrency","traceId":"00-165d38040a0376ffc665808f9
[xUnit.net 00:29:56.99]       PUT /api/lists/tenancy.branches/shared-views/{id:guid} → 409 {"type":"urn:erp:problem:concurrency","title":"Someone else changed this record after you opened it. Reload it and try again.","status":409,"code":"concurrency","traceId":"00-2fa0cf459fa97077edd8a40db
[xUnit.net 00:29:56.99]       PUT /api/lists/tenancy.branches/shared-views/{id:guid} → 409 {"type":"urn:erp:problem:concurrency","title":"Someone else changed this record after you opened it. Reload it and try again.","status":409,"code":"concurrency","traceId":"00-ceb5c9a5cee0f8851e7eb9da1
[xUnit.net 00:29:56.99]       PUT /api/lists/tenancy.branches/shared-views/{id:guid} → 409 {"type":"urn:erp:problem:concurrency","title":"Someone else changed this record after you opened it. Reload it and try again.","status":409,"code":"concurrency","traceId":"00-cf415fb42992501d3031c8362
[xUnit.net 00:29:56.99]       PUT /api/lists/tenancy.branches/shared-views/{id:guid} → 409 {"type":"urn:erp:problem:concurrency","title":"Someone else changed this record after you opened it. Reload it and try again.","status":409,"code":"concurrency","traceId":"00-ea7820669c2c43841136ceae7
[xUnit.net 00:29:56.99]       PUT /api/lists/tenancy.branches/shared-views/{id:guid} → 409 {"type":"urn:erp:problem:concurrency","title":"Someone else changed this record after you opened it. Reload it and try again.","status":409,"code":"concurrency","traceId":"00-a20c118bd7cdd04b34abbee3d
[xUnit.net 00:29:56.99]       PUT /api/lists/tenancy.branches/shared-views/{id:guid} → 409 {"type":"urn:erp:problem:concurrency","title":"Someone else changed this record after you opened it. Reload it and try again.","status":409,"code":"concurrency","traceId":"00-b48f790bc79bafc167b4da72b
[xUnit.net 00:29:56.99]       PUT /api/lists/tenancy.branches/shared-views/{id:guid} → 409 {"type":"urn:erp:problem:concurrency","title":"Someone else changed this record after you opened it. Reload it and try again.","status":409,"code":"concurrency","traceId":"00-03228627653239112ced53a5f
[xUnit.net 00:29:56.99]       PUT /api/lists/tenancy.branches/shared-views/{id:guid} → 409 {"type":"urn:erp:problem:concurrency","title":"Someone else changed this record after you opened it. Reload it and try again.","status":409,"code":"concurrency","traceId":"00-304354136549d756a14de0551
[xUnit.net 00:29:56.99]       PUT /api/lists/tenancy.branches/shared-views/{id:guid} → 409 {"type":"urn:erp:problem:concurrency","title":"Someone else changed this record after you opened it. Reload it and try again.","status":409,"code":"concurrency","traceId":"00-a582dd1e0a8d9f00f760bf414
[xUnit.net 00:29:56.99]       PUT /api/lists/tenancy.branches/shared-views/{id:guid} → 409 {"type":"urn:erp:problem:concurrency","title":"Someone else changed this record after you opened it. Reload it and try again.","status":409,"code":"concurrency","traceId":"00-ccab546df9a8accbf2a067496
[xUnit.net 00:29:56.99]       PUT /api/lists/tenancy.branches/shared-views/{id:guid} → 409 {"type":"urn:erp:problem:concurrency","title":"Someone else changed this record after you opened it. Reload it and try again.","status":409,"code":"concurrency","traceId":"00-11bb1c93b1f35c15db049b76e
[xUnit.net 00:29:56.99]       PUT /api/lists/tenancy.branches/views/{id:guid} → 409 {"type":"urn:erp:problem:concurrency","title":"Someone else changed this record after you opened it. Reload it and try again.","status":409,"code":"concurrency","traceId":"00-6219aadb9b5847292a893314b
[xUnit.net 00:29:56.99]       PUT /api/lists/tenancy.branches/views/{id:guid} → 409 {"type":"urn:erp:problem:concurrency","title":"Someone else changed this record after you opened it. Reload it and try again.","status":409,"code":"concurrency","traceId":"00-af7925bf9654c975c7e72e488
[xUnit.net 00:29:56.99]       PUT /api/lists/tenancy.branches/views/{id:guid} → 409 {"type":"urn:erp:problem:concurrency","title":"Someone else changed this record after you opened it. Reload it and try again.","status":409,"code":"concurrency","traceId":"00-529480011683e11053f1ee077
[xUnit.net 00:29:56.99]       PUT /api/lists/tenancy.branches/views/{id:guid} → 409 {"type":"urn:erp:problem:concurrency","title":"Someone else changed this record after you opened it. Reload it and try again.","status":409,"code":"concurrency","traceId":"00-8209c5d48ff92d545ed9e0632
[xUnit.net 00:29:56.99]       PUT /api/lists/tenancy.branches/views/{id:guid} → 409 {"type":"urn:erp:problem:concurrency","title":"Someone else changed this record after you opened it. Reload it and try again.","status":409,"code":"concurrency","traceId":"00-7ae2aaa04f687a7e4b2096ad8
[xUnit.net 00:29:56.99]       PUT /api/lists/tenancy.branches/views/{id:guid} → 409 {"type":"urn:erp:problem:concurrency","title":"Someone else changed this record after you opened it. Reload it and try again.","status":409,"code":"concurrency","traceId":"00-63bbbd028d6528d6bdced7efa
[xUnit.net 00:29:56.99]       PUT /api/lists/tenancy.branches/views/{id:guid} → 409 {"type":"urn:erp:problem:concurrency","title":"Someone else changed this record after you opened it. Reload it and try again.","status":409,"code":"concurrency","traceId":"00-9e3ea804f750497dde6f5c3ba
[xUnit.net 00:29:56.99]       PUT /api/lists/tenancy.branches/views/{id:guid} → 409 {"type":"urn:erp:problem:concurrency","title":"Someone else changed this record after you opened it. Reload it and try again.","status":409,"code":"concurrency","traceId":"00-b8e066582da490bdb8cc38571
[xUnit.net 00:29:56.99]       PUT /api/lists/tenancy.branches/views/{id:guid} → 409 {"type":"urn:erp:problem:concurrency","title":"Someone else changed this record after you opened it. Reload it and try again.","status":409,"code":"concurrency","traceId":"00-75c77a287630b652d85289d91
[xUnit.net 00:29:56.99]       PUT /api/lists/tenancy.branches/views/{id:guid} → 409 {"type":"urn:erp:problem:concurrency","title":"Someone else changed this record after you opened it. Reload it and try again.","status":409,"code":"concurrency","traceId":"00-7f9af133d6826de7e6bb0b5b1
[xUnit.net 00:29:56.99]       PUT /api/lists/tenancy.branches/views/{id:guid} → 409 {"type":"urn:erp:problem:concurrency","title":"Someone else changed this record after you opened it. Reload it and try again.","status":409,"code":"concurrency","traceId":"00-1673b05694636f1daa75e1f14
[xUnit.net 00:29:56.99]       PUT /api/lists/tenancy.branches/views/{id:guid} → 409 {"type":"urn:erp:problem:concurrency","title":"Someone else changed this record after you opened it. Reload it and try again.","status":409,"code":"concurrency","traceId":"00-36b7399456ae2f24afb062324
[xUnit.net 00:29:56.99]       PUT /api/lists/tenancy.branches/views/{id:guid} → 409 {"type":"urn:erp:problem:concurrency","title":"Someone else changed this record after you opened it. Reload it and try again.","status":409,"code":"concurrency","traceId":"00-ace4ae719aedda32595f98eff
[xUnit.net 00:29:56.99]       PUT /api/lists/tenancy.branches/views/{id:guid} → 409 {"type":"urn:erp:problem:concurrency","title":"Someone else changed this record after you opened it. Reload it and try again.","status":409,"code":"concurrency","traceId":"00-ab8961092d0c844d21acafed0
[xUnit.net 00:29:56.99]       PUT /api/lists/tenancy.branches/views/{id:guid} → 409 {"type":"urn:erp:problem:concurrency","title":"Someone else changed this record after you opened it. Reload it and try again.","status":409,"code":"concurrency","traceId":"00-1428606e444fc2504cc6aa778
[xUnit.net 00:29:56.99]       PUT /api/lists/tenancy.branches/views/{id:guid} → 409 {"type":"urn:erp:problem:concurrency","title":"Someone else changed this record after you opened it. Reload it and try again.","status":409,"code":"concurrency","traceId":"00-927587e1ec26b6db911435798
[xUnit.net 00:29:56.99]       PUT /api/lists/tenancy.branches/views/{id:guid} → 409 {"type":"urn:erp:problem:concurrency","title":"Someone else changed this record after you opened it. Reload it and try again.","status":409,"code":"concurrency","traceId":"00-3b716044d27836b867012d41e
[xUnit.net 00:29:56.99]       PUT /api/lists/tenancy.branches/views/{id:guid} → 409 {"type":"urn:erp:problem:concurrency","title":"Someone else changed this record after you opened it. Reload it and try again.","status":409,"code":"concurrency","traceId":"00-94bb50f580bfc184858f8d2f1
[xUnit.net 00:29:56.99]       PUT /api/lists/tenancy.branches/views/{id:guid} → 409 {"type":"urn:erp:problem:concurrency","title":"Someone else changed this record after you opened it. Reload it and try again.","status":409,"code":"concurrency","traceId":"00-c66ac544bbbc8b3d4c8c98aef
[xUnit.net 00:29:56.99]       PUT /api/lists/tenancy.branches/views/{id:guid} → 409 {"type":"urn:erp:problem:concurrency","title":"Someone else changed this record after you opened it. Reload it and try again.","status":409,"code":"concurrency","traceId":"00-6316614b9f02ce890c64d89fc
[xUnit.net 00:29:56.99]       PUT /api/lists/tenancy.branches/views/{id:guid} → 409 {"type":"urn:erp:problem:concurrency","title":"Someone else changed this record after you opened it. Reload it and try again.","status":409,"code":"concurrency","traceId":"00-b91479e573266006109a9dec8
[xUnit.net 00:29:56.99]       PUT /api/lists/tenancy.branches/views/{id:guid} → 409 {"type":"urn:erp:problem:concurrency","title":"Someone else changed this record after you opened it. Reload it and try again.","status":409,"code":"concurrency","traceId":"00-022f6490a5c353135818c99d0
[xUnit.net 00:29:56.99]       PUT /api/lists/tenancy.branches/views/{id:guid} → 409 {"type":"urn:erp:problem:concurrency","title":"Someone else changed this record after you opened it. Reload it and try again.","status":409,"code":"concurrency","traceId":"00-421177833d98afd95d87df703
[xUnit.net 00:29:56.99]       PUT /api/lists/tenancy.branches/views/{id:guid} → 409 {"type":"urn:erp:problem:concurrency","title":"Someone else changed this record after you opened it. Reload it and try again.","status":409,"code":"concurrency","traceId":"00-53ce54b6d41e3a32c4778c1b1
[xUnit.net 00:29:56.99]       PUT /api/lists/tenancy.branches/views/{id:guid} → 409 {"type":"urn:erp:problem:concurrency","title":"Someone else changed this record after you opened it. Reload it and try again.","status":409,"code":"concurrency","traceId":"00-5f7d7d8bf85351bc3ef4a3e4e
[xUnit.net 00:29:56.99]       PUT /api/lists/tenancy.branches/views/{id:guid} → 409 {"type":"urn:erp:problem:concurrency","title":"Someone else changed this record after you opened it. Reload it and try again.","status":409,"code":"concurrency","traceId":"00-ee0dcc6dc78d150729f8cd088
[xUnit.net 00:29:56.99]       PUT /api/lists/tenancy.branches/views/{id:guid} → 409 {"type":"urn:erp:problem:concurrency","title":"Someone else changed this record after you opened it. Reload it and try again.","status":409,"code":"concurrency","traceId":"00-e9b456e40a37bc096671f8c12
[xUnit.net 00:29:56.99]       PUT /api/lists/tenancy.branches/views/{id:guid} → 409 {"type":"urn:erp:problem:concurrency","title":"Someone else changed this record after you opened it. Reload it and try again.","status":409,"code":"concurrency","traceId":"00-c81d51436c3594d095f0fd416
[xUnit.net 00:29:56.99]       PUT /api/lists/tenancy.branches/views/{id:guid} → 409 {"type":"urn:erp:problem:concurrency","title":"Someone else changed this record after you opened it. Reload it and try again.","status":409,"code":"concurrency","traceId":"00-c7daecde1add60e9e4689e38b
[xUnit.net 00:29:56.99]       PUT /api/lists/tenancy.branches/views/{id:guid} → 409 {"type":"urn:erp:problem:concurrency","title":"Someone else changed this record after you opened it. Reload it and try again.","status":409,"code":"concurrency","traceId":"00-4b2da1aaf2c7986c965a0b5db
[xUnit.net 00:29:56.99]       PUT /api/lists/tenancy.branches/views/{id:guid} → 409 {"type":"urn:erp:problem:concurrency","title":"Someone else changed this record after you opened it. Reload it and try again.","status":409,"code":"concurrency","traceId":"00-62d607a39f71123b69765ab5a
[xUnit.net 00:29:56.99]       PUT /api/lists/tenancy.branches/views/{id:guid} → 409 {"type":"urn:erp:problem:concurrency","title":"Someone else changed this record after you opened it. Reload it and try again.","status":409,"code":"concurrency","traceId":"00-656ab722f868ea98f81296f24
[xUnit.net 00:29:56.99]       PUT /api/lists/tenancy.branches/views/{id:guid} → 409 {"type":"urn:erp:problem:concurrency","title":"Someone else changed this record after you opened it. Reload it and try again.","status":409,"code":"concurrency","traceId":"00-8e3c1485cfd0a7ad3bd8453f2
[xUnit.net 00:29:56.99]       PUT /api/lists/tenancy.branches/views/{id:guid} → 409 {"type":"urn:erp:problem:concurrency","title":"Someone else changed this record after you opened it. Reload it and try again.","status":409,"code":"concurrency","traceId":"00-718f0a6e79d3f999844f33d96
[xUnit.net 00:29:56.99]       PUT /api/lists/tenancy.branches/views/{id:guid} → 409 {"type":"urn:erp:problem:concurrency","title":"Someone else changed this record after you opened it. Reload it and try again.","status":409,"code":"concurrency","traceId":"00-5ff022664767952bd1409b0fb
[xUnit.net 00:29:56.99]       PUT /api/lists/tenancy.branches/views/{id:guid} → 409 {"type":"urn:erp:problem:concurrency","title":"Someone else changed this record after you opened it. Reload it and try again.","status":409,"code":"concurrency","traceId":"00-a09c268dfb4f6d6a1b62cc760
[xUnit.net 00:29:56.99]       PUT /api/lists/tenancy.branches/views/{id:guid} → 409 {"type":"urn:erp:problem:concurrency","title":"Someone else changed this record after you opened it. Reload it and try again.","status":409,"code":"concurrency","traceId":"00-b0bf296372b67b99134ef0bae
[xUnit.net 00:29:56.99]       PUT /api/lists/tenancy.branches/views/{id:guid} → 409 {"type":"urn:erp:problem:concurrency","title":"Someone else changed this record after you opened it. Reload it and try again.","status":409,"code":"concurrency","traceId":"00-98485b61c580806723b6edb93
[xUnit.net 00:29:56.99]       PUT /api/lists/tenancy.companies/shared-views/{id:guid} → 409 {"type":"urn:erp:problem:concurrency","title":"Someone else changed this record after you opened it. Reload it and try again.","status":409,"code":"concurrency","traceId":"00-7cd372794fb19a33eebcb838d
[xUnit.net 00:29:56.99]       PUT /api/lists/tenancy.companies/shared-views/{id:guid} → 409 {"type":"urn:erp:problem:concurrency","title":"Someone else changed this record after you opened it. Reload it and try again.","status":409,"code":"concurrency","traceId":"00-b0fb023739ff5038e42f78b6a
[xUnit.net 00:29:56.99]       PUT /api/lists/tenancy.companies/shared-views/{id:guid} → 409 {"type":"urn:erp:problem:concurrency","title":"Someone else changed this record after you opened it. Reload it and try again.","status":409,"code":"concurrency","traceId":"00-3728dd3ffc3ec3a75545cac6e
[xUnit.net 00:29:56.99]       PUT /api/lists/tenancy.companies/shared-views/{id:guid} → 409 {"type":"urn:erp:problem:concurrency","title":"Someone else changed this record after you opened it. Reload it and try again.","status":409,"code":"concurrency","traceId":"00-586e02065a3500af4eef3a686
[xUnit.net 00:29:56.99]       PUT /api/lists/tenancy.companies/shared-views/{id:guid} → 409 {"type":"urn:erp:problem:concurrency","title":"Someone else changed this record after you opened it. Reload it and try again.","status":409,"code":"concurrency","traceId":"00-27215fae8c2ed3d58ae4a16d4
[xUnit.net 00:29:56.99]       PUT /api/lists/tenancy.companies/shared-views/{id:guid} → 409 {"type":"urn:erp:problem:concurrency","title":"Someone else changed this record after you opened it. Reload it and try again.","status":409,"code":"concurrency","traceId":"00-058909b4d7518066b44ddebe9
[xUnit.net 00:29:56.99]       PUT /api/lists/tenancy.companies/shared-views/{id:guid} → 409 {"type":"urn:erp:problem:concurrency","title":"Someone else changed this record after you opened it. Reload it and try again.","status":409,"code":"concurrency","traceId":"00-4430cae8f0565942f8638126d
[xUnit.net 00:29:56.99]       PUT /api/lists/tenancy.companies/shared-views/{id:guid} → 409 {"type":"urn:erp:problem:concurrency","title":"Someone else changed this record after you opened it. Reload it and try again.","status":409,"code":"concurrency","traceId":"00-58352408746ffabe137affb4e
[xUnit.net 00:29:56.99]       PUT /api/lists/tenancy.companies/shared-views/{id:guid} → 409 {"type":"urn:erp:problem:concurrency","title":"Someone else changed this record after you opened it. Reload it and try again.","status":409,"code":"concurrency","traceId":"00-4bbce38e043b59a63cc4ba119
[xUnit.net 00:29:56.99]       PUT /api/lists/tenancy.companies/shared-views/{id:guid} → 409 {"type":"urn:erp:problem:concurrency","title":"Someone else changed this record after you opened it. Reload it and try again.","status":409,"code":"concurrency","traceId":"00-b7d1f7cf890ee81b78489ae7c
[xUnit.net 00:29:56.99]       PUT /api/lists/tenancy.companies/shared-views/{id:guid} → 409 {"type":"urn:erp:problem:concurrency","title":"Someone else changed this record after you opened it. Reload it and try again.","status":409,"code":"concurrency","traceId":"00-a78bf7f377ce719d92384a670
[xUnit.net 00:29:56.99]       PUT /api/lists/tenancy.companies/shared-views/{id:guid} → 409 {"type":"urn:erp:problem:concurrency","title":"Someone else changed this record after you opened it. Reload it and try again.","status":409,"code":"concurrency","traceId":"00-9b3f506d828316329d885b063
[xUnit.net 00:29:56.99]       PUT /api/lists/tenancy.companies/shared-views/{id:guid} → 409 {"type":"urn:erp:problem:concurrency","title":"Someone else changed this record after you opened it. Reload it and try again.","status":409,"code":"concurrency","traceId":"00-ead5b552aa156f7c029d30e0c
[xUnit.net 00:29:56.99]       PUT /api/lists/tenancy.companies/shared-views/{id:guid} → 409 {"type":"urn:erp:problem:concurrency","title":"Someone else changed this record after you opened it. Reload it and try again.","status":409,"code":"concurrency","traceId":"00-bd29b78fe120fa089a7bb549c
[xUnit.net 00:29:56.99]       PUT /api/lists/tenancy.companies/shared-views/{id:guid} → 409 {"type":"urn:erp:problem:concurrency","title":"Someone else changed this record after you opened it. Reload it and try again.","status":409,"code":"concurrency","traceId":"00-c73cb21dacfda78b27c68891c
[xUnit.net 00:29:56.99]       PUT /api/lists/tenancy.companies/shared-views/{id:guid} → 409 {"type":"urn:erp:problem:concurrency","title":"Someone else changed this record after you opened it. Reload it and try again.","status":409,"code":"concurrency","traceId":"00-4bd286801a11de64dd36652ce
[xUnit.net 00:29:56.99]       PUT /api/lists/tenancy.companies/shared-views/{id:guid} → 409 {"type":"urn:erp:problem:concurrency","title":"Someone else changed this record after you opened it. Reload it and try again.","status":409,"code":"concurrency","traceId":"00-7e01eeff1d7927fc43cc5e51c
[xUnit.net 00:29:56.99]       PUT /api/lists/tenancy.companies/shared-views/{id:guid} → 409 {"type":"urn:erp:problem:concurrency","title":"Someone else changed this record after you opened it. Reload it and try again.","status":409,"code":"concurrency","traceId":"00-5d45c5432135543c4454ddd6b
[xUnit.net 00:29:56.99]       PUT /api/lists/tenancy.companies/shared-views/{id:guid} → 409 {"type":"urn:erp:problem:concurrency","title":"Someone else changed this record after you opened it. Reload it and try again.","status":409,"code":"concurrency","traceId":"00-0d5cf02604287d113eea7a77d
[xUnit.net 00:29:56.99]       PUT /api/lists/tenancy.companies/shared-views/{id:guid} → 409 {"type":"urn:erp:problem:concurrency","title":"Someone else changed this record after you opened it. Reload it and try again.","status":409,"code":"concurrency","traceId":"00-fb7cd5ae2db9128c903175afc
[xUnit.net 00:29:56.99]       PUT /api/lists/tenancy.companies/shared-views/{id:guid} → 409 {"type":"urn:erp:problem:concurrency","title":"Someone else changed this record after you opened it. Reload it and try again.","status":409,"code":"concurrency","traceId":"00-c3aff585e8811a0e77b818786
[xUnit.net 00:29:56.99]       PUT /api/lists/tenancy.companies/shared-views/{id:guid} → 409 {"type":"urn:erp:problem:concurrency","title":"Someone else changed this record after you opened it. Reload it and try again.","status":409,"code":"concurrency","traceId":"00-4f15d26c66d8c170fa80772bb
[xUnit.net 00:29:56.99]       PUT /api/lists/tenancy.companies/shared-views/{id:guid} → 409 {"type":"urn:erp:problem:concurrency","title":"Someone else changed this record after you opened it. Reload it and try again.","status":409,"code":"concurrency","traceId":"00-8ce1d8c4baf47cce0f688e095
[xUnit.net 00:29:56.99]       PUT /api/lists/tenancy.companies/shared-views/{id:guid} → 409 {"type":"urn:erp:problem:concurrency","title":"Someone else changed this record after you opened it. Reload it and try again.","status":409,"code":"concurrency","traceId":"00-6e6315f482f825b0ead5b767d
[xUnit.net 00:29:56.99]       PUT /api/lists/tenancy.companies/shared-views/{id:guid} → 409 {"type":"urn:erp:problem:concurrency","title":"Someone else changed this record after you opened it. Reload it and try again.","status":409,"code":"concurrency","traceId":"00-8dee7864097d3cba1ee254ed4
[xUnit.net 00:29:56.99]       PUT /api/lists/tenancy.companies/shared-views/{id:guid} → 409 {"type":"urn:erp:problem:concurrency","title":"Someone else changed this record after you opened it. Reload it and try again.","status":409,"code":"concurrency","traceId":"00-ba5af7cc80df46502413438f1
[xUnit.net 00:29:56.99]       PUT /api/lists/tenancy.companies/shared-views/{id:guid} → 409 {"type":"urn:erp:problem:concurrency","title":"Someone else changed this record after you opened it. Reload it and try again.","status":409,"code":"concurrency","traceId":"00-0d01a7e05f619f78e30b4cc7b
[xUnit.net 00:29:56.99]       PUT /api/lists/tenancy.companies/shared-views/{id:guid} → 409 {"type":"urn:erp:problem:concurrency","title":"Someone else changed this record after you opened it. Reload it and try again.","status":409,"code":"concurrency","traceId":"00-add938eff8f0f8d6056d084ff
[xUnit.net 00:29:56.99]       PUT /api/lists/tenancy.companies/shared-views/{id:guid} → 409 {"type":"urn:erp:problem:concurrency","title":"Someone else changed this record after you opened it. Reload it and try again.","status":409,"code":"concurrency","traceId":"00-815c306b8fbeefc3b5f0f00f4
[xUnit.net 00:29:56.99]       PUT /api/lists/tenancy.companies/shared-views/{id:guid} → 409 {"type":"urn:erp:problem:concurrency","title":"Someone else changed this record after you opened it. Reload it and try again.","status":409,"code":"concurrency","traceId":"00-8dacd66162720b4d2ca6a1997
[xUnit.net 00:29:56.99]       PUT /api/lists/tenancy.companies/shared-views/{id:guid} → 409 {"type":"urn:erp:problem:concurrency","title":"Someone else changed this record after you opened it. Reload it and try again.","status":409,"code":"concurrency","traceId":"00-06b5885a715823e223a8eb23a
[xUnit.net 00:29:56.99]       PUT /api/lists/tenancy.companies/shared-views/{id:guid} → 409 {"type":"urn:erp:problem:concurrency","title":"Someone else changed this record after you opened it. Reload it and try again.","status":409,"code":"concurrency","traceId":"00-ea0c49098bc6113a2f1b9dc91
[xUnit.net 00:29:56.99]       PUT /api/lists/tenancy.companies/shared-views/{id:guid} → 409 {"type":"urn:erp:problem:concurrency","title":"Someone else changed this record after you opened it. Reload it and try again.","status":409,"code":"concurrency","traceId":"00-caf4dc0c8f28bb6dba72b5212
[xUnit.net 00:29:56.99]       PUT /api/lists/tenancy.companies/shared-views/{id:guid} → 409 {"type":"urn:erp:problem:concurrency","title":"Someone else changed this record after you opened it. Reload it and try again.","status":409,"code":"concurrency","traceId":"00-33006280669dbd2e2bef12990
[xUnit.net 00:29:56.99]       PUT /api/lists/tenancy.companies/shared-views/{id:guid} → 409 {"type":"urn:erp:problem:concurrency","title":"Someone else changed this record after you opened it. Reload it and try again.","status":409,"code":"concurrency","traceId":"00-f329f16d8b74e4c781fe82d89
[xUnit.net 00:29:56.99]       PUT /api/lists/tenancy.companies/shared-views/{id:guid} → 409 {"type":"urn:erp:problem:concurrency","title":"Someone else changed this record after you opened it. Reload it and try again.","status":409,"code":"concurrency","traceId":"00-26fc5ccfce33cbc1d7daa7718
[xUnit.net 00:29:56.99]       PUT /api/lists/tenancy.companies/shared-views/{id:guid} → 409 {"type":"urn:erp:problem:concurrency","title":"Someone else changed this record after you opened it. Reload it and try again.","status":409,"code":"concurrency","traceId":"00-167aeb6219b2995a31c276177
[xUnit.net 00:29:56.99]       PUT /api/lists/tenancy.companies/shared-views/{id:guid} → 409 {"type":"urn:erp:problem:concurrency","title":"Someone else changed this record after you opened it. Reload it and try again.","status":409,"code":"concurrency","traceId":"00-69e01a58bb9594d8940271465
[xUnit.net 00:29:56.99]       PUT /api/lists/tenancy.companies/shared-views/{id:guid} → 409 {"type":"urn:erp:problem:concurrency","title":"Someone else changed this record after you opened it. Reload it and try again.","status":409,"code":"concurrency","traceId":"00-fcabc8028a9faa0655c0f6493
[xUnit.net 00:29:56.99]       PUT /api/lists/tenancy.companies/shared-views/{id:guid} → 409 {"type":"urn:erp:problem:concurrency","title":"Someone else changed this record after you opened it. Reload it and try again.","status":409,"code":"concurrency","traceId":"00-ed28fc30a8593fb46d866546c
[xUnit.net 00:29:56.99]       PUT /api/lists/tenancy.companies/shared-views/{id:guid} → 409 {"type":"urn:erp:problem:concurrency","title":"Someone else changed this record after you opened it. Reload it and try again.","status":409,"code":"concurrency","traceId":"00-c8e00d418f91cfd66a257d8fe
[xUnit.net 00:29:56.99]       PUT /api/lists/tenancy.companies/shared-views/{id:guid} → 409 {"type":"urn:erp:problem:concurrency","title":"Someone else changed this record after you opened it. Reload it and try again.","status":409,"code":"concurrency","traceId":"00-094a25bfd0abfbcdb060e5e0f
[xUnit.net 00:29:56.99]       PUT /api/lists/tenancy.companies/views/{id:guid} → 409 {"type":"urn:erp:problem:concurrency","title":"Someone else changed this record after you opened it. Reload it and try again.","status":409,"code":"concurrency","traceId":"00-07ded3fcc10187f9fc05c7ccc
[xUnit.net 00:29:56.99]       PUT /api/lists/tenancy.companies/views/{id:guid} → 409 {"type":"urn:erp:problem:concurrency","title":"Someone else changed this record after you opened it. Reload it and try again.","status":409,"code":"concurrency","traceId":"00-57f593c059f9fcd8eb3d2da02
[xUnit.net 00:29:56.99]       PUT /api/lists/tenancy.companies/views/{id:guid} → 409 {"type":"urn:erp:problem:concurrency","title":"Someone else changed this record after you opened it. Reload it and try again.","status":409,"code":"concurrency","traceId":"00-ff5ad91f87a45edb1e7b56a8f
[xUnit.net 00:29:56.99]       PUT /api/lists/tenancy.companies/views/{id:guid} → 409 {"type":"urn:erp:problem:concurrency","title":"Someone else changed this record after you opened it. Reload it and try again.","status":409,"code":"concurrency","traceId":"00-c4acbbd97bb034bb3ea7ed17b
[xUnit.net 00:29:56.99]       PUT /api/lists/tenancy.companies/views/{id:guid} → 409 {"type":"urn:erp:problem:concurrency","title":"Someone else changed this record after you opened it. Reload it and try again.","status":409,"code":"concurrency","traceId":"00-b6d052180755212c6c5dc844c
[xUnit.net 00:29:56.99]       PUT /api/lists/tenancy.companies/views/{id:guid} → 409 {"type":"urn:erp:problem:concurrency","title":"Someone else changed this record after you opened it. Reload it and try again.","status":409,"code":"concurrency","traceId":"00-eefb754731b1dd035d4abe29c
[xUnit.net 00:29:56.99]       PUT /api/lists/tenancy.companies/views/{id:guid} → 409 {"type":"urn:erp:problem:concurrency","title":"Someone else changed this record after you opened it. Reload it and try again.","status":409,"code":"concurrency","traceId":"00-1273667f64effc345249cd7b8
[xUnit.net 00:29:56.99]       PUT /api/lists/tenancy.companies/views/{id:guid} → 409 {"type":"urn:erp:problem:concurrency","title":"Someone else changed this record after you opened it. Reload it and try again.","status":409,"code":"concurrency","traceId":"00-ff67c9ff6e962ceadc5e39191
[xUnit.net 00:29:56.99]       PUT /api/lists/tenancy.companies/views/{id:guid} → 409 {"type":"urn:erp:problem:concurrency","title":"Someone else changed this record after you opened it. Reload it and try again.","status":409,"code":"concurrency","traceId":"00-632cbd75e3f69b2b439218bd8
[xUnit.net 00:29:56.99]       PUT /api/lists/tenancy.companies/views/{id:guid} → 409 {"type":"urn:erp:problem:concurrency","title":"Someone else changed this record after you opened it. Reload it and try again.","status":409,"code":"concurrency","traceId":"00-37cdf4d159857c9c087c2b629
[xUnit.net 00:29:56.99]       PUT /api/lists/tenancy.companies/views/{id:guid} → 409 {"type":"urn:erp:problem:concurrency","title":"Someone else changed this record after you opened it. Reload it and try again.","status":409,"code":"concurrency","traceId":"00-fc43ad8081b5b5e35b9d56107
[xUnit.net 00:29:56.99]       PUT /api/lists/tenancy.companies/views/{id:guid} → 409 {"type":"urn:erp:problem:concurrency","title":"Someone else changed this record after you opened it. Reload it and try again.","status":409,"code":"concurrency","traceId":"00-d5801a6ab0a586ecd64ff20f6
[xUnit.net 00:29:56.99]       PUT /api/lists/tenancy.companies/views/{id:guid} → 409 {"type":"urn:erp:problem:concurrency","title":"Someone else changed this record after you opened it. Reload it and try again.","status":409,"code":"concurrency","traceId":"00-b4ee6176394a7fa1964c6cea7
[xUnit.net 00:29:56.99]       PUT /api/lists/tenancy.companies/views/{id:guid} → 409 {"type":"urn:erp:problem:concurrency","title":"Someone else changed this record after you opened it. Reload it and try again.","status":409,"code":"concurrency","traceId":"00-3af44ccf915ffe9914dff445e
[xUnit.net 00:29:56.99]       PUT /api/lists/tenancy.companies/views/{id:guid} → 409 {"type":"urn:erp:problem:concurrency","title":"Someone else changed this record after you opened it. Reload it and try again.","status":409,"code":"concurrency","traceId":"00-b97ef05a4d0db7d654f44d2f4
[xUnit.net 00:29:56.99]       PUT /api/lists/tenancy.companies/views/{id:guid} → 409 {"type":"urn:erp:problem:concurrency","title":"Someone else changed this record after you opened it. Reload it and try again.","status":409,"code":"concurrency","traceId":"00-07cecd8b5ffb71af3874689b3
[xUnit.net 00:29:56.99]       PUT /api/lists/tenancy.companies/views/{id:guid} → 409 {"type":"urn:erp:problem:concurrency","title":"Someone else changed this record after you opened it. Reload it and try again.","status":409,"code":"concurrency","traceId":"00-b5b136f5f21b267ba4ca4860e
[xUnit.net 00:29:56.99]       PUT /api/lists/tenancy.companies/views/{id:guid} → 409 {"type":"urn:erp:problem:concurrency","title":"Someone else changed this record after you opened it. Reload it and try again.","status":409,"code":"concurrency","traceId":"00-b55ae077cb242f9bde9d5ca39
[xUnit.net 00:29:56.99]       PUT /api/lists/tenancy.companies/views/{id:guid} → 409 {"type":"urn:erp:problem:concurrency","title":"Someone else changed this record after you opened it. Reload it and try again.","status":409,"code":"concurrency","traceId":"00-7aaa24cb9162b6ab0086c6f27
[xUnit.net 00:29:56.99]       PUT /api/lists/tenancy.companies/views/{id:guid} → 409 {"type":"urn:erp:problem:concurrency","title":"Someone else changed this record after you opened it. Reload it and try again.","status":409,"code":"concurrency","traceId":"00-1011e596a7f2be336003e5108
[xUnit.net 00:29:56.99]       PUT /api/lists/tenancy.companies/views/{id:guid} → 409 {"type":"urn:erp:problem:concurrency","title":"Someone else changed this record after you opened it. Reload it and try again.","status":409,"code":"concurrency","traceId":"00-d3b809eeabd8737ee3f340e9f
[xUnit.net 00:29:56.99]       PUT /api/lists/tenancy.companies/views/{id:guid} → 409 {"type":"urn:erp:problem:concurrency","title":"Someone else changed this record after you opened it. Reload it and try again.","status":409,"code":"concurrency","traceId":"00-cd0fa08d6723b9c2f7c54bf29
[xUnit.net 00:29:56.99]       PUT /api/lists/tenancy.companies/views/{id:guid} → 409 {"type":"urn:erp:problem:concurrency","title":"Someone else changed this record after you opened it. Reload it and try again.","status":409,"code":"concurrency","traceId":"00-db94c633c9516677006be14f3
[xUnit.net 00:29:56.99]       PUT /api/lists/tenancy.companies/views/{id:guid} → 409 {"type":"urn:erp:problem:concurrency","title":"Someone else changed this record after you opened it. Reload it and try again.","status":409,"code":"concurrency","traceId":"00-39c5b5c4ed3750e02dc3d2507
[xUnit.net 00:29:56.99]       PUT /api/lists/tenancy.companies/views/{id:guid} → 409 {"type":"urn:erp:problem:concurrency","title":"Someone else changed this record after you opened it. Reload it and try again.","status":409,"code":"concurrency","traceId":"00-7d50c80588f46afa49663a202
[xUnit.net 00:29:56.99]       PUT /api/lists/tenancy.companies/views/{id:guid} → 409 {"type":"urn:erp:problem:concurrency","title":"Someone else changed this record after you opened it. Reload it and try again.","status":409,"code":"concurrency","traceId":"00-6ce46335cf9f90fc79c364002
[xUnit.net 00:29:56.99]       PUT /api/lists/tenancy.companies/views/{id:guid} → 409 {"type":"urn:erp:problem:concurrency","title":"Someone else changed this record after you opened it. Reload it and try again.","status":409,"code":"concurrency","traceId":"00-aca484f069d1cef7a2b662af6
[xUnit.net 00:29:56.99]       PUT /api/lists/tenancy.companies/views/{id:guid} → 409 {"type":"urn:erp:problem:concurrency","title":"Someone else changed this record after you opened it. Reload it and try again.","status":409,"code":"concurrency","traceId":"00-479ddebfcbbf54fab40b5157a
[xUnit.net 00:29:56.99]       PUT /api/lists/tenancy.companies/views/{id:guid} → 409 {"type":"urn:erp:problem:concurrency","title":"Someone else changed this record after you opened it. Reload it and try again.","status":409,"code":"concurrency","traceId":"00-ca07607b0f5378bace0be5f35
[xUnit.net 00:29:56.99]       PUT /api/lists/tenancy.companies/views/{id:guid} → 409 {"type":"urn:erp:problem:concurrency","title":"Someone else changed this record after you opened it. Reload it and try again.","status":409,"code":"concurrency","traceId":"00-101d5e0b103a5719c1fb95699
[xUnit.net 00:29:56.99]       PUT /api/lists/tenancy.companies/views/{id:guid} → 409 {"type":"urn:erp:problem:concurrency","title":"Someone else changed this record after you opened it. Reload it and try again.","status":409,"code":"concurrency","traceId":"00-a76f76b33c3f56748d88c13d2
[xUnit.net 00:29:56.99]       PUT /api/lists/tenancy.companies/views/{id:guid} → 409 {"type":"urn:erp:problem:concurrency","title":"Someone else changed this record after you opened it. Reload it and try again.","status":409,"code":"concurrency","traceId":"00-cfb15f5c11d8ad9e3d10ee55d
[xUnit.net 00:29:56.99]       PUT /api/lists/tenancy.companies/views/{id:guid} → 409 {"type":"urn:erp:problem:concurrency","title":"Someone else changed this record after you opened it. Reload it and try again.","status":409,"code":"concurrency","traceId":"00-06a5a615dc489423326e91134
[xUnit.net 00:29:56.99]       PUT /api/lists/tenancy.companies/views/{id:guid} → 409 {"type":"urn:erp:problem:concurrency","title":"Someone else changed this record after you opened it. Reload it and try again.","status":409,"code":"concurrency","traceId":"00-df0d40fab51693aaded8d70f0
[xUnit.net 00:29:56.99]       PUT /api/lists/tenancy.companies/views/{id:guid} → 409 {"type":"urn:erp:problem:concurrency","title":"Someone else changed this record after you opened it. Reload it and try again.","status":409,"code":"concurrency","traceId":"00-7bcc2c466e622f67232f23c41
[xUnit.net 00:29:56.99]       PUT /api/lists/tenancy.companies/views/{id:guid} → 409 {"type":"urn:erp:problem:concurrency","title":"Someone else changed this record after you opened it. Reload it and try again.","status":409,"code":"concurrency","traceId":"00-2d5bf94ecbd0cae5325e50f93
[xUnit.net 00:29:56.99]       PUT /api/lists/tenancy.companies/views/{id:guid} → 409 {"type":"urn:erp:problem:concurrency","title":"Someone else changed this record after you opened it. Reload it and try again.","status":409,"code":"concurrency","traceId":"00-0cad57708f695522158303c96
[xUnit.net 00:29:56.99]       PUT /api/lists/tenancy.companies/views/{id:guid} → 409 {"type":"urn:erp:problem:concurrency","title":"Someone else changed this record after you opened it. Reload it and try again.","status":409,"code":"concurrency","traceId":"00-1a5d73ce65627ecf662a3a680
[xUnit.net 00:29:56.99]       PUT /api/lists/tenancy.companies/views/{id:guid} → 409 {"type":"urn:erp:problem:concurrency","title":"Someone else changed this record after you opened it. Reload it and try again.","status":409,"code":"concurrency","traceId":"00-32e384f34114a588f70e0fa99
[xUnit.net 00:29:56.99]       PUT /api/lists/tenancy.companies/views/{id:guid} → 409 {"type":"urn:erp:problem:concurrency","title":"Someone else changed this record after you opened it. Reload it and try again.","status":409,"code":"concurrency","traceId":"00-f9df2853b23032ef5e3634aac
[xUnit.net 00:29:56.99]       PUT /api/lists/tenancy.companies/views/{id:guid} → 409 {"type":"urn:erp:problem:concurrency","title":"Someone else changed this record after you opened it. Reload it and try again.","status":409,"code":"concurrency","traceId":"00-3c8d94273c2fe032b946177da
[xUnit.net 00:29:56.99]       PUT /api/lists/tenancy.companies/views/{id:guid} → 409 {"type":"urn:erp:problem:concurrency","title":"Someone else changed this record after you opened it. Reload it and try again.","status":409,"code":"concurrency","traceId":"00-c7f74efaccef89b6ffa764060
[xUnit.net 00:29:56.99]       PUT /api/tenancy/branches/{id:guid} → 409 {"type":"urn:erp:problem:concurrency","title":"Someone else changed this record after you opened it. Reload it and try again.","status":409,"code":"concurrency","traceId":"0HNP523EBTBOJ"}
[xUnit.net 00:29:56.99]       PUT /api/tenancy/branches/{id:guid} → 409 {"type":"urn:erp:problem:concurrency","title":"Someone else changed this record after you opened it. Reload it and try again.","status":409,"code":"concurrency","traceId":"0HNP523EBTBON"}
[xUnit.net 00:29:56.99]       PUT /api/tenancy/branches/{id:guid} → 409 {"type":"urn:erp:problem:concurrency","title":"Someone else changed this record after you opened it. Reload it and try again.","status":409,"code":"concurrency","traceId":"0HNP523EBTBOR"}
[xUnit.net 00:29:56.99]       PUT /api/tenancy/branches/{id:guid} → 409 {"type":"urn:erp:problem:concurrency","title":"Someone else changed this record after you opened it. Reload it and try again.","status":409,"code":"concurrency","traceId":"0HNP523EBTBP1"}
[xUnit.net 00:29:56.99]       PUT /api/tenancy/branches/{id:guid} → 409 {"type":"urn:erp:problem:concurrency","title":"Someone else changed this record after you opened it. Reload it and try again.","status":409,"code":"concurrency","traceId":"0HNP523EBTBP5"}
[xUnit.net 00:29:56.99]       PUT /api/tenancy/branches/{id:guid} → 409 {"type":"urn:erp:problem:concurrency","title":"Someone else changed this record after you opened it. Reload it and try again.","status":409,"code":"concurrency","traceId":"0HNP523EBTBPB"}
[xUnit.net 00:29:56.99]       PUT /api/tenancy/branches/{id:guid} → 409 {"type":"urn:erp:problem:concurrency","title":"Someone else changed this record after you opened it. Reload it and try again.","status":409,"code":"concurrency","traceId":"0HNP523EBTBPF"}
[xUnit.net 00:29:56.99]       PUT /api/tenancy/branches/{id:guid} → 409 {"type":"urn:erp:problem:concurrency","title":"Someone else changed this record after you opened it. Reload it and try again.","status":409,"code":"concurrency","traceId":"0HNP523EBTBPL"}
[xUnit.net 00:29:56.99]       PUT /api/tenancy/branches/{id:guid} → 409 {"type":"urn:erp:problem:concurrency","title":"Someone else changed this record after you opened it. Reload it and try again.","status":409,"code":"concurrency","traceId":"0HNP523EBTBPP"}
[xUnit.net 00:29:56.99]       PUT /api/tenancy/branches/{id:guid} → 409 {"type":"urn:erp:problem:concurrency","title":"Someone else changed this record after you opened it. Reload it and try again.","status":409,"code":"concurrency","traceId":"0HNP523EBTBPV"}
[xUnit.net 00:29:56.99]       PUT /api/tenancy/branches/{id:guid} → 409 {"type":"urn:erp:problem:concurrency","title":"Someone else changed this record after you opened it. Reload it and try again.","status":409,"code":"concurrency","traceId":"0HNP523EBTBQ3"}
[xUnit.net 00:29:56.99]       PUT /api/tenancy/branches/{id:guid} → 409 {"type":"urn:erp:problem:concurrency","title":"Someone else changed this record after you opened it. Reload it and try again.","status":409,"code":"concurrency","traceId":"0HNP523EBTBQ9"}
[xUnit.net 00:29:57.00]       PUT /api/tenancy/branches/{id:guid} → 409 {"type":"urn:erp:problem:concurrency","title":"Someone else changed this record after you opened it. Reload it and try again.","status":409,"code":"concurrency","traceId":"0HNP523EBTBQD"}
[xUnit.net 00:29:57.00]       PUT /api/tenancy/branches/{id:guid} → 409 {"type":"urn:erp:problem:concurrency","title":"Someone else changed this record after you opened it. Reload it and try again.","status":409,"code":"concurrency","traceId":"0HNP523EBTBQJ"}
[xUnit.net 00:29:57.00]       PUT /api/tenancy/branches/{id:guid} → 409 {"type":"urn:erp:problem:concurrency","title":"Someone else changed this record after you opened it. Reload it and try again.","status":409,"code":"concurrency","traceId":"0HNP523EBTBQN"}
[xUnit.net 00:29:57.00]       PUT /api/tenancy/branches/{id:guid} → 409 {"type":"urn:erp:problem:concurrency","title":"Someone else changed this record after you opened it. Reload it and try again.","status":409,"code":"concurrency","traceId":"0HNP523EBTBVM"}
[xUnit.net 00:29:57.00]       PUT /api/tenancy/companies/{id:guid} → 409 {"type":"urn:erp:problem:concurrency","title":"Someone else changed this record after you opened it. Reload it and try again.","status":409,"code":"concurrency","traceId":"0HNP523EBTC97"}
[xUnit.net 00:29:57.00]       PUT /api/tenancy/companies/{id:guid} → 409 {"type":"urn:erp:problem:concurrency","title":"Someone else changed this record after you opened it. Reload it and try again.","status":409,"code":"concurrency","traceId":"0HNP523EBTC9B"}
[xUnit.net 00:29:57.00]       PUT /api/tenancy/companies/{id:guid} → 409 {"type":"urn:erp:problem:concurrency","title":"Someone else changed this record after you opened it. Reload it and try again.","status":409,"code":"concurrency","traceId":"0HNP523EBTC9F"}
[xUnit.net 00:29:57.00]       PUT /api/tenancy/companies/{id:guid} → 409 {"type":"urn:erp:problem:concurrency","title":"Someone else changed this record after you opened it. Reload it and try again.","status":409,"code":"concurrency","traceId":"0HNP523EBTC9L"}
[xUnit.net 00:29:57.00]       PUT /api/tenancy/companies/{id:guid} → 409 {"type":"urn:erp:problem:concurrency","title":"Someone else changed this record after you opened it. Reload it and try again.","status":409,"code":"concurrency","traceId":"0HNP523EBTC9P"}
[xUnit.net 00:29:57.00]       PUT /api/tenancy/companies/{id:guid} → 409 {"type":"urn:erp:problem:concurrency","title":"Someone else changed this record after you opened it. Reload it and try again.","status":409,"code":"concurrency","traceId":"0HNP523EBTC9V"}
[xUnit.net 00:29:57.00]       PUT /api/tenancy/companies/{id:guid} → 409 {"type":"urn:erp:problem:concurrency","title":"Someone else changed this record after you opened it. Reload it and try again.","status":409,"code":"concurrency","traceId":"0HNP523EBTCA3"}
[xUnit.net 00:29:57.00]       PUT /api/tenancy/companies/{id:guid} → 409 {"type":"urn:erp:problem:concurrency","title":"Someone else changed this record after you opened it. Reload it and try again.","status":409,"code":"concurrency","traceId":"0HNP523EBTCA9"}
[xUnit.net 00:29:57.00]       PUT /api/tenancy/companies/{id:guid} → 409 {"type":"urn:erp:problem:concurrency","title":"Someone else changed this record after you opened it. Reload it and try again.","status":409,"code":"concurrency","traceId":"0HNP523EBTCAD"}
[xUnit.net 00:29:57.00]       PUT /api/tenancy/companies/{id:guid} → 409 {"type":"urn:erp:problem:concurrency","title":"Someone else changed this record after you opened it. Reload it and try again.","status":409,"code":"concurrency","traceId":"0HNP523EBTCAJ"}
[xUnit.net 00:29:57.00]       PUT /api/tenancy/companies/{id:guid} → 409 {"type":"urn:erp:problem:concurrency","title":"Someone else changed this record after you opened it. Reload it and try again.","status":409,"code":"concurrency","traceId":"0HNP523EBTCAN"}
[xUnit.net 00:29:57.00]       PUT /api/tenancy/companies/{id:guid} → 409 {"type":"urn:erp:problem:concurrency","title":"Someone else changed this record after you opened it. Reload it and try again.","status":409,"code":"concurrency","traceId":"0HNP523EBTCAT"}
[xUnit.net 00:29:57.00]       PUT /api/tenancy/companies/{id:guid} → 409 {"type":"urn:erp:problem:concurrency","title":"Someone else changed this record after you opened it. Reload it and try again.","status":409,"code":"concurrency","traceId":"0HNP523EBTCB1"}
[xUnit.net 00:29:57.00]       PUT /api/tenancy/companies/{id:guid} → 409 {"type":"urn:erp:problem:concurrency","title":"Someone else changed this record after you opened it. Reload it and try again.","status":409,"code":"concurrency","traceId":"0HNP523EBTCB7"}
[xUnit.net 00:29:57.00]       PUT /api/tenancy/companies/{id:guid} → 409 {"type":"urn:erp:problem:concurrency","title":"Someone else changed this record after you opened it. Reload it and try again.","status":409,"code":"concurrency","traceId":"0HNP523EBTCBB"}
[xUnit.net 00:29:57.00]       PUT /api/tenancy/companies/{id:guid} → 409 {"type":"urn:erp:problem:concurrency","title":"Someone else changed this record after you opened it. Reload it and try again.","status":409,"code":"concurrency","traceId":"0HNP523EBTCGA"}
[xUnit.net 00:29:57.00]       PUT /api/tenancy/tenant → 409 {"type":"urn:erp:problem:concurrency","title":"Someone else changed this record after you opened it. Reload it and try again.","status":409,"code":"concurrency","traceId":"0HNP523EBTCP5"}
[xUnit.net 00:29:57.00]       PUT /api/tenancy/tenant → 409 {"type":"urn:erp:problem:concurrency","title":"Someone else changed this record after you opened it. Reload it and try again.","status":409,"code":"concurrency","traceId":"0HNP523EBTCP9"}
[xUnit.net 00:29:57.00]       PUT /api/tenancy/tenant → 409 {"type":"urn:erp:problem:concurrency","title":"Someone else changed this record after you opened it. Reload it and try again.","status":409,"code":"concurrency","traceId":"0HNP523EBTCPD"}
[xUnit.net 00:29:57.00]       PUT /api/tenancy/tenant → 409 {"type":"urn:erp:problem:concurrency","title":"Someone else changed this record after you opened it. Reload it and try again.","status":409,"code":"concurrency","traceId":"0HNP523EBTCPH"}
[xUnit.net 00:29:57.00]       PUT /api/tenancy/tenant → 409 {"type":"urn:erp:problem:concurrency","title":"Someone else changed this record after you opened it. Reload it and try again.","status":409,"code":"concurrency","traceId":"0HNP523EBTCPN"}
[xUnit.net 00:29:57.00]       PUT /api/tenancy/tenant → 409 {"type":"urn:erp:problem:concurrency","title":"Someone else changed this record after you opened it. Reload it and try again.","status":409,"code":"concurrency","traceId":"0HNP523EBTCPR"}
[xUnit.net 00:29:57.00]       PUT /api/tenancy/tenant → 409 {"type":"urn:erp:problem:concurrency","title":"Someone else changed this record after you opened it. Reload it and try again.","status":409,"code":"concurrency","traceId":"0HNP523EBTCQ1"}
[xUnit.net 00:29:57.00]       PUT /api/tenancy/tenant → 409 {"type":"urn:erp:problem:concurrency","title":"Someone else changed this record after you opened it. Reload it and try again.","status":409,"code":"concurrency","traceId":"0HNP523EBTCQ5"}
[xUnit.net 00:29:57.00]       PUT /api/tenancy/tenant → 409 {"type":"urn:erp:problem:concurrency","title":"Someone else changed this record after you opened it. Reload it and try again.","status":409,"code":"concurrency","traceId":"0HNP523EBTCQB"}
[xUnit.net 00:29:57.00]       PUT /api/tenancy/tenant → 409 {"type":"urn:erp:problem:concurrency","title":"Someone else changed this record after you opened it. Reload it and try again.","status":409,"code":"concurrency","traceId":"0HNP523EBTCQF"}
[xUnit.net 00:29:57.00]       PUT /api/tenancy/tenant → 409 {"type":"urn:erp:problem:concurrency","title":"Someone else changed this record after you opened it. Reload it and try again.","status":409,"code":"concurrency","traceId":"0HNP523EBTCQL"}
[xUnit.net 00:29:57.00]       PUT /api/tenancy/tenant → 409 {"type":"urn:erp:problem:concurrency","title":"Someone else changed this record after you opened it. Reload it and try again.","status":409,"code":"concurrency","traceId":"0HNP523EBTCQP"}
[xUnit.net 00:29:57.00]       PUT /api/tenancy/tenant → 409 {"type":"urn:erp:problem:concurrency","title":"Someone else changed this record after you opened it. Reload it and try again.","status":409,"code":"concurrency","traceId":"0HNP523EBTCQV"}
[xUnit.net 00:29:57.00]       PUT /api/tenancy/tenant → 409 {"type":"urn:erp:problem:concurrency","title":"Someone else changed this record after you opened it. Reload it and try again.","status":409,"code":"concurrency","traceId":"0HNP523EBTCR3"}
[xUnit.net 00:29:57.00]       PUT /api/tenancy/tenant → 409 {"type":"urn:erp:problem:concurrency","title":"Someone else changed this record after you opened it. Reload it and try again.","status":409,"code":"concurrency","traceId":"0HNP523EBTCR9"}
[xUnit.net 00:29:57.00]       PUT /api/tenancy/tenant → 409 {"type":"urn:erp:problem:concurrency","title":"Someone else changed this record after you opened it. Reload it and try again.","status":409,"code":"concurrency","traceId":"0HNP523EBTCRD"}
[xUnit.net 00:29:57.00]       PUT /api/tenancy/tenant → 409 {"type":"urn:erp:problem:concurrency","title":"Someone else changed this record after you opened it. Reload it and try again.","status":409,"code":"concurrency","traceId":"0HNP523EBTCRJ"}
[xUnit.net 00:29:57.00]       PUT /api/tenancy/tenant → 409 {"type":"urn:erp:problem:concurrency","title":"Someone else changed this record after you opened it. Reload it and try again.","status":409,"code":"concurrency","traceId":"0HNP523EBTCRN"}
[xUnit.net 00:29:57.00]       PUT /api/tenancy/tenant → 409 {"type":"urn:erp:problem:concurrency","title":"Someone else changed this record after you opened it. Reload it and try again.","status":409,"code":"concurrency","traceId":"0HNP523EBTD0M"}
[xUnit.net 00:29:57.00]       PUT /api/tenancy/workplace → 400 {"type":"urn:erp:problem:validation","title":"Some fields need attention.","status":400,"code":"validation","traceId":"00-2ca7f39df44bb39495070c447856fbe1-3890dba51ba1213e-00","errors":{"companyId":[{
[xUnit.net 00:29:57.00]       PUT /api/tenancy/workplace → 400 {"type":"urn:erp:problem:validation","title":"Some fields need attention.","status":400,"code":"validation","traceId":"00-15e46a88e1b7f80241ac2cdc00fb018a-7c70196741bb6904-00","errors":{"companyId":[{
[xUnit.net 00:29:57.00]       PUT /api/tenancy/workplace → 400 {"type":"urn:erp:problem:validation","title":"Some fields need attention.","status":400,"code":"validation","traceId":"00-ed71a4246cc650792384c5b0e0963ad8-4a6371c2f7ec00b0-00","errors":{"companyId":[{
[xUnit.net 00:29:57.00]       
[xUnit.net 00:29:57.00]       The write-after-write phase may have been blind:
[xUnit.net 00:29:57.00]       PUT /api/identity/users/{id:guid} with language="en": no write pair succeeded on both sides with the value in the body
[xUnit.net 00:29:57.00]       PUT /api/identity/users/{id:guid} with language="ar": no write pair succeeded on both sides with the value in the body
[xUnit.net 00:29:57.00]       PUT /api/lists/identity.roles/shared-views/{id:guid} with columns.[]="nameEn": no write pair succeeded on both sides with the value in the body
[xUnit.net 00:29:57.00]       PUT /api/lists/identity.roles/shared-views/{id:guid} with columns.[]="nameAr": no write pair succeeded on both sides with the value in the body
[xUnit.net 00:29:57.00]       PUT /api/lists/identity.roles/shared-views/{id:guid} with columns.[]="isSystem": no write pair succeeded on both sides with the value in the body
[xUnit.net 00:29:57.00]       PUT /api/lists/identity.roles/shared-views/{id:guid} with columns.[]="userCount": no write pair succeeded on both sides with the value in the body
[xUnit.net 00:29:57.00]       PUT /api/lists/identity.roles/shared-views/{id:guid} with columns.[]="permissions": no write pair succeeded on both sides with the value in the body
[xUnit.net 00:29:57.00]       PUT /api/lists/identity.roles/shared-views/{id:guid} with groupBy="isSystem": no write pair succeeded on both sides with the value in the body
[xUnit.net 00:29:57.00]       PUT /api/lists/identity.roles/shared-views/{id:guid} with columns.[]="nameEn" groupBy="isSystem": no write pair succeeded on both sides with the value in the body
[xUnit.net 00:29:57.00]       PUT /api/lists/identity.roles/shared-views/{id:guid} with columns.[]="nameAr" groupBy="isSystem": no write pair succeeded on both sides with the value in the body
[xUnit.net 00:29:57.00]       PUT /api/lists/identity.roles/shared-views/{id:guid} with columns.[]="isSystem" groupBy="isSystem": no write pair succeeded on both sides with the value in the body
[xUnit.net 00:29:57.00]       PUT /api/lists/identity.roles/shared-views/{id:guid} with columns.[]="userCount" groupBy="isSystem": no write pair succeeded on both sides with the value in the body
[xUnit.net 00:29:57.00]       PUT /api/lists/identity.roles/shared-views/{id:guid} with columns.[]="permissions" groupBy="isSystem": no write pair succeeded on both sides with the value in the body
[xUnit.net 00:29:57.00]       PUT /api/lists/identity.roles/views/{id:guid} with columns.[]="nameEn": no write pair succeeded on both sides with the value in the body
[xUnit.net 00:29:57.00]       PUT /api/lists/identity.roles/views/{id:guid} with columns.[]="nameAr": no write pair succeeded on both sides with the value in the body
[xUnit.net 00:29:57.00]       PUT /api/lists/identity.roles/views/{id:guid} with columns.[]="isSystem": no write pair succeeded on both sides with the value in the body
[xUnit.net 00:29:57.00]       PUT /api/lists/identity.roles/views/{id:guid} with columns.[]="userCount": no write pair succeeded on both sides with the value in the body
[xUnit.net 00:29:57.00]       PUT /api/lists/identity.roles/views/{id:guid} with columns.[]="permissions": no write pair succeeded on both sides with the value in the body
[xUnit.net 00:29:57.00]       PUT /api/lists/identity.roles/views/{id:guid} with groupBy="isSystem": no write pair succeeded on both sides with the value in the body
[xUnit.net 00:29:57.00]       PUT /api/lists/identity.roles/views/{id:guid} with columns.[]="nameEn" groupBy="isSystem": no write pair succeeded on both sides with the value in the body
[xUnit.net 00:29:57.00]       PUT /api/lists/identity.roles/views/{id:guid} with columns.[]="nameAr" groupBy="isSystem": no write pair succeeded on both sides with the value in the body
[xUnit.net 00:29:57.00]       PUT /api/lists/identity.roles/views/{id:guid} with columns.[]="isSystem" groupBy="isSystem": no write pair succeeded on both sides with the value in the body
[xUnit.net 00:29:57.00]       PUT /api/lists/identity.roles/views/{id:guid} with columns.[]="userCount" groupBy="isSystem": no write pair succeeded on both sides with the value in the body
[xUnit.net 00:29:57.00]       PUT /api/lists/identity.roles/views/{id:guid} with columns.[]="permissions" groupBy="isSystem": no write pair succeeded on both sides with the value in the body
[xUnit.net 00:29:57.00]       PUT /api/lists/identity.users/shared-views/{id:guid} with columns.[]="displayName": no write pair succeeded on both sides with the value in the body
[xUnit.net 00:29:57.00]       PUT /api/lists/identity.users/shared-views/{id:guid} with columns.[]="displayNameAr": no write pair succeeded on both sides with the value in the body
[xUnit.net 00:29:57.00]       PUT /api/lists/identity.users/shared-views/{id:guid} with columns.[]="email": no write pair succeeded on both sides with the value in the body
[xUnit.net 00:29:57.00]       PUT /api/lists/identity.users/shared-views/{id:guid} with columns.[]="language": no write pair succeeded on both sides with the value in the body
[xUnit.net 00:29:57.00]       PUT /api/lists/identity.users/shared-views/{id:guid} with columns.[]="isActive": no write pair succeeded on both sides with the value in the body
[xUnit.net 00:29:57.00]       PUT /api/lists/identity.users/shared-views/{id:guid} with columns.[]="lastSignInAt": no write pair succeeded on both sides with the value in the body
[xUnit.net 00:29:57.00]       PUT /api/lists/identity.users/shared-views/{id:guid} with columns.[]="roleIds": no write pair succeeded on both sides with the value in the body
[xUnit.net 00:29:57.00]       PUT /api/lists/identity.users/shared-views/{id:guid} with columns.[]="createdAt": no write pair succeeded on both sides with the value in the body
[xUnit.net 00:29:57.00]       PUT /api/lists/identity.users/shared-views/{id:guid} with groupBy="language": no write pair succeeded on both sides with the value in the body
[xUnit.net 00:29:57.00]       PUT /api/lists/identity.users/shared-views/{id:guid} with groupBy="isActive": no write pair succeeded on both sides with the value in the body
[xUnit.net 00:29:57.00]       PUT /api/lists/identity.users/shared-views/{id:guid} with columns.[]="displayName" groupBy="language": no write pair succeeded on both sides with the value in the body
[xUnit.net 00:29:57.00]       PUT /api/lists/identity.users/shared-views/{id:guid} with columns.[]="displayNameAr" groupBy="isActive": no write pair succeeded on both sides with the value in the body
[xUnit.net 00:29:57.00]       PUT /api/lists/identity.users/shared-views/{id:guid} with columns.[]="email" groupBy="isActive": no write pair succeeded on both sides with the value in the body
[xUnit.net 00:29:57.00]       PUT /api/lists/identity.users/shared-views/{id:guid} with columns.[]="language" groupBy="isActive": no write pair succeeded on both sides with the value in the body
[xUnit.net 00:29:57.00]       PUT /api/lists/identity.users/shared-views/{id:guid} with columns.[]="isActive" groupBy="isActive": no write pair succeeded on both sides with the value in the body
[xUnit.net 00:29:57.00]       PUT /api/lists/identity.users/shared-views/{id:guid} with columns.[]="lastSignInAt" groupBy="isActive": no write pair succeeded on both sides with the value in the body
[xUnit.net 00:29:57.00]       PUT /api/lists/identity.users/shared-views/{id:guid} with columns.[]="roleIds" groupBy="isActive": no write pair succeeded on both sides with the value in the body
[xUnit.net 00:29:57.00]       PUT /api/lists/identity.users/shared-views/{id:guid} with columns.[]="createdAt" groupBy="isActive": no write pair succeeded on both sides with the value in the body
[xUnit.net 00:29:57.00]       PUT /api/lists/identity.users/views/{id:guid} with columns.[]="displayName": no write pair succeeded on both sides with the value in the body
[xUnit.net 00:29:57.00]       PUT /api/lists/identity.users/views/{id:guid} with columns.[]="displayNameAr": no write pair succeeded on both sides with the value in the body
[xUnit.net 00:29:57.00]       PUT /api/lists/identity.users/views/{id:guid} with columns.[]="email": no write pair succeeded on both sides with the value in the body
[xUnit.net 00:29:57.00]       PUT /api/lists/identity.users/views/{id:guid} with columns.[]="language": no write pair succeeded on both sides with the value in the body
[xUnit.net 00:29:57.00]       PUT /api/lists/identity.users/views/{id:guid} with columns.[]="isActive": no write pair succeeded on both sides with the value in the body
[xUnit.net 00:29:57.00]       PUT /api/lists/identity.users/views/{id:guid} with columns.[]="lastSignInAt": no write pair succeeded on both sides with the value in the body
[xUnit.net 00:29:57.00]       PUT /api/lists/identity.users/views/{id:guid} with columns.[]="roleIds": no write pair succeeded on both sides with the value in the body
[xUnit.net 00:29:57.00]       PUT /api/lists/identity.users/views/{id:guid} with columns.[]="createdAt": no write pair succeeded on both sides with the value in the body
[xUnit.net 00:29:57.00]       PUT /api/lists/identity.users/views/{id:guid} with groupBy="language": no write pair succeeded on both sides with the value in the body
[xUnit.net 00:29:57.00]       PUT /api/lists/identity.users/views/{id:guid} with groupBy="isActive": no write pair succeeded on both sides with the value in the body
[xUnit.net 00:29:57.00]       PUT /api/lists/identity.users/views/{id:guid} with columns.[]="displayName" groupBy="language": no write pair succeeded on both sides with the value in the body
[xUnit.net 00:29:57.00]       PUT /api/lists/identity.users/views/{id:guid} with columns.[]="displayNameAr" groupBy="isActive": no write pair succeeded on both sides with the value in the body
[xUnit.net 00:29:57.00]       PUT /api/lists/identity.users/views/{id:guid} with columns.[]="email" groupBy="isActive": no write pair succeeded on both sides with the value in the body
[xUnit.net 00:29:57.00]       PUT /api/lists/identity.users/views/{id:guid} with columns.[]="language" groupBy="isActive": no write pair succeeded on both sides with the value in the body
[xUnit.net 00:29:57.00]       PUT /api/lists/identity.users/views/{id:guid} with columns.[]="isActive" groupBy="isActive": no write pair succeeded on both sides with the value in the body
[xUnit.net 00:29:57.00]       PUT /api/lists/identity.users/views/{id:guid} with columns.[]="lastSignInAt" groupBy="isActive": no write pair succeeded on both sides with the value in the body
[xUnit.net 00:29:57.00]       PUT /api/lists/identity.users/views/{id:guid} with columns.[]="roleIds" groupBy="isActive": no write pair succeeded on both sides with the value in the body
[xUnit.net 00:29:57.00]       PUT /api/lists/identity.users/views/{id:guid} with columns.[]="createdAt" groupBy="isActive": no write pair succeeded on both sides with the value in the body
[xUnit.net 00:29:57.00]       PUT /api/lists/tenancy.access/shared-views/{id:guid} with columns.[]="displayName": no write pair succeeded on both sides with the value in the body
[xUnit.net 00:29:57.00]       PUT /api/lists/tenancy.access/shared-views/{id:guid} with columns.[]="email": no write pair succeeded on both sides with the value in the body
[xUnit.net 00:29:57.00]       PUT /api/lists/tenancy.access/shared-views/{id:guid} with columns.[]="companies": no write pair succeeded on both sides with the value in the body
[xUnit.net 00:29:57.00]       PUT /api/lists/tenancy.access/views/{id:guid} with columns.[]="displayName": no write pair succeeded on both sides with the value in the body
[xUnit.net 00:29:57.00]       PUT /api/lists/tenancy.access/views/{id:guid} with columns.[]="email": no write pair succeeded on both sides with the value in the body
[xUnit.net 00:29:57.00]       PUT /api/lists/tenancy.access/views/{id:guid} with columns.[]="companies": no write pair succeeded on both sides with the value in the body
[xUnit.net 00:29:57.00]       PUT /api/lists/tenancy.branches/shared-views/{id:guid} with columns.[]="code": no write pair succeeded on both sides with the value in the body
[xUnit.net 00:29:57.00]       PUT /api/lists/tenancy.branches/shared-views/{id:guid} with columns.[]="nameEn": no write pair succeeded on both sides with the value in the body
[xUnit.net 00:29:57.00]       PUT /api/lists/tenancy.branches/shared-views/{id:guid} with columns.[]="nameAr": no write pair succeeded on both sides with the value in the body
[xUnit.net 00:29:57.00]       PUT /api/lists/tenancy.branches/shared-views/{id:guid} with columns.[]="companyId": no write pair succeeded on both sides with the value in the body
[xUnit.net 00:29:57.00]       PUT /api/lists/tenancy.branches/shared-views/{id:guid} with columns.[]="city": no write pair succeeded on both sides with the value in the body
[xUnit.net 00:29:57.00]       PUT /api/lists/tenancy.branches/shared-views/{id:guid} with columns.[]="emirate": no write pair succeeded on both sides with the value in the body
[xUnit.net 00:29:57.00]       PUT /api/lists/tenancy.branches/shared-views/{id:guid} with columns.[]="isActive": no write pair succeeded on both sides with the value in the body
[xUnit.net 00:29:57.00]       PUT /api/lists/tenancy.branches/shared-views/{id:guid} with groupBy="companyId": no write pair succeeded on both sides with the value in the body
[xUnit.net 00:29:57.00]       PUT /api/lists/tenancy.branches/shared-views/{id:guid} with groupBy="city": no write pair succeeded on both sides with the value in the body
[xUnit.net 00:29:57.00]       PUT /api/lists/tenancy.branches/shared-views/{id:guid} with groupBy="emirate": no write pair succeeded on both sides with the value in the body
[xUnit.net 00:29:57.00]       PUT /api/lists/tenancy.branches/shared-views/{id:guid} with groupBy="isActive": no write pair succeeded on both sides with the value in the body
[xUnit.net 00:29:57.00]       PUT /api/lists/tenancy.branches/shared-views/{id:guid} with columns.[]="code" groupBy="companyId": no write pair succeeded on both sides with the value in the body
[xUnit.net 00:29:57.00]       PUT /api/lists/tenancy.branches/shared-views/{id:guid} with columns.[]="nameEn" groupBy="city": no write pair succeeded on both sides with the value in the body
[xUnit.net 00:29:57.00]       PUT /api/lists/tenancy.branches/shared-views/{id:guid} with columns.[]="nameAr" groupBy="emirate": no write pair succeeded on both sides with the value in the body
[xUnit.net 00:29:57.00]       PUT /api/lists/tenancy.branches/shared-views/{id:guid} with columns.[]="companyId" groupBy="isActive": no write pair succeeded on both sides with the value in the body
[xUnit.net 00:29:57.00]       PUT /api/lists/tenancy.branches/shared-views/{id:guid} with columns.[]="city" groupBy="isActive": no write pair succeeded on both sides with the value in the body
[xUnit.net 00:29:57.00]       PUT /api/lists/tenancy.branches/shared-views/{id:guid} with columns.[]="emirate" groupBy="isActive": no write pair succeeded on both sides with the value in the body
[xUnit.net 00:29:57.00]       PUT /api/lists/tenancy.branches/shared-views/{id:guid} with columns.[]="isActive" groupBy="isActive": no write pair succeeded on both sides with the value in the body
[xUnit.net 00:29:57.00]       PUT /api/lists/tenancy.branches/views/{id:guid} with columns.[]="code": no write pair succeeded on both sides with the value in the body
[xUnit.net 00:29:57.00]       PUT /api/lists/tenancy.branches/views/{id:guid} with columns.[]="nameEn": no write pair succeeded on both sides with the value in the body
[xUnit.net 00:29:57.00]       PUT /api/lists/tenancy.branches/views/{id:guid} with columns.[]="nameAr": no write pair succeeded on both sides with the value in the body
[xUnit.net 00:29:57.00]       PUT /api/lists/tenancy.branches/views/{id:guid} with columns.[]="companyId": no write pair succeeded on both sides with the value in the body
[xUnit.net 00:29:57.00]       PUT /api/lists/tenancy.branches/views/{id:guid} with columns.[]="city": no write pair succeeded on both sides with the value in the body
[xUnit.net 00:29:57.00]       PUT /api/lists/tenancy.branches/views/{id:guid} with columns.[]="emirate": no write pair succeeded on both sides with the value in the body
[xUnit.net 00:29:57.00]       PUT /api/lists/tenancy.branches/views/{id:guid} with columns.[]="isActive": no write pair succeeded on both sides with the value in the body
[xUnit.net 00:29:57.00]       PUT /api/lists/tenancy.branches/views/{id:guid} with groupBy="companyId": no write pair succeeded on both sides with the value in the body
[xUnit.net 00:29:57.00]       PUT /api/lists/tenancy.branches/views/{id:guid} with groupBy="city": no write pair succeeded on both sides with the value in the body
[xUnit.net 00:29:57.00]       PUT /api/lists/tenancy.branches/views/{id:guid} with groupBy="emirate": no write pair succeeded on both sides with the value in the body
[xUnit.net 00:29:57.00]       PUT /api/lists/tenancy.branches/views/{id:guid} with groupBy="isActive": no write pair succeeded on both sides with the value in the body
[xUnit.net 00:29:57.00]       PUT /api/lists/tenancy.branches/views/{id:guid} with columns.[]="code" groupBy="companyId": no write pair succeeded on both sides with the value in the body
[xUnit.net 00:29:57.00]       PUT /api/lists/tenancy.branches/views/{id:guid} with columns.[]="nameEn" groupBy="city": no write pair succeeded on both sides with the value in the body
[xUnit.net 00:29:57.00]       PUT /api/lists/tenancy.branches/views/{id:guid} with columns.[]="nameAr" groupBy="emirate": no write pair succeeded on both sides with the value in the body
[xUnit.net 00:29:57.00]       PUT /api/lists/tenancy.branches/views/{id:guid} with columns.[]="companyId" groupBy="isActive": no write pair succeeded on both sides with the value in the body
[xUnit.net 00:29:57.00]       PUT /api/lists/tenancy.branches/views/{id:guid} with columns.[]="city" groupBy="isActive": no write pair succeeded on both sides with the value in the body
[xUnit.net 00:29:57.00]       PUT /api/lists/tenancy.branches/views/{id:guid} with columns.[]="emirate" groupBy="isActive": no write pair succeeded on both sides with the value in the body
[xUnit.net 00:29:57.00]       PUT /api/lists/tenancy.branches/views/{id:guid} with columns.[]="isActive" groupBy="isActive": no write pair succeeded on both sides with the value in the body
[xUnit.net 00:29:57.00]       PUT /api/lists/tenancy.companies/shared-views/{id:guid} with columns.[]="code": no write pair succeeded on both sides with the value in the body
[xUnit.net 00:29:57.00]       PUT /api/lists/tenancy.companies/shared-views/{id:guid} with columns.[]="legalNameEn": no write pair succeeded on both sides with the value in the body
[xUnit.net 00:29:57.00]       PUT /api/lists/tenancy.companies/shared-views/{id:guid} with columns.[]="legalNameAr": no write pair succeeded on both sides with the value in the body
[xUnit.net 00:29:57.00]       PUT /api/lists/tenancy.companies/shared-views/{id:guid} with columns.[]="baseCurrency": no write pair succeeded on both sides with the value in the body
[xUnit.net 00:29:57.00]       PUT /api/lists/tenancy.companies/shared-views/{id:guid} with columns.[]="city": no write pair succeeded on both sides with the value in the body
[xUnit.net 00:29:57.00]       PUT /api/lists/tenancy.companies/shared-views/{id:guid} with columns.[]="emirate": no write pair succeeded on both sides with the value in the body
[xUnit.net 00:29:57.00]       PUT /api/lists/tenancy.companies/shared-views/{id:guid} with columns.[]="branchCount": no write pair succeeded on both sides with the value in the body
[xUnit.net 00:29:57.00]       PUT /api/lists/tenancy.companies/shared-views/{id:guid} with columns.[]="isActive": no write pair succeeded on both sides with the value in the body
[xUnit.net 00:29:57.00]       PUT /api/lists/tenancy.companies/shared-views/{id:guid} with groupBy="baseCurrency": no write pair succeeded on both sides with the value in the body
[xUnit.net 00:29:57.00]       PUT /api/lists/tenancy.companies/shared-views/{id:guid} with groupBy="city": no write pair succeeded on both sides with the value in the body
[xUnit.net 00:29:57.00]       PUT /api/lists/tenancy.companies/shared-views/{id:guid} with groupBy="emirate": no write pair succeeded on both sides with the value in the body
[xUnit.net 00:29:57.00]       PUT /api/lists/tenancy.companies/shared-views/{id:guid} with groupBy="isActive": no write pair succeeded on both sides with the value in the body
[xUnit.net 00:29:57.00]       PUT /api/lists/tenancy.companies/shared-views/{id:guid} with columns.[]="code" groupBy="baseCurrency": no write pair succeeded on both sides with the value in the body
[xUnit.net 00:29:57.00]       PUT /api/lists/tenancy.companies/shared-views/{id:guid} with columns.[]="legalNameEn" groupBy="city": no write pair succeeded on both sides with the value in the body
[xUnit.net 00:29:57.00]       PUT /api/lists/tenancy.companies/shared-views/{id:guid} with columns.[]="legalNameAr" groupBy="emirate": no write pair succeeded on both sides with the value in the body
[xUnit.net 00:29:57.00]       PUT /api/lists/tenancy.companies/shared-views/{id:guid} with columns.[]="baseCurrency" groupBy="isActive": no write pair succeeded on both sides with the value in the body
[xUnit.net 00:29:57.00]       PUT /api/lists/tenancy.companies/shared-views/{id:guid} with columns.[]="city" groupBy="isActive": no write pair succeeded on both sides with the value in the body
[xUnit.net 00:29:57.00]       PUT /api/lists/tenancy.companies/shared-views/{id:guid} with columns.[]="emirate" groupBy="isActive": no write pair succeeded on both sides with the value in the body
[xUnit.net 00:29:57.00]       PUT /api/lists/tenancy.companies/shared-views/{id:guid} with columns.[]="branchCount" groupBy="isActive": no write pair succeeded on both sides with the value in the body
[xUnit.net 00:29:57.00]       PUT /api/lists/tenancy.companies/shared-views/{id:guid} with columns.[]="isActive" groupBy="isActive": no write pair succeeded on both sides with the value in the body
[xUnit.net 00:29:57.00]       PUT /api/lists/tenancy.companies/views/{id:guid} with columns.[]="code": no write pair succeeded on both sides with the value in the body
[xUnit.net 00:29:57.00]       PUT /api/lists/tenancy.companies/views/{id:guid} with columns.[]="legalNameEn": no write pair succeeded on both sides with the value in the body
[xUnit.net 00:29:57.00]       PUT /api/lists/tenancy.companies/views/{id:guid} with columns.[]="legalNameAr": no write pair succeeded on both sides with the value in the body
[xUnit.net 00:29:57.00]       PUT /api/lists/tenancy.companies/views/{id:guid} with columns.[]="baseCurrency": no write pair succeeded on both sides with the value in the body
[xUnit.net 00:29:57.00]       PUT /api/lists/tenancy.companies/views/{id:guid} with columns.[]="city": no write pair succeeded on both sides with the value in the body
[xUnit.net 00:29:57.00]       PUT /api/lists/tenancy.companies/views/{id:guid} with columns.[]="emirate": no write pair succeeded on both sides with the value in the body
[xUnit.net 00:29:57.00]       PUT /api/lists/tenancy.companies/views/{id:guid} with columns.[]="branchCount": no write pair succeeded on both sides with the value in the body
[xUnit.net 00:29:57.00]       PUT /api/lists/tenancy.companies/views/{id:guid} with columns.[]="isActive": no write pair succeeded on both sides with the value in the body
[xUnit.net 00:29:57.00]       PUT /api/lists/tenancy.companies/views/{id:guid} with groupBy="baseCurrency": no write pair succeeded on both sides with the value in the body
[xUnit.net 00:29:57.00]       PUT /api/lists/tenancy.companies/views/{id:guid} with groupBy="city": no write pair succeeded on both sides with the value in the body
[xUnit.net 00:29:57.00]       PUT /api/lists/tenancy.companies/views/{id:guid} with groupBy="emirate": no write pair succeeded on both sides with the value in the body
[xUnit.net 00:29:57.00]       PUT /api/lists/tenancy.companies/views/{id:guid} with groupBy="isActive": no write pair succeeded on both sides with the value in the body
[xUnit.net 00:29:57.00]       PUT /api/lists/tenancy.companies/views/{id:guid} with columns.[]="code" groupBy="baseCurrency": no write pair succeeded on both sides with the value in the body
[xUnit.net 00:29:57.00]       PUT /api/lists/tenancy.companies/views/{id:guid} with columns.[]="legalNameEn" groupBy="city": no write pair succeeded on both sides with the value in the body
[xUnit.net 00:29:57.00]       PUT /api/lists/tenancy.companies/views/{id:guid} with columns.[]="legalNameAr" groupBy="emirate": no write pair succeeded on both sides with the value in the body
[xUnit.net 00:29:57.00]       PUT /api/lists/tenancy.companies/views/{id:guid} with columns.[]="baseCurrency" groupBy="isActive": no write pair succeeded on both sides with the value in the body
[xUnit.net 00:29:57.00]       PUT /api/lists/tenancy.companies/views/{id:guid} with columns.[]="city" groupBy="isActive": no write pair succeeded on both sides with the value in the body
[xUnit.net 00:29:57.00]       PUT /api/lists/tenancy.companies/views/{id:guid} with columns.[]="emirate" groupBy="isActive": no write pair succeeded on both sides with the value in the body
[xUnit.net 00:29:57.00]       PUT /api/lists/tenancy.companies/views/{id:guid} with columns.[]="branchCount" groupBy="isActive": no write pair succeeded on both sides with the value in the body
[xUnit.net 00:29:57.00]       PUT /api/lists/tenancy.companies/views/{id:guid} with columns.[]="isActive" groupBy="isActive": no write pair succeeded on both sides with the value in the body
[xUnit.net 00:29:57.00]       PUT /api/tenancy/branches/{id:guid} with emirate="abuDhabi": no write pair succeeded on both sides with the value in the body
[xUnit.net 00:29:57.00]       PUT /api/tenancy/branches/{id:guid} with emirate="dubai": no write pair succeeded on both sides with the value in the body
[xUnit.net 00:29:57.00]       PUT /api/tenancy/branches/{id:guid} with emirate="sharjah": no write pair succeeded on both sides with the value in the body
[xUnit.net 00:29:57.00]       PUT /api/tenancy/branches/{id:guid} with emirate="ajman": no write pair succeeded on both sides with the value in the body
[xUnit.net 00:29:57.00]       PUT /api/tenancy/branches/{id:guid} with emirate="ummAlQuwain": no write pair succeeded on both sides with the value in the body
[xUnit.net 00:29:57.00]       PUT /api/tenancy/branches/{id:guid} with emirate="rasAlKhaimah": no write pair succeeded on both sides with the value in the body
[xUnit.net 00:29:57.00]       PUT /api/tenancy/branches/{id:guid} with emirate="fujairah": no write pair succeeded on both sides with the value in the body
[xUnit.net 00:29:57.00]       PUT /api/tenancy/companies/{id:guid} with emirate="abuDhabi": no write pair succeeded on both sides with the value in the body
[xUnit.net 00:29:57.00]       PUT /api/tenancy/companies/{id:guid} with emirate="dubai": no write pair succeeded on both sides with the value in the body
[xUnit.net 00:29:57.00]       PUT /api/tenancy/companies/{id:guid} with emirate="sharjah": no write pair succeeded on both sides with the value in the body
[xUnit.net 00:29:57.00]       PUT /api/tenancy/companies/{id:guid} with emirate="ajman": no write pair succeeded on both sides with the value in the body
[xUnit.net 00:29:57.00]       PUT /api/tenancy/companies/{id:guid} with emirate="ummAlQuwain": no write pair succeeded on both sides with the value in the body
[xUnit.net 00:29:57.00]       PUT /api/tenancy/companies/{id:guid} with emirate="rasAlKhaimah": no write pair succeeded on both sides with the value in the body
[xUnit.net 00:29:57.00]       PUT /api/tenancy/companies/{id:guid} with emirate="fujairah": no write pair succeeded on both sides with the value in the body
[xUnit.net 00:29:57.00]       PUT /api/tenancy/tenant with defaultLanguage="en": no write pair succeeded on both sides with the value in the body
[xUnit.net 00:29:57.00]       PUT /api/tenancy/tenant with defaultLanguage="ar": no write pair succeeded on both sides with the value in the body
[xUnit.net 00:29:57.00]       PUT /api/tenancy/tenant with weekStart="monday": no write pair succeeded on both sides with the value in the body
[xUnit.net 00:29:57.00]       PUT /api/tenancy/tenant with weekStart="sunday": no write pair succeeded on both sides with the value in the body
[xUnit.net 00:29:57.00]       PUT /api/tenancy/tenant with weekStart="saturday": no write pair succeeded on both sides with the value in the body
[xUnit.net 00:29:57.00]       PUT /api/tenancy/tenant with defaultLanguage="en" weekStart="monday": no write pair succeeded on both sides with the value in the body
[xUnit.net 00:29:57.00]       PUT /api/tenancy/tenant with defaultLanguage="ar" weekStart="sunday": no write pair succeeded on both sides with the value in the body
[xUnit.net 00:29:57.00]       PUT /api/tenancy/tenant with defaultLanguage="ar" weekStart="saturday": no write pair succeeded on both sides with the value in the body
[xUnit.net 00:29:57.00]       
[xUnit.net 00:29:57.00]       g1.enumValuesAttacked: 104; ratchet minimum 209
[xUnit.net 00:29:57.00]       
[xUnit.net 00:29:57.00]       g1.enumVariantWritePairs: 324; ratchet minimum 650
[xUnit.net 00:29:57.00]       
[xUnit.net 00:29:57.00]       1337 list answers that are not the asking tenant's own:
[xUnit.net 00:29:57.00]       tenant B asks first, tenant A judged: GET /api/tenancy/companies?take=50 answered total 46, but walking the same query returns 23 rows (the other tenant's answer to the same request was 46)
[xUnit.net 00:29:57.00]       tenant B asks first, tenant A judged: the other tenant's walk of /api/tenancy/companies returned row 0191260e-f481-72db-a21a-4eeb40c2590d, which is not its own (it is the judged tenant's)
[xUnit.net 00:29:57.00]       tenant B asks first, tenant A judged: the other tenant's walk of /api/tenancy/companies returned row 0191260e-f484-79d3-91ae-7bb2f0eb51e7, which is not its own (it is the judged tenant's)
[xUnit.net 00:29:57.00]       tenant B asks first, tenant A judged: the other tenant's walk of /api/tenancy/companies returned row 01a11a82-a3de-7ea5-b975-e44d710e5751, which is not its own (it is the judged tenant's)
[xUnit.net 00:29:57.00]       tenant B asks first, tenant A judged: GET /api/tenancy/companies?take=50&search=a answered total 46, but walking the same query returns 23 rows (the other tenant's answer to the same request was 46)
[xUnit.net 00:29:57.00]       tenant B asks first, tenant A judged: the other tenant's walk of /api/tenancy/companies&search=a returned row 0191260e-f481-72db-a21a-4eeb40c2590d, which is not its own (it is the judged tenant's)
[xUnit.net 00:29:57.00]       tenant B asks first, tenant A judged: the other tenant's walk of /api/tenancy/companies&search=a returned row 0191260e-f484-79d3-91ae-7bb2f0eb51e7, which is not its own (it is the judged tenant's)
[xUnit.net 00:29:57.00]       tenant B asks first, tenant A judged: the other tenant's walk of /api/tenancy/companies&search=a returned row 01a11a82-a3de-7ea5-b975-e44d710e5751, which is not its own (it is the judged tenant's)
[xUnit.net 00:29:57.00]       tenant B asks first, tenant A judged: GET /api/tenancy/companies?take=50&search=e answered total 45, but walking the same query returns 1 rows (the other tenant's answer to the same request was 45)
[xUnit.net 00:29:57.00]       tenant B asks first, tenant A judged: the other tenant's walk of /api/tenancy/companies&search=e returned row 0191260e-f484-79d3-91ae-7bb2f0eb51e7, which is not its own (it is the judged tenant's)
[xUnit.net 00:29:57.00]       tenant B asks first, tenant A judged: the other tenant's walk of /api/tenancy/companies&search=o returned row 0191260e-f481-72db-a21a-4eeb40c2590d, which is not its own (it is the judged tenant's)
[xUnit.net 00:29:57.00]       tenant B asks first, tenant A judged: the other tenant's walk of /api/tenancy/companies&search=o returned row 0191260e-f484-79d3-91ae-7bb2f0eb51e7, which is not its own (it is the judged tenant's)
[xUnit.net 00:29:57.00]       tenant B asks first, tenant A judged: the other tenant's walk of /api/tenancy/companies&search=s returned row 0191260e-f484-79d3-91ae-7bb2f0eb51e7, which is not its own (it is the judged tenant's)
[xUnit.net 00:29:57.00]       tenant B asks first, tenant A judged: GET /api/tenancy/companies?take=50&search=n answered total 46, but walking the same query returns 23 rows (the other tenant's answer to the same request was 46)
[xUnit.net 00:29:57.00]       tenant B asks first, tenant A judged: the other tenant's walk of /api/tenancy/companies&search=n returned row 0191260e-f481-72db-a21a-4eeb40c2590d, which is not its own (it is the judged tenant's)
[xUnit.net 00:29:57.00]       tenant B asks first, tenant A judged: the other tenant's walk of /api/tenancy/companies&search=n returned row 0191260e-f484-79d3-91ae-7bb2f0eb51e7, which is not its own (it is the judged tenant's)
[xUnit.net 00:29:57.00]       tenant B asks first, tenant A judged: the other tenant's walk of /api/tenancy/companies&search=n returned row 01a11a82-a3de-7ea5-b975-e44d710e5751, which is not its own (it is the judged tenant's)
[xUnit.net 00:29:57.00]       tenant B asks first, tenant A judged: GET /api/tenancy/companies?take=50&search=Activity answered total 44, but walking the same query returns 20 rows (the other tenant's answer to the same request was 44)
[xUnit.net 00:29:57.00]       tenant B asks first, tenant A judged: the other tenant's walk of /api/tenancy/companies&search=Activity returned row 01a11a88-2d26-767c-bde2-4d92a7dbf84e, which is not its own (it is the judged tenant's)
[xUnit.net 00:29:57.00]       tenant B asks first, tenant A judged: the other tenant's walk of /api/tenancy/companies&search=Activity returned row 01a11a88-2da3-7147-ab80-ebe2d4eeb29a, which is not its own (it is the judged tenant's)
[xUnit.net 00:29:57.00]       tenant B asks first, tenant A judged: the other tenant's walk of /api/tenancy/companies&search=Activity returned row 01a11a88-2e15-7303-9b2f-9657787d1c7e, which is not its own (it is the judged tenant's)
[xUnit.net 00:29:57.00]       tenant B asks first, tenant A judged: GET /api/tenancy/companies?take=50&filter=code%20contains%20%27a%27 answered total 44, but walking the same query returns 23 rows (the other tenant's answer to the same request was 44)
[xUnit.net 00:29:57.00]       tenant B asks first, tenant A judged: the other tenant's walk of /api/tenancy/companies&filter=code%20contains%20%27a%27 returned row 0191260e-f481-72db-a21a-4eeb40c2590d, which is not its own (it is the judged tenant's)
[xUnit.net 00:29:57.00]       tenant B asks first, tenant A judged: the other tenant's walk of /api/tenancy/companies&filter=code%20contains%20%27a%27 returned row 0191260e-f484-79d3-91ae-7bb2f0eb51e7, which is not its own (it is the judged tenant's)
[xUnit.net 00:29:57.00]       tenant B asks first, tenant A judged: the other tenant's walk of /api/tenancy/companies&filter=code%20contains%20%27a%27 returned row 01a11a82-a3de-7ea5-b975-e44d710e5751, which is not its own (it is the judged tenant's)
[xUnit.net 00:29:57.00]       tenant B asks first, tenant A judged: GET /api/tenancy/companies?take=50&filter=legalNameEn%20contains%20%27a%27 answered total 46, but walking the same query returns 23 rows (the other tenant's answer to the same request was 46)
[xUnit.net 00:29:57.00]       tenant B asks first, tenant A judged: the other tenant's walk of /api/tenancy/companies&filter=legalNameEn%20contains%20%27a%27 returned row 0191260e-f481-72db-a21a-4eeb40c2590d, which is not its own (it is the judged tenant's)
[xUnit.net 00:29:57.00]       tenant B asks first, tenant A judged: the other tenant's walk of /api/tenancy/companies&filter=legalNameEn%20contains%20%27a%27 returned row 0191260e-f484-79d3-91ae-7bb2f0eb51e7, which is not its own (it is the judged tenant's)
[xUnit.net 00:29:57.00]       tenant B asks first, tenant A judged: the other tenant's walk of /api/tenancy/companies&filter=legalNameEn%20contains%20%27a%27 returned row 01a11a82-a3de-7ea5-b975-e44d710e5751, which is not its own (it is the judged tenant's)
[xUnit.net 00:29:57.00]       tenant B asks first, tenant A judged: GET /api/tenancy/companies?take=50&filter=legalNameAr%20contains%20%27a%27 answered total 46, but walking the same query returns 21 rows (the other tenant's answer to the same request was 46)
[xUnit.net 00:29:57.00]       
[xUnit.net 00:29:57.00]       The list answer check may be blind:
[xUnit.net 00:29:57.00]       tenant B asks first, tenant A judged: list 'tenancy.companies': no query had different true answers in the two tenants, so a shared total or group count would go unseen
[xUnit.net 00:29:57.00]       tenant B asks first, tenant A judged: list 'tenancy.branches': no query had different true answers in the two tenants, so a shared total or group count would go unseen
[xUnit.net 00:29:57.00]       tenant B asks first, tenant A judged: list 'tenancy.access': no query had different true answers in the two tenants, so a shared total or group count would go unseen
[xUnit.net 00:29:57.00]       tenant B asks first, tenant A judged: list 'identity.users': no query had different true answers in the two tenants, so a shared total or group count would go unseen
[xUnit.net 00:29:57.00]       tenant B asks first, tenant A judged: list 'identity.roles': no query had different true answers in the two tenants, so a shared total or group count would go unseen
[xUnit.net 00:29:57.00]       tenant A asks first, tenant B judged: list 'tenancy.companies': no query had different true answers in the two tenants, so a shared total or group count would go unseen
[xUnit.net 00:29:57.00]       tenant A asks first, tenant B judged: list 'tenancy.branches': no query had different true answers in the two tenants, so a shared total or group count would go unseen
[xUnit.net 00:29:57.00]       tenant A asks first, tenant B judged: list 'tenancy.access': no query had different true answers in the two tenants, so a shared total or group count would go unseen
[xUnit.net 00:29:57.00]       tenant A asks first, tenant B judged: list 'identity.users': no query had different true answers in the two tenants, so a shared total or group count would go unseen
[xUnit.net 00:29:57.00]       tenant A asks first, tenant B judged: list 'identity.roles': no query had different true answers in the two tenants, so a shared total or group count would go unseen
[xUnit.net 00:29:57.00]       
[xUnit.net 00:29:57.00]       g1.listAnswersDiscriminating: 0; ratchet minimum 55
[xUnit.net 00:29:57.00]       
[xUnit.net 00:29:57.00]       Process-wide state changed while the tenants used the app (113293 lines):
[xUnit.net 00:29:57.00]       static Erp.Kernel.Http.UnitOfWorkFilter.MicroCache: was System.Collections.Concurrent.ConcurrentDictionary`2 count=2568, now System.Collections.Concurrent.ConcurrentDictionary`2 count=70346
[xUnit.net 00:29:57.00]       static Erp.Kernel.Http.UnitOfWorkFilter.MicroCache[/api/reports/lists/tenancy.companies?search=B2-BR1].Item1: was 10/08/2026 07:51:24, now 10/08/2026 08:20:10
[xUnit.net 00:29:57.00]       static Erp.Kernel.Http.UnitOfWorkFilter.MicroCache[/api/reports/lists/tenancy.companies?groupBy=city].Item1: was 10/08/2026 07:51:30, now 10/08/2026 08:20:13
[xUnit.net 00:29:57.00]       static Erp.Kernel.Http.UnitOfWorkFilter.MicroCache[/api/reports/run/tenancy.branchDirectory?company=018cc3a8-5c40-7827-85b2-8e767e4…].Item1: was 10/08/2026 07:51:35, now 10/08/2026 08:02:33
[xUnit.net 00:29:57.00]       static Erp.Kernel.Http.UnitOfWorkFilter.MicroCache[/api/reports/run/tenancy.branchDirectory?company=018cc3a8-5c40-7827-85b2-8e767e4…].Item2: was Microsoft.AspNetCore.Http.HttpResults.Ok`1, now Microsoft.AspNetCore.Http.HttpResults.FileContentHttpResult
[xUnit.net 00:29:57.00]       static Erp.Kernel.Http.UnitOfWorkFilter.MicroCache[/api/tenancy/companies?search=ayesha.haddad.20%40bravo-cnry1da37dc695.example].Item1: was 10/08/2026 07:51:45, now 10/08/2026 08:20:27
[xUnit.net 00:29:57.00]       static Erp.Kernel.Http.UnitOfWorkFilter.MicroCache[/api/reports/lists/tenancy.access?search=bravocnry1da37dc695]: was System.ValueTuple`2, now gone
[xUnit.net 00:29:57.00]       static Erp.Kernel.Http.UnitOfWorkFilter.MicroCache[/api/reports/lists/tenancy.access?search=bravocnry1da37dc695].Item1: was 10/08/2026 07:51:19, now gone
[xUnit.net 00:29:57.00]       static Erp.Kernel.Http.UnitOfWorkFilter.MicroCache[/api/reports/lists/tenancy.access?search=bravocnry1da37dc695].Item2: was Microsoft.AspNetCore.Http.HttpResults.Ok`1, now gone
[xUnit.net 00:29:57.00]       static Erp.Kernel.Http.UnitOfWorkFilter.MicroCache[/api/reports/lists/tenancy.branches?search=01a11a7e-5741-702d-85e5-c3cbdf1e4b68].Item1: was 10/08/2026 07:51:21, now 10/08/2026 08:20:06
[xUnit.net 00:29:57.00]       static Erp.Kernel.Http.UnitOfWorkFilter.MicroCache[/api/tenancy/branches?search=%D8%A7%D9%84%D8%AA%D8%AC%D8%A7%D8%B1%D8%A9%20%D9%81…].Item1: was 10/08/2026 07:51:43, now 10/08/2026 08:20:25
[xUnit.net 00:29:57.00]       static Erp.Kernel.Http.UnitOfWorkFilter.MicroCache[/api/reports/lists/identity.roles?search=Activity%20CNRY1DA37DC695%205].Item1: was 10/08/2026 07:51:06, now 10/08/2026 08:19:56
[xUnit.net 00:29:57.00]       static Erp.Kernel.Http.UnitOfWorkFilter.MicroCache[/api/reports/lists/tenancy.companies?search=01a11a7e-45e0-798d-9960-19e3754d4397]: was System.ValueTuple`2, now gone
[xUnit.net 00:29:57.00]       static Erp.Kernel.Http.UnitOfWorkFilter.MicroCache[/api/reports/lists/tenancy.companies?search=01a11a7e-45e0-798d-9960-19e3754d4397].Item1: was 10/08/2026 07:51:24, now gone
[xUnit.net 00:29:57.00]       static Erp.Kernel.Http.UnitOfWorkFilter.MicroCache[/api/reports/lists/tenancy.companies?search=01a11a7e-45e0-798d-9960-19e3754d4397].Item2: was Microsoft.AspNetCore.Http.HttpResults.Ok`1, now gone
[xUnit.net 00:29:57.00]       static Erp.Kernel.Http.UnitOfWorkFilter.MicroCache[/api/reports/lists/tenancy.companies?search=50bf6f4a8cfe01facc2d569efe3c5ac1a86d…].Item1: was 10/08/2026 07:51:25, now 10/08/2026 08:20:10
[xUnit.net 00:29:57.00]       static Erp.Kernel.Http.UnitOfWorkFilter.MicroCache[/api/reports/run/identity.roleSummary?language=ar].Item1: was 10/08/2026 07:51:31, now 10/08/2026 08:20:14
[xUnit.net 00:29:57.00]       static Erp.Kernel.Http.UnitOfWorkFilter.MicroCache[/api/tenancy/companies?search=12345-B82E-167].Item1: was 10/08/2026 07:51:45, now 10/08/2026 08:20:27
[xUnit.net 00:29:57.00]       static Erp.Kernel.Http.UnitOfWorkFilter.MicroCache[/api/identity/users?search=%D8%B9%D9%85%D8%B1%20%D8%A7%D9%84%D8%B8%D8%A7%D9%87%D…].Item1: was 10/08/2026 07:51:01, now 10/08/2026 08:19:53
[xUnit.net 00:29:57.00]       static Erp.Kernel.Http.UnitOfWorkFilter.MicroCache[/api/reports/lists/tenancy.branches?search=Activity%20CNRY1DA37DC695%20169]: was System.ValueTuple`2, now gone
[xUnit.net 00:29:57.00]       static Erp.Kernel.Http.UnitOfWorkFilter.MicroCache[/api/reports/lists/tenancy.branches?search=Activity%20CNRY1DA37DC695%20169].Item1: was 10/08/2026 07:51:21, now gone
[xUnit.net 00:29:57.00]       static Erp.Kernel.Http.UnitOfWorkFilter.MicroCache[/api/reports/lists/tenancy.branches?search=Activity%20CNRY1DA37DC695%20169].Item2: was Microsoft.AspNetCore.Http.HttpResults.Ok`1, now gone
[xUnit.net 00:29:57.00]       static Erp.Kernel.Http.UnitOfWorkFilter.MicroCache[/api/identity/roles?search=AN-DXB-B82E-172].Item1: was 10/08/2026 07:50:59, now 10/08/2026 08:19:52
[xUnit.net 00:29:57.00]       static Erp.Kernel.Http.UnitOfWorkFilter.MicroCache[/api/identity/roles?search=pbkdf2-sha512%24210000%24Z9TpBZpbeOxKGuMdRl6fBg%3D%3D…].Item1: was 10/08/2026 07:50:59, now 10/08/2026 08:19:51
[xUnit.net 00:29:57.00]       static Erp.Kernel.Http.UnitOfWorkFilter.MicroCache[/api/reports/lists/tenancy.companies?search=%D9%86%D8%B4%D8%A7%D8%B7%20CNRY1DA37…].Item1: was 10/08/2026 07:51:24, now 10/08/2026 08:20:10
[xUnit.net 00:29:57.00]       static Erp.Kernel.Http.UnitOfWorkFilter.MicroCache[/api/tenancy/companies?search=activity4%40bravo-cnry1da37dc695.example]: was System.ValueTuple`2, now gone
[xUnit.net 00:29:57.00]       static Erp.Kernel.Http.UnitOfWorkFilter.MicroCache[/api/tenancy/companies?search=activity4%40bravo-cnry1da37dc695.example].Item1: was 10/08/2026 07:51:45, now gone
[xUnit.net 00:29:57.00]       static Erp.Kernel.Http.UnitOfWorkFilter.MicroCache[/api/tenancy/companies?search=activity4%40bravo-cnry1da37dc695.example].Item2: was Microsoft.AspNetCore.Http.HttpResults.Results`2, now gone
[xUnit.net 00:29:57.00]       static Erp.Kernel.Http.UnitOfWorkFilter.MicroCache[/api/reports/lists/tenancy.branches?search=Activity%20CNRY1DA37DC695%20103].Item1: was 10/08/2026 07:51:21, now 10/08/2026 08:20:07
[xUnit.net 00:29:57.00]       static Erp.Kernel.Http.UnitOfWorkFilter.MicroCache[/api/reports/lists/tenancy.access?search=12345-B82E-159]: was System.ValueTuple`2, now gone
[xUnit.net 00:29:57.00]       Stack Trace:
[xUnit.net 00:29:57.01]         /work/tests/Erp.Gates.Tests/G1/G1HttpIsolationTests.cs(148,0): at Erp.Gates.Tests.G1.G1HttpIsolationTests.Tenant_A_cannot_reach_tenant_B_through_any_endpoint()
[xUnit.net 00:29:57.01]         --- End of stack trace from previous location ---
[xUnit.net 00:29:57.01]       Output:
[xUnit.net 00:29:57.01]         routes, tenant headers and guessed queries: 169740 requests so far, 273.9 s
[xUnit.net 00:29:57.01]         tenant switch inputs: 19 headers, 33 query names, 3 cookies, 35 body names: 180938 requests so far, 345.8 s
[xUnit.net 00:29:57.01]         write after write: 84 pairs over 51 endpoints, 324 pairs with 104 documented values, 18482 tenant A requests: 180938 requests so far, 604.2 s
[xUnit.net 00:29:57.01]         answer shapes: 10 endpoints, 441 shapes, 1427 tenant B and 841 tenant A requests: 181790 requests so far, 634.3 s
[xUnit.net 00:29:57.01]         tenant B values in route and query parameters: 362042 requests so far, 1251.3 s
[xUnit.net 00:29:57.01]         registered lists through their query contract: 16309 attacks, 29377 requests: 391419 requests so far, 1416.4 s
[xUnit.net 00:29:57.01]         list answers judged against each tenant's own rows: 552 queries, 0 with different true answers, 14527 rows walked; process-wide state fingerprinted in 394670 lines from 79 roots: 391419 requests so far, 1557.9 s
[xUnit.net 00:29:57.01]         tenant B values in body fields: 421641 requests so far, 1681.1 s
[xUnit.net 00:29:57.01]         tenant B activity: 117902 requests (53904 concurrent with the attack), 1104 successful own writes, 117834 responses judged for tenant A markers: 421641 requests so far, 1720.3 s
[xUnit.net 00:29:57.01]         tenant B: 263 ids (54 sampled), 146 text values, 100 extra markers, 40 probe values
[xUnit.net 00:29:57.01]         514328 tenant bindings and 1028286 setting statements judged among 4423355 statements; 514328 tenant values judged, 4887323 statements observed with their parameters; 11198 tenant switch inputs over 19 header names; 344596 responses judged on every header
[xUnit.net 00:29:57.01]         10605 tenant B route values replayed, 8528 tenant B opens of the routes A was about to attack
[xUnit.net 00:29:57.01]         104 documented enumeration values sent, 324 enumeration-variant write pairs
[xUnit.net 00:29:57.01]         109 endpoints, 440123 requests, 409 tenant B values, 130399 parameter attacks, 30222 body value attacks, 71289 differential checks (4851 values tenant A holds itself not compared), 516264 traced lookups
[xUnit.net 00:29:57.04]   Finished:    Erp.Gates.Tests (ID = 'd67f9af34c5c91feae69a31c7ab81956a411c8cd54ea4942d23c1fd06e059e25')
  Failed Erp.Gates.Tests.G1.G1HttpIsolationTests.Tenant_A_cannot_reach_tenant_B_through_any_endpoint [29 m 44 s]
  Error Message:
   12 isolation checks failed:

5108 leaks:
tenant A administrator (bearer) → GET /api/identity/roles [Plain] → 200: response contains tenant B marker 01a11a7e-457c-7bb9-a88a-f69e49e46158
tenant A administrator (cookie) → GET /api/identity/roles [TenantHeaders] → 200: response contains tenant B marker 01a11a7e-457c-7bb9-a88a-f69e49e46158
tenant A administrator (bearer) → GET /api/identity/roles [TenantHeaders] → 200: response contains tenant B marker 01a11a7e-457c-7bb9-a88a-f69e49e46158
tenant A administrator (cookie) → GET /api/identity/roles [Plain] → 200: response contains tenant B marker 01a11a7e-457c-7bb9-a88a-f69e49e46158
tenant A administrator (cookie) → GET /api/identity/roles/01a11a7e-457c-7242-9714-5eeefd143b38 [Plain] → 200: response contains tenant B marker 01a11a7e-457c-7242-9714-5eeefd143b38
tenant A administrator (bearer) → GET /api/identity/roles/01a11a7e-457c-7242-9714-5eeefd143b38 [Plain] → 200: response contains tenant B marker 01a11a7e-457c-7242-9714-5eeefd143b38
tenant A administrator (bearer) → GET /api/identity/roles/01a11a7e-457c-7242-9714-5eeefd143b38 [TenantHeaders] → 200: response contains tenant B marker 01a11a7e-457c-7242-9714-5eeefd143b38
tenant A administrator (cookie) → GET /api/identity/roles/01a11a7e-457c-7bb9-a88a-f69e49e46158 [Plain] → 200: response contains tenant B marker 01a11a7e-457c-7bb9-a88a-f69e49e46158
tenant A administrator (cookie) → GET /api/identity/roles/01a11a7e-457c-7242-9714-5eeefd143b38 [TenantHeaders] → 200: response contains tenant B marker 01a11a7e-457c-7242-9714-5eeefd143b38
tenant A administrator (bearer) → GET /api/identity/roles/01a11a7e-457c-7bb9-a88a-f69e49e46158 [Plain] → 200: response contains tenant B marker 01a11a7e-457c-7bb9-a88a-f69e49e46158
tenant A administrator (cookie) → GET /api/identity/roles/01a11a7e-457c-7bb9-a88a-f69e49e46158 [TenantHeaders] → 200: response contains tenant B marker 01a11a7e-457c-7bb9-a88a-f69e49e46158
tenant A administrator (bearer) → GET /api/identity/roles/01a11a7e-457c-7bb9-a88a-f69e49e46158 [TenantHeaders] → 200: response contains tenant B marker 01a11a7e-457c-7bb9-a88a-f69e49e46158
tenant A administrator (cookie) → GET /api/identity/roles/01a11a7e-5741-702d-85e5-c3cbdf1e4b68 [Plain] → 200: response contains tenant B marker 01a11a7e-5741-702d-85e5-c3cbdf1e4b68
tenant A administrator (bearer) → GET /api/identity/roles/01a11a7e-5741-702d-85e5-c3cbdf1e4b68 [Plain] → 200: response contains tenant B marker 01a11a7e-5741-702d-85e5-c3cbdf1e4b68
tenant A administrator (cookie) → GET /api/identity/roles/01a11a7e-5741-702d-85e5-c3cbdf1e4b68 [TenantHeaders] → 200: response contains tenant B marker 01a11a7e-5741-702d-85e5-c3cbdf1e4b68
tenant A administrator (cookie) → GET /api/identity/roles/01a11a7e-574f-71c0-94af-1e8b8c165965 [Plain] → 200: response contains tenant B marker 01a11a7e-574f-71c0-94af-1e8b8c165965
tenant A administrator (bearer) → GET /api/identity/roles/01a11a7e-5741-702d-85e5-c3cbdf1e4b68 [TenantHeaders] → 200: response contains tenant B marker 01a11a7e-5741-702d-85e5-c3cbdf1e4b68
tenant A administrator (bearer) → GET /api/identity/roles/01a11a7e-574f-71c0-94af-1e8b8c165965 [Plain] → 200: response contains tenant B marker 01a11a7e-574f-71c0-94af-1e8b8c165965
tenant A administrator (cookie) → GET /api/identity/roles/01a11a7e-574f-71c0-94af-1e8b8c165965 [TenantHeaders] → 200: response contains tenant B marker 01a11a7e-574f-71c0-94af-1e8b8c165965
tenant A administrator (bearer) → GET /api/identity/roles/01a11a7e-574f-71c0-94af-1e8b8c165965 [TenantHeaders] → 200: response contains tenant B marker 01a11a7e-574f-71c0-94af-1e8b8c165965
tenant A administrator (bearer) → GET /api/identity/roles/01a11a7f-5338-7263-a4b4-aec4f769eb0f [Plain] → 200: response contains tenant B marker CNRY1DA37DC695
tenant A administrator (cookie) → GET /api/identity/roles/01a11a7f-5338-7263-a4b4-aec4f769eb0f [Plain] → 200: response contains tenant B marker CNRY1DA37DC695
tenant A administrator (cookie) → GET /api/identity/roles/01a11a7f-53ba-7e6d-a119-33271958aa84 [Plain] → 200: response contains tenant B marker CNRY1DA37DC695
tenant A administrator (bearer) → GET /api/identity/roles/01a11a7f-53ba-7e6d-a119-33271958aa84 [Plain] → 200: response contains tenant B marker CNRY1DA37DC695
tenant A administrator (bearer) → GET /api/identity/roles/01a11a7f-5338-7263-a4b4-aec4f769eb0f [TenantHeaders] → 200: response contains tenant B marker CNRY1DA37DC695
tenant A administrator (cookie) → GET /api/identity/roles/01a11a7f-5338-7263-a4b4-aec4f769eb0f [TenantHeaders] → 200: response contains tenant B marker CNRY1DA37DC695
tenant A administrator (cookie) → GET /api/identity/roles/01a11a7f-53ba-7e6d-a119-33271958aa84 [TenantHeaders] → 200: response contains tenant B marker CNRY1DA37DC695
tenant A administrator (bearer) → GET /api/identity/roles/01a11a7f-53ba-7e6d-a119-33271958aa84 [TenantHeaders] → 200: response contains tenant B marker CNRY1DA37DC695
tenant A administrator (cookie) → GET /api/identity/users [TenantHeaders] → 200: response contains tenant B marker 01a11a7e-5807-74c6-ab40-9aecac61c084
tenant A administrator (bearer) → GET /api/identity/users [TenantHeaders] → 200: response contains tenant B marker 01a11a7e-5807-74c6-ab40-9aecac61c084
tenant A administrator (bearer) → GET /api/identity/users [Plain] → 200: response contains tenant B marker 01a11a7e-5807-74c6-ab40-9aecac61c084
tenant A administrator (cookie) → GET /api/identity/users [Plain] → 200: response contains tenant B marker 01a11a7e-5807-74c6-ab40-9aecac61c084
tenant A administrator (cookie) → GET /api/identity/users/018cc39b-8b00-7b18-97d5-14e6c8ad7d10 [Plain] → 200: response contains tenant B marker 018cc39b-8b00-7b18-97d5-14e6c8ad7d10
tenant A administrator (bearer) → GET /api/identity/users/018cc39b-8b00-7b18-97d5-14e6c8ad7d10 [Plain] → 200: response contains tenant B marker 018cc39b-8b00-7b18-97d5-14e6c8ad7d10
tenant A administrator (bearer) → GET /api/identity/users/018cc39b-8b00-7b18-97d5-14e6c8ad7d10 [TenantHeaders] → 200: response contains tenant B marker 018cc39b-8b00-7b18-97d5-14e6c8ad7d10
tenant A administrator (cookie) → GET /api/identity/users/018cc39b-8b00-7b18-97d5-14e6c8ad7d10 [TenantHeaders] → 200: response contains tenant B marker 018cc39b-8b00-7b18-97d5-14e6c8ad7d10
tenant A administrator (cookie) → GET /api/identity/users/018cc3a1-f3a0-79c5-a81b-18b226439a0d [Plain] → 200: response contains tenant B marker 018cc3a1-f3a0-79c5-a81b-18b226439a0d
tenant A administrator (bearer) → GET /api/identity/users/018cc3a1-f3a0-79c5-a81b-18b226439a0d [Plain] → 200: response contains tenant B marker 018cc3a1-f3a0-79c5-a81b-18b226439a0d
tenant A administrator (bearer) → GET /api/identity/users/018cc3a1-f3a0-79c5-a81b-18b226439a0d [TenantHeaders] → 200: response contains tenant B marker 018cc3a1-f3a0-79c5-a81b-18b226439a0d
tenant A administrator (cookie) → GET /api/identity/users/018cc3a8-5c40-7827-85b2-8e767e4f6796 [Plain] → 200: response contains tenant B marker 018cc3a8-5c40-7827-85b2-8e767e4f6796
tenant A administrator (bearer) → GET /api/identity/users/018cc3a8-5c40-7827-85b2-8e767e4f6796 [Plain] → 200: response contains tenant B marker 018cc3a8-5c40-7827-85b2-8e767e4f6796
tenant A administrator (bearer) → GET /api/identity/users/018cc3a8-5c40-7827-85b2-8e767e4f6796 [TenantHeaders] → 200: response contains tenant B marker 018cc3a8-5c40-7827-85b2-8e767e4f6796
tenant A administrator (cookie) → GET /api/identity/users/018cc3ae-c4e0-7b60-b520-842147e2d550 [Plain] → 200: response contains tenant B marker 018cc3ae-c4e0-7b60-b520-842147e2d550
tenant A administrator (cookie) → GET /api/identity/users/018cc3a1-f3a0-79c5-a81b-18b226439a0d [TenantHeaders] → 200: response contains tenant B marker 018cc3a1-f3a0-79c5-a81b-18b226439a0d
tenant A administrator (cookie) → GET /api/identity/users/018cc3a8-5c40-7827-85b2-8e767e4f6796 [TenantHeaders] → 200: response contains tenant B marker 018cc3a8-5c40-7827-85b2-8e767e4f6796
tenant A administrator (bearer) → GET /api/identity/users/018cc3ae-c4e0-7b60-b520-842147e2d550 [Plain] → 200: response contains tenant B marker 018cc3ae-c4e0-7b60-b520-842147e2d550
tenant A administrator (bearer) → GET /api/identity/users/018cc3ae-c4e0-7b60-b520-842147e2d550 [TenantHeaders] → 200: response contains tenant B marker 018cc3ae-c4e0-7b60-b520-842147e2d550
tenant A administrator (cookie) → GET /api/identity/users/018cc3ae-c4e0-7b60-b520-842147e2d550 [TenantHeaders] → 200: response contains tenant B marker 018cc3ae-c4e0-7b60-b520-842147e2d550
tenant A administrator (bearer) → GET /api/identity/users/018cc3b5-2d80-7112-85d6-019a5d5fa124 [Plain] → 200: response contains tenant B marker 018cc3b5-2d80-7112-85d6-019a5d5fa124
tenant A administrator (cookie) → GET /api/identity/users/018cc3b5-2d80-7112-85d6-019a5d5fa124 [Plain] → 200: response contains tenant B marker 018cc3b5-2d80-7112-85d6-019a5d5fa124

17 answers that tell tenant B's values apart from values that exist nowhere:
tenant A administrator (cookie) → GET /api/identity/roles/01a11a7e-5741-702d-85e5-c3cbdf1e4b68 [path id]: 200 {"id":"\u003Csent\u003E","nameEn":"Activity CNRY1DA37DC695 1","nameAr":"\u0646\u0634\u0627\u0637 CNRY1DA37DC695 1","permissions":["identity.users.read"],"isSyst… but for a value that exists nowhere (a44d0dc8-207a-4da8-93f3-235b9f60460d) 404 {"type":"urn:erp:problem:notFound","title":"The record was not found.","status":404,"code":"notFound"}; first difference: {"id":"\u003Csent\u003E","nameEn":"Activity CNRY1DA37DC695 1","nameAr":"\u0646\u0634\u0627\u0637 CNRY1DA37DC695 1","permissions":["identity.users.read"],"isSyst… | {"type":"urn:erp:problem:notFound","title":"The record was not found.","status":404,"code":"notFound"}
tenant A administrator (cookie) → GET /api/identity/users/01a11a7e-5758-7a9a-af6c-6ac91354fabc [path id]: 200 {"id":"\u003Csent\u003E","email":"activity3@bravo-cnry1da37dc695.example","displayName":"Activity CNRY1DA37DC695 3","language":"en","isActive":true,"roleIds":["… but for a value that exists nowhere (7dc8cf2d-5bae-4a28-a344-d3f16ee365de) 404 {"type":"urn:erp:problem:notFound","title":"The record was not found.","status":404,"code":"notFound"}; first difference: {"id":"\u003Csent\u003E","email":"activity3@bravo-cnry1da37dc695.example","displayName":"Activity CNRY1DA37DC695 3","language":"en","isActive":true,"roleIds":["… | {"type":"urn:erp:problem:notFound","title":"The record was not found.","status":404,"code":"notFound"}
tenant A administrator (cookie) → GET /api/identity/users/01a11a7e-5758-7a9a-af6c-6ac91354fabc/access [path id]: 200 {"userId":"\u003Csent\u003E","roles":[{"id":"01a11a7e-457c-7242-9714-5eeefd143b38","nameEn":"Read-only CNRY1DA37DC695","nameAr":"\u0642\u0631\u0627\u0621\u0629 … but for a value that exists nowhere (6dcbdb75-8190-4ec1-b49d-399a8deb72ab) 404 {"type":"urn:erp:problem:notFound","title":"The record was not found.","status":404,"code":"notFound"}; first difference: {"userId":"\u003Csent\u003E","roles":[{"id":"01a11a7e-457c-7242-9714-5eeefd143b38","nameEn":"Read-only CNRY1DA37DC695","nameAr":"\u0642\u0631\u0627\u0621\u0629 … | {"type":"urn:erp:problem:notFound","title":"The record was not found.","status":404,"code":"notFound"}
tenant A administrator (cookie) → GET /api/identity/users/01a11a7e-5758-7a9a-af6c-6ac91354fabc/sign-ins [path id]: 200 {"items":[],"total":0,"paused":[]} but for a value that exists nowhere (afe74ab8-a2e5-4b7c-bd75-c76e67e3e0ed) 404 {"type":"urn:erp:problem:notFound","title":"The record was not found.","status":404,"code":"notFound"}; first difference: {"items":[],"total":0,"paused":[]} | {"type":"urn:erp:problem:notFound","title":"The record was not found.","status":404,"code":"notFound"}
tenant A administrator (cookie) → GET /api/lists/identity.roles/shared-views/01a11a7e-58dc-7d32-843a-756e8c79a21c [path id]: 200 {"id":"\u003Csent\u003E","listKey":"identity.roles","name":"Activity CNRY1DA37DC695 8","isShared":true,"isDefault":false,"isMine":false,"columns":["nameEn"],"so… but for a value that exists nowhere (7aaa5598-d6ac-4ae6-a33c-847c6288ce2b) 404 {"type":"urn:erp:problem:notFound","title":"The record was not found.","status":404,"code":"notFound"}; first difference: {"id":"\u003Csent\u003E","listKey":"identity.roles","name":"Activity CNRY1DA37DC695 8","isShared":true,"isDefault":false,"isMine":false,"columns":["nameEn"],"so… | {"type":"urn:erp:problem:notFound","title":"The record was not found.","status":404,"code":"notFound"}
tenant A administrator (cookie) → GET /api/lists/identity.roles/views/01a11a7e-592f-7116-988c-b460d83fd6f3 [path id]: 200 {"id":"\u003Csent\u003E","listKey":"identity.roles","name":"Activity CNRY1DA37DC695 20","isShared":false,"isDefault":false,"isMine":true,"columns":["nameEn"],"s… but for a value that exists nowhere (f5eec278-f034-4145-910a-4e73ca59b17f) 404 {"type":"urn:erp:problem:notFound","title":"The record was not found.","status":404,"code":"notFound"}; first difference: {"id":"\u003Csent\u003E","listKey":"identity.roles","name":"Activity CNRY1DA37DC695 20","isShared":false,"isDefault":false,"isMine":true,"columns":["nameEn"],"s… | {"type":"urn:erp:problem:notFound","title":"The record was not found.","status":404,"code":"notFound"}
tenant A administrator (cookie) → GET /api/lists/identity.users/shared-views/01a11a7e-5980-73c8-a68d-651e1b089451 [path id]: 200 {"id":"\u003Csent\u003E","listKey":"identity.users","name":"Activity CNRY1DA37DC695 32","isShared":true,"isDefault":false,"isMine":false,"columns":["displayName… but for a value that exists nowhere (9542e7df-d968-4aba-8ba6-cedb7b2aaad0) 404 {"type":"urn:erp:problem:notFound","title":"The record was not found.","status":404,"code":"notFound"}; first difference: {"id":"\u003Csent\u003E","listKey":"identity.users","name":"Activity CNRY1DA37DC695 32","isShared":true,"isDefault":false,"isMine":false,"columns":["displayName… | {"type":"urn:erp:problem:notFound","title":"The record was not found.","status":404,"code":"notFound"}
tenant A administrator (cookie) → GET /api/lists/identity.users/views/01a11a7e-5a1f-70a2-b695-71fbfcfc3506 [path id]: 200 {"id":"\u003Csent\u003E","listKey":"identity.users","name":"Activity CNRY1DA37DC695 51","isShared":false,"isDefault":false,"isMine":true,"columns":["lastSignInA… but for a value that exists nowhere (9b6e3dad-5669-4538-8332-e336638eb82a) 404 {"type":"urn:erp:problem:notFound","title":"The record was not found.","status":404,"code":"notFound"}; first difference: {"id":"\u003Csent\u003E","listKey":"identity.users","name":"Activity CNRY1DA37DC695 51","isShared":false,"isDefault":false,"isMine":true,"columns":["lastSignInA… | {"type":"urn:erp:problem:notFound","title":"The record was not found.","status":404,"code":"notFound"}
tenant A administrator (cookie) → GET /api/lists/tenancy.access/shared-views/01a11a7e-5ab9-7978-adab-275867affa03 [path id]: 200 {"id":"\u003Csent\u003E","listKey":"tenancy.access","name":"Activity CNRY1DA37DC695 70","isShared":true,"isDefault":false,"isMine":false,"columns":["displayName… but for a value that exists nowhere (1c7b2336-5fdc-4d8c-b310-114e9425e005) 404 {"type":"urn:erp:problem:notFound","title":"The record was not found.","status":404,"code":"notFound"}; first difference: {"id":"\u003Csent\u003E","listKey":"tenancy.access","name":"Activity CNRY1DA37DC695 70","isShared":true,"isDefault":false,"isMine":false,"columns":["displayName… | {"type":"urn:erp:problem:notFound","title":"The record was not found.","status":404,"code":"notFound"}
tenant A administrator (cookie) → GET /api/lists/tenancy.access/views/01a11a7e-5adf-7fdb-bfb6-42d19ed77375 [path id]: 200 {"id":"\u003Csent\u003E","listKey":"tenancy.access","name":"Activity CNRY1DA37DC695 74","isShared":false,"isDefault":false,"isMine":true,"columns":["displayName… but for a value that exists nowhere (69e754bc-ebac-4080-a4e7-bc8f1dd72569) 404 {"type":"urn:erp:problem:notFound","title":"The record was not found.","status":404,"code":"notFound"}; first difference: {"id":"\u003Csent\u003E","listKey":"tenancy.access","name":"Activity CNRY1DA37DC695 74","isShared":false,"isDefault":false,"isMine":true,"columns":["displayName… | {"type":"urn:erp:problem:notFound","title":"The record was not found.","status":404,"code":"notFound"}
tenant A administrator (cookie) → GET /api/lists/tenancy.branches/shared-views/01a11a7e-5b14-704b-8615-501c373fe51a [path id]: 200 {"id":"\u003Csent\u003E","listKey":"tenancy.branches","name":"Activity CNRY1DA37DC695 78","isShared":true,"isDefault":false,"isMine":false,"columns":["code"],"s… but for a value that exists nowhere (dda8ec78-5017-4932-86c0-e467d421d133) 404 {"type":"urn:erp:problem:notFound","title":"The record was not found.","status":404,"code":"notFound"}; first difference: {"id":"\u003Csent\u003E","listKey":"tenancy.branches","name":"Activity CNRY1DA37DC695 78","isShared":true,"isDefault":false,"isMine":false,"columns":["code"],"s… | {"type":"urn:erp:problem:notFound","title":"The record was not found.","status":404,"code":"notFound"}
tenant A administrator (cookie) → GET /api/lists/tenancy.branches/views/01a11a7e-5bc3-774e-8881-0afb375557aa [path id]: 200 {"id":"\u003Csent\u003E","listKey":"tenancy.branches","name":"Activity CNRY1DA37DC695 97","isShared":false,"isDefault":false,"isMine":true,"columns":["code"],"s… but for a value that exists nowhere (9cbcc658-0ed7-4577-a9d4-bb319affc47a) 404 {"type":"urn:erp:problem:notFound","title":"The record was not found.","status":404,"code":"notFound"}; first difference: {"id":"\u003Csent\u003E","listKey":"tenancy.branches","name":"Activity CNRY1DA37DC695 97","isShared":false,"isDefault":false,"isMine":true,"columns":["code"],"s… | {"type":"urn:erp:problem:notFound","title":"The record was not found.","status":404,"code":"notFound"}
tenant A administrator (cookie) → GET /api/lists/tenancy.companies/shared-views/01a11a7e-5c89-7c75-aa3a-d030d4d33958 [path id]: 200 {"id":"\u003Csent\u003E","listKey":"tenancy.companies","name":"Activity CNRY1DA37DC695 116","isShared":true,"isDefault":false,"isMine":false,"columns":["code"],… but for a value that exists nowhere (4dc65b15-3268-4364-bbba-a8f5533a2c1f) 404 {"type":"urn:erp:problem:notFound","title":"The record was not found.","status":404,"code":"notFound"}; first difference: {"id":"\u003Csent\u003E","listKey":"tenancy.companies","name":"Activity CNRY1DA37DC695 116","isShared":true,"isDefault":false,"isMine":false,"columns":["code"],… | {"type":"urn:erp:problem:notFound","title":"The record was not found.","status":404,"code":"notFound"}
tenant A administrator (cookie) → GET /api/lists/tenancy.companies/views/01a11a7e-5d41-7081-8f53-12d31cfff788 [path id]: 200 {"id":"\u003Csent\u003E","listKey":"tenancy.companies","name":"Activity CNRY1DA37DC695 137","isShared":false,"isDefault":false,"isMine":true,"columns":["code"],… but for a value that exists nowhere (8e8b8a0d-0b95-48c0-a95c-c379224e677d) 404 {"type":"urn:erp:problem:notFound","title":"The record was not found.","status":404,"code":"notFound"}; first difference: {"id":"\u003Csent\u003E","listKey":"tenancy.companies","name":"Activity CNRY1DA37DC695 137","isShared":false,"isDefault":false,"isMine":true,"columns":["code"],… | {"type":"urn:erp:problem:notFound","title":"The record was not found.","status":404,"code":"notFound"}
tenant A administrator (cookie) → GET /api/tenancy/access/018cc39b-8b00-7b18-97d5-14e6c8ad7d10 [path userId]: 200 {"userId":"\u003Csent\u003E","displayName":"Maria Brown CNRY1DA37DC695","email":"maria.brown.1@bravo-cnry1da37dc695.example","isCaller":false,"companies":[],"op… but for a value that exists nowhere (938c253a-c4dc-4490-8697-6166e3d02c2c) 404 {"type":"urn:erp:problem:notFound","title":"The record was not found.","status":404,"code":"notFound"}; first difference: {"userId":"\u003Csent\u003E","displayName":"Maria Brown CNRY1DA37DC695","email":"maria.brown.1@bravo-cnry1da37dc695.example","isCaller":false,"companies":[],"op… | {"type":"urn:erp:problem:notFound","title":"The record was not found.","status":404,"code":"notFound"}
tenant A administrator (cookie) → GET /api/tenancy/branches/01a11a7e-5de4-74d4-8a6e-7dcf7aa7fe95 [path id]: 200 {"id":"\u003Csent\u003E","companyId":"0191eee6-f881-740f-a5db-63dc66f1ce53","companyCode":"B1-CO","code":"DXB-WH1-B82E-158","nameEn":"Activity CNRY1DA37DC695 15… but for a value that exists nowhere (b385f440-b6cb-46fc-8474-de833d557bce) 404 {"type":"urn:erp:problem:notFound","title":"The record was not found.","status":404,"code":"notFound"}; first difference: {"id":"\u003Csent\u003E","companyId":"0191eee6-f881-740f-a5db-63dc66f1ce53","companyCode":"B1-CO","code":"DXB-WH1-B82E-158","nameEn":"Activity CNRY1DA37DC695 15… | {"type":"urn:erp:problem:notFound","title":"The record was not found.","status":404,"code":"notFound"}
tenant A administrator (cookie) → GET /api/tenancy/companies/01a11a7e-5e26-7425-b710-79435fa51cac [path id]: 200 {"id":"\u003Csent\u003E","code":"AN-DXB-B82E-166","legalNameEn":"Activity CNRY1DA37DC695 166","legalNameAr":"\u0646\u0634\u0627\u0637 CNRY1DA37DC695 166","trade… but for a value that exists nowhere (4b5f33ed-0259-4d19-9bf2-5d3aca6059e3) 404 {"type":"urn:erp:problem:notFound","title":"The record was not found.","status":404,"code":"notFound"}; first difference: {"id":"\u003Csent\u003E","code":"AN-DXB-B82E-166","legalNameEn":"Activity CNRY1DA37DC695 166","legalNameAr":"\u0646\u0634\u0627\u0637 CNRY1DA37DC695 166","trade… | {"type":"urn:erp:problem:notFound","title":"The record was not found.","status":404,"code":"notFound"}

Product code read request inputs by enumerating them (a name the attack cannot learn and send tenant B's id in):
raw query string by Erp.Kernel.Http.UnitOfWorkFilter

Tenant B's own writes must succeed so their handlers run to the end; these did not:
PUT /api/identity/users/{id:guid} → 409 {"type":"urn:erp:problem:concurrency","title":"Someone else changed this record after you opened it. Reload it and try again.","status":409,"code":"concurrency","traceId":"0HNP523EBKODL"}
PUT /api/identity/users/{id:guid} → 409 {"type":"urn:erp:problem:concurrency","title":"Someone else changed this record after you opened it. Reload it and try again.","status":409,"code":"concurrency","traceId":"0HNP523EBKODP"}
PUT /api/lists/identity.roles/shared-views/{id:guid} → 409 {"type":"urn:erp:problem:concurrency","title":"Someone else changed this record after you opened it. Reload it and try again.","status":409,"code":"concurrency","traceId":"00-6271c2f3c11f590f756503690
PUT /api/lists/identity.roles/shared-views/{id:guid} → 409 {"type":"urn:erp:problem:concurrency","title":"Someone else changed this record after you opened it. Reload it and try again.","status":409,"code":"concurrency","traceId":"00-98d128cf191d18750c290cb26
PUT /api/lists/identity.roles/shared-views/{id:guid} → 409 {"type":"urn:erp:problem:concurrency","title":"Someone else changed this record after you opened it. Reload it and try again.","status":409,"code":"concurrency","traceId":"00-1b606ec2e77a2609a7b737396
PUT /api/lists/identity.roles/shared-views/{id:guid} → 409 {"type":"urn:erp:problem:concurrency","title":"Someone else changed this record after you opened it. Reload it and try again.","status":409,"code":"concurrency","traceId":"00-036b4ecfe214eca2cf21a2db0
PUT /api/lists/identity.roles/shared-views/{id:guid} → 409 {"type":"urn:erp:problem:concurrency","title":"Someone else changed this record after you opened it. Reload it and try again.","status":409,"code":"concurrency","traceId":"00-203103232ebdb368c74566571
PUT /api/lists/identity.roles/shared-views/{id:guid} → 409 {"type":"urn:erp:problem:concurrency","title":"Someone else changed this record after you opened it. Reload it and try again.","status":409,"code":"concurrency","traceId":"00-0197b256072a2b149f884bf35
PUT /api/lists/identity.roles/shared-views/{id:guid} → 409 {"type":"urn:erp:problem:concurrency","title":"Someone else changed this record after you opened it. Reload it and try again.","status":409,"code":"concurrency","traceId":"00-93441d6729992b445195c31db
PUT /api/lists/identity.roles/shared-views/{id:guid} → 409 {"type":"urn:erp:problem:concurrency","title":"Someone else changed this record after you opened it. Reload it and try again.","status":409,"code":"concurrency","traceId":"00-26c98d4849619433f672b52c5
PUT /api/lists/identity.roles/shared-views/{id:guid} → 409 {"type":"urn:erp:problem:concurrency","title":"Someone else changed this record after you opened it. Reload it and try again.","status":409,"code":"concurrency","traceId":"00-8722a954ec2aa803a009a3c70
PUT /api/lists/identity.roles/shared-views/{id:guid} → 409 {"type":"urn:erp:problem:concurrency","title":"Someone else changed this record after you opened it. Reload it and try again.","status":409,"code":"concurrency","traceId":"00-39e6810a6de864d001265f474
PUT /api/lists/identity.roles/shared-views/{id:guid} → 409 {"type":"urn:erp:problem:concurrency","title":"Someone else changed this record after you opened it. Reload it and try again.","status":409,"code":"concurrency","traceId":"00-1a00d1ac86aa82d54c773bff6
PUT /api/lists/identity.roles/views/{id:guid} → 409 {"type":"urn:erp:problem:concurrency","title":"Someone else changed this record after you opened it. Reload it and try again.","status":409,"code":"concurrency","traceId":"00-5e1412484748f5b6bcc2363a7
PUT /api/lists/identity.roles/views/{id:guid} → 409 {"type":"urn:erp:problem:concurrency","title":"Someone else changed this record after you opened it. Reload it and try again.","status":409,"code":"concurrency","traceId":"00-e841542d6bd8a423b0b59b1d0
PUT /api/lists/identity.roles/views/{id:guid} → 409 {"type":"urn:erp:problem:concurrency","title":"Someone else changed this record after you opened it. Reload it and try again.","status":409,"code":"concurrency","traceId":"00-0bad1caeec9d1b19e9502ecd0
PUT /api/lists/identity.roles/views/{id:guid} → 409 {"type":"urn:erp:problem:concurrency","title":"Someone else changed this record after you opened it. Reload it and try again.","status":409,"code":"concurrency","traceId":"00-41d95463a55520de9ef88e95d
PUT /api/lists/identity.roles/views/{id:guid} → 409 {"type":"urn:erp:problem:concurrency","title":"Someone else changed this record after you opened it. Reload it and try again.","status":409,"code":"concurrency","traceId":"00-1c0c0b45a58bf220fbf165b6b
PUT /api/lists/identity.roles/views/{id:guid} → 409 {"type":"urn:erp:problem:concurrency","title":"Someone else changed this record after you opened it. Reload it and try again.","status":409,"code":"concurrency","traceId":"00-453172c13ab919a2987aef394
PUT /api/lists/identity.roles/views/{id:guid} → 409 {"type":"urn:erp:problem:concurrency","title":"Someone else changed this record after you opened it. Reload it and try again.","status":409,"code":"concurrency","traceId":"00-b20792fdd90179f7bb3ea5d1f
PUT /api/lists/identity.roles/views/{id:guid} → 409 {"type":"urn:erp:problem:concurrency","title":"Someone else changed this record after you opened it. Reload it and try again.","status":409,"code":"concurrency","traceId":"00-ac977da8c2640c18415ec9703
PUT /api/lists/identity.roles/views/{id:guid} → 409 {"type":"urn:erp:problem:concurrency","title":"Someone else changed this record after you opened it. Reload it and try again.","status":409,"code":"concurrency","traceId":"00-0a77286cf2f276c0cb5d42c9b
PUT /api/lists/identity.roles/views/{id:guid} → 409 {"type":"urn:erp:problem:concurrency","title":"Someone else changed this record after you opened it. Reload it and try again.","status":409,"code":"concurrency","traceId":"00-f6cf8d7560e7c91b272fe24bf
PUT /api/lists/identity.roles/views/{id:guid} → 409 {"type":"urn:erp:problem:concurrency","title":"Someone else changed this record after you opened it. Reload it and try again.","status":409,"code":"concurrency","traceId":"00-fa43539c0cfe01c847a15283f
PUT /api/lists/identity.users/shared-views/{id:guid} → 409 {"type":"urn:erp:problem:concurrency","title":"Someone else changed this record after you opened it. Reload it and try again.","status":409,"code":"concurrency","traceId":"00-46150993e96e5e0b510e9c4bd
PUT /api/lists/identity.users/shared-views/{id:guid} → 409 {"type":"urn:erp:problem:concurrency","title":"Someone else changed this record after you opened it. Reload it and try again.","status":409,"code":"concurrency","traceId":"00-25fd36f61f18de77fac760126
PUT /api/lists/identity.users/shared-views/{id:guid} → 409 {"type":"urn:erp:problem:concurrency","title":"Someone else changed this record after you opened it. Reload it and try again.","status":409,"code":"concurrency","traceId":"00-f2e67bb7e897f5dc4c502cf0f
PUT /api/lists/identity.users/shared-views/{id:guid} → 409 {"type":"urn:erp:problem:concurrency","title":"Someone else changed this record after you opened it. Reload it and try again.","status":409,"code":"concurrency","traceId":"00-848615b7cc7a6f30991e6a9cb
PUT /api/lists/identity.users/shared-views/{id:guid} → 409 {"type":"urn:erp:problem:concurrency","title":"Someone else changed this record after you opened it. Reload it and try again.","status":409,"code":"concurrency","traceId":"00-846eab6ebf2c2b65799792ac2
PUT /api/lists/identity.users/shared-views/{id:guid} → 409 {"type":"urn:erp:problem:concurrency","title":"Someone else changed this record after you opened it. Reload it and try again.","status":409,"code":"concurrency","traceId":"00-6cc4f47f6bf57fe1c92f6a4a3
PUT /api/lists/identity.users/shared-views/{id:guid} → 409 {"type":"urn:erp:problem:concurrency","title":"Someone else changed this record after you opened it. Reload it and try again.","status":409,"code":"concurrency","traceId":"00-e8109c0f70cfacd2e2717d4ee
PUT /api/lists/identity.users/shared-views/{id:guid} → 409 {"type":"urn:erp:problem:concurrency","title":"Someone else changed this record after you opened it. Reload it and try again.","status":409,"code":"concurrency","traceId":"00-eb210ec5f65fccdf6491cba20
PUT /api/lists/identity.users/shared-views/{id:guid} → 409 {"type":"urn:erp:problem:concurrency","title":"Someone else changed this record after you opened it. Reload it and try again.","status":409,"code":"concurrency","traceId":"00-387f069e89b4768e01ea6d451
PUT /api/lists/identity.users/shared-views/{id:guid} → 409 {"type":"urn:erp:problem:concurrency","title":"Someone else changed this record after you opened it. Reload it and try again.","status":409,"code":"concurrency","traceId":"00-a2bfeb4d8a8d5432e0e42bc7f
PUT /api/lists/identity.users/shared-views/{id:guid} → 409 {"type":"urn:erp:problem:concurrency","title":"Someone else changed this record after you opened it. Reload it and try again.","status":409,"code":"concurrency","traceId":"00-c9013a7cd9fdfc4501a94caaf
PUT /api/lists/identity.users/shared-views/{id:guid} → 409 {"type":"urn:erp:problem:concurrency","title":"Someone else changed this record after you opened it. Reload it and try again.","status":409,"code":"concurrency","traceId":"00-9eba523e8dacfb6aa3780713b
PUT /api/lists/identity.users/shared-views/{id:guid} → 409 {"type":"urn:erp:problem:concurrency","title":"Someone else changed this record after you opened it. Reload it and try again.","status":409,"code":"concurrency","traceId":"00-aea27fb37826d92692ce70762
PUT /api/lists/identity.users/shared-views/{id:guid} → 409 {"type":"urn:erp:problem:concurrency","title":"Someone else changed this record after you opened it. Reload it and try again.","status":409,"code":"concurrency","traceId":"00-0aaf349465abe9d2a001e3746
PUT /api/lists/identity.users/shared-views/{id:guid} → 409 {"type":"urn:erp:problem:concurrency","title":"Someone else changed this record after you opened it. Reload it and try again.","status":409,"code":"concurrency","traceId":"00-628ef296935fa8d6d9f6602bd
PUT /api/lists/identity.users/shared-views/{id:guid} → 409 {"type":"urn:erp:problem:concurrency","title":"Someone else changed this record after you opened it. Reload it and try again.","status":409,"code":"concurrency","traceId":"00-b95f5370dc1890c7beca49fcc
PUT /api/lists/identity.users/shared-views/{id:guid} → 409 {"type":"urn:erp:problem:concurrency","title":"Someone else changed this record after you opened it. Reload it and try again.","status":409,"code":"concurrency","traceId":"00-ff170901cec92653b7f12e0fd
PUT /api/lists/identity.users/shared-views/{id:guid} → 409 {"type":"urn:erp:problem:concurrency","title":"Someone else changed this record after you opened it. Reload it and try again.","status":409,"code":"concurrency","traceId":"00-3a833f3dd4fc47a8e1a360cb1
PUT /api/lists/identity.users/views/{id:guid} → 409 {"type":"urn:erp:problem:concurrency","title":"Someone else changed this record after you opened it. Reload it and try again.","status":409,"code":"concurrency","traceId":"00-5845c87dfb402c9d747ca9de7
PUT /api/lists/identity.users/views/{id:guid} → 409 {"type":"urn:erp:problem:concurrency","title":"Someone else changed this record after you opened it. Reload it and try again.","status":409,"code":"concurrency","traceId":"00-aea7f57224f3f76d4f5fca527
PUT /api/lists/identity.users/views/{id:guid} → 409 {"type":"urn:erp:problem:concurrency","title":"Someone else changed this record after you opened it. Reload it and try again.","status":409,"code":"concurrency","traceId":"00-1047025b625f94fabb46c161f
PUT /api/lists/identity.users/views/{id:guid} → 409 {"type":"urn:erp:problem:concurrency","title":"Someone else changed this record after you opened it. Reload it and try again.","status":409,"code":"concurrency","traceId":"00-2837be5d06a515de6bd3011b7
PUT /api/lists/identity.users/views/{id:guid} → 409 {"type":"urn:erp:problem:concurrency","title":"Someone else changed this record after you opened it. Reload it and try again.","status":409,"code":"concurrency","traceId":"00-2102d688c6d1e78d3e5bc9517
PUT /api/lists/identity.users/views/{id:guid} → 409 {"type":"urn:erp:problem:concurrency","title":"Someone else changed this record after you opened it. Reload it and try again.","status":409,"code":"concurrency","traceId":"00-9173d8c2e2a4c5be6b63cb5de
PUT /api/lists/identity.users/views/{id:guid} → 409 {"type":"urn:erp:problem:concurrency","title":"Someone else changed this record after you opened it. Reload it and try again.","status":409,"code":"concurrency","traceId":"00-651d3d0321c01c487560ea219
PUT /api/lists/identity.users/views/{id:guid} → 409 {"type":"urn:erp:problem:concurrency","title":"Someone else changed this record after you opened it. Reload it and try again.","status":409,"code":"concurrency","traceId":"00-ddb10ecf2fd6a1ebc5bc26164
PUT /api/lists/identity.users/views/{id:guid} → 409 {"type":"urn:erp:problem:concurrency","title":"Someone else changed this record after you opened it. Reload it and try again.","status":409,"code":"concurrency","traceId":"00-b954f4546f18caa59792eb46c
PUT /api/lists/identity.users/views/{id:guid} → 409 {"type":"urn:erp:problem:concurrency","title":"Someone else changed this record after you opened it. Reload it and try again.","status":409,"code":"concurrency","traceId":"00-cc909c26e7a51f1d553250dad
PUT /api/lists/identity.users/views/{id:guid} → 409 {"type":"urn:erp:problem:concurrency","title":"Someone else changed this record after you opened it. Reload it and try again.","status":409,"code":"concurrency","traceId":"00-325b0f8f1093624b8d39aecd7
PUT /api/lists/identity.users/views/{id:guid} → 409 {"type":"urn:erp:problem:concurrency","title":"Someone else changed this record after you opened it. Reload it and try again.","status":409,"code":"concurrency","traceId":"00-2e3fe0ae81e5768be60f62f43
PUT /api/lists/identity.users/views/{id:guid} → 409 {"type":"urn:erp:problem:concurrency","title":"Someone else changed this record after you opened it. Reload it and try again.","status":409,"code":"concurrency","traceId":"00-723b43bd2ec09f95a565d7223
PUT /api/lists/identity.users/views/{id:guid} → 409 {"type":"urn:erp:problem:concurrency","title":"Someone else changed this record after you opened it. Reload it and try again.","status":409,"code":"concurrency","traceId":"00-3fa56c25ce22fe8636488e6bf
PUT /api/lists/identity.users/views/{id:guid} → 409 {"type":"urn:erp:problem:concurrency","title":"Someone else changed this record after you opened it. Reload it and try again.","status":409,"code":"concurrency","traceId":"00-a984bddc6e814f3cfeb49e35e
PUT /api/lists/identity.users/views/{id:guid} → 409 {"type":"urn:erp:problem:concurrency","title":"Someone else changed this record after you opened it. Reload it and try again.","status":409,"code":"concurrency","traceId":"00-0f51b6d0b13fd953f2f444dd4
PUT /api/lists/identity.users/views/{id:guid} → 409 {"type":"urn:erp:problem:concurrency","title":"Someone else changed this record after you opened it. Reload it and try again.","status":409,"code":"concurrency","traceId":"00-8691b5731d439b09e1ce162f1
PUT /api/lists/identity.users/views/{id:guid} → 409 {"type":"urn:erp:problem:concurrency","title":"Someone else changed this record after you opened it. Reload it and try again.","status":409,"code":"concurrency","traceId":"00-d804d3b35be9a1f431a8b269b
PUT /api/lists/tenancy.access/shared-views/{id:guid} → 409 {"type":"urn:erp:problem:concurrency","title":"Someone else changed this record after you opened it. Reload it and try again.","status":409,"code":"concurrency","traceId":"00-a74c1f22751647404d7413326
PUT /api/lists/tenancy.access/shared-views/{id:guid} → 409 {"type":"urn:erp:problem:concurrency","title":"Someone else changed this record after you opened it. Reload it and try again.","status":409,"code":"concurrency","traceId":"00-1fc10ac60593dc503e49221a2
PUT /api/lists/tenancy.access/shared-views/{id:guid} → 409 {"type":"urn:erp:problem:concurrency","title":"Someone else changed this record after you opened it. Reload it and try again.","status":409,"code":"concurrency","traceId":"00-3203fdc93a2723d8109740b59
PUT /api/lists/tenancy.access/views/{id:guid} → 409 {"type":"urn:erp:problem:concurrency","title":"Someone else changed this record after you opened it. Reload it and try again.","status":409,"code":"concurrency","traceId":"00-6f89dea8dcc47fec8ad66baba
PUT /api/lists/tenancy.access/views/{id:guid} → 409 {"type":"urn:erp:problem:concurrency","title":"Someone else changed this record after you opened it. Reload it and try again.","status":409,"code":"concurrency","traceId":"00-1e4af9eddeaf2a8e7b3924b1c
PUT /api/lists/tenancy.access/views/{id:guid} → 409 {"type":"urn:erp:problem:concurrency","title":"Someone else changed this record after you opened it. Reload it and try again.","status":409,"code":"concurrency","traceId":"00-a8456b50301c07067cc0e25aa
PUT /api/lists/tenancy.branches/shared-views/{id:guid} → 409 {"type":"urn:erp:problem:concurrency","title":"Someone else changed this record after you opened it. Reload it and try again.","status":409,"code":"concurrency","traceId":"00-890638394b66c8dff993215f6
PUT /api/lists/tenancy.branches/shared-views/{id:guid} → 409 {"type":"urn:erp:problem:concurrency","title":"Someone else changed this record after you opened it. Reload it and try again.","status":409,"code":"concurrency","traceId":"00-b2acb99ec6c76d18245d8bdef
PUT /api/lists/tenancy.branches/shared-views/{id:guid} → 409 {"type":"urn:erp:problem:concurrency","title":"Someone else changed this record after you opened it. Reload it and try again.","status":409,"code":"concurrency","traceId":"00-099de24b0585f1b807dd18f57
PUT /api/lists/tenancy.branches/shared-views/{id:guid} → 409 {"type":"urn:erp:problem:concurrency","title":"Someone else changed this record after you opened it. Reload it and try again.","status":409,"code":"concurrency","traceId":"00-b5709237e9fa0bb6127e0345b
PUT /api/lists/tenancy.branches/shared-views/{id:guid} → 409 {"type":"urn:erp:problem:concurrency","title":"Someone else changed this record after you opened it. Reload it and try again.","status":409,"code":"concurrency","traceId":"00-87f7f2b8bb80aad2abc452500
PUT /api/lists/tenancy.branches/shared-views/{id:guid} → 409 {"type":"urn:erp:problem:concurrency","title":"Someone else changed this record after you opened it. Reload it and try again.","status":409,"code":"concurrency","traceId":"00-6be74525cf0f41a33e85dac3a
PUT /api/lists/tenancy.branches/shared-views/{id:guid} → 409 {"type":"urn:erp:problem:concurrency","title":"Someone else changed this record after you opened it. Reload it and try again.","status":409,"code":"concurrency","traceId":"00-796310782e92403c234fea403
PUT /api/lists/tenancy.branches/shared-views/{id:guid} → 409 {"type":"urn:erp:problem:concurrency","title":"Someone else changed this record after you opened it. Reload it and try again.","status":409,"code":"concurrency","traceId":"00-2faad4799258b5fdbdd705c07
PUT /api/lists/tenancy.branches/shared-views/{id:guid} → 409 {"type":"urn:erp:problem:concurrency","title":"Someone else changed this record after you opened it. Reload it and try again.","status":409,"code":"concurrency","traceId":"00-48ea164b0ffd05418cdfda897
PUT /api/lists/tenancy.branches/shared-views/{id:guid} → 409 {"type":"urn:erp:problem:concurrency","title":"Someone else changed this record after you opened it. Reload it and try again.","status":409,"code":"concurrency","traceId":"00-53045c4942c94d579794cd9a6
PUT /api/lists/tenancy.branches/shared-views/{id:guid} → 409 {"type":"urn:erp:problem:concurrency","title":"Someone else changed this record after you opened it. Reload it and try again.","status":409,"code":"concurrency","traceId":"00-cff678648e624f6a3b66fd65a
PUT /api/lists/tenancy.branches/shared-views/{id:guid} → 409 {"type":"urn:erp:problem:concurrency","title":"Someone else changed this record after you opened it. Reload it and try again.","status":409,"code":"concurrency","traceId":"00-442f77267572ad08bfece79cc
PUT /api/lists/tenancy.branches/shared-views/{id:guid} → 409 {"type":"urn:erp:problem:concurrency","title":"Someone else changed this record after you opened it. Reload it and try again.","status":409,"code":"concurrency","traceId":"00-32caac0b922f8efbbc3f9284b
PUT /api/lists/tenancy.branches/shared-views/{id:guid} → 409 {"type":"urn:erp:problem:concurrency","title":"Someone else changed this record after you opened it. Reload it and try again.","status":409,"code":"concurrency","traceId":"00-afc87a689324aef6db8a95ad6
PUT /api/lists/tenancy.branches/shared-views/{id:guid} → 409 {"type":"urn:erp:problem:concurrency","title":"Someone else changed this record after you opened it. Reload it and try again.","status":409,"code":"concurrency","traceId":"00-1352f9d8089c292a9c4b9fad2
PUT /api/lists/tenancy.branches/shared-views/{id:guid} → 409 {"type":"urn:erp:problem:concurrency","title":"Someone else changed this record after you opened it. Reload it and try again.","status":409,"code":"concurrency","traceId":"00-ed637a66d782e7a4ae8a45604
PUT /api/lists/tenancy.branches/shared-views/{id:guid} → 409 {"type":"urn:erp:problem:concurrency","title":"Someone else changed this record after you opened it. Reload it and try again.","status":409,"code":"concurrency","traceId":"00-246e79b101d75ffab485b6d3b
PUT /api/lists/tenancy.branches/shared-views/{id:guid} → 409 {"type":"urn:erp:problem:concurrency","title":"Someone else changed this record after you opened it. Reload it and try again.","status":409,"code":"concurrency","traceId":"00-1b5b395f69f90c1cb3e723611
PUT /api/lists/tenancy.branches/views/{id:guid} → 409 {"type":"urn:erp:problem:concurrency","title":"Someone else changed this record after you opened it. Reload it and try again.","status":409,"code":"concurrency","traceId":"00-9c6de7aa145cb1142a85e2744
PUT /api/lists/tenancy.branches/views/{id:guid} → 409 {"type":"urn:erp:problem:concurrency","title":"Someone else changed this record after you opened it. Reload it and try again.","status":409,"code":"concurrency","traceId":"00-0f23ffca05680a2cb47c40cbf
PUT /api/lists/tenancy.branches/views/{id:guid} → 409 {"type":"urn:erp:problem:concurrency","title":"Someone else changed this record after you opened it. Reload it and try again.","status":409,"code":"concurrency","traceId":"00-8de1ebda9d00590f57998bbb7
PUT /api/lists/tenancy.branches/views/{id:guid} → 409 {"type":"urn:erp:problem:concurrency","title":"Someone else changed this record after you opened it. Reload it and try again.","status":409,"code":"concurrency","traceId":"00-460e0f95bdef65f6ba5855475
PUT /api/lists/tenancy.branches/views/{id:guid} → 409 {"type":"urn:erp:problem:concurrency","title":"Someone else changed this record after you opened it. Reload it and try again.","status":409,"code":"concurrency","traceId":"00-8c7dcebbda8e5350dc0929490
PUT /api/lists/tenancy.branches/views/{id:guid} → 409 {"type":"urn:erp:problem:concurrency","title":"Someone else changed this record after you opened it. Reload it and try again.","status":409,"code":"concurrency","traceId":"00-a9e9216e1622835b86741b523
PUT /api/lists/tenancy.branches/views/{id:guid} → 409 {"type":"urn:erp:problem:concurrency","title":"Someone else changed this record after you opened it. Reload it and try again.","status":409,"code":"concurrency","traceId":"00-5bdac65a2b99aa6e003375b98
PUT /api/lists/tenancy.branches/views/{id:guid} → 409 {"type":"urn:erp:problem:concurrency","title":"Someone else changed this record after you opened it. Reload it and try again.","status":409,"code":"concurrency","traceId":"00-153687d1d8d386d01afd1325e
PUT /api/lists/tenancy.branches/views/{id:guid} → 409 {"type":"urn:erp:problem:concurrency","title":"Someone else changed this record after you opened it. Reload it and try again.","status":409,"code":"concurrency","traceId":"00-8aea885b3327b8d78e7f808fa
PUT /api/lists/tenancy.branches/views/{id:guid} → 409 {"type":"urn:erp:problem:concurrency","title":"Someone else changed this record after you opened it. Reload it and try again.","status":409,"code":"concurrency","traceId":"00-e0be025b6fa847e6023dce893
PUT /api/lists/tenancy.branches/views/{id:guid} → 409 {"type":"urn:erp:problem:concurrency","title":"Someone else changed this record after you opened it. Reload it and try again.","status":409,"code":"concurrency","traceId":"00-bdb9fbfd00f363fb279d67bb5
PUT /api/lists/tenancy.branches/views/{id:guid} → 409 {"type":"urn:erp:problem:concurrency","title":"Someone else changed this record after you opened it. Reload it and try again.","status":409,"code":"concurrency","traceId":"00-16470efb6427639a786fd3cf2
PUT /api/lists/tenancy.branches/views/{id:guid} → 409 {"type":"urn:erp:problem:concurrency","title":"Someone else changed this record after you opened it. Reload it and try again.","status":409,"code":"concurrency","traceId":"00-1250ef147e051d77d6cdfa656
PUT /api/lists/tenancy.branches/views/{id:guid} → 409 {"type":"urn:erp:problem:concurrency","title":"Someone else changed this record after you opened it. Reload it and try again.","status":409,"code":"concurrency","traceId":"00-44223fd59f120e4c03b328f36
PUT /api/lists/tenancy.branches/views/{id:guid} → 409 {"type":"urn:erp:problem:concurrency","title":"Someone else changed this record after you opened it. Reload it and try again.","status":409,"code":"concurrency","traceId":"00-51f0762bfe4e10468e745057f
PUT /api/lists/tenancy.branches/views/{id:guid} → 409 {"type":"urn:erp:problem:concurrency","title":"Someone else changed this record after you opened it. Reload it and try again.","status":409,"code":"concurrency","traceId":"00-3f617e75198b0d5d51e070864
PUT /api/lists/tenancy.branches/views/{id:guid} → 409 {"type":"urn:erp:problem:concurrency","title":"Someone else changed this record after you opened it. Reload it and try again.","status":409,"code":"concurrency","traceId":"00-d26cbb1564eaae56c4d65c8db
PUT /api/lists/tenancy.branches/views/{id:guid} → 409 {"type":"urn:erp:problem:concurrency","title":"Someone else changed this record after you opened it. Reload it and try again.","status":409,"code":"concurrency","traceId":"00-f70a9d5cab009bdbff4217d3a
PUT /api/lists/tenancy.companies/shared-views/{id:guid} → 409 {"type":"urn:erp:problem:concurrency","title":"Someone else changed this record after you opened it. Reload it and try again.","status":409,"code":"concurrency","traceId":"00-93f7a04d84e522daad33c36a2
PUT /api/lists/tenancy.companies/shared-views/{id:guid} → 409 {"type":"urn:erp:problem:concurrency","title":"Someone else changed this record after you opened it. Reload it and try again.","status":409,"code":"concurrency","traceId":"00-73fa6ad92665afc481aaafebb
PUT /api/lists/tenancy.companies/shared-views/{id:guid} → 409 {"type":"urn:erp:problem:concurrency","title":"Someone else changed this record after you opened it. Reload it and try again.","status":409,"code":"concurrency","traceId":"00-bd8ec7bff41045199f1169754
PUT /api/lists/tenancy.companies/shared-views/{id:guid} → 409 {"type":"urn:erp:problem:concurrency","title":"Someone else changed this record after you opened it. Reload it and try again.","status":409,"code":"concurrency","traceId":"00-107c22f9a5f70dfe6dff38c11
PUT /api/lists/tenancy.companies/shared-views/{id:guid} → 409 {"type":"urn:erp:problem:concurrency","title":"Someone else changed this record after you opened it. Reload it and try again.","status":409,"code":"concurrency","traceId":"00-a5fbc58beafa12cd1bffc9646
PUT /api/lists/tenancy.companies/shared-views/{id:guid} → 409 {"type":"urn:erp:problem:concurrency","title":"Someone else changed this record after you opened it. Reload it and try again.","status":409,"code":"concurrency","traceId":"00-7c4d3bd08ddd6686b66069095
PUT /api/lists/tenancy.companies/shared-views/{id:guid} → 409 {"type":"urn:erp:problem:concurrency","title":"Someone else changed this record after you opened it. Reload it and try again.","status":409,"code":"concurrency","traceId":"00-66f4cf3f980d683dbaeb63d2b
PUT /api/lists/tenancy.companies/shared-views/{id:guid} → 409 {"type":"urn:erp:problem:concurrency","title":"Someone else changed this record after you opened it. Reload it and try again.","status":409,"code":"concurrency","traceId":"00-6c571f5ec7cc7c4db4b3e0d8f
PUT /api/lists/tenancy.companies/shared-views/{id:guid} → 409 {"type":"urn:erp:problem:concurrency","title":"Someone else changed this record after you opened it. Reload it and try again.","status":409,"code":"concurrency","traceId":"00-54fad8eb6bc3a72636d31ebbc
PUT /api/lists/tenancy.companies/shared-views/{id:guid} → 409 {"type":"urn:erp:problem:concurrency","title":"Someone else changed this record after you opened it. Reload it and try again.","status":409,"code":"concurrency","traceId":"00-e2b6930beacbc16b938edeec7
PUT /api/lists/tenancy.companies/shared-views/{id:guid} → 409 {"type":"urn:erp:problem:concurrency","title":"Someone else changed this record after you opened it. Reload it and try again.","status":409,"code":"concurrency","traceId":"00-b6efa4970d8ac408f1d628b3f
PUT /api/lists/tenancy.companies/shared-views/{id:guid} → 409 {"type":"urn:erp:problem:concurrency","title":"Someone else changed this record after you opened it. Reload it and try again.","status":409,"code":"concurrency","traceId":"00-20c856210e978b85fb18c1763
PUT /api/lists/tenancy.companies/shared-views/{id:guid} → 409 {"type":"urn:erp:problem:concurrency","title":"Someone else changed this record after you opened it. Reload it and try again.","status":409,"code":"concurrency","traceId":"00-29d2d4e7583ffc920f84e9d5e
PUT /api/lists/tenancy.companies/shared-views/{id:guid} → 409 {"type":"urn:erp:problem:concurrency","title":"Someone else changed this record after you opened it. Reload it and try again.","status":409,"code":"concurrency","traceId":"00-aaa3f4390431cb19b6c49b68a
PUT /api/lists/tenancy.companies/shared-views/{id:guid} → 409 {"type":"urn:erp:problem:concurrency","title":"Someone else changed this record after you opened it. Reload it and try again.","status":409,"code":"concurrency","traceId":"00-74fc086395692264f55952811
PUT /api/lists/tenancy.companies/shared-views/{id:guid} → 409 {"type":"urn:erp:problem:concurrency","title":"Someone else changed this record after you opened it. Reload it and try again.","status":409,"code":"concurrency","traceId":"00-77401d464e14b6182e0f5f6dd
PUT /api/lists/tenancy.companies/shared-views/{id:guid} → 409 {"type":"urn:erp:problem:concurrency","title":"Someone else changed this record after you opened it. Reload it and try again.","status":409,"code":"concurrency","traceId":"00-ee5f7452f017ba2160cc5bbe7
PUT /api/lists/tenancy.companies/shared-views/{id:guid} → 409 {"type":"urn:erp:problem:concurrency","title":"Someone else changed this record after you opened it. Reload it and try again.","status":409,"code":"concurrency","traceId":"00-5e7311a33e08d480bf4259597
PUT /api/lists/tenancy.companies/shared-views/{id:guid} → 409 {"type":"urn:erp:problem:concurrency","title":"Someone else changed this record after you opened it. Reload it and try again.","status":409,"code":"concurrency","traceId":"00-a4fce2a5ec17a5546b52a9b6c
PUT /api/lists/tenancy.companies/shared-views/{id:guid} → 409 {"type":"urn:erp:problem:concurrency","title":"Someone else changed this record after you opened it. Reload it and try again.","status":409,"code":"concurrency","traceId":"00-73cb144d97729b41e874802e1
PUT /api/lists/tenancy.companies/views/{id:guid} → 409 {"type":"urn:erp:problem:concurrency","title":"Someone else changed this record after you opened it. Reload it and try again.","status":409,"code":"concurrency","traceId":"00-818867c1b2bd31d443ae59806
PUT /api/lists/tenancy.companies/views/{id:guid} → 409 {"type":"urn:erp:problem:concurrency","title":"Someone else changed this record after you opened it. Reload it and try again.","status":409,"code":"concurrency","traceId":"00-27f6bb9492bec0f9b95152eaf
PUT /api/lists/tenancy.companies/views/{id:guid} → 409 {"type":"urn:erp:problem:concurrency","title":"Someone else changed this record after you opened it. Reload it and try again.","status":409,"code":"concurrency","traceId":"00-4e8421cdb8af3ce0f51438f5a
PUT /api/lists/tenancy.companies/views/{id:guid} → 409 {"type":"urn:erp:problem:concurrency","title":"Someone else changed this record after you opened it. Reload it and try again.","status":409,"code":"concurrency","traceId":"00-624aeea3d891f1025c5aec9c0
PUT /api/lists/tenancy.companies/views/{id:guid} → 409 {"type":"urn:erp:problem:concurrency","title":"Someone else changed this record after you opened it. Reload it and try again.","status":409,"code":"concurrency","traceId":"00-b57f854bc4fd919b86a6fcc56
PUT /api/lists/tenancy.companies/views/{id:guid} → 409 {"type":"urn:erp:problem:concurrency","title":"Someone else changed this record after you opened it. Reload it and try again.","status":409,"code":"concurrency","traceId":"00-2b00077574969e9ba15cdecf6
PUT /api/lists/tenancy.companies/views/{id:guid} → 409 {"type":"urn:erp:problem:concurrency","title":"Someone else changed this record after you opened it. Reload it and try again.","status":409,"code":"concurrency","traceId":"00-2408b3c48ed617e7ba1b9c522
PUT /api/lists/tenancy.companies/views/{id:guid} → 409 {"type":"urn:erp:problem:concurrency","title":"Someone else changed this record after you opened it. Reload it and try again.","status":409,"code":"concurrency","traceId":"00-6ce5b2b4d8b7a164f92ac8d99
PUT /api/lists/tenancy.companies/views/{id:guid} → 409 {"type":"urn:erp:problem:concurrency","title":"Someone else changed this record after you opened it. Reload it and try again.","status":409,"code":"concurrency","traceId":"00-a03c658a16417b97e8f1fd974
PUT /api/lists/tenancy.companies/views/{id:guid} → 409 {"type":"urn:erp:problem:concurrency","title":"Someone else changed this record after you opened it. Reload it and try again.","status":409,"code":"concurrency","traceId":"00-f2665f483829b3c7c12279a7a
PUT /api/lists/tenancy.companies/views/{id:guid} → 409 {"type":"urn:erp:problem:concurrency","title":"Someone else changed this record after you opened it. Reload it and try again.","status":409,"code":"concurrency","traceId":"00-e6ea1b0d24f3bd10269dcbc50
PUT /api/lists/tenancy.companies/views/{id:guid} → 409 {"type":"urn:erp:problem:concurrency","title":"Someone else changed this record after you opened it. Reload it and try again.","status":409,"code":"concurrency","traceId":"00-8d10d523bdf5993b4bd731761
PUT /api/lists/tenancy.companies/views/{id:guid} → 409 {"type":"urn:erp:problem:concurrency","title":"Someone else changed this record after you opened it. Reload it and try again.","status":409,"code":"concurrency","traceId":"00-a1e34b1e92c89e407d5f40a11
PUT /api/lists/tenancy.companies/views/{id:guid} → 409 {"type":"urn:erp:problem:concurrency","title":"Someone else changed this record after you opened it. Reload it and try again.","status":409,"code":"concurrency","traceId":"00-35a4212c9e73ca4e74a0724f6
PUT /api/lists/tenancy.companies/views/{id:guid} → 409 {"type":"urn:erp:problem:concurrency","title":"Someone else changed this record after you opened it. Reload it and try again.","status":409,"code":"concurrency","traceId":"00-8b94da1413ed16fa941f41ae1
PUT /api/lists/tenancy.companies/views/{id:guid} → 409 {"type":"urn:erp:problem:concurrency","title":"Someone else changed this record after you opened it. Reload it and try again.","status":409,"code":"concurrency","traceId":"00-392483ad16fd97d20fd57f3e7
PUT /api/lists/tenancy.companies/views/{id:guid} → 409 {"type":"urn:erp:problem:concurrency","title":"Someone else changed this record after you opened it. Reload it and try again.","status":409,"code":"concurrency","traceId":"00-15223f15102a9755f534420d5
PUT /api/lists/tenancy.companies/views/{id:guid} → 409 {"type":"urn:erp:problem:concurrency","title":"Someone else changed this record after you opened it. Reload it and try again.","status":409,"code":"concurrency","traceId":"00-528c380643b49f5016fef7356
PUT /api/lists/tenancy.companies/views/{id:guid} → 409 {"type":"urn:erp:problem:concurrency","title":"Someone else changed this record after you opened it. Reload it and try again.","status":409,"code":"concurrency","traceId":"00-0bbe5aa0e21e3a63aec458bb1
PUT /api/lists/tenancy.companies/views/{id:guid} → 409 {"type":"urn:erp:problem:concurrency","title":"Someone else changed this record after you opened it. Reload it and try again.","status":409,"code":"concurrency","traceId":"00-d91cab71ae56f47df4b6edc51
PUT /api/tenancy/branches/{id:guid} → 409 {"type":"urn:erp:problem:concurrency","title":"Someone else changed this record after you opened it. Reload it and try again.","status":409,"code":"concurrency","traceId":"0HNP523EBKP26"}
PUT /api/tenancy/branches/{id:guid} → 409 {"type":"urn:erp:problem:concurrency","title":"Someone else changed this record after you opened it. Reload it and try again.","status":409,"code":"concurrency","traceId":"0HNP523EBKP2B"}
PUT /api/tenancy/branches/{id:guid} → 409 {"type":"urn:erp:problem:concurrency","title":"Someone else changed this record after you opened it. Reload it and try again.","status":409,"code":"concurrency","traceId":"0HNP523EBKP2E"}
PUT /api/tenancy/branches/{id:guid} → 409 {"type":"urn:erp:problem:concurrency","title":"Someone else changed this record after you opened it. Reload it and try again.","status":409,"code":"concurrency","traceId":"0HNP523EBKP2J"}
PUT /api/tenancy/branches/{id:guid} → 409 {"type":"urn:erp:problem:concurrency","title":"Someone else changed this record after you opened it. Reload it and try again.","status":409,"code":"concurrency","traceId":"0HNP523EBKP2N"}
PUT /api/tenancy/branches/{id:guid} → 409 {"type":"urn:erp:problem:concurrency","title":"Someone else changed this record after you opened it. Reload it and try again.","status":409,"code":"concurrency","traceId":"0HNP523EBKP2R"}
PUT /api/tenancy/branches/{id:guid} → 409 {"type":"urn:erp:problem:concurrency","title":"Someone else changed this record after you opened it. Reload it and try again.","status":409,"code":"concurrency","traceId":"0HNP523EBKP2U"}
PUT /api/tenancy/companies/{id:guid} → 409 {"type":"urn:erp:problem:concurrency","title":"Someone else changed this record after you opened it. Reload it and try again.","status":409,"code":"concurrency","traceId":"0HNP523EBKP37"}
PUT /api/tenancy/companies/{id:guid} → 409 {"type":"urn:erp:problem:concurrency","title":"Someone else changed this record after you opened it. Reload it and try again.","status":409,"code":"concurrency","traceId":"0HNP523EBKP3A"}
PUT /api/tenancy/companies/{id:guid} → 409 {"type":"urn:erp:problem:concurrency","title":"Someone else changed this record after you opened it. Reload it and try again.","status":409,"code":"concurrency","traceId":"0HNP523EBKP3D"}
PUT /api/tenancy/companies/{id:guid} → 409 {"type":"urn:erp:problem:concurrency","title":"Someone else changed this record after you opened it. Reload it and try again.","status":409,"code":"concurrency","traceId":"0HNP523EBKP3G"}
PUT /api/tenancy/companies/{id:guid} → 409 {"type":"urn:erp:problem:concurrency","title":"Someone else changed this record after you opened it. Reload it and try again.","status":409,"code":"concurrency","traceId":"0HNP523EBKP3J"}
PUT /api/tenancy/companies/{id:guid} → 409 {"type":"urn:erp:problem:concurrency","title":"Someone else changed this record after you opened it. Reload it and try again.","status":409,"code":"concurrency","traceId":"0HNP523EBKP3L"}
PUT /api/tenancy/companies/{id:guid} → 409 {"type":"urn:erp:problem:concurrency","title":"Someone else changed this record after you opened it. Reload it and try again.","status":409,"code":"concurrency","traceId":"0HNP523EBKP3N"}
PUT /api/tenancy/tenant → 409 {"type":"urn:erp:problem:concurrency","title":"Someone else changed this record after you opened it. Reload it and try again.","status":409,"code":"concurrency","traceId":"0HNP523EBKP3R"}
PUT /api/tenancy/tenant → 409 {"type":"urn:erp:problem:concurrency","title":"Someone else changed this record after you opened it. Reload it and try again.","status":409,"code":"concurrency","traceId":"0HNP523EBKP3T"}
PUT /api/tenancy/tenant → 409 {"type":"urn:erp:problem:concurrency","title":"Someone else changed this record after you opened it. Reload it and try again.","status":409,"code":"concurrency","traceId":"0HNP523EBKP3V"}
PUT /api/tenancy/tenant → 409 {"type":"urn:erp:problem:concurrency","title":"Someone else changed this record after you opened it. Reload it and try again.","status":409,"code":"concurrency","traceId":"0HNP523EBKP41"}
PUT /api/tenancy/tenant → 409 {"type":"urn:erp:problem:concurrency","title":"Someone else changed this record after you opened it. Reload it and try again.","status":409,"code":"concurrency","traceId":"0HNP523EBKP44"}
PUT /api/tenancy/tenant → 409 {"type":"urn:erp:problem:concurrency","title":"Someone else changed this record after you opened it. Reload it and try again.","status":409,"code":"concurrency","traceId":"0HNP523EBKP46"}
PUT /api/tenancy/tenant → 409 {"type":"urn:erp:problem:concurrency","title":"Someone else changed this record after you opened it. Reload it and try again.","status":409,"code":"concurrency","traceId":"0HNP523EBKP48"}
PUT /api/tenancy/tenant → 409 {"type":"urn:erp:problem:concurrency","title":"Someone else changed this record after you opened it. Reload it and try again.","status":409,"code":"concurrency","traceId":"0HNP523EBKP4C"}
PUT /api/tenancy/tenant → 409 {"type":"urn:erp:problem:concurrency","title":"Someone else changed this record after you opened it. Reload it and try again.","status":409,"code":"concurrency","traceId":"0HNP523EBKP4F"}
PUT /api/identity/roles/{id:guid} → 409 {"type":"urn:erp:problem:concurrency","title":"Someone else changed this record after you opened it. Reload it and try again.","status":409,"code":"concurrency","traceId":"0HNP523EBLQT6"}
PUT /api/identity/users/{id:guid} → 409 {"type":"urn:erp:problem:concurrency","title":"Someone else changed this record after you opened it. Reload it and try again.","status":409,"code":"concurrency","traceId":"0HNP523EBM7SC"}
PUT /api/lists/identity.roles/views/{id:guid} → 409 {"type":"urn:erp:problem:concurrency","title":"Someone else changed this record after you opened it. Reload it and try again.","status":409,"code":"concurrency","traceId":"00-69ab5daefc3bb06175701aa75
PUT /api/lists/identity.users/shared-views/{id:guid} → 409 {"type":"urn:erp:problem:concurrency","title":"Someone else changed this record after you opened it. Reload it and try again.","status":409,"code":"concurrency","traceId":"00-5c2a7ec50da0d6179aed053b4
PUT /api/lists/identity.users/views/{id:guid} → 409 {"type":"urn:erp:problem:concurrency","title":"Someone else changed this record after you opened it. Reload it and try again.","status":409,"code":"concurrency","traceId":"00-29094480c60610edc28339752
PUT /api/lists/tenancy.access/shared-views/{id:guid} → 409 {"type":"urn:erp:problem:concurrency","title":"Someone else changed this record after you opened it. Reload it and try again.","status":409,"code":"concurrency","traceId":"00-c6d1bed6728629e3ab9e452d9
PUT /api/lists/tenancy.access/views/{id:guid} → 409 {"type":"urn:erp:problem:concurrency","title":"Someone else changed this record after you opened it. Reload it and try again.","status":409,"code":"concurrency","traceId":"00-c6b4b865ddc2fe5c38fcd252c
PUT /api/lists/tenancy.branches/shared-views/{id:guid} → 409 {"type":"urn:erp:problem:concurrency","title":"Someone else changed this record after you opened it. Reload it and try again.","status":409,"code":"concurrency","traceId":"00-1a2ab3d97d8c54773a8a7a442
PUT /api/lists/tenancy.branches/views/{id:guid} → 409 {"type":"urn:erp:problem:concurrency","title":"Someone else changed this record after you opened it. Reload it and try again.","status":409,"code":"concurrency","traceId":"00-09823de7f028ea913e163bcce
PUT /api/lists/tenancy.companies/shared-views/{id:guid} → 409 {"type":"urn:erp:problem:concurrency","title":"Someone else changed this record after you opened it. Reload it and try again.","status":409,"code":"concurrency","traceId":"00-665a45116c5d3d4b2777ff9fd
PUT /api/tenancy/branches/{id:guid} → 409 {"type":"urn:erp:problem:concurrency","title":"Someone else changed this record after you opened it. Reload it and try again.","status":409,"code":"concurrency","traceId":"0HNP523EBQC48"}
PUT /api/tenancy/tenant → 409 {"type":"urn:erp:problem:concurrency","title":"Someone else changed this record after you opened it. Reload it and try again.","status":409,"code":"concurrency","traceId":"0HNP523EBQU4O"}
PUT /api/tenancy/tenant → 409 {"type":"urn:erp:problem:concurrency","title":"Someone else changed this record after you opened it. Reload it and try again.","status":409,"code":"concurrency","traceId":"0HNP523EBQU5M"}
PUT /api/identity/roles/{id:guid} → 409 {"type":"urn:erp:problem:concurrency","title":"Someone else changed this record after you opened it. Reload it and try again.","status":409,"code":"concurrency","traceId":"0HNP523EBRPN1"}
PUT /api/identity/users/{id:guid} → 409 {"type":"urn:erp:problem:concurrency","title":"Someone else changed this record after you opened it. Reload it and try again.","status":409,"code":"concurrency","traceId":"0HNP523EBRR5I"}
PUT /api/lists/identity.roles/shared-views/{id:guid} → 409 {"type":"urn:erp:problem:concurrency","title":"Someone else changed this record after you opened it. Reload it and try again.","status":409,"code":"concurrency","traceId":"00-9dfaddcf1ed87a816e90596e5
PUT /api/lists/identity.roles/views/{id:guid} → 409 {"type":"urn:erp:problem:concurrency","title":"Someone else changed this record after you opened it. Reload it and try again.","status":409,"code":"concurrency","traceId":"00-eb7399b986113a6a2404082b6
PUT /api/lists/identity.users/shared-views/{id:guid} → 409 {"type":"urn:erp:problem:concurrency","title":"Someone else changed this record after you opened it. Reload it and try again.","status":409,"code":"concurrency","traceId":"00-78d232452584c35e7b83dd035
PUT /api/lists/identity.users/views/{id:guid} → 409 {"type":"urn:erp:problem:concurrency","title":"Someone else changed this record after you opened it. Reload it and try again.","status":409,"code":"concurrency","traceId":"00-595499799f614cd4390536b3a
PUT /api/lists/tenancy.access/shared-views/{id:guid} → 409 {"type":"urn:erp:problem:concurrency","title":"Someone else changed this record after you opened it. Reload it and try again.","status":409,"code":"concurrency","traceId":"00-e14d77c7a9ee0f5402cdd9abc
PUT /api/lists/tenancy.access/views/{id:guid} → 409 {"type":"urn:erp:problem:concurrency","title":"Someone else changed this record after you opened it. Reload it and try again.","status":409,"code":"concurrency","traceId":"00-383d8d794a50c5b624f327979
PUT /api/lists/tenancy.branches/shared-views/{id:guid} → 409 {"type":"urn:erp:problem:concurrency","title":"Someone else changed this record after you opened it. Reload it and try again.","status":409,"code":"concurrency","traceId":"00-20956d51920d7dc9886419ee6
PUT /api/lists/tenancy.branches/views/{id:guid} → 409 {"type":"urn:erp:problem:concurrency","title":"Someone else changed this record after you opened it. Reload it and try again.","status":409,"code":"concurrency","traceId":"00-fef7f386e1f638f458da76f91
PUT /api/lists/tenancy.companies/shared-views/{id:guid} → 409 {"type":"urn:erp:problem:concurrency","title":"Someone else changed this record after you opened it. Reload it and try again.","status":409,"code":"concurrency","traceId":"00-26f54d212959c710df536e5b1
PUT /api/lists/tenancy.companies/views/{id:guid} → 409 {"type":"urn:erp:problem:concurrency","title":"Someone else changed this record after you opened it. Reload it and try again.","status":409,"code":"concurrency","traceId":"00-b2afb4069bf2413f0acabcb7f
PUT /api/tenancy/branches/{id:guid} → 409 {"type":"urn:erp:problem:concurrency","title":"Someone else changed this record after you opened it. Reload it and try again.","status":409,"code":"concurrency","traceId":"0HNP523EBS6BK"}
PUT /api/tenancy/companies/{id:guid} → 409 {"type":"urn:erp:problem:concurrency","title":"Someone else changed this record after you opened it. Reload it and try again.","status":409,"code":"concurrency","traceId":"0HNP523EBS6UC"}
PUT /api/tenancy/tenant → 409 {"type":"urn:erp:problem:concurrency","title":"Someone else changed this record after you opened it. Reload it and try again.","status":409,"code":"concurrency","traceId":"0HNP523EBS7MF"}
PUT /api/identity/roles/{id:guid} → 409 {"type":"urn:erp:problem:concurrency","title":"Someone else changed this record after you opened it. Reload it and try again.","status":409,"code":"concurrency","traceId":"0HNP523EBSBV2"}
PUT /api/identity/roles/{id:guid} → 409 {"type":"urn:erp:problem:concurrency","title":"Someone else changed this record after you opened it. Reload it and try again.","status":409,"code":"concurrency","traceId":"0HNP523EBSBVL"}
PUT /api/identity/users/{id:guid} → 409 {"type":"urn:erp:problem:concurrency","title":"Someone else changed this record after you opened it. Reload it and try again.","status":409,"code":"concurrency","traceId":"0HNP523EBSHI3"}
PUT /api/identity/users/{id:guid} → 409 {"type":"urn:erp:problem:concurrency","title":"Someone else changed this record after you opened it. Reload it and try again.","status":409,"code":"concurrency","traceId":"0HNP523EBSHIN"}
PUT /api/identity/users/{id:guid} → 409 {"type":"urn:erp:problem:concurrency","title":"Someone else changed this record after you opened it. Reload it and try again.","status":409,"code":"concurrency","traceId":"0HNP523EBSHJB"}
PUT /api/identity/users/{id:guid} → 409 {"type":"urn:erp:problem:concurrency","title":"Someone else changed this record after you opened it. Reload it and try again.","status":409,"code":"concurrency","traceId":"0HNP523EBSHJT"}
PUT /api/identity/users/{id:guid} → 409 {"type":"urn:erp:problem:concurrency","title":"Someone else changed this record after you opened it. Reload it and try again.","status":409,"code":"concurrency","traceId":"0HNP523EBSHKB"}
PUT /api/identity/users/{id:guid} → 409 {"type":"urn:erp:problem:concurrency","title":"Someone else changed this record after you opened it. Reload it and try again.","status":409,"code":"concurrency","traceId":"0HNP523EBSHL1"}
PUT /api/identity/users/{id:guid} → 409 {"type":"urn:erp:problem:concurrency","title":"Someone else changed this record after you opened it. Reload it and try again.","status":409,"code":"concurrency","traceId":"0HNP523EBSHLI"}
PUT /api/identity/users/{id:guid} → 409 {"type":"urn:erp:problem:concurrency","title":"Someone else changed this record after you opened it. Reload it and try again.","status":409,"code":"concurrency","traceId":"0HNP523EBSIEL"}
PUT /api/lists/identity.roles/shared-views/{id:guid} → 409 {"type":"urn:erp:problem:concurrency","title":"Someone else changed this record after you opened it. Reload it and try again.","status":409,"code":"concurrency","traceId":"00-7e5472c7e269df7034e0dd95d
PUT /api/lists/identity.roles/shared-views/{id:guid} → 409 {"type":"urn:erp:problem:concurrency","title":"Someone else changed this record after you opened it. Reload it and try again.","status":409,"code":"concurrency","traceId":"00-2cb3b2143612d92c960c6babb
PUT /api/lists/identity.roles/shared-views/{id:guid} → 409 {"type":"urn:erp:problem:concurrency","title":"Someone else changed this record after you opened it. Reload it and try again.","status":409,"code":"concurrency","traceId":"00-8b111246dc8d24a6e8392e66c
PUT /api/lists/identity.roles/shared-views/{id:guid} → 409 {"type":"urn:erp:problem:concurrency","title":"Someone else changed this record after you opened it. Reload it and try again.","status":409,"code":"concurrency","traceId":"00-5a66e7e505a8c65e6c54ec6d0
PUT /api/lists/identity.roles/shared-views/{id:guid} → 409 {"type":"urn:erp:problem:concurrency","title":"Someone else changed this record after you opened it. Reload it and try again.","status":409,"code":"concurrency","traceId":"00-44bfac7aa6958dc57d560d11a
PUT /api/lists/identity.roles/shared-views/{id:guid} → 409 {"type":"urn:erp:problem:concurrency","title":"Someone else changed this record after you opened it. Reload it and try again.","status":409,"code":"concurrency","traceId":"00-6ad3cf1786f74d8b7e99a0457
PUT /api/lists/identity.roles/shared-views/{id:guid} → 409 {"type":"urn:erp:problem:concurrency","title":"Someone else changed this record after you opened it. Reload it and try again.","status":409,"code":"concurrency","traceId":"00-434a282c5b9d8ef79de44acbe
PUT /api/lists/identity.roles/shared-views/{id:guid} → 409 {"type":"urn:erp:problem:concurrency","title":"Someone else changed this record after you opened it. Reload it and try again.","status":409,"code":"concurrency","traceId":"00-9ef623c0a0b11ed49d5b12d26
PUT /api/lists/identity.roles/shared-views/{id:guid} → 409 {"type":"urn:erp:problem:concurrency","title":"Someone else changed this record after you opened it. Reload it and try again.","status":409,"code":"concurrency","traceId":"00-2d580cc30022a2025e384cf65
PUT /api/lists/identity.roles/shared-views/{id:guid} → 409 {"type":"urn:erp:problem:concurrency","title":"Someone else changed this record after you opened it. Reload it and try again.","status":409,"code":"concurrency","traceId":"00-73e590482b9293c82f9268245
PUT /api/lists/identity.roles/shared-views/{id:guid} → 409 {"type":"urn:erp:problem:concurrency","title":"Someone else changed this record after you opened it. Reload it and try again.","status":409,"code":"concurrency","traceId":"00-c9afef05a803b7151bfcf5e39
PUT /api/lists/identity.roles/shared-views/{id:guid} → 409 {"type":"urn:erp:problem:concurrency","title":"Someone else changed this record after you opened it. Reload it and try again.","status":409,"code":"concurrency","traceId":"00-893c4f3066d16fc4fec6a91aa
PUT /api/lists/identity.roles/shared-views/{id:guid} → 409 {"type":"urn:erp:problem:concurrency","title":"Someone else changed this record after you opened it. Reload it and try again.","status":409,"code":"concurrency","traceId":"00-234e267b0f5700bdb8f3e2886
PUT /api/lists/identity.roles/shared-views/{id:guid} → 409 {"type":"urn:erp:problem:concurrency","title":"Someone else changed this record after you opened it. Reload it and try again.","status":409,"code":"concurrency","traceId":"00-1a91774c47e1921f05b84ae52
PUT /api/lists/identity.roles/shared-views/{id:guid} → 409 {"type":"urn:erp:problem:concurrency","title":"Someone else changed this record after you opened it. Reload it and try again.","status":409,"code":"concurrency","traceId":"00-489aaca15826b7b24ac83f592
PUT /api/lists/identity.roles/shared-views/{id:guid} → 409 {"type":"urn:erp:problem:concurrency","title":"Someone else changed this record after you opened it. Reload it and try again.","status":409,"code":"concurrency","traceId":"00-6e9586b4a7ff8213b4aff7c4a
PUT /api/lists/identity.roles/shared-views/{id:guid} → 409 {"type":"urn:erp:problem:concurrency","title":"Someone else changed this record after you opened it. Reload it and try again.","status":409,"code":"concurrency","traceId":"00-5e7ebe4a06cd3d252e33e93ba
PUT /api/lists/identity.roles/shared-views/{id:guid} → 409 {"type":"urn:erp:problem:concurrency","title":"Someone else changed this record after you opened it. Reload it and try again.","status":409,"code":"concurrency","traceId":"00-1d9865a083d6c88cf64cafcb1
PUT /api/lists/identity.roles/shared-views/{id:guid} → 409 {"type":"urn:erp:problem:concurrency","title":"Someone else changed this record after you opened it. Reload it and try again.","status":409,"code":"concurrency","traceId":"00-512e808bdd8d3c2e3280e81b9
PUT /api/lists/identity.roles/shared-views/{id:guid} → 409 {"type":"urn:erp:problem:concurrency","title":"Someone else changed this record after you opened it. Reload it and try again.","status":409,"code":"concurrency","traceId":"00-048193770b9c2dd2f41e7b1a5
PUT /api/lists/identity.roles/shared-views/{id:guid} → 409 {"type":"urn:erp:problem:concurrency","title":"Someone else changed this record after you opened it. Reload it and try again.","status":409,"code":"concurrency","traceId":"00-4b45e7b93cf34f1ea51b4150f
PUT /api/lists/identity.roles/shared-views/{id:guid} → 409 {"type":"urn:erp:problem:concurrency","title":"Someone else changed this record after you opened it. Reload it and try again.","status":409,"code":"concurrency","traceId":"00-7a0d1d028a809e81371b9e177
PUT /api/lists/identity.roles/shared-views/{id:guid} → 409 {"type":"urn:erp:problem:concurrency","title":"Someone else changed this record after you opened it. Reload it and try again.","status":409,"code":"concurrency","traceId":"00-c04bc8b46d31a1a41fa1519dd
PUT /api/lists/identity.roles/shared-views/{id:guid} → 409 {"type":"urn:erp:problem:concurrency","title":"Someone else changed this record after you opened it. Reload it and try again.","status":409,"code":"concurrency","traceId":"00-5e336fe02884edd7a01a43b61
PUT /api/lists/identity.roles/shared-views/{id:guid} → 409 {"type":"urn:erp:problem:concurrency","title":"Someone else changed this record after you opened it. Reload it and try again.","status":409,"code":"concurrency","traceId":"00-eaac3b028b24cb4f4f138e88a
PUT /api/lists/identity.roles/shared-views/{id:guid} → 409 {"type":"urn:erp:problem:concurrency","title":"Someone else changed this record after you opened it. Reload it and try again.","status":409,"code":"concurrency","traceId":"00-fd6574ecea5c4e3209d4dbd22
PUT /api/lists/identity.roles/shared-views/{id:guid} → 409 {"type":"urn:erp:problem:concurrency","title":"Someone else changed this record after you opened it. Reload it and try again.","status":409,"code":"concurrency","traceId":"00-d68f050a3f0b441056d9e551a
PUT /api/lists/identity.roles/shared-views/{id:guid} → 409 {"type":"urn:erp:problem:concurrency","title":"Someone else changed this record after you opened it. Reload it and try again.","status":409,"code":"concurrency","traceId":"00-f46c54c73b9fe240d15087b29
PUT /api/lists/identity.roles/shared-views/{id:guid} → 409 {"type":"urn:erp:problem:concurrency","title":"Someone else changed this record after you opened it. Reload it and try again.","status":409,"code":"concurrency","traceId":"00-ac32813dfa66d51032f5d6351
PUT /api/lists/identity.roles/shared-views/{id:guid} → 409 {"type":"urn:erp:problem:concurrency","title":"Someone else changed this record after you opened it. Reload it and try again.","status":409,"code":"concurrency","traceId":"00-8b8ad2afc889c01965a28617b
PUT /api/lists/identity.roles/shared-views/{id:guid} → 409 {"type":"urn:erp:problem:concurrency","title":"Someone else changed this record after you opened it. Reload it and try again.","status":409,"code":"concurrency","traceId":"00-7864071ebe577efce1c3516da
PUT /api/lists/identity.roles/shared-views/{id:guid} → 409 {"type":"urn:erp:problem:concurrency","title":"Someone else changed this record after you opened it. Reload it and try again.","status":409,"code":"concurrency","traceId":"00-32d1f6f34d1d988cd1176eb33
PUT /api/lists/identity.roles/shared-views/{id:guid} → 409 {"type":"urn:erp:problem:concurrency","title":"Someone else changed this record after you opened it. Reload it and try again.","status":409,"code":"concurrency","traceId":"00-ab1513ed103cd1f12950aa4be
PUT /api/lists/identity.roles/shared-views/{id:guid} → 409 {"type":"urn:erp:problem:concurrency","title":"Someone else changed this record after you opened it. Reload it and try again.","status":409,"code":"concurrency","traceId":"00-96d691faa94116b1a1935371f
PUT /api/lists/identity.roles/views/{id:guid} → 409 {"type":"urn:erp:problem:concurrency","title":"Someone else changed this record after you opened it. Reload it and try again.","status":409,"code":"concurrency","traceId":"00-4760e440c346d8a4793967ee9
PUT /api/lists/identity.roles/views/{id:guid} → 409 {"type":"urn:erp:problem:concurrency","title":"Someone else changed this record after you opened it. Reload it and try again.","status":409,"code":"concurrency","traceId":"00-203a751da03555000b81c2655
PUT /api/lists/identity.roles/views/{id:guid} → 409 {"type":"urn:erp:problem:concurrency","title":"Someone else changed this record after you opened it. Reload it and try again.","status":409,"code":"concurrency","traceId":"00-fd7236c16a7a7e84b6b258a5d
PUT /api/lists/identity.roles/views/{id:guid} → 409 {"type":"urn:erp:problem:concurrency","title":"Someone else changed this record after you opened it. Reload it and try again.","status":409,"code":"concurrency","traceId":"00-a3b33c8a90ebe713265d8749e
PUT /api/lists/identity.roles/views/{id:guid} → 409 {"type":"urn:erp:problem:concurrency","title":"Someone else changed this record after you opened it. Reload it and try again.","status":409,"code":"concurrency","traceId":"00-7f8f8574a59b21a58c8c82d90
PUT /api/lists/identity.roles/views/{id:guid} → 409 {"type":"urn:erp:problem:concurrency","title":"Someone else changed this record after you opened it. Reload it and try again.","status":409,"code":"concurrency","traceId":"00-29e33ee4c552689d39fc73e63
PUT /api/lists/identity.roles/views/{id:guid} → 409 {"type":"urn:erp:problem:concurrency","title":"Someone else changed this record after you opened it. Reload it and try again.","status":409,"code":"concurrency","traceId":"00-9c665f456456b7061b85756ae
PUT /api/lists/identity.roles/views/{id:guid} → 409 {"type":"urn:erp:problem:concurrency","title":"Someone else changed this record after you opened it. Reload it and try again.","status":409,"code":"concurrency","traceId":"00-d57b312f9696498e65b3dde3a
PUT /api/lists/identity.roles/views/{id:guid} → 409 {"type":"urn:erp:problem:concurrency","title":"Someone else changed this record after you opened it. Reload it and try again.","status":409,"code":"concurrency","traceId":"00-302351dc4ca18b6333ce9b36a
PUT /api/lists/identity.roles/views/{id:guid} → 409 {"type":"urn:erp:problem:concurrency","title":"Someone else changed this record after you opened it. Reload it and try again.","status":409,"code":"concurrency","traceId":"00-f58038469809496ab660c9d44
PUT /api/lists/identity.roles/views/{id:guid} → 409 {"type":"urn:erp:problem:concurrency","title":"Someone else changed this record after you opened it. Reload it and try again.","status":409,"code":"concurrency","traceId":"00-e07d2c5cfe7b3602db53c8b65
PUT /api/lists/identity.roles/views/{id:guid} → 409 {"type":"urn:erp:problem:concurrency","title":"Someone else changed this record after you opened it. Reload it and try again.","status":409,"code":"concurrency","traceId":"00-ff483bb7aa5c5827a3af37328
PUT /api/lists/identity.roles/views/{id:guid} → 409 {"type":"urn:erp:problem:concurrency","title":"Someone else changed this record after you opened it. Reload it and try again.","status":409,"code":"concurrency","traceId":"00-926bd11512bc6920d44b47b1d
PUT /api/lists/identity.roles/views/{id:guid} → 409 {"type":"urn:erp:problem:concurrency","title":"Someone else changed this record after you opened it. Reload it and try again.","status":409,"code":"concurrency","traceId":"00-6342918ebbe1b71e79edb0004
PUT /api/lists/identity.roles/views/{id:guid} → 409 {"type":"urn:erp:problem:concurrency","title":"Someone else changed this record after you opened it. Reload it and try again.","status":409,"code":"concurrency","traceId":"00-7080ffd1ccdfb369d05905f36
PUT /api/lists/identity.roles/views/{id:guid} → 409 {"type":"urn:erp:problem:concurrency","title":"Someone else changed this record after you opened it. Reload it and try again.","status":409,"code":"concurrency","traceId":"00-f0a1c2547c030d829694771e6
PUT /api/lists/identity.roles/views/{id:guid} → 409 {"type":"urn:erp:problem:concurrency","title":"Someone else changed this record after you opened it. Reload it and try again.","status":409,"code":"concurrency","traceId":"00-183c0547164841530799bb023
PUT /api/lists/identity.roles/views/{id:guid} → 409 {"type":"urn:erp:problem:concurrency","title":"Someone else changed this record after you opened it. Reload it and try again.","status":409,"code":"concurrency","traceId":"00-91fbf678b2259a76d5fa3994b
PUT /api/lists/identity.roles/views/{id:guid} → 409 {"type":"urn:erp:problem:concurrency","title":"Someone else changed this record after you opened it. Reload it and try again.","status":409,"code":"concurrency","traceId":"00-02064f763ddd7ab8933687baa
PUT /api/lists/identity.roles/views/{id:guid} → 409 {"type":"urn:erp:problem:concurrency","title":"Someone else changed this record after you opened it. Reload it and try again.","status":409,"code":"concurrency","traceId":"00-c9e7450122b6826f8399b12db
PUT /api/lists/identity.roles/views/{id:guid} → 409 {"type":"urn:erp:problem:concurrency","title":"Someone else changed this record after you opened it. Reload it and try again.","status":409,"code":"concurrency","traceId":"00-3b9c70b09874fcaa831eeee08
PUT /api/lists/identity.roles/views/{id:guid} → 409 {"type":"urn:erp:problem:concurrency","title":"Someone else changed this record after you opened it. Reload it and try again.","status":409,"code":"concurrency","traceId":"00-495021f681a5051960185975d
PUT /api/lists/identity.roles/views/{id:guid} → 409 {"type":"urn:erp:problem:concurrency","title":"Someone else changed this record after you opened it. Reload it and try again.","status":409,"code":"concurrency","traceId":"00-158cbe3bef653ddc207010795
PUT /api/lists/identity.roles/views/{id:guid} → 409 {"type":"urn:erp:problem:concurrency","title":"Someone else changed this record after you opened it. Reload it and try again.","status":409,"code":"concurrency","traceId":"00-8719134bb138820b0fb7c86ef
PUT /api/lists/identity.roles/views/{id:guid} → 409 {"type":"urn:erp:problem:concurrency","title":"Someone else changed this record after you opened it. Reload it and try again.","status":409,"code":"concurrency","traceId":"00-128c8c547656647b8c5c7a8b8
PUT /api/lists/identity.roles/views/{id:guid} → 409 {"type":"urn:erp:problem:concurrency","title":"Someone else changed this record after you opened it. Reload it and try again.","status":409,"code":"concurrency","traceId":"00-c1f0aa4c6af7259cf1be483fc
PUT /api/lists/identity.roles/views/{id:guid} → 409 {"type":"urn:erp:problem:concurrency","title":"Someone else changed this record after you opened it. Reload it and try again.","status":409,"code":"concurrency","traceId":"00-3913e5a2987a4a755c21dc997
PUT /api/lists/identity.roles/views/{id:guid} → 409 {"type":"urn:erp:problem:concurrency","title":"Someone else changed this record after you opened it. Reload it and try again.","status":409,"code":"concurrency","traceId":"00-2c8d997d2f2195e834237439d
PUT /api/lists/identity.roles/views/{id:guid} → 409 {"type":"urn:erp:problem:concurrency","title":"Someone else changed this record after you opened it. Reload it and try again.","status":409,"code":"concurrency","traceId":"00-75b6bf4bc1e11fa7e0ecafd42
PUT /api/lists/identity.roles/views/{id:guid} → 409 {"type":"urn:erp:problem:concurrency","title":"Someone else changed this record after you opened it. Reload it and try again.","status":409,"code":"concurrency","traceId":"00-fc0af976d9078a6589c5f0193
PUT /api/lists/identity.roles/views/{id:guid} → 409 {"type":"urn:erp:problem:concurrency","title":"Someone else changed this record after you opened it. Reload it and try again.","status":409,"code":"concurrency","traceId":"00-00cec5457edeab02d75eafcec
PUT /api/lists/identity.roles/views/{id:guid} → 409 {"type":"urn:erp:problem:concurrency","title":"Someone else changed this record after you opened it. Reload it and try again.","status":409,"code":"concurrency","traceId":"00-7418674c7512c296bc27f205a
PUT /api/lists/identity.roles/views/{id:guid} → 409 {"type":"urn:erp:problem:concurrency","title":"Someone else changed this record after you opened it. Reload it and try again.","status":409,"code":"concurrency","traceId":"00-d24ee2b34d4e665d45cab40fc
PUT /api/lists/identity.roles/views/{id:guid} → 409 {"type":"urn:erp:problem:concurrency","title":"Someone else changed this record after you opened it. Reload it and try again.","status":409,"code":"concurrency","traceId":"00-64259fe0402451dbbb54cc40f
PUT /api/lists/identity.roles/views/{id:guid} → 409 {"type":"urn:erp:problem:concurrency","title":"Someone else changed this record after you opened it. Reload it and try again.","status":409,"code":"concurrency","traceId":"00-ccaca8ae19e18ac0e83cf5d7b
PUT /api/lists/identity.users/shared-views/{id:guid} → 409 {"type":"urn:erp:problem:concurrency","title":"Someone else changed this record after you opened it. Reload it and try again.","status":409,"code":"concurrency","traceId":"00-ef77cf3a3eaa9dbd7c2e8b1b7
PUT /api/lists/identity.users/shared-views/{id:guid} → 409 {"type":"urn:erp:problem:concurrency","title":"Someone else changed this record after you opened it. Reload it and try again.","status":409,"code":"concurrency","traceId":"00-23411b0a8b66a9fe4d34d704c
PUT /api/lists/identity.users/shared-views/{id:guid} → 409 {"type":"urn:erp:problem:concurrency","title":"Someone else changed this record after you opened it. Reload it and try again.","status":409,"code":"concurrency","traceId":"00-3d83214d938f14e18190a681f
PUT /api/lists/identity.users/shared-views/{id:guid} → 409 {"type":"urn:erp:problem:concurrency","title":"Someone else changed this record after you opened it. Reload it and try again.","status":409,"code":"concurrency","traceId":"00-ebe1c236dd7c6f6aa22113809
PUT /api/lists/identity.users/shared-views/{id:guid} → 409 {"type":"urn:erp:problem:concurrency","title":"Someone else changed this record after you opened it. Reload it and try again.","status":409,"code":"concurrency","traceId":"00-b4fbb2749fc47057a51a46217
PUT /api/lists/identity.users/shared-views/{id:guid} → 409 {"type":"urn:erp:problem:concurrency","title":"Someone else changed this record after you opened it. Reload it and try again.","status":409,"code":"concurrency","traceId":"00-7d0194187c93143559ea06e57
PUT /api/lists/identity.users/shared-views/{id:guid} → 409 {"type":"urn:erp:problem:concurrency","title":"Someone else changed this record after you opened it. Reload it and try again.","status":409,"code":"concurrency","traceId":"00-5761cc0f9ad53f9548a687af4
PUT /api/lists/identity.users/shared-views/{id:guid} → 409 {"type":"urn:erp:problem:concurrency","title":"Someone else changed this record after you opened it. Reload it and try again.","status":409,"code":"concurrency","traceId":"00-576072a94f24674d0f4c7fd49
PUT /api/lists/identity.users/shared-views/{id:guid} → 409 {"type":"urn:erp:problem:concurrency","title":"Someone else changed this record after you opened it. Reload it and try again.","status":409,"code":"concurrency","traceId":"00-0998fb48796ed6d9dc00af807
PUT /api/lists/identity.users/shared-views/{id:guid} → 409 {"type":"urn:erp:problem:concurrency","title":"Someone else changed this record after you opened it. Reload it and try again.","status":409,"code":"concurrency","traceId":"00-a31c7f2faa1a7bb8f1b3a7a00
PUT /api/lists/identity.users/shared-views/{id:guid} → 409 {"type":"urn:erp:problem:concurrency","title":"Someone else changed this record after you opened it. Reload it and try again.","status":409,"code":"concurrency","traceId":"00-ae491bf8afecb5658895a6447
PUT /api/lists/identity.users/shared-views/{id:guid} → 409 {"type":"urn:erp:problem:concurrency","title":"Someone else changed this record after you opened it. Reload it and try again.","status":409,"code":"concurrency","traceId":"00-57c25d3de0da9d3bda9ac6502
PUT /api/lists/identity.users/shared-views/{id:guid} → 409 {"type":"urn:erp:problem:concurrency","title":"Someone else changed this record after you opened it. Reload it and try again.","status":409,"code":"concurrency","traceId":"00-f5458b7e93e77a4b0f6f30274
PUT /api/lists/identity.users/shared-views/{id:guid} → 409 {"type":"urn:erp:problem:concurrency","title":"Someone else changed this record after you opened it. Reload it and try again.","status":409,"code":"concurrency","traceId":"00-fe61c9d733f776f7dfd0ffef8
PUT /api/lists/identity.users/shared-views/{id:guid} → 409 {"type":"urn:erp:problem:concurrency","title":"Someone else changed this record after you opened it. Reload it and try again.","status":409,"code":"concurrency","traceId":"00-292147675a67887b830b225d6
PUT /api/lists/identity.users/shared-views/{id:guid} → 409 {"type":"urn:erp:problem:concurrency","title":"Someone else changed this record after you opened it. Reload it and try again.","status":409,"code":"concurrency","traceId":"00-18c749abc46613648acd67dec
PUT /api/lists/identity.users/shared-views/{id:guid} → 409 {"type":"urn:erp:problem:concurrency","title":"Someone else changed this record after you opened it. Reload it and try again.","status":409,"code":"concurrency","traceId":"00-5cf6fe2b6e5e1688526af7f99
PUT /api/lists/identity.users/shared-views/{id:guid} → 409 {"type":"urn:erp:problem:concurrency","title":"Someone else changed this record after you opened it. Reload it and try again.","status":409,"code":"concurrency","traceId":"00-20df74ddc7630dd0bc1004cfc
PUT /api/lists/identity.users/shared-views/{id:guid} → 409 {"type":"urn:erp:problem:concurrency","title":"Someone else changed this record after you opened it. Reload it and try again.","status":409,"code":"concurrency","traceId":"00-4fc2e6ee486f5ea7058b8e9c4
PUT /api/lists/identity.users/shared-views/{id:guid} → 409 {"type":"urn:erp:problem:concurrency","title":"Someone else changed this record after you opened it. Reload it and try again.","status":409,"code":"concurrency","traceId":"00-1e7b7016fb0a3185f8cadfd5e
PUT /api/lists/identity.users/shared-views/{id:guid} → 409 {"type":"urn:erp:problem:concurrency","title":"Someone else changed this record after you opened it. Reload it and try again.","status":409,"code":"concurrency","traceId":"00-54939fc4bafd93a2c80c2d4b1
PUT /api/lists/identity.users/shared-views/{id:guid} → 409 {"type":"urn:erp:problem:concurrency","title":"Someone else changed this record after you opened it. Reload it and try again.","status":409,"code":"concurrency","traceId":"00-3f67bb9ceb96ea6a4290cfc11
PUT /api/lists/identity.users/shared-views/{id:guid} → 409 {"type":"urn:erp:problem:concurrency","title":"Someone else changed this record after you opened it. Reload it and try again.","status":409,"code":"concurrency","traceId":"00-54a9da666c3ec25a36a7f9fff
PUT /api/lists/identity.users/shared-views/{id:guid} → 409 {"type":"urn:erp:problem:concurrency","title":"Someone else changed this record after you opened it. Reload it and try again.","status":409,"code":"concurrency","traceId":"00-312d4120f1db4c1e9eb66acb4
PUT /api/lists/identity.users/shared-views/{id:guid} → 409 {"type":"urn:erp:problem:concurrency","title":"Someone else changed this record after you opened it. Reload it and try again.","status":409,"code":"concurrency","traceId":"00-ab6e03e8039a7ba809286eca4
PUT /api/lists/identity.users/shared-views/{id:guid} → 409 {"type":"urn:erp:problem:concurrency","title":"Someone else changed this record after you opened it. Reload it and try again.","status":409,"code":"concurrency","traceId":"00-5e4ca07266c33ec4c58620b50
PUT /api/lists/identity.users/shared-views/{id:guid} → 409 {"type":"urn:erp:problem:concurrency","title":"Someone else changed this record after you opened it. Reload it and try again.","status":409,"code":"concurrency","traceId":"00-0fb2393933fbfd4db632e642b
PUT /api/lists/identity.users/shared-views/{id:guid} → 409 {"type":"urn:erp:problem:concurrency","title":"Someone else changed this record after you opened it. Reload it and try again.","status":409,"code":"concurrency","traceId":"00-2eb32753f7a5fd3aed6912050
PUT /api/lists/identity.users/shared-views/{id:guid} → 409 {"type":"urn:erp:problem:concurrency","title":"Someone else changed this record after you opened it. Reload it and try again.","status":409,"code":"concurrency","traceId":"00-02a2343a5c64a4e365842eb22
PUT /api/lists/identity.users/shared-views/{id:guid} → 409 {"type":"urn:erp:problem:concurrency","title":"Someone else changed this record after you opened it. Reload it and try again.","status":409,"code":"concurrency","traceId":"00-9acef34ed0ab69e5122d4121f
PUT /api/lists/identity.users/shared-views/{id:guid} → 409 {"type":"urn:erp:problem:concurrency","title":"Someone else changed this record after you opened it. Reload it and try again.","status":409,"code":"concurrency","traceId":"00-0ff919bacb5abbda489f70f3e
PUT /api/lists/identity.users/shared-views/{id:guid} → 409 {"type":"urn:erp:problem:concurrency","title":"Someone else changed this record after you opened it. Reload it and try again.","status":409,"code":"concurrency","traceId":"00-77aac98559d65e242155dd607
PUT /api/lists/identity.users/shared-views/{id:guid} → 409 {"type":"urn:erp:problem:concurrency","title":"Someone else changed this record after you opened it. Reload it and try again.","status":409,"code":"concurrency","traceId":"00-af5d67ea1881e1578b2650288
PUT /api/lists/identity.users/shared-views/{id:guid} → 409 {"type":"urn:erp:problem:concurrency","title":"Someone else changed this record after you opened it. Reload it and try again.","status":409,"code":"concurrency","traceId":"00-ba59daa9ee1559e4c8a61ae4a
PUT /api/lists/identity.users/shared-views/{id:guid} → 409 {"type":"urn:erp:problem:concurrency","title":"Someone else changed this record after you opened it. Reload it and try again.","status":409,"code":"concurrency","traceId":"00-7734ae08fdb0c0a70eafbc8a9
PUT /api/lists/identity.users/shared-views/{id:guid} → 409 {"type":"urn:erp:problem:concurrency","title":"Someone else changed this record after you opened it. Reload it and try again.","status":409,"code":"concurrency","traceId":"00-5114a2a1c3f20b2def0bb1c63
PUT /api/lists/identity.users/shared-views/{id:guid} → 409 {"type":"urn:erp:problem:concurrency","title":"Someone else changed this record after you opened it. Reload it and try again.","status":409,"code":"concurrency","traceId":"00-2962baedbaa822d8a47d769f7
PUT /api/lists/identity.users/shared-views/{id:guid} → 409 {"type":"urn:erp:problem:concurrency","title":"Someone else changed this record after you opened it. Reload it and try again.","status":409,"code":"concurrency","traceId":"00-ced413a692ff68db8748e4021
PUT /api/lists/identity.users/shared-views/{id:guid} → 409 {"type":"urn:erp:problem:concurrency","title":"Someone else changed this record after you opened it. Reload it and try again.","status":409,"code":"concurrency","traceId":"00-27d524925157f0bc27f947308
PUT /api/lists/identity.users/shared-views/{id:guid} → 409 {"type":"urn:erp:problem:concurrency","title":"Someone else changed this record after you opened it. Reload it and try again.","status":409,"code":"concurrency","traceId":"00-dd0b6a4ac525b23e10e4fadfd
PUT /api/lists/identity.users/shared-views/{id:guid} → 409 {"type":"urn:erp:problem:concurrency","title":"Someone else changed this record after you opened it. Reload it and try again.","status":409,"code":"concurrency","traceId":"00-e0d195f612c25a82d5c9093e8
PUT /api/lists/identity.users/shared-views/{id:guid} → 409 {"type":"urn:erp:problem:concurrency","title":"Someone else changed this record after you opened it. Reload it and try again.","status":409,"code":"concurrency","traceId":"00-b957ea19fe10476b2ab23d71c
PUT /api/lists/identity.users/shared-views/{id:guid} → 409 {"type":"urn:erp:problem:concurrency","title":"Someone else changed this record after you opened it. Reload it and try again.","status":409,"code":"concurrency","traceId":"00-a9312809558d3fcc0e9aef637
PUT /api/lists/identity.users/shared-views/{id:guid} → 409 {"type":"urn:erp:problem:concurrency","title":"Someone else changed this record after you opened it. Reload it and try again.","status":409,"code":"concurrency","traceId":"00-ac56aa8662fae7334a1a63369
PUT /api/lists/identity.users/shared-views/{id:guid} → 409 {"type":"urn:erp:problem:concurrency","title":"Someone else changed this record after you opened it. Reload it and try again.","status":409,"code":"concurrency","traceId":"00-83fcd4565c701782147d56f8f
PUT /api/lists/identity.users/shared-views/{id:guid} → 409 {"type":"urn:erp:problem:concurrency","title":"Someone else changed this record after you opened it. Reload it and try again.","status":409,"code":"concurrency","traceId":"00-2e5a1c598b3a44f49ce808ac5
PUT /api/lists/identity.users/shared-views/{id:guid} → 409 {"type":"urn:erp:problem:concurrency","title":"Someone else changed this record after you opened it. Reload it and try again.","status":409,"code":"concurrency","traceId":"00-496d0ea9b20ebb6fa1b93774e
PUT /api/lists/identity.users/shared-views/{id:guid} → 409 {"type":"urn:erp:problem:concurrency","title":"Someone else changed this record after you opened it. Reload it and try again.","status":409,"code":"concurrency","traceId":"00-8960dacb0e6fcf1b19b31b869
PUT /api/lists/identity.users/shared-views/{id:guid} → 409 {"type":"urn:erp:problem:concurrency","title":"Someone else changed this record after you opened it. Reload it and try again.","status":409,"code":"concurrency","traceId":"00-33fb956ccfa4363fe99f4a524
PUT /api/lists/identity.users/shared-views/{id:guid} → 409 {"type":"urn:erp:problem:concurrency","title":"Someone else changed this record after you opened it. Reload it and try again.","status":409,"code":"concurrency","traceId":"00-3914ccfcbdec5a71e957415eb
PUT /api/lists/identity.users/shared-views/{id:guid} → 409 {"type":"urn:erp:problem:concurrency","title":"Someone else changed this record after you opened it. Reload it and try again.","status":409,"code":"concurrency","traceId":"00-9fcbaca8286882ac4e63f3c13
PUT /api/lists/identity.users/shared-views/{id:guid} → 409 {"type":"urn:erp:problem:concurrency","title":"Someone else changed this record after you opened it. Reload it and try again.","status":409,"code":"concurrency","traceId":"00-72787509f2541ee9ab3c7d06f
PUT /api/lists/identity.users/shared-views/{id:guid} → 409 {"type":"urn:erp:problem:concurrency","title":"Someone else changed this record after you opened it. Reload it and try again.","status":409,"code":"concurrency","traceId":"00-02ed2afe1f2d443d09d4a2c2b
PUT /api/lists/identity.users/shared-views/{id:guid} → 409 {"type":"urn:erp:problem:concurrency","title":"Someone else changed this record after you opened it. Reload it and try again.","status":409,"code":"concurrency","traceId":"00-1bea53075400d9bc37c6209be
PUT /api/lists/identity.users/shared-views/{id:guid} → 409 {"type":"urn:erp:problem:concurrency","title":"Someone else changed this record after you opened it. Reload it and try again.","status":409,"code":"concurrency","traceId":"00-74f09ca604d6faa125893c1eb
PUT /api/lists/identity.users/shared-views/{id:guid} → 409 {"type":"urn:erp:problem:concurrency","title":"Someone else changed this record after you opened it. Reload it and try again.","status":409,"code":"concurrency","traceId":"00-ed6f02635311cfa22921b463d
PUT /api/lists/identity.users/views/{id:guid} → 409 {"type":"urn:erp:problem:concurrency","title":"Someone else changed this record after you opened it. Reload it and try again.","status":409,"code":"concurrency","traceId":"00-cfffb2f87578317dedeba1643
PUT /api/lists/identity.users/views/{id:guid} → 409 {"type":"urn:erp:problem:concurrency","title":"Someone else changed this record after you opened it. Reload it and try again.","status":409,"code":"concurrency","traceId":"00-6cdde9e0b13889fdd26ee512c
PUT /api/lists/identity.users/views/{id:guid} → 409 {"type":"urn:erp:problem:concurrency","title":"Someone else changed this record after you opened it. Reload it and try again.","status":409,"code":"concurrency","traceId":"00-1d4c944fe20d3c0404352c91e
PUT /api/lists/identity.users/views/{id:guid} → 409 {"type":"urn:erp:problem:concurrency","title":"Someone else changed this record after you opened it. Reload it and try again.","status":409,"code":"concurrency","traceId":"00-7d0bbba7d7e3fb4a912be85ec
PUT /api/lists/identity.users/views/{id:guid} → 409 {"type":"urn:erp:problem:concurrency","title":"Someone else changed this record after you opened it. Reload it and try again.","status":409,"code":"concurrency","traceId":"00-d5fc281a766b99bae6653624e
PUT /api/lists/identity.users/views/{id:guid} → 409 {"type":"urn:erp:problem:concurrency","title":"Someone else changed this record after you opened it. Reload it and try again.","status":409,"code":"concurrency","traceId":"00-a918371fccd040133c336ab66
PUT /api/lists/identity.users/views/{id:guid} → 409 {"type":"urn:erp:problem:concurrency","title":"Someone else changed this record after you opened it. Reload it and try again.","status":409,"code":"concurrency","traceId":"00-e5ee7cc71d69d896336c851d4
PUT /api/lists/identity.users/views/{id:guid} → 409 {"type":"urn:erp:problem:concurrency","title":"Someone else changed this record after you opened it. Reload it and try again.","status":409,"code":"concurrency","traceId":"00-5c9ba7cb54e03e06a2b2b8f9a
PUT /api/lists/identity.users/views/{id:guid} → 409 {"type":"urn:erp:problem:concurrency","title":"Someone else changed this record after you opened it. Reload it and try again.","status":409,"code":"concurrency","traceId":"00-44134599c25f9f1f8a8186918
PUT /api/lists/identity.users/views/{id:guid} → 409 {"type":"urn:erp:problem:concurrency","title":"Someone else changed this record after you opened it. Reload it and try again.","status":409,"code":"concurrency","traceId":"00-710c71610ca6b3798bd744b52
PUT /api/lists/identity.users/views/{id:guid} → 409 {"type":"urn:erp:problem:concurrency","title":"Someone else changed this record after you opened it. Reload it and try again.","status":409,"code":"concurrency","traceId":"00-e139a10a7a399edd67be8e19e
PUT /api/lists/identity.users/views/{id:guid} → 409 {"type":"urn:erp:problem:concurrency","title":"Someone else changed this record after you opened it. Reload it and try again.","status":409,"code":"concurrency","traceId":"00-f71ed6fc154bce3fcf5ec3a62
PUT /api/lists/identity.users/views/{id:guid} → 409 {"type":"urn:erp:problem:concurrency","title":"Someone else changed this record after you opened it. Reload it and try again.","status":409,"code":"concurrency","traceId":"00-0013499071455aaacacaabb41
PUT /api/lists/identity.users/views/{id:guid} → 409 {"type":"urn:erp:problem:concurrency","title":"Someone else changed this record after you opened it. Reload it and try again.","status":409,"code":"concurrency","traceId":"00-69c636f24b3b60e51256d3edf
PUT /api/lists/identity.users/views/{id:guid} → 409 {"type":"urn:erp:problem:concurrency","title":"Someone else changed this record after you opened it. Reload it and try again.","status":409,"code":"concurrency","traceId":"00-f3dba2cdaf0cddbb78b83989a
PUT /api/lists/identity.users/views/{id:guid} → 409 {"type":"urn:erp:problem:concurrency","title":"Someone else changed this record after you opened it. Reload it and try again.","status":409,"code":"concurrency","traceId":"00-6e6b14324947e3b117a5c3d36
PUT /api/lists/identity.users/views/{id:guid} → 409 {"type":"urn:erp:problem:concurrency","title":"Someone else changed this record after you opened it. Reload it and try again.","status":409,"code":"concurrency","traceId":"00-19d31260fe673b63ae0b672bd
PUT /api/lists/identity.users/views/{id:guid} → 409 {"type":"urn:erp:problem:concurrency","title":"Someone else changed this record after you opened it. Reload it and try again.","status":409,"code":"concurrency","traceId":"00-67855ffb92fc7ec5dbb99130c
PUT /api/lists/identity.users/views/{id:guid} → 409 {"type":"urn:erp:problem:concurrency","title":"Someone else changed this record after you opened it. Reload it and try again.","status":409,"code":"concurrency","traceId":"00-1199108e0b04be140c99de82c
PUT /api/lists/identity.users/views/{id:guid} → 409 {"type":"urn:erp:problem:concurrency","title":"Someone else changed this record after you opened it. Reload it and try again.","status":409,"code":"concurrency","traceId":"00-987af643320f08f7ae9d35182
PUT /api/lists/identity.users/views/{id:guid} → 409 {"type":"urn:erp:problem:concurrency","title":"Someone else changed this record after you opened it. Reload it and try again.","status":409,"code":"concurrency","traceId":"00-7d635eecd3e05ecbba7c269a9
PUT /api/lists/identity.users/views/{id:guid} → 409 {"type":"urn:erp:problem:concurrency","title":"Someone else changed this record after you opened it. Reload it and try again.","status":409,"code":"concurrency","traceId":"00-be86e8aafb88a2809b9440c64
PUT /api/lists/identity.users/views/{id:guid} → 409 {"type":"urn:erp:problem:concurrency","title":"Someone else changed this record after you opened it. Reload it and try again.","status":409,"code":"concurrency","traceId":"00-eb856db42f2deb615d2567701
PUT /api/lists/identity.users/views/{id:guid} → 409 {"type":"urn:erp:problem:concurrency","title":"Someone else changed this record after you opened it. Reload it and try again.","status":409,"code":"concurrency","traceId":"00-a5046e21c17027d33cc46bbb1
PUT /api/lists/identity.users/views/{id:guid} → 409 {"type":"urn:erp:problem:concurrency","title":"Someone else changed this record after you opened it. Reload it and try again.","status":409,"code":"concurrency","traceId":"00-c50d353352770f1bfca4b6149
PUT /api/lists/identity.users/views/{id:guid} → 409 {"type":"urn:erp:problem:concurrency","title":"Someone else changed this record after you opened it. Reload it and try again.","status":409,"code":"concurrency","traceId":"00-c1c358cae2ed4ed9882ce1d7d
PUT /api/lists/identity.users/views/{id:guid} → 409 {"type":"urn:erp:problem:concurrency","title":"Someone else changed this record after you opened it. Reload it and try again.","status":409,"code":"concurrency","traceId":"00-5f2d18135c66f54d9484c19b5
PUT /api/lists/identity.users/views/{id:guid} → 409 {"type":"urn:erp:problem:concurrency","title":"Someone else changed this record after you opened it. Reload it and try again.","status":409,"code":"concurrency","traceId":"00-f6bf4e371188eb487618c0129
PUT /api/lists/identity.users/views/{id:guid} → 409 {"type":"urn:erp:problem:concurrency","title":"Someone else changed this record after you opened it. Reload it and try again.","status":409,"code":"concurrency","traceId":"00-d99fdd4e11c2d8f6c8db063f1
PUT /api/lists/identity.users/views/{id:guid} → 409 {"type":"urn:erp:problem:concurrency","title":"Someone else changed this record after you opened it. Reload it and try again.","status":409,"code":"concurrency","traceId":"00-0e4e33387cbec981020618e2c
PUT /api/lists/identity.users/views/{id:guid} → 409 {"type":"urn:erp:problem:concurrency","title":"Someone else changed this record after you opened it. Reload it and try again.","status":409,"code":"concurrency","traceId":"00-3cee71fb2ef101cb064c701e7
PUT /api/lists/identity.users/views/{id:guid} → 409 {"type":"urn:erp:problem:concurrency","title":"Someone else changed this record after you opened it. Reload it and try again.","status":409,"code":"concurrency","traceId":"00-d8b0812f28963319d6ffd85fd
PUT /api/lists/identity.users/views/{id:guid} → 409 {"type":"urn:erp:problem:concurrency","title":"Someone else changed this record after you opened it. Reload it and try again.","status":409,"code":"concurrency","traceId":"00-c81d7510928b23b2a7e45ddab
PUT /api/lists/identity.users/views/{id:guid} → 409 {"type":"urn:erp:problem:concurrency","title":"Someone else changed this record after you opened it. Reload it and try again.","status":409,"code":"concurrency","traceId":"00-ce1c6b5c130fcd205f775e7cc
PUT /api/lists/identity.users/views/{id:guid} → 409 {"type":"urn:erp:problem:concurrency","title":"Someone else changed this record after you opened it. Reload it and try again.","status":409,"code":"concurrency","traceId":"00-1ecead7eefced93473758e1a4
PUT /api/lists/identity.users/views/{id:guid} → 409 {"type":"urn:erp:problem:concurrency","title":"Someone else changed this record after you opened it. Reload it and try again.","status":409,"code":"concurrency","traceId":"00-a55f1b90a0b341c71dc6b3517
PUT /api/lists/identity.users/views/{id:guid} → 409 {"type":"urn:erp:problem:concurrency","title":"Someone else changed this record after you opened it. Reload it and try again.","status":409,"code":"concurrency","traceId":"00-224c43b738aaee4b2d40996e5
PUT /api/lists/identity.users/views/{id:guid} → 409 {"type":"urn:erp:problem:concurrency","title":"Someone else changed this record after you opened it. Reload it and try again.","status":409,"code":"concurrency","traceId":"00-0cce3a93fb6417fb16ebaa3f6
PUT /api/lists/identity.users/views/{id:guid} → 409 {"type":"urn:erp:problem:concurrency","title":"Someone else changed this record after you opened it. Reload it and try again.","status":409,"code":"concurrency","traceId":"00-337e78647b392cb971a7d2c5d
PUT /api/lists/identity.users/views/{id:guid} → 409 {"type":"urn:erp:problem:concurrency","title":"Someone else changed this record after you opened it. Reload it and try again.","status":409,"code":"concurrency","traceId":"00-e5af12a59ae9c1018ac77e8c1
PUT /api/lists/identity.users/views/{id:guid} → 409 {"type":"urn:erp:problem:concurrency","title":"Someone else changed this record after you opened it. Reload it and try again.","status":409,"code":"concurrency","traceId":"00-308f3c2a9cf97769fb49b793c
PUT /api/lists/identity.users/views/{id:guid} → 409 {"type":"urn:erp:problem:concurrency","title":"Someone else changed this record after you opened it. Reload it and try again.","status":409,"code":"concurrency","traceId":"00-50589e351c61382a2080ce40c
PUT /api/lists/identity.users/views/{id:guid} → 409 {"type":"urn:erp:problem:concurrency","title":"Someone else changed this record after you opened it. Reload it and try again.","status":409,"code":"concurrency","traceId":"00-5e4a24899680d26a35d9a42a5
PUT /api/lists/identity.users/views/{id:guid} → 409 {"type":"urn:erp:problem:concurrency","title":"Someone else changed this record after you opened it. Reload it and try again.","status":409,"code":"concurrency","traceId":"00-0234c4d584584cccfc2227e95
PUT /api/lists/identity.users/views/{id:guid} → 409 {"type":"urn:erp:problem:concurrency","title":"Someone else changed this record after you opened it. Reload it and try again.","status":409,"code":"concurrency","traceId":"00-de50824cf5373c1e289309e6b
PUT /api/lists/identity.users/views/{id:guid} → 409 {"type":"urn:erp:problem:concurrency","title":"Someone else changed this record after you opened it. Reload it and try again.","status":409,"code":"concurrency","traceId":"00-7db22a3e6e988ce6750796849
PUT /api/lists/identity.users/views/{id:guid} → 409 {"type":"urn:erp:problem:concurrency","title":"Someone else changed this record after you opened it. Reload it and try again.","status":409,"code":"concurrency","traceId":"00-0627c12e051ea359cad6e92ae
PUT /api/lists/identity.users/views/{id:guid} → 409 {"type":"urn:erp:problem:concurrency","title":"Someone else changed this record after you opened it. Reload it and try again.","status":409,"code":"concurrency","traceId":"00-65d32d09db4b649e4f5f61466
PUT /api/lists/identity.users/views/{id:guid} → 409 {"type":"urn:erp:problem:concurrency","title":"Someone else changed this record after you opened it. Reload it and try again.","status":409,"code":"concurrency","traceId":"00-b83c8a289a3ff5863de7eb427
PUT /api/lists/identity.users/views/{id:guid} → 409 {"type":"urn:erp:problem:concurrency","title":"Someone else changed this record after you opened it. Reload it and try again.","status":409,"code":"concurrency","traceId":"00-17aa7d3b5269a1a445a447d8c
PUT /api/lists/identity.users/views/{id:guid} → 409 {"type":"urn:erp:problem:concurrency","title":"Someone else changed this record after you opened it. Reload it and try again.","status":409,"code":"concurrency","traceId":"00-dbaee5a64d104361b9b226d57
PUT /api/lists/identity.users/views/{id:guid} → 409 {"type":"urn:erp:problem:concurrency","title":"Someone else changed this record after you opened it. Reload it and try again.","status":409,"code":"concurrency","traceId":"00-ba9da912bb149c2ed2f0bcf6a
PUT /api/lists/identity.users/views/{id:guid} → 409 {"type":"urn:erp:problem:concurrency","title":"Someone else changed this record after you opened it. Reload it and try again.","status":409,"code":"concurrency","traceId":"00-fd871372cdd717fd3fe7fb9a4
PUT /api/lists/identity.users/views/{id:guid} → 409 {"type":"urn:erp:problem:concurrency","title":"Someone else changed this record after you opened it. Reload it and try again.","status":409,"code":"concurrency","traceId":"00-23465f09d50245f4c9037e552
PUT /api/lists/identity.users/views/{id:guid} → 409 {"type":"urn:erp:problem:concurrency","title":"Someone else changed this record after you opened it. Reload it and try again.","status":409,"code":"concurrency","traceId":"00-795b0a9741329b88b7222da85
PUT /api/lists/tenancy.access/shared-views/{id:guid} → 409 {"type":"urn:erp:problem:concurrency","title":"Someone else changed this record after you opened it. Reload it and try again.","status":409,"code":"concurrency","traceId":"00-a352f74348a267aaaba1afe29
PUT /api/lists/tenancy.access/shared-views/{id:guid} → 409 {"type":"urn:erp:problem:concurrency","title":"Someone else changed this record after you opened it. Reload it and try again.","status":409,"code":"concurrency","traceId":"00-89108a2bce1f1ee15e5fb8f41
PUT /api/lists/tenancy.access/shared-views/{id:guid} → 409 {"type":"urn:erp:problem:concurrency","title":"Someone else changed this record after you opened it. Reload it and try again.","status":409,"code":"concurrency","traceId":"00-e1c57d470c827ac696fab5738
PUT /api/lists/tenancy.access/shared-views/{id:guid} → 409 {"type":"urn:erp:problem:concurrency","title":"Someone else changed this record after you opened it. Reload it and try again.","status":409,"code":"concurrency","traceId":"00-9115c83b093c4733baeee3752
PUT /api/lists/tenancy.access/shared-views/{id:guid} → 409 {"type":"urn:erp:problem:concurrency","title":"Someone else changed this record after you opened it. Reload it and try again.","status":409,"code":"concurrency","traceId":"00-71a1218a2e8efd805307c0964
PUT /api/lists/tenancy.access/shared-views/{id:guid} → 409 {"type":"urn:erp:problem:concurrency","title":"Someone else changed this record after you opened it. Reload it and try again.","status":409,"code":"concurrency","traceId":"00-7d92f4bacd45a5ffb309663d0
PUT /api/lists/tenancy.access/shared-views/{id:guid} → 409 {"type":"urn:erp:problem:concurrency","title":"Someone else changed this record after you opened it. Reload it and try again.","status":409,"code":"concurrency","traceId":"00-d5501c51239ceffdae1f01225
PUT /api/lists/tenancy.access/shared-views/{id:guid} → 409 {"type":"urn:erp:problem:concurrency","title":"Someone else changed this record after you opened it. Reload it and try again.","status":409,"code":"concurrency","traceId":"00-19c7e57d44b2a00bbba578141
PUT /api/lists/tenancy.access/shared-views/{id:guid} → 409 {"type":"urn:erp:problem:concurrency","title":"Someone else changed this record after you opened it. Reload it and try again.","status":409,"code":"concurrency","traceId":"00-f2acbc792688ebb2d70735aeb
PUT /api/lists/tenancy.access/shared-views/{id:guid} → 409 {"type":"urn:erp:problem:concurrency","title":"Someone else changed this record after you opened it. Reload it and try again.","status":409,"code":"concurrency","traceId":"00-08eede4b3e91d3bd27400b54b
PUT /api/lists/tenancy.access/shared-views/{id:guid} → 409 {"type":"urn:erp:problem:concurrency","title":"Someone else changed this record after you opened it. Reload it and try again.","status":409,"code":"concurrency","traceId":"00-8f56622b20be760a5fc84fdf9
PUT /api/lists/tenancy.access/views/{id:guid} → 409 {"type":"urn:erp:problem:concurrency","title":"Someone else changed this record after you opened it. Reload it and try again.","status":409,"code":"concurrency","traceId":"00-febda3f921d7303174ae1d79c
PUT /api/lists/tenancy.access/views/{id:guid} → 409 {"type":"urn:erp:problem:concurrency","title":"Someone else changed this record after you opened it. Reload it and try again.","status":409,"code":"concurrency","traceId":"00-1a720027bd74789baad4b05c4
PUT /api/lists/tenancy.access/views/{id:guid} → 409 {"type":"urn:erp:problem:concurrency","title":"Someone else changed this record after you opened it. Reload it and try again.","status":409,"code":"concurrency","traceId":"00-c305d23b3816dcbd53073ac32
PUT /api/lists/tenancy.access/views/{id:guid} → 409 {"type":"urn:erp:problem:concurrency","title":"Someone else changed this record after you opened it. Reload it and try again.","status":409,"code":"concurrency","traceId":"00-b24b9c854bd49a7f73dae6cd5
PUT /api/lists/tenancy.access/views/{id:guid} → 409 {"type":"urn:erp:problem:concurrency","title":"Someone else changed this record after you opened it. Reload it and try again.","status":409,"code":"concurrency","traceId":"00-30d9f97088ed6ed1f44a86205
PUT /api/lists/tenancy.access/views/{id:guid} → 409 {"type":"urn:erp:problem:concurrency","title":"Someone else changed this record after you opened it. Reload it and try again.","status":409,"code":"concurrency","traceId":"00-711d0b1ec0c1e731785c724d8
PUT /api/lists/tenancy.access/views/{id:guid} → 409 {"type":"urn:erp:problem:concurrency","title":"Someone else changed this record after you opened it. Reload it and try again.","status":409,"code":"concurrency","traceId":"00-e566da3c40e292436511332aa
PUT /api/lists/tenancy.access/views/{id:guid} → 409 {"type":"urn:erp:problem:concurrency","title":"Someone else changed this record after you opened it. Reload it and try again.","status":409,"code":"concurrency","traceId":"00-034814a4eb9e3674942e1a606
PUT /api/lists/tenancy.access/views/{id:guid} → 409 {"type":"urn:erp:problem:concurrency","title":"Someone else changed this record after you opened it. Reload it and try again.","status":409,"code":"concurrency","traceId":"00-bd446172efcb2449f376b3962
PUT /api/lists/tenancy.access/views/{id:guid} → 409 {"type":"urn:erp:problem:concurrency","title":"Someone else changed this record after you opened it. Reload it and try again.","status":409,"code":"concurrency","traceId":"00-06145d7b00c020c7965ca12f8
PUT /api/lists/tenancy.access/views/{id:guid} → 409 {"type":"urn:erp:problem:concurrency","title":"Someone else changed this record after you opened it. Reload it and try again.","status":409,"code":"concurrency","traceId":"00-2c695e1e14c103878a187d5e2
PUT /api/lists/tenancy.branches/shared-views/{id:guid} → 409 {"type":"urn:erp:problem:concurrency","title":"Someone else changed this record after you opened it. Reload it and try again.","status":409,"code":"concurrency","traceId":"00-d3b9f850e8ac908ca10362ea0
PUT /api/lists/tenancy.branches/shared-views/{id:guid} → 409 {"type":"urn:erp:problem:concurrency","title":"Someone else changed this record after you opened it. Reload it and try again.","status":409,"code":"concurrency","traceId":"00-b4a227193b7b99be4815ca85c
PUT /api/lists/tenancy.branches/shared-views/{id:guid} → 409 {"type":"urn:erp:problem:concurrency","title":"Someone else changed this record after you opened it. Reload it and try again.","status":409,"code":"concurrency","traceId":"00-0084a5dbecd135d21f0ada06e
PUT /api/lists/tenancy.branches/shared-views/{id:guid} → 409 {"type":"urn:erp:problem:concurrency","title":"Someone else changed this record after you opened it. Reload it and try again.","status":409,"code":"concurrency","traceId":"00-3f0fd3c2be9e4d06dbe0f94bb
PUT /api/lists/tenancy.branches/shared-views/{id:guid} → 409 {"type":"urn:erp:problem:concurrency","title":"Someone else changed this record after you opened it. Reload it and try again.","status":409,"code":"concurrency","traceId":"00-157fceb0dbd0db0762543a5b6
PUT /api/lists/tenancy.branches/shared-views/{id:guid} → 409 {"type":"urn:erp:problem:concurrency","title":"Someone else changed this record after you opened it. Reload it and try again.","status":409,"code":"concurrency","traceId":"00-dc4b18a918cf59bbb58328686
PUT /api/lists/tenancy.branches/shared-views/{id:guid} → 409 {"type":"urn:erp:problem:concurrency","title":"Someone else changed this record after you opened it. Reload it and try again.","status":409,"code":"concurrency","traceId":"00-3a445c2dc550c184182d7fc33
PUT /api/lists/tenancy.branches/shared-views/{id:guid} → 409 {"type":"urn:erp:problem:concurrency","title":"Someone else changed this record after you opened it. Reload it and try again.","status":409,"code":"concurrency","traceId":"00-67937ae1329df18afa6955892
PUT /api/lists/tenancy.branches/shared-views/{id:guid} → 409 {"type":"urn:erp:problem:concurrency","title":"Someone else changed this record after you opened it. Reload it and try again.","status":409,"code":"concurrency","traceId":"00-971f8be95d7d6519b95882143
PUT /api/lists/tenancy.branches/shared-views/{id:guid} → 409 {"type":"urn:erp:problem:concurrency","title":"Someone else changed this record after you opened it. Reload it and try again.","status":409,"code":"concurrency","traceId":"00-9d40184c7f91f2f9e98302e5a
PUT /api/lists/tenancy.branches/shared-views/{id:guid} → 409 {"type":"urn:erp:problem:concurrency","title":"Someone else changed this record after you opened it. Reload it and try again.","status":409,"code":"concurrency","traceId":"00-c335ca3a389186ce9e6150535
PUT /api/lists/tenancy.branches/shared-views/{id:guid} → 409 {"type":"urn:erp:problem:concurrency","title":"Someone else changed this record after you opened it. Reload it and try again.","status":409,"code":"concurrency","traceId":"00-a090a7b8b63adc2dff67b1cab
PUT /api/lists/tenancy.branches/shared-views/{id:guid} → 409 {"type":"urn:erp:problem:concurrency","title":"Someone else changed this record after you opened it. Reload it and try again.","status":409,"code":"concurrency","traceId":"00-0b510e69e8810e23f34d52ab7
PUT /api/lists/tenancy.branches/shared-views/{id:guid} → 409 {"type":"urn:erp:problem:concurrency","title":"Someone else changed this record after you opened it. Reload it and try again.","status":409,"code":"concurrency","traceId":"00-79c5bc72f0cc751c03bd98422
PUT /api/lists/tenancy.branches/shared-views/{id:guid} → 409 {"type":"urn:erp:problem:concurrency","title":"Someone else changed this record after you opened it. Reload it and try again.","status":409,"code":"concurrency","traceId":"00-17634dae211844f70dd8420b0
PUT /api/lists/tenancy.branches/shared-views/{id:guid} → 409 {"type":"urn:erp:problem:concurrency","title":"Someone else changed this record after you opened it. Reload it and try again.","status":409,"code":"concurrency","traceId":"00-66385a715a9567a6933ae3644
PUT /api/lists/tenancy.branches/shared-views/{id:guid} → 409 {"type":"urn:erp:problem:concurrency","title":"Someone else changed this record after you opened it. Reload it and try again.","status":409,"code":"concurrency","traceId":"00-208de53adb2b2808a34e9bc55
PUT /api/lists/tenancy.branches/shared-views/{id:guid} → 409 {"type":"urn:erp:problem:concurrency","title":"Someone else changed this record after you opened it. Reload it and try again.","status":409,"code":"concurrency","traceId":"00-d8b2f991da32d1eb06db44690
PUT /api/lists/tenancy.branches/shared-views/{id:guid} → 409 {"type":"urn:erp:problem:concurrency","title":"Someone else changed this record after you opened it. Reload it and try again.","status":409,"code":"concurrency","traceId":"00-3283c2453358e3b46dab4d2c5
PUT /api/lists/tenancy.branches/shared-views/{id:guid} → 409 {"type":"urn:erp:problem:concurrency","title":"Someone else changed this record after you opened it. Reload it and try again.","status":409,"code":"concurrency","traceId":"00-a5b22919af73f373e6201a6b0
PUT /api/lists/tenancy.branches/shared-views/{id:guid} → 409 {"type":"urn:erp:problem:concurrency","title":"Someone else changed this record after you opened it. Reload it and try again.","status":409,"code":"concurrency","traceId":"00-b35064cf21dc90661b20051bd
PUT /api/lists/tenancy.branches/shared-views/{id:guid} → 409 {"type":"urn:erp:problem:concurrency","title":"Someone else changed this record after you opened it. Reload it and try again.","status":409,"code":"concurrency","traceId":"00-29a3279de8ae0699ebcd9e0ac
PUT /api/lists/tenancy.branches/shared-views/{id:guid} → 409 {"type":"urn:erp:problem:concurrency","title":"Someone else changed this record after you opened it. Reload it and try again.","status":409,"code":"concurrency","traceId":"00-2fcb47a541e9f7f1f841d8477
PUT /api/lists/tenancy.branches/shared-views/{id:guid} → 409 {"type":"urn:erp:problem:concurrency","title":"Someone else changed this record after you opened it. Reload it and try again.","status":409,"code":"concurrency","traceId":"00-6b904899be92d19ed5c575c5b
PUT /api/lists/tenancy.branches/shared-views/{id:guid} → 409 {"type":"urn:erp:problem:concurrency","title":"Someone else changed this record after you opened it. Reload it and try again.","status":409,"code":"concurrency","traceId":"00-8998a6fca9efbcc06737f403a
PUT /api/lists/tenancy.branches/shared-views/{id:guid} → 409 {"type":"urn:erp:problem:concurrency","title":"Someone else changed this record after you opened it. Reload it and try again.","status":409,"code":"concurrency","traceId":"00-f2aa39d0a77583700ce9d5150
PUT /api/lists/tenancy.branches/shared-views/{id:guid} → 409 {"type":"urn:erp:problem:concurrency","title":"Someone else changed this record after you opened it. Reload it and try again.","status":409,"code":"concurrency","traceId":"00-fa6951a41dc3ad45e8df57ca1
PUT /api/lists/tenancy.branches/shared-views/{id:guid} → 409 {"type":"urn:erp:problem:concurrency","title":"Someone else changed this record after you opened it. Reload it and try again.","status":409,"code":"concurrency","traceId":"00-3ff0ac3b963f2ef77ef11336f
PUT /api/lists/tenancy.branches/shared-views/{id:guid} → 409 {"type":"urn:erp:problem:concurrency","title":"Someone else changed this record after you opened it. Reload it and try again.","status":409,"code":"concurrency","traceId":"00-425e235d4b2cefa488db240d7
PUT /api/lists/tenancy.branches/shared-views/{id:guid} → 409 {"type":"urn:erp:problem:concurrency","title":"Someone else changed this record after you opened it. Reload it and try again.","status":409,"code":"concurrency","traceId":"00-dd9ec4182f8acae8fc7e79eb1
PUT /api/lists/tenancy.branches/shared-views/{id:guid} → 409 {"type":"urn:erp:problem:concurrency","title":"Someone else changed this record after you opened it. Reload it and try again.","status":409,"code":"concurrency","traceId":"00-faf812b06f4b6aeea56064f13
PUT /api/lists/tenancy.branches/shared-views/{id:guid} → 409 {"type":"urn:erp:problem:concurrency","title":"Someone else changed this record after you opened it. Reload it and try again.","status":409,"code":"concurrency","traceId":"00-3ed0a04151a9e12b50e955e77
PUT /api/lists/tenancy.branches/shared-views/{id:guid} → 409 {"type":"urn:erp:problem:concurrency","title":"Someone else changed this record after you opened it. Reload it and try again.","status":409,"code":"concurrency","traceId":"00-6e88277f03decb76aab6d10f0
PUT /api/lists/tenancy.branches/shared-views/{id:guid} → 409 {"type":"urn:erp:problem:concurrency","title":"Someone else changed this record after you opened it. Reload it and try again.","status":409,"code":"concurrency","traceId":"00-ddeb03e1c0b683d5b0b9cd416
PUT /api/lists/tenancy.branches/shared-views/{id:guid} → 409 {"type":"urn:erp:problem:concurrency","title":"Someone else changed this record after you opened it. Reload it and try again.","status":409,"code":"concurrency","traceId":"00-b5322acfe99721ea7504a230f
PUT /api/lists/tenancy.branches/shared-views/{id:guid} → 409 {"type":"urn:erp:problem:concurrency","title":"Someone else changed this record after you opened it. Reload it and try again.","status":409,"code":"concurrency","traceId":"00-7dd8731070512f422adc728bd
PUT /api/lists/tenancy.branches/shared-views/{id:guid} → 409 {"type":"urn:erp:problem:concurrency","title":"Someone else changed this record after you opened it. Reload it and try again.","status":409,"code":"concurrency","traceId":"00-d78d2567574aebb305a16f704
PUT /api/lists/tenancy.branches/shared-views/{id:guid} → 409 {"type":"urn:erp:problem:concurrency","title":"Someone else changed this record after you opened it. Reload it and try again.","status":409,"code":"concurrency","traceId":"00-07e695c6b154ce9bf5ac9790f
PUT /api/lists/tenancy.branches/shared-views/{id:guid} → 409 {"type":"urn:erp:problem:concurrency","title":"Someone else changed this record after you opened it. Reload it and try again.","status":409,"code":"concurrency","traceId":"00-58c3aeff4552827772106d0ec
PUT /api/lists/tenancy.branches/shared-views/{id:guid} → 409 {"type":"urn:erp:problem:concurrency","title":"Someone else changed this record after you opened it. Reload it and try again.","status":409,"code":"concurrency","traceId":"00-396180602c25bbd9bf313953c
PUT /api/lists/tenancy.branches/shared-views/{id:guid} → 409 {"type":"urn:erp:problem:concurrency","title":"Someone else changed this record after you opened it. Reload it and try again.","status":409,"code":"concurrency","traceId":"00-35076744da4c9b58f1cc0624f
PUT /api/lists/tenancy.branches/shared-views/{id:guid} → 409 {"type":"urn:erp:problem:concurrency","title":"Someone else changed this record after you opened it. Reload it and try again.","status":409,"code":"concurrency","traceId":"00-c13a5911c5d6e8c676d0afd9b
PUT /api/lists/tenancy.branches/shared-views/{id:guid} → 409 {"type":"urn:erp:problem:concurrency","title":"Someone else changed this record after you opened it. Reload it and try again.","status":409,"code":"concurrency","traceId":"00-259bb07eb9eeaf7d535fc4409
PUT /api/lists/tenancy.branches/shared-views/{id:guid} → 409 {"type":"urn:erp:problem:concurrency","title":"Someone else changed this record after you opened it. Reload it and try again.","status":409,"code":"concurrency","traceId":"00-dcbfaf75dc540050b09ddf906
PUT /api/lists/tenancy.branches/shared-views/{id:guid} → 409 {"type":"urn:erp:problem:concurrency","title":"Someone else changed this record after you opened it. Reload it and try again.","status":409,"code":"concurrency","traceId":"00-0b3337f4fe755eee8397973d0
PUT /api/lists/tenancy.branches/shared-views/{id:guid} → 409 {"type":"urn:erp:problem:concurrency","title":"Someone else changed this record after you opened it. Reload it and try again.","status":409,"code":"concurrency","traceId":"00-d0e5382a387dd1790d010f3ca
PUT /api/lists/tenancy.branches/shared-views/{id:guid} → 409 {"type":"urn:erp:problem:concurrency","title":"Someone else changed this record after you opened it. Reload it and try again.","status":409,"code":"concurrency","traceId":"00-bc44bb8f69f0c62a0101b2a77
PUT /api/lists/tenancy.branches/shared-views/{id:guid} → 409 {"type":"urn:erp:problem:concurrency","title":"Someone else changed this record after you opened it. Reload it and try again.","status":409,"code":"concurrency","traceId":"00-a38aff4bf39cd6d39ce0e035f
PUT /api/lists/tenancy.branches/shared-views/{id:guid} → 409 {"type":"urn:erp:problem:concurrency","title":"Someone else changed this record after you opened it. Reload it and try again.","status":409,"code":"concurrency","traceId":"00-0f5965e678758860a9e924215
PUT /api/lists/tenancy.branches/shared-views/{id:guid} → 409 {"type":"urn:erp:problem:concurrency","title":"Someone else changed this record after you opened it. Reload it and try again.","status":409,"code":"concurrency","traceId":"00-e5884bc08b46645746bea91c7
PUT /api/lists/tenancy.branches/shared-views/{id:guid} → 409 {"type":"urn:erp:problem:concurrency","title":"Someone else changed this record after you opened it. Reload it and try again.","status":409,"code":"concurrency","traceId":"00-1972fa377b066f5a24e6f8208
PUT /api/lists/tenancy.branches/shared-views/{id:guid} → 409 {"type":"urn:erp:problem:concurrency","title":"Someone else changed this record after you opened it. Reload it and try again.","status":409,"code":"concurrency","traceId":"00-70133c729cb0da709f61f4f8e
PUT /api/lists/tenancy.branches/shared-views/{id:guid} → 409 {"type":"urn:erp:problem:concurrency","title":"Someone else changed this record after you opened it. Reload it and try again.","status":409,"code":"concurrency","traceId":"00-0a2af20fdcaee025f16123800
PUT /api/lists/tenancy.branches/shared-views/{id:guid} → 409 {"type":"urn:erp:problem:concurrency","title":"Someone else changed this record after you opened it. Reload it and try again.","status":409,"code":"concurrency","traceId":"00-d790b8b19a3d27303c27cfdcc
PUT /api/lists/tenancy.branches/shared-views/{id:guid} → 409 {"type":"urn:erp:problem:concurrency","title":"Someone else changed this record after you opened it. Reload it and try again.","status":409,"code":"concurrency","traceId":"00-84b141584fd32d08779e8891f
PUT /api/lists/tenancy.branches/shared-views/{id:guid} → 409 {"type":"urn:erp:problem:concurrency","title":"Someone else changed this record after you opened it. Reload it and try again.","status":409,"code":"concurrency","traceId":"00-9bb6d00b54f91411a757358d9
PUT /api/lists/tenancy.branches/views/{id:guid} → 409 {"type":"urn:erp:problem:concurrency","title":"Someone else changed this record after you opened it. Reload it and try again.","status":409,"code":"concurrency","traceId":"00-782a5601afa949cd01433017e
PUT /api/lists/tenancy.branches/views/{id:guid} → 409 {"type":"urn:erp:problem:concurrency","title":"Someone else changed this record after you opened it. Reload it and try again.","status":409,"code":"concurrency","traceId":"00-70cb44a937ec29a3935d61c4c
PUT /api/lists/tenancy.branches/views/{id:guid} → 409 {"type":"urn:erp:problem:concurrency","title":"Someone else changed this record after you opened it. Reload it and try again.","status":409,"code":"concurrency","traceId":"00-e212406eac7093c5f125e4e1e
PUT /api/lists/tenancy.branches/views/{id:guid} → 409 {"type":"urn:erp:problem:concurrency","title":"Someone else changed this record after you opened it. Reload it and try again.","status":409,"code":"concurrency","traceId":"00-1fb87f20867de3a3c77f033d6
PUT /api/lists/tenancy.branches/views/{id:guid} → 409 {"type":"urn:erp:problem:concurrency","title":"Someone else changed this record after you opened it. Reload it and try again.","status":409,"code":"concurrency","traceId":"00-0598890d6591c23f2d53aba21
PUT /api/lists/tenancy.branches/views/{id:guid} → 409 {"type":"urn:erp:problem:concurrency","title":"Someone else changed this record after you opened it. Reload it and try again.","status":409,"code":"concurrency","traceId":"00-b7fda58e35077f00720115e58
PUT /api/lists/tenancy.branches/views/{id:guid} → 409 {"type":"urn:erp:problem:concurrency","title":"Someone else changed this record after you opened it. Reload it and try again.","status":409,"code":"concurrency","traceId":"00-feed2f880cf25dcd9bbb7c941
PUT /api/lists/tenancy.branches/views/{id:guid} → 409 {"type":"urn:erp:problem:concurrency","title":"Someone else changed this record after you opened it. Reload it and try again.","status":409,"code":"concurrency","traceId":"00-01c82a77d7b486c39c8f62f00
PUT /api/lists/tenancy.branches/views/{id:guid} → 409 {"type":"urn:erp:problem:concurrency","title":"Someone else changed this record after you opened it. Reload it and try again.","status":409,"code":"concurrency","traceId":"00-4f73dc342ba33786d2383bacb
PUT /api/lists/tenancy.branches/views/{id:guid} → 409 {"type":"urn:erp:problem:concurrency","title":"Someone else changed this record after you opened it. Reload it and try again.","status":409,"code":"concurrency","traceId":"00-37eb3ba7092b934285f8c0852
PUT /api/lists/tenancy.branches/views/{id:guid} → 409 {"type":"urn:erp:problem:concurrency","title":"Someone else changed this record after you opened it. Reload it and try again.","status":409,"code":"concurrency","traceId":"00-dd48777a1bd53656ff037cf45
PUT /api/lists/tenancy.branches/views/{id:guid} → 409 {"type":"urn:erp:problem:concurrency","title":"Someone else changed this record after you opened it. Reload it and try again.","status":409,"code":"concurrency","traceId":"00-b819e35db90069c7abf912854
PUT /api/lists/tenancy.branches/views/{id:guid} → 409 {"type":"urn:erp:problem:concurrency","title":"Someone else changed this record after you opened it. Reload it and try again.","status":409,"code":"concurrency","traceId":"00-ca73d5d3d42fde1babdcdf815
PUT /api/lists/tenancy.branches/views/{id:guid} → 409 {"type":"urn:erp:problem:concurrency","title":"Someone else changed this record after you opened it. Reload it and try again.","status":409,"code":"concurrency","traceId":"00-e0445f8d0086a76ae40ed60a3
PUT /api/lists/tenancy.branches/views/{id:guid} → 409 {"type":"urn:erp:problem:concurrency","title":"Someone else changed this record after you opened it. Reload it and try again.","status":409,"code":"concurrency","traceId":"00-4eb781992818760eebc0f2011
PUT /api/lists/tenancy.branches/views/{id:guid} → 409 {"type":"urn:erp:problem:concurrency","title":"Someone else changed this record after you opened it. Reload it and try again.","status":409,"code":"concurrency","traceId":"00-c58b30a9fb65c5b4eaad69cd0
PUT /api/lists/tenancy.branches/views/{id:guid} → 409 {"type":"urn:erp:problem:concurrency","title":"Someone else changed this record after you opened it. Reload it and try again.","status":409,"code":"concurrency","traceId":"00-4505870fd0b66b0d4374ca2c7
PUT /api/lists/tenancy.branches/views/{id:guid} → 409 {"type":"urn:erp:problem:concurrency","title":"Someone else changed this record after you opened it. Reload it and try again.","status":409,"code":"concurrency","traceId":"00-650283bbf6ad80d3916a22a3a
PUT /api/lists/tenancy.branches/views/{id:guid} → 409 {"type":"urn:erp:problem:concurrency","title":"Someone else changed this record after you opened it. Reload it and try again.","status":409,"code":"concurrency","traceId":"00-3da0c39c655e6c773a5f22e62
PUT /api/lists/tenancy.branches/views/{id:guid} → 409 {"type":"urn:erp:problem:concurrency","title":"Someone else changed this record after you opened it. Reload it and try again.","status":409,"code":"concurrency","traceId":"00-0529a58287e1854c97f7ccee9
PUT /api/lists/tenancy.branches/views/{id:guid} → 409 {"type":"urn:erp:problem:concurrency","title":"Someone else changed this record after you opened it. Reload it and try again.","status":409,"code":"concurrency","traceId":"00-46317907787b41739bbd1d131
PUT /api/lists/tenancy.branches/views/{id:guid} → 409 {"type":"urn:erp:problem:concurrency","title":"Someone else changed this record after you opened it. Reload it and try again.","status":409,"code":"concurrency","traceId":"00-82f937e8084338ae07ce4f80e
PUT /api/lists/tenancy.branches/views/{id:guid} → 409 {"type":"urn:erp:problem:concurrency","title":"Someone else changed this record after you opened it. Reload it and try again.","status":409,"code":"concurrency","traceId":"00-a070d3c476a02e24724b40264
PUT /api/lists/tenancy.branches/views/{id:guid} → 409 {"type":"urn:erp:problem:concurrency","title":"Someone else changed this record after you opened it. Reload it and try again.","status":409,"code":"concurrency","traceId":"00-5d32d9b3e0a09ec141dc2dd96
PUT /api/lists/tenancy.branches/views/{id:guid} → 409 {"type":"urn:erp:problem:concurrency","title":"Someone else changed this record after you opened it. Reload it and try again.","status":409,"code":"concurrency","traceId":"00-8f7ac7fec8c521f13e5bcea24
PUT /api/lists/tenancy.branches/views/{id:guid} → 409 {"type":"urn:erp:problem:concurrency","title":"Someone else changed this record after you opened it. Reload it and try again.","status":409,"code":"concurrency","traceId":"00-de6623d3aee8bc216a8f3333e
PUT /api/lists/tenancy.branches/views/{id:guid} → 409 {"type":"urn:erp:problem:concurrency","title":"Someone else changed this record after you opened it. Reload it and try again.","status":409,"code":"concurrency","traceId":"00-fb037f578d33b4e20508df41c
PUT /api/lists/tenancy.branches/views/{id:guid} → 409 {"type":"urn:erp:problem:concurrency","title":"Someone else changed this record after you opened it. Reload it and try again.","status":409,"code":"concurrency","traceId":"00-3042e0ad72a2a0ed9e3e3ce79
PUT /api/lists/tenancy.branches/views/{id:guid} → 409 {"type":"urn:erp:problem:concurrency","title":"Someone else changed this record after you opened it. Reload it and try again.","status":409,"code":"concurrency","traceId":"00-17fd414e71aded1f78c151387
PUT /api/lists/tenancy.branches/views/{id:guid} → 409 {"type":"urn:erp:problem:concurrency","title":"Someone else changed this record after you opened it. Reload it and try again.","status":409,"code":"concurrency","traceId":"00-261407d6e5e38b8eec95b4b7d
PUT /api/lists/tenancy.branches/views/{id:guid} → 409 {"type":"urn:erp:problem:concurrency","title":"Someone else changed this record after you opened it. Reload it and try again.","status":409,"code":"concurrency","traceId":"00-1617848f02ec3e4b11c96d7a8
PUT /api/lists/tenancy.branches/views/{id:guid} → 409 {"type":"urn:erp:problem:concurrency","title":"Someone else changed this record after you opened it. Reload it and try again.","status":409,"code":"concurrency","traceId":"00-1738bdb61a5f7c71d3730ada0
PUT /api/lists/tenancy.branches/views/{id:guid} → 409 {"type":"urn:erp:problem:concurrency","title":"Someone else changed this record after you opened it. Reload it and try again.","status":409,"code":"concurrency","traceId":"00-1dbc5e3ac4d136e6f43ad2b2b
PUT /api/lists/tenancy.branches/views/{id:guid} → 409 {"type":"urn:erp:problem:concurrency","title":"Someone else changed this record after you opened it. Reload it and try again.","status":409,"code":"concurrency","traceId":"00-fb7c753a4945820bf1f54a570
PUT /api/lists/tenancy.branches/views/{id:guid} → 409 {"type":"urn:erp:problem:concurrency","title":"Someone else changed this record after you opened it. Reload it and try again.","status":409,"code":"concurrency","traceId":"00-3b53cff75aeb9c6f6e4008c5b
PUT /api/lists/tenancy.branches/views/{id:guid} → 409 {"type":"urn:erp:problem:concurrency","title":"Someone else changed this record after you opened it. Reload it and try again.","status":409,"code":"concurrency","traceId":"00-88d7867316c0fd37f9056f831
PUT /api/lists/tenancy.branches/views/{id:guid} → 409 {"type":"urn:erp:problem:concurrency","title":"Someone else changed this record after you opened it. Reload it and try again.","status":409,"code":"concurrency","traceId":"00-b7b7b4deed4f1b23a6cd9f74f
PUT /api/lists/tenancy.branches/views/{id:guid} → 409 {"type":"urn:erp:problem:concurrency","title":"Someone else changed this record after you opened it. Reload it and try again.","status":409,"code":"concurrency","traceId":"00-d96383daaf166d320ffd156a2
PUT /api/lists/tenancy.branches/views/{id:guid} → 409 {"type":"urn:erp:problem:concurrency","title":"Someone else changed this record after you opened it. Reload it and try again.","status":409,"code":"concurrency","traceId":"00-72eb68bd78dac2a6204783d7e
PUT /api/lists/tenancy.branches/views/{id:guid} → 409 {"type":"urn:erp:problem:concurrency","title":"Someone else changed this record after you opened it. Reload it and try again.","status":409,"code":"concurrency","traceId":"00-43e77de36e8a1d452e33546e7
PUT /api/lists/tenancy.branches/views/{id:guid} → 409 {"type":"urn:erp:problem:concurrency","title":"Someone else changed this record after you opened it. Reload it and try again.","status":409,"code":"concurrency","traceId":"00-1c8b1d420a2669ea1ba04aa96
PUT /api/lists/tenancy.branches/views/{id:guid} → 409 {"type":"urn:erp:problem:concurrency","title":"Someone else changed this record after you opened it. Reload it and try again.","status":409,"code":"concurrency","traceId":"00-5827be9659cb923eea84fb63f
PUT /api/lists/tenancy.branches/views/{id:guid} → 409 {"type":"urn:erp:problem:concurrency","title":"Someone else changed this record after you opened it. Reload it and try again.","status":409,"code":"concurrency","traceId":"00-3bd44afd10edf78650569f417
PUT /api/lists/tenancy.branches/views/{id:guid} → 409 {"type":"urn:erp:problem:concurrency","title":"Someone else changed this record after you opened it. Reload it and try again.","status":409,"code":"concurrency","traceId":"00-5759da4e57f86f6db433e6388
PUT /api/lists/tenancy.branches/views/{id:guid} → 409 {"type":"urn:erp:problem:concurrency","title":"Someone else changed this record after you opened it. Reload it and try again.","status":409,"code":"concurrency","traceId":"00-df7e18400317ba7c48fca5371
PUT /api/lists/tenancy.branches/views/{id:guid} → 409 {"type":"urn:erp:problem:concurrency","title":"Someone else changed this record after you opened it. Reload it and try again.","status":409,"code":"concurrency","traceId":"00-7220e96ecbde0ee2968730873
PUT /api/lists/tenancy.branches/views/{id:guid} → 409 {"type":"urn:erp:problem:concurrency","title":"Someone else changed this record after you opened it. Reload it and try again.","status":409,"code":"concurrency","traceId":"00-05c866bde4e6337cdc3fd18bd
PUT /api/lists/tenancy.branches/views/{id:guid} → 409 {"type":"urn:erp:problem:concurrency","title":"Someone else changed this record after you opened it. Reload it and try again.","status":409,"code":"concurrency","traceId":"00-1f4bc7d55f838aee25d260fc5
PUT /api/lists/tenancy.branches/views/{id:guid} → 409 {"type":"urn:erp:problem:concurrency","title":"Someone else changed this record after you opened it. Reload it and try again.","status":409,"code":"concurrency","traceId":"00-164e7b0c36289d27957b64b9d
PUT /api/lists/tenancy.branches/views/{id:guid} → 409 {"type":"urn:erp:problem:concurrency","title":"Someone else changed this record after you opened it. Reload it and try again.","status":409,"code":"concurrency","traceId":"00-e4e20fd718596e010be01d1bd
PUT /api/lists/tenancy.branches/views/{id:guid} → 409 {"type":"urn:erp:problem:concurrency","title":"Someone else changed this record after you opened it. Reload it and try again.","status":409,"code":"concurrency","traceId":"00-b522b3ce94cc037c0e9d47546
PUT /api/lists/tenancy.branches/views/{id:guid} → 409 {"type":"urn:erp:problem:concurrency","title":"Someone else changed this record after you opened it. Reload it and try again.","status":409,"code":"concurrency","traceId":"00-b26850a393bb30687f1eae38d
PUT /api/lists/tenancy.branches/views/{id:guid} → 409 {"type":"urn:erp:problem:concurrency","title":"Someone else changed this record after you opened it. Reload it and try again.","status":409,"code":"concurrency","traceId":"00-47efc02cb3a3ca8e023b7239f
PUT /api/lists/tenancy.branches/views/{id:guid} → 409 {"type":"urn:erp:problem:concurrency","title":"Someone else changed this record after you opened it. Reload it and try again.","status":409,"code":"concurrency","traceId":"00-36147f00cbe0398b5bf9713ac
PUT /api/lists/tenancy.branches/views/{id:guid} → 409 {"type":"urn:erp:problem:concurrency","title":"Someone else changed this record after you opened it. Reload it and try again.","status":409,"code":"concurrency","traceId":"00-d5696bdeaeb644710a112459c
PUT /api/lists/tenancy.branches/views/{id:guid} → 409 {"type":"urn:erp:problem:concurrency","title":"Someone else changed this record after you opened it. Reload it and try again.","status":409,"code":"concurrency","traceId":"00-f2de41e4e2fe93a7c5a23f060
PUT /api/lists/tenancy.companies/shared-views/{id:guid} → 409 {"type":"urn:erp:problem:concurrency","title":"Someone else changed this record after you opened it. Reload it and try again.","status":409,"code":"concurrency","traceId":"00-c80f6437a80cdec259d006d62
PUT /api/lists/tenancy.companies/shared-views/{id:guid} → 409 {"type":"urn:erp:problem:concurrency","title":"Someone else changed this record after you opened it. Reload it and try again.","status":409,"code":"concurrency","traceId":"00-de14cd9fcdcf9c1fbe3fffef4
PUT /api/lists/tenancy.companies/shared-views/{id:guid} → 409 {"type":"urn:erp:problem:concurrency","title":"Someone else changed this record after you opened it. Reload it and try again.","status":409,"code":"concurrency","traceId":"00-0a9b078818772233e178680a3
PUT /api/lists/tenancy.companies/shared-views/{id:guid} → 409 {"type":"urn:erp:problem:concurrency","title":"Someone else changed this record after you opened it. Reload it and try again.","status":409,"code":"concurrency","traceId":"00-fb453138f16aad3be598ee563
PUT /api/lists/tenancy.companies/shared-views/{id:guid} → 409 {"type":"urn:erp:problem:concurrency","title":"Someone else changed this record after you opened it. Reload it and try again.","status":409,"code":"concurrency","traceId":"00-90698b941a993201b84e61d40
PUT /api/lists/tenancy.companies/shared-views/{id:guid} → 409 {"type":"urn:erp:problem:concurrency","title":"Someone else changed this record after you opened it. Reload it and try again.","status":409,"code":"concurrency","traceId":"00-3f3f032b4e3a8ba8f9f09a6d7
PUT /api/lists/tenancy.companies/shared-views/{id:guid} → 409 {"type":"urn:erp:problem:concurrency","title":"Someone else changed this record after you opened it. Reload it and try again.","status":409,"code":"concurrency","traceId":"00-3931e3f7e1d59426b370f4e32
PUT /api/lists/tenancy.companies/shared-views/{id:guid} → 409 {"type":"urn:erp:problem:concurrency","title":"Someone else changed this record after you opened it. Reload it and try again.","status":409,"code":"concurrency","traceId":"00-86693e9ed74bf707add8e8470
PUT /api/lists/tenancy.companies/shared-views/{id:guid} → 409 {"type":"urn:erp:problem:concurrency","title":"Someone else changed this record after you opened it. Reload it and try again.","status":409,"code":"concurrency","traceId":"00-3bdc5c1b81f464d13bd3d36ff
PUT /api/lists/tenancy.companies/shared-views/{id:guid} → 409 {"type":"urn:erp:problem:concurrency","title":"Someone else changed this record after you opened it. Reload it and try again.","status":409,"code":"concurrency","traceId":"00-12ffcb479e618fc43ef19fbdb
PUT /api/lists/tenancy.companies/shared-views/{id:guid} → 409 {"type":"urn:erp:problem:concurrency","title":"Someone else changed this record after you opened it. Reload it and try again.","status":409,"code":"concurrency","traceId":"00-750126be4a5903e8fdaaf80cc
PUT /api/lists/tenancy.companies/shared-views/{id:guid} → 409 {"type":"urn:erp:problem:concurrency","title":"Someone else changed this record after you opened it. Reload it and try again.","status":409,"code":"concurrency","traceId":"00-a6f403dde6e750618b69031e1
PUT /api/lists/tenancy.companies/shared-views/{id:guid} → 409 {"type":"urn:erp:problem:concurrency","title":"Someone else changed this record after you opened it. Reload it and try again.","status":409,"code":"concurrency","traceId":"00-54089148045108b08b87a754d
PUT /api/lists/tenancy.companies/shared-views/{id:guid} → 409 {"type":"urn:erp:problem:concurrency","title":"Someone else changed this record after you opened it. Reload it and try again.","status":409,"code":"concurrency","traceId":"00-a61fb077426ded2fcffe13285
PUT /api/lists/tenancy.companies/shared-views/{id:guid} → 409 {"type":"urn:erp:problem:concurrency","title":"Someone else changed this record after you opened it. Reload it and try again.","status":409,"code":"concurrency","traceId":"00-84d7b1d5a3be877d73cf33562
PUT /api/lists/tenancy.companies/shared-views/{id:guid} → 409 {"type":"urn:erp:problem:concurrency","title":"Someone else changed this record after you opened it. Reload it and try again.","status":409,"code":"concurrency","traceId":"00-b8cfd2216f6e0deb1a9ba1677
PUT /api/lists/tenancy.companies/shared-views/{id:guid} → 409 {"type":"urn:erp:problem:concurrency","title":"Someone else changed this record after you opened it. Reload it and try again.","status":409,"code":"concurrency","traceId":"00-d174b95fc295aa434a4dd38d6
PUT /api/lists/tenancy.companies/shared-views/{id:guid} → 409 {"type":"urn:erp:problem:concurrency","title":"Someone else changed this record after you opened it. Reload it and try again.","status":409,"code":"concurrency","traceId":"00-f36768357a8c8d4aa09d7fecd
PUT /api/lists/tenancy.companies/shared-views/{id:guid} → 409 {"type":"urn:erp:problem:concurrency","title":"Someone else changed this record after you opened it. Reload it and try again.","status":409,"code":"concurrency","traceId":"00-328c3e47c645ac57f5c2a5c4b
PUT /api/lists/tenancy.companies/shared-views/{id:guid} → 409 {"type":"urn:erp:problem:concurrency","title":"Someone else changed this record after you opened it. Reload it and try again.","status":409,"code":"concurrency","traceId":"00-bd61f0136b6f912bea18518a6
PUT /api/lists/tenancy.companies/shared-views/{id:guid} → 409 {"type":"urn:erp:problem:concurrency","title":"Someone else changed this record after you opened it. Reload it and try again.","status":409,"code":"concurrency","traceId":"00-45fc8c18434a6f76e3edfd741
PUT /api/lists/tenancy.companies/shared-views/{id:guid} → 409 {"type":"urn:erp:problem:concurrency","title":"Someone else changed this record after you opened it. Reload it and try again.","status":409,"code":"concurrency","traceId":"00-dcacc25658fdf201963ddbd47
PUT /api/lists/tenancy.companies/shared-views/{id:guid} → 409 {"type":"urn:erp:problem:concurrency","title":"Someone else changed this record after you opened it. Reload it and try again.","status":409,"code":"concurrency","traceId":"00-a0778bd5ee1cebd20edcd0c3f
PUT /api/lists/tenancy.companies/shared-views/{id:guid} → 409 {"type":"urn:erp:problem:concurrency","title":"Someone else changed this record after you opened it. Reload it and try again.","status":409,"code":"concurrency","traceId":"00-b8cab7f0af80b51718135121f
PUT /api/lists/tenancy.companies/shared-views/{id:guid} → 409 {"type":"urn:erp:problem:concurrency","title":"Someone else changed this record after you opened it. Reload it and try again.","status":409,"code":"concurrency","traceId":"00-0d1b0c600a0a48c4681dbdaef
PUT /api/lists/tenancy.companies/shared-views/{id:guid} → 409 {"type":"urn:erp:problem:concurrency","title":"Someone else changed this record after you opened it. Reload it and try again.","status":409,"code":"concurrency","traceId":"00-5cc9c5ec64f15b1936d45f486
PUT /api/lists/tenancy.companies/shared-views/{id:guid} → 409 {"type":"urn:erp:problem:concurrency","title":"Someone else changed this record after you opened it. Reload it and try again.","status":409,"code":"concurrency","traceId":"00-7ce5f8ed1526814e20b030356
PUT /api/lists/tenancy.companies/shared-views/{id:guid} → 409 {"type":"urn:erp:problem:concurrency","title":"Someone else changed this record after you opened it. Reload it and try again.","status":409,"code":"concurrency","traceId":"00-7d36e4c4ade65db268fcf5d51
PUT /api/lists/tenancy.companies/shared-views/{id:guid} → 409 {"type":"urn:erp:problem:concurrency","title":"Someone else changed this record after you opened it. Reload it and try again.","status":409,"code":"concurrency","traceId":"00-9929ec0477ab531ec440090f0
PUT /api/lists/tenancy.companies/shared-views/{id:guid} → 409 {"type":"urn:erp:problem:concurrency","title":"Someone else changed this record after you opened it. Reload it and try again.","status":409,"code":"concurrency","traceId":"00-570b913b79c5e7b43b851fbc6
PUT /api/lists/tenancy.companies/shared-views/{id:guid} → 409 {"type":"urn:erp:problem:concurrency","title":"Someone else changed this record after you opened it. Reload it and try again.","status":409,"code":"concurrency","traceId":"00-e9d2384f7d836c5bde65c7c2b
PUT /api/lists/tenancy.companies/shared-views/{id:guid} → 409 {"type":"urn:erp:problem:concurrency","title":"Someone else changed this record after you opened it. Reload it and try again.","status":409,"code":"concurrency","traceId":"00-5820c52cd3ebf33ef58621c70
PUT /api/lists/tenancy.companies/shared-views/{id:guid} → 409 {"type":"urn:erp:problem:concurrency","title":"Someone else changed this record after you opened it. Reload it and try again.","status":409,"code":"concurrency","traceId":"00-b57a3f0acef38769ade8a1a77
PUT /api/lists/tenancy.companies/shared-views/{id:guid} → 409 {"type":"urn:erp:problem:concurrency","title":"Someone else changed this record after you opened it. Reload it and try again.","status":409,"code":"concurrency","traceId":"00-e6a087b70fb78a5bf2d6b4597
PUT /api/lists/tenancy.companies/shared-views/{id:guid} → 409 {"type":"urn:erp:problem:concurrency","title":"Someone else changed this record after you opened it. Reload it and try again.","status":409,"code":"concurrency","traceId":"00-ef8a2ff61fda6e9fe99e5da4c
PUT /api/lists/tenancy.companies/shared-views/{id:guid} → 409 {"type":"urn:erp:problem:concurrency","title":"Someone else changed this record after you opened it. Reload it and try again.","status":409,"code":"concurrency","traceId":"00-9e184d194480e7c021b770e4c
PUT /api/lists/tenancy.companies/shared-views/{id:guid} → 409 {"type":"urn:erp:problem:concurrency","title":"Someone else changed this record after you opened it. Reload it and try again.","status":409,"code":"concurrency","traceId":"00-b588187bd01fc5877fccc14a5
PUT /api/lists/tenancy.companies/shared-views/{id:guid} → 409 {"type":"urn:erp:problem:concurrency","title":"Someone else changed this record after you opened it. Reload it and try again.","status":409,"code":"concurrency","traceId":"00-98375d339969ba267217de94b
PUT /api/lists/tenancy.companies/shared-views/{id:guid} → 409 {"type":"urn:erp:problem:concurrency","title":"Someone else changed this record after you opened it. Reload it and try again.","status":409,"code":"concurrency","traceId":"00-51896401af38ebe7350a182b0
PUT /api/lists/tenancy.companies/shared-views/{id:guid} → 409 {"type":"urn:erp:problem:concurrency","title":"Someone else changed this record after you opened it. Reload it and try again.","status":409,"code":"concurrency","traceId":"00-f06dfee0c958db8aca54bdb39
PUT /api/lists/tenancy.companies/shared-views/{id:guid} → 409 {"type":"urn:erp:problem:concurrency","title":"Someone else changed this record after you opened it. Reload it and try again.","status":409,"code":"concurrency","traceId":"00-fdb2fc35e2cae392a4a084bfd
PUT /api/lists/tenancy.companies/shared-views/{id:guid} → 409 {"type":"urn:erp:problem:concurrency","title":"Someone else changed this record after you opened it. Reload it and try again.","status":409,"code":"concurrency","traceId":"00-c806269bc8900dba43507a1ee
PUT /api/lists/tenancy.companies/shared-views/{id:guid} → 409 {"type":"urn:erp:problem:concurrency","title":"Someone else changed this record after you opened it. Reload it and try again.","status":409,"code":"concurrency","traceId":"00-019cbf48c1628412d3b4fb6a1
PUT /api/lists/tenancy.companies/shared-views/{id:guid} → 409 {"type":"urn:erp:problem:concurrency","title":"Someone else changed this record after you opened it. Reload it and try again.","status":409,"code":"concurrency","traceId":"00-20d1d8a75c29a8c4b57252c45
PUT /api/lists/tenancy.companies/shared-views/{id:guid} → 409 {"type":"urn:erp:problem:concurrency","title":"Someone else changed this record after you opened it. Reload it and try again.","status":409,"code":"concurrency","traceId":"00-0dc6d4971d6c6c745563be6ba
PUT /api/lists/tenancy.companies/shared-views/{id:guid} → 409 {"type":"urn:erp:problem:concurrency","title":"Someone else changed this record after you opened it. Reload it and try again.","status":409,"code":"concurrency","traceId":"00-f562ccec1148e37d4f28d1f79
PUT /api/lists/tenancy.companies/shared-views/{id:guid} → 409 {"type":"urn:erp:problem:concurrency","title":"Someone else changed this record after you opened it. Reload it and try again.","status":409,"code":"concurrency","traceId":"00-4ea1ac21585f3acd6976f4dfb
PUT /api/lists/tenancy.companies/shared-views/{id:guid} → 409 {"type":"urn:erp:problem:concurrency","title":"Someone else changed this record after you opened it. Reload it and try again.","status":409,"code":"concurrency","traceId":"00-71e6437daa281de571b38f9b6
PUT /api/lists/tenancy.companies/shared-views/{id:guid} → 409 {"type":"urn:erp:problem:concurrency","title":"Someone else changed this record after you opened it. Reload it and try again.","status":409,"code":"concurrency","traceId":"00-477f80b2b66d1b2306a449fe2
PUT /api/lists/tenancy.companies/shared-views/{id:guid} → 409 {"type":"urn:erp:problem:concurrency","title":"Someone else changed this record after you opened it. Reload it and try again.","status":409,"code":"concurrency","traceId":"00-dc2decc78977703536f2f8d2e
PUT /api/lists/tenancy.companies/shared-views/{id:guid} → 409 {"type":"urn:erp:problem:concurrency","title":"Someone else changed this record after you opened it. Reload it and try again.","status":409,"code":"concurrency","traceId":"00-e21e9c4447044a29c704a31ab
PUT /api/lists/tenancy.companies/shared-views/{id:guid} → 409 {"type":"urn:erp:problem:concurrency","title":"Someone else changed this record after you opened it. Reload it and try again.","status":409,"code":"concurrency","traceId":"00-cd84124ea091afca5fe120eba
PUT /api/lists/tenancy.companies/shared-views/{id:guid} → 409 {"type":"urn:erp:problem:concurrency","title":"Someone else changed this record after you opened it. Reload it and try again.","status":409,"code":"concurrency","traceId":"00-13bf847fbc8a6bb1c1c725417
PUT /api/lists/tenancy.companies/shared-views/{id:guid} → 409 {"type":"urn:erp:problem:concurrency","title":"Someone else changed this record after you opened it. Reload it and try again.","status":409,"code":"concurrency","traceId":"00-69bf1346ab1d1f7eefc707044
PUT /api/lists/tenancy.companies/shared-views/{id:guid} → 409 {"type":"urn:erp:problem:concurrency","title":"Someone else changed this record after you opened it. Reload it and try again.","status":409,"code":"concurrency","traceId":"00-f8f003de43a33c9b5eccfb339
PUT /api/lists/tenancy.companies/shared-views/{id:guid} → 409 {"type":"urn:erp:problem:concurrency","title":"Someone else changed this record after you opened it. Reload it and try again.","status":409,"code":"concurrency","traceId":"00-dc7d7b1fecc79575a7cf4a16b
PUT /api/lists/tenancy.companies/shared-views/{id:guid} → 409 {"type":"urn:erp:problem:concurrency","title":"Someone else changed this record after you opened it. Reload it and try again.","status":409,"code":"concurrency","traceId":"00-4b199437c982749c5576159c7
PUT /api/lists/tenancy.companies/shared-views/{id:guid} → 409 {"type":"urn:erp:problem:concurrency","title":"Someone else changed this record after you opened it. Reload it and try again.","status":409,"code":"concurrency","traceId":"00-2d957b05dacf10d500b344de0
PUT /api/lists/tenancy.companies/shared-views/{id:guid} → 409 {"type":"urn:erp:problem:concurrency","title":"Someone else changed this record after you opened it. Reload it and try again.","status":409,"code":"concurrency","traceId":"00-2fe96fd478798729a9bcd9d86
PUT /api/lists/tenancy.companies/shared-views/{id:guid} → 409 {"type":"urn:erp:problem:concurrency","title":"Someone else changed this record after you opened it. Reload it and try again.","status":409,"code":"concurrency","traceId":"00-ee86a8012bf112da2ebd40e80
PUT /api/lists/tenancy.companies/shared-views/{id:guid} → 409 {"type":"urn:erp:problem:concurrency","title":"Someone else changed this record after you opened it. Reload it and try again.","status":409,"code":"concurrency","traceId":"00-9191ff2d8bd531271bb4fa5b0
PUT /api/lists/tenancy.companies/views/{id:guid} → 409 {"type":"urn:erp:problem:concurrency","title":"Someone else changed this record after you opened it. Reload it and try again.","status":409,"code":"concurrency","traceId":"00-dadd751c603c3b5d55111e71a
PUT /api/lists/tenancy.companies/views/{id:guid} → 409 {"type":"urn:erp:problem:concurrency","title":"Someone else changed this record after you opened it. Reload it and try again.","status":409,"code":"concurrency","traceId":"00-11472c7e0633d7800210f4eb9
PUT /api/lists/tenancy.companies/views/{id:guid} → 409 {"type":"urn:erp:problem:concurrency","title":"Someone else changed this record after you opened it. Reload it and try again.","status":409,"code":"concurrency","traceId":"00-a1c191e225134818021a42cf2
PUT /api/lists/tenancy.companies/views/{id:guid} → 409 {"type":"urn:erp:problem:concurrency","title":"Someone else changed this record after you opened it. Reload it and try again.","status":409,"code":"concurrency","traceId":"00-8c44722b43b586b4094b64a19
PUT /api/lists/tenancy.companies/views/{id:guid} → 409 {"type":"urn:erp:problem:concurrency","title":"Someone else changed this record after you opened it. Reload it and try again.","status":409,"code":"concurrency","traceId":"00-4ef8be6e406ac1bf6fd568bad
PUT /api/lists/tenancy.companies/views/{id:guid} → 409 {"type":"urn:erp:problem:concurrency","title":"Someone else changed this record after you opened it. Reload it and try again.","status":409,"code":"concurrency","traceId":"00-37cbd9398e89d3301dd88426f
PUT /api/lists/tenancy.companies/views/{id:guid} → 409 {"type":"urn:erp:problem:concurrency","title":"Someone else changed this record after you opened it. Reload it and try again.","status":409,"code":"concurrency","traceId":"00-a9d5daad08628d64ca326421a
PUT /api/lists/tenancy.companies/views/{id:guid} → 409 {"type":"urn:erp:problem:concurrency","title":"Someone else changed this record after you opened it. Reload it and try again.","status":409,"code":"concurrency","traceId":"00-3f9017188110d6597ab83d54e
PUT /api/lists/tenancy.companies/views/{id:guid} → 409 {"type":"urn:erp:problem:concurrency","title":"Someone else changed this record after you opened it. Reload it and try again.","status":409,"code":"concurrency","traceId":"00-58c571ca272d1e5442b4a36d8
PUT /api/lists/tenancy.companies/views/{id:guid} → 409 {"type":"urn:erp:problem:concurrency","title":"Someone else changed this record after you opened it. Reload it and try again.","status":409,"code":"concurrency","traceId":"00-fe8822368cdfda767056c8079
PUT /api/lists/tenancy.companies/views/{id:guid} → 409 {"type":"urn:erp:problem:concurrency","title":"Someone else changed this record after you opened it. Reload it and try again.","status":409,"code":"concurrency","traceId":"00-e1b441c381b9ea37b4e054b0d
PUT /api/lists/tenancy.companies/views/{id:guid} → 409 {"type":"urn:erp:problem:concurrency","title":"Someone else changed this record after you opened it. Reload it and try again.","status":409,"code":"concurrency","traceId":"00-ab90b5cfb8906a5d8cd799dec
PUT /api/lists/tenancy.companies/views/{id:guid} → 409 {"type":"urn:erp:problem:concurrency","title":"Someone else changed this record after you opened it. Reload it and try again.","status":409,"code":"concurrency","traceId":"00-1c9059be7cef89b537b0ec569
PUT /api/lists/tenancy.companies/views/{id:guid} → 409 {"type":"urn:erp:problem:concurrency","title":"Someone else changed this record after you opened it. Reload it and try again.","status":409,"code":"concurrency","traceId":"00-7cf51c7eab71cb5183847b23c
PUT /api/lists/tenancy.companies/views/{id:guid} → 409 {"type":"urn:erp:problem:concurrency","title":"Someone else changed this record after you opened it. Reload it and try again.","status":409,"code":"concurrency","traceId":"00-f5a57bc27634e8985ccc1262e
PUT /api/lists/tenancy.companies/views/{id:guid} → 409 {"type":"urn:erp:problem:concurrency","title":"Someone else changed this record after you opened it. Reload it and try again.","status":409,"code":"concurrency","traceId":"00-8ccff63e6aeeffd7188d4ed00
PUT /api/lists/tenancy.companies/views/{id:guid} → 409 {"type":"urn:erp:problem:concurrency","title":"Someone else changed this record after you opened it. Reload it and try again.","status":409,"code":"concurrency","traceId":"00-0234a2bec67df1bbafb608dbf
PUT /api/lists/tenancy.companies/views/{id:guid} → 409 {"type":"urn:erp:problem:concurrency","title":"Someone else changed this record after you opened it. Reload it and try again.","status":409,"code":"concurrency","traceId":"00-d4b6d3ac5928b0b2ce1176649
PUT /api/lists/tenancy.companies/views/{id:guid} → 409 {"type":"urn:erp:problem:concurrency","title":"Someone else changed this record after you opened it. Reload it and try again.","status":409,"code":"concurrency","traceId":"00-be296259f565375edbeff584d
PUT /api/lists/tenancy.companies/views/{id:guid} → 409 {"type":"urn:erp:problem:concurrency","title":"Someone else changed this record after you opened it. Reload it and try again.","status":409,"code":"concurrency","traceId":"00-594485db03ce8bf44400de43e
PUT /api/lists/tenancy.companies/views/{id:guid} → 409 {"type":"urn:erp:problem:concurrency","title":"Someone else changed this record after you opened it. Reload it and try again.","status":409,"code":"concurrency","traceId":"00-619630d437bd10002d0d1f39e
PUT /api/lists/tenancy.companies/views/{id:guid} → 409 {"type":"urn:erp:problem:concurrency","title":"Someone else changed this record after you opened it. Reload it and try again.","status":409,"code":"concurrency","traceId":"00-baaa9fe5f1c366ef61e75b617
PUT /api/lists/tenancy.companies/views/{id:guid} → 409 {"type":"urn:erp:problem:concurrency","title":"Someone else changed this record after you opened it. Reload it and try again.","status":409,"code":"concurrency","traceId":"00-5b91a4cc830c5d098c5aa553d
PUT /api/lists/tenancy.companies/views/{id:guid} → 409 {"type":"urn:erp:problem:concurrency","title":"Someone else changed this record after you opened it. Reload it and try again.","status":409,"code":"concurrency","traceId":"00-361cbcfc7de5bc63a04237241
PUT /api/lists/tenancy.companies/views/{id:guid} → 409 {"type":"urn:erp:problem:concurrency","title":"Someone else changed this record after you opened it. Reload it and try again.","status":409,"code":"concurrency","traceId":"00-8c18197289ee4be2ecaec5d3d
PUT /api/lists/tenancy.companies/views/{id:guid} → 409 {"type":"urn:erp:problem:concurrency","title":"Someone else changed this record after you opened it. Reload it and try again.","status":409,"code":"concurrency","traceId":"00-ece6a326467a5115baaed37ad
PUT /api/lists/tenancy.companies/views/{id:guid} → 409 {"type":"urn:erp:problem:concurrency","title":"Someone else changed this record after you opened it. Reload it and try again.","status":409,"code":"concurrency","traceId":"00-a6521d5cfbbaf6ae80f4dec23
PUT /api/lists/tenancy.companies/views/{id:guid} → 409 {"type":"urn:erp:problem:concurrency","title":"Someone else changed this record after you opened it. Reload it and try again.","status":409,"code":"concurrency","traceId":"00-624e0e60f872181b6ac6c6523
PUT /api/lists/tenancy.companies/views/{id:guid} → 409 {"type":"urn:erp:problem:concurrency","title":"Someone else changed this record after you opened it. Reload it and try again.","status":409,"code":"concurrency","traceId":"00-c212c8fd4ffa27f29da67823c
PUT /api/lists/tenancy.companies/views/{id:guid} → 409 {"type":"urn:erp:problem:concurrency","title":"Someone else changed this record after you opened it. Reload it and try again.","status":409,"code":"concurrency","traceId":"00-1b6127722732840a71ff5e957
PUT /api/lists/tenancy.companies/views/{id:guid} → 409 {"type":"urn:erp:problem:concurrency","title":"Someone else changed this record after you opened it. Reload it and try again.","status":409,"code":"concurrency","traceId":"00-99ad5f860d798a7b0e7ca076d
PUT /api/lists/tenancy.companies/views/{id:guid} → 409 {"type":"urn:erp:problem:concurrency","title":"Someone else changed this record after you opened it. Reload it and try again.","status":409,"code":"concurrency","traceId":"00-6d9cfe7ef270264be82fe031e
PUT /api/lists/tenancy.companies/views/{id:guid} → 409 {"type":"urn:erp:problem:concurrency","title":"Someone else changed this record after you opened it. Reload it and try again.","status":409,"code":"concurrency","traceId":"00-bf83d6cfc6aa3810b9fc4b34b
PUT /api/lists/tenancy.companies/views/{id:guid} → 409 {"type":"urn:erp:problem:concurrency","title":"Someone else changed this record after you opened it. Reload it and try again.","status":409,"code":"concurrency","traceId":"00-e21fff5dbc08a9d84a48be94b
PUT /api/lists/tenancy.companies/views/{id:guid} → 409 {"type":"urn:erp:problem:concurrency","title":"Someone else changed this record after you opened it. Reload it and try again.","status":409,"code":"concurrency","traceId":"00-57f0ba0defd2c7037ffa356e0
PUT /api/lists/tenancy.companies/views/{id:guid} → 409 {"type":"urn:erp:problem:concurrency","title":"Someone else changed this record after you opened it. Reload it and try again.","status":409,"code":"concurrency","traceId":"00-06ea12dc36113b2da6a9d6e83
PUT /api/lists/tenancy.companies/views/{id:guid} → 409 {"type":"urn:erp:problem:concurrency","title":"Someone else changed this record after you opened it. Reload it and try again.","status":409,"code":"concurrency","traceId":"00-053a0cef594df524028460aad
PUT /api/lists/tenancy.companies/views/{id:guid} → 409 {"type":"urn:erp:problem:concurrency","title":"Someone else changed this record after you opened it. Reload it and try again.","status":409,"code":"concurrency","traceId":"00-0ab2ba46e66abe2607fb04245
PUT /api/lists/tenancy.companies/views/{id:guid} → 409 {"type":"urn:erp:problem:concurrency","title":"Someone else changed this record after you opened it. Reload it and try again.","status":409,"code":"concurrency","traceId":"00-2f3de442817c473eef81b0a2e
PUT /api/lists/tenancy.companies/views/{id:guid} → 409 {"type":"urn:erp:problem:concurrency","title":"Someone else changed this record after you opened it. Reload it and try again.","status":409,"code":"concurrency","traceId":"00-1137f503d775f854eb484ad1a
PUT /api/lists/tenancy.companies/views/{id:guid} → 409 {"type":"urn:erp:problem:concurrency","title":"Someone else changed this record after you opened it. Reload it and try again.","status":409,"code":"concurrency","traceId":"00-02d422dee4590582b44f524f7
PUT /api/lists/tenancy.companies/views/{id:guid} → 409 {"type":"urn:erp:problem:concurrency","title":"Someone else changed this record after you opened it. Reload it and try again.","status":409,"code":"concurrency","traceId":"00-1e10fbea5032c3b9d49f4926f
PUT /api/lists/tenancy.companies/views/{id:guid} → 409 {"type":"urn:erp:problem:concurrency","title":"Someone else changed this record after you opened it. Reload it and try again.","status":409,"code":"concurrency","traceId":"00-d6eb8dbacdb772d12c60a5e6b
PUT /api/lists/tenancy.companies/views/{id:guid} → 409 {"type":"urn:erp:problem:concurrency","title":"Someone else changed this record after you opened it. Reload it and try again.","status":409,"code":"concurrency","traceId":"00-9a6c705fc4de588960779ca76
PUT /api/lists/tenancy.companies/views/{id:guid} → 409 {"type":"urn:erp:problem:concurrency","title":"Someone else changed this record after you opened it. Reload it and try again.","status":409,"code":"concurrency","traceId":"00-bdbf431645ac92934c49a24b4
PUT /api/lists/tenancy.companies/views/{id:guid} → 409 {"type":"urn:erp:problem:concurrency","title":"Someone else changed this record after you opened it. Reload it and try again.","status":409,"code":"concurrency","traceId":"00-bca8f1cfadb89923823ce3e8d
PUT /api/lists/tenancy.companies/views/{id:guid} → 409 {"type":"urn:erp:problem:concurrency","title":"Someone else changed this record after you opened it. Reload it and try again.","status":409,"code":"concurrency","traceId":"00-db1f1199d570130d4cbee939b
PUT /api/lists/tenancy.companies/views/{id:guid} → 409 {"type":"urn:erp:problem:concurrency","title":"Someone else changed this record after you opened it. Reload it and try again.","status":409,"code":"concurrency","traceId":"00-158ddfb0f969a7d0b1fe39d9c
PUT /api/lists/tenancy.companies/views/{id:guid} → 409 {"type":"urn:erp:problem:concurrency","title":"Someone else changed this record after you opened it. Reload it and try again.","status":409,"code":"concurrency","traceId":"00-a6cea135382394a320f8d93ba
PUT /api/lists/tenancy.companies/views/{id:guid} → 409 {"type":"urn:erp:problem:concurrency","title":"Someone else changed this record after you opened it. Reload it and try again.","status":409,"code":"concurrency","traceId":"00-abc583c6798a34eeca7448508
PUT /api/lists/tenancy.companies/views/{id:guid} → 409 {"type":"urn:erp:problem:concurrency","title":"Someone else changed this record after you opened it. Reload it and try again.","status":409,"code":"concurrency","traceId":"00-a5c611d44ad084ee9dd83ed8b
PUT /api/lists/tenancy.companies/views/{id:guid} → 409 {"type":"urn:erp:problem:concurrency","title":"Someone else changed this record after you opened it. Reload it and try again.","status":409,"code":"concurrency","traceId":"00-f0a1a28e64d8798084c47e372
PUT /api/lists/tenancy.companies/views/{id:guid} → 409 {"type":"urn:erp:problem:concurrency","title":"Someone else changed this record after you opened it. Reload it and try again.","status":409,"code":"concurrency","traceId":"00-b7c6f34938aeb2301ad68c375
PUT /api/lists/tenancy.companies/views/{id:guid} → 409 {"type":"urn:erp:problem:concurrency","title":"Someone else changed this record after you opened it. Reload it and try again.","status":409,"code":"concurrency","traceId":"00-fbd80e1ac1c519416c1635993
PUT /api/lists/tenancy.companies/views/{id:guid} → 409 {"type":"urn:erp:problem:concurrency","title":"Someone else changed this record after you opened it. Reload it and try again.","status":409,"code":"concurrency","traceId":"00-7a6cf71d65e5853166ab3b0b8
PUT /api/lists/tenancy.companies/views/{id:guid} → 409 {"type":"urn:erp:problem:concurrency","title":"Someone else changed this record after you opened it. Reload it and try again.","status":409,"code":"concurrency","traceId":"00-fa0ff353a8c66f49bf2724a8c
PUT /api/lists/tenancy.companies/views/{id:guid} → 409 {"type":"urn:erp:problem:concurrency","title":"Someone else changed this record after you opened it. Reload it and try again.","status":409,"code":"concurrency","traceId":"00-e6a44cc3ab0d0feda135503c7
PUT /api/lists/tenancy.companies/views/{id:guid} → 409 {"type":"urn:erp:problem:concurrency","title":"Someone else changed this record after you opened it. Reload it and try again.","status":409,"code":"concurrency","traceId":"00-785f2d3c5db4e73f5114ab09c
PUT /api/lists/tenancy.companies/views/{id:guid} → 409 {"type":"urn:erp:problem:concurrency","title":"Someone else changed this record after you opened it. Reload it and try again.","status":409,"code":"concurrency","traceId":"00-5d18882c39a5ad25caeb70b67
PUT /api/lists/tenancy.companies/views/{id:guid} → 409 {"type":"urn:erp:problem:concurrency","title":"Someone else changed this record after you opened it. Reload it and try again.","status":409,"code":"concurrency","traceId":"00-6d1daad0a05075ec440b1275b
PUT /api/lists/tenancy.companies/views/{id:guid} → 409 {"type":"urn:erp:problem:concurrency","title":"Someone else changed this record after you opened it. Reload it and try again.","status":409,"code":"concurrency","traceId":"00-44cd739426015e6fa0fab4508
PUT /api/lists/tenancy.companies/views/{id:guid} → 409 {"type":"urn:erp:problem:concurrency","title":"Someone else changed this record after you opened it. Reload it and try again.","status":409,"code":"concurrency","traceId":"00-b124fa42102ad09d900d7af26
PUT /api/tenancy/branches/{id:guid} → 409 {"type":"urn:erp:problem:concurrency","title":"Someone else changed this record after you opened it. Reload it and try again.","status":409,"code":"concurrency","traceId":"0HNP523EBTBOH"}
PUT /api/tenancy/branches/{id:guid} → 409 {"type":"urn:erp:problem:concurrency","title":"Someone else changed this record after you opened it. Reload it and try again.","status":409,"code":"concurrency","traceId":"0HNP523EBTBOL"}
PUT /api/tenancy/branches/{id:guid} → 409 {"type":"urn:erp:problem:concurrency","title":"Someone else changed this record after you opened it. Reload it and try again.","status":409,"code":"concurrency","traceId":"0HNP523EBTBOP"}
PUT /api/tenancy/branches/{id:guid} → 409 {"type":"urn:erp:problem:concurrency","title":"Someone else changed this record after you opened it. Reload it and try again.","status":409,"code":"concurrency","traceId":"0HNP523EBTBOT"}
PUT /api/tenancy/branches/{id:guid} → 409 {"type":"urn:erp:problem:concurrency","title":"Someone else changed this record after you opened it. Reload it and try again.","status":409,"code":"concurrency","traceId":"0HNP523EBTBOV"}
PUT /api/tenancy/branches/{id:guid} → 409 {"type":"urn:erp:problem:concurrency","title":"Someone else changed this record after you opened it. Reload it and try again.","status":409,"code":"concurrency","traceId":"0HNP523EBTBP3"}
PUT /api/tenancy/branches/{id:guid} → 409 {"type":"urn:erp:problem:concurrency","title":"Someone else changed this record after you opened it. Reload it and try again.","status":409,"code":"concurrency","traceId":"0HNP523EBTBP7"}
PUT /api/tenancy/branches/{id:guid} → 409 {"type":"urn:erp:problem:concurrency","title":"Someone else changed this record after you opened it. Reload it and try again.","status":409,"code":"concurrency","traceId":"0HNP523EBTBP9"}
PUT /api/tenancy/branches/{id:guid} → 409 {"type":"urn:erp:problem:concurrency","title":"Someone else changed this record after you opened it. Reload it and try again.","status":409,"code":"concurrency","traceId":"0HNP523EBTBPD"}
PUT /api/tenancy/branches/{id:guid} → 409 {"type":"urn:erp:problem:concurrency","title":"Someone else changed this record after you opened it. Reload it and try again.","status":409,"code":"concurrency","traceId":"0HNP523EBTBPH"}
PUT /api/tenancy/branches/{id:guid} → 409 {"type":"urn:erp:problem:concurrency","title":"Someone else changed this record after you opened it. Reload it and try again.","status":409,"code":"concurrency","traceId":"0HNP523EBTBPJ"}
PUT /api/tenancy/branches/{id:guid} → 409 {"type":"urn:erp:problem:concurrency","title":"Someone else changed this record after you opened it. Reload it and try again.","status":409,"code":"concurrency","traceId":"0HNP523EBTBPN"}
PUT /api/tenancy/branches/{id:guid} → 409 {"type":"urn:erp:problem:concurrency","title":"Someone else changed this record after you opened it. Reload it and try again.","status":409,"code":"concurrency","traceId":"0HNP523EBTBPR"}
PUT /api/tenancy/branches/{id:guid} → 409 {"type":"urn:erp:problem:concurrency","title":"Someone else changed this record after you opened it. Reload it and try again.","status":409,"code":"concurrency","traceId":"0HNP523EBTBPT"}
PUT /api/tenancy/branches/{id:guid} → 409 {"type":"urn:erp:problem:concurrency","title":"Someone else changed this record after you opened it. Reload it and try again.","status":409,"code":"concurrency","traceId":"0HNP523EBTBQ1"}
PUT /api/tenancy/branches/{id:guid} → 409 {"type":"urn:erp:problem:concurrency","title":"Someone else changed this record after you opened it. Reload it and try again.","status":409,"code":"concurrency","traceId":"0HNP523EBTBQ5"}
PUT /api/tenancy/branches/{id:guid} → 409 {"type":"urn:erp:problem:concurrency","title":"Someone else changed this record after you opened it. Reload it and try again.","status":409,"code":"concurrency","traceId":"0HNP523EBTBQ7"}
PUT /api/tenancy/branches/{id:guid} → 409 {"type":"urn:erp:problem:concurrency","title":"Someone else changed this record after you opened it. Reload it and try again.","status":409,"code":"concurrency","traceId":"0HNP523EBTBQB"}
PUT /api/tenancy/branches/{id:guid} → 409 {"type":"urn:erp:problem:concurrency","title":"Someone else changed this record after you opened it. Reload it and try again.","status":409,"code":"concurrency","traceId":"0HNP523EBTBQF"}
PUT /api/tenancy/branches/{id:guid} → 409 {"type":"urn:erp:problem:concurrency","title":"Someone else changed this record after you opened it. Reload it and try again.","status":409,"code":"concurrency","traceId":"0HNP523EBTBQH"}
PUT /api/tenancy/branches/{id:guid} → 409 {"type":"urn:erp:problem:concurrency","title":"Someone else changed this record after you opened it. Reload it and try again.","status":409,"code":"concurrency","traceId":"0HNP523EBTBQL"}
PUT /api/tenancy/branches/{id:guid} → 409 {"type":"urn:erp:problem:concurrency","title":"Someone else changed this record after you opened it. Reload it and try again.","status":409,"code":"concurrency","traceId":"0HNP523EBTBQP"}
PUT /api/tenancy/branches/{id:guid} → 409 {"type":"urn:erp:problem:concurrency","title":"Someone else changed this record after you opened it. Reload it and try again.","status":409,"code":"concurrency","traceId":"0HNP523EBTBU1"}
PUT /api/tenancy/companies/{id:guid} → 409 {"type":"urn:erp:problem:concurrency","title":"Someone else changed this record after you opened it. Reload it and try again.","status":409,"code":"concurrency","traceId":"0HNP523EBTC95"}
PUT /api/tenancy/companies/{id:guid} → 409 {"type":"urn:erp:problem:concurrency","title":"Someone else changed this record after you opened it. Reload it and try again.","status":409,"code":"concurrency","traceId":"0HNP523EBTC99"}
PUT /api/tenancy/companies/{id:guid} → 409 {"type":"urn:erp:problem:concurrency","title":"Someone else changed this record after you opened it. Reload it and try again.","status":409,"code":"concurrency","traceId":"0HNP523EBTC9D"}
PUT /api/tenancy/companies/{id:guid} → 409 {"type":"urn:erp:problem:concurrency","title":"Someone else changed this record after you opened it. Reload it and try again.","status":409,"code":"concurrency","traceId":"0HNP523EBTC9H"}
PUT /api/tenancy/companies/{id:guid} → 409 {"type":"urn:erp:problem:concurrency","title":"Someone else changed this record after you opened it. Reload it and try again.","status":409,"code":"concurrency","traceId":"0HNP523EBTC9J"}
PUT /api/tenancy/companies/{id:guid} → 409 {"type":"urn:erp:problem:concurrency","title":"Someone else changed this record after you opened it. Reload it and try again.","status":409,"code":"concurrency","traceId":"0HNP523EBTC9N"}
PUT /api/tenancy/companies/{id:guid} → 409 {"type":"urn:erp:problem:concurrency","title":"Someone else changed this record after you opened it. Reload it and try again.","status":409,"code":"concurrency","traceId":"0HNP523EBTC9R"}
PUT /api/tenancy/companies/{id:guid} → 409 {"type":"urn:erp:problem:concurrency","title":"Someone else changed this record after you opened it. Reload it and try again.","status":409,"code":"concurrency","traceId":"0HNP523EBTC9T"}
PUT /api/tenancy/companies/{id:guid} → 409 {"type":"urn:erp:problem:concurrency","title":"Someone else changed this record after you opened it. Reload it and try again.","status":409,"code":"concurrency","traceId":"0HNP523EBTCA1"}
PUT /api/tenancy/companies/{id:guid} → 409 {"type":"urn:erp:problem:concurrency","title":"Someone else changed this record after you opened it. Reload it and try again.","status":409,"code":"concurrency","traceId":"0HNP523EBTCA5"}
PUT /api/tenancy/companies/{id:guid} → 409 {"type":"urn:erp:problem:concurrency","title":"Someone else changed this record after you opened it. Reload it and try again.","status":409,"code":"concurrency","traceId":"0HNP523EBTCA7"}
PUT /api/tenancy/companies/{id:guid} → 409 {"type":"urn:erp:problem:concurrency","title":"Someone else changed this record after you opened it. Reload it and try again.","status":409,"code":"concurrency","traceId":"0HNP523EBTCAB"}
PUT /api/tenancy/companies/{id:guid} → 409 {"type":"urn:erp:problem:concurrency","title":"Someone else changed this record after you opened it. Reload it and try again.","status":409,"code":"concurrency","traceId":"0HNP523EBTCAF"}
PUT /api/tenancy/companies/{id:guid} → 409 {"type":"urn:erp:problem:concurrency","title":"Someone else changed this record after you opened it. Reload it and try again.","status":409,"code":"concurrency","traceId":"0HNP523EBTCAH"}
PUT /api/tenancy/companies/{id:guid} → 409 {"type":"urn:erp:problem:concurrency","title":"Someone else changed this record after you opened it. Reload it and try again.","status":409,"code":"concurrency","traceId":"0HNP523EBTCAL"}
PUT /api/tenancy/companies/{id:guid} → 409 {"type":"urn:erp:problem:concurrency","title":"Someone else changed this record after you opened it. Reload it and try again.","status":409,"code":"concurrency","traceId":"0HNP523EBTCAP"}
PUT /api/tenancy/companies/{id:guid} → 409 {"type":"urn:erp:problem:concurrency","title":"Someone else changed this record after you opened it. Reload it and try again.","status":409,"code":"concurrency","traceId":"0HNP523EBTCAR"}
PUT /api/tenancy/companies/{id:guid} → 409 {"type":"urn:erp:problem:concurrency","title":"Someone else changed this record after you opened it. Reload it and try again.","status":409,"code":"concurrency","traceId":"0HNP523EBTCAV"}
PUT /api/tenancy/companies/{id:guid} → 409 {"type":"urn:erp:problem:concurrency","title":"Someone else changed this record after you opened it. Reload it and try again.","status":409,"code":"concurrency","traceId":"0HNP523EBTCB3"}
PUT /api/tenancy/companies/{id:guid} → 409 {"type":"urn:erp:problem:concurrency","title":"Someone else changed this record after you opened it. Reload it and try again.","status":409,"code":"concurrency","traceId":"0HNP523EBTCB5"}
PUT /api/tenancy/companies/{id:guid} → 409 {"type":"urn:erp:problem:concurrency","title":"Someone else changed this record after you opened it. Reload it and try again.","status":409,"code":"concurrency","traceId":"0HNP523EBTCB9"}
PUT /api/tenancy/companies/{id:guid} → 409 {"type":"urn:erp:problem:concurrency","title":"Someone else changed this record after you opened it. Reload it and try again.","status":409,"code":"concurrency","traceId":"0HNP523EBTCBD"}
PUT /api/tenancy/companies/{id:guid} → 409 {"type":"urn:erp:problem:concurrency","title":"Someone else changed this record after you opened it. Reload it and try again.","status":409,"code":"concurrency","traceId":"0HNP523EBTCEL"}
PUT /api/tenancy/tenant → 409 {"type":"urn:erp:problem:concurrency","title":"Someone else changed this record after you opened it. Reload it and try again.","status":409,"code":"concurrency","traceId":"0HNP523EBTCP7"}
PUT /api/tenancy/tenant → 409 {"type":"urn:erp:problem:concurrency","title":"Someone else changed this record after you opened it. Reload it and try again.","status":409,"code":"concurrency","traceId":"0HNP523EBTCPB"}
PUT /api/tenancy/tenant → 409 {"type":"urn:erp:problem:concurrency","title":"Someone else changed this record after you opened it. Reload it and try again.","status":409,"code":"concurrency","traceId":"0HNP523EBTCPF"}
PUT /api/tenancy/tenant → 409 {"type":"urn:erp:problem:concurrency","title":"Someone else changed this record after you opened it. Reload it and try again.","status":409,"code":"concurrency","traceId":"0HNP523EBTCPJ"}
PUT /api/tenancy/tenant → 409 {"type":"urn:erp:problem:concurrency","title":"Someone else changed this record after you opened it. Reload it and try again.","status":409,"code":"concurrency","traceId":"0HNP523EBTCPL"}
PUT /api/tenancy/tenant → 409 {"type":"urn:erp:problem:concurrency","title":"Someone else changed this record after you opened it. Reload it and try again.","status":409,"code":"concurrency","traceId":"0HNP523EBTCPP"}
PUT /api/tenancy/tenant → 409 {"type":"urn:erp:problem:concurrency","title":"Someone else changed this record after you opened it. Reload it and try again.","status":409,"code":"concurrency","traceId":"0HNP523EBTCPT"}
PUT /api/tenancy/tenant → 409 {"type":"urn:erp:problem:concurrency","title":"Someone else changed this record after you opened it. Reload it and try again.","status":409,"code":"concurrency","traceId":"0HNP523EBTCPV"}
PUT /api/tenancy/tenant → 409 {"type":"urn:erp:problem:concurrency","title":"Someone else changed this record after you opened it. Reload it and try again.","status":409,"code":"concurrency","traceId":"0HNP523EBTCQ3"}
PUT /api/tenancy/tenant → 409 {"type":"urn:erp:problem:concurrency","title":"Someone else changed this record after you opened it. Reload it and try again.","status":409,"code":"concurrency","traceId":"0HNP523EBTCQ7"}
PUT /api/tenancy/tenant → 409 {"type":"urn:erp:problem:concurrency","title":"Someone else changed this record after you opened it. Reload it and try again.","status":409,"code":"concurrency","traceId":"0HNP523EBTCQ9"}
PUT /api/tenancy/tenant → 409 {"type":"urn:erp:problem:concurrency","title":"Someone else changed this record after you opened it. Reload it and try again.","status":409,"code":"concurrency","traceId":"0HNP523EBTCQD"}
PUT /api/tenancy/tenant → 409 {"type":"urn:erp:problem:concurrency","title":"Someone else changed this record after you opened it. Reload it and try again.","status":409,"code":"concurrency","traceId":"0HNP523EBTCQH"}
PUT /api/tenancy/tenant → 409 {"type":"urn:erp:problem:concurrency","title":"Someone else changed this record after you opened it. Reload it and try again.","status":409,"code":"concurrency","traceId":"0HNP523EBTCQJ"}
PUT /api/tenancy/tenant → 409 {"type":"urn:erp:problem:concurrency","title":"Someone else changed this record after you opened it. Reload it and try again.","status":409,"code":"concurrency","traceId":"0HNP523EBTCQN"}
PUT /api/tenancy/tenant → 409 {"type":"urn:erp:problem:concurrency","title":"Someone else changed this record after you opened it. Reload it and try again.","status":409,"code":"concurrency","traceId":"0HNP523EBTCQR"}
PUT /api/tenancy/tenant → 409 {"type":"urn:erp:problem:concurrency","title":"Someone else changed this record after you opened it. Reload it and try again.","status":409,"code":"concurrency","traceId":"0HNP523EBTCQT"}
PUT /api/tenancy/tenant → 409 {"type":"urn:erp:problem:concurrency","title":"Someone else changed this record after you opened it. Reload it and try again.","status":409,"code":"concurrency","traceId":"0HNP523EBTCR1"}
PUT /api/tenancy/tenant → 409 {"type":"urn:erp:problem:concurrency","title":"Someone else changed this record after you opened it. Reload it and try again.","status":409,"code":"concurrency","traceId":"0HNP523EBTCR5"}
PUT /api/tenancy/tenant → 409 {"type":"urn:erp:problem:concurrency","title":"Someone else changed this record after you opened it. Reload it and try again.","status":409,"code":"concurrency","traceId":"0HNP523EBTCR7"}
PUT /api/tenancy/tenant → 409 {"type":"urn:erp:problem:concurrency","title":"Someone else changed this record after you opened it. Reload it and try again.","status":409,"code":"concurrency","traceId":"0HNP523EBTCRB"}
PUT /api/tenancy/tenant → 409 {"type":"urn:erp:problem:concurrency","title":"Someone else changed this record after you opened it. Reload it and try again.","status":409,"code":"concurrency","traceId":"0HNP523EBTCRF"}
PUT /api/tenancy/tenant → 409 {"type":"urn:erp:problem:concurrency","title":"Someone else changed this record after you opened it. Reload it and try again.","status":409,"code":"concurrency","traceId":"0HNP523EBTCRH"}
PUT /api/tenancy/tenant → 409 {"type":"urn:erp:problem:concurrency","title":"Someone else changed this record after you opened it. Reload it and try again.","status":409,"code":"concurrency","traceId":"0HNP523EBTCRL"}
PUT /api/tenancy/tenant → 409 {"type":"urn:erp:problem:concurrency","title":"Someone else changed this record after you opened it. Reload it and try again.","status":409,"code":"concurrency","traceId":"0HNP523EBTCRP"}
PUT /api/tenancy/tenant → 409 {"type":"urn:erp:problem:concurrency","title":"Someone else changed this record after you opened it. Reload it and try again.","status":409,"code":"concurrency","traceId":"0HNP523EBTCV1"}

Tenant A's own writes in the write-after-write phase must succeed; these did not:
PUT /api/identity/roles/{id:guid} → 409 {"type":"urn:erp:problem:concurrency","title":"Someone else changed this record after you opened it. Reload it and try again.","status":409,"code":"concurrency","traceId":"0HNP523EBSBVB"}
PUT /api/identity/roles/{id:guid} → 409 {"type":"urn:erp:problem:concurrency","title":"Someone else changed this record after you opened it. Reload it and try again.","status":409,"code":"concurrency","traceId":"0HNP523EBSCLV"}
PUT /api/identity/users/{id:guid} → 409 {"type":"urn:erp:problem:concurrency","title":"Someone else changed this record after you opened it. Reload it and try again.","status":409,"code":"concurrency","traceId":"0HNP523EBSHID"}
PUT /api/identity/users/{id:guid} → 409 {"type":"urn:erp:problem:concurrency","title":"Someone else changed this record after you opened it. Reload it and try again.","status":409,"code":"concurrency","traceId":"0HNP523EBSHJ2"}
PUT /api/identity/users/{id:guid} → 409 {"type":"urn:erp:problem:concurrency","title":"Someone else changed this record after you opened it. Reload it and try again.","status":409,"code":"concurrency","traceId":"0HNP523EBSHJK"}
PUT /api/identity/users/{id:guid} → 409 {"type":"urn:erp:problem:concurrency","title":"Someone else changed this record after you opened it. Reload it and try again.","status":409,"code":"concurrency","traceId":"0HNP523EBSHKL"}
PUT /api/identity/users/{id:guid} → 409 {"type":"urn:erp:problem:concurrency","title":"Someone else changed this record after you opened it. Reload it and try again.","status":409,"code":"concurrency","traceId":"0HNP523EBSHL9"}
PUT /api/identity/users/{id:guid} → 409 {"type":"urn:erp:problem:concurrency","title":"Someone else changed this record after you opened it. Reload it and try again.","status":409,"code":"concurrency","traceId":"0HNP523EBSJ4N"}
PUT /api/lists/identity.roles/shared-views/{id:guid} → 409 {"type":"urn:erp:problem:concurrency","title":"Someone else changed this record after you opened it. Reload it and try again.","status":409,"code":"concurrency","traceId":"00-a50fd4522a6935e45c54d1782
PUT /api/lists/identity.roles/shared-views/{id:guid} → 409 {"type":"urn:erp:problem:concurrency","title":"Someone else changed this record after you opened it. Reload it and try again.","status":409,"code":"concurrency","traceId":"00-0b603934c77851a7c89a22208
PUT /api/lists/identity.roles/shared-views/{id:guid} → 409 {"type":"urn:erp:problem:concurrency","title":"Someone else changed this record after you opened it. Reload it and try again.","status":409,"code":"concurrency","traceId":"00-8a2300b22007fc592e96af8bc
PUT /api/lists/identity.roles/shared-views/{id:guid} → 409 {"type":"urn:erp:problem:concurrency","title":"Someone else changed this record after you opened it. Reload it and try again.","status":409,"code":"concurrency","traceId":"00-2d028bbabca4214822f715386
PUT /api/lists/identity.roles/shared-views/{id:guid} → 409 {"type":"urn:erp:problem:concurrency","title":"Someone else changed this record after you opened it. Reload it and try again.","status":409,"code":"concurrency","traceId":"00-7695992f93f8b902901e63635
PUT /api/lists/identity.roles/shared-views/{id:guid} → 409 {"type":"urn:erp:problem:concurrency","title":"Someone else changed this record after you opened it. Reload it and try again.","status":409,"code":"concurrency","traceId":"00-b314bd041c8f31f59edf4316b
PUT /api/lists/identity.roles/shared-views/{id:guid} → 409 {"type":"urn:erp:problem:concurrency","title":"Someone else changed this record after you opened it. Reload it and try again.","status":409,"code":"concurrency","traceId":"00-fcb9246f6c65704492946f44e
PUT /api/lists/identity.roles/shared-views/{id:guid} → 409 {"type":"urn:erp:problem:concurrency","title":"Someone else changed this record after you opened it. Reload it and try again.","status":409,"code":"concurrency","traceId":"00-319e67e08bd14f8e941c9e3db
PUT /api/lists/identity.roles/shared-views/{id:guid} → 409 {"type":"urn:erp:problem:concurrency","title":"Someone else changed this record after you opened it. Reload it and try again.","status":409,"code":"concurrency","traceId":"00-429cecb48d36c75e87e2a71ce
PUT /api/lists/identity.roles/shared-views/{id:guid} → 409 {"type":"urn:erp:problem:concurrency","title":"Someone else changed this record after you opened it. Reload it and try again.","status":409,"code":"concurrency","traceId":"00-a56bf0e38b611ee49787ab204
PUT /api/lists/identity.roles/shared-views/{id:guid} → 409 {"type":"urn:erp:problem:concurrency","title":"Someone else changed this record after you opened it. Reload it and try again.","status":409,"code":"concurrency","traceId":"00-8d93991e31732f65ec01758f1
PUT /api/lists/identity.roles/shared-views/{id:guid} → 409 {"type":"urn:erp:problem:concurrency","title":"Someone else changed this record after you opened it. Reload it and try again.","status":409,"code":"concurrency","traceId":"00-085c1c2eddff4592eea986fbb
PUT /api/lists/identity.roles/shared-views/{id:guid} → 409 {"type":"urn:erp:problem:concurrency","title":"Someone else changed this record after you opened it. Reload it and try again.","status":409,"code":"concurrency","traceId":"00-0ae29f1dd2c0e3287569cdfc5
PUT /api/lists/identity.roles/shared-views/{id:guid} → 409 {"type":"urn:erp:problem:concurrency","title":"Someone else changed this record after you opened it. Reload it and try again.","status":409,"code":"concurrency","traceId":"00-71a5e7aa8ce53f2495aa6e4f3
PUT /api/lists/identity.roles/shared-views/{id:guid} → 409 {"type":"urn:erp:problem:concurrency","title":"Someone else changed this record after you opened it. Reload it and try again.","status":409,"code":"concurrency","traceId":"00-65de107b5582e0fc8b27bcb37
PUT /api/lists/identity.roles/shared-views/{id:guid} → 409 {"type":"urn:erp:problem:concurrency","title":"Someone else changed this record after you opened it. Reload it and try again.","status":409,"code":"concurrency","traceId":"00-8adaa433555a13d4103bc0979
PUT /api/lists/identity.roles/shared-views/{id:guid} → 409 {"type":"urn:erp:problem:concurrency","title":"Someone else changed this record after you opened it. Reload it and try again.","status":409,"code":"concurrency","traceId":"00-254276b04fb873c13e5e03b90
PUT /api/lists/identity.roles/shared-views/{id:guid} → 409 {"type":"urn:erp:problem:concurrency","title":"Someone else changed this record after you opened it. Reload it and try again.","status":409,"code":"concurrency","traceId":"00-3e65495d2417c978f09f25e32
PUT /api/lists/identity.roles/shared-views/{id:guid} → 409 {"type":"urn:erp:problem:concurrency","title":"Someone else changed this record after you opened it. Reload it and try again.","status":409,"code":"concurrency","traceId":"00-e969e0ea45ba4dcd28b6d65cd
PUT /api/lists/identity.roles/shared-views/{id:guid} → 409 {"type":"urn:erp:problem:concurrency","title":"Someone else changed this record after you opened it. Reload it and try again.","status":409,"code":"concurrency","traceId":"00-7f78afd4137f963a5bdfbca47
PUT /api/lists/identity.roles/shared-views/{id:guid} → 409 {"type":"urn:erp:problem:concurrency","title":"Someone else changed this record after you opened it. Reload it and try again.","status":409,"code":"concurrency","traceId":"00-e9e1d9ea735e4aa4a905f555d
PUT /api/lists/identity.roles/shared-views/{id:guid} → 409 {"type":"urn:erp:problem:concurrency","title":"Someone else changed this record after you opened it. Reload it and try again.","status":409,"code":"concurrency","traceId":"00-8ada5da674648474ec8b6f6ec
PUT /api/lists/identity.roles/shared-views/{id:guid} → 409 {"type":"urn:erp:problem:concurrency","title":"Someone else changed this record after you opened it. Reload it and try again.","status":409,"code":"concurrency","traceId":"00-40f1b47c4839160efebfabc90
PUT /api/lists/identity.roles/shared-views/{id:guid} → 409 {"type":"urn:erp:problem:concurrency","title":"Someone else changed this record after you opened it. Reload it and try again.","status":409,"code":"concurrency","traceId":"00-4a3604429f11db433ea6202b8
PUT /api/lists/identity.roles/views/{id:guid} → 409 {"type":"urn:erp:problem:concurrency","title":"Someone else changed this record after you opened it. Reload it and try again.","status":409,"code":"concurrency","traceId":"00-14b25fcf9377b0d8daf3dbec5
PUT /api/lists/identity.roles/views/{id:guid} → 409 {"type":"urn:erp:problem:concurrency","title":"Someone else changed this record after you opened it. Reload it and try again.","status":409,"code":"concurrency","traceId":"00-8ac19da486e7250c0575dce3b
PUT /api/lists/identity.roles/views/{id:guid} → 409 {"type":"urn:erp:problem:concurrency","title":"Someone else changed this record after you opened it. Reload it and try again.","status":409,"code":"concurrency","traceId":"00-8b6e555faf4f8a143098d7eca
PUT /api/lists/identity.roles/views/{id:guid} → 409 {"type":"urn:erp:problem:concurrency","title":"Someone else changed this record after you opened it. Reload it and try again.","status":409,"code":"concurrency","traceId":"00-584052da02376f245121ae41f
PUT /api/lists/identity.roles/views/{id:guid} → 409 {"type":"urn:erp:problem:concurrency","title":"Someone else changed this record after you opened it. Reload it and try again.","status":409,"code":"concurrency","traceId":"00-22d2a687bdf40590769907acc
PUT /api/lists/identity.roles/views/{id:guid} → 409 {"type":"urn:erp:problem:concurrency","title":"Someone else changed this record after you opened it. Reload it and try again.","status":409,"code":"concurrency","traceId":"00-57a802025ece4ba8472e32924
PUT /api/lists/identity.roles/views/{id:guid} → 409 {"type":"urn:erp:problem:concurrency","title":"Someone else changed this record after you opened it. Reload it and try again.","status":409,"code":"concurrency","traceId":"00-73ff3eadc0df78a174c6d826f
PUT /api/lists/identity.roles/views/{id:guid} → 409 {"type":"urn:erp:problem:concurrency","title":"Someone else changed this record after you opened it. Reload it and try again.","status":409,"code":"concurrency","traceId":"00-10e04c40364dc58ec3ceda234
PUT /api/lists/identity.roles/views/{id:guid} → 409 {"type":"urn:erp:problem:concurrency","title":"Someone else changed this record after you opened it. Reload it and try again.","status":409,"code":"concurrency","traceId":"00-d944f301f4c7514b23d651b2e
PUT /api/lists/identity.roles/views/{id:guid} → 409 {"type":"urn:erp:problem:concurrency","title":"Someone else changed this record after you opened it. Reload it and try again.","status":409,"code":"concurrency","traceId":"00-1627b5dd58468115470cce8e7
PUT /api/lists/identity.roles/views/{id:guid} → 409 {"type":"urn:erp:problem:concurrency","title":"Someone else changed this record after you opened it. Reload it and try again.","status":409,"code":"concurrency","traceId":"00-728401d19677907dd3714aeaa
PUT /api/lists/identity.roles/views/{id:guid} → 409 {"type":"urn:erp:problem:concurrency","title":"Someone else changed this record after you opened it. Reload it and try again.","status":409,"code":"concurrency","traceId":"00-000548a2c0f5d30d6164f1548
PUT /api/lists/identity.roles/views/{id:guid} → 409 {"type":"urn:erp:problem:concurrency","title":"Someone else changed this record after you opened it. Reload it and try again.","status":409,"code":"concurrency","traceId":"00-50ed15754a9f28f1adcc57f13
PUT /api/lists/identity.roles/views/{id:guid} → 409 {"type":"urn:erp:problem:concurrency","title":"Someone else changed this record after you opened it. Reload it and try again.","status":409,"code":"concurrency","traceId":"00-c5ee8101d57e2af3867dec2ba
PUT /api/lists/identity.roles/views/{id:guid} → 409 {"type":"urn:erp:problem:concurrency","title":"Someone else changed this record after you opened it. Reload it and try again.","status":409,"code":"concurrency","traceId":"00-11b9335f38805386e85a9e890
PUT /api/lists/identity.roles/views/{id:guid} → 409 {"type":"urn:erp:problem:concurrency","title":"Someone else changed this record after you opened it. Reload it and try again.","status":409,"code":"concurrency","traceId":"00-9ef18770771faacb57d5301c1
PUT /api/lists/identity.roles/views/{id:guid} → 409 {"type":"urn:erp:problem:concurrency","title":"Someone else changed this record after you opened it. Reload it and try again.","status":409,"code":"concurrency","traceId":"00-6b98282d8f9826a4dc044d4f7
PUT /api/lists/identity.roles/views/{id:guid} → 409 {"type":"urn:erp:problem:concurrency","title":"Someone else changed this record after you opened it. Reload it and try again.","status":409,"code":"concurrency","traceId":"00-f02689b6b6a346fe1198c030d
PUT /api/lists/identity.roles/views/{id:guid} → 409 {"type":"urn:erp:problem:concurrency","title":"Someone else changed this record after you opened it. Reload it and try again.","status":409,"code":"concurrency","traceId":"00-db27e750d8327c68a3cbb11c8
PUT /api/lists/identity.roles/views/{id:guid} → 409 {"type":"urn:erp:problem:concurrency","title":"Someone else changed this record after you opened it. Reload it and try again.","status":409,"code":"concurrency","traceId":"00-8aaa450e3a8a4cab9d188eb10
PUT /api/lists/identity.roles/views/{id:guid} → 409 {"type":"urn:erp:problem:concurrency","title":"Someone else changed this record after you opened it. Reload it and try again.","status":409,"code":"concurrency","traceId":"00-1433c2e8d6415d9ac72a154a9
PUT /api/lists/identity.roles/views/{id:guid} → 409 {"type":"urn:erp:problem:concurrency","title":"Someone else changed this record after you opened it. Reload it and try again.","status":409,"code":"concurrency","traceId":"00-01850c10a8a054aa737d606fd
PUT /api/lists/identity.roles/views/{id:guid} → 409 {"type":"urn:erp:problem:concurrency","title":"Someone else changed this record after you opened it. Reload it and try again.","status":409,"code":"concurrency","traceId":"00-72a37076174001d7a8dd3be29
PUT /api/lists/identity.roles/views/{id:guid} → 409 {"type":"urn:erp:problem:concurrency","title":"Someone else changed this record after you opened it. Reload it and try again.","status":409,"code":"concurrency","traceId":"00-5d41c2dfd10a049bad2a9ec7a
PUT /api/lists/identity.users/shared-views/{id:guid} → 409 {"type":"urn:erp:problem:concurrency","title":"Someone else changed this record after you opened it. Reload it and try again.","status":409,"code":"concurrency","traceId":"00-a92be799b46643547ae8fb261
PUT /api/lists/identity.users/shared-views/{id:guid} → 409 {"type":"urn:erp:problem:concurrency","title":"Someone else changed this record after you opened it. Reload it and try again.","status":409,"code":"concurrency","traceId":"00-c837969774991f66c07b7b56f
PUT /api/lists/identity.users/shared-views/{id:guid} → 409 {"type":"urn:erp:problem:concurrency","title":"Someone else changed this record after you opened it. Reload it and try again.","status":409,"code":"concurrency","traceId":"00-bebb0bb91c06cb20075aa3e30
PUT /api/lists/identity.users/shared-views/{id:guid} → 409 {"type":"urn:erp:problem:concurrency","title":"Someone else changed this record after you opened it. Reload it and try again.","status":409,"code":"concurrency","traceId":"00-bd837ef86f5189a11884cb1c1
PUT /api/lists/identity.users/shared-views/{id:guid} → 409 {"type":"urn:erp:problem:concurrency","title":"Someone else changed this record after you opened it. Reload it and try again.","status":409,"code":"concurrency","traceId":"00-1bc00c4e91382148c0a3f4e9b
PUT /api/lists/identity.users/shared-views/{id:guid} → 409 {"type":"urn:erp:problem:concurrency","title":"Someone else changed this record after you opened it. Reload it and try again.","status":409,"code":"concurrency","traceId":"00-b64214d618b4554a9ca0d259d
PUT /api/lists/identity.users/shared-views/{id:guid} → 409 {"type":"urn:erp:problem:concurrency","title":"Someone else changed this record after you opened it. Reload it and try again.","status":409,"code":"concurrency","traceId":"00-d8d6ee69aab11d9db0f8a5cf5
PUT /api/lists/identity.users/shared-views/{id:guid} → 409 {"type":"urn:erp:problem:concurrency","title":"Someone else changed this record after you opened it. Reload it and try again.","status":409,"code":"concurrency","traceId":"00-d5ceedc20a846e74ac4a25b0d
PUT /api/lists/identity.users/shared-views/{id:guid} → 409 {"type":"urn:erp:problem:concurrency","title":"Someone else changed this record after you opened it. Reload it and try again.","status":409,"code":"concurrency","traceId":"00-637951160da09d3c51cabc6bc
PUT /api/lists/identity.users/shared-views/{id:guid} → 409 {"type":"urn:erp:problem:concurrency","title":"Someone else changed this record after you opened it. Reload it and try again.","status":409,"code":"concurrency","traceId":"00-92357005384605bfe7887d3aa
PUT /api/lists/identity.users/shared-views/{id:guid} → 409 {"type":"urn:erp:problem:concurrency","title":"Someone else changed this record after you opened it. Reload it and try again.","status":409,"code":"concurrency","traceId":"00-f5875bcd926b0077a82cdc989
PUT /api/lists/identity.users/shared-views/{id:guid} → 409 {"type":"urn:erp:problem:concurrency","title":"Someone else changed this record after you opened it. Reload it and try again.","status":409,"code":"concurrency","traceId":"00-74f84798928bdde08eaf7f611
PUT /api/lists/identity.users/shared-views/{id:guid} → 409 {"type":"urn:erp:problem:concurrency","title":"Someone else changed this record after you opened it. Reload it and try again.","status":409,"code":"concurrency","traceId":"00-2e34d8d3b7169bc1d491e509b
PUT /api/lists/identity.users/shared-views/{id:guid} → 409 {"type":"urn:erp:problem:concurrency","title":"Someone else changed this record after you opened it. Reload it and try again.","status":409,"code":"concurrency","traceId":"00-aa8cf1d25aadc3498d91883cc
PUT /api/lists/identity.users/shared-views/{id:guid} → 409 {"type":"urn:erp:problem:concurrency","title":"Someone else changed this record after you opened it. Reload it and try again.","status":409,"code":"concurrency","traceId":"00-e8b3e2196b641a8e3bf321eee
PUT /api/lists/identity.users/shared-views/{id:guid} → 409 {"type":"urn:erp:problem:concurrency","title":"Someone else changed this record after you opened it. Reload it and try again.","status":409,"code":"concurrency","traceId":"00-49addf8d0eac996885dd189be
PUT /api/lists/identity.users/shared-views/{id:guid} → 409 {"type":"urn:erp:problem:concurrency","title":"Someone else changed this record after you opened it. Reload it and try again.","status":409,"code":"concurrency","traceId":"00-8b9c036d850fbcc15d691b843
PUT /api/lists/identity.users/shared-views/{id:guid} → 409 {"type":"urn:erp:problem:concurrency","title":"Someone else changed this record after you opened it. Reload it and try again.","status":409,"code":"concurrency","traceId":"00-f015fb7ee37ed901342746192
PUT /api/lists/identity.users/shared-views/{id:guid} → 409 {"type":"urn:erp:problem:concurrency","title":"Someone else changed this record after you opened it. Reload it and try again.","status":409,"code":"concurrency","traceId":"00-3c7ea85126235c40d11c3c6b7
PUT /api/lists/identity.users/shared-views/{id:guid} → 409 {"type":"urn:erp:problem:concurrency","title":"Someone else changed this record after you opened it. Reload it and try again.","status":409,"code":"concurrency","traceId":"00-fc2e529705d83f6089c792556
PUT /api/lists/identity.users/shared-views/{id:guid} → 409 {"type":"urn:erp:problem:concurrency","title":"Someone else changed this record after you opened it. Reload it and try again.","status":409,"code":"concurrency","traceId":"00-bb2c83b457f4d4f884a9b1502
PUT /api/lists/identity.users/shared-views/{id:guid} → 409 {"type":"urn:erp:problem:concurrency","title":"Someone else changed this record after you opened it. Reload it and try again.","status":409,"code":"concurrency","traceId":"00-8f29c3b4c90499acf128e9821
PUT /api/lists/identity.users/shared-views/{id:guid} → 409 {"type":"urn:erp:problem:concurrency","title":"Someone else changed this record after you opened it. Reload it and try again.","status":409,"code":"concurrency","traceId":"00-6a7a776dbeec998812668fce5
PUT /api/lists/identity.users/shared-views/{id:guid} → 409 {"type":"urn:erp:problem:concurrency","title":"Someone else changed this record after you opened it. Reload it and try again.","status":409,"code":"concurrency","traceId":"00-fd5cc391c9bf2845c28a30a4a
PUT /api/lists/identity.users/shared-views/{id:guid} → 409 {"type":"urn:erp:problem:concurrency","title":"Someone else changed this record after you opened it. Reload it and try again.","status":409,"code":"concurrency","traceId":"00-8b547f4072b0d2624d52af179
PUT /api/lists/identity.users/shared-views/{id:guid} → 409 {"type":"urn:erp:problem:concurrency","title":"Someone else changed this record after you opened it. Reload it and try again.","status":409,"code":"concurrency","traceId":"00-922ba5a634c809c71a83c8694
PUT /api/lists/identity.users/shared-views/{id:guid} → 409 {"type":"urn:erp:problem:concurrency","title":"Someone else changed this record after you opened it. Reload it and try again.","status":409,"code":"concurrency","traceId":"00-f75fc99b9d78061daeb9a551e
PUT /api/lists/identity.users/shared-views/{id:guid} → 409 {"type":"urn:erp:problem:concurrency","title":"Someone else changed this record after you opened it. Reload it and try again.","status":409,"code":"concurrency","traceId":"00-13f86dec796749524667f3984
PUT /api/lists/identity.users/shared-views/{id:guid} → 409 {"type":"urn:erp:problem:concurrency","title":"Someone else changed this record after you opened it. Reload it and try again.","status":409,"code":"concurrency","traceId":"00-7fc19504d72e847b928c9ecc6
PUT /api/lists/identity.users/shared-views/{id:guid} → 409 {"type":"urn:erp:problem:concurrency","title":"Someone else changed this record after you opened it. Reload it and try again.","status":409,"code":"concurrency","traceId":"00-b503eefe37a7f1839c8d62da3
PUT /api/lists/identity.users/shared-views/{id:guid} → 409 {"type":"urn:erp:problem:concurrency","title":"Someone else changed this record after you opened it. Reload it and try again.","status":409,"code":"concurrency","traceId":"00-1841cf0e2fbdcb9ef499336b6
PUT /api/lists/identity.users/shared-views/{id:guid} → 409 {"type":"urn:erp:problem:concurrency","title":"Someone else changed this record after you opened it. Reload it and try again.","status":409,"code":"concurrency","traceId":"00-1e01bebdf52cd411c8c7e6b5a
PUT /api/lists/identity.users/shared-views/{id:guid} → 409 {"type":"urn:erp:problem:concurrency","title":"Someone else changed this record after you opened it. Reload it and try again.","status":409,"code":"concurrency","traceId":"00-28ab7aaf6e2bf0b396db2ea28
PUT /api/lists/identity.users/shared-views/{id:guid} → 409 {"type":"urn:erp:problem:concurrency","title":"Someone else changed this record after you opened it. Reload it and try again.","status":409,"code":"concurrency","traceId":"00-0900152df8d440cb4214b589b
PUT /api/lists/identity.users/shared-views/{id:guid} → 409 {"type":"urn:erp:problem:concurrency","title":"Someone else changed this record after you opened it. Reload it and try again.","status":409,"code":"concurrency","traceId":"00-895b5347615e62c3b3e24ef9f
PUT /api/lists/identity.users/shared-views/{id:guid} → 409 {"type":"urn:erp:problem:concurrency","title":"Someone else changed this record after you opened it. Reload it and try again.","status":409,"code":"concurrency","traceId":"00-6b91e3914cdc71f154da32415
PUT /api/lists/identity.users/shared-views/{id:guid} → 409 {"type":"urn:erp:problem:concurrency","title":"Someone else changed this record after you opened it. Reload it and try again.","status":409,"code":"concurrency","traceId":"00-3e26bea53c3b208c38428bac0
PUT /api/lists/identity.users/shared-views/{id:guid} → 409 {"type":"urn:erp:problem:concurrency","title":"Someone else changed this record after you opened it. Reload it and try again.","status":409,"code":"concurrency","traceId":"00-9615a733650e790e0bd955023
PUT /api/lists/identity.users/views/{id:guid} → 409 {"type":"urn:erp:problem:concurrency","title":"Someone else changed this record after you opened it. Reload it and try again.","status":409,"code":"concurrency","traceId":"00-55203578990400d084781af88
PUT /api/lists/identity.users/views/{id:guid} → 409 {"type":"urn:erp:problem:concurrency","title":"Someone else changed this record after you opened it. Reload it and try again.","status":409,"code":"concurrency","traceId":"00-c5ce79f5131e393d0056c5105
PUT /api/lists/identity.users/views/{id:guid} → 409 {"type":"urn:erp:problem:concurrency","title":"Someone else changed this record after you opened it. Reload it and try again.","status":409,"code":"concurrency","traceId":"00-a14f7e5eb19e673b1ea8a604d
PUT /api/lists/identity.users/views/{id:guid} → 409 {"type":"urn:erp:problem:concurrency","title":"Someone else changed this record after you opened it. Reload it and try again.","status":409,"code":"concurrency","traceId":"00-8583be481125a96d7996d0666
PUT /api/lists/identity.users/views/{id:guid} → 409 {"type":"urn:erp:problem:concurrency","title":"Someone else changed this record after you opened it. Reload it and try again.","status":409,"code":"concurrency","traceId":"00-0c3531fad00a82bf3b10c78d9
PUT /api/lists/identity.users/views/{id:guid} → 409 {"type":"urn:erp:problem:concurrency","title":"Someone else changed this record after you opened it. Reload it and try again.","status":409,"code":"concurrency","traceId":"00-c7e3d95c7e699a90717a69686
PUT /api/lists/identity.users/views/{id:guid} → 409 {"type":"urn:erp:problem:concurrency","title":"Someone else changed this record after you opened it. Reload it and try again.","status":409,"code":"concurrency","traceId":"00-32e02150d0af0ebb40b42c85c
PUT /api/lists/identity.users/views/{id:guid} → 409 {"type":"urn:erp:problem:concurrency","title":"Someone else changed this record after you opened it. Reload it and try again.","status":409,"code":"concurrency","traceId":"00-1d00f6f6b2dda60b18cd7c069
PUT /api/lists/identity.users/views/{id:guid} → 409 {"type":"urn:erp:problem:concurrency","title":"Someone else changed this record after you opened it. Reload it and try again.","status":409,"code":"concurrency","traceId":"00-188b8f5c5eea39c1c0b37cefd
PUT /api/lists/identity.users/views/{id:guid} → 409 {"type":"urn:erp:problem:concurrency","title":"Someone else changed this record after you opened it. Reload it and try again.","status":409,"code":"concurrency","traceId":"00-c448c7234c9168cb98b51b6ba
PUT /api/lists/identity.users/views/{id:guid} → 409 {"type":"urn:erp:problem:concurrency","title":"Someone else changed this record after you opened it. Reload it and try again.","status":409,"code":"concurrency","traceId":"00-919c36bd2d6c48f34653b378c
PUT /api/lists/identity.users/views/{id:guid} → 409 {"type":"urn:erp:problem:concurrency","title":"Someone else changed this record after you opened it. Reload it and try again.","status":409,"code":"concurrency","traceId":"00-7b6dac9c4d7fc0763e5ba9781
PUT /api/lists/identity.users/views/{id:guid} → 409 {"type":"urn:erp:problem:concurrency","title":"Someone else changed this record after you opened it. Reload it and try again.","status":409,"code":"concurrency","traceId":"00-957f1ab1e379ba6ec70e4a65e
PUT /api/lists/identity.users/views/{id:guid} → 409 {"type":"urn:erp:problem:concurrency","title":"Someone else changed this record after you opened it. Reload it and try again.","status":409,"code":"concurrency","traceId":"00-b3bae64fe3e5bdf17aedef69a
PUT /api/lists/identity.users/views/{id:guid} → 409 {"type":"urn:erp:problem:concurrency","title":"Someone else changed this record after you opened it. Reload it and try again.","status":409,"code":"concurrency","traceId":"00-edd0fd99b9c94fc38a0a23824
PUT /api/lists/identity.users/views/{id:guid} → 409 {"type":"urn:erp:problem:concurrency","title":"Someone else changed this record after you opened it. Reload it and try again.","status":409,"code":"concurrency","traceId":"00-dfccab13adee901497e445263
PUT /api/lists/identity.users/views/{id:guid} → 409 {"type":"urn:erp:problem:concurrency","title":"Someone else changed this record after you opened it. Reload it and try again.","status":409,"code":"concurrency","traceId":"00-f29c9b13218e46c4362b6ce6c
PUT /api/lists/identity.users/views/{id:guid} → 409 {"type":"urn:erp:problem:concurrency","title":"Someone else changed this record after you opened it. Reload it and try again.","status":409,"code":"concurrency","traceId":"00-57005431cd0c315f45e2c1b63
PUT /api/lists/identity.users/views/{id:guid} → 409 {"type":"urn:erp:problem:concurrency","title":"Someone else changed this record after you opened it. Reload it and try again.","status":409,"code":"concurrency","traceId":"00-2201b631300aad6f971cbc6cf
PUT /api/lists/identity.users/views/{id:guid} → 409 {"type":"urn:erp:problem:concurrency","title":"Someone else changed this record after you opened it. Reload it and try again.","status":409,"code":"concurrency","traceId":"00-83af45d578805db30ab63088b
PUT /api/lists/identity.users/views/{id:guid} → 409 {"type":"urn:erp:problem:concurrency","title":"Someone else changed this record after you opened it. Reload it and try again.","status":409,"code":"concurrency","traceId":"00-a2e30f81fd8915daadcd06338
PUT /api/lists/identity.users/views/{id:guid} → 409 {"type":"urn:erp:problem:concurrency","title":"Someone else changed this record after you opened it. Reload it and try again.","status":409,"code":"concurrency","traceId":"00-a7295d7821392b988948cdbf6
PUT /api/lists/identity.users/views/{id:guid} → 409 {"type":"urn:erp:problem:concurrency","title":"Someone else changed this record after you opened it. Reload it and try again.","status":409,"code":"concurrency","traceId":"00-60092458d5920920c1c0989be
PUT /api/lists/identity.users/views/{id:guid} → 409 {"type":"urn:erp:problem:concurrency","title":"Someone else changed this record after you opened it. Reload it and try again.","status":409,"code":"concurrency","traceId":"00-2e60db19eb5085361d6d6fba1
PUT /api/lists/identity.users/views/{id:guid} → 409 {"type":"urn:erp:problem:concurrency","title":"Someone else changed this record after you opened it. Reload it and try again.","status":409,"code":"concurrency","traceId":"00-7bf249962a36ba70865238b77
PUT /api/lists/identity.users/views/{id:guid} → 409 {"type":"urn:erp:problem:concurrency","title":"Someone else changed this record after you opened it. Reload it and try again.","status":409,"code":"concurrency","traceId":"00-fe9d74260fb4b05530fbfe09f
PUT /api/lists/identity.users/views/{id:guid} → 409 {"type":"urn:erp:problem:concurrency","title":"Someone else changed this record after you opened it. Reload it and try again.","status":409,"code":"concurrency","traceId":"00-b627e0118836b662a0b73d492
PUT /api/lists/identity.users/views/{id:guid} → 409 {"type":"urn:erp:problem:concurrency","title":"Someone else changed this record after you opened it. Reload it and try again.","status":409,"code":"concurrency","traceId":"00-76c6553422d939490213e7d4d
PUT /api/lists/identity.users/views/{id:guid} → 409 {"type":"urn:erp:problem:concurrency","title":"Someone else changed this record after you opened it. Reload it and try again.","status":409,"code":"concurrency","traceId":"00-1d17b01b342e4c7ccd4d2a91c
PUT /api/lists/identity.users/views/{id:guid} → 409 {"type":"urn:erp:problem:concurrency","title":"Someone else changed this record after you opened it. Reload it and try again.","status":409,"code":"concurrency","traceId":"00-e03cfd6619e38b3f1b028e5d7
PUT /api/lists/identity.users/views/{id:guid} → 409 {"type":"urn:erp:problem:concurrency","title":"Someone else changed this record after you opened it. Reload it and try again.","status":409,"code":"concurrency","traceId":"00-f71f5369e46d9b682faa9b8fb
PUT /api/lists/identity.users/views/{id:guid} → 409 {"type":"urn:erp:problem:concurrency","title":"Someone else changed this record after you opened it. Reload it and try again.","status":409,"code":"concurrency","traceId":"00-cd36a1f66e1cf6a96e017a37d
PUT /api/lists/identity.users/views/{id:guid} → 409 {"type":"urn:erp:problem:concurrency","title":"Someone else changed this record after you opened it. Reload it and try again.","status":409,"code":"concurrency","traceId":"00-4900388517a4d16d3c1e74ed7
PUT /api/lists/identity.users/views/{id:guid} → 409 {"type":"urn:erp:problem:concurrency","title":"Someone else changed this record after you opened it. Reload it and try again.","status":409,"code":"concurrency","traceId":"00-1c4a5d55bdef24ffa064b26ed
PUT /api/lists/identity.users/views/{id:guid} → 409 {"type":"urn:erp:problem:concurrency","title":"Someone else changed this record after you opened it. Reload it and try again.","status":409,"code":"concurrency","traceId":"00-d3d4a3193e4f534aac86145e3
PUT /api/lists/identity.users/views/{id:guid} → 409 {"type":"urn:erp:problem:concurrency","title":"Someone else changed this record after you opened it. Reload it and try again.","status":409,"code":"concurrency","traceId":"00-41c488ae8d04d8405121baf85
PUT /api/lists/identity.users/views/{id:guid} → 409 {"type":"urn:erp:problem:concurrency","title":"Someone else changed this record after you opened it. Reload it and try again.","status":409,"code":"concurrency","traceId":"00-657db9b3a228945a86e7e0058
PUT /api/lists/identity.users/views/{id:guid} → 409 {"type":"urn:erp:problem:concurrency","title":"Someone else changed this record after you opened it. Reload it and try again.","status":409,"code":"concurrency","traceId":"00-433e8797f2fb03e5d05a50455
PUT /api/lists/tenancy.access/shared-views/{id:guid} → 409 {"type":"urn:erp:problem:concurrency","title":"Someone else changed this record after you opened it. Reload it and try again.","status":409,"code":"concurrency","traceId":"00-09e5bfa0657fb33f332bd0b9a
PUT /api/lists/tenancy.access/shared-views/{id:guid} → 409 {"type":"urn:erp:problem:concurrency","title":"Someone else changed this record after you opened it. Reload it and try again.","status":409,"code":"concurrency","traceId":"00-ae3200bb6b0f699009a57a2c2
PUT /api/lists/tenancy.access/shared-views/{id:guid} → 409 {"type":"urn:erp:problem:concurrency","title":"Someone else changed this record after you opened it. Reload it and try again.","status":409,"code":"concurrency","traceId":"00-86aaf1d5ebadfcabdd9462530
PUT /api/lists/tenancy.access/shared-views/{id:guid} → 409 {"type":"urn:erp:problem:concurrency","title":"Someone else changed this record after you opened it. Reload it and try again.","status":409,"code":"concurrency","traceId":"00-5991a83add5e5c8df358a028e
PUT /api/lists/tenancy.access/shared-views/{id:guid} → 409 {"type":"urn:erp:problem:concurrency","title":"Someone else changed this record after you opened it. Reload it and try again.","status":409,"code":"concurrency","traceId":"00-40b61491165101c5535236ac3
PUT /api/lists/tenancy.access/shared-views/{id:guid} → 409 {"type":"urn:erp:problem:concurrency","title":"Someone else changed this record after you opened it. Reload it and try again.","status":409,"code":"concurrency","traceId":"00-093fdedf31419c76bb180515c
PUT /api/lists/tenancy.access/shared-views/{id:guid} → 409 {"type":"urn:erp:problem:concurrency","title":"Someone else changed this record after you opened it. Reload it and try again.","status":409,"code":"concurrency","traceId":"00-859e7bf4c50eea3e28918a6d9
PUT /api/lists/tenancy.access/shared-views/{id:guid} → 409 {"type":"urn:erp:problem:concurrency","title":"Someone else changed this record after you opened it. Reload it and try again.","status":409,"code":"concurrency","traceId":"00-f94e2264329777d3b9f2ec1f2
PUT /api/lists/tenancy.access/views/{id:guid} → 409 {"type":"urn:erp:problem:concurrency","title":"Someone else changed this record after you opened it. Reload it and try again.","status":409,"code":"concurrency","traceId":"00-1bea8e95bbe29903e0700c92a
PUT /api/lists/tenancy.access/views/{id:guid} → 409 {"type":"urn:erp:problem:concurrency","title":"Someone else changed this record after you opened it. Reload it and try again.","status":409,"code":"concurrency","traceId":"00-509e77c5622eabec8da3c84d5
PUT /api/lists/tenancy.access/views/{id:guid} → 409 {"type":"urn:erp:problem:concurrency","title":"Someone else changed this record after you opened it. Reload it and try again.","status":409,"code":"concurrency","traceId":"00-9124763af2919583504be8c9c
PUT /api/lists/tenancy.access/views/{id:guid} → 409 {"type":"urn:erp:problem:concurrency","title":"Someone else changed this record after you opened it. Reload it and try again.","status":409,"code":"concurrency","traceId":"00-0ae76a8d073adee5b3230a5b1
PUT /api/lists/tenancy.access/views/{id:guid} → 409 {"type":"urn:erp:problem:concurrency","title":"Someone else changed this record after you opened it. Reload it and try again.","status":409,"code":"concurrency","traceId":"00-007505d70621dc6508b2781ef
PUT /api/lists/tenancy.access/views/{id:guid} → 409 {"type":"urn:erp:problem:concurrency","title":"Someone else changed this record after you opened it. Reload it and try again.","status":409,"code":"concurrency","traceId":"00-982968132b41132b2d200629a
PUT /api/lists/tenancy.access/views/{id:guid} → 409 {"type":"urn:erp:problem:concurrency","title":"Someone else changed this record after you opened it. Reload it and try again.","status":409,"code":"concurrency","traceId":"00-a40af9e18b6556885a82f9677
PUT /api/lists/tenancy.access/views/{id:guid} → 409 {"type":"urn:erp:problem:concurrency","title":"Someone else changed this record after you opened it. Reload it and try again.","status":409,"code":"concurrency","traceId":"00-cbd1095ae057486d17b407d40
PUT /api/lists/tenancy.branches/shared-views/{id:guid} → 409 {"type":"urn:erp:problem:concurrency","title":"Someone else changed this record after you opened it. Reload it and try again.","status":409,"code":"concurrency","traceId":"00-be40281e311733f3e712eabef
PUT /api/lists/tenancy.branches/shared-views/{id:guid} → 409 {"type":"urn:erp:problem:concurrency","title":"Someone else changed this record after you opened it. Reload it and try again.","status":409,"code":"concurrency","traceId":"00-905d8b0f766da7a7adb9da3b4
PUT /api/lists/tenancy.branches/shared-views/{id:guid} → 409 {"type":"urn:erp:problem:concurrency","title":"Someone else changed this record after you opened it. Reload it and try again.","status":409,"code":"concurrency","traceId":"00-4dfbcc18d5c793592805df5f7
PUT /api/lists/tenancy.branches/shared-views/{id:guid} → 409 {"type":"urn:erp:problem:concurrency","title":"Someone else changed this record after you opened it. Reload it and try again.","status":409,"code":"concurrency","traceId":"00-ec8b2b9888ccbaefe0a00ae98
PUT /api/lists/tenancy.branches/shared-views/{id:guid} → 409 {"type":"urn:erp:problem:concurrency","title":"Someone else changed this record after you opened it. Reload it and try again.","status":409,"code":"concurrency","traceId":"00-226ed0e290456480388e14f34
PUT /api/lists/tenancy.branches/shared-views/{id:guid} → 409 {"type":"urn:erp:problem:concurrency","title":"Someone else changed this record after you opened it. Reload it and try again.","status":409,"code":"concurrency","traceId":"00-0da55f635d56ee88fcbeff72a
PUT /api/lists/tenancy.branches/shared-views/{id:guid} → 409 {"type":"urn:erp:problem:concurrency","title":"Someone else changed this record after you opened it. Reload it and try again.","status":409,"code":"concurrency","traceId":"00-6213e630eba51fdd2572bf5c4
PUT /api/lists/tenancy.branches/shared-views/{id:guid} → 409 {"type":"urn:erp:problem:concurrency","title":"Someone else changed this record after you opened it. Reload it and try again.","status":409,"code":"concurrency","traceId":"00-feafc3d16f57ec36b5934b701
PUT /api/lists/tenancy.branches/shared-views/{id:guid} → 409 {"type":"urn:erp:problem:concurrency","title":"Someone else changed this record after you opened it. Reload it and try again.","status":409,"code":"concurrency","traceId":"00-4a7d0c31faec23034a855a0e6
PUT /api/lists/tenancy.branches/shared-views/{id:guid} → 409 {"type":"urn:erp:problem:concurrency","title":"Someone else changed this record after you opened it. Reload it and try again.","status":409,"code":"concurrency","traceId":"00-cdf9868cc3d3ed9879fe831ff
PUT /api/lists/tenancy.branches/shared-views/{id:guid} → 409 {"type":"urn:erp:problem:concurrency","title":"Someone else changed this record after you opened it. Reload it and try again.","status":409,"code":"concurrency","traceId":"00-40c5c643e160a7a58fce6eed7
PUT /api/lists/tenancy.branches/shared-views/{id:guid} → 409 {"type":"urn:erp:problem:concurrency","title":"Someone else changed this record after you opened it. Reload it and try again.","status":409,"code":"concurrency","traceId":"00-58041585881839f36458c0f89
PUT /api/lists/tenancy.branches/shared-views/{id:guid} → 409 {"type":"urn:erp:problem:concurrency","title":"Someone else changed this record after you opened it. Reload it and try again.","status":409,"code":"concurrency","traceId":"00-b03041f24255565cdb785c00b
PUT /api/lists/tenancy.branches/shared-views/{id:guid} → 409 {"type":"urn:erp:problem:concurrency","title":"Someone else changed this record after you opened it. Reload it and try again.","status":409,"code":"concurrency","traceId":"00-ef58b3dcbf322f8fe13f1a29d
PUT /api/lists/tenancy.branches/shared-views/{id:guid} → 409 {"type":"urn:erp:problem:concurrency","title":"Someone else changed this record after you opened it. Reload it and try again.","status":409,"code":"concurrency","traceId":"00-6c38f815daf6655a48262ecf0
PUT /api/lists/tenancy.branches/shared-views/{id:guid} → 409 {"type":"urn:erp:problem:concurrency","title":"Someone else changed this record after you opened it. Reload it and try again.","status":409,"code":"concurrency","traceId":"00-e04483bbdd8707eff62b94d7d
PUT /api/lists/tenancy.branches/shared-views/{id:guid} → 409 {"type":"urn:erp:problem:concurrency","title":"Someone else changed this record after you opened it. Reload it and try again.","status":409,"code":"concurrency","traceId":"00-02ecad7b10ed3aa90bd0273e3
PUT /api/lists/tenancy.branches/shared-views/{id:guid} → 409 {"type":"urn:erp:problem:concurrency","title":"Someone else changed this record after you opened it. Reload it and try again.","status":409,"code":"concurrency","traceId":"00-207d24937f28d9b9819724cc3
PUT /api/lists/tenancy.branches/shared-views/{id:guid} → 409 {"type":"urn:erp:problem:concurrency","title":"Someone else changed this record after you opened it. Reload it and try again.","status":409,"code":"concurrency","traceId":"00-2dbde7346abaef538658fe2b1
PUT /api/lists/tenancy.branches/shared-views/{id:guid} → 409 {"type":"urn:erp:problem:concurrency","title":"Someone else changed this record after you opened it. Reload it and try again.","status":409,"code":"concurrency","traceId":"00-783e3643c2d834d45a6b49991
PUT /api/lists/tenancy.branches/shared-views/{id:guid} → 409 {"type":"urn:erp:problem:concurrency","title":"Someone else changed this record after you opened it. Reload it and try again.","status":409,"code":"concurrency","traceId":"00-2e2f47c247f99c20600a47fd3
PUT /api/lists/tenancy.branches/shared-views/{id:guid} → 409 {"type":"urn:erp:problem:concurrency","title":"Someone else changed this record after you opened it. Reload it and try again.","status":409,"code":"concurrency","traceId":"00-65aba4310e89e59ff7586a824
PUT /api/lists/tenancy.branches/shared-views/{id:guid} → 409 {"type":"urn:erp:problem:concurrency","title":"Someone else changed this record after you opened it. Reload it and try again.","status":409,"code":"concurrency","traceId":"00-71ca86f31e04be9a45fd59b29
PUT /api/lists/tenancy.branches/shared-views/{id:guid} → 409 {"type":"urn:erp:problem:concurrency","title":"Someone else changed this record after you opened it. Reload it and try again.","status":409,"code":"concurrency","traceId":"00-1e6ad70ef76fb6d1c549dbf17
PUT /api/lists/tenancy.branches/shared-views/{id:guid} → 409 {"type":"urn:erp:problem:concurrency","title":"Someone else changed this record after you opened it. Reload it and try again.","status":409,"code":"concurrency","traceId":"00-927582113e0c0a5afd586f39e
PUT /api/lists/tenancy.branches/shared-views/{id:guid} → 409 {"type":"urn:erp:problem:concurrency","title":"Someone else changed this record after you opened it. Reload it and try again.","status":409,"code":"concurrency","traceId":"00-2fd0e5a8055de3484d32ac3d6
PUT /api/lists/tenancy.branches/shared-views/{id:guid} → 409 {"type":"urn:erp:problem:concurrency","title":"Someone else changed this record after you opened it. Reload it and try again.","status":409,"code":"concurrency","traceId":"00-165d38040a0376ffc665808f9
PUT /api/lists/tenancy.branches/shared-views/{id:guid} → 409 {"type":"urn:erp:problem:concurrency","title":"Someone else changed this record after you opened it. Reload it and try again.","status":409,"code":"concurrency","traceId":"00-2fa0cf459fa97077edd8a40db
PUT /api/lists/tenancy.branches/shared-views/{id:guid} → 409 {"type":"urn:erp:problem:concurrency","title":"Someone else changed this record after you opened it. Reload it and try again.","status":409,"code":"concurrency","traceId":"00-ceb5c9a5cee0f8851e7eb9da1
PUT /api/lists/tenancy.branches/shared-views/{id:guid} → 409 {"type":"urn:erp:problem:concurrency","title":"Someone else changed this record after you opened it. Reload it and try again.","status":409,"code":"concurrency","traceId":"00-cf415fb42992501d3031c8362
PUT /api/lists/tenancy.branches/shared-views/{id:guid} → 409 {"type":"urn:erp:problem:concurrency","title":"Someone else changed this record after you opened it. Reload it and try again.","status":409,"code":"concurrency","traceId":"00-ea7820669c2c43841136ceae7
PUT /api/lists/tenancy.branches/shared-views/{id:guid} → 409 {"type":"urn:erp:problem:concurrency","title":"Someone else changed this record after you opened it. Reload it and try again.","status":409,"code":"concurrency","traceId":"00-a20c118bd7cdd04b34abbee3d
PUT /api/lists/tenancy.branches/shared-views/{id:guid} → 409 {"type":"urn:erp:problem:concurrency","title":"Someone else changed this record after you opened it. Reload it and try again.","status":409,"code":"concurrency","traceId":"00-b48f790bc79bafc167b4da72b
PUT /api/lists/tenancy.branches/shared-views/{id:guid} → 409 {"type":"urn:erp:problem:concurrency","title":"Someone else changed this record after you opened it. Reload it and try again.","status":409,"code":"concurrency","traceId":"00-03228627653239112ced53a5f
PUT /api/lists/tenancy.branches/shared-views/{id:guid} → 409 {"type":"urn:erp:problem:concurrency","title":"Someone else changed this record after you opened it. Reload it and try again.","status":409,"code":"concurrency","traceId":"00-304354136549d756a14de0551
PUT /api/lists/tenancy.branches/shared-views/{id:guid} → 409 {"type":"urn:erp:problem:concurrency","title":"Someone else changed this record after you opened it. Reload it and try again.","status":409,"code":"concurrency","traceId":"00-a582dd1e0a8d9f00f760bf414
PUT /api/lists/tenancy.branches/shared-views/{id:guid} → 409 {"type":"urn:erp:problem:concurrency","title":"Someone else changed this record after you opened it. Reload it and try again.","status":409,"code":"concurrency","traceId":"00-ccab546df9a8accbf2a067496
PUT /api/lists/tenancy.branches/shared-views/{id:guid} → 409 {"type":"urn:erp:problem:concurrency","title":"Someone else changed this record after you opened it. Reload it and try again.","status":409,"code":"concurrency","traceId":"00-11bb1c93b1f35c15db049b76e
PUT /api/lists/tenancy.branches/views/{id:guid} → 409 {"type":"urn:erp:problem:concurrency","title":"Someone else changed this record after you opened it. Reload it and try again.","status":409,"code":"concurrency","traceId":"00-6219aadb9b5847292a893314b
PUT /api/lists/tenancy.branches/views/{id:guid} → 409 {"type":"urn:erp:problem:concurrency","title":"Someone else changed this record after you opened it. Reload it and try again.","status":409,"code":"concurrency","traceId":"00-af7925bf9654c975c7e72e488
PUT /api/lists/tenancy.branches/views/{id:guid} → 409 {"type":"urn:erp:problem:concurrency","title":"Someone else changed this record after you opened it. Reload it and try again.","status":409,"code":"concurrency","traceId":"00-529480011683e11053f1ee077
PUT /api/lists/tenancy.branches/views/{id:guid} → 409 {"type":"urn:erp:problem:concurrency","title":"Someone else changed this record after you opened it. Reload it and try again.","status":409,"code":"concurrency","traceId":"00-8209c5d48ff92d545ed9e0632
PUT /api/lists/tenancy.branches/views/{id:guid} → 409 {"type":"urn:erp:problem:concurrency","title":"Someone else changed this record after you opened it. Reload it and try again.","status":409,"code":"concurrency","traceId":"00-7ae2aaa04f687a7e4b2096ad8
PUT /api/lists/tenancy.branches/views/{id:guid} → 409 {"type":"urn:erp:problem:concurrency","title":"Someone else changed this record after you opened it. Reload it and try again.","status":409,"code":"concurrency","traceId":"00-63bbbd028d6528d6bdced7efa
PUT /api/lists/tenancy.branches/views/{id:guid} → 409 {"type":"urn:erp:problem:concurrency","title":"Someone else changed this record after you opened it. Reload it and try again.","status":409,"code":"concurrency","traceId":"00-9e3ea804f750497dde6f5c3ba
PUT /api/lists/tenancy.branches/views/{id:guid} → 409 {"type":"urn:erp:problem:concurrency","title":"Someone else changed this record after you opened it. Reload it and try again.","status":409,"code":"concurrency","traceId":"00-b8e066582da490bdb8cc38571
PUT /api/lists/tenancy.branches/views/{id:guid} → 409 {"type":"urn:erp:problem:concurrency","title":"Someone else changed this record after you opened it. Reload it and try again.","status":409,"code":"concurrency","traceId":"00-75c77a287630b652d85289d91
PUT /api/lists/tenancy.branches/views/{id:guid} → 409 {"type":"urn:erp:problem:concurrency","title":"Someone else changed this record after you opened it. Reload it and try again.","status":409,"code":"concurrency","traceId":"00-7f9af133d6826de7e6bb0b5b1
PUT /api/lists/tenancy.branches/views/{id:guid} → 409 {"type":"urn:erp:problem:concurrency","title":"Someone else changed this record after you opened it. Reload it and try again.","status":409,"code":"concurrency","traceId":"00-1673b05694636f1daa75e1f14
PUT /api/lists/tenancy.branches/views/{id:guid} → 409 {"type":"urn:erp:problem:concurrency","title":"Someone else changed this record after you opened it. Reload it and try again.","status":409,"code":"concurrency","traceId":"00-36b7399456ae2f24afb062324
PUT /api/lists/tenancy.branches/views/{id:guid} → 409 {"type":"urn:erp:problem:concurrency","title":"Someone else changed this record after you opened it. Reload it and try again.","status":409,"code":"concurrency","traceId":"00-ace4ae719aedda32595f98eff
PUT /api/lists/tenancy.branches/views/{id:guid} → 409 {"type":"urn:erp:problem:concurrency","title":"Someone else changed this record after you opened it. Reload it and try again.","status":409,"code":"concurrency","traceId":"00-ab8961092d0c844d21acafed0
PUT /api/lists/tenancy.branches/views/{id:guid} → 409 {"type":"urn:erp:problem:concurrency","title":"Someone else changed this record after you opened it. Reload it and try again.","status":409,"code":"concurrency","traceId":"00-1428606e444fc2504cc6aa778
PUT /api/lists/tenancy.branches/views/{id:guid} → 409 {"type":"urn:erp:problem:concurrency","title":"Someone else changed this record after you opened it. Reload it and try again.","status":409,"code":"concurrency","traceId":"00-927587e1ec26b6db911435798
PUT /api/lists/tenancy.branches/views/{id:guid} → 409 {"type":"urn:erp:problem:concurrency","title":"Someone else changed this record after you opened it. Reload it and try again.","status":409,"code":"concurrency","traceId":"00-3b716044d27836b867012d41e
PUT /api/lists/tenancy.branches/views/{id:guid} → 409 {"type":"urn:erp:problem:concurrency","title":"Someone else changed this record after you opened it. Reload it and try again.","status":409,"code":"concurrency","traceId":"00-94bb50f580bfc184858f8d2f1
PUT /api/lists/tenancy.branches/views/{id:guid} → 409 {"type":"urn:erp:problem:concurrency","title":"Someone else changed this record after you opened it. Reload it and try again.","status":409,"code":"concurrency","traceId":"00-c66ac544bbbc8b3d4c8c98aef
PUT /api/lists/tenancy.branches/views/{id:guid} → 409 {"type":"urn:erp:problem:concurrency","title":"Someone else changed this record after you opened it. Reload it and try again.","status":409,"code":"concurrency","traceId":"00-6316614b9f02ce890c64d89fc
PUT /api/lists/tenancy.branches/views/{id:guid} → 409 {"type":"urn:erp:problem:concurrency","title":"Someone else changed this record after you opened it. Reload it and try again.","status":409,"code":"concurrency","traceId":"00-b91479e573266006109a9dec8
PUT /api/lists/tenancy.branches/views/{id:guid} → 409 {"type":"urn:erp:problem:concurrency","title":"Someone else changed this record after you opened it. Reload it and try again.","status":409,"code":"concurrency","traceId":"00-022f6490a5c353135818c99d0
PUT /api/lists/tenancy.branches/views/{id:guid} → 409 {"type":"urn:erp:problem:concurrency","title":"Someone else changed this record after you opened it. Reload it and try again.","status":409,"code":"concurrency","traceId":"00-421177833d98afd95d87df703
PUT /api/lists/tenancy.branches/views/{id:guid} → 409 {"type":"urn:erp:problem:concurrency","title":"Someone else changed this record after you opened it. Reload it and try again.","status":409,"code":"concurrency","traceId":"00-53ce54b6d41e3a32c4778c1b1
PUT /api/lists/tenancy.branches/views/{id:guid} → 409 {"type":"urn:erp:problem:concurrency","title":"Someone else changed this record after you opened it. Reload it and try again.","status":409,"code":"concurrency","traceId":"00-5f7d7d8bf85351bc3ef4a3e4e
PUT /api/lists/tenancy.branches/views/{id:guid} → 409 {"type":"urn:erp:problem:concurrency","title":"Someone else changed this record after you opened it. Reload it and try again.","status":409,"code":"concurrency","traceId":"00-ee0dcc6dc78d150729f8cd088
PUT /api/lists/tenancy.branches/views/{id:guid} → 409 {"type":"urn:erp:problem:concurrency","title":"Someone else changed this record after you opened it. Reload it and try again.","status":409,"code":"concurrency","traceId":"00-e9b456e40a37bc096671f8c12
PUT /api/lists/tenancy.branches/views/{id:guid} → 409 {"type":"urn:erp:problem:concurrency","title":"Someone else changed this record after you opened it. Reload it and try again.","status":409,"code":"concurrency","traceId":"00-c81d51436c3594d095f0fd416
PUT /api/lists/tenancy.branches/views/{id:guid} → 409 {"type":"urn:erp:problem:concurrency","title":"Someone else changed this record after you opened it. Reload it and try again.","status":409,"code":"concurrency","traceId":"00-c7daecde1add60e9e4689e38b
PUT /api/lists/tenancy.branches/views/{id:guid} → 409 {"type":"urn:erp:problem:concurrency","title":"Someone else changed this record after you opened it. Reload it and try again.","status":409,"code":"concurrency","traceId":"00-4b2da1aaf2c7986c965a0b5db
PUT /api/lists/tenancy.branches/views/{id:guid} → 409 {"type":"urn:erp:problem:concurrency","title":"Someone else changed this record after you opened it. Reload it and try again.","status":409,"code":"concurrency","traceId":"00-62d607a39f71123b69765ab5a
PUT /api/lists/tenancy.branches/views/{id:guid} → 409 {"type":"urn:erp:problem:concurrency","title":"Someone else changed this record after you opened it. Reload it and try again.","status":409,"code":"concurrency","traceId":"00-656ab722f868ea98f81296f24
PUT /api/lists/tenancy.branches/views/{id:guid} → 409 {"type":"urn:erp:problem:concurrency","title":"Someone else changed this record after you opened it. Reload it and try again.","status":409,"code":"concurrency","traceId":"00-8e3c1485cfd0a7ad3bd8453f2
PUT /api/lists/tenancy.branches/views/{id:guid} → 409 {"type":"urn:erp:problem:concurrency","title":"Someone else changed this record after you opened it. Reload it and try again.","status":409,"code":"concurrency","traceId":"00-718f0a6e79d3f999844f33d96
PUT /api/lists/tenancy.branches/views/{id:guid} → 409 {"type":"urn:erp:problem:concurrency","title":"Someone else changed this record after you opened it. Reload it and try again.","status":409,"code":"concurrency","traceId":"00-5ff022664767952bd1409b0fb
PUT /api/lists/tenancy.branches/views/{id:guid} → 409 {"type":"urn:erp:problem:concurrency","title":"Someone else changed this record after you opened it. Reload it and try again.","status":409,"code":"concurrency","traceId":"00-a09c268dfb4f6d6a1b62cc760
PUT /api/lists/tenancy.branches/views/{id:guid} → 409 {"type":"urn:erp:problem:concurrency","title":"Someone else changed this record after you opened it. Reload it and try again.","status":409,"code":"concurrency","traceId":"00-b0bf296372b67b99134ef0bae
PUT /api/lists/tenancy.branches/views/{id:guid} → 409 {"type":"urn:erp:problem:concurrency","title":"Someone else changed this record after you opened it. Reload it and try again.","status":409,"code":"concurrency","traceId":"00-98485b61c580806723b6edb93
PUT /api/lists/tenancy.companies/shared-views/{id:guid} → 409 {"type":"urn:erp:problem:concurrency","title":"Someone else changed this record after you opened it. Reload it and try again.","status":409,"code":"concurrency","traceId":"00-7cd372794fb19a33eebcb838d
PUT /api/lists/tenancy.companies/shared-views/{id:guid} → 409 {"type":"urn:erp:problem:concurrency","title":"Someone else changed this record after you opened it. Reload it and try again.","status":409,"code":"concurrency","traceId":"00-b0fb023739ff5038e42f78b6a
PUT /api/lists/tenancy.companies/shared-views/{id:guid} → 409 {"type":"urn:erp:problem:concurrency","title":"Someone else changed this record after you opened it. Reload it and try again.","status":409,"code":"concurrency","traceId":"00-3728dd3ffc3ec3a75545cac6e
PUT /api/lists/tenancy.companies/shared-views/{id:guid} → 409 {"type":"urn:erp:problem:concurrency","title":"Someone else changed this record after you opened it. Reload it and try again.","status":409,"code":"concurrency","traceId":"00-586e02065a3500af4eef3a686
PUT /api/lists/tenancy.companies/shared-views/{id:guid} → 409 {"type":"urn:erp:problem:concurrency","title":"Someone else changed this record after you opened it. Reload it and try again.","status":409,"code":"concurrency","traceId":"00-27215fae8c2ed3d58ae4a16d4
PUT /api/lists/tenancy.companies/shared-views/{id:guid} → 409 {"type":"urn:erp:problem:concurrency","title":"Someone else changed this record after you opened it. Reload it and try again.","status":409,"code":"concurrency","traceId":"00-058909b4d7518066b44ddebe9
PUT /api/lists/tenancy.companies/shared-views/{id:guid} → 409 {"type":"urn:erp:problem:concurrency","title":"Someone else changed this record after you opened it. Reload it and try again.","status":409,"code":"concurrency","traceId":"00-4430cae8f0565942f8638126d
PUT /api/lists/tenancy.companies/shared-views/{id:guid} → 409 {"type":"urn:erp:problem:concurrency","title":"Someone else changed this record after you opened it. Reload it and try again.","status":409,"code":"concurrency","traceId":"00-58352408746ffabe137affb4e
PUT /api/lists/tenancy.companies/shared-views/{id:guid} → 409 {"type":"urn:erp:problem:concurrency","title":"Someone else changed this record after you opened it. Reload it and try again.","status":409,"code":"concurrency","traceId":"00-4bbce38e043b59a63cc4ba119
PUT /api/lists/tenancy.companies/shared-views/{id:guid} → 409 {"type":"urn:erp:problem:concurrency","title":"Someone else changed this record after you opened it. Reload it and try again.","status":409,"code":"concurrency","traceId":"00-b7d1f7cf890ee81b78489ae7c
PUT /api/lists/tenancy.companies/shared-views/{id:guid} → 409 {"type":"urn:erp:problem:concurrency","title":"Someone else changed this record after you opened it. Reload it and try again.","status":409,"code":"concurrency","traceId":"00-a78bf7f377ce719d92384a670
PUT /api/lists/tenancy.companies/shared-views/{id:guid} → 409 {"type":"urn:erp:problem:concurrency","title":"Someone else changed this record after you opened it. Reload it and try again.","status":409,"code":"concurrency","traceId":"00-9b3f506d828316329d885b063
PUT /api/lists/tenancy.companies/shared-views/{id:guid} → 409 {"type":"urn:erp:problem:concurrency","title":"Someone else changed this record after you opened it. Reload it and try again.","status":409,"code":"concurrency","traceId":"00-ead5b552aa156f7c029d30e0c
PUT /api/lists/tenancy.companies/shared-views/{id:guid} → 409 {"type":"urn:erp:problem:concurrency","title":"Someone else changed this record after you opened it. Reload it and try again.","status":409,"code":"concurrency","traceId":"00-bd29b78fe120fa089a7bb549c
PUT /api/lists/tenancy.companies/shared-views/{id:guid} → 409 {"type":"urn:erp:problem:concurrency","title":"Someone else changed this record after you opened it. Reload it and try again.","status":409,"code":"concurrency","traceId":"00-c73cb21dacfda78b27c68891c
PUT /api/lists/tenancy.companies/shared-views/{id:guid} → 409 {"type":"urn:erp:problem:concurrency","title":"Someone else changed this record after you opened it. Reload it and try again.","status":409,"code":"concurrency","traceId":"00-4bd286801a11de64dd36652ce
PUT /api/lists/tenancy.companies/shared-views/{id:guid} → 409 {"type":"urn:erp:problem:concurrency","title":"Someone else changed this record after you opened it. Reload it and try again.","status":409,"code":"concurrency","traceId":"00-7e01eeff1d7927fc43cc5e51c
PUT /api/lists/tenancy.companies/shared-views/{id:guid} → 409 {"type":"urn:erp:problem:concurrency","title":"Someone else changed this record after you opened it. Reload it and try again.","status":409,"code":"concurrency","traceId":"00-5d45c5432135543c4454ddd6b
PUT /api/lists/tenancy.companies/shared-views/{id:guid} → 409 {"type":"urn:erp:problem:concurrency","title":"Someone else changed this record after you opened it. Reload it and try again.","status":409,"code":"concurrency","traceId":"00-0d5cf02604287d113eea7a77d
PUT /api/lists/tenancy.companies/shared-views/{id:guid} → 409 {"type":"urn:erp:problem:concurrency","title":"Someone else changed this record after you opened it. Reload it and try again.","status":409,"code":"concurrency","traceId":"00-fb7cd5ae2db9128c903175afc
PUT /api/lists/tenancy.companies/shared-views/{id:guid} → 409 {"type":"urn:erp:problem:concurrency","title":"Someone else changed this record after you opened it. Reload it and try again.","status":409,"code":"concurrency","traceId":"00-c3aff585e8811a0e77b818786
PUT /api/lists/tenancy.companies/shared-views/{id:guid} → 409 {"type":"urn:erp:problem:concurrency","title":"Someone else changed this record after you opened it. Reload it and try again.","status":409,"code":"concurrency","traceId":"00-4f15d26c66d8c170fa80772bb
PUT /api/lists/tenancy.companies/shared-views/{id:guid} → 409 {"type":"urn:erp:problem:concurrency","title":"Someone else changed this record after you opened it. Reload it and try again.","status":409,"code":"concurrency","traceId":"00-8ce1d8c4baf47cce0f688e095
PUT /api/lists/tenancy.companies/shared-views/{id:guid} → 409 {"type":"urn:erp:problem:concurrency","title":"Someone else changed this record after you opened it. Reload it and try again.","status":409,"code":"concurrency","traceId":"00-6e6315f482f825b0ead5b767d
PUT /api/lists/tenancy.companies/shared-views/{id:guid} → 409 {"type":"urn:erp:problem:concurrency","title":"Someone else changed this record after you opened it. Reload it and try again.","status":409,"code":"concurrency","traceId":"00-8dee7864097d3cba1ee254ed4
PUT /api/lists/tenancy.companies/shared-views/{id:guid} → 409 {"type":"urn:erp:problem:concurrency","title":"Someone else changed this record after you opened it. Reload it and try again.","status":409,"code":"concurrency","traceId":"00-ba5af7cc80df46502413438f1
PUT /api/lists/tenancy.companies/shared-views/{id:guid} → 409 {"type":"urn:erp:problem:concurrency","title":"Someone else changed this record after you opened it. Reload it and try again.","status":409,"code":"concurrency","traceId":"00-0d01a7e05f619f78e30b4cc7b
PUT /api/lists/tenancy.companies/shared-views/{id:guid} → 409 {"type":"urn:erp:problem:concurrency","title":"Someone else changed this record after you opened it. Reload it and try again.","status":409,"code":"concurrency","traceId":"00-add938eff8f0f8d6056d084ff
PUT /api/lists/tenancy.companies/shared-views/{id:guid} → 409 {"type":"urn:erp:problem:concurrency","title":"Someone else changed this record after you opened it. Reload it and try again.","status":409,"code":"concurrency","traceId":"00-815c306b8fbeefc3b5f0f00f4
PUT /api/lists/tenancy.companies/shared-views/{id:guid} → 409 {"type":"urn:erp:problem:concurrency","title":"Someone else changed this record after you opened it. Reload it and try again.","status":409,"code":"concurrency","traceId":"00-8dacd66162720b4d2ca6a1997
PUT /api/lists/tenancy.companies/shared-views/{id:guid} → 409 {"type":"urn:erp:problem:concurrency","title":"Someone else changed this record after you opened it. Reload it and try again.","status":409,"code":"concurrency","traceId":"00-06b5885a715823e223a8eb23a
PUT /api/lists/tenancy.companies/shared-views/{id:guid} → 409 {"type":"urn:erp:problem:concurrency","title":"Someone else changed this record after you opened it. Reload it and try again.","status":409,"code":"concurrency","traceId":"00-ea0c49098bc6113a2f1b9dc91
PUT /api/lists/tenancy.companies/shared-views/{id:guid} → 409 {"type":"urn:erp:problem:concurrency","title":"Someone else changed this record after you opened it. Reload it and try again.","status":409,"code":"concurrency","traceId":"00-caf4dc0c8f28bb6dba72b5212
PUT /api/lists/tenancy.companies/shared-views/{id:guid} → 409 {"type":"urn:erp:problem:concurrency","title":"Someone else changed this record after you opened it. Reload it and try again.","status":409,"code":"concurrency","traceId":"00-33006280669dbd2e2bef12990
PUT /api/lists/tenancy.companies/shared-views/{id:guid} → 409 {"type":"urn:erp:problem:concurrency","title":"Someone else changed this record after you opened it. Reload it and try again.","status":409,"code":"concurrency","traceId":"00-f329f16d8b74e4c781fe82d89
PUT /api/lists/tenancy.companies/shared-views/{id:guid} → 409 {"type":"urn:erp:problem:concurrency","title":"Someone else changed this record after you opened it. Reload it and try again.","status":409,"code":"concurrency","traceId":"00-26fc5ccfce33cbc1d7daa7718
PUT /api/lists/tenancy.companies/shared-views/{id:guid} → 409 {"type":"urn:erp:problem:concurrency","title":"Someone else changed this record after you opened it. Reload it and try again.","status":409,"code":"concurrency","traceId":"00-167aeb6219b2995a31c276177
PUT /api/lists/tenancy.companies/shared-views/{id:guid} → 409 {"type":"urn:erp:problem:concurrency","title":"Someone else changed this record after you opened it. Reload it and try again.","status":409,"code":"concurrency","traceId":"00-69e01a58bb9594d8940271465
PUT /api/lists/tenancy.companies/shared-views/{id:guid} → 409 {"type":"urn:erp:problem:concurrency","title":"Someone else changed this record after you opened it. Reload it and try again.","status":409,"code":"concurrency","traceId":"00-fcabc8028a9faa0655c0f6493
PUT /api/lists/tenancy.companies/shared-views/{id:guid} → 409 {"type":"urn:erp:problem:concurrency","title":"Someone else changed this record after you opened it. Reload it and try again.","status":409,"code":"concurrency","traceId":"00-ed28fc30a8593fb46d866546c
PUT /api/lists/tenancy.companies/shared-views/{id:guid} → 409 {"type":"urn:erp:problem:concurrency","title":"Someone else changed this record after you opened it. Reload it and try again.","status":409,"code":"concurrency","traceId":"00-c8e00d418f91cfd66a257d8fe
PUT /api/lists/tenancy.companies/shared-views/{id:guid} → 409 {"type":"urn:erp:problem:concurrency","title":"Someone else changed this record after you opened it. Reload it and try again.","status":409,"code":"concurrency","traceId":"00-094a25bfd0abfbcdb060e5e0f
PUT /api/lists/tenancy.companies/views/{id:guid} → 409 {"type":"urn:erp:problem:concurrency","title":"Someone else changed this record after you opened it. Reload it and try again.","status":409,"code":"concurrency","traceId":"00-07ded3fcc10187f9fc05c7ccc
PUT /api/lists/tenancy.companies/views/{id:guid} → 409 {"type":"urn:erp:problem:concurrency","title":"Someone else changed this record after you opened it. Reload it and try again.","status":409,"code":"concurrency","traceId":"00-57f593c059f9fcd8eb3d2da02
PUT /api/lists/tenancy.companies/views/{id:guid} → 409 {"type":"urn:erp:problem:concurrency","title":"Someone else changed this record after you opened it. Reload it and try again.","status":409,"code":"concurrency","traceId":"00-ff5ad91f87a45edb1e7b56a8f
PUT /api/lists/tenancy.companies/views/{id:guid} → 409 {"type":"urn:erp:problem:concurrency","title":"Someone else changed this record after you opened it. Reload it and try again.","status":409,"code":"concurrency","traceId":"00-c4acbbd97bb034bb3ea7ed17b
PUT /api/lists/tenancy.companies/views/{id:guid} → 409 {"type":"urn:erp:problem:concurrency","title":"Someone else changed this record after you opened it. Reload it and try again.","status":409,"code":"concurrency","traceId":"00-b6d052180755212c6c5dc844c
PUT /api/lists/tenancy.companies/views/{id:guid} → 409 {"type":"urn:erp:problem:concurrency","title":"Someone else changed this record after you opened it. Reload it and try again.","status":409,"code":"concurrency","traceId":"00-eefb754731b1dd035d4abe29c
PUT /api/lists/tenancy.companies/views/{id:guid} → 409 {"type":"urn:erp:problem:concurrency","title":"Someone else changed this record after you opened it. Reload it and try again.","status":409,"code":"concurrency","traceId":"00-1273667f64effc345249cd7b8
PUT /api/lists/tenancy.companies/views/{id:guid} → 409 {"type":"urn:erp:problem:concurrency","title":"Someone else changed this record after you opened it. Reload it and try again.","status":409,"code":"concurrency","traceId":"00-ff67c9ff6e962ceadc5e39191
PUT /api/lists/tenancy.companies/views/{id:guid} → 409 {"type":"urn:erp:problem:concurrency","title":"Someone else changed this record after you opened it. Reload it and try again.","status":409,"code":"concurrency","traceId":"00-632cbd75e3f69b2b439218bd8
PUT /api/lists/tenancy.companies/views/{id:guid} → 409 {"type":"urn:erp:problem:concurrency","title":"Someone else changed this record after you opened it. Reload it and try again.","status":409,"code":"concurrency","traceId":"00-37cdf4d159857c9c087c2b629
PUT /api/lists/tenancy.companies/views/{id:guid} → 409 {"type":"urn:erp:problem:concurrency","title":"Someone else changed this record after you opened it. Reload it and try again.","status":409,"code":"concurrency","traceId":"00-fc43ad8081b5b5e35b9d56107
PUT /api/lists/tenancy.companies/views/{id:guid} → 409 {"type":"urn:erp:problem:concurrency","title":"Someone else changed this record after you opened it. Reload it and try again.","status":409,"code":"concurrency","traceId":"00-d5801a6ab0a586ecd64ff20f6
PUT /api/lists/tenancy.companies/views/{id:guid} → 409 {"type":"urn:erp:problem:concurrency","title":"Someone else changed this record after you opened it. Reload it and try again.","status":409,"code":"concurrency","traceId":"00-b4ee6176394a7fa1964c6cea7
PUT /api/lists/tenancy.companies/views/{id:guid} → 409 {"type":"urn:erp:problem:concurrency","title":"Someone else changed this record after you opened it. Reload it and try again.","status":409,"code":"concurrency","traceId":"00-3af44ccf915ffe9914dff445e
PUT /api/lists/tenancy.companies/views/{id:guid} → 409 {"type":"urn:erp:problem:concurrency","title":"Someone else changed this record after you opened it. Reload it and try again.","status":409,"code":"concurrency","traceId":"00-b97ef05a4d0db7d654f44d2f4
PUT /api/lists/tenancy.companies/views/{id:guid} → 409 {"type":"urn:erp:problem:concurrency","title":"Someone else changed this record after you opened it. Reload it and try again.","status":409,"code":"concurrency","traceId":"00-07cecd8b5ffb71af3874689b3
PUT /api/lists/tenancy.companies/views/{id:guid} → 409 {"type":"urn:erp:problem:concurrency","title":"Someone else changed this record after you opened it. Reload it and try again.","status":409,"code":"concurrency","traceId":"00-b5b136f5f21b267ba4ca4860e
PUT /api/lists/tenancy.companies/views/{id:guid} → 409 {"type":"urn:erp:problem:concurrency","title":"Someone else changed this record after you opened it. Reload it and try again.","status":409,"code":"concurrency","traceId":"00-b55ae077cb242f9bde9d5ca39
PUT /api/lists/tenancy.companies/views/{id:guid} → 409 {"type":"urn:erp:problem:concurrency","title":"Someone else changed this record after you opened it. Reload it and try again.","status":409,"code":"concurrency","traceId":"00-7aaa24cb9162b6ab0086c6f27
PUT /api/lists/tenancy.companies/views/{id:guid} → 409 {"type":"urn:erp:problem:concurrency","title":"Someone else changed this record after you opened it. Reload it and try again.","status":409,"code":"concurrency","traceId":"00-1011e596a7f2be336003e5108
PUT /api/lists/tenancy.companies/views/{id:guid} → 409 {"type":"urn:erp:problem:concurrency","title":"Someone else changed this record after you opened it. Reload it and try again.","status":409,"code":"concurrency","traceId":"00-d3b809eeabd8737ee3f340e9f
PUT /api/lists/tenancy.companies/views/{id:guid} → 409 {"type":"urn:erp:problem:concurrency","title":"Someone else changed this record after you opened it. Reload it and try again.","status":409,"code":"concurrency","traceId":"00-cd0fa08d6723b9c2f7c54bf29
PUT /api/lists/tenancy.companies/views/{id:guid} → 409 {"type":"urn:erp:problem:concurrency","title":"Someone else changed this record after you opened it. Reload it and try again.","status":409,"code":"concurrency","traceId":"00-db94c633c9516677006be14f3
PUT /api/lists/tenancy.companies/views/{id:guid} → 409 {"type":"urn:erp:problem:concurrency","title":"Someone else changed this record after you opened it. Reload it and try again.","status":409,"code":"concurrency","traceId":"00-39c5b5c4ed3750e02dc3d2507
PUT /api/lists/tenancy.companies/views/{id:guid} → 409 {"type":"urn:erp:problem:concurrency","title":"Someone else changed this record after you opened it. Reload it and try again.","status":409,"code":"concurrency","traceId":"00-7d50c80588f46afa49663a202
PUT /api/lists/tenancy.companies/views/{id:guid} → 409 {"type":"urn:erp:problem:concurrency","title":"Someone else changed this record after you opened it. Reload it and try again.","status":409,"code":"concurrency","traceId":"00-6ce46335cf9f90fc79c364002
PUT /api/lists/tenancy.companies/views/{id:guid} → 409 {"type":"urn:erp:problem:concurrency","title":"Someone else changed this record after you opened it. Reload it and try again.","status":409,"code":"concurrency","traceId":"00-aca484f069d1cef7a2b662af6
PUT /api/lists/tenancy.companies/views/{id:guid} → 409 {"type":"urn:erp:problem:concurrency","title":"Someone else changed this record after you opened it. Reload it and try again.","status":409,"code":"concurrency","traceId":"00-479ddebfcbbf54fab40b5157a
PUT /api/lists/tenancy.companies/views/{id:guid} → 409 {"type":"urn:erp:problem:concurrency","title":"Someone else changed this record after you opened it. Reload it and try again.","status":409,"code":"concurrency","traceId":"00-ca07607b0f5378bace0be5f35
PUT /api/lists/tenancy.companies/views/{id:guid} → 409 {"type":"urn:erp:problem:concurrency","title":"Someone else changed this record after you opened it. Reload it and try again.","status":409,"code":"concurrency","traceId":"00-101d5e0b103a5719c1fb95699
PUT /api/lists/tenancy.companies/views/{id:guid} → 409 {"type":"urn:erp:problem:concurrency","title":"Someone else changed this record after you opened it. Reload it and try again.","status":409,"code":"concurrency","traceId":"00-a76f76b33c3f56748d88c13d2
PUT /api/lists/tenancy.companies/views/{id:guid} → 409 {"type":"urn:erp:problem:concurrency","title":"Someone else changed this record after you opened it. Reload it and try again.","status":409,"code":"concurrency","traceId":"00-cfb15f5c11d8ad9e3d10ee55d
PUT /api/lists/tenancy.companies/views/{id:guid} → 409 {"type":"urn:erp:problem:concurrency","title":"Someone else changed this record after you opened it. Reload it and try again.","status":409,"code":"concurrency","traceId":"00-06a5a615dc489423326e91134
PUT /api/lists/tenancy.companies/views/{id:guid} → 409 {"type":"urn:erp:problem:concurrency","title":"Someone else changed this record after you opened it. Reload it and try again.","status":409,"code":"concurrency","traceId":"00-df0d40fab51693aaded8d70f0
PUT /api/lists/tenancy.companies/views/{id:guid} → 409 {"type":"urn:erp:problem:concurrency","title":"Someone else changed this record after you opened it. Reload it and try again.","status":409,"code":"concurrency","traceId":"00-7bcc2c466e622f67232f23c41
PUT /api/lists/tenancy.companies/views/{id:guid} → 409 {"type":"urn:erp:problem:concurrency","title":"Someone else changed this record after you opened it. Reload it and try again.","status":409,"code":"concurrency","traceId":"00-2d5bf94ecbd0cae5325e50f93
PUT /api/lists/tenancy.companies/views/{id:guid} → 409 {"type":"urn:erp:problem:concurrency","title":"Someone else changed this record after you opened it. Reload it and try again.","status":409,"code":"concurrency","traceId":"00-0cad57708f695522158303c96
PUT /api/lists/tenancy.companies/views/{id:guid} → 409 {"type":"urn:erp:problem:concurrency","title":"Someone else changed this record after you opened it. Reload it and try again.","status":409,"code":"concurrency","traceId":"00-1a5d73ce65627ecf662a3a680
PUT /api/lists/tenancy.companies/views/{id:guid} → 409 {"type":"urn:erp:problem:concurrency","title":"Someone else changed this record after you opened it. Reload it and try again.","status":409,"code":"concurrency","traceId":"00-32e384f34114a588f70e0fa99
PUT /api/lists/tenancy.companies/views/{id:guid} → 409 {"type":"urn:erp:problem:concurrency","title":"Someone else changed this record after you opened it. Reload it and try again.","status":409,"code":"concurrency","traceId":"00-f9df2853b23032ef5e3634aac
PUT /api/lists/tenancy.companies/views/{id:guid} → 409 {"type":"urn:erp:problem:concurrency","title":"Someone else changed this record after you opened it. Reload it and try again.","status":409,"code":"concurrency","traceId":"00-3c8d94273c2fe032b946177da
PUT /api/lists/tenancy.companies/views/{id:guid} → 409 {"type":"urn:erp:problem:concurrency","title":"Someone else changed this record after you opened it. Reload it and try again.","status":409,"code":"concurrency","traceId":"00-c7f74efaccef89b6ffa764060
PUT /api/tenancy/branches/{id:guid} → 409 {"type":"urn:erp:problem:concurrency","title":"Someone else changed this record after you opened it. Reload it and try again.","status":409,"code":"concurrency","traceId":"0HNP523EBTBOJ"}
PUT /api/tenancy/branches/{id:guid} → 409 {"type":"urn:erp:problem:concurrency","title":"Someone else changed this record after you opened it. Reload it and try again.","status":409,"code":"concurrency","traceId":"0HNP523EBTBON"}
PUT /api/tenancy/branches/{id:guid} → 409 {"type":"urn:erp:problem:concurrency","title":"Someone else changed this record after you opened it. Reload it and try again.","status":409,"code":"concurrency","traceId":"0HNP523EBTBOR"}
PUT /api/tenancy/branches/{id:guid} → 409 {"type":"urn:erp:problem:concurrency","title":"Someone else changed this record after you opened it. Reload it and try again.","status":409,"code":"concurrency","traceId":"0HNP523EBTBP1"}
PUT /api/tenancy/branches/{id:guid} → 409 {"type":"urn:erp:problem:concurrency","title":"Someone else changed this record after you opened it. Reload it and try again.","status":409,"code":"concurrency","traceId":"0HNP523EBTBP5"}
PUT /api/tenancy/branches/{id:guid} → 409 {"type":"urn:erp:problem:concurrency","title":"Someone else changed this record after you opened it. Reload it and try again.","status":409,"code":"concurrency","traceId":"0HNP523EBTBPB"}
PUT /api/tenancy/branches/{id:guid} → 409 {"type":"urn:erp:problem:concurrency","title":"Someone else changed this record after you opened it. Reload it and try again.","status":409,"code":"concurrency","traceId":"0HNP523EBTBPF"}
PUT /api/tenancy/branches/{id:guid} → 409 {"type":"urn:erp:problem:concurrency","title":"Someone else changed this record after you opened it. Reload it and try again.","status":409,"code":"concurrency","traceId":"0HNP523EBTBPL"}
PUT /api/tenancy/branches/{id:guid} → 409 {"type":"urn:erp:problem:concurrency","title":"Someone else changed this record after you opened it. Reload it and try again.","status":409,"code":"concurrency","traceId":"0HNP523EBTBPP"}
PUT /api/tenancy/branches/{id:guid} → 409 {"type":"urn:erp:problem:concurrency","title":"Someone else changed this record after you opened it. Reload it and try again.","status":409,"code":"concurrency","traceId":"0HNP523EBTBPV"}
PUT /api/tenancy/branches/{id:guid} → 409 {"type":"urn:erp:problem:concurrency","title":"Someone else changed this record after you opened it. Reload it and try again.","status":409,"code":"concurrency","traceId":"0HNP523EBTBQ3"}
PUT /api/tenancy/branches/{id:guid} → 409 {"type":"urn:erp:problem:concurrency","title":"Someone else changed this record after you opened it. Reload it and try again.","status":409,"code":"concurrency","traceId":"0HNP523EBTBQ9"}
PUT /api/tenancy/branches/{id:guid} → 409 {"type":"urn:erp:problem:concurrency","title":"Someone else changed this record after you opened it. Reload it and try again.","status":409,"code":"concurrency","traceId":"0HNP523EBTBQD"}
PUT /api/tenancy/branches/{id:guid} → 409 {"type":"urn:erp:problem:concurrency","title":"Someone else changed this record after you opened it. Reload it and try again.","status":409,"code":"concurrency","traceId":"0HNP523EBTBQJ"}
PUT /api/tenancy/branches/{id:guid} → 409 {"type":"urn:erp:problem:concurrency","title":"Someone else changed this record after you opened it. Reload it and try again.","status":409,"code":"concurrency","traceId":"0HNP523EBTBQN"}
PUT /api/tenancy/branches/{id:guid} → 409 {"type":"urn:erp:problem:concurrency","title":"Someone else changed this record after you opened it. Reload it and try again.","status":409,"code":"concurrency","traceId":"0HNP523EBTBVM"}
PUT /api/tenancy/companies/{id:guid} → 409 {"type":"urn:erp:problem:concurrency","title":"Someone else changed this record after you opened it. Reload it and try again.","status":409,"code":"concurrency","traceId":"0HNP523EBTC97"}
PUT /api/tenancy/companies/{id:guid} → 409 {"type":"urn:erp:problem:concurrency","title":"Someone else changed this record after you opened it. Reload it and try again.","status":409,"code":"concurrency","traceId":"0HNP523EBTC9B"}
PUT /api/tenancy/companies/{id:guid} → 409 {"type":"urn:erp:problem:concurrency","title":"Someone else changed this record after you opened it. Reload it and try again.","status":409,"code":"concurrency","traceId":"0HNP523EBTC9F"}
PUT /api/tenancy/companies/{id:guid} → 409 {"type":"urn:erp:problem:concurrency","title":"Someone else changed this record after you opened it. Reload it and try again.","status":409,"code":"concurrency","traceId":"0HNP523EBTC9L"}
PUT /api/tenancy/companies/{id:guid} → 409 {"type":"urn:erp:problem:concurrency","title":"Someone else changed this record after you opened it. Reload it and try again.","status":409,"code":"concurrency","traceId":"0HNP523EBTC9P"}
PUT /api/tenancy/companies/{id:guid} → 409 {"type":"urn:erp:problem:concurrency","title":"Someone else changed this record after you opened it. Reload it and try again.","status":409,"code":"concurrency","traceId":"0HNP523EBTC9V"}
PUT /api/tenancy/companies/{id:guid} → 409 {"type":"urn:erp:problem:concurrency","title":"Someone else changed this record after you opened it. Reload it and try again.","status":409,"code":"concurrency","traceId":"0HNP523EBTCA3"}
PUT /api/tenancy/companies/{id:guid} → 409 {"type":"urn:erp:problem:concurrency","title":"Someone else changed this record after you opened it. Reload it and try again.","status":409,"code":"concurrency","traceId":"0HNP523EBTCA9"}
PUT /api/tenancy/companies/{id:guid} → 409 {"type":"urn:erp:problem:concurrency","title":"Someone else changed this record after you opened it. Reload it and try again.","status":409,"code":"concurrency","traceId":"0HNP523EBTCAD"}
PUT /api/tenancy/companies/{id:guid} → 409 {"type":"urn:erp:problem:concurrency","title":"Someone else changed this record after you opened it. Reload it and try again.","status":409,"code":"concurrency","traceId":"0HNP523EBTCAJ"}
PUT /api/tenancy/companies/{id:guid} → 409 {"type":"urn:erp:problem:concurrency","title":"Someone else changed this record after you opened it. Reload it and try again.","status":409,"code":"concurrency","traceId":"0HNP523EBTCAN"}
PUT /api/tenancy/companies/{id:guid} → 409 {"type":"urn:erp:problem:concurrency","title":"Someone else changed this record after you opened it. Reload it and try again.","status":409,"code":"concurrency","traceId":"0HNP523EBTCAT"}
PUT /api/tenancy/companies/{id:guid} → 409 {"type":"urn:erp:problem:concurrency","title":"Someone else changed this record after you opened it. Reload it and try again.","status":409,"code":"concurrency","traceId":"0HNP523EBTCB1"}
PUT /api/tenancy/companies/{id:guid} → 409 {"type":"urn:erp:problem:concurrency","title":"Someone else changed this record after you opened it. Reload it and try again.","status":409,"code":"concurrency","traceId":"0HNP523EBTCB7"}
PUT /api/tenancy/companies/{id:guid} → 409 {"type":"urn:erp:problem:concurrency","title":"Someone else changed this record after you opened it. Reload it and try again.","status":409,"code":"concurrency","traceId":"0HNP523EBTCBB"}
PUT /api/tenancy/companies/{id:guid} → 409 {"type":"urn:erp:problem:concurrency","title":"Someone else changed this record after you opened it. Reload it and try again.","status":409,"code":"concurrency","traceId":"0HNP523EBTCGA"}
PUT /api/tenancy/tenant → 409 {"type":"urn:erp:problem:concurrency","title":"Someone else changed this record after you opened it. Reload it and try again.","status":409,"code":"concurrency","traceId":"0HNP523EBTCP5"}
PUT /api/tenancy/tenant → 409 {"type":"urn:erp:problem:concurrency","title":"Someone else changed this record after you opened it. Reload it and try again.","status":409,"code":"concurrency","traceId":"0HNP523EBTCP9"}
PUT /api/tenancy/tenant → 409 {"type":"urn:erp:problem:concurrency","title":"Someone else changed this record after you opened it. Reload it and try again.","status":409,"code":"concurrency","traceId":"0HNP523EBTCPD"}
PUT /api/tenancy/tenant → 409 {"type":"urn:erp:problem:concurrency","title":"Someone else changed this record after you opened it. Reload it and try again.","status":409,"code":"concurrency","traceId":"0HNP523EBTCPH"}
PUT /api/tenancy/tenant → 409 {"type":"urn:erp:problem:concurrency","title":"Someone else changed this record after you opened it. Reload it and try again.","status":409,"code":"concurrency","traceId":"0HNP523EBTCPN"}
PUT /api/tenancy/tenant → 409 {"type":"urn:erp:problem:concurrency","title":"Someone else changed this record after you opened it. Reload it and try again.","status":409,"code":"concurrency","traceId":"0HNP523EBTCPR"}
PUT /api/tenancy/tenant → 409 {"type":"urn:erp:problem:concurrency","title":"Someone else changed this record after you opened it. Reload it and try again.","status":409,"code":"concurrency","traceId":"0HNP523EBTCQ1"}
PUT /api/tenancy/tenant → 409 {"type":"urn:erp:problem:concurrency","title":"Someone else changed this record after you opened it. Reload it and try again.","status":409,"code":"concurrency","traceId":"0HNP523EBTCQ5"}
PUT /api/tenancy/tenant → 409 {"type":"urn:erp:problem:concurrency","title":"Someone else changed this record after you opened it. Reload it and try again.","status":409,"code":"concurrency","traceId":"0HNP523EBTCQB"}
PUT /api/tenancy/tenant → 409 {"type":"urn:erp:problem:concurrency","title":"Someone else changed this record after you opened it. Reload it and try again.","status":409,"code":"concurrency","traceId":"0HNP523EBTCQF"}
PUT /api/tenancy/tenant → 409 {"type":"urn:erp:problem:concurrency","title":"Someone else changed this record after you opened it. Reload it and try again.","status":409,"code":"concurrency","traceId":"0HNP523EBTCQL"}
PUT /api/tenancy/tenant → 409 {"type":"urn:erp:problem:concurrency","title":"Someone else changed this record after you opened it. Reload it and try again.","status":409,"code":"concurrency","traceId":"0HNP523EBTCQP"}
PUT /api/tenancy/tenant → 409 {"type":"urn:erp:problem:concurrency","title":"Someone else changed this record after you opened it. Reload it and try again.","status":409,"code":"concurrency","traceId":"0HNP523EBTCQV"}
PUT /api/tenancy/tenant → 409 {"type":"urn:erp:problem:concurrency","title":"Someone else changed this record after you opened it. Reload it and try again.","status":409,"code":"concurrency","traceId":"0HNP523EBTCR3"}
PUT /api/tenancy/tenant → 409 {"type":"urn:erp:problem:concurrency","title":"Someone else changed this record after you opened it. Reload it and try again.","status":409,"code":"concurrency","traceId":"0HNP523EBTCR9"}
PUT /api/tenancy/tenant → 409 {"type":"urn:erp:problem:concurrency","title":"Someone else changed this record after you opened it. Reload it and try again.","status":409,"code":"concurrency","traceId":"0HNP523EBTCRD"}
PUT /api/tenancy/tenant → 409 {"type":"urn:erp:problem:concurrency","title":"Someone else changed this record after you opened it. Reload it and try again.","status":409,"code":"concurrency","traceId":"0HNP523EBTCRJ"}
PUT /api/tenancy/tenant → 409 {"type":"urn:erp:problem:concurrency","title":"Someone else changed this record after you opened it. Reload it and try again.","status":409,"code":"concurrency","traceId":"0HNP523EBTCRN"}
PUT /api/tenancy/tenant → 409 {"type":"urn:erp:problem:concurrency","title":"Someone else changed this record after you opened it. Reload it and try again.","status":409,"code":"concurrency","traceId":"0HNP523EBTD0M"}
PUT /api/tenancy/workplace → 400 {"type":"urn:erp:problem:validation","title":"Some fields need attention.","status":400,"code":"validation","traceId":"00-2ca7f39df44bb39495070c447856fbe1-3890dba51ba1213e-00","errors":{"companyId":[{
PUT /api/tenancy/workplace → 400 {"type":"urn:erp:problem:validation","title":"Some fields need attention.","status":400,"code":"validation","traceId":"00-15e46a88e1b7f80241ac2cdc00fb018a-7c70196741bb6904-00","errors":{"companyId":[{
PUT /api/tenancy/workplace → 400 {"type":"urn:erp:problem:validation","title":"Some fields need attention.","status":400,"code":"validation","traceId":"00-ed71a4246cc650792384c5b0e0963ad8-4a6371c2f7ec00b0-00","errors":{"companyId":[{

The write-after-write phase may have been blind:
PUT /api/identity/users/{id:guid} with language="en": no write pair succeeded on both sides with the value in the body
PUT /api/identity/users/{id:guid} with language="ar": no write pair succeeded on both sides with the value in the body
PUT /api/lists/identity.roles/shared-views/{id:guid} with columns.[]="nameEn": no write pair succeeded on both sides with the value in the body
PUT /api/lists/identity.roles/shared-views/{id:guid} with columns.[]="nameAr": no write pair succeeded on both sides with the value in the body
PUT /api/lists/identity.roles/shared-views/{id:guid} with columns.[]="isSystem": no write pair succeeded on both sides with the value in the body
PUT /api/lists/identity.roles/shared-views/{id:guid} with columns.[]="userCount": no write pair succeeded on both sides with the value in the body
PUT /api/lists/identity.roles/shared-views/{id:guid} with columns.[]="permissions": no write pair succeeded on both sides with the value in the body
PUT /api/lists/identity.roles/shared-views/{id:guid} with groupBy="isSystem": no write pair succeeded on both sides with the value in the body
PUT /api/lists/identity.roles/shared-views/{id:guid} with columns.[]="nameEn" groupBy="isSystem": no write pair succeeded on both sides with the value in the body
PUT /api/lists/identity.roles/shared-views/{id:guid} with columns.[]="nameAr" groupBy="isSystem": no write pair succeeded on both sides with the value in the body
PUT /api/lists/identity.roles/shared-views/{id:guid} with columns.[]="isSystem" groupBy="isSystem": no write pair succeeded on both sides with the value in the body
PUT /api/lists/identity.roles/shared-views/{id:guid} with columns.[]="userCount" groupBy="isSystem": no write pair succeeded on both sides with the value in the body
PUT /api/lists/identity.roles/shared-views/{id:guid} with columns.[]="permissions" groupBy="isSystem": no write pair succeeded on both sides with the value in the body
PUT /api/lists/identity.roles/views/{id:guid} with columns.[]="nameEn": no write pair succeeded on both sides with the value in the body
PUT /api/lists/identity.roles/views/{id:guid} with columns.[]="nameAr": no write pair succeeded on both sides with the value in the body
PUT /api/lists/identity.roles/views/{id:guid} with columns.[]="isSystem": no write pair succeeded on both sides with the value in the body
PUT /api/lists/identity.roles/views/{id:guid} with columns.[]="userCount": no write pair succeeded on both sides with the value in the body
PUT /api/lists/identity.roles/views/{id:guid} with columns.[]="permissions": no write pair succeeded on both sides with the value in the body
PUT /api/lists/identity.roles/views/{id:guid} with groupBy="isSystem": no write pair succeeded on both sides with the value in the body
PUT /api/lists/identity.roles/views/{id:guid} with columns.[]="nameEn" groupBy="isSystem": no write pair succeeded on both sides with the value in the body
PUT /api/lists/identity.roles/views/{id:guid} with columns.[]="nameAr" groupBy="isSystem": no write pair succeeded on both sides with the value in the body
PUT /api/lists/identity.roles/views/{id:guid} with columns.[]="isSystem" groupBy="isSystem": no write pair succeeded on both sides with the value in the body
PUT /api/lists/identity.roles/views/{id:guid} with columns.[]="userCount" groupBy="isSystem": no write pair succeeded on both sides with the value in the body
PUT /api/lists/identity.roles/views/{id:guid} with columns.[]="permissions" groupBy="isSystem": no write pair succeeded on both sides with the value in the body
PUT /api/lists/identity.users/shared-views/{id:guid} with columns.[]="displayName": no write pair succeeded on both sides with the value in the body
PUT /api/lists/identity.users/shared-views/{id:guid} with columns.[]="displayNameAr": no write pair succeeded on both sides with the value in the body
PUT /api/lists/identity.users/shared-views/{id:guid} with columns.[]="email": no write pair succeeded on both sides with the value in the body
PUT /api/lists/identity.users/shared-views/{id:guid} with columns.[]="language": no write pair succeeded on both sides with the value in the body
PUT /api/lists/identity.users/shared-views/{id:guid} with columns.[]="isActive": no write pair succeeded on both sides with the value in the body
PUT /api/lists/identity.users/shared-views/{id:guid} with columns.[]="lastSignInAt": no write pair succeeded on both sides with the value in the body
PUT /api/lists/identity.users/shared-views/{id:guid} with columns.[]="roleIds": no write pair succeeded on both sides with the value in the body
PUT /api/lists/identity.users/shared-views/{id:guid} with columns.[]="createdAt": no write pair succeeded on both sides with the value in the body
PUT /api/lists/identity.users/shared-views/{id:guid} with groupBy="language": no write pair succeeded on both sides with the value in the body
PUT /api/lists/identity.users/shared-views/{id:guid} with groupBy="isActive": no write pair succeeded on both sides with the value in the body
PUT /api/lists/identity.users/shared-views/{id:guid} with columns.[]="displayName" groupBy="language": no write pair succeeded on both sides with the value in the body
PUT /api/lists/identity.users/shared-views/{id:guid} with columns.[]="displayNameAr" groupBy="isActive": no write pair succeeded on both sides with the value in the body
PUT /api/lists/identity.users/shared-views/{id:guid} with columns.[]="email" groupBy="isActive": no write pair succeeded on both sides with the value in the body
PUT /api/lists/identity.users/shared-views/{id:guid} with columns.[]="language" groupBy="isActive": no write pair succeeded on both sides with the value in the body
PUT /api/lists/identity.users/shared-views/{id:guid} with columns.[]="isActive" groupBy="isActive": no write pair succeeded on both sides with the value in the body
PUT /api/lists/identity.users/shared-views/{id:guid} with columns.[]="lastSignInAt" groupBy="isActive": no write pair succeeded on both sides with the value in the body
PUT /api/lists/identity.users/shared-views/{id:guid} with columns.[]="roleIds" groupBy="isActive": no write pair succeeded on both sides with the value in the body
PUT /api/lists/identity.users/shared-views/{id:guid} with columns.[]="createdAt" groupBy="isActive": no write pair succeeded on both sides with the value in the body
PUT /api/lists/identity.users/views/{id:guid} with columns.[]="displayName": no write pair succeeded on both sides with the value in the body
PUT /api/lists/identity.users/views/{id:guid} with columns.[]="displayNameAr": no write pair succeeded on both sides with the value in the body
PUT /api/lists/identity.users/views/{id:guid} with columns.[]="email": no write pair succeeded on both sides with the value in the body
PUT /api/lists/identity.users/views/{id:guid} with columns.[]="language": no write pair succeeded on both sides with the value in the body
PUT /api/lists/identity.users/views/{id:guid} with columns.[]="isActive": no write pair succeeded on both sides with the value in the body
PUT /api/lists/identity.users/views/{id:guid} with columns.[]="lastSignInAt": no write pair succeeded on both sides with the value in the body
PUT /api/lists/identity.users/views/{id:guid} with columns.[]="roleIds": no write pair succeeded on both sides with the value in the body
PUT /api/lists/identity.users/views/{id:guid} with columns.[]="createdAt": no write pair succeeded on both sides with the value in the body
PUT /api/lists/identity.users/views/{id:guid} with groupBy="language": no write pair succeeded on both sides with the value in the body
PUT /api/lists/identity.users/views/{id:guid} with groupBy="isActive": no write pair succeeded on both sides with the value in the body
PUT /api/lists/identity.users/views/{id:guid} with columns.[]="displayName" groupBy="language": no write pair succeeded on both sides with the value in the body
PUT /api/lists/identity.users/views/{id:guid} with columns.[]="displayNameAr" groupBy="isActive": no write pair succeeded on both sides with the value in the body
PUT /api/lists/identity.users/views/{id:guid} with columns.[]="email" groupBy="isActive": no write pair succeeded on both sides with the value in the body
PUT /api/lists/identity.users/views/{id:guid} with columns.[]="language" groupBy="isActive": no write pair succeeded on both sides with the value in the body
PUT /api/lists/identity.users/views/{id:guid} with columns.[]="isActive" groupBy="isActive": no write pair succeeded on both sides with the value in the body
PUT /api/lists/identity.users/views/{id:guid} with columns.[]="lastSignInAt" groupBy="isActive": no write pair succeeded on both sides with the value in the body
PUT /api/lists/identity.users/views/{id:guid} with columns.[]="roleIds" groupBy="isActive": no write pair succeeded on both sides with the value in the body
PUT /api/lists/identity.users/views/{id:guid} with columns.[]="createdAt" groupBy="isActive": no write pair succeeded on both sides with the value in the body
PUT /api/lists/tenancy.access/shared-views/{id:guid} with columns.[]="displayName": no write pair succeeded on both sides with the value in the body
PUT /api/lists/tenancy.access/shared-views/{id:guid} with columns.[]="email": no write pair succeeded on both sides with the value in the body
PUT /api/lists/tenancy.access/shared-views/{id:guid} with columns.[]="companies": no write pair succeeded on both sides with the value in the body
PUT /api/lists/tenancy.access/views/{id:guid} with columns.[]="displayName": no write pair succeeded on both sides with the value in the body
PUT /api/lists/tenancy.access/views/{id:guid} with columns.[]="email": no write pair succeeded on both sides with the value in the body
PUT /api/lists/tenancy.access/views/{id:guid} with columns.[]="companies": no write pair succeeded on both sides with the value in the body
PUT /api/lists/tenancy.branches/shared-views/{id:guid} with columns.[]="code": no write pair succeeded on both sides with the value in the body
PUT /api/lists/tenancy.branches/shared-views/{id:guid} with columns.[]="nameEn": no write pair succeeded on both sides with the value in the body
PUT /api/lists/tenancy.branches/shared-views/{id:guid} with columns.[]="nameAr": no write pair succeeded on both sides with the value in the body
PUT /api/lists/tenancy.branches/shared-views/{id:guid} with columns.[]="companyId": no write pair succeeded on both sides with the value in the body
PUT /api/lists/tenancy.branches/shared-views/{id:guid} with columns.[]="city": no write pair succeeded on both sides with the value in the body
PUT /api/lists/tenancy.branches/shared-views/{id:guid} with columns.[]="emirate": no write pair succeeded on both sides with the value in the body
PUT /api/lists/tenancy.branches/shared-views/{id:guid} with columns.[]="isActive": no write pair succeeded on both sides with the value in the body
PUT /api/lists/tenancy.branches/shared-views/{id:guid} with groupBy="companyId": no write pair succeeded on both sides with the value in the body
PUT /api/lists/tenancy.branches/shared-views/{id:guid} with groupBy="city": no write pair succeeded on both sides with the value in the body
PUT /api/lists/tenancy.branches/shared-views/{id:guid} with groupBy="emirate": no write pair succeeded on both sides with the value in the body
PUT /api/lists/tenancy.branches/shared-views/{id:guid} with groupBy="isActive": no write pair succeeded on both sides with the value in the body
PUT /api/lists/tenancy.branches/shared-views/{id:guid} with columns.[]="code" groupBy="companyId": no write pair succeeded on both sides with the value in the body
PUT /api/lists/tenancy.branches/shared-views/{id:guid} with columns.[]="nameEn" groupBy="city": no write pair succeeded on both sides with the value in the body
PUT /api/lists/tenancy.branches/shared-views/{id:guid} with columns.[]="nameAr" groupBy="emirate": no write pair succeeded on both sides with the value in the body
PUT /api/lists/tenancy.branches/shared-views/{id:guid} with columns.[]="companyId" groupBy="isActive": no write pair succeeded on both sides with the value in the body
PUT /api/lists/tenancy.branches/shared-views/{id:guid} with columns.[]="city" groupBy="isActive": no write pair succeeded on both sides with the value in the body
PUT /api/lists/tenancy.branches/shared-views/{id:guid} with columns.[]="emirate" groupBy="isActive": no write pair succeeded on both sides with the value in the body
PUT /api/lists/tenancy.branches/shared-views/{id:guid} with columns.[]="isActive" groupBy="isActive": no write pair succeeded on both sides with the value in the body
PUT /api/lists/tenancy.branches/views/{id:guid} with columns.[]="code": no write pair succeeded on both sides with the value in the body
PUT /api/lists/tenancy.branches/views/{id:guid} with columns.[]="nameEn": no write pair succeeded on both sides with the value in the body
PUT /api/lists/tenancy.branches/views/{id:guid} with columns.[]="nameAr": no write pair succeeded on both sides with the value in the body
PUT /api/lists/tenancy.branches/views/{id:guid} with columns.[]="companyId": no write pair succeeded on both sides with the value in the body
PUT /api/lists/tenancy.branches/views/{id:guid} with columns.[]="city": no write pair succeeded on both sides with the value in the body
PUT /api/lists/tenancy.branches/views/{id:guid} with columns.[]="emirate": no write pair succeeded on both sides with the value in the body
PUT /api/lists/tenancy.branches/views/{id:guid} with columns.[]="isActive": no write pair succeeded on both sides with the value in the body
PUT /api/lists/tenancy.branches/views/{id:guid} with groupBy="companyId": no write pair succeeded on both sides with the value in the body
PUT /api/lists/tenancy.branches/views/{id:guid} with groupBy="city": no write pair succeeded on both sides with the value in the body
PUT /api/lists/tenancy.branches/views/{id:guid} with groupBy="emirate": no write pair succeeded on both sides with the value in the body
PUT /api/lists/tenancy.branches/views/{id:guid} with groupBy="isActive": no write pair succeeded on both sides with the value in the body
PUT /api/lists/tenancy.branches/views/{id:guid} with columns.[]="code" groupBy="companyId": no write pair succeeded on both sides with the value in the body
PUT /api/lists/tenancy.branches/views/{id:guid} with columns.[]="nameEn" groupBy="city": no write pair succeeded on both sides with the value in the body
PUT /api/lists/tenancy.branches/views/{id:guid} with columns.[]="nameAr" groupBy="emirate": no write pair succeeded on both sides with the value in the body
PUT /api/lists/tenancy.branches/views/{id:guid} with columns.[]="companyId" groupBy="isActive": no write pair succeeded on both sides with the value in the body
PUT /api/lists/tenancy.branches/views/{id:guid} with columns.[]="city" groupBy="isActive": no write pair succeeded on both sides with the value in the body
PUT /api/lists/tenancy.branches/views/{id:guid} with columns.[]="emirate" groupBy="isActive": no write pair succeeded on both sides with the value in the body
PUT /api/lists/tenancy.branches/views/{id:guid} with columns.[]="isActive" groupBy="isActive": no write pair succeeded on both sides with the value in the body
PUT /api/lists/tenancy.companies/shared-views/{id:guid} with columns.[]="code": no write pair succeeded on both sides with the value in the body
PUT /api/lists/tenancy.companies/shared-views/{id:guid} with columns.[]="legalNameEn": no write pair succeeded on both sides with the value in the body
PUT /api/lists/tenancy.companies/shared-views/{id:guid} with columns.[]="legalNameAr": no write pair succeeded on both sides with the value in the body
PUT /api/lists/tenancy.companies/shared-views/{id:guid} with columns.[]="baseCurrency": no write pair succeeded on both sides with the value in the body
PUT /api/lists/tenancy.companies/shared-views/{id:guid} with columns.[]="city": no write pair succeeded on both sides with the value in the body
PUT /api/lists/tenancy.companies/shared-views/{id:guid} with columns.[]="emirate": no write pair succeeded on both sides with the value in the body
PUT /api/lists/tenancy.companies/shared-views/{id:guid} with columns.[]="branchCount": no write pair succeeded on both sides with the value in the body
PUT /api/lists/tenancy.companies/shared-views/{id:guid} with columns.[]="isActive": no write pair succeeded on both sides with the value in the body
PUT /api/lists/tenancy.companies/shared-views/{id:guid} with groupBy="baseCurrency": no write pair succeeded on both sides with the value in the body
PUT /api/lists/tenancy.companies/shared-views/{id:guid} with groupBy="city": no write pair succeeded on both sides with the value in the body
PUT /api/lists/tenancy.companies/shared-views/{id:guid} with groupBy="emirate": no write pair succeeded on both sides with the value in the body
PUT /api/lists/tenancy.companies/shared-views/{id:guid} with groupBy="isActive": no write pair succeeded on both sides with the value in the body
PUT /api/lists/tenancy.companies/shared-views/{id:guid} with columns.[]="code" groupBy="baseCurrency": no write pair succeeded on both sides with the value in the body
PUT /api/lists/tenancy.companies/shared-views/{id:guid} with columns.[]="legalNameEn" groupBy="city": no write pair succeeded on both sides with the value in the body
PUT /api/lists/tenancy.companies/shared-views/{id:guid} with columns.[]="legalNameAr" groupBy="emirate": no write pair succeeded on both sides with the value in the body
PUT /api/lists/tenancy.companies/shared-views/{id:guid} with columns.[]="baseCurrency" groupBy="isActive": no write pair succeeded on both sides with the value in the body
PUT /api/lists/tenancy.companies/shared-views/{id:guid} with columns.[]="city" groupBy="isActive": no write pair succeeded on both sides with the value in the body
PUT /api/lists/tenancy.companies/shared-views/{id:guid} with columns.[]="emirate" groupBy="isActive": no write pair succeeded on both sides with the value in the body
PUT /api/lists/tenancy.companies/shared-views/{id:guid} with columns.[]="branchCount" groupBy="isActive": no write pair succeeded on both sides with the value in the body
PUT /api/lists/tenancy.companies/shared-views/{id:guid} with columns.[]="isActive" groupBy="isActive": no write pair succeeded on both sides with the value in the body
PUT /api/lists/tenancy.companies/views/{id:guid} with columns.[]="code": no write pair succeeded on both sides with the value in the body
PUT /api/lists/tenancy.companies/views/{id:guid} with columns.[]="legalNameEn": no write pair succeeded on both sides with the value in the body
PUT /api/lists/tenancy.companies/views/{id:guid} with columns.[]="legalNameAr": no write pair succeeded on both sides with the value in the body
PUT /api/lists/tenancy.companies/views/{id:guid} with columns.[]="baseCurrency": no write pair succeeded on both sides with the value in the body
PUT /api/lists/tenancy.companies/views/{id:guid} with columns.[]="city": no write pair succeeded on both sides with the value in the body
PUT /api/lists/tenancy.companies/views/{id:guid} with columns.[]="emirate": no write pair succeeded on both sides with the value in the body
PUT /api/lists/tenancy.companies/views/{id:guid} with columns.[]="branchCount": no write pair succeeded on both sides with the value in the body
PUT /api/lists/tenancy.companies/views/{id:guid} with columns.[]="isActive": no write pair succeeded on both sides with the value in the body
PUT /api/lists/tenancy.companies/views/{id:guid} with groupBy="baseCurrency": no write pair succeeded on both sides with the value in the body
PUT /api/lists/tenancy.companies/views/{id:guid} with groupBy="city": no write pair succeeded on both sides with the value in the body
PUT /api/lists/tenancy.companies/views/{id:guid} with groupBy="emirate": no write pair succeeded on both sides with the value in the body
PUT /api/lists/tenancy.companies/views/{id:guid} with groupBy="isActive": no write pair succeeded on both sides with the value in the body
PUT /api/lists/tenancy.companies/views/{id:guid} with columns.[]="code" groupBy="baseCurrency": no write pair succeeded on both sides with the value in the body
PUT /api/lists/tenancy.companies/views/{id:guid} with columns.[]="legalNameEn" groupBy="city": no write pair succeeded on both sides with the value in the body
PUT /api/lists/tenancy.companies/views/{id:guid} with columns.[]="legalNameAr" groupBy="emirate": no write pair succeeded on both sides with the value in the body
PUT /api/lists/tenancy.companies/views/{id:guid} with columns.[]="baseCurrency" groupBy="isActive": no write pair succeeded on both sides with the value in the body
PUT /api/lists/tenancy.companies/views/{id:guid} with columns.[]="city" groupBy="isActive": no write pair succeeded on both sides with the value in the body
PUT /api/lists/tenancy.companies/views/{id:guid} with columns.[]="emirate" groupBy="isActive": no write pair succeeded on both sides with the value in the body
PUT /api/lists/tenancy.companies/views/{id:guid} with columns.[]="branchCount" groupBy="isActive": no write pair succeeded on both sides with the value in the body
PUT /api/lists/tenancy.companies/views/{id:guid} with columns.[]="isActive" groupBy="isActive": no write pair succeeded on both sides with the value in the body
PUT /api/tenancy/branches/{id:guid} with emirate="abuDhabi": no write pair succeeded on both sides with the value in the body
PUT /api/tenancy/branches/{id:guid} with emirate="dubai": no write pair succeeded on both sides with the value in the body
PUT /api/tenancy/branches/{id:guid} with emirate="sharjah": no write pair succeeded on both sides with the value in the body
PUT /api/tenancy/branches/{id:guid} with emirate="ajman": no write pair succeeded on both sides with the value in the body
PUT /api/tenancy/branches/{id:guid} with emirate="ummAlQuwain": no write pair succeeded on both sides with the value in the body
PUT /api/tenancy/branches/{id:guid} with emirate="rasAlKhaimah": no write pair succeeded on both sides with the value in the body
PUT /api/tenancy/branches/{id:guid} with emirate="fujairah": no write pair succeeded on both sides with the value in the body
PUT /api/tenancy/companies/{id:guid} with emirate="abuDhabi": no write pair succeeded on both sides with the value in the body
PUT /api/tenancy/companies/{id:guid} with emirate="dubai": no write pair succeeded on both sides with the value in the body
PUT /api/tenancy/companies/{id:guid} with emirate="sharjah": no write pair succeeded on both sides with the value in the body
PUT /api/tenancy/companies/{id:guid} with emirate="ajman": no write pair succeeded on both sides with the value in the body
PUT /api/tenancy/companies/{id:guid} with emirate="ummAlQuwain": no write pair succeeded on both sides with the value in the body
PUT /api/tenancy/companies/{id:guid} with emirate="rasAlKhaimah": no write pair succeeded on both sides with the value in the body
PUT /api/tenancy/companies/{id:guid} with emirate="fujairah": no write pair succeeded on both sides with the value in the body
PUT /api/tenancy/tenant with defaultLanguage="en": no write pair succeeded on both sides with the value in the body
PUT /api/tenancy/tenant with defaultLanguage="ar": no write pair succeeded on both sides with the value in the body
PUT /api/tenancy/tenant with weekStart="monday": no write pair succeeded on both sides with the value in the body
PUT /api/tenancy/tenant with weekStart="sunday": no write pair succeeded on both sides with the value in the body
PUT /api/tenancy/tenant with weekStart="saturday": no write pair succeeded on both sides with the value in the body
PUT /api/tenancy/tenant with defaultLanguage="en" weekStart="monday": no write pair succeeded on both sides with the value in the body
PUT /api/tenancy/tenant with defaultLanguage="ar" weekStart="sunday": no write pair succeeded on both sides with the value in the body
PUT /api/tenancy/tenant with defaultLanguage="ar" weekStart="saturday": no write pair succeeded on both sides with the value in the body

g1.enumValuesAttacked: 104; ratchet minimum 209

g1.enumVariantWritePairs: 324; ratchet minimum 650

1337 list answers that are not the asking tenant's own:
tenant B asks first, tenant A judged: GET /api/tenancy/companies?take=50 answered total 46, but walking the same query returns 23 rows (the other tenant's answer to the same request was 46)
tenant B asks first, tenant A judged: the other tenant's walk of /api/tenancy/companies returned row 0191260e-f481-72db-a21a-4eeb40c2590d, which is not its own (it is the judged tenant's)
tenant B asks first, tenant A judged: the other tenant's walk of /api/tenancy/companies returned row 0191260e-f484-79d3-91ae-7bb2f0eb51e7, which is not its own (it is the judged tenant's)
tenant B asks first, tenant A judged: the other tenant's walk of /api/tenancy/companies returned row 01a11a82-a3de-7ea5-b975-e44d710e5751, which is not its own (it is the judged tenant's)
tenant B asks first, tenant A judged: GET /api/tenancy/companies?take=50&search=a answered total 46, but walking the same query returns 23 rows (the other tenant's answer to the same request was 46)
tenant B asks first, tenant A judged: the other tenant's walk of /api/tenancy/companies&search=a returned row 0191260e-f481-72db-a21a-4eeb40c2590d, which is not its own (it is the judged tenant's)
tenant B asks first, tenant A judged: the other tenant's walk of /api/tenancy/companies&search=a returned row 0191260e-f484-79d3-91ae-7bb2f0eb51e7, which is not its own (it is the judged tenant's)
tenant B asks first, tenant A judged: the other tenant's walk of /api/tenancy/companies&search=a returned row 01a11a82-a3de-7ea5-b975-e44d710e5751, which is not its own (it is the judged tenant's)
tenant B asks first, tenant A judged: GET /api/tenancy/companies?take=50&search=e answered total 45, but walking the same query returns 1 rows (the other tenant's answer to the same request was 45)
tenant B asks first, tenant A judged: the other tenant's walk of /api/tenancy/companies&search=e returned row 0191260e-f484-79d3-91ae-7bb2f0eb51e7, which is not its own (it is the judged tenant's)
tenant B asks first, tenant A judged: the other tenant's walk of /api/tenancy/companies&search=o returned row 0191260e-f481-72db-a21a-4eeb40c2590d, which is not its own (it is the judged tenant's)
tenant B asks first, tenant A judged: the other tenant's walk of /api/tenancy/companies&search=o returned row 0191260e-f484-79d3-91ae-7bb2f0eb51e7, which is not its own (it is the judged tenant's)
tenant B asks first, tenant A judged: the other tenant's walk of /api/tenancy/companies&search=s returned row 0191260e-f484-79d3-91ae-7bb2f0eb51e7, which is not its own (it is the judged tenant's)
tenant B asks first, tenant A judged: GET /api/tenancy/companies?take=50&search=n answered total 46, but walking the same query returns 23 rows (the other tenant's answer to the same request was 46)
tenant B asks first, tenant A judged: the other tenant's walk of /api/tenancy/companies&search=n returned row 0191260e-f481-72db-a21a-4eeb40c2590d, which is not its own (it is the judged tenant's)
tenant B asks first, tenant A judged: the other tenant's walk of /api/tenancy/companies&search=n returned row 0191260e-f484-79d3-91ae-7bb2f0eb51e7, which is not its own (it is the judged tenant's)
tenant B asks first, tenant A judged: the other tenant's walk of /api/tenancy/companies&search=n returned row 01a11a82-a3de-7ea5-b975-e44d710e5751, which is not its own (it is the judged tenant's)
tenant B asks first, tenant A judged: GET /api/tenancy/companies?take=50&search=Activity answered total 44, but walking the same query returns 20 rows (the other tenant's answer to the same request was 44)
tenant B asks first, tenant A judged: the other tenant's walk of /api/tenancy/companies&search=Activity returned row 01a11a88-2d26-767c-bde2-4d92a7dbf84e, which is not its own (it is the judged tenant's)
tenant B asks first, tenant A judged: the other tenant's walk of /api/tenancy/companies&search=Activity returned row 01a11a88-2da3-7147-ab80-ebe2d4eeb29a, which is not its own (it is the judged tenant's)
tenant B asks first, tenant A judged: the other tenant's walk of /api/tenancy/companies&search=Activity returned row 01a11a88-2e15-7303-9b2f-9657787d1c7e, which is not its own (it is the judged tenant's)
tenant B asks first, tenant A judged: GET /api/tenancy/companies?take=50&filter=code%20contains%20%27a%27 answered total 44, but walking the same query returns 23 rows (the other tenant's answer to the same request was 44)
tenant B asks first, tenant A judged: the other tenant's walk of /api/tenancy/companies&filter=code%20contains%20%27a%27 returned row 0191260e-f481-72db-a21a-4eeb40c2590d, which is not its own (it is the judged tenant's)
tenant B asks first, tenant A judged: the other tenant's walk of /api/tenancy/companies&filter=code%20contains%20%27a%27 returned row 0191260e-f484-79d3-91ae-7bb2f0eb51e7, which is not its own (it is the judged tenant's)
tenant B asks first, tenant A judged: the other tenant's walk of /api/tenancy/companies&filter=code%20contains%20%27a%27 returned row 01a11a82-a3de-7ea5-b975-e44d710e5751, which is not its own (it is the judged tenant's)
tenant B asks first, tenant A judged: GET /api/tenancy/companies?take=50&filter=legalNameEn%20contains%20%27a%27 answered total 46, but walking the same query returns 23 rows (the other tenant's answer to the same request was 46)
tenant B asks first, tenant A judged: the other tenant's walk of /api/tenancy/companies&filter=legalNameEn%20contains%20%27a%27 returned row 0191260e-f481-72db-a21a-4eeb40c2590d, which is not its own (it is the judged tenant's)
tenant B asks first, tenant A judged: the other tenant's walk of /api/tenancy/companies&filter=legalNameEn%20contains%20%27a%27 returned row 0191260e-f484-79d3-91ae-7bb2f0eb51e7, which is not its own (it is the judged tenant's)
tenant B asks first, tenant A judged: the other tenant's walk of /api/tenancy/companies&filter=legalNameEn%20contains%20%27a%27 returned row 01a11a82-a3de-7ea5-b975-e44d710e5751, which is not its own (it is the judged tenant's)
tenant B asks first, tenant A judged: GET /api/tenancy/companies?take=50&filter=legalNameAr%20contains%20%27a%27 answered total 46, but walking the same query returns 21 rows (the other tenant's answer to the same request was 46)

The list answer check may be blind:
tenant B asks first, tenant A judged: list 'tenancy.companies': no query had different true answers in the two tenants, so a shared total or group count would go unseen
tenant B asks first, tenant A judged: list 'tenancy.branches': no query had different true answers in the two tenants, so a shared total or group count would go unseen
tenant B asks first, tenant A judged: list 'tenancy.access': no query had different true answers in the two tenants, so a shared total or group count would go unseen
tenant B asks first, tenant A judged: list 'identity.users': no query had different true answers in the two tenants, so a shared total or group count would go unseen
tenant B asks first, tenant A judged: list 'identity.roles': no query had different true answers in the two tenants, so a shared total or group count would go unseen
tenant A asks first, tenant B judged: list 'tenancy.companies': no query had different true answers in the two tenants, so a shared total or group count would go unseen
tenant A asks first, tenant B judged: list 'tenancy.branches': no query had different true answers in the two tenants, so a shared total or group count would go unseen
tenant A asks first, tenant B judged: list 'tenancy.access': no query had different true answers in the two tenants, so a shared total or group count would go unseen
tenant A asks first, tenant B judged: list 'identity.users': no query had different true answers in the two tenants, so a shared total or group count would go unseen
tenant A asks first, tenant B judged: list 'identity.roles': no query had different true answers in the two tenants, so a shared total or group count would go unseen

g1.listAnswersDiscriminating: 0; ratchet minimum 55

Process-wide state changed while the tenants used the app (113293 lines):
static Erp.Kernel.Http.UnitOfWorkFilter.MicroCache: was System.Collections.Concurrent.ConcurrentDictionary`2 count=2568, now System.Collections.Concurrent.ConcurrentDictionary`2 count=70346
static Erp.Kernel.Http.UnitOfWorkFilter.MicroCache[/api/reports/lists/tenancy.companies?search=B2-BR1].Item1: was 10/08/2026 07:51:24, now 10/08/2026 08:20:10
static Erp.Kernel.Http.UnitOfWorkFilter.MicroCache[/api/reports/lists/tenancy.companies?groupBy=city].Item1: was 10/08/2026 07:51:30, now 10/08/2026 08:20:13
static Erp.Kernel.Http.UnitOfWorkFilter.MicroCache[/api/reports/run/tenancy.branchDirectory?company=018cc3a8-5c40-7827-85b2-8e767e4…].Item1: was 10/08/2026 07:51:35, now 10/08/2026 08:02:33
static Erp.Kernel.Http.UnitOfWorkFilter.MicroCache[/api/reports/run/tenancy.branchDirectory?company=018cc3a8-5c40-7827-85b2-8e767e4…].Item2: was Microsoft.AspNetCore.Http.HttpResults.Ok`1, now Microsoft.AspNetCore.Http.HttpResults.FileContentHttpResult
static Erp.Kernel.Http.UnitOfWorkFilter.MicroCache[/api/tenancy/companies?search=ayesha.haddad.20%40bravo-cnry1da37dc695.example].Item1: was 10/08/2026 07:51:45, now 10/08/2026 08:20:27
static Erp.Kernel.Http.UnitOfWorkFilter.MicroCache[/api/reports/lists/tenancy.access?search=bravocnry1da37dc695]: was System.ValueTuple`2, now gone
static Erp.Kernel.Http.UnitOfWorkFilter.MicroCache[/api/reports/lists/tenancy.access?search=bravocnry1da37dc695].Item1: was 10/08/2026 07:51:19, now gone
static Erp.Kernel.Http.UnitOfWorkFilter.MicroCache[/api/reports/lists/tenancy.access?search=bravocnry1da37dc695].Item2: was Microsoft.AspNetCore.Http.HttpResults.Ok`1, now gone
static Erp.Kernel.Http.UnitOfWorkFilter.MicroCache[/api/reports/lists/tenancy.branches?search=01a11a7e-5741-702d-85e5-c3cbdf1e4b68].Item1: was 10/08/2026 07:51:21, now 10/08/2026 08:20:06
static Erp.Kernel.Http.UnitOfWorkFilter.MicroCache[/api/tenancy/branches?search=%D8%A7%D9%84%D8%AA%D8%AC%D8%A7%D8%B1%D8%A9%20%D9%81…].Item1: was 10/08/2026 07:51:43, now 10/08/2026 08:20:25
static Erp.Kernel.Http.UnitOfWorkFilter.MicroCache[/api/reports/lists/identity.roles?search=Activity%20CNRY1DA37DC695%205].Item1: was 10/08/2026 07:51:06, now 10/08/2026 08:19:56
static Erp.Kernel.Http.UnitOfWorkFilter.MicroCache[/api/reports/lists/tenancy.companies?search=01a11a7e-45e0-798d-9960-19e3754d4397]: was System.ValueTuple`2, now gone
static Erp.Kernel.Http.UnitOfWorkFilter.MicroCache[/api/reports/lists/tenancy.companies?search=01a11a7e-45e0-798d-9960-19e3754d4397].Item1: was 10/08/2026 07:51:24, now gone
static Erp.Kernel.Http.UnitOfWorkFilter.MicroCache[/api/reports/lists/tenancy.companies?search=01a11a7e-45e0-798d-9960-19e3754d4397].Item2: was Microsoft.AspNetCore.Http.HttpResults.Ok`1, now gone
static Erp.Kernel.Http.UnitOfWorkFilter.MicroCache[/api/reports/lists/tenancy.companies?search=50bf6f4a8cfe01facc2d569efe3c5ac1a86d…].Item1: was 10/08/2026 07:51:25, now 10/08/2026 08:20:10
static Erp.Kernel.Http.UnitOfWorkFilter.MicroCache[/api/reports/run/identity.roleSummary?language=ar].Item1: was 10/08/2026 07:51:31, now 10/08/2026 08:20:14
static Erp.Kernel.Http.UnitOfWorkFilter.MicroCache[/api/tenancy/companies?search=12345-B82E-167].Item1: was 10/08/2026 07:51:45, now 10/08/2026 08:20:27
static Erp.Kernel.Http.UnitOfWorkFilter.MicroCache[/api/identity/users?search=%D8%B9%D9%85%D8%B1%20%D8%A7%D9%84%D8%B8%D8%A7%D9%87%D…].Item1: was 10/08/2026 07:51:01, now 10/08/2026 08:19:53
static Erp.Kernel.Http.UnitOfWorkFilter.MicroCache[/api/reports/lists/tenancy.branches?search=Activity%20CNRY1DA37DC695%20169]: was System.ValueTuple`2, now gone
static Erp.Kernel.Http.UnitOfWorkFilter.MicroCache[/api/reports/lists/tenancy.branches?search=Activity%20CNRY1DA37DC695%20169].Item1: was 10/08/2026 07:51:21, now gone
static Erp.Kernel.Http.UnitOfWorkFilter.MicroCache[/api/reports/lists/tenancy.branches?search=Activity%20CNRY1DA37DC695%20169].Item2: was Microsoft.AspNetCore.Http.HttpResults.Ok`1, now gone
static Erp.Kernel.Http.UnitOfWorkFilter.MicroCache[/api/identity/roles?search=AN-DXB-B82E-172].Item1: was 10/08/2026 07:50:59, now 10/08/2026 08:19:52
static Erp.Kernel.Http.UnitOfWorkFilter.MicroCache[/api/identity/roles?search=pbkdf2-sha512%24210000%24Z9TpBZpbeOxKGuMdRl6fBg%3D%3D…].Item1: was 10/08/2026 07:50:59, now 10/08/2026 08:19:51
static Erp.Kernel.Http.UnitOfWorkFilter.MicroCache[/api/reports/lists/tenancy.companies?search=%D9%86%D8%B4%D8%A7%D8%B7%20CNRY1DA37…].Item1: was 10/08/2026 07:51:24, now 10/08/2026 08:20:10
static Erp.Kernel.Http.UnitOfWorkFilter.MicroCache[/api/tenancy/companies?search=activity4%40bravo-cnry1da37dc695.example]: was System.ValueTuple`2, now gone
static Erp.Kernel.Http.UnitOfWorkFilter.MicroCache[/api/tenancy/companies?search=activity4%40bravo-cnry1da37dc695.example].Item1: was 10/08/2026 07:51:45, now gone
static Erp.Kernel.Http.UnitOfWorkFilter.MicroCache[/api/tenancy/companies?search=activity4%40bravo-cnry1da37dc695.example].Item2: was Microsoft.AspNetCore.Http.HttpResults.Results`2, now gone
static Erp.Kernel.Http.UnitOfWorkFilter.MicroCache[/api/reports/lists/tenancy.branches?search=Activity%20CNRY1DA37DC695%20103].Item1: was 10/08/2026 07:51:21, now 10/08/2026 08:20:07
static Erp.Kernel.Http.UnitOfWorkFilter.MicroCache[/api/reports/lists/tenancy.access?search=12345-B82E-159]: was System.ValueTuple`2, now gone
  Stack Trace:
     at Erp.Gates.Tests.G1.G1HttpIsolationTests.Tenant_A_cannot_reach_tenant_B_through_any_endpoint() in /work/tests/Erp.Gates.Tests/G1/G1HttpIsolationTests.cs:line 148
--- End of stack trace from previous location ---
  Standard Output Messages:
 routes, tenant headers and guessed queries: 169740 requests so far, 273.9 s
 tenant switch inputs: 19 headers, 33 query names, 3 cookies, 35 body names: 180938 requests so far, 345.8 s
 write after write: 84 pairs over 51 endpoints, 324 pairs with 104 documented values, 18482 tenant A requests: 180938 requests so far, 604.2 s
 answer shapes: 10 endpoints, 441 shapes, 1427 tenant B and 841 tenant A requests: 181790 requests so far, 634.3 s
 tenant B values in route and query parameters: 362042 requests so far, 1251.3 s
 registered lists through their query contract: 16309 attacks, 29377 requests: 391419 requests so far, 1416.4 s
 list answers judged against each tenant's own rows: 552 queries, 0 with different true answers, 14527 rows walked; process-wide state fingerprinted in 394670 lines from 79 roots: 391419 requests so far, 1557.9 s
 tenant B values in body fields: 421641 requests so far, 1681.1 s
 tenant B activity: 117902 requests (53904 concurrent with the attack), 1104 successful own writes, 117834 responses judged for tenant A markers: 421641 requests so far, 1720.3 s
 tenant B: 263 ids (54 sampled), 146 text values, 100 extra markers, 40 probe values
 514328 tenant bindings and 1028286 setting statements judged among 4423355 statements; 514328 tenant values judged, 4887323 statements observed with their parameters; 11198 tenant switch inputs over 19 header names; 344596 responses judged on every header
 10605 tenant B route values replayed, 8528 tenant B opens of the routes A was about to attack
 104 documented enumeration values sent, 324 enumeration-variant write pairs
 109 endpoints, 440123 requests, 409 tenant B values, 130399 parameter attacks, 30222 body value attacks, 71289 differential checks (4851 values tenant A holds itself not compared), 516264 traced lookups



Test Run Failed.
Total tests: 3
     Failed: 3
 Total time: 29.9680 Minutes
