Build succeeded.
    0 Warning(s)
    0 Error(s)

Time Elapsed 00:00:26.42
Test run for /work/tests/Erp.Gates.Tests/bin/Release/net10.0/Erp.Gates.Tests.dll (.NETCoreApp,Version=v10.0)
A total of 1 test files matched the specified pattern.
[xUnit.net 00:00:00.00] xUnit.net VSTest Adapter v3.1.5+1b188a7b0a (64-bit .NET 10.0.12)
[xUnit.net 00:00:00.25]   Discovering: Erp.Gates.Tests
[xUnit.net 00:00:00.65]   Discovered:  Erp.Gates.Tests
[xUnit.net 00:00:00.93]   Starting:    Erp.Gates.Tests
[xUnit.net 00:00:08.58]     Erp.Gates.Tests.G1.G1SignInThrottleTests.Sign_in_failures_give_one_answer_that_states_no_policy [FAIL]
[xUnit.net 00:00:08.58]       Assembly fixture type 'Erp.Gates.Tests.Infrastructure.GateFixture' threw in InitializeAsync
[xUnit.net 00:00:08.58]       ---- System.InvalidOperationException : Endpoint authorisation is incomplete:
[xUnit.net 00:00:08.58]       HTTP: DELETE /api/identity/me/preferences => ResetPreferences: declares no permission
[xUnit.net 00:00:08.58]       Stack Trace:
[xUnit.net 00:00:08.58]         
[xUnit.net 00:00:08.58]         ----- Inner Stack Trace -----
[xUnit.net 00:00:08.58]         /work/src/Kernel/Erp.Kernel/Hosting/ErpPlatform.cs(236,0): at Erp.Kernel.Hosting.ErpPlatform.ValidateEndpoints(WebApplication app)
[xUnit.net 00:00:08.58]         /work/src/Kernel/Erp.Kernel/Hosting/ErpPlatform.cs(202,0): at Erp.Kernel.Hosting.ErpPlatform.UseErpPlatform(WebApplication app)
[xUnit.net 00:00:08.58]         /work/src/Host/Erp.Host/Program.cs(8,0): at Program.<Main>$(String[] args)
[xUnit.net 00:00:08.58]            at Program.<Main>(String[] args)
[xUnit.net 00:00:08.58]            at System.Reflection.MethodBaseInvoker.InterpretedInvoke_Method(Object obj, IntPtr* args)
[xUnit.net 00:00:08.58]            at System.Reflection.MethodBaseInvoker.InvokeDirectByRefWithFewArgs(Object obj, Span`1 copyOfArgs, BindingFlags invokeAttr)
[xUnit.net 00:00:08.58]         --- End of stack trace from previous location ---
[xUnit.net 00:00:08.58]            at Microsoft.AspNetCore.Mvc.Testing.DeferredHostBuilder.DeferredHost.StartAsync(CancellationToken cancellationToken)
[xUnit.net 00:00:08.58]            at Microsoft.Extensions.Hosting.HostingAbstractionsHostExtensions.Start(IHost host)
[xUnit.net 00:00:08.58]            at Microsoft.AspNetCore.Mvc.Testing.WebApplicationFactory`1.CreateHost(IHostBuilder builder)
[xUnit.net 00:00:08.58]            at Microsoft.AspNetCore.Mvc.Testing.WebApplicationFactory`1.ConfigureHostBuilder(IHostBuilder hostBuilder)
[xUnit.net 00:00:08.58]            at Microsoft.AspNetCore.Mvc.Testing.WebApplicationFactory`1.StartServer()
[xUnit.net 00:00:08.58]            at Microsoft.AspNetCore.Mvc.Testing.WebApplicationFactory`1.get_Services()
[xUnit.net 00:00:08.58]         /work/tests/Erp.Testing/ErpTestEnvironment.cs(128,0): at Erp.Testing.ErpTestEnvironment.SeedAsync(TestDatabaseServer server, String database, SeedPlan plan, IDictionary`2 settings)
[xUnit.net 00:00:08.58]         /work/tests/Erp.Testing/ErpTestEnvironment.cs(138,0): at Erp.Testing.ErpTestEnvironment.SeedAsync(TestDatabaseServer server, String database, SeedPlan plan, IDictionary`2 settings)
[xUnit.net 00:00:08.58]         /work/tests/Erp.Testing/ErpTestEnvironment.cs(90,0): at Erp.Testing.ErpTestEnvironment.<>c__DisplayClass34_0.<<StartGateAsync>b__0>d.MoveNext()
[xUnit.net 00:00:08.58]         --- End of stack trace from previous location ---
[xUnit.net 00:00:08.58]         /work/tests/Erp.Testing/TestDatabaseServer.cs(156,0): at Erp.Testing.TestDatabaseServer.<>c__DisplayClass25_0.<<GateTemplateAsync>b__3>d.MoveNext()
[xUnit.net 00:00:08.58]         --- End of stack trace from previous location ---
[xUnit.net 00:00:08.58]         /work/tests/Erp.Testing/TestDatabaseServer.cs(161,0): at Erp.Testing.TestDatabaseServer.GateTemplateAsync(IDictionary`2 settings, Func`2 seed)
[xUnit.net 00:00:08.58]         /work/tests/Erp.Testing/ErpTestEnvironment.cs(87,0): at Erp.Testing.ErpTestEnvironment.StartGateAsync(IDictionary`2 settings)
[xUnit.net 00:00:08.58]         /work/tests/Erp.Gates.Tests/Infrastructure/GateFixture.cs(17,0): at Erp.Gates.Tests.Infrastructure.GateFixture.InitializeAsync()
[xUnit.net 00:00:08.60]     Erp.Gates.Tests.G1.G1SignInThrottleTests.Failed_sign_ins_from_one_client_never_lock_the_account_out_for_anyone_else [FAIL]
[xUnit.net 00:00:08.60]       Assembly fixture type 'Erp.Gates.Tests.Infrastructure.GateFixture' threw in InitializeAsync
[xUnit.net 00:00:08.60]       ---- System.InvalidOperationException : Endpoint authorisation is incomplete:
[xUnit.net 00:00:08.60]       HTTP: DELETE /api/identity/me/preferences => ResetPreferences: declares no permission
[xUnit.net 00:00:08.60]       Stack Trace:
[xUnit.net 00:00:08.60]         
[xUnit.net 00:00:08.60]         ----- Inner Stack Trace -----
[xUnit.net 00:00:08.60]         /work/src/Kernel/Erp.Kernel/Hosting/ErpPlatform.cs(236,0): at Erp.Kernel.Hosting.ErpPlatform.ValidateEndpoints(WebApplication app)
[xUnit.net 00:00:08.60]         /work/src/Kernel/Erp.Kernel/Hosting/ErpPlatform.cs(202,0): at Erp.Kernel.Hosting.ErpPlatform.UseErpPlatform(WebApplication app)
[xUnit.net 00:00:08.60]         /work/src/Host/Erp.Host/Program.cs(8,0): at Program.<Main>$(String[] args)
[xUnit.net 00:00:08.60]            at Program.<Main>(String[] args)
[xUnit.net 00:00:08.60]            at System.Reflection.MethodBaseInvoker.InterpretedInvoke_Method(Object obj, IntPtr* args)
[xUnit.net 00:00:08.60]            at System.Reflection.MethodBaseInvoker.InvokeDirectByRefWithFewArgs(Object obj, Span`1 copyOfArgs, BindingFlags invokeAttr)
[xUnit.net 00:00:08.60]         --- End of stack trace from previous location ---
[xUnit.net 00:00:08.60]            at Microsoft.AspNetCore.Mvc.Testing.DeferredHostBuilder.DeferredHost.StartAsync(CancellationToken cancellationToken)
[xUnit.net 00:00:08.60]            at Microsoft.Extensions.Hosting.HostingAbstractionsHostExtensions.Start(IHost host)
[xUnit.net 00:00:08.60]            at Microsoft.AspNetCore.Mvc.Testing.WebApplicationFactory`1.CreateHost(IHostBuilder builder)
[xUnit.net 00:00:08.60]            at Microsoft.AspNetCore.Mvc.Testing.WebApplicationFactory`1.ConfigureHostBuilder(IHostBuilder hostBuilder)
[xUnit.net 00:00:08.60]            at Microsoft.AspNetCore.Mvc.Testing.WebApplicationFactory`1.StartServer()
[xUnit.net 00:00:08.60]            at Microsoft.AspNetCore.Mvc.Testing.WebApplicationFactory`1.get_Services()
[xUnit.net 00:00:08.60]         /work/tests/Erp.Testing/ErpTestEnvironment.cs(128,0): at Erp.Testing.ErpTestEnvironment.SeedAsync(TestDatabaseServer server, String database, SeedPlan plan, IDictionary`2 settings)
[xUnit.net 00:00:08.60]         /work/tests/Erp.Testing/ErpTestEnvironment.cs(138,0): at Erp.Testing.ErpTestEnvironment.SeedAsync(TestDatabaseServer server, String database, SeedPlan plan, IDictionary`2 settings)
[xUnit.net 00:00:08.60]         /work/tests/Erp.Testing/ErpTestEnvironment.cs(90,0): at Erp.Testing.ErpTestEnvironment.<>c__DisplayClass34_0.<<StartGateAsync>b__0>d.MoveNext()
[xUnit.net 00:00:08.60]         --- End of stack trace from previous location ---
[xUnit.net 00:00:08.60]         /work/tests/Erp.Testing/TestDatabaseServer.cs(156,0): at Erp.Testing.TestDatabaseServer.<>c__DisplayClass25_0.<<GateTemplateAsync>b__3>d.MoveNext()
[xUnit.net 00:00:08.60]         --- End of stack trace from previous location ---
[xUnit.net 00:00:08.60]         /work/tests/Erp.Testing/TestDatabaseServer.cs(161,0): at Erp.Testing.TestDatabaseServer.GateTemplateAsync(IDictionary`2 settings, Func`2 seed)
[xUnit.net 00:00:08.60]         /work/tests/Erp.Testing/ErpTestEnvironment.cs(87,0): at Erp.Testing.ErpTestEnvironment.StartGateAsync(IDictionary`2 settings)
[xUnit.net 00:00:08.60]         /work/tests/Erp.Gates.Tests/Infrastructure/GateFixture.cs(17,0): at Erp.Gates.Tests.Infrastructure.GateFixture.InitializeAsync()
[xUnit.net 00:00:08.60]     Erp.Gates.Tests.G2.G2SubjectTests.An_action_on_the_caller_never_acts_on_another_user_the_request_names [FAIL]
[xUnit.net 00:00:08.60]       Assembly fixture type 'Erp.Gates.Tests.Infrastructure.GateFixture' threw in InitializeAsync
[xUnit.net 00:00:08.60]       ---- System.InvalidOperationException : Endpoint authorisation is incomplete:
[xUnit.net 00:00:08.60]       HTTP: DELETE /api/identity/me/preferences => ResetPreferences: declares no permission
[xUnit.net 00:00:08.60]       Stack Trace:
[xUnit.net 00:00:08.60]         
[xUnit.net 00:00:08.60]         ----- Inner Stack Trace -----
[xUnit.net 00:00:08.60]         /work/src/Kernel/Erp.Kernel/Hosting/ErpPlatform.cs(236,0): at Erp.Kernel.Hosting.ErpPlatform.ValidateEndpoints(WebApplication app)
[xUnit.net 00:00:08.60]         /work/src/Kernel/Erp.Kernel/Hosting/ErpPlatform.cs(202,0): at Erp.Kernel.Hosting.ErpPlatform.UseErpPlatform(WebApplication app)
[xUnit.net 00:00:08.60]         /work/src/Host/Erp.Host/Program.cs(8,0): at Program.<Main>$(String[] args)
[xUnit.net 00:00:08.60]            at Program.<Main>(String[] args)
[xUnit.net 00:00:08.60]            at System.Reflection.MethodBaseInvoker.InterpretedInvoke_Method(Object obj, IntPtr* args)
[xUnit.net 00:00:08.60]            at System.Reflection.MethodBaseInvoker.InvokeDirectByRefWithFewArgs(Object obj, Span`1 copyOfArgs, BindingFlags invokeAttr)
[xUnit.net 00:00:08.61]         --- End of stack trace from previous location ---
[xUnit.net 00:00:08.61]            at Microsoft.AspNetCore.Mvc.Testing.DeferredHostBuilder.DeferredHost.StartAsync(CancellationToken cancellationToken)
[xUnit.net 00:00:08.61]            at Microsoft.Extensions.Hosting.HostingAbstractionsHostExtensions.Start(IHost host)
[xUnit.net 00:00:08.61]            at Microsoft.AspNetCore.Mvc.Testing.WebApplicationFactory`1.CreateHost(IHostBuilder builder)
[xUnit.net 00:00:08.61]            at Microsoft.AspNetCore.Mvc.Testing.WebApplicationFactory`1.ConfigureHostBuilder(IHostBuilder hostBuilder)
[xUnit.net 00:00:08.61]            at Microsoft.AspNetCore.Mvc.Testing.WebApplicationFactory`1.StartServer()
[xUnit.net 00:00:08.61]            at Microsoft.AspNetCore.Mvc.Testing.WebApplicationFactory`1.get_Services()
[xUnit.net 00:00:08.61]         /work/tests/Erp.Testing/ErpTestEnvironment.cs(128,0): at Erp.Testing.ErpTestEnvironment.SeedAsync(TestDatabaseServer server, String database, SeedPlan plan, IDictionary`2 settings)
[xUnit.net 00:00:08.61]         /work/tests/Erp.Testing/ErpTestEnvironment.cs(138,0): at Erp.Testing.ErpTestEnvironment.SeedAsync(TestDatabaseServer server, String database, SeedPlan plan, IDictionary`2 settings)
[xUnit.net 00:00:08.61]         /work/tests/Erp.Testing/ErpTestEnvironment.cs(90,0): at Erp.Testing.ErpTestEnvironment.<>c__DisplayClass34_0.<<StartGateAsync>b__0>d.MoveNext()
[xUnit.net 00:00:08.61]         --- End of stack trace from previous location ---
[xUnit.net 00:00:08.61]         /work/tests/Erp.Testing/TestDatabaseServer.cs(156,0): at Erp.Testing.TestDatabaseServer.<>c__DisplayClass25_0.<<GateTemplateAsync>b__3>d.MoveNext()
[xUnit.net 00:00:08.61]         --- End of stack trace from previous location ---
[xUnit.net 00:00:08.61]         /work/tests/Erp.Testing/TestDatabaseServer.cs(161,0): at Erp.Testing.TestDatabaseServer.GateTemplateAsync(IDictionary`2 settings, Func`2 seed)
[xUnit.net 00:00:08.61]         /work/tests/Erp.Testing/ErpTestEnvironment.cs(87,0): at Erp.Testing.ErpTestEnvironment.StartGateAsync(IDictionary`2 settings)
[xUnit.net 00:00:08.61]         /work/tests/Erp.Gates.Tests/Infrastructure/GateFixture.cs(17,0): at Erp.Gates.Tests.Infrastructure.GateFixture.InitializeAsync()
[xUnit.net 00:00:08.61]     Erp.Gates.Tests.G1.G1UniqueIndexTests.Unique_indexes_on_tenant_tables_include_the_tenant [FAIL]
[xUnit.net 00:00:08.61]       Assembly fixture type 'Erp.Gates.Tests.Infrastructure.GateFixture' threw in InitializeAsync
[xUnit.net 00:00:08.61]       ---- System.InvalidOperationException : Endpoint authorisation is incomplete:
[xUnit.net 00:00:08.61]       HTTP: DELETE /api/identity/me/preferences => ResetPreferences: declares no permission
[xUnit.net 00:00:08.61]       Stack Trace:
[xUnit.net 00:00:08.61]         
[xUnit.net 00:00:08.61]         ----- Inner Stack Trace -----
[xUnit.net 00:00:08.61]         /work/src/Kernel/Erp.Kernel/Hosting/ErpPlatform.cs(236,0): at Erp.Kernel.Hosting.ErpPlatform.ValidateEndpoints(WebApplication app)
[xUnit.net 00:00:08.61]         /work/src/Kernel/Erp.Kernel/Hosting/ErpPlatform.cs(202,0): at Erp.Kernel.Hosting.ErpPlatform.UseErpPlatform(WebApplication app)
[xUnit.net 00:00:08.61]         /work/src/Host/Erp.Host/Program.cs(8,0): at Program.<Main>$(String[] args)
[xUnit.net 00:00:08.61]            at Program.<Main>(String[] args)
[xUnit.net 00:00:08.61]            at System.Reflection.MethodBaseInvoker.InterpretedInvoke_Method(Object obj, IntPtr* args)
[xUnit.net 00:00:08.61]            at System.Reflection.MethodBaseInvoker.InvokeDirectByRefWithFewArgs(Object obj, Span`1 copyOfArgs, BindingFlags invokeAttr)
[xUnit.net 00:00:08.61]         --- End of stack trace from previous location ---
[xUnit.net 00:00:08.61]            at Microsoft.AspNetCore.Mvc.Testing.DeferredHostBuilder.DeferredHost.StartAsync(CancellationToken cancellationToken)
[xUnit.net 00:00:08.61]            at Microsoft.Extensions.Hosting.HostingAbstractionsHostExtensions.Start(IHost host)
[xUnit.net 00:00:08.61]            at Microsoft.AspNetCore.Mvc.Testing.WebApplicationFactory`1.CreateHost(IHostBuilder builder)
[xUnit.net 00:00:08.61]            at Microsoft.AspNetCore.Mvc.Testing.WebApplicationFactory`1.ConfigureHostBuilder(IHostBuilder hostBuilder)
[xUnit.net 00:00:08.61]            at Microsoft.AspNetCore.Mvc.Testing.WebApplicationFactory`1.StartServer()
[xUnit.net 00:00:08.61]            at Microsoft.AspNetCore.Mvc.Testing.WebApplicationFactory`1.get_Services()
[xUnit.net 00:00:08.61]         /work/tests/Erp.Testing/ErpTestEnvironment.cs(128,0): at Erp.Testing.ErpTestEnvironment.SeedAsync(TestDatabaseServer server, String database, SeedPlan plan, IDictionary`2 settings)
[xUnit.net 00:00:08.61]         /work/tests/Erp.Testing/ErpTestEnvironment.cs(138,0): at Erp.Testing.ErpTestEnvironment.SeedAsync(TestDatabaseServer server, String database, SeedPlan plan, IDictionary`2 settings)
[xUnit.net 00:00:08.61]         /work/tests/Erp.Testing/ErpTestEnvironment.cs(90,0): at Erp.Testing.ErpTestEnvironment.<>c__DisplayClass34_0.<<StartGateAsync>b__0>d.MoveNext()
[xUnit.net 00:00:08.61]         --- End of stack trace from previous location ---
[xUnit.net 00:00:08.61]         /work/tests/Erp.Testing/TestDatabaseServer.cs(156,0): at Erp.Testing.TestDatabaseServer.<>c__DisplayClass25_0.<<GateTemplateAsync>b__3>d.MoveNext()
[xUnit.net 00:00:08.61]         --- End of stack trace from previous location ---
[xUnit.net 00:00:08.61]         /work/tests/Erp.Testing/TestDatabaseServer.cs(161,0): at Erp.Testing.TestDatabaseServer.GateTemplateAsync(IDictionary`2 settings, Func`2 seed)
[xUnit.net 00:00:08.61]         /work/tests/Erp.Testing/ErpTestEnvironment.cs(87,0): at Erp.Testing.ErpTestEnvironment.StartGateAsync(IDictionary`2 settings)
[xUnit.net 00:00:08.61]         /work/tests/Erp.Gates.Tests/Infrastructure/GateFixture.cs(17,0): at Erp.Gates.Tests.Infrastructure.GateFixture.InitializeAsync()
[xUnit.net 00:00:08.61]     Erp.Gates.Tests.Rules.LicenceGateTests.The_font_check_catches_an_unreviewed_font_changed_bytes_and_a_missing_licence [FAIL]
[xUnit.net 00:00:08.61]       Assembly fixture type 'Erp.Gates.Tests.Infrastructure.GateFixture' threw in InitializeAsync
[xUnit.net 00:00:08.61]       ---- System.InvalidOperationException : Endpoint authorisation is incomplete:
[xUnit.net 00:00:08.61]       HTTP: DELETE /api/identity/me/preferences => ResetPreferences: declares no permission
[xUnit.net 00:00:08.61]       Stack Trace:
[xUnit.net 00:00:08.61]         
[xUnit.net 00:00:08.61]         ----- Inner Stack Trace -----
[xUnit.net 00:00:08.61]         /work/src/Kernel/Erp.Kernel/Hosting/ErpPlatform.cs(236,0): at Erp.Kernel.Hosting.ErpPlatform.ValidateEndpoints(WebApplication app)
[xUnit.net 00:00:08.61]         /work/src/Kernel/Erp.Kernel/Hosting/ErpPlatform.cs(202,0): at Erp.Kernel.Hosting.ErpPlatform.UseErpPlatform(WebApplication app)
[xUnit.net 00:00:08.61]         /work/src/Host/Erp.Host/Program.cs(8,0): at Program.<Main>$(String[] args)
[xUnit.net 00:00:08.61]            at Program.<Main>(String[] args)
[xUnit.net 00:00:08.61]            at System.Reflection.MethodBaseInvoker.InterpretedInvoke_Method(Object obj, IntPtr* args)
[xUnit.net 00:00:08.62]            at System.Reflection.MethodBaseInvoker.InvokeDirectByRefWithFewArgs(Object obj, Span`1 copyOfArgs, BindingFlags invokeAttr)
[xUnit.net 00:00:08.62]         --- End of stack trace from previous location ---
[xUnit.net 00:00:08.62]            at Microsoft.AspNetCore.Mvc.Testing.DeferredHostBuilder.DeferredHost.StartAsync(CancellationToken cancellationToken)
[xUnit.net 00:00:08.62]            at Microsoft.Extensions.Hosting.HostingAbstractionsHostExtensions.Start(IHost host)
[xUnit.net 00:00:08.62]            at Microsoft.AspNetCore.Mvc.Testing.WebApplicationFactory`1.CreateHost(IHostBuilder builder)
[xUnit.net 00:00:08.62]            at Microsoft.AspNetCore.Mvc.Testing.WebApplicationFactory`1.ConfigureHostBuilder(IHostBuilder hostBuilder)
[xUnit.net 00:00:08.62]            at Microsoft.AspNetCore.Mvc.Testing.WebApplicationFactory`1.StartServer()
[xUnit.net 00:00:08.62]            at Microsoft.AspNetCore.Mvc.Testing.WebApplicationFactory`1.get_Services()
[xUnit.net 00:00:08.62]         /work/tests/Erp.Testing/ErpTestEnvironment.cs(128,0): at Erp.Testing.ErpTestEnvironment.SeedAsync(TestDatabaseServer server, String database, SeedPlan plan, IDictionary`2 settings)
[xUnit.net 00:00:08.62]         /work/tests/Erp.Testing/ErpTestEnvironment.cs(138,0): at Erp.Testing.ErpTestEnvironment.SeedAsync(TestDatabaseServer server, String database, SeedPlan plan, IDictionary`2 settings)
[xUnit.net 00:00:08.62]         /work/tests/Erp.Testing/ErpTestEnvironment.cs(90,0): at Erp.Testing.ErpTestEnvironment.<>c__DisplayClass34_0.<<StartGateAsync>b__0>d.MoveNext()
[xUnit.net 00:00:08.62]         --- End of stack trace from previous location ---
[xUnit.net 00:00:08.62]         /work/tests/Erp.Testing/TestDatabaseServer.cs(156,0): at Erp.Testing.TestDatabaseServer.<>c__DisplayClass25_0.<<GateTemplateAsync>b__3>d.MoveNext()
[xUnit.net 00:00:08.62]         --- End of stack trace from previous location ---
[xUnit.net 00:00:08.62]         /work/tests/Erp.Testing/TestDatabaseServer.cs(161,0): at Erp.Testing.TestDatabaseServer.GateTemplateAsync(IDictionary`2 settings, Func`2 seed)
[xUnit.net 00:00:08.62]         /work/tests/Erp.Testing/ErpTestEnvironment.cs(87,0): at Erp.Testing.ErpTestEnvironment.StartGateAsync(IDictionary`2 settings)
[xUnit.net 00:00:08.62]         /work/tests/Erp.Gates.Tests/Infrastructure/GateFixture.cs(17,0): at Erp.Gates.Tests.Infrastructure.GateFixture.InitializeAsync()
[xUnit.net 00:00:08.62]     Erp.Gates.Tests.Rules.LicenceGateTests.Every_font_file_in_the_repository_is_reviewed_with_its_licence_beside_it [FAIL]
[xUnit.net 00:00:08.62]       Assembly fixture type 'Erp.Gates.Tests.Infrastructure.GateFixture' threw in InitializeAsync
[xUnit.net 00:00:08.62]       ---- System.InvalidOperationException : Endpoint authorisation is incomplete:
[xUnit.net 00:00:08.62]       HTTP: DELETE /api/identity/me/preferences => ResetPreferences: declares no permission
[xUnit.net 00:00:08.62]       Stack Trace:
[xUnit.net 00:00:08.62]         
[xUnit.net 00:00:08.62]         ----- Inner Stack Trace -----
[xUnit.net 00:00:08.62]         /work/src/Kernel/Erp.Kernel/Hosting/ErpPlatform.cs(236,0): at Erp.Kernel.Hosting.ErpPlatform.ValidateEndpoints(WebApplication app)
[xUnit.net 00:00:08.62]         /work/src/Kernel/Erp.Kernel/Hosting/ErpPlatform.cs(202,0): at Erp.Kernel.Hosting.ErpPlatform.UseErpPlatform(WebApplication app)
[xUnit.net 00:00:08.62]         /work/src/Host/Erp.Host/Program.cs(8,0): at Program.<Main>$(String[] args)
[xUnit.net 00:00:08.62]            at Program.<Main>(String[] args)
[xUnit.net 00:00:08.62]            at System.Reflection.MethodBaseInvoker.InterpretedInvoke_Method(Object obj, IntPtr* args)
[xUnit.net 00:00:08.62]            at System.Reflection.MethodBaseInvoker.InvokeDirectByRefWithFewArgs(Object obj, Span`1 copyOfArgs, BindingFlags invokeAttr)
[xUnit.net 00:00:08.62]         --- End of stack trace from previous location ---
[xUnit.net 00:00:08.62]            at Microsoft.AspNetCore.Mvc.Testing.DeferredHostBuilder.DeferredHost.StartAsync(CancellationToken cancellationToken)
[xUnit.net 00:00:08.62]            at Microsoft.Extensions.Hosting.HostingAbstractionsHostExtensions.Start(IHost host)
[xUnit.net 00:00:08.62]            at Microsoft.AspNetCore.Mvc.Testing.WebApplicationFactory`1.CreateHost(IHostBuilder builder)
[xUnit.net 00:00:08.62]            at Microsoft.AspNetCore.Mvc.Testing.WebApplicationFactory`1.ConfigureHostBuilder(IHostBuilder hostBuilder)
[xUnit.net 00:00:08.62]            at Microsoft.AspNetCore.Mvc.Testing.WebApplicationFactory`1.StartServer()
[xUnit.net 00:00:08.62]            at Microsoft.AspNetCore.Mvc.Testing.WebApplicationFactory`1.get_Services()
[xUnit.net 00:00:08.62]         /work/tests/Erp.Testing/ErpTestEnvironment.cs(128,0): at Erp.Testing.ErpTestEnvironment.SeedAsync(TestDatabaseServer server, String database, SeedPlan plan, IDictionary`2 settings)
[xUnit.net 00:00:08.62]         /work/tests/Erp.Testing/ErpTestEnvironment.cs(138,0): at Erp.Testing.ErpTestEnvironment.SeedAsync(TestDatabaseServer server, String database, SeedPlan plan, IDictionary`2 settings)
[xUnit.net 00:00:08.62]         /work/tests/Erp.Testing/ErpTestEnvironment.cs(90,0): at Erp.Testing.ErpTestEnvironment.<>c__DisplayClass34_0.<<StartGateAsync>b__0>d.MoveNext()
[xUnit.net 00:00:08.62]         --- End of stack trace from previous location ---
[xUnit.net 00:00:08.62]         /work/tests/Erp.Testing/TestDatabaseServer.cs(156,0): at Erp.Testing.TestDatabaseServer.<>c__DisplayClass25_0.<<GateTemplateAsync>b__3>d.MoveNext()
[xUnit.net 00:00:08.62]         --- End of stack trace from previous location ---
[xUnit.net 00:00:08.62]         /work/tests/Erp.Testing/TestDatabaseServer.cs(161,0): at Erp.Testing.TestDatabaseServer.GateTemplateAsync(IDictionary`2 settings, Func`2 seed)
[xUnit.net 00:00:08.62]         /work/tests/Erp.Testing/ErpTestEnvironment.cs(87,0): at Erp.Testing.ErpTestEnvironment.StartGateAsync(IDictionary`2 settings)
[xUnit.net 00:00:08.62]         /work/tests/Erp.Gates.Tests/Infrastructure/GateFixture.cs(17,0): at Erp.Gates.Tests.Infrastructure.GateFixture.InitializeAsync()
[xUnit.net 00:00:08.62]     Erp.Gates.Tests.Rules.LicenceGateTests.Every_npm_package_has_an_allowed_licence [FAIL]
[xUnit.net 00:00:08.62]       Assembly fixture type 'Erp.Gates.Tests.Infrastructure.GateFixture' threw in InitializeAsync
[xUnit.net 00:00:08.62]       ---- System.InvalidOperationException : Endpoint authorisation is incomplete:
[xUnit.net 00:00:08.62]       HTTP: DELETE /api/identity/me/preferences => ResetPreferences: declares no permission
[xUnit.net 00:00:08.62]       Stack Trace:
[xUnit.net 00:00:08.62]         
[xUnit.net 00:00:08.62]         ----- Inner Stack Trace -----
[xUnit.net 00:00:08.62]         /work/src/Kernel/Erp.Kernel/Hosting/ErpPlatform.cs(236,0): at Erp.Kernel.Hosting.ErpPlatform.ValidateEndpoints(WebApplication app)
[xUnit.net 00:00:08.62]         /work/src/Kernel/Erp.Kernel/Hosting/ErpPlatform.cs(202,0): at Erp.Kernel.Hosting.ErpPlatform.UseErpPlatform(WebApplication app)
[xUnit.net 00:00:08.62]         /work/src/Host/Erp.Host/Program.cs(8,0): at Program.<Main>$(String[] args)
[xUnit.net 00:00:08.63]            at Program.<Main>(String[] args)
[xUnit.net 00:00:08.63]            at System.Reflection.MethodBaseInvoker.InterpretedInvoke_Method(Object obj, IntPtr* args)
[xUnit.net 00:00:08.63]            at System.Reflection.MethodBaseInvoker.InvokeDirectByRefWithFewArgs(Object obj, Span`1 copyOfArgs, BindingFlags invokeAttr)
[xUnit.net 00:00:08.63]         --- End of stack trace from previous location ---
[xUnit.net 00:00:08.63]            at Microsoft.AspNetCore.Mvc.Testing.DeferredHostBuilder.DeferredHost.StartAsync(CancellationToken cancellationToken)
[xUnit.net 00:00:08.63]            at Microsoft.Extensions.Hosting.HostingAbstractionsHostExtensions.Start(IHost host)
[xUnit.net 00:00:08.63]            at Microsoft.AspNetCore.Mvc.Testing.WebApplicationFactory`1.CreateHost(IHostBuilder builder)
[xUnit.net 00:00:08.63]            at Microsoft.AspNetCore.Mvc.Testing.WebApplicationFactory`1.ConfigureHostBuilder(IHostBuilder hostBuilder)
[xUnit.net 00:00:08.63]            at Microsoft.AspNetCore.Mvc.Testing.WebApplicationFactory`1.StartServer()
[xUnit.net 00:00:08.63]            at Microsoft.AspNetCore.Mvc.Testing.WebApplicationFactory`1.get_Services()
[xUnit.net 00:00:08.63]         /work/tests/Erp.Testing/ErpTestEnvironment.cs(128,0): at Erp.Testing.ErpTestEnvironment.SeedAsync(TestDatabaseServer server, String database, SeedPlan plan, IDictionary`2 settings)
[xUnit.net 00:00:08.63]         /work/tests/Erp.Testing/ErpTestEnvironment.cs(138,0): at Erp.Testing.ErpTestEnvironment.SeedAsync(TestDatabaseServer server, String database, SeedPlan plan, IDictionary`2 settings)
[xUnit.net 00:00:08.63]         /work/tests/Erp.Testing/ErpTestEnvironment.cs(90,0): at Erp.Testing.ErpTestEnvironment.<>c__DisplayClass34_0.<<StartGateAsync>b__0>d.MoveNext()
[xUnit.net 00:00:08.63]         --- End of stack trace from previous location ---
[xUnit.net 00:00:08.63]         /work/tests/Erp.Testing/TestDatabaseServer.cs(156,0): at Erp.Testing.TestDatabaseServer.<>c__DisplayClass25_0.<<GateTemplateAsync>b__3>d.MoveNext()
[xUnit.net 00:00:08.63]         --- End of stack trace from previous location ---
[xUnit.net 00:00:08.63]         /work/tests/Erp.Testing/TestDatabaseServer.cs(161,0): at Erp.Testing.TestDatabaseServer.GateTemplateAsync(IDictionary`2 settings, Func`2 seed)
[xUnit.net 00:00:08.63]         /work/tests/Erp.Testing/ErpTestEnvironment.cs(87,0): at Erp.Testing.ErpTestEnvironment.StartGateAsync(IDictionary`2 settings)
[xUnit.net 00:00:08.63]         /work/tests/Erp.Gates.Tests/Infrastructure/GateFixture.cs(17,0): at Erp.Gates.Tests.Infrastructure.GateFixture.InitializeAsync()
[xUnit.net 00:00:08.63]     Erp.Gates.Tests.Rules.LicenceGateTests.Every_NuGet_package_has_an_allowed_licence [FAIL]
[xUnit.net 00:00:08.63]       Assembly fixture type 'Erp.Gates.Tests.Infrastructure.GateFixture' threw in InitializeAsync
[xUnit.net 00:00:08.63]       ---- System.InvalidOperationException : Endpoint authorisation is incomplete:
[xUnit.net 00:00:08.63]       HTTP: DELETE /api/identity/me/preferences => ResetPreferences: declares no permission
[xUnit.net 00:00:08.63]       Stack Trace:
[xUnit.net 00:00:08.63]         
[xUnit.net 00:00:08.63]         ----- Inner Stack Trace -----
[xUnit.net 00:00:08.63]         /work/src/Kernel/Erp.Kernel/Hosting/ErpPlatform.cs(236,0): at Erp.Kernel.Hosting.ErpPlatform.ValidateEndpoints(WebApplication app)
[xUnit.net 00:00:08.63]         /work/src/Kernel/Erp.Kernel/Hosting/ErpPlatform.cs(202,0): at Erp.Kernel.Hosting.ErpPlatform.UseErpPlatform(WebApplication app)
[xUnit.net 00:00:08.63]         /work/src/Host/Erp.Host/Program.cs(8,0): at Program.<Main>$(String[] args)
[xUnit.net 00:00:08.63]            at Program.<Main>(String[] args)
[xUnit.net 00:00:08.63]            at System.Reflection.MethodBaseInvoker.InterpretedInvoke_Method(Object obj, IntPtr* args)
[xUnit.net 00:00:08.63]            at System.Reflection.MethodBaseInvoker.InvokeDirectByRefWithFewArgs(Object obj, Span`1 copyOfArgs, BindingFlags invokeAttr)
[xUnit.net 00:00:08.63]         --- End of stack trace from previous location ---
[xUnit.net 00:00:08.63]            at Microsoft.AspNetCore.Mvc.Testing.DeferredHostBuilder.DeferredHost.StartAsync(CancellationToken cancellationToken)
[xUnit.net 00:00:08.63]            at Microsoft.Extensions.Hosting.HostingAbstractionsHostExtensions.Start(IHost host)
[xUnit.net 00:00:08.63]            at Microsoft.AspNetCore.Mvc.Testing.WebApplicationFactory`1.CreateHost(IHostBuilder builder)
[xUnit.net 00:00:08.63]            at Microsoft.AspNetCore.Mvc.Testing.WebApplicationFactory`1.ConfigureHostBuilder(IHostBuilder hostBuilder)
[xUnit.net 00:00:08.63]            at Microsoft.AspNetCore.Mvc.Testing.WebApplicationFactory`1.StartServer()
[xUnit.net 00:00:08.63]            at Microsoft.AspNetCore.Mvc.Testing.WebApplicationFactory`1.get_Services()
[xUnit.net 00:00:08.63]         /work/tests/Erp.Testing/ErpTestEnvironment.cs(128,0): at Erp.Testing.ErpTestEnvironment.SeedAsync(TestDatabaseServer server, String database, SeedPlan plan, IDictionary`2 settings)
[xUnit.net 00:00:08.63]         /work/tests/Erp.Testing/ErpTestEnvironment.cs(138,0): at Erp.Testing.ErpTestEnvironment.SeedAsync(TestDatabaseServer server, String database, SeedPlan plan, IDictionary`2 settings)
[xUnit.net 00:00:08.63]         /work/tests/Erp.Testing/ErpTestEnvironment.cs(90,0): at Erp.Testing.ErpTestEnvironment.<>c__DisplayClass34_0.<<StartGateAsync>b__0>d.MoveNext()
[xUnit.net 00:00:08.63]         --- End of stack trace from previous location ---
[xUnit.net 00:00:08.63]         /work/tests/Erp.Testing/TestDatabaseServer.cs(156,0): at Erp.Testing.TestDatabaseServer.<>c__DisplayClass25_0.<<GateTemplateAsync>b__3>d.MoveNext()
[xUnit.net 00:00:08.63]         --- End of stack trace from previous location ---
[xUnit.net 00:00:08.63]         /work/tests/Erp.Testing/TestDatabaseServer.cs(161,0): at Erp.Testing.TestDatabaseServer.GateTemplateAsync(IDictionary`2 settings, Func`2 seed)
[xUnit.net 00:00:08.63]         /work/tests/Erp.Testing/ErpTestEnvironment.cs(87,0): at Erp.Testing.ErpTestEnvironment.StartGateAsync(IDictionary`2 settings)
[xUnit.net 00:00:08.63]         /work/tests/Erp.Gates.Tests/Infrastructure/GateFixture.cs(17,0): at Erp.Gates.Tests.Infrastructure.GateFixture.InitializeAsync()
[xUnit.net 00:00:08.63]     Erp.Gates.Tests.G1.G1ClientStateTests.The_carrier_inventory_finds_the_planted_cookie_and_window_name [FAIL]
[xUnit.net 00:00:08.63]       Assembly fixture type 'Erp.Gates.Tests.Infrastructure.GateFixture' threw in InitializeAsync
[xUnit.net 00:00:08.63]       ---- System.InvalidOperationException : Endpoint authorisation is incomplete:
[xUnit.net 00:00:08.63]       HTTP: DELETE /api/identity/me/preferences => ResetPreferences: declares no permission
[xUnit.net 00:00:08.63]       Stack Trace:
[xUnit.net 00:00:08.63]         
[xUnit.net 00:00:08.63]         ----- Inner Stack Trace -----
[xUnit.net 00:00:08.63]         /work/src/Kernel/Erp.Kernel/Hosting/ErpPlatform.cs(236,0): at Erp.Kernel.Hosting.ErpPlatform.ValidateEndpoints(WebApplication app)
[xUnit.net 00:00:08.63]         /work/src/Kernel/Erp.Kernel/Hosting/ErpPlatform.cs(202,0): at Erp.Kernel.Hosting.ErpPlatform.UseErpPlatform(WebApplication app)
[xUnit.net 00:00:08.63]         /work/src/Host/Erp.Host/Program.cs(8,0): at Program.<Main>$(String[] args)
[xUnit.net 00:00:08.63]            at Program.<Main>(String[] args)
[xUnit.net 00:00:08.63]            at System.Reflection.MethodBaseInvoker.InterpretedInvoke_Method(Object obj, IntPtr* args)
[xUnit.net 00:00:08.63]            at System.Reflection.MethodBaseInvoker.InvokeDirectByRefWithFewArgs(Object obj, Span`1 copyOfArgs, BindingFlags invokeAttr)
[xUnit.net 00:00:08.63]         --- End of stack trace from previous location ---
[xUnit.net 00:00:08.63]            at Microsoft.AspNetCore.Mvc.Testing.DeferredHostBuilder.DeferredHost.StartAsync(CancellationToken cancellationToken)
[xUnit.net 00:00:08.63]            at Microsoft.Extensions.Hosting.HostingAbstractionsHostExtensions.Start(IHost host)
[xUnit.net 00:00:08.63]            at Microsoft.AspNetCore.Mvc.Testing.WebApplicationFactory`1.CreateHost(IHostBuilder builder)
[xUnit.net 00:00:08.63]            at Microsoft.AspNetCore.Mvc.Testing.WebApplicationFactory`1.ConfigureHostBuilder(IHostBuilder hostBuilder)
[xUnit.net 00:00:08.63]            at Microsoft.AspNetCore.Mvc.Testing.WebApplicationFactory`1.StartServer()
[xUnit.net 00:00:08.63]            at Microsoft.AspNetCore.Mvc.Testing.WebApplicationFactory`1.get_Services()
[xUnit.net 00:00:08.63]         /work/tests/Erp.Testing/ErpTestEnvironment.cs(128,0): at Erp.Testing.ErpTestEnvironment.SeedAsync(TestDatabaseServer server, String database, SeedPlan plan, IDictionary`2 settings)
[xUnit.net 00:00:08.63]         /work/tests/Erp.Testing/ErpTestEnvironment.cs(138,0): at Erp.Testing.ErpTestEnvironment.SeedAsync(TestDatabaseServer server, String database, SeedPlan plan, IDictionary`2 settings)
[xUnit.net 00:00:08.63]         /work/tests/Erp.Testing/ErpTestEnvironment.cs(90,0): at Erp.Testing.ErpTestEnvironment.<>c__DisplayClass34_0.<<StartGateAsync>b__0>d.MoveNext()
[xUnit.net 00:00:08.63]         --- End of stack trace from previous location ---
[xUnit.net 00:00:08.63]         /work/tests/Erp.Testing/TestDatabaseServer.cs(156,0): at Erp.Testing.TestDatabaseServer.<>c__DisplayClass25_0.<<GateTemplateAsync>b__3>d.MoveNext()
[xUnit.net 00:00:08.63]         --- End of stack trace from previous location ---
[xUnit.net 00:00:08.63]         /work/tests/Erp.Testing/TestDatabaseServer.cs(161,0): at Erp.Testing.TestDatabaseServer.GateTemplateAsync(IDictionary`2 settings, Func`2 seed)
[xUnit.net 00:00:08.63]         /work/tests/Erp.Testing/ErpTestEnvironment.cs(87,0): at Erp.Testing.ErpTestEnvironment.StartGateAsync(IDictionary`2 settings)
[xUnit.net 00:00:08.63]         /work/tests/Erp.Gates.Tests/Infrastructure/GateFixture.cs(17,0): at Erp.Gates.Tests.Infrastructure.GateFixture.InitializeAsync()
  Failed Erp.Gates.Tests.G1.G1SignInThrottleTests.Sign_in_failures_give_one_answer_that_states_no_policy [1 ms]
  Error Message:
   Assembly fixture type 'Erp.Gates.Tests.Infrastructure.GateFixture' threw in InitializeAsync
---- System.InvalidOperationException : Endpoint authorisation is incomplete:
HTTP: DELETE /api/identity/me/preferences => ResetPreferences: declares no permission
  Stack Trace:
  
----- Inner Stack Trace -----
   at Erp.Kernel.Hosting.ErpPlatform.ValidateEndpoints(WebApplication app) in /work/src/Kernel/Erp.Kernel/Hosting/ErpPlatform.cs:line 236
   at Erp.Kernel.Hosting.ErpPlatform.UseErpPlatform(WebApplication app) in /work/src/Kernel/Erp.Kernel/Hosting/ErpPlatform.cs:line 202
   at Program.<Main>$(String[] args) in /work/src/Host/Erp.Host/Program.cs:line 8
   at Program.<Main>(String[] args)
   at System.Reflection.MethodBaseInvoker.InterpretedInvoke_Method(Object obj, IntPtr* args)
   at System.Reflection.MethodBaseInvoker.InvokeDirectByRefWithFewArgs(Object obj, Span`1 copyOfArgs, BindingFlags invokeAttr)
--- End of stack trace from previous location ---
   at Microsoft.AspNetCore.Mvc.Testing.DeferredHostBuilder.DeferredHost.StartAsync(CancellationToken cancellationToken)
   at Microsoft.Extensions.Hosting.HostingAbstractionsHostExtensions.Start(IHost host)
   at Microsoft.AspNetCore.Mvc.Testing.WebApplicationFactory`1.CreateHost(IHostBuilder builder)
   at Microsoft.AspNetCore.Mvc.Testing.WebApplicationFactory`1.ConfigureHostBuilder(IHostBuilder hostBuilder)
   at Microsoft.AspNetCore.Mvc.Testing.WebApplicationFactory`1.StartServer()
   at Microsoft.AspNetCore.Mvc.Testing.WebApplicationFactory`1.get_Services()
   at Erp.Testing.ErpTestEnvironment.SeedAsync(TestDatabaseServer server, String database, SeedPlan plan, IDictionary`2 settings) in /work/tests/Erp.Testing/ErpTestEnvironment.cs:line 128
   at Erp.Testing.ErpTestEnvironment.SeedAsync(TestDatabaseServer server, String database, SeedPlan plan, IDictionary`2 settings) in /work/tests/Erp.Testing/ErpTestEnvironment.cs:line 138
   at Erp.Testing.ErpTestEnvironment.<>c__DisplayClass34_0.<<StartGateAsync>b__0>d.MoveNext() in /work/tests/Erp.Testing/ErpTestEnvironment.cs:line 90
--- End of stack trace from previous location ---
   at Erp.Testing.TestDatabaseServer.<>c__DisplayClass25_0.<<GateTemplateAsync>b__3>d.MoveNext() in /work/tests/Erp.Testing/TestDatabaseServer.cs:line 156
--- End of stack trace from previous location ---
   at Erp.Testing.TestDatabaseServer.GateTemplateAsync(IDictionary`2 settings, Func`2 seed) in /work/tests/Erp.Testing/TestDatabaseServer.cs:line 161
   at Erp.Testing.ErpTestEnvironment.StartGateAsync(IDictionary`2 settings) in /work/tests/Erp.Testing/ErpTestEnvironment.cs:line 87
   at Erp.Gates.Tests.Infrastructure.GateFixture.InitializeAsync() in /work/tests/Erp.Gates.Tests/Infrastructure/GateFixture.cs:line 17
  Failed Erp.Gates.Tests.G1.G1SignInThrottleTests.Failed_sign_ins_from_one_client_never_lock_the_account_out_for_anyone_else [1 ms]
  Error Message:
   Assembly fixture type 'Erp.Gates.Tests.Infrastructure.GateFixture' threw in InitializeAsync
---- System.InvalidOperationException : Endpoint authorisation is incomplete:
HTTP: DELETE /api/identity/me/preferences => ResetPreferences: declares no permission
  Stack Trace:
  
----- Inner Stack Trace -----
   at Erp.Kernel.Hosting.ErpPlatform.ValidateEndpoints(WebApplication app) in /work/src/Kernel/Erp.Kernel/Hosting/ErpPlatform.cs:line 236
   at Erp.Kernel.Hosting.ErpPlatform.UseErpPlatform(WebApplication app) in /work/src/Kernel/Erp.Kernel/Hosting/ErpPlatform.cs:line 202
   at Program.<Main>$(String[] args) in /work/src/Host/Erp.Host/Program.cs:line 8
   at Program.<Main>(String[] args)
   at System.Reflection.MethodBaseInvoker.InterpretedInvoke_Method(Object obj, IntPtr* args)
   at System.Reflection.MethodBaseInvoker.InvokeDirectByRefWithFewArgs(Object obj, Span`1 copyOfArgs, BindingFlags invokeAttr)
--- End of stack trace from previous location ---
   at Microsoft.AspNetCore.Mvc.Testing.DeferredHostBuilder.DeferredHost.StartAsync(CancellationToken cancellationToken)
   at Microsoft.Extensions.Hosting.HostingAbstractionsHostExtensions.Start(IHost host)
   at Microsoft.AspNetCore.Mvc.Testing.WebApplicationFactory`1.CreateHost(IHostBuilder builder)
   at Microsoft.AspNetCore.Mvc.Testing.WebApplicationFactory`1.ConfigureHostBuilder(IHostBuilder hostBuilder)
   at Microsoft.AspNetCore.Mvc.Testing.WebApplicationFactory`1.StartServer()
   at Microsoft.AspNetCore.Mvc.Testing.WebApplicationFactory`1.get_Services()
   at Erp.Testing.ErpTestEnvironment.SeedAsync(TestDatabaseServer server, String database, SeedPlan plan, IDictionary`2 settings) in /work/tests/Erp.Testing/ErpTestEnvironment.cs:line 128
   at Erp.Testing.ErpTestEnvironment.SeedAsync(TestDatabaseServer server, String database, SeedPlan plan, IDictionary`2 settings) in /work/tests/Erp.Testing/ErpTestEnvironment.cs:line 138
   at Erp.Testing.ErpTestEnvironment.<>c__DisplayClass34_0.<<StartGateAsync>b__0>d.MoveNext() in /work/tests/Erp.Testing/ErpTestEnvironment.cs:line 90
--- End of stack trace from previous location ---
   at Erp.Testing.TestDatabaseServer.<>c__DisplayClass25_0.<<GateTemplateAsync>b__3>d.MoveNext() in /work/tests/Erp.Testing/TestDatabaseServer.cs:line 156
--- End of stack trace from previous location ---
   at Erp.Testing.TestDatabaseServer.GateTemplateAsync(IDictionary`2 settings, Func`2 seed) in /work/tests/Erp.Testing/TestDatabaseServer.cs:line 161
   at Erp.Testing.ErpTestEnvironment.StartGateAsync(IDictionary`2 settings) in /work/tests/Erp.Testing/ErpTestEnvironment.cs:line 87
   at Erp.Gates.Tests.Infrastructure.GateFixture.InitializeAsync() in /work/tests/Erp.Gates.Tests/Infrastructure/GateFixture.cs:line 17
  Failed Erp.Gates.Tests.G2.G2SubjectTests.An_action_on_the_caller_never_acts_on_another_user_the_request_names [1 ms]
  Error Message:
   Assembly fixture type 'Erp.Gates.Tests.Infrastructure.GateFixture' threw in InitializeAsync
---- System.InvalidOperationException : Endpoint authorisation is incomplete:
HTTP: DELETE /api/identity/me/preferences => ResetPreferences: declares no permission
  Stack Trace:
  
----- Inner Stack Trace -----
   at Erp.Kernel.Hosting.ErpPlatform.ValidateEndpoints(WebApplication app) in /work/src/Kernel/Erp.Kernel/Hosting/ErpPlatform.cs:line 236
   at Erp.Kernel.Hosting.ErpPlatform.UseErpPlatform(WebApplication app) in /work/src/Kernel/Erp.Kernel/Hosting/ErpPlatform.cs:line 202
   at Program.<Main>$(String[] args) in /work/src/Host/Erp.Host/Program.cs:line 8
   at Program.<Main>(String[] args)
   at System.Reflection.MethodBaseInvoker.InterpretedInvoke_Method(Object obj, IntPtr* args)
   at System.Reflection.MethodBaseInvoker.InvokeDirectByRefWithFewArgs(Object obj, Span`1 copyOfArgs, BindingFlags invokeAttr)
--- End of stack trace from previous location ---
   at Microsoft.AspNetCore.Mvc.Testing.DeferredHostBuilder.DeferredHost.StartAsync(CancellationToken cancellationToken)
   at Microsoft.Extensions.Hosting.HostingAbstractionsHostExtensions.Start(IHost host)
   at Microsoft.AspNetCore.Mvc.Testing.WebApplicationFactory`1.CreateHost(IHostBuilder builder)
   at Microsoft.AspNetCore.Mvc.Testing.WebApplicationFactory`1.ConfigureHostBuilder(IHostBuilder hostBuilder)
   at Microsoft.AspNetCore.Mvc.Testing.WebApplicationFactory`1.StartServer()
   at Microsoft.AspNetCore.Mvc.Testing.WebApplicationFactory`1.get_Services()
   at Erp.Testing.ErpTestEnvironment.SeedAsync(TestDatabaseServer server, String database, SeedPlan plan, IDictionary`2 settings) in /work/tests/Erp.Testing/ErpTestEnvironment.cs:line 128
   at Erp.Testing.ErpTestEnvironment.SeedAsync(TestDatabaseServer server, String database, SeedPlan plan, IDictionary`2 settings) in /work/tests/Erp.Testing/ErpTestEnvironment.cs:line 138
   at Erp.Testing.ErpTestEnvironment.<>c__DisplayClass34_0.<<StartGateAsync>b__0>d.MoveNext() in /work/tests/Erp.Testing/ErpTestEnvironment.cs:line 90
--- End of stack trace from previous location ---
   at Erp.Testing.TestDatabaseServer.<>c__DisplayClass25_0.<<GateTemplateAsync>b__3>d.MoveNext() in /work/tests/Erp.Testing/TestDatabaseServer.cs:line 156
--- End of stack trace from previous location ---
   at Erp.Testing.TestDatabaseServer.GateTemplateAsync(IDictionary`2 settings, Func`2 seed) in /work/tests/Erp.Testing/TestDatabaseServer.cs:line 161
   at Erp.Testing.ErpTestEnvironment.StartGateAsync(IDictionary`2 settings) in /work/tests/Erp.Testing/ErpTestEnvironment.cs:line 87
   at Erp.Gates.Tests.Infrastructure.GateFixture.InitializeAsync() in /work/tests/Erp.Gates.Tests/Infrastructure/GateFixture.cs:line 17
  Failed Erp.Gates.Tests.G1.G1UniqueIndexTests.Unique_indexes_on_tenant_tables_include_the_tenant [1 ms]
  Error Message:
   Assembly fixture type 'Erp.Gates.Tests.Infrastructure.GateFixture' threw in InitializeAsync
---- System.InvalidOperationException : Endpoint authorisation is incomplete:
HTTP: DELETE /api/identity/me/preferences => ResetPreferences: declares no permission
  Stack Trace:
  
----- Inner Stack Trace -----
   at Erp.Kernel.Hosting.ErpPlatform.ValidateEndpoints(WebApplication app) in /work/src/Kernel/Erp.Kernel/Hosting/ErpPlatform.cs:line 236
   at Erp.Kernel.Hosting.ErpPlatform.UseErpPlatform(WebApplication app) in /work/src/Kernel/Erp.Kernel/Hosting/ErpPlatform.cs:line 202
   at Program.<Main>$(String[] args) in /work/src/Host/Erp.Host/Program.cs:line 8
   at Program.<Main>(String[] args)
   at System.Reflection.MethodBaseInvoker.InterpretedInvoke_Method(Object obj, IntPtr* args)
   at System.Reflection.MethodBaseInvoker.InvokeDirectByRefWithFewArgs(Object obj, Span`1 copyOfArgs, BindingFlags invokeAttr)
--- End of stack trace from previous location ---
   at Microsoft.AspNetCore.Mvc.Testing.DeferredHostBuilder.DeferredHost.StartAsync(CancellationToken cancellationToken)
   at Microsoft.Extensions.Hosting.HostingAbstractionsHostExtensions.Start(IHost host)
   at Microsoft.AspNetCore.Mvc.Testing.WebApplicationFactory`1.CreateHost(IHostBuilder builder)
   at Microsoft.AspNetCore.Mvc.Testing.WebApplicationFactory`1.ConfigureHostBuilder(IHostBuilder hostBuilder)
   at Microsoft.AspNetCore.Mvc.Testing.WebApplicationFactory`1.StartServer()
   at Microsoft.AspNetCore.Mvc.Testing.WebApplicationFactory`1.get_Services()
   at Erp.Testing.ErpTestEnvironment.SeedAsync(TestDatabaseServer server, String database, SeedPlan plan, IDictionary`2 settings) in /work/tests/Erp.Testing/ErpTestEnvironment.cs:line 128
   at Erp.Testing.ErpTestEnvironment.SeedAsync(TestDatabaseServer server, String database, SeedPlan plan, IDictionary`2 settings) in /work/tests/Erp.Testing/ErpTestEnvironment.cs:line 138
   at Erp.Testing.ErpTestEnvironment.<>c__DisplayClass34_0.<<StartGateAsync>b__0>d.MoveNext() in /work/tests/Erp.Testing/ErpTestEnvironment.cs:line 90
--- End of stack trace from previous location ---
   at Erp.Testing.TestDatabaseServer.<>c__DisplayClass25_0.<<GateTemplateAsync>b__3>d.MoveNext() in /work/tests/Erp.Testing/TestDatabaseServer.cs:line 156
--- End of stack trace from previous location ---
   at Erp.Testing.TestDatabaseServer.GateTemplateAsync(IDictionary`2 settings, Func`2 seed) in /work/tests/Erp.Testing/TestDatabaseServer.cs:line 161
   at Erp.Testing.ErpTestEnvironment.StartGateAsync(IDictionary`2 settings) in /work/tests/Erp.Testing/ErpTestEnvironment.cs:line 87
   at Erp.Gates.Tests.Infrastructure.GateFixture.InitializeAsync() in /work/tests/Erp.Gates.Tests/Infrastructure/GateFixture.cs:line 17
  Failed Erp.Gates.Tests.Rules.LicenceGateTests.The_font_check_catches_an_unreviewed_font_changed_bytes_and_a_missing_licence [1 ms]
  Error Message:
   Assembly fixture type 'Erp.Gates.Tests.Infrastructure.GateFixture' threw in InitializeAsync
---- System.InvalidOperationException : Endpoint authorisation is incomplete:
HTTP: DELETE /api/identity/me/preferences => ResetPreferences: declares no permission
  Stack Trace:
  
----- Inner Stack Trace -----
   at Erp.Kernel.Hosting.ErpPlatform.ValidateEndpoints(WebApplication app) in /work/src/Kernel/Erp.Kernel/Hosting/ErpPlatform.cs:line 236
   at Erp.Kernel.Hosting.ErpPlatform.UseErpPlatform(WebApplication app) in /work/src/Kernel/Erp.Kernel/Hosting/ErpPlatform.cs:line 202
   at Program.<Main>$(String[] args) in /work/src/Host/Erp.Host/Program.cs:line 8
   at Program.<Main>(String[] args)
   at System.Reflection.MethodBaseInvoker.InterpretedInvoke_Method(Object obj, IntPtr* args)
   at System.Reflection.MethodBaseInvoker.InvokeDirectByRefWithFewArgs(Object obj, Span`1 copyOfArgs, BindingFlags invokeAttr)
--- End of stack trace from previous location ---
   at Microsoft.AspNetCore.Mvc.Testing.DeferredHostBuilder.DeferredHost.StartAsync(CancellationToken cancellationToken)
   at Microsoft.Extensions.Hosting.HostingAbstractionsHostExtensions.Start(IHost host)
   at Microsoft.AspNetCore.Mvc.Testing.WebApplicationFactory`1.CreateHost(IHostBuilder builder)
   at Microsoft.AspNetCore.Mvc.Testing.WebApplicationFactory`1.ConfigureHostBuilder(IHostBuilder hostBuilder)
   at Microsoft.AspNetCore.Mvc.Testing.WebApplicationFactory`1.StartServer()
   at Microsoft.AspNetCore.Mvc.Testing.WebApplicationFactory`1.get_Services()
   at Erp.Testing.ErpTestEnvironment.SeedAsync(TestDatabaseServer server, String database, SeedPlan plan, IDictionary`2 settings) in /work/tests/Erp.Testing/ErpTestEnvironment.cs:line 128
   at Erp.Testing.ErpTestEnvironment.SeedAsync(TestDatabaseServer server, String database, SeedPlan plan, IDictionary`2 settings) in /work/tests/Erp.Testing/ErpTestEnvironment.cs:line 138
   at Erp.Testing.ErpTestEnvironment.<>c__DisplayClass34_0.<<StartGateAsync>b__0>d.MoveNext() in /work/tests/Erp.Testing/ErpTestEnvironment.cs:line 90
--- End of stack trace from previous location ---
   at Erp.Testing.TestDatabaseServer.<>c__DisplayClass25_0.<<GateTemplateAsync>b__3>d.MoveNext() in /work/tests/Erp.Testing/TestDatabaseServer.cs:line 156
--- End of stack trace from previous location ---
   at Erp.Testing.TestDatabaseServer.GateTemplateAsync(IDictionary`2 settings, Func`2 seed) in /work/tests/Erp.Testing/TestDatabaseServer.cs:line 161
   at Erp.Testing.ErpTestEnvironment.StartGateAsync(IDictionary`2 settings) in /work/tests/Erp.Testing/ErpTestEnvironment.cs:line 87
   at Erp.Gates.Tests.Infrastructure.GateFixture.InitializeAsync() in /work/tests/Erp.Gates.Tests/Infrastructure/GateFixture.cs:line 17
  Failed Erp.Gates.Tests.Rules.LicenceGateTests.Every_font_file_in_the_repository_is_reviewed_with_its_licence_beside_it [1 ms]
  Error Message:
   Assembly fixture type 'Erp.Gates.Tests.Infrastructure.GateFixture' threw in InitializeAsync
---- System.InvalidOperationException : Endpoint authorisation is incomplete:
HTTP: DELETE /api/identity/me/preferences => ResetPreferences: declares no permission
  Stack Trace:
  
----- Inner Stack Trace -----
   at Erp.Kernel.Hosting.ErpPlatform.ValidateEndpoints(WebApplication app) in /work/src/Kernel/Erp.Kernel/Hosting/ErpPlatform.cs:line 236
   at Erp.Kernel.Hosting.ErpPlatform.UseErpPlatform(WebApplication app) in /work/src/Kernel/Erp.Kernel/Hosting/ErpPlatform.cs:line 202
   at Program.<Main>$(String[] args) in /work/src/Host/Erp.Host/Program.cs:line 8
   at Program.<Main>(String[] args)
   at System.Reflection.MethodBaseInvoker.InterpretedInvoke_Method(Object obj, IntPtr* args)
   at System.Reflection.MethodBaseInvoker.InvokeDirectByRefWithFewArgs(Object obj, Span`1 copyOfArgs, BindingFlags invokeAttr)
--- End of stack trace from previous location ---
   at Microsoft.AspNetCore.Mvc.Testing.DeferredHostBuilder.DeferredHost.StartAsync(CancellationToken cancellationToken)
   at Microsoft.Extensions.Hosting.HostingAbstractionsHostExtensions.Start(IHost host)
   at Microsoft.AspNetCore.Mvc.Testing.WebApplicationFactory`1.CreateHost(IHostBuilder builder)
   at Microsoft.AspNetCore.Mvc.Testing.WebApplicationFactory`1.ConfigureHostBuilder(IHostBuilder hostBuilder)
   at Microsoft.AspNetCore.Mvc.Testing.WebApplicationFactory`1.StartServer()
   at Microsoft.AspNetCore.Mvc.Testing.WebApplicationFactory`1.get_Services()
   at Erp.Testing.ErpTestEnvironment.SeedAsync(TestDatabaseServer server, String database, SeedPlan plan, IDictionary`2 settings) in /work/tests/Erp.Testing/ErpTestEnvironment.cs:line 128
   at Erp.Testing.ErpTestEnvironment.SeedAsync(TestDatabaseServer server, String database, SeedPlan plan, IDictionary`2 settings) in /work/tests/Erp.Testing/ErpTestEnvironment.cs:line 138
   at Erp.Testing.ErpTestEnvironment.<>c__DisplayClass34_0.<<StartGateAsync>b__0>d.MoveNext() in /work/tests/Erp.Testing/ErpTestEnvironment.cs:line 90
--- End of stack trace from previous location ---
   at Erp.Testing.TestDatabaseServer.<>c__DisplayClass25_0.<<GateTemplateAsync>b__3>d.MoveNext() in /work/tests/Erp.Testing/TestDatabaseServer.cs:line 156
--- End of stack trace from previous location ---
   at Erp.Testing.TestDatabaseServer.GateTemplateAsync(IDictionary`2 settings, Func`2 seed) in /work/tests/Erp.Testing/TestDatabaseServer.cs:line 161
   at Erp.Testing.ErpTestEnvironment.StartGateAsync(IDictionary`2 settings) in /work/tests/Erp.Testing/ErpTestEnvironment.cs:line 87
   at Erp.Gates.Tests.Infrastructure.GateFixture.InitializeAsync() in /work/tests/Erp.Gates.Tests/Infrastructure/GateFixture.cs:line 17
  Failed Erp.Gates.Tests.Rules.LicenceGateTests.Every_npm_package_has_an_allowed_licence [1 ms]
  Error Message:
   Assembly fixture type 'Erp.Gates.Tests.Infrastructure.GateFixture' threw in InitializeAsync
---- System.InvalidOperationException : Endpoint authorisation is incomplete:
HTTP: DELETE /api/identity/me/preferences => ResetPreferences: declares no permission
  Stack Trace:
  
----- Inner Stack Trace -----
   at Erp.Kernel.Hosting.ErpPlatform.ValidateEndpoints(WebApplication app) in /work/src/Kernel/Erp.Kernel/Hosting/ErpPlatform.cs:line 236
   at Erp.Kernel.Hosting.ErpPlatform.UseErpPlatform(WebApplication app) in /work/src/Kernel/Erp.Kernel/Hosting/ErpPlatform.cs:line 202
   at Program.<Main>$(String[] args) in /work/src/Host/Erp.Host/Program.cs:line 8
   at Program.<Main>(String[] args)
   at System.Reflection.MethodBaseInvoker.InterpretedInvoke_Method(Object obj, IntPtr* args)
   at System.Reflection.MethodBaseInvoker.InvokeDirectByRefWithFewArgs(Object obj, Span`1 copyOfArgs, BindingFlags invokeAttr)
--- End of stack trace from previous location ---
   at Microsoft.AspNetCore.Mvc.Testing.DeferredHostBuilder.DeferredHost.StartAsync(CancellationToken cancellationToken)
   at Microsoft.Extensions.Hosting.HostingAbstractionsHostExtensions.Start(IHost host)
   at Microsoft.AspNetCore.Mvc.Testing.WebApplicationFactory`1.CreateHost(IHostBuilder builder)
   at Microsoft.AspNetCore.Mvc.Testing.WebApplicationFactory`1.ConfigureHostBuilder(IHostBuilder hostBuilder)
   at Microsoft.AspNetCore.Mvc.Testing.WebApplicationFactory`1.StartServer()
   at Microsoft.AspNetCore.Mvc.Testing.WebApplicationFactory`1.get_Services()
   at Erp.Testing.ErpTestEnvironment.SeedAsync(TestDatabaseServer server, String database, SeedPlan plan, IDictionary`2 settings) in /work/tests/Erp.Testing/ErpTestEnvironment.cs:line 128
   at Erp.Testing.ErpTestEnvironment.SeedAsync(TestDatabaseServer server, String database, SeedPlan plan, IDictionary`2 settings) in /work/tests/Erp.Testing/ErpTestEnvironment.cs:line 138
   at Erp.Testing.ErpTestEnvironment.<>c__DisplayClass34_0.<<StartGateAsync>b__0>d.MoveNext() in /work/tests/Erp.Testing/ErpTestEnvironment.cs:line 90
--- End of stack trace from previous location ---
   at Erp.Testing.TestDatabaseServer.<>c__DisplayClass25_0.<<GateTemplateAsync>b__3>d.MoveNext() in /work/tests/Erp.Testing/TestDatabaseServer.cs:line 156
--- End of stack trace from previous location ---
   at Erp.Testing.TestDatabaseServer.GateTemplateAsync(IDictionary`2 settings, Func`2 seed) in /work/tests/Erp.Testing/TestDatabaseServer.cs:line 161
   at Erp.Testing.ErpTestEnvironment.StartGateAsync(IDictionary`2 settings) in /work/tests/Erp.Testing/ErpTestEnvironment.cs:line 87
   at Erp.Gates.Tests.Infrastructure.GateFixture.InitializeAsync() in /work/tests/Erp.Gates.Tests/Infrastructure/GateFixture.cs:line 17
  Failed Erp.Gates.Tests.Rules.LicenceGateTests.Every_NuGet_package_has_an_allowed_licence [1 ms]
  Error Message:
   Assembly fixture type 'Erp.Gates.Tests.Infrastructure.GateFixture' threw in InitializeAsync
---- System.InvalidOperationException : Endpoint authorisation is incomplete:
HTTP: DELETE /api/identity/me/preferences => ResetPreferences: declares no permission
  Stack Trace:
  
----- Inner Stack Trace -----
   at Erp.Kernel.Hosting.ErpPlatform.ValidateEndpoints(WebApplication app) in /work/src/Kernel/Erp.Kernel/Hosting/ErpPlatform.cs:line 236
   at Erp.Kernel.Hosting.ErpPlatform.UseErpPlatform(WebApplication app) in /work/src/Kernel/Erp.Kernel/Hosting/ErpPlatform.cs:line 202
   at Program.<Main>$(String[] args) in /work/src/Host/Erp.Host/Program.cs:line 8
   at Program.<Main>(String[] args)
   at System.Reflection.MethodBaseInvoker.InterpretedInvoke_Method(Object obj, IntPtr* args)
   at System.Reflection.MethodBaseInvoker.InvokeDirectByRefWithFewArgs(Object obj, Span`1 copyOfArgs, BindingFlags invokeAttr)
--- End of stack trace from previous location ---
   at Microsoft.AspNetCore.Mvc.Testing.DeferredHostBuilder.DeferredHost.StartAsync(CancellationToken cancellationToken)
   at Microsoft.Extensions.Hosting.HostingAbstractionsHostExtensions.Start(IHost host)
   at Microsoft.AspNetCore.Mvc.Testing.WebApplicationFactory`1.CreateHost(IHostBuilder builder)
   at Microsoft.AspNetCore.Mvc.Testing.WebApplicationFactory`1.ConfigureHostBuilder(IHostBuilder hostBuilder)
   at Microsoft.AspNetCore.Mvc.Testing.WebApplicationFactory`1.StartServer()
   at Microsoft.AspNetCore.Mvc.Testing.WebApplicationFactory`1.get_Services()
   at Erp.Testing.ErpTestEnvironment.SeedAsync(TestDatabaseServer server, String database, SeedPlan plan, IDictionary`2 settings) in /work/tests/Erp.Testing/ErpTestEnvironment.cs:line 128
   at Erp.Testing.ErpTestEnvironment.SeedAsync(TestDatabaseServer server, String database, SeedPlan plan, IDictionary`2 settings) in /work/tests/Erp.Testing/ErpTestEnvironment.cs:line 138
   at Erp.Testing.ErpTestEnvironment.<>c__DisplayClass34_0.<<StartGateAsync>b__0>d.MoveNext() in /work/tests/Erp.Testing/ErpTestEnvironment.cs:line 90
--- End of stack trace from previous location ---
   at Erp.Testing.TestDatabaseServer.<>c__DisplayClass25_0.<<GateTemplateAsync>b__3>d.MoveNext() in /work/tests/Erp.Testing/TestDatabaseServer.cs:line 156
--- End of stack trace from previous location ---
   at Erp.Testing.TestDatabaseServer.GateTemplateAsync(IDictionary`2 settings, Func`2 seed) in /work/tests/Erp.Testing/TestDatabaseServer.cs:line 161
   at Erp.Testing.ErpTestEnvironment.StartGateAsync(IDictionary`2 settings) in /work/tests/Erp.Testing/ErpTestEnvironment.cs:line 87
   at Erp.Gates.Tests.Infrastructure.GateFixture.InitializeAsync() in /work/tests/Erp.Gates.Tests/Infrastructure/GateFixture.cs:line 17
  Failed Erp.Gates.Tests.G1.G1ClientStateTests.The_carrier_inventory_finds_the_planted_cookie_and_window_name [1 ms]
  Error Message:
   Assembly fixture type 'Erp.Gates.Tests.Infrastructure.GateFixture' threw in InitializeAsync
---- System.InvalidOperationException : Endpoint authorisation is incomplete:
HTTP: DELETE /api/identity/me/preferences => ResetPreferences: declares no permission
  Stack Trace:
  
----- Inner Stack Trace -----
   at Erp.Kernel.Hosting.ErpPlatform.ValidateEndpoints(WebApplication app) in /work/src/Kernel/Erp.Kernel/Hosting/ErpPlatform.cs:line 236
   at Erp.Kernel.Hosting.ErpPlatform.UseErpPlatform(WebApplication app) in /work/src/Kernel/Erp.Kernel/Hosting/ErpPlatform.cs:line 202
   at Program.<Main>$(String[] args) in /work/src/Host/Erp.Host/Program.cs:line 8
   at Program.<Main>(String[] args)
   at System.Reflection.MethodBaseInvoker.InterpretedInvoke_Method(Object obj, IntPtr* args)
   at System.Reflection.MethodBaseInvoker.InvokeDirectByRefWithFewArgs(Object obj, Span`1 copyOfArgs, BindingFlags invokeAttr)
--- End of stack trace from previous location ---
   at Microsoft.AspNetCore.Mvc.Testing.DeferredHostBuilder.DeferredHost.StartAsync(CancellationToken cancellationToken)
   at Microsoft.Extensions.Hosting.HostingAbstractionsHostExtensions.Start(IHost host)
   at Microsoft.AspNetCore.Mvc.Testing.WebApplicationFactory`1.CreateHost(IHostBuilder builder)
   at Microsoft.AspNetCore.Mvc.Testing.WebApplicationFactory`1.ConfigureHostBuilder(IHostBuilder hostBuilder)
   at Microsoft.AspNetCore.Mvc.Testing.WebApplicationFactory`1.StartServer()
   at Microsoft.AspNetCore.Mvc.Testing.WebApplicationFactory`1.get_Services()
   at Erp.Testing.ErpTestEnvironment.SeedAsync(TestDatabaseServer server, String database, SeedPlan plan, IDictionary`2 settings) in /work/tests/Erp.Testing/ErpTestEnvironment.cs:line 128
   at Erp.Testing.ErpTestEnvironment.SeedAsync(TestDatabaseServer server, String database, SeedPlan plan, IDictionary`2 settings) in /work/tests/Erp.Testing/ErpTestEnvironment.cs:line 138
   at Erp.Testing.ErpTestEnvironment.<>c__DisplayClass34_0.<<StartGateAsync>b__0>d.MoveNext() in /work/tests/Erp.Testing/ErpTestEnvironment.cs:line 90
--- End of stack trace from previous location ---
   at Erp.Testing.TestDatabaseServer.<>c__DisplayClass25_0.<<GateTemplateAsync>b__3>d.MoveNext() in /work/tests/Erp.Testing/TestDatabaseServer.cs:line 156
--- End of stack trace from previous location ---
   at Erp.Testing.TestDatabaseServer.GateTemplateAsync(IDictionary`2 settings, Func`2 seed) in /work/tests/Erp.Testing/TestDatabaseServer.cs:line 161
   at Erp.Testing.ErpTestEnvironment.StartGateAsync(IDictionary`2 settings) in /work/tests/Erp.Testing/ErpTestEnvironment.cs:line 87
   at Erp.Gates.Tests.Infrastructure.GateFixture.InitializeAsync() in /work/tests/Erp.Gates.Tests/Infrastructure/GateFixture.cs:line 17
[xUnit.net 00:00:08.64]     Erp.Gates.Tests.G1.G1ClientStateTests.Every_use_of_a_carrier_that_outlives_the_document_is_reviewed [FAIL]
[xUnit.net 00:00:08.64]       Assembly fixture type 'Erp.Gates.Tests.Infrastructure.GateFixture' threw in InitializeAsync
[xUnit.net 00:00:08.64]       ---- System.InvalidOperationException : Endpoint authorisation is incomplete:
[xUnit.net 00:00:08.64]       HTTP: DELETE /api/identity/me/preferences => ResetPreferences: declares no permission
[xUnit.net 00:00:08.64]       Stack Trace:
[xUnit.net 00:00:08.64]         
[xUnit.net 00:00:08.64]         ----- Inner Stack Trace -----
[xUnit.net 00:00:08.64]         /work/src/Kernel/Erp.Kernel/Hosting/ErpPlatform.cs(236,0): at Erp.Kernel.Hosting.ErpPlatform.ValidateEndpoints(WebApplication app)
[xUnit.net 00:00:08.64]         /work/src/Kernel/Erp.Kernel/Hosting/ErpPlatform.cs(202,0): at Erp.Kernel.Hosting.ErpPlatform.UseErpPlatform(WebApplication app)
[xUnit.net 00:00:08.64]         /work/src/Host/Erp.Host/Program.cs(8,0): at Program.<Main>$(String[] args)
[xUnit.net 00:00:08.64]            at Program.<Main>(String[] args)
[xUnit.net 00:00:08.64]            at System.Reflection.MethodBaseInvoker.InterpretedInvoke_Method(Object obj, IntPtr* args)
[xUnit.net 00:00:08.64]            at System.Reflection.MethodBaseInvoker.InvokeDirectByRefWithFewArgs(Object obj, Span`1 copyOfArgs, BindingFlags invokeAttr)
[xUnit.net 00:00:08.64]         --- End of stack trace from previous location ---
[xUnit.net 00:00:08.64]            at Microsoft.AspNetCore.Mvc.Testing.DeferredHostBuilder.DeferredHost.StartAsync(CancellationToken cancellationToken)
[xUnit.net 00:00:08.64]            at Microsoft.Extensions.Hosting.HostingAbstractionsHostExtensions.Start(IHost host)
[xUnit.net 00:00:08.64]            at Microsoft.AspNetCore.Mvc.Testing.WebApplicationFactory`1.CreateHost(IHostBuilder builder)
[xUnit.net 00:00:08.64]            at Microsoft.AspNetCore.Mvc.Testing.WebApplicationFactory`1.ConfigureHostBuilder(IHostBuilder hostBuilder)
[xUnit.net 00:00:08.64]            at Microsoft.AspNetCore.Mvc.Testing.WebApplicationFactory`1.StartServer()
[xUnit.net 00:00:08.64]            at Microsoft.AspNetCore.Mvc.Testing.WebApplicationFactory`1.get_Services()
[xUnit.net 00:00:08.64]         /work/tests/Erp.Testing/ErpTestEnvironment.cs(128,0): at Erp.Testing.ErpTestEnvironment.SeedAsync(TestDatabaseServer server, String database, SeedPlan plan, IDictionary`2 settings)
[xUnit.net 00:00:08.64]         /work/tests/Erp.Testing/ErpTestEnvironment.cs(138,0): at Erp.Testing.ErpTestEnvironment.SeedAsync(TestDatabaseServer server, String database, SeedPlan plan, IDictionary`2 settings)
[xUnit.net 00:00:08.64]         /work/tests/Erp.Testing/ErpTestEnvironment.cs(90,0): at Erp.Testing.ErpTestEnvironment.<>c__DisplayClass34_0.<<StartGateAsync>b__0>d.MoveNext()
[xUnit.net 00:00:08.64]         --- End of stack trace from previous location ---
[xUnit.net 00:00:08.64]         /work/tests/Erp.Testing/TestDatabaseServer.cs(156,0): at Erp.Testing.TestDatabaseServer.<>c__DisplayClass25_0.<<GateTemplateAsync>b__3>d.MoveNext()
[xUnit.net 00:00:08.64]         --- End of stack trace from previous location ---
[xUnit.net 00:00:08.64]         /work/tests/Erp.Testing/TestDatabaseServer.cs(161,0): at Erp.Testing.TestDatabaseServer.GateTemplateAsync(IDictionary`2 settings, Func`2 seed)
[xUnit.net 00:00:08.64]         /work/tests/Erp.Testing/ErpTestEnvironment.cs(87,0): at Erp.Testing.ErpTestEnvironment.StartGateAsync(IDictionary`2 settings)
[xUnit.net 00:00:08.64]         /work/tests/Erp.Gates.Tests/Infrastructure/GateFixture.cs(17,0): at Erp.Gates.Tests.Infrastructure.GateFixture.InitializeAsync()
[xUnit.net 00:00:08.64]     Erp.Gates.Tests.G1.G1ClientStateTests.The_inventory_finds_planted_module_state [FAIL]
[xUnit.net 00:00:08.64]       Assembly fixture type 'Erp.Gates.Tests.Infrastructure.GateFixture' threw in InitializeAsync
[xUnit.net 00:00:08.64]       ---- System.InvalidOperationException : Endpoint authorisation is incomplete:
[xUnit.net 00:00:08.64]       HTTP: DELETE /api/identity/me/preferences => ResetPreferences: declares no permission
[xUnit.net 00:00:08.64]       Stack Trace:
[xUnit.net 00:00:08.64]         
[xUnit.net 00:00:08.64]         ----- Inner Stack Trace -----
[xUnit.net 00:00:08.64]         /work/src/Kernel/Erp.Kernel/Hosting/ErpPlatform.cs(236,0): at Erp.Kernel.Hosting.ErpPlatform.ValidateEndpoints(WebApplication app)
[xUnit.net 00:00:08.64]         /work/src/Kernel/Erp.Kernel/Hosting/ErpPlatform.cs(202,0): at Erp.Kernel.Hosting.ErpPlatform.UseErpPlatform(WebApplication app)
[xUnit.net 00:00:08.64]         /work/src/Host/Erp.Host/Program.cs(8,0): at Program.<Main>$(String[] args)
[xUnit.net 00:00:08.64]            at Program.<Main>(String[] args)
[xUnit.net 00:00:08.64]            at System.Reflection.MethodBaseInvoker.InterpretedInvoke_Method(Object obj, IntPtr* args)
[xUnit.net 00:00:08.64]            at System.Reflection.MethodBaseInvoker.InvokeDirectByRefWithFewArgs(Object obj, Span`1 copyOfArgs, BindingFlags invokeAttr)
[xUnit.net 00:00:08.64]         --- End of stack trace from previous location ---
[xUnit.net 00:00:08.64]            at Microsoft.AspNetCore.Mvc.Testing.DeferredHostBuilder.DeferredHost.StartAsync(CancellationToken cancellationToken)
[xUnit.net 00:00:08.64]            at Microsoft.Extensions.Hosting.HostingAbstractionsHostExtensions.Start(IHost host)
[xUnit.net 00:00:08.64]            at Microsoft.AspNetCore.Mvc.Testing.WebApplicationFactory`1.CreateHost(IHostBuilder builder)
[xUnit.net 00:00:08.64]            at Microsoft.AspNetCore.Mvc.Testing.WebApplicationFactory`1.ConfigureHostBuilder(IHostBuilder hostBuilder)
[xUnit.net 00:00:08.64]            at Microsoft.AspNetCore.Mvc.Testing.WebApplicationFactory`1.StartServer()
[xUnit.net 00:00:08.64]            at Microsoft.AspNetCore.Mvc.Testing.WebApplicationFactory`1.get_Services()
[xUnit.net 00:00:08.64]         /work/tests/Erp.Testing/ErpTestEnvironment.cs(128,0): at Erp.Testing.ErpTestEnvironment.SeedAsync(TestDatabaseServer server, String database, SeedPlan plan, IDictionary`2 settings)
[xUnit.net 00:00:08.64]         /work/tests/Erp.Testing/ErpTestEnvironment.cs(138,0): at Erp.Testing.ErpTestEnvironment.SeedAsync(TestDatabaseServer server, String database, SeedPlan plan, IDictionary`2 settings)
[xUnit.net 00:00:08.64]         /work/tests/Erp.Testing/ErpTestEnvironment.cs(90,0): at Erp.Testing.ErpTestEnvironment.<>c__DisplayClass34_0.<<StartGateAsync>b__0>d.MoveNext()
[xUnit.net 00:00:08.64]         --- End of stack trace from previous location ---
[xUnit.net 00:00:08.64]         /work/tests/Erp.Testing/TestDatabaseServer.cs(156,0): at Erp.Testing.TestDatabaseServer.<>c__DisplayClass25_0.<<GateTemplateAsync>b__3>d.MoveNext()
[xUnit.net 00:00:08.64]         --- End of stack trace from previous location ---
[xUnit.net 00:00:08.64]         /work/tests/Erp.Testing/TestDatabaseServer.cs(161,0): at Erp.Testing.TestDatabaseServer.GateTemplateAsync(IDictionary`2 settings, Func`2 seed)
[xUnit.net 00:00:08.64]         /work/tests/Erp.Testing/ErpTestEnvironment.cs(87,0): at Erp.Testing.ErpTestEnvironment.StartGateAsync(IDictionary`2 settings)
[xUnit.net 00:00:08.64]         /work/tests/Erp.Gates.Tests/Infrastructure/GateFixture.cs(17,0): at Erp.Gates.Tests.Infrastructure.GateFixture.InitializeAsync()
[xUnit.net 00:00:08.65]     Erp.Gates.Tests.G1.G1ClientStateTests.Every_piece_of_module_level_state_in_the_web_sources_is_reviewed [FAIL]
[xUnit.net 00:00:08.65]       Assembly fixture type 'Erp.Gates.Tests.Infrastructure.GateFixture' threw in InitializeAsync
[xUnit.net 00:00:08.65]       ---- System.InvalidOperationException : Endpoint authorisation is incomplete:
[xUnit.net 00:00:08.65]       HTTP: DELETE /api/identity/me/preferences => ResetPreferences: declares no permission
[xUnit.net 00:00:08.65]       Stack Trace:
[xUnit.net 00:00:08.65]         
[xUnit.net 00:00:08.65]         ----- Inner Stack Trace -----
[xUnit.net 00:00:08.65]         /work/src/Kernel/Erp.Kernel/Hosting/ErpPlatform.cs(236,0): at Erp.Kernel.Hosting.ErpPlatform.ValidateEndpoints(WebApplication app)
[xUnit.net 00:00:08.65]         /work/src/Kernel/Erp.Kernel/Hosting/ErpPlatform.cs(202,0): at Erp.Kernel.Hosting.ErpPlatform.UseErpPlatform(WebApplication app)
[xUnit.net 00:00:08.65]         /work/src/Host/Erp.Host/Program.cs(8,0): at Program.<Main>$(String[] args)
[xUnit.net 00:00:08.65]            at Program.<Main>(String[] args)
[xUnit.net 00:00:08.65]            at System.Reflection.MethodBaseInvoker.InterpretedInvoke_Method(Object obj, IntPtr* args)
[xUnit.net 00:00:08.65]            at System.Reflection.MethodBaseInvoker.InvokeDirectByRefWithFewArgs(Object obj, Span`1 copyOfArgs, BindingFlags invokeAttr)
[xUnit.net 00:00:08.65]         --- End of stack trace from previous location ---
[xUnit.net 00:00:08.65]            at Microsoft.AspNetCore.Mvc.Testing.DeferredHostBuilder.DeferredHost.StartAsync(CancellationToken cancellationToken)
[xUnit.net 00:00:08.65]            at Microsoft.Extensions.Hosting.HostingAbstractionsHostExtensions.Start(IHost host)
[xUnit.net 00:00:08.65]            at Microsoft.AspNetCore.Mvc.Testing.WebApplicationFactory`1.CreateHost(IHostBuilder builder)
[xUnit.net 00:00:08.65]            at Microsoft.AspNetCore.Mvc.Testing.WebApplicationFactory`1.ConfigureHostBuilder(IHostBuilder hostBuilder)
[xUnit.net 00:00:08.65]            at Microsoft.AspNetCore.Mvc.Testing.WebApplicationFactory`1.StartServer()
[xUnit.net 00:00:08.65]            at Microsoft.AspNetCore.Mvc.Testing.WebApplicationFactory`1.get_Services()
[xUnit.net 00:00:08.65]         /work/tests/Erp.Testing/ErpTestEnvironment.cs(128,0): at Erp.Testing.ErpTestEnvironment.SeedAsync(TestDatabaseServer server, String database, SeedPlan plan, IDictionary`2 settings)
[xUnit.net 00:00:08.65]         /work/tests/Erp.Testing/ErpTestEnvironment.cs(138,0): at Erp.Testing.ErpTestEnvironment.SeedAsync(TestDatabaseServer server, String database, SeedPlan plan, IDictionary`2 settings)
[xUnit.net 00:00:08.65]         /work/tests/Erp.Testing/ErpTestEnvironment.cs(90,0): at Erp.Testing.ErpTestEnvironment.<>c__DisplayClass34_0.<<StartGateAsync>b__0>d.MoveNext()
[xUnit.net 00:00:08.65]         --- End of stack trace from previous location ---
[xUnit.net 00:00:08.65]         /work/tests/Erp.Testing/TestDatabaseServer.cs(156,0): at Erp.Testing.TestDatabaseServer.<>c__DisplayClass25_0.<<GateTemplateAsync>b__3>d.MoveNext()
[xUnit.net 00:00:08.65]         --- End of stack trace from previous location ---
[xUnit.net 00:00:08.65]         /work/tests/Erp.Testing/TestDatabaseServer.cs(161,0): at Erp.Testing.TestDatabaseServer.GateTemplateAsync(IDictionary`2 settings, Func`2 seed)
[xUnit.net 00:00:08.65]         /work/tests/Erp.Testing/ErpTestEnvironment.cs(87,0): at Erp.Testing.ErpTestEnvironment.StartGateAsync(IDictionary`2 settings)
[xUnit.net 00:00:08.65]         /work/tests/Erp.Gates.Tests/Infrastructure/GateFixture.cs(17,0): at Erp.Gates.Tests.Infrastructure.GateFixture.InitializeAsync()
[xUnit.net 00:00:08.65]     Erp.Gates.Tests.G1.G1DatabaseIsolationTests.Audit_trail_is_append_only_for_the_application [FAIL]
[xUnit.net 00:00:08.65]       Assembly fixture type 'Erp.Gates.Tests.Infrastructure.GateFixture' threw in InitializeAsync
[xUnit.net 00:00:08.65]       ---- System.InvalidOperationException : Endpoint authorisation is incomplete:
[xUnit.net 00:00:08.65]       HTTP: DELETE /api/identity/me/preferences => ResetPreferences: declares no permission
[xUnit.net 00:00:08.65]       Stack Trace:
[xUnit.net 00:00:08.65]         
[xUnit.net 00:00:08.65]         ----- Inner Stack Trace -----
[xUnit.net 00:00:08.65]         /work/src/Kernel/Erp.Kernel/Hosting/ErpPlatform.cs(236,0): at Erp.Kernel.Hosting.ErpPlatform.ValidateEndpoints(WebApplication app)
[xUnit.net 00:00:08.65]         /work/src/Kernel/Erp.Kernel/Hosting/ErpPlatform.cs(202,0): at Erp.Kernel.Hosting.ErpPlatform.UseErpPlatform(WebApplication app)
[xUnit.net 00:00:08.65]         /work/src/Host/Erp.Host/Program.cs(8,0): at Program.<Main>$(String[] args)
[xUnit.net 00:00:08.65]            at Program.<Main>(String[] args)
[xUnit.net 00:00:08.65]            at System.Reflection.MethodBaseInvoker.InterpretedInvoke_Method(Object obj, IntPtr* args)
[xUnit.net 00:00:08.65]            at System.Reflection.MethodBaseInvoker.InvokeDirectByRefWithFewArgs(Object obj, Span`1 copyOfArgs, BindingFlags invokeAttr)
[xUnit.net 00:00:08.65]         --- End of stack trace from previous location ---
[xUnit.net 00:00:08.65]            at Microsoft.AspNetCore.Mvc.Testing.DeferredHostBuilder.DeferredHost.StartAsync(CancellationToken cancellationToken)
[xUnit.net 00:00:08.65]            at Microsoft.Extensions.Hosting.HostingAbstractionsHostExtensions.Start(IHost host)
[xUnit.net 00:00:08.65]            at Microsoft.AspNetCore.Mvc.Testing.WebApplicationFactory`1.CreateHost(IHostBuilder builder)
[xUnit.net 00:00:08.65]            at Microsoft.AspNetCore.Mvc.Testing.WebApplicationFactory`1.ConfigureHostBuilder(IHostBuilder hostBuilder)
[xUnit.net 00:00:08.65]            at Microsoft.AspNetCore.Mvc.Testing.WebApplicationFactory`1.StartServer()
[xUnit.net 00:00:08.65]            at Microsoft.AspNetCore.Mvc.Testing.WebApplicationFactory`1.get_Services()
[xUnit.net 00:00:08.65]         /work/tests/Erp.Testing/ErpTestEnvironment.cs(128,0): at Erp.Testing.ErpTestEnvironment.SeedAsync(TestDatabaseServer server, String database, SeedPlan plan, IDictionary`2 settings)
[xUnit.net 00:00:08.65]         /work/tests/Erp.Testing/ErpTestEnvironment.cs(138,0): at Erp.Testing.ErpTestEnvironment.SeedAsync(TestDatabaseServer server, String database, SeedPlan plan, IDictionary`2 settings)
[xUnit.net 00:00:08.65]         /work/tests/Erp.Testing/ErpTestEnvironment.cs(90,0): at Erp.Testing.ErpTestEnvironment.<>c__DisplayClass34_0.<<StartGateAsync>b__0>d.MoveNext()
[xUnit.net 00:00:08.65]         --- End of stack trace from previous location ---
[xUnit.net 00:00:08.65]         /work/tests/Erp.Testing/TestDatabaseServer.cs(156,0): at Erp.Testing.TestDatabaseServer.<>c__DisplayClass25_0.<<GateTemplateAsync>b__3>d.MoveNext()
[xUnit.net 00:00:08.65]         --- End of stack trace from previous location ---
[xUnit.net 00:00:08.65]         /work/tests/Erp.Testing/TestDatabaseServer.cs(161,0): at Erp.Testing.TestDatabaseServer.GateTemplateAsync(IDictionary`2 settings, Func`2 seed)
[xUnit.net 00:00:08.65]         /work/tests/Erp.Testing/ErpTestEnvironment.cs(87,0): at Erp.Testing.ErpTestEnvironment.StartGateAsync(IDictionary`2 settings)
[xUnit.net 00:00:08.65]         /work/tests/Erp.Gates.Tests/Infrastructure/GateFixture.cs(17,0): at Erp.Gates.Tests.Infrastructure.GateFixture.InitializeAsync()
[xUnit.net 00:00:08.65]     Erp.Gates.Tests.G1.G1DatabaseIsolationTests.A_tenant_set_for_the_whole_connection_or_left_by_an_earlier_transaction_is_ignored [FAIL]
[xUnit.net 00:00:08.65]       Assembly fixture type 'Erp.Gates.Tests.Infrastructure.GateFixture' threw in InitializeAsync
[xUnit.net 00:00:08.65]       ---- System.InvalidOperationException : Endpoint authorisation is incomplete:
[xUnit.net 00:00:08.65]       HTTP: DELETE /api/identity/me/preferences => ResetPreferences: declares no permission
[xUnit.net 00:00:08.65]       Stack Trace:
[xUnit.net 00:00:08.65]         
[xUnit.net 00:00:08.65]         ----- Inner Stack Trace -----
[xUnit.net 00:00:08.65]         /work/src/Kernel/Erp.Kernel/Hosting/ErpPlatform.cs(236,0): at Erp.Kernel.Hosting.ErpPlatform.ValidateEndpoints(WebApplication app)
[xUnit.net 00:00:08.65]         /work/src/Kernel/Erp.Kernel/Hosting/ErpPlatform.cs(202,0): at Erp.Kernel.Hosting.ErpPlatform.UseErpPlatform(WebApplication app)
[xUnit.net 00:00:08.65]         /work/src/Host/Erp.Host/Program.cs(8,0): at Program.<Main>$(String[] args)
[xUnit.net 00:00:08.66]            at Program.<Main>(String[] args)
[xUnit.net 00:00:08.66]            at System.Reflection.MethodBaseInvoker.InterpretedInvoke_Method(Object obj, IntPtr* args)
[xUnit.net 00:00:08.66]            at System.Reflection.MethodBaseInvoker.InvokeDirectByRefWithFewArgs(Object obj, Span`1 copyOfArgs, BindingFlags invokeAttr)
[xUnit.net 00:00:08.66]         --- End of stack trace from previous location ---
[xUnit.net 00:00:08.66]            at Microsoft.AspNetCore.Mvc.Testing.DeferredHostBuilder.DeferredHost.StartAsync(CancellationToken cancellationToken)
[xUnit.net 00:00:08.66]            at Microsoft.Extensions.Hosting.HostingAbstractionsHostExtensions.Start(IHost host)
[xUnit.net 00:00:08.66]            at Microsoft.AspNetCore.Mvc.Testing.WebApplicationFactory`1.CreateHost(IHostBuilder builder)
[xUnit.net 00:00:08.66]            at Microsoft.AspNetCore.Mvc.Testing.WebApplicationFactory`1.ConfigureHostBuilder(IHostBuilder hostBuilder)
[xUnit.net 00:00:08.66]            at Microsoft.AspNetCore.Mvc.Testing.WebApplicationFactory`1.StartServer()
[xUnit.net 00:00:08.66]            at Microsoft.AspNetCore.Mvc.Testing.WebApplicationFactory`1.get_Services()
[xUnit.net 00:00:08.66]         /work/tests/Erp.Testing/ErpTestEnvironment.cs(128,0): at Erp.Testing.ErpTestEnvironment.SeedAsync(TestDatabaseServer server, String database, SeedPlan plan, IDictionary`2 settings)
[xUnit.net 00:00:08.66]         /work/tests/Erp.Testing/ErpTestEnvironment.cs(138,0): at Erp.Testing.ErpTestEnvironment.SeedAsync(TestDatabaseServer server, String database, SeedPlan plan, IDictionary`2 settings)
[xUnit.net 00:00:08.66]         /work/tests/Erp.Testing/ErpTestEnvironment.cs(90,0): at Erp.Testing.ErpTestEnvironment.<>c__DisplayClass34_0.<<StartGateAsync>b__0>d.MoveNext()
[xUnit.net 00:00:08.66]         --- End of stack trace from previous location ---
[xUnit.net 00:00:08.66]         /work/tests/Erp.Testing/TestDatabaseServer.cs(156,0): at Erp.Testing.TestDatabaseServer.<>c__DisplayClass25_0.<<GateTemplateAsync>b__3>d.MoveNext()
[xUnit.net 00:00:08.66]         --- End of stack trace from previous location ---
[xUnit.net 00:00:08.66]         /work/tests/Erp.Testing/TestDatabaseServer.cs(161,0): at Erp.Testing.TestDatabaseServer.GateTemplateAsync(IDictionary`2 settings, Func`2 seed)
[xUnit.net 00:00:08.66]         /work/tests/Erp.Testing/ErpTestEnvironment.cs(87,0): at Erp.Testing.ErpTestEnvironment.StartGateAsync(IDictionary`2 settings)
[xUnit.net 00:00:08.66]         /work/tests/Erp.Gates.Tests/Infrastructure/GateFixture.cs(17,0): at Erp.Gates.Tests.Infrastructure.GateFixture.InitializeAsync()
[xUnit.net 00:00:08.67]     Erp.Gates.Tests.G1.G1DatabaseIsolationTests.Application_role_sees_and_changes_only_its_own_tenant_in_every_tenant_table [FAIL]
[xUnit.net 00:00:08.67]       Assembly fixture type 'Erp.Gates.Tests.Infrastructure.GateFixture' threw in InitializeAsync
[xUnit.net 00:00:08.67]       ---- System.InvalidOperationException : Endpoint authorisation is incomplete:
[xUnit.net 00:00:08.67]       HTTP: DELETE /api/identity/me/preferences => ResetPreferences: declares no permission
[xUnit.net 00:00:08.67]       Stack Trace:
[xUnit.net 00:00:08.67]         
[xUnit.net 00:00:08.67]         ----- Inner Stack Trace -----
[xUnit.net 00:00:08.67]         /work/src/Kernel/Erp.Kernel/Hosting/ErpPlatform.cs(236,0): at Erp.Kernel.Hosting.ErpPlatform.ValidateEndpoints(WebApplication app)
[xUnit.net 00:00:08.67]         /work/src/Kernel/Erp.Kernel/Hosting/ErpPlatform.cs(202,0): at Erp.Kernel.Hosting.ErpPlatform.UseErpPlatform(WebApplication app)
[xUnit.net 00:00:08.67]         /work/src/Host/Erp.Host/Program.cs(8,0): at Program.<Main>$(String[] args)
[xUnit.net 00:00:08.67]            at Program.<Main>(String[] args)
[xUnit.net 00:00:08.67]            at System.Reflection.MethodBaseInvoker.InterpretedInvoke_Method(Object obj, IntPtr* args)
[xUnit.net 00:00:08.67]            at System.Reflection.MethodBaseInvoker.InvokeDirectByRefWithFewArgs(Object obj, Span`1 copyOfArgs, BindingFlags invokeAttr)
[xUnit.net 00:00:08.67]         --- End of stack trace from previous location ---
[xUnit.net 00:00:08.67]            at Microsoft.AspNetCore.Mvc.Testing.DeferredHostBuilder.DeferredHost.StartAsync(CancellationToken cancellationToken)
[xUnit.net 00:00:08.67]            at Microsoft.Extensions.Hosting.HostingAbstractionsHostExtensions.Start(IHost host)
[xUnit.net 00:00:08.67]            at Microsoft.AspNetCore.Mvc.Testing.WebApplicationFactory`1.CreateHost(IHostBuilder builder)
[xUnit.net 00:00:08.67]            at Microsoft.AspNetCore.Mvc.Testing.WebApplicationFactory`1.ConfigureHostBuilder(IHostBuilder hostBuilder)
[xUnit.net 00:00:08.67]            at Microsoft.AspNetCore.Mvc.Testing.WebApplicationFactory`1.StartServer()
[xUnit.net 00:00:08.67]            at Microsoft.AspNetCore.Mvc.Testing.WebApplicationFactory`1.get_Services()
[xUnit.net 00:00:08.67]         /work/tests/Erp.Testing/ErpTestEnvironment.cs(128,0): at Erp.Testing.ErpTestEnvironment.SeedAsync(TestDatabaseServer server, String database, SeedPlan plan, IDictionary`2 settings)
[xUnit.net 00:00:08.67]         /work/tests/Erp.Testing/ErpTestEnvironment.cs(138,0): at Erp.Testing.ErpTestEnvironment.SeedAsync(TestDatabaseServer server, String database, SeedPlan plan, IDictionary`2 settings)
[xUnit.net 00:00:08.67]         /work/tests/Erp.Testing/ErpTestEnvironment.cs(90,0): at Erp.Testing.ErpTestEnvironment.<>c__DisplayClass34_0.<<StartGateAsync>b__0>d.MoveNext()
[xUnit.net 00:00:08.67]         --- End of stack trace from previous location ---
[xUnit.net 00:00:08.67]         /work/tests/Erp.Testing/TestDatabaseServer.cs(156,0): at Erp.Testing.TestDatabaseServer.<>c__DisplayClass25_0.<<GateTemplateAsync>b__3>d.MoveNext()
[xUnit.net 00:00:08.67]         --- End of stack trace from previous location ---
[xUnit.net 00:00:08.67]         /work/tests/Erp.Testing/TestDatabaseServer.cs(161,0): at Erp.Testing.TestDatabaseServer.GateTemplateAsync(IDictionary`2 settings, Func`2 seed)
[xUnit.net 00:00:08.67]         /work/tests/Erp.Testing/ErpTestEnvironment.cs(87,0): at Erp.Testing.ErpTestEnvironment.StartGateAsync(IDictionary`2 settings)
[xUnit.net 00:00:08.67]         /work/tests/Erp.Gates.Tests/Infrastructure/GateFixture.cs(17,0): at Erp.Gates.Tests.Infrastructure.GateFixture.InitializeAsync()
[xUnit.net 00:00:08.67]     Erp.Gates.Tests.G1.G1DatabaseIsolationTests.Tenant_tables_have_an_id_primary_key [FAIL]
[xUnit.net 00:00:08.67]       Assembly fixture type 'Erp.Gates.Tests.Infrastructure.GateFixture' threw in InitializeAsync
[xUnit.net 00:00:08.67]       ---- System.InvalidOperationException : Endpoint authorisation is incomplete:
[xUnit.net 00:00:08.67]       HTTP: DELETE /api/identity/me/preferences => ResetPreferences: declares no permission
[xUnit.net 00:00:08.67]       Stack Trace:
[xUnit.net 00:00:08.67]         
[xUnit.net 00:00:08.67]         ----- Inner Stack Trace -----
[xUnit.net 00:00:08.67]         /work/src/Kernel/Erp.Kernel/Hosting/ErpPlatform.cs(236,0): at Erp.Kernel.Hosting.ErpPlatform.ValidateEndpoints(WebApplication app)
[xUnit.net 00:00:08.67]         /work/src/Kernel/Erp.Kernel/Hosting/ErpPlatform.cs(202,0): at Erp.Kernel.Hosting.ErpPlatform.UseErpPlatform(WebApplication app)
[xUnit.net 00:00:08.67]         /work/src/Host/Erp.Host/Program.cs(8,0): at Program.<Main>$(String[] args)
[xUnit.net 00:00:08.67]            at Program.<Main>(String[] args)
[xUnit.net 00:00:08.67]            at System.Reflection.MethodBaseInvoker.InterpretedInvoke_Method(Object obj, IntPtr* args)
[xUnit.net 00:00:08.67]            at System.Reflection.MethodBaseInvoker.InvokeDirectByRefWithFewArgs(Object obj, Span`1 copyOfArgs, BindingFlags invokeAttr)
[xUnit.net 00:00:08.67]         --- End of stack trace from previous location ---
[xUnit.net 00:00:08.67]            at Microsoft.AspNetCore.Mvc.Testing.DeferredHostBuilder.DeferredHost.StartAsync(CancellationToken cancellationToken)
[xUnit.net 00:00:08.67]            at Microsoft.Extensions.Hosting.HostingAbstractionsHostExtensions.Start(IHost host)
[xUnit.net 00:00:08.67]            at Microsoft.AspNetCore.Mvc.Testing.WebApplicationFactory`1.CreateHost(IHostBuilder builder)
[xUnit.net 00:00:08.67]            at Microsoft.AspNetCore.Mvc.Testing.WebApplicationFactory`1.ConfigureHostBuilder(IHostBuilder hostBuilder)
[xUnit.net 00:00:08.67]            at Microsoft.AspNetCore.Mvc.Testing.WebApplicationFactory`1.StartServer()
[xUnit.net 00:00:08.67]            at Microsoft.AspNetCore.Mvc.Testing.WebApplicationFactory`1.get_Services()
[xUnit.net 00:00:08.67]         /work/tests/Erp.Testing/ErpTestEnvironment.cs(128,0): at Erp.Testing.ErpTestEnvironment.SeedAsync(TestDatabaseServer server, String database, SeedPlan plan, IDictionary`2 settings)
[xUnit.net 00:00:08.67]         /work/tests/Erp.Testing/ErpTestEnvironment.cs(138,0): at Erp.Testing.ErpTestEnvironment.SeedAsync(TestDatabaseServer server, String database, SeedPlan plan, IDictionary`2 settings)
[xUnit.net 00:00:08.67]         /work/tests/Erp.Testing/ErpTestEnvironment.cs(90,0): at Erp.Testing.ErpTestEnvironment.<>c__DisplayClass34_0.<<StartGateAsync>b__0>d.MoveNext()
[xUnit.net 00:00:08.67]         --- End of stack trace from previous location ---
[xUnit.net 00:00:08.67]         /work/tests/Erp.Testing/TestDatabaseServer.cs(156,0): at Erp.Testing.TestDatabaseServer.<>c__DisplayClass25_0.<<GateTemplateAsync>b__3>d.MoveNext()
[xUnit.net 00:00:08.67]         --- End of stack trace from previous location ---
[xUnit.net 00:00:08.67]         /work/tests/Erp.Testing/TestDatabaseServer.cs(161,0): at Erp.Testing.TestDatabaseServer.GateTemplateAsync(IDictionary`2 settings, Func`2 seed)
[xUnit.net 00:00:08.67]         /work/tests/Erp.Testing/ErpTestEnvironment.cs(87,0): at Erp.Testing.ErpTestEnvironment.StartGateAsync(IDictionary`2 settings)
[xUnit.net 00:00:08.67]         /work/tests/Erp.Gates.Tests/Infrastructure/GateFixture.cs(17,0): at Erp.Gates.Tests.Infrastructure.GateFixture.InitializeAsync()
[xUnit.net 00:00:08.67]     Erp.Gates.Tests.G1.G1DatabaseIsolationTests.Foreign_keys_between_tenant_tables_include_the_tenant [FAIL]
[xUnit.net 00:00:08.67]       Assembly fixture type 'Erp.Gates.Tests.Infrastructure.GateFixture' threw in InitializeAsync
[xUnit.net 00:00:08.67]       ---- System.InvalidOperationException : Endpoint authorisation is incomplete:
[xUnit.net 00:00:08.67]       HTTP: DELETE /api/identity/me/preferences => ResetPreferences: declares no permission
[xUnit.net 00:00:08.67]       Stack Trace:
[xUnit.net 00:00:08.67]         
[xUnit.net 00:00:08.67]         ----- Inner Stack Trace -----
[xUnit.net 00:00:08.67]         /work/src/Kernel/Erp.Kernel/Hosting/ErpPlatform.cs(236,0): at Erp.Kernel.Hosting.ErpPlatform.ValidateEndpoints(WebApplication app)
[xUnit.net 00:00:08.67]         /work/src/Kernel/Erp.Kernel/Hosting/ErpPlatform.cs(202,0): at Erp.Kernel.Hosting.ErpPlatform.UseErpPlatform(WebApplication app)
[xUnit.net 00:00:08.67]         /work/src/Host/Erp.Host/Program.cs(8,0): at Program.<Main>$(String[] args)
[xUnit.net 00:00:08.67]            at Program.<Main>(String[] args)
[xUnit.net 00:00:08.67]            at System.Reflection.MethodBaseInvoker.InterpretedInvoke_Method(Object obj, IntPtr* args)
[xUnit.net 00:00:08.67]            at System.Reflection.MethodBaseInvoker.InvokeDirectByRefWithFewArgs(Object obj, Span`1 copyOfArgs, BindingFlags invokeAttr)
[xUnit.net 00:00:08.67]         --- End of stack trace from previous location ---
[xUnit.net 00:00:08.67]            at Microsoft.AspNetCore.Mvc.Testing.DeferredHostBuilder.DeferredHost.StartAsync(CancellationToken cancellationToken)
[xUnit.net 00:00:08.67]            at Microsoft.Extensions.Hosting.HostingAbstractionsHostExtensions.Start(IHost host)
[xUnit.net 00:00:08.67]            at Microsoft.AspNetCore.Mvc.Testing.WebApplicationFactory`1.CreateHost(IHostBuilder builder)
[xUnit.net 00:00:08.67]            at Microsoft.AspNetCore.Mvc.Testing.WebApplicationFactory`1.ConfigureHostBuilder(IHostBuilder hostBuilder)
[xUnit.net 00:00:08.67]            at Microsoft.AspNetCore.Mvc.Testing.WebApplicationFactory`1.StartServer()
[xUnit.net 00:00:08.67]            at Microsoft.AspNetCore.Mvc.Testing.WebApplicationFactory`1.get_Services()
[xUnit.net 00:00:08.67]         /work/tests/Erp.Testing/ErpTestEnvironment.cs(128,0): at Erp.Testing.ErpTestEnvironment.SeedAsync(TestDatabaseServer server, String database, SeedPlan plan, IDictionary`2 settings)
[xUnit.net 00:00:08.67]         /work/tests/Erp.Testing/ErpTestEnvironment.cs(138,0): at Erp.Testing.ErpTestEnvironment.SeedAsync(TestDatabaseServer server, String database, SeedPlan plan, IDictionary`2 settings)
[xUnit.net 00:00:08.67]         /work/tests/Erp.Testing/ErpTestEnvironment.cs(90,0): at Erp.Testing.ErpTestEnvironment.<>c__DisplayClass34_0.<<StartGateAsync>b__0>d.MoveNext()
[xUnit.net 00:00:08.67]         --- End of stack trace from previous location ---
[xUnit.net 00:00:08.67]         /work/tests/Erp.Testing/TestDatabaseServer.cs(156,0): at Erp.Testing.TestDatabaseServer.<>c__DisplayClass25_0.<<GateTemplateAsync>b__3>d.MoveNext()
[xUnit.net 00:00:08.67]         --- End of stack trace from previous location ---
[xUnit.net 00:00:08.67]         /work/tests/Erp.Testing/TestDatabaseServer.cs(161,0): at Erp.Testing.TestDatabaseServer.GateTemplateAsync(IDictionary`2 settings, Func`2 seed)
[xUnit.net 00:00:08.67]         /work/tests/Erp.Testing/ErpTestEnvironment.cs(87,0): at Erp.Testing.ErpTestEnvironment.StartGateAsync(IDictionary`2 settings)
[xUnit.net 00:00:08.67]         /work/tests/Erp.Gates.Tests/Infrastructure/GateFixture.cs(17,0): at Erp.Gates.Tests.Infrastructure.GateFixture.InitializeAsync()
[xUnit.net 00:00:08.67]     Erp.Gates.Tests.G1.G1DatabaseIsolationTests.Leakproof_functions_are_postgres_defaults_or_reviewed [FAIL]
[xUnit.net 00:00:08.68]       Assembly fixture type 'Erp.Gates.Tests.Infrastructure.GateFixture' threw in InitializeAsync
[xUnit.net 00:00:08.68]       ---- System.InvalidOperationException : Endpoint authorisation is incomplete:
[xUnit.net 00:00:08.68]       HTTP: DELETE /api/identity/me/preferences => ResetPreferences: declares no permission
[xUnit.net 00:00:08.68]       Stack Trace:
[xUnit.net 00:00:08.68]         
[xUnit.net 00:00:08.68]         ----- Inner Stack Trace -----
[xUnit.net 00:00:08.68]         /work/src/Kernel/Erp.Kernel/Hosting/ErpPlatform.cs(236,0): at Erp.Kernel.Hosting.ErpPlatform.ValidateEndpoints(WebApplication app)
[xUnit.net 00:00:08.68]         /work/src/Kernel/Erp.Kernel/Hosting/ErpPlatform.cs(202,0): at Erp.Kernel.Hosting.ErpPlatform.UseErpPlatform(WebApplication app)
[xUnit.net 00:00:08.68]         /work/src/Host/Erp.Host/Program.cs(8,0): at Program.<Main>$(String[] args)
[xUnit.net 00:00:08.68]            at Program.<Main>(String[] args)
[xUnit.net 00:00:08.68]            at System.Reflection.MethodBaseInvoker.InterpretedInvoke_Method(Object obj, IntPtr* args)
[xUnit.net 00:00:08.68]            at System.Reflection.MethodBaseInvoker.InvokeDirectByRefWithFewArgs(Object obj, Span`1 copyOfArgs, BindingFlags invokeAttr)
[xUnit.net 00:00:08.68]         --- End of stack trace from previous location ---
[xUnit.net 00:00:08.68]            at Microsoft.AspNetCore.Mvc.Testing.DeferredHostBuilder.DeferredHost.StartAsync(CancellationToken cancellationToken)
[xUnit.net 00:00:08.68]            at Microsoft.Extensions.Hosting.HostingAbstractionsHostExtensions.Start(IHost host)
[xUnit.net 00:00:08.68]            at Microsoft.AspNetCore.Mvc.Testing.WebApplicationFactory`1.CreateHost(IHostBuilder builder)
[xUnit.net 00:00:08.68]            at Microsoft.AspNetCore.Mvc.Testing.WebApplicationFactory`1.ConfigureHostBuilder(IHostBuilder hostBuilder)
[xUnit.net 00:00:08.68]            at Microsoft.AspNetCore.Mvc.Testing.WebApplicationFactory`1.StartServer()
[xUnit.net 00:00:08.68]            at Microsoft.AspNetCore.Mvc.Testing.WebApplicationFactory`1.get_Services()
[xUnit.net 00:00:08.68]         /work/tests/Erp.Testing/ErpTestEnvironment.cs(128,0): at Erp.Testing.ErpTestEnvironment.SeedAsync(TestDatabaseServer server, String database, SeedPlan plan, IDictionary`2 settings)
[xUnit.net 00:00:08.68]         /work/tests/Erp.Testing/ErpTestEnvironment.cs(138,0): at Erp.Testing.ErpTestEnvironment.SeedAsync(TestDatabaseServer server, String database, SeedPlan plan, IDictionary`2 settings)
[xUnit.net 00:00:08.68]         /work/tests/Erp.Testing/ErpTestEnvironment.cs(90,0): at Erp.Testing.ErpTestEnvironment.<>c__DisplayClass34_0.<<StartGateAsync>b__0>d.MoveNext()
[xUnit.net 00:00:08.68]         --- End of stack trace from previous location ---
[xUnit.net 00:00:08.68]         /work/tests/Erp.Testing/TestDatabaseServer.cs(156,0): at Erp.Testing.TestDatabaseServer.<>c__DisplayClass25_0.<<GateTemplateAsync>b__3>d.MoveNext()
[xUnit.net 00:00:08.68]         --- End of stack trace from previous location ---
[xUnit.net 00:00:08.68]         /work/tests/Erp.Testing/TestDatabaseServer.cs(161,0): at Erp.Testing.TestDatabaseServer.GateTemplateAsync(IDictionary`2 settings, Func`2 seed)
[xUnit.net 00:00:08.68]         /work/tests/Erp.Testing/ErpTestEnvironment.cs(87,0): at Erp.Testing.ErpTestEnvironment.StartGateAsync(IDictionary`2 settings)
[xUnit.net 00:00:08.68]         /work/tests/Erp.Gates.Tests/Infrastructure/GateFixture.cs(17,0): at Erp.Gates.Tests.Infrastructure.GateFixture.InitializeAsync()
  Failed Erp.Gates.Tests.G1.G1ClientStateTests.Every_use_of_a_carrier_that_outlives_the_document_is_reviewed [1 ms]
  Error Message:
   Assembly fixture type 'Erp.Gates.Tests.Infrastructure.GateFixture' threw in InitializeAsync
---- System.InvalidOperationException : Endpoint authorisation is incomplete:
HTTP: DELETE /api/identity/me/preferences => ResetPreferences: declares no permission
  Stack Trace:
  
----- Inner Stack Trace -----
   at Erp.Kernel.Hosting.ErpPlatform.ValidateEndpoints(WebApplication app) in /work/src/Kernel/Erp.Kernel/Hosting/ErpPlatform.cs:line 236
   at Erp.Kernel.Hosting.ErpPlatform.UseErpPlatform(WebApplication app) in /work/src/Kernel/Erp.Kernel/Hosting/ErpPlatform.cs:line 202
   at Program.<Main>$(String[] args) in /work/src/Host/Erp.Host/Program.cs:line 8
   at Program.<Main>(String[] args)
   at System.Reflection.MethodBaseInvoker.InterpretedInvoke_Method(Object obj, IntPtr* args)
   at System.Reflection.MethodBaseInvoker.InvokeDirectByRefWithFewArgs(Object obj, Span`1 copyOfArgs, BindingFlags invokeAttr)
--- End of stack trace from previous location ---
   at Microsoft.AspNetCore.Mvc.Testing.DeferredHostBuilder.DeferredHost.StartAsync(CancellationToken cancellationToken)
   at Microsoft.Extensions.Hosting.HostingAbstractionsHostExtensions.Start(IHost host)
   at Microsoft.AspNetCore.Mvc.Testing.WebApplicationFactory`1.CreateHost(IHostBuilder builder)
   at Microsoft.AspNetCore.Mvc.Testing.WebApplicationFactory`1.ConfigureHostBuilder(IHostBuilder hostBuilder)
   at Microsoft.AspNetCore.Mvc.Testing.WebApplicationFactory`1.StartServer()
   at Microsoft.AspNetCore.Mvc.Testing.WebApplicationFactory`1.get_Services()
   at Erp.Testing.ErpTestEnvironment.SeedAsync(TestDatabaseServer server, String database, SeedPlan plan, IDictionary`2 settings) in /work/tests/Erp.Testing/ErpTestEnvironment.cs:line 128
   at Erp.Testing.ErpTestEnvironment.SeedAsync(TestDatabaseServer server, String database, SeedPlan plan, IDictionary`2 settings) in /work/tests/Erp.Testing/ErpTestEnvironment.cs:line 138
   at Erp.Testing.ErpTestEnvironment.<>c__DisplayClass34_0.<<StartGateAsync>b__0>d.MoveNext() in /work/tests/Erp.Testing/ErpTestEnvironment.cs:line 90
--- End of stack trace from previous location ---
   at Erp.Testing.TestDatabaseServer.<>c__DisplayClass25_0.<<GateTemplateAsync>b__3>d.MoveNext() in /work/tests/Erp.Testing/TestDatabaseServer.cs:line 156
--- End of stack trace from previous location ---
   at Erp.Testing.TestDatabaseServer.GateTemplateAsync(IDictionary`2 settings, Func`2 seed) in /work/tests/Erp.Testing/TestDatabaseServer.cs:line 161
   at Erp.Testing.ErpTestEnvironment.StartGateAsync(IDictionary`2 settings) in /work/tests/Erp.Testing/ErpTestEnvironment.cs:line 87
   at Erp.Gates.Tests.Infrastructure.GateFixture.InitializeAsync() in /work/tests/Erp.Gates.Tests/Infrastructure/GateFixture.cs:line 17
  Failed Erp.Gates.Tests.G1.G1ClientStateTests.The_inventory_finds_planted_module_state [1 ms]
  Error Message:
   Assembly fixture type 'Erp.Gates.Tests.Infrastructure.GateFixture' threw in InitializeAsync
---- System.InvalidOperationException : Endpoint authorisation is incomplete:
HTTP: DELETE /api/identity/me/preferences => ResetPreferences: declares no permission
  Stack Trace:
  
----- Inner Stack Trace -----
   at Erp.Kernel.Hosting.ErpPlatform.ValidateEndpoints(WebApplication app) in /work/src/Kernel/Erp.Kernel/Hosting/ErpPlatform.cs:line 236
   at Erp.Kernel.Hosting.ErpPlatform.UseErpPlatform(WebApplication app) in /work/src/Kernel/Erp.Kernel/Hosting/ErpPlatform.cs:line 202
   at Program.<Main>$(String[] args) in /work/src/Host/Erp.Host/Program.cs:line 8
   at Program.<Main>(String[] args)
   at System.Reflection.MethodBaseInvoker.InterpretedInvoke_Method(Object obj, IntPtr* args)
   at System.Reflection.MethodBaseInvoker.InvokeDirectByRefWithFewArgs(Object obj, Span`1 copyOfArgs, BindingFlags invokeAttr)
--- End of stack trace from previous location ---
   at Microsoft.AspNetCore.Mvc.Testing.DeferredHostBuilder.DeferredHost.StartAsync(CancellationToken cancellationToken)
   at Microsoft.Extensions.Hosting.HostingAbstractionsHostExtensions.Start(IHost host)
   at Microsoft.AspNetCore.Mvc.Testing.WebApplicationFactory`1.CreateHost(IHostBuilder builder)
   at Microsoft.AspNetCore.Mvc.Testing.WebApplicationFactory`1.ConfigureHostBuilder(IHostBuilder hostBuilder)
   at Microsoft.AspNetCore.Mvc.Testing.WebApplicationFactory`1.StartServer()
   at Microsoft.AspNetCore.Mvc.Testing.WebApplicationFactory`1.get_Services()
   at Erp.Testing.ErpTestEnvironment.SeedAsync(TestDatabaseServer server, String database, SeedPlan plan, IDictionary`2 settings) in /work/tests/Erp.Testing/ErpTestEnvironment.cs:line 128
   at Erp.Testing.ErpTestEnvironment.SeedAsync(TestDatabaseServer server, String database, SeedPlan plan, IDictionary`2 settings) in /work/tests/Erp.Testing/ErpTestEnvironment.cs:line 138
   at Erp.Testing.ErpTestEnvironment.<>c__DisplayClass34_0.<<StartGateAsync>b__0>d.MoveNext() in /work/tests/Erp.Testing/ErpTestEnvironment.cs:line 90
--- End of stack trace from previous location ---
   at Erp.Testing.TestDatabaseServer.<>c__DisplayClass25_0.<<GateTemplateAsync>b__3>d.MoveNext() in /work/tests/Erp.Testing/TestDatabaseServer.cs:line 156
--- End of stack trace from previous location ---
   at Erp.Testing.TestDatabaseServer.GateTemplateAsync(IDictionary`2 settings, Func`2 seed) in /work/tests/Erp.Testing/TestDatabaseServer.cs:line 161
   at Erp.Testing.ErpTestEnvironment.StartGateAsync(IDictionary`2 settings) in /work/tests/Erp.Testing/ErpTestEnvironment.cs:line 87
   at Erp.Gates.Tests.Infrastructure.GateFixture.InitializeAsync() in /work/tests/Erp.Gates.Tests/Infrastructure/GateFixture.cs:line 17
  Failed Erp.Gates.Tests.G1.G1ClientStateTests.Every_piece_of_module_level_state_in_the_web_sources_is_reviewed [1 ms]
  Error Message:
   Assembly fixture type 'Erp.Gates.Tests.Infrastructure.GateFixture' threw in InitializeAsync
---- System.InvalidOperationException : Endpoint authorisation is incomplete:
HTTP: DELETE /api/identity/me/preferences => ResetPreferences: declares no permission
  Stack Trace:
  
----- Inner Stack Trace -----
   at Erp.Kernel.Hosting.ErpPlatform.ValidateEndpoints(WebApplication app) in /work/src/Kernel/Erp.Kernel/Hosting/ErpPlatform.cs:line 236
   at Erp.Kernel.Hosting.ErpPlatform.UseErpPlatform(WebApplication app) in /work/src/Kernel/Erp.Kernel/Hosting/ErpPlatform.cs:line 202
   at Program.<Main>$(String[] args) in /work/src/Host/Erp.Host/Program.cs:line 8
   at Program.<Main>(String[] args)
   at System.Reflection.MethodBaseInvoker.InterpretedInvoke_Method(Object obj, IntPtr* args)
   at System.Reflection.MethodBaseInvoker.InvokeDirectByRefWithFewArgs(Object obj, Span`1 copyOfArgs, BindingFlags invokeAttr)
--- End of stack trace from previous location ---
   at Microsoft.AspNetCore.Mvc.Testing.DeferredHostBuilder.DeferredHost.StartAsync(CancellationToken cancellationToken)
   at Microsoft.Extensions.Hosting.HostingAbstractionsHostExtensions.Start(IHost host)
   at Microsoft.AspNetCore.Mvc.Testing.WebApplicationFactory`1.CreateHost(IHostBuilder builder)
   at Microsoft.AspNetCore.Mvc.Testing.WebApplicationFactory`1.ConfigureHostBuilder(IHostBuilder hostBuilder)
   at Microsoft.AspNetCore.Mvc.Testing.WebApplicationFactory`1.StartServer()
   at Microsoft.AspNetCore.Mvc.Testing.WebApplicationFactory`1.get_Services()
   at Erp.Testing.ErpTestEnvironment.SeedAsync(TestDatabaseServer server, String database, SeedPlan plan, IDictionary`2 settings) in /work/tests/Erp.Testing/ErpTestEnvironment.cs:line 128
   at Erp.Testing.ErpTestEnvironment.SeedAsync(TestDatabaseServer server, String database, SeedPlan plan, IDictionary`2 settings) in /work/tests/Erp.Testing/ErpTestEnvironment.cs:line 138
   at Erp.Testing.ErpTestEnvironment.<>c__DisplayClass34_0.<<StartGateAsync>b__0>d.MoveNext() in /work/tests/Erp.Testing/ErpTestEnvironment.cs:line 90
--- End of stack trace from previous location ---
   at Erp.Testing.TestDatabaseServer.<>c__DisplayClass25_0.<<GateTemplateAsync>b__3>d.MoveNext() in /work/tests/Erp.Testing/TestDatabaseServer.cs:line 156
--- End of stack trace from previous location ---
   at Erp.Testing.TestDatabaseServer.GateTemplateAsync(IDictionary`2 settings, Func`2 seed) in /work/tests/Erp.Testing/TestDatabaseServer.cs:line 161
   at Erp.Testing.ErpTestEnvironment.StartGateAsync(IDictionary`2 settings) in /work/tests/Erp.Testing/ErpTestEnvironment.cs:line 87
   at Erp.Gates.Tests.Infrastructure.GateFixture.InitializeAsync() in /work/tests/Erp.Gates.Tests/Infrastructure/GateFixture.cs:line 17
  Failed Erp.Gates.Tests.G1.G1DatabaseIsolationTests.Audit_trail_is_append_only_for_the_application [1 ms]
  Error Message:
   Assembly fixture type 'Erp.Gates.Tests.Infrastructure.GateFixture' threw in InitializeAsync
---- System.InvalidOperationException : Endpoint authorisation is incomplete:
HTTP: DELETE /api/identity/me/preferences => ResetPreferences: declares no permission
  Stack Trace:
  
----- Inner Stack Trace -----
   at Erp.Kernel.Hosting.ErpPlatform.ValidateEndpoints(WebApplication app) in /work/src/Kernel/Erp.Kernel/Hosting/ErpPlatform.cs:line 236
   at Erp.Kernel.Hosting.ErpPlatform.UseErpPlatform(WebApplication app) in /work/src/Kernel/Erp.Kernel/Hosting/ErpPlatform.cs:line 202
   at Program.<Main>$(String[] args) in /work/src/Host/Erp.Host/Program.cs:line 8
   at Program.<Main>(String[] args)
   at System.Reflection.MethodBaseInvoker.InterpretedInvoke_Method(Object obj, IntPtr* args)
   at System.Reflection.MethodBaseInvoker.InvokeDirectByRefWithFewArgs(Object obj, Span`1 copyOfArgs, BindingFlags invokeAttr)
--- End of stack trace from previous location ---
   at Microsoft.AspNetCore.Mvc.Testing.DeferredHostBuilder.DeferredHost.StartAsync(CancellationToken cancellationToken)
   at Microsoft.Extensions.Hosting.HostingAbstractionsHostExtensions.Start(IHost host)
   at Microsoft.AspNetCore.Mvc.Testing.WebApplicationFactory`1.CreateHost(IHostBuilder builder)
   at Microsoft.AspNetCore.Mvc.Testing.WebApplicationFactory`1.ConfigureHostBuilder(IHostBuilder hostBuilder)
   at Microsoft.AspNetCore.Mvc.Testing.WebApplicationFactory`1.StartServer()
   at Microsoft.AspNetCore.Mvc.Testing.WebApplicationFactory`1.get_Services()
   at Erp.Testing.ErpTestEnvironment.SeedAsync(TestDatabaseServer server, String database, SeedPlan plan, IDictionary`2 settings) in /work/tests/Erp.Testing/ErpTestEnvironment.cs:line 128
   at Erp.Testing.ErpTestEnvironment.SeedAsync(TestDatabaseServer server, String database, SeedPlan plan, IDictionary`2 settings) in /work/tests/Erp.Testing/ErpTestEnvironment.cs:line 138
   at Erp.Testing.ErpTestEnvironment.<>c__DisplayClass34_0.<<StartGateAsync>b__0>d.MoveNext() in /work/tests/Erp.Testing/ErpTestEnvironment.cs:line 90
--- End of stack trace from previous location ---
   at Erp.Testing.TestDatabaseServer.<>c__DisplayClass25_0.<<GateTemplateAsync>b__3>d.MoveNext() in /work/tests/Erp.Testing/TestDatabaseServer.cs:line 156
--- End of stack trace from previous location ---
   at Erp.Testing.TestDatabaseServer.GateTemplateAsync(IDictionary`2 settings, Func`2 seed) in /work/tests/Erp.Testing/TestDatabaseServer.cs:line 161
   at Erp.Testing.ErpTestEnvironment.StartGateAsync(IDictionary`2 settings) in /work/tests/Erp.Testing/ErpTestEnvironment.cs:line 87
   at Erp.Gates.Tests.Infrastructure.GateFixture.InitializeAsync() in /work/tests/Erp.Gates.Tests/Infrastructure/GateFixture.cs:line 17
  Failed Erp.Gates.Tests.G1.G1DatabaseIsolationTests.A_tenant_set_for_the_whole_connection_or_left_by_an_earlier_transaction_is_ignored [1 ms]
  Error Message:
   Assembly fixture type 'Erp.Gates.Tests.Infrastructure.GateFixture' threw in InitializeAsync
---- System.InvalidOperationException : Endpoint authorisation is incomplete:
HTTP: DELETE /api/identity/me/preferences => ResetPreferences: declares no permission
  Stack Trace:
  
----- Inner Stack Trace -----
   at Erp.Kernel.Hosting.ErpPlatform.ValidateEndpoints(WebApplication app) in /work/src/Kernel/Erp.Kernel/Hosting/ErpPlatform.cs:line 236
   at Erp.Kernel.Hosting.ErpPlatform.UseErpPlatform(WebApplication app) in /work/src/Kernel/Erp.Kernel/Hosting/ErpPlatform.cs:line 202
   at Program.<Main>$(String[] args) in /work/src/Host/Erp.Host/Program.cs:line 8
   at Program.<Main>(String[] args)
   at System.Reflection.MethodBaseInvoker.InterpretedInvoke_Method(Object obj, IntPtr* args)
   at System.Reflection.MethodBaseInvoker.InvokeDirectByRefWithFewArgs(Object obj, Span`1 copyOfArgs, BindingFlags invokeAttr)
--- End of stack trace from previous location ---
   at Microsoft.AspNetCore.Mvc.Testing.DeferredHostBuilder.DeferredHost.StartAsync(CancellationToken cancellationToken)
   at Microsoft.Extensions.Hosting.HostingAbstractionsHostExtensions.Start(IHost host)
   at Microsoft.AspNetCore.Mvc.Testing.WebApplicationFactory`1.CreateHost(IHostBuilder builder)
   at Microsoft.AspNetCore.Mvc.Testing.WebApplicationFactory`1.ConfigureHostBuilder(IHostBuilder hostBuilder)
   at Microsoft.AspNetCore.Mvc.Testing.WebApplicationFactory`1.StartServer()
   at Microsoft.AspNetCore.Mvc.Testing.WebApplicationFactory`1.get_Services()
   at Erp.Testing.ErpTestEnvironment.SeedAsync(TestDatabaseServer server, String database, SeedPlan plan, IDictionary`2 settings) in /work/tests/Erp.Testing/ErpTestEnvironment.cs:line 128
   at Erp.Testing.ErpTestEnvironment.SeedAsync(TestDatabaseServer server, String database, SeedPlan plan, IDictionary`2 settings) in /work/tests/Erp.Testing/ErpTestEnvironment.cs:line 138
   at Erp.Testing.ErpTestEnvironment.<>c__DisplayClass34_0.<<StartGateAsync>b__0>d.MoveNext() in /work/tests/Erp.Testing/ErpTestEnvironment.cs:line 90
--- End of stack trace from previous location ---
   at Erp.Testing.TestDatabaseServer.<>c__DisplayClass25_0.<<GateTemplateAsync>b__3>d.MoveNext() in /work/tests/Erp.Testing/TestDatabaseServer.cs:line 156
--- End of stack trace from previous location ---
   at Erp.Testing.TestDatabaseServer.GateTemplateAsync(IDictionary`2 settings, Func`2 seed) in /work/tests/Erp.Testing/TestDatabaseServer.cs:line 161
   at Erp.Testing.ErpTestEnvironment.StartGateAsync(IDictionary`2 settings) in /work/tests/Erp.Testing/ErpTestEnvironment.cs:line 87
   at Erp.Gates.Tests.Infrastructure.GateFixture.InitializeAsync() in /work/tests/Erp.Gates.Tests/Infrastructure/GateFixture.cs:line 17
  Failed Erp.Gates.Tests.G1.G1DatabaseIsolationTests.Application_role_sees_and_changes_only_its_own_tenant_in_every_tenant_table [1 ms]
  Error Message:
   Assembly fixture type 'Erp.Gates.Tests.Infrastructure.GateFixture' threw in InitializeAsync
---- System.InvalidOperationException : Endpoint authorisation is incomplete:
HTTP: DELETE /api/identity/me/preferences => ResetPreferences: declares no permission
  Stack Trace:
  
----- Inner Stack Trace -----
   at Erp.Kernel.Hosting.ErpPlatform.ValidateEndpoints(WebApplication app) in /work/src/Kernel/Erp.Kernel/Hosting/ErpPlatform.cs:line 236
   at Erp.Kernel.Hosting.ErpPlatform.UseErpPlatform(WebApplication app) in /work/src/Kernel/Erp.Kernel/Hosting/ErpPlatform.cs:line 202
   at Program.<Main>$(String[] args) in /work/src/Host/Erp.Host/Program.cs:line 8
   at Program.<Main>(String[] args)
   at System.Reflection.MethodBaseInvoker.InterpretedInvoke_Method(Object obj, IntPtr* args)
   at System.Reflection.MethodBaseInvoker.InvokeDirectByRefWithFewArgs(Object obj, Span`1 copyOfArgs, BindingFlags invokeAttr)
--- End of stack trace from previous location ---
   at Microsoft.AspNetCore.Mvc.Testing.DeferredHostBuilder.DeferredHost.StartAsync(CancellationToken cancellationToken)
   at Microsoft.Extensions.Hosting.HostingAbstractionsHostExtensions.Start(IHost host)
   at Microsoft.AspNetCore.Mvc.Testing.WebApplicationFactory`1.CreateHost(IHostBuilder builder)
   at Microsoft.AspNetCore.Mvc.Testing.WebApplicationFactory`1.ConfigureHostBuilder(IHostBuilder hostBuilder)
   at Microsoft.AspNetCore.Mvc.Testing.WebApplicationFactory`1.StartServer()
   at Microsoft.AspNetCore.Mvc.Testing.WebApplicationFactory`1.get_Services()
   at Erp.Testing.ErpTestEnvironment.SeedAsync(TestDatabaseServer server, String database, SeedPlan plan, IDictionary`2 settings) in /work/tests/Erp.Testing/ErpTestEnvironment.cs:line 128
   at Erp.Testing.ErpTestEnvironment.SeedAsync(TestDatabaseServer server, String database, SeedPlan plan, IDictionary`2 settings) in /work/tests/Erp.Testing/ErpTestEnvironment.cs:line 138
   at Erp.Testing.ErpTestEnvironment.<>c__DisplayClass34_0.<<StartGateAsync>b__0>d.MoveNext() in /work/tests/Erp.Testing/ErpTestEnvironment.cs:line 90
--- End of stack trace from previous location ---
   at Erp.Testing.TestDatabaseServer.<>c__DisplayClass25_0.<<GateTemplateAsync>b__3>d.MoveNext() in /work/tests/Erp.Testing/TestDatabaseServer.cs:line 156
--- End of stack trace from previous location ---
   at Erp.Testing.TestDatabaseServer.GateTemplateAsync(IDictionary`2 settings, Func`2 seed) in /work/tests/Erp.Testing/TestDatabaseServer.cs:line 161
   at Erp.Testing.ErpTestEnvironment.StartGateAsync(IDictionary`2 settings) in /work/tests/Erp.Testing/ErpTestEnvironment.cs:line 87
   at Erp.Gates.Tests.Infrastructure.GateFixture.InitializeAsync() in /work/tests/Erp.Gates.Tests/Infrastructure/GateFixture.cs:line 17
  Failed Erp.Gates.Tests.G1.G1DatabaseIsolationTests.Tenant_tables_have_an_id_primary_key [1 ms]
  Error Message:
   Assembly fixture type 'Erp.Gates.Tests.Infrastructure.GateFixture' threw in InitializeAsync
---- System.InvalidOperationException : Endpoint authorisation is incomplete:
HTTP: DELETE /api/identity/me/preferences => ResetPreferences: declares no permission
  Stack Trace:
  
----- Inner Stack Trace -----
   at Erp.Kernel.Hosting.ErpPlatform.ValidateEndpoints(WebApplication app) in /work/src/Kernel/Erp.Kernel/Hosting/ErpPlatform.cs:line 236
   at Erp.Kernel.Hosting.ErpPlatform.UseErpPlatform(WebApplication app) in /work/src/Kernel/Erp.Kernel/Hosting/ErpPlatform.cs:line 202
   at Program.<Main>$(String[] args) in /work/src/Host/Erp.Host/Program.cs:line 8
   at Program.<Main>(String[] args)
   at System.Reflection.MethodBaseInvoker.InterpretedInvoke_Method(Object obj, IntPtr* args)
   at System.Reflection.MethodBaseInvoker.InvokeDirectByRefWithFewArgs(Object obj, Span`1 copyOfArgs, BindingFlags invokeAttr)
--- End of stack trace from previous location ---
   at Microsoft.AspNetCore.Mvc.Testing.DeferredHostBuilder.DeferredHost.StartAsync(CancellationToken cancellationToken)
   at Microsoft.Extensions.Hosting.HostingAbstractionsHostExtensions.Start(IHost host)
   at Microsoft.AspNetCore.Mvc.Testing.WebApplicationFactory`1.CreateHost(IHostBuilder builder)
   at Microsoft.AspNetCore.Mvc.Testing.WebApplicationFactory`1.ConfigureHostBuilder(IHostBuilder hostBuilder)
   at Microsoft.AspNetCore.Mvc.Testing.WebApplicationFactory`1.StartServer()
   at Microsoft.AspNetCore.Mvc.Testing.WebApplicationFactory`1.get_Services()
   at Erp.Testing.ErpTestEnvironment.SeedAsync(TestDatabaseServer server, String database, SeedPlan plan, IDictionary`2 settings) in /work/tests/Erp.Testing/ErpTestEnvironment.cs:line 128
   at Erp.Testing.ErpTestEnvironment.SeedAsync(TestDatabaseServer server, String database, SeedPlan plan, IDictionary`2 settings) in /work/tests/Erp.Testing/ErpTestEnvironment.cs:line 138
   at Erp.Testing.ErpTestEnvironment.<>c__DisplayClass34_0.<<StartGateAsync>b__0>d.MoveNext() in /work/tests/Erp.Testing/ErpTestEnvironment.cs:line 90
--- End of stack trace from previous location ---
   at Erp.Testing.TestDatabaseServer.<>c__DisplayClass25_0.<<GateTemplateAsync>b__3>d.MoveNext() in /work/tests/Erp.Testing/TestDatabaseServer.cs:line 156
--- End of stack trace from previous location ---
   at Erp.Testing.TestDatabaseServer.GateTemplateAsync(IDictionary`2 settings, Func`2 seed) in /work/tests/Erp.Testing/TestDatabaseServer.cs:line 161
   at Erp.Testing.ErpTestEnvironment.StartGateAsync(IDictionary`2 settings) in /work/tests/Erp.Testing/ErpTestEnvironment.cs:line 87
   at Erp.Gates.Tests.Infrastructure.GateFixture.InitializeAsync() in /work/tests/Erp.Gates.Tests/Infrastructure/GateFixture.cs:line 17
  Failed Erp.Gates.Tests.G1.G1DatabaseIsolationTests.Foreign_keys_between_tenant_tables_include_the_tenant [1 ms]
  Error Message:
   Assembly fixture type 'Erp.Gates.Tests.Infrastructure.GateFixture' threw in InitializeAsync
---- System.InvalidOperationException : Endpoint authorisation is incomplete:
HTTP: DELETE /api/identity/me/preferences => ResetPreferences: declares no permission
  Stack Trace:
  
----- Inner Stack Trace -----
   at Erp.Kernel.Hosting.ErpPlatform.ValidateEndpoints(WebApplication app) in /work/src/Kernel/Erp.Kernel/Hosting/ErpPlatform.cs:line 236
   at Erp.Kernel.Hosting.ErpPlatform.UseErpPlatform(WebApplication app) in /work/src/Kernel/Erp.Kernel/Hosting/ErpPlatform.cs:line 202
   at Program.<Main>$(String[] args) in /work/src/Host/Erp.Host/Program.cs:line 8
   at Program.<Main>(String[] args)
   at System.Reflection.MethodBaseInvoker.InterpretedInvoke_Method(Object obj, IntPtr* args)
   at System.Reflection.MethodBaseInvoker.InvokeDirectByRefWithFewArgs(Object obj, Span`1 copyOfArgs, BindingFlags invokeAttr)
--- End of stack trace from previous location ---
   at Microsoft.AspNetCore.Mvc.Testing.DeferredHostBuilder.DeferredHost.StartAsync(CancellationToken cancellationToken)
   at Microsoft.Extensions.Hosting.HostingAbstractionsHostExtensions.Start(IHost host)
   at Microsoft.AspNetCore.Mvc.Testing.WebApplicationFactory`1.CreateHost(IHostBuilder builder)
   at Microsoft.AspNetCore.Mvc.Testing.WebApplicationFactory`1.ConfigureHostBuilder(IHostBuilder hostBuilder)
   at Microsoft.AspNetCore.Mvc.Testing.WebApplicationFactory`1.StartServer()
   at Microsoft.AspNetCore.Mvc.Testing.WebApplicationFactory`1.get_Services()
   at Erp.Testing.ErpTestEnvironment.SeedAsync(TestDatabaseServer server, String database, SeedPlan plan, IDictionary`2 settings) in /work/tests/Erp.Testing/ErpTestEnvironment.cs:line 128
   at Erp.Testing.ErpTestEnvironment.SeedAsync(TestDatabaseServer server, String database, SeedPlan plan, IDictionary`2 settings) in /work/tests/Erp.Testing/ErpTestEnvironment.cs:line 138
   at Erp.Testing.ErpTestEnvironment.<>c__DisplayClass34_0.<<StartGateAsync>b__0>d.MoveNext() in /work/tests/Erp.Testing/ErpTestEnvironment.cs:line 90
--- End of stack trace from previous location ---
   at Erp.Testing.TestDatabaseServer.<>c__DisplayClass25_0.<<GateTemplateAsync>b__3>d.MoveNext() in /work/tests/Erp.Testing/TestDatabaseServer.cs:line 156
--- End of stack trace from previous location ---
   at Erp.Testing.TestDatabaseServer.GateTemplateAsync(IDictionary`2 settings, Func`2 seed) in /work/tests/Erp.Testing/TestDatabaseServer.cs:line 161
   at Erp.Testing.ErpTestEnvironment.StartGateAsync(IDictionary`2 settings) in /work/tests/Erp.Testing/ErpTestEnvironment.cs:line 87
   at Erp.Gates.Tests.Infrastructure.GateFixture.InitializeAsync() in /work/tests/Erp.Gates.Tests/Infrastructure/GateFixture.cs:line 17
  Failed Erp.Gates.Tests.G1.G1DatabaseIsolationTests.Leakproof_functions_are_postgres_defaults_or_reviewed [1 ms]
  Error Message:
   Assembly fixture type 'Erp.Gates.Tests.Infrastructure.GateFixture' threw in InitializeAsync
---- System.InvalidOperationException : Endpoint authorisation is incomplete:
HTTP: DELETE /api/identity/me/preferences => ResetPreferences: declares no permission
  Stack Trace:
  
----- Inner Stack Trace -----
   at Erp.Kernel.Hosting.ErpPlatform.ValidateEndpoints(WebApplication app) in /work/src/Kernel/Erp.Kernel/Hosting/ErpPlatform.cs:line 236
   at Erp.Kernel.Hosting.ErpPlatform.UseErpPlatform(WebApplication app) in /work/src/Kernel/Erp.Kernel/Hosting/ErpPlatform.cs:line 202
   at Program.<Main>$(String[] args) in /work/src/Host/Erp.Host/Program.cs:line 8
   at Program.<Main>(String[] args)
   at System.Reflection.MethodBaseInvoker.InterpretedInvoke_Method(Object obj, IntPtr* args)
   at System.Reflection.MethodBaseInvoker.InvokeDirectByRefWithFewArgs(Object obj, Span`1 copyOfArgs, BindingFlags invokeAttr)
--- End of stack trace from previous location ---
   at Microsoft.AspNetCore.Mvc.Testing.DeferredHostBuilder.DeferredHost.StartAsync(CancellationToken cancellationToken)
   at Microsoft.Extensions.Hosting.HostingAbstractionsHostExtensions.Start(IHost host)
   at Microsoft.AspNetCore.Mvc.Testing.WebApplicationFactory`1.CreateHost(IHostBuilder builder)
   at Microsoft.AspNetCore.Mvc.Testing.WebApplicationFactory`1.ConfigureHostBuilder(IHostBuilder hostBuilder)
   at Microsoft.AspNetCore.Mvc.Testing.WebApplicationFactory`1.StartServer()
   at Microsoft.AspNetCore.Mvc.Testing.WebApplicationFactory`1.get_Services()
   at Erp.Testing.ErpTestEnvironment.SeedAsync(TestDatabaseServer server, String database, SeedPlan plan, IDictionary`2 settings) in /work/tests/Erp.Testing/ErpTestEnvironment.cs:line 128
   at Erp.Testing.ErpTestEnvironment.SeedAsync(TestDatabaseServer server, String database, SeedPlan plan, IDictionary`2 settings) in /work/tests/Erp.Testing/ErpTestEnvironment.cs:line 138
   at Erp.Testing.ErpTestEnvironment.<>c__DisplayClass34_0.<<StartGateAsync>b__0>d.MoveNext() in /work/tests/Erp.Testing/ErpTestEnvironment.cs:line 90
--- End of stack trace from previous location ---
   at Erp.Testing.TestDatabaseServer.<>c__DisplayClass25_0.<<GateTemplateAsync>b__3>d.MoveNext() in /work/tests/Erp.Testing/TestDatabaseServer.cs:line 156
--- End of stack trace from previous location ---
   at Erp.Testing.TestDatabaseServer.GateTemplateAsync(IDictionary`2 settings, Func`2 seed) in /work/tests/Erp.Testing/TestDatabaseServer.cs:line 161
   at Erp.Testing.ErpTestEnvironment.StartGateAsync(IDictionary`2 settings) in /work/tests/Erp.Testing/ErpTestEnvironment.cs:line 87
   at Erp.Gates.Tests.Infrastructure.GateFixture.InitializeAsync() in /work/tests/Erp.Gates.Tests/Infrastructure/GateFixture.cs:line 17
[xUnit.net 00:00:08.68]     Erp.Gates.Tests.G1.G1DatabaseIsolationTests.Security_definer_functions_are_exactly_the_reviewed_ones [FAIL]
[xUnit.net 00:00:08.68]       Assembly fixture type 'Erp.Gates.Tests.Infrastructure.GateFixture' threw in InitializeAsync
[xUnit.net 00:00:08.68]       ---- System.InvalidOperationException : Endpoint authorisation is incomplete:
[xUnit.net 00:00:08.68]       HTTP: DELETE /api/identity/me/preferences => ResetPreferences: declares no permission
[xUnit.net 00:00:08.68]       Stack Trace:
[xUnit.net 00:00:08.68]         
[xUnit.net 00:00:08.68]         ----- Inner Stack Trace -----
[xUnit.net 00:00:08.68]         /work/src/Kernel/Erp.Kernel/Hosting/ErpPlatform.cs(236,0): at Erp.Kernel.Hosting.ErpPlatform.ValidateEndpoints(WebApplication app)
[xUnit.net 00:00:08.68]         /work/src/Kernel/Erp.Kernel/Hosting/ErpPlatform.cs(202,0): at Erp.Kernel.Hosting.ErpPlatform.UseErpPlatform(WebApplication app)
[xUnit.net 00:00:08.68]         /work/src/Host/Erp.Host/Program.cs(8,0): at Program.<Main>$(String[] args)
[xUnit.net 00:00:08.68]            at Program.<Main>(String[] args)
[xUnit.net 00:00:08.68]            at System.Reflection.MethodBaseInvoker.InterpretedInvoke_Method(Object obj, IntPtr* args)
[xUnit.net 00:00:08.68]            at System.Reflection.MethodBaseInvoker.InvokeDirectByRefWithFewArgs(Object obj, Span`1 copyOfArgs, BindingFlags invokeAttr)
[xUnit.net 00:00:08.68]         --- End of stack trace from previous location ---
[xUnit.net 00:00:08.68]            at Microsoft.AspNetCore.Mvc.Testing.DeferredHostBuilder.DeferredHost.StartAsync(CancellationToken cancellationToken)
[xUnit.net 00:00:08.68]            at Microsoft.Extensions.Hosting.HostingAbstractionsHostExtensions.Start(IHost host)
[xUnit.net 00:00:08.68]            at Microsoft.AspNetCore.Mvc.Testing.WebApplicationFactory`1.CreateHost(IHostBuilder builder)
[xUnit.net 00:00:08.68]            at Microsoft.AspNetCore.Mvc.Testing.WebApplicationFactory`1.ConfigureHostBuilder(IHostBuilder hostBuilder)
[xUnit.net 00:00:08.68]            at Microsoft.AspNetCore.Mvc.Testing.WebApplicationFactory`1.StartServer()
[xUnit.net 00:00:08.68]            at Microsoft.AspNetCore.Mvc.Testing.WebApplicationFactory`1.get_Services()
[xUnit.net 00:00:08.68]         /work/tests/Erp.Testing/ErpTestEnvironment.cs(128,0): at Erp.Testing.ErpTestEnvironment.SeedAsync(TestDatabaseServer server, String database, SeedPlan plan, IDictionary`2 settings)
[xUnit.net 00:00:08.68]         /work/tests/Erp.Testing/ErpTestEnvironment.cs(138,0): at Erp.Testing.ErpTestEnvironment.SeedAsync(TestDatabaseServer server, String database, SeedPlan plan, IDictionary`2 settings)
[xUnit.net 00:00:08.68]         /work/tests/Erp.Testing/ErpTestEnvironment.cs(90,0): at Erp.Testing.ErpTestEnvironment.<>c__DisplayClass34_0.<<StartGateAsync>b__0>d.MoveNext()
[xUnit.net 00:00:08.68]         --- End of stack trace from previous location ---
[xUnit.net 00:00:08.68]         /work/tests/Erp.Testing/TestDatabaseServer.cs(156,0): at Erp.Testing.TestDatabaseServer.<>c__DisplayClass25_0.<<GateTemplateAsync>b__3>d.MoveNext()
[xUnit.net 00:00:08.68]         --- End of stack trace from previous location ---
[xUnit.net 00:00:08.68]         /work/tests/Erp.Testing/TestDatabaseServer.cs(161,0): at Erp.Testing.TestDatabaseServer.GateTemplateAsync(IDictionary`2 settings, Func`2 seed)
[xUnit.net 00:00:08.68]         /work/tests/Erp.Testing/ErpTestEnvironment.cs(87,0): at Erp.Testing.ErpTestEnvironment.StartGateAsync(IDictionary`2 settings)
[xUnit.net 00:00:08.68]         /work/tests/Erp.Gates.Tests/Infrastructure/GateFixture.cs(17,0): at Erp.Gates.Tests.Infrastructure.GateFixture.InitializeAsync()
[xUnit.net 00:00:08.68]     Erp.Gates.Tests.G1.G1DatabaseIsolationTests.Application_role_cannot_bypass_row_level_security_or_become_a_role_that_can [FAIL]
[xUnit.net 00:00:08.68]       Assembly fixture type 'Erp.Gates.Tests.Infrastructure.GateFixture' threw in InitializeAsync
[xUnit.net 00:00:08.68]       ---- System.InvalidOperationException : Endpoint authorisation is incomplete:
[xUnit.net 00:00:08.68]       HTTP: DELETE /api/identity/me/preferences => ResetPreferences: declares no permission
[xUnit.net 00:00:08.68]       Stack Trace:
[xUnit.net 00:00:08.68]         
[xUnit.net 00:00:08.68]         ----- Inner Stack Trace -----
[xUnit.net 00:00:08.68]         /work/src/Kernel/Erp.Kernel/Hosting/ErpPlatform.cs(236,0): at Erp.Kernel.Hosting.ErpPlatform.ValidateEndpoints(WebApplication app)
[xUnit.net 00:00:08.68]         /work/src/Kernel/Erp.Kernel/Hosting/ErpPlatform.cs(202,0): at Erp.Kernel.Hosting.ErpPlatform.UseErpPlatform(WebApplication app)
[xUnit.net 00:00:08.68]         /work/src/Host/Erp.Host/Program.cs(8,0): at Program.<Main>$(String[] args)
[xUnit.net 00:00:08.68]            at Program.<Main>(String[] args)
[xUnit.net 00:00:08.68]            at System.Reflection.MethodBaseInvoker.InterpretedInvoke_Method(Object obj, IntPtr* args)
[xUnit.net 00:00:08.68]            at System.Reflection.MethodBaseInvoker.InvokeDirectByRefWithFewArgs(Object obj, Span`1 copyOfArgs, BindingFlags invokeAttr)
[xUnit.net 00:00:08.68]         --- End of stack trace from previous location ---
[xUnit.net 00:00:08.68]            at Microsoft.AspNetCore.Mvc.Testing.DeferredHostBuilder.DeferredHost.StartAsync(CancellationToken cancellationToken)
[xUnit.net 00:00:08.68]            at Microsoft.Extensions.Hosting.HostingAbstractionsHostExtensions.Start(IHost host)
[xUnit.net 00:00:08.68]            at Microsoft.AspNetCore.Mvc.Testing.WebApplicationFactory`1.CreateHost(IHostBuilder builder)
[xUnit.net 00:00:08.68]            at Microsoft.AspNetCore.Mvc.Testing.WebApplicationFactory`1.ConfigureHostBuilder(IHostBuilder hostBuilder)
[xUnit.net 00:00:08.68]            at Microsoft.AspNetCore.Mvc.Testing.WebApplicationFactory`1.StartServer()
[xUnit.net 00:00:08.68]            at Microsoft.AspNetCore.Mvc.Testing.WebApplicationFactory`1.get_Services()
[xUnit.net 00:00:08.68]         /work/tests/Erp.Testing/ErpTestEnvironment.cs(128,0): at Erp.Testing.ErpTestEnvironment.SeedAsync(TestDatabaseServer server, String database, SeedPlan plan, IDictionary`2 settings)
[xUnit.net 00:00:08.68]         /work/tests/Erp.Testing/ErpTestEnvironment.cs(138,0): at Erp.Testing.ErpTestEnvironment.SeedAsync(TestDatabaseServer server, String database, SeedPlan plan, IDictionary`2 settings)
[xUnit.net 00:00:08.68]         /work/tests/Erp.Testing/ErpTestEnvironment.cs(90,0): at Erp.Testing.ErpTestEnvironment.<>c__DisplayClass34_0.<<StartGateAsync>b__0>d.MoveNext()
[xUnit.net 00:00:08.68]         --- End of stack trace from previous location ---
[xUnit.net 00:00:08.68]         /work/tests/Erp.Testing/TestDatabaseServer.cs(156,0): at Erp.Testing.TestDatabaseServer.<>c__DisplayClass25_0.<<GateTemplateAsync>b__3>d.MoveNext()
[xUnit.net 00:00:08.68]         --- End of stack trace from previous location ---
[xUnit.net 00:00:08.68]         /work/tests/Erp.Testing/TestDatabaseServer.cs(161,0): at Erp.Testing.TestDatabaseServer.GateTemplateAsync(IDictionary`2 settings, Func`2 seed)
[xUnit.net 00:00:08.68]         /work/tests/Erp.Testing/ErpTestEnvironment.cs(87,0): at Erp.Testing.ErpTestEnvironment.StartGateAsync(IDictionary`2 settings)
[xUnit.net 00:00:08.68]         /work/tests/Erp.Gates.Tests/Infrastructure/GateFixture.cs(17,0): at Erp.Gates.Tests.Infrastructure.GateFixture.InitializeAsync()
[xUnit.net 00:00:08.69]     Erp.Gates.Tests.G1.G1DatabaseIsolationTests.Tenant_tables_enforce_row_level_security_with_the_standard_policy [FAIL]
[xUnit.net 00:00:08.69]       Assembly fixture type 'Erp.Gates.Tests.Infrastructure.GateFixture' threw in InitializeAsync
[xUnit.net 00:00:08.69]       ---- System.InvalidOperationException : Endpoint authorisation is incomplete:
[xUnit.net 00:00:08.69]       HTTP: DELETE /api/identity/me/preferences => ResetPreferences: declares no permission
[xUnit.net 00:00:08.69]       Stack Trace:
[xUnit.net 00:00:08.69]         
[xUnit.net 00:00:08.69]         ----- Inner Stack Trace -----
[xUnit.net 00:00:08.69]         /work/src/Kernel/Erp.Kernel/Hosting/ErpPlatform.cs(236,0): at Erp.Kernel.Hosting.ErpPlatform.ValidateEndpoints(WebApplication app)
[xUnit.net 00:00:08.69]         /work/src/Kernel/Erp.Kernel/Hosting/ErpPlatform.cs(202,0): at Erp.Kernel.Hosting.ErpPlatform.UseErpPlatform(WebApplication app)
[xUnit.net 00:00:08.69]         /work/src/Host/Erp.Host/Program.cs(8,0): at Program.<Main>$(String[] args)
[xUnit.net 00:00:08.69]            at Program.<Main>(String[] args)
[xUnit.net 00:00:08.69]            at System.Reflection.MethodBaseInvoker.InterpretedInvoke_Method(Object obj, IntPtr* args)
[xUnit.net 00:00:08.69]            at System.Reflection.MethodBaseInvoker.InvokeDirectByRefWithFewArgs(Object obj, Span`1 copyOfArgs, BindingFlags invokeAttr)
[xUnit.net 00:00:08.69]         --- End of stack trace from previous location ---
[xUnit.net 00:00:08.69]            at Microsoft.AspNetCore.Mvc.Testing.DeferredHostBuilder.DeferredHost.StartAsync(CancellationToken cancellationToken)
[xUnit.net 00:00:08.69]            at Microsoft.Extensions.Hosting.HostingAbstractionsHostExtensions.Start(IHost host)
[xUnit.net 00:00:08.69]            at Microsoft.AspNetCore.Mvc.Testing.WebApplicationFactory`1.CreateHost(IHostBuilder builder)
[xUnit.net 00:00:08.69]            at Microsoft.AspNetCore.Mvc.Testing.WebApplicationFactory`1.ConfigureHostBuilder(IHostBuilder hostBuilder)
[xUnit.net 00:00:08.69]            at Microsoft.AspNetCore.Mvc.Testing.WebApplicationFactory`1.StartServer()
[xUnit.net 00:00:08.69]            at Microsoft.AspNetCore.Mvc.Testing.WebApplicationFactory`1.get_Services()
[xUnit.net 00:00:08.69]         /work/tests/Erp.Testing/ErpTestEnvironment.cs(128,0): at Erp.Testing.ErpTestEnvironment.SeedAsync(TestDatabaseServer server, String database, SeedPlan plan, IDictionary`2 settings)
[xUnit.net 00:00:08.69]         /work/tests/Erp.Testing/ErpTestEnvironment.cs(138,0): at Erp.Testing.ErpTestEnvironment.SeedAsync(TestDatabaseServer server, String database, SeedPlan plan, IDictionary`2 settings)
[xUnit.net 00:00:08.69]         /work/tests/Erp.Testing/ErpTestEnvironment.cs(90,0): at Erp.Testing.ErpTestEnvironment.<>c__DisplayClass34_0.<<StartGateAsync>b__0>d.MoveNext()
[xUnit.net 00:00:08.69]         --- End of stack trace from previous location ---
[xUnit.net 00:00:08.69]         /work/tests/Erp.Testing/TestDatabaseServer.cs(156,0): at Erp.Testing.TestDatabaseServer.<>c__DisplayClass25_0.<<GateTemplateAsync>b__3>d.MoveNext()
[xUnit.net 00:00:08.69]         --- End of stack trace from previous location ---
[xUnit.net 00:00:08.69]         /work/tests/Erp.Testing/TestDatabaseServer.cs(161,0): at Erp.Testing.TestDatabaseServer.GateTemplateAsync(IDictionary`2 settings, Func`2 seed)
[xUnit.net 00:00:08.69]         /work/tests/Erp.Testing/ErpTestEnvironment.cs(87,0): at Erp.Testing.ErpTestEnvironment.StartGateAsync(IDictionary`2 settings)
[xUnit.net 00:00:08.69]         /work/tests/Erp.Gates.Tests/Infrastructure/GateFixture.cs(17,0): at Erp.Gates.Tests.Infrastructure.GateFixture.InitializeAsync()
[xUnit.net 00:00:08.69]     Erp.Gates.Tests.G1.G1DatabaseIsolationTests.Every_table_is_tenant_owned_or_a_reviewed_platform_table [FAIL]
[xUnit.net 00:00:08.69]       Assembly fixture type 'Erp.Gates.Tests.Infrastructure.GateFixture' threw in InitializeAsync
[xUnit.net 00:00:08.69]       ---- System.InvalidOperationException : Endpoint authorisation is incomplete:
[xUnit.net 00:00:08.69]       HTTP: DELETE /api/identity/me/preferences => ResetPreferences: declares no permission
[xUnit.net 00:00:08.69]       Stack Trace:
[xUnit.net 00:00:08.69]         
[xUnit.net 00:00:08.69]         ----- Inner Stack Trace -----
[xUnit.net 00:00:08.69]         /work/src/Kernel/Erp.Kernel/Hosting/ErpPlatform.cs(236,0): at Erp.Kernel.Hosting.ErpPlatform.ValidateEndpoints(WebApplication app)
[xUnit.net 00:00:08.69]         /work/src/Kernel/Erp.Kernel/Hosting/ErpPlatform.cs(202,0): at Erp.Kernel.Hosting.ErpPlatform.UseErpPlatform(WebApplication app)
[xUnit.net 00:00:08.69]         /work/src/Host/Erp.Host/Program.cs(8,0): at Program.<Main>$(String[] args)
[xUnit.net 00:00:08.69]            at Program.<Main>(String[] args)
[xUnit.net 00:00:08.69]            at System.Reflection.MethodBaseInvoker.InterpretedInvoke_Method(Object obj, IntPtr* args)
[xUnit.net 00:00:08.69]            at System.Reflection.MethodBaseInvoker.InvokeDirectByRefWithFewArgs(Object obj, Span`1 copyOfArgs, BindingFlags invokeAttr)
[xUnit.net 00:00:08.69]         --- End of stack trace from previous location ---
[xUnit.net 00:00:08.69]            at Microsoft.AspNetCore.Mvc.Testing.DeferredHostBuilder.DeferredHost.StartAsync(CancellationToken cancellationToken)
[xUnit.net 00:00:08.69]            at Microsoft.Extensions.Hosting.HostingAbstractionsHostExtensions.Start(IHost host)
[xUnit.net 00:00:08.69]            at Microsoft.AspNetCore.Mvc.Testing.WebApplicationFactory`1.CreateHost(IHostBuilder builder)
[xUnit.net 00:00:08.69]            at Microsoft.AspNetCore.Mvc.Testing.WebApplicationFactory`1.ConfigureHostBuilder(IHostBuilder hostBuilder)
[xUnit.net 00:00:08.69]            at Microsoft.AspNetCore.Mvc.Testing.WebApplicationFactory`1.StartServer()
[xUnit.net 00:00:08.69]            at Microsoft.AspNetCore.Mvc.Testing.WebApplicationFactory`1.get_Services()
[xUnit.net 00:00:08.69]         /work/tests/Erp.Testing/ErpTestEnvironment.cs(128,0): at Erp.Testing.ErpTestEnvironment.SeedAsync(TestDatabaseServer server, String database, SeedPlan plan, IDictionary`2 settings)
[xUnit.net 00:00:08.69]         /work/tests/Erp.Testing/ErpTestEnvironment.cs(138,0): at Erp.Testing.ErpTestEnvironment.SeedAsync(TestDatabaseServer server, String database, SeedPlan plan, IDictionary`2 settings)
[xUnit.net 00:00:08.69]         /work/tests/Erp.Testing/ErpTestEnvironment.cs(90,0): at Erp.Testing.ErpTestEnvironment.<>c__DisplayClass34_0.<<StartGateAsync>b__0>d.MoveNext()
[xUnit.net 00:00:08.69]         --- End of stack trace from previous location ---
[xUnit.net 00:00:08.69]         /work/tests/Erp.Testing/TestDatabaseServer.cs(156,0): at Erp.Testing.TestDatabaseServer.<>c__DisplayClass25_0.<<GateTemplateAsync>b__3>d.MoveNext()
[xUnit.net 00:00:08.69]         --- End of stack trace from previous location ---
[xUnit.net 00:00:08.69]         /work/tests/Erp.Testing/TestDatabaseServer.cs(161,0): at Erp.Testing.TestDatabaseServer.GateTemplateAsync(IDictionary`2 settings, Func`2 seed)
[xUnit.net 00:00:08.69]         /work/tests/Erp.Testing/ErpTestEnvironment.cs(87,0): at Erp.Testing.ErpTestEnvironment.StartGateAsync(IDictionary`2 settings)
[xUnit.net 00:00:08.69]         /work/tests/Erp.Gates.Tests/Infrastructure/GateFixture.cs(17,0): at Erp.Gates.Tests.Infrastructure.GateFixture.InitializeAsync()
[xUnit.net 00:00:08.70]     Erp.Gates.Tests.Rules.ListContractGateTests.Every_search_field_is_searched_word_by_word_and_grouping_counts_every_row_once [FAIL]
[xUnit.net 00:00:08.70]       Assembly fixture type 'Erp.Gates.Tests.Infrastructure.GateFixture' threw in InitializeAsync
[xUnit.net 00:00:08.70]       ---- System.InvalidOperationException : Endpoint authorisation is incomplete:
[xUnit.net 00:00:08.70]       HTTP: DELETE /api/identity/me/preferences => ResetPreferences: declares no permission
[xUnit.net 00:00:08.70]       Stack Trace:
[xUnit.net 00:00:08.70]         
[xUnit.net 00:00:08.70]         ----- Inner Stack Trace -----
[xUnit.net 00:00:08.70]         /work/src/Kernel/Erp.Kernel/Hosting/ErpPlatform.cs(236,0): at Erp.Kernel.Hosting.ErpPlatform.ValidateEndpoints(WebApplication app)
[xUnit.net 00:00:08.70]         /work/src/Kernel/Erp.Kernel/Hosting/ErpPlatform.cs(202,0): at Erp.Kernel.Hosting.ErpPlatform.UseErpPlatform(WebApplication app)
[xUnit.net 00:00:08.70]         /work/src/Host/Erp.Host/Program.cs(8,0): at Program.<Main>$(String[] args)
[xUnit.net 00:00:08.70]            at Program.<Main>(String[] args)
[xUnit.net 00:00:08.70]            at System.Reflection.MethodBaseInvoker.InterpretedInvoke_Method(Object obj, IntPtr* args)
[xUnit.net 00:00:08.70]            at System.Reflection.MethodBaseInvoker.InvokeDirectByRefWithFewArgs(Object obj, Span`1 copyOfArgs, BindingFlags invokeAttr)
[xUnit.net 00:00:08.70]         --- End of stack trace from previous location ---
[xUnit.net 00:00:08.70]            at Microsoft.AspNetCore.Mvc.Testing.DeferredHostBuilder.DeferredHost.StartAsync(CancellationToken cancellationToken)
[xUnit.net 00:00:08.70]            at Microsoft.Extensions.Hosting.HostingAbstractionsHostExtensions.Start(IHost host)
[xUnit.net 00:00:08.70]            at Microsoft.AspNetCore.Mvc.Testing.WebApplicationFactory`1.CreateHost(IHostBuilder builder)
[xUnit.net 00:00:08.70]            at Microsoft.AspNetCore.Mvc.Testing.WebApplicationFactory`1.ConfigureHostBuilder(IHostBuilder hostBuilder)
[xUnit.net 00:00:08.70]            at Microsoft.AspNetCore.Mvc.Testing.WebApplicationFactory`1.StartServer()
[xUnit.net 00:00:08.70]            at Microsoft.AspNetCore.Mvc.Testing.WebApplicationFactory`1.get_Services()
[xUnit.net 00:00:08.70]         /work/tests/Erp.Testing/ErpTestEnvironment.cs(128,0): at Erp.Testing.ErpTestEnvironment.SeedAsync(TestDatabaseServer server, String database, SeedPlan plan, IDictionary`2 settings)
[xUnit.net 00:00:08.70]         /work/tests/Erp.Testing/ErpTestEnvironment.cs(138,0): at Erp.Testing.ErpTestEnvironment.SeedAsync(TestDatabaseServer server, String database, SeedPlan plan, IDictionary`2 settings)
[xUnit.net 00:00:08.70]         /work/tests/Erp.Testing/ErpTestEnvironment.cs(90,0): at Erp.Testing.ErpTestEnvironment.<>c__DisplayClass34_0.<<StartGateAsync>b__0>d.MoveNext()
[xUnit.net 00:00:08.70]         --- End of stack trace from previous location ---
[xUnit.net 00:00:08.70]         /work/tests/Erp.Testing/TestDatabaseServer.cs(156,0): at Erp.Testing.TestDatabaseServer.<>c__DisplayClass25_0.<<GateTemplateAsync>b__3>d.MoveNext()
[xUnit.net 00:00:08.70]         --- End of stack trace from previous location ---
[xUnit.net 00:00:08.70]         /work/tests/Erp.Testing/TestDatabaseServer.cs(161,0): at Erp.Testing.TestDatabaseServer.GateTemplateAsync(IDictionary`2 settings, Func`2 seed)
[xUnit.net 00:00:08.70]         /work/tests/Erp.Testing/ErpTestEnvironment.cs(87,0): at Erp.Testing.ErpTestEnvironment.StartGateAsync(IDictionary`2 settings)
[xUnit.net 00:00:08.70]         /work/tests/Erp.Gates.Tests/Infrastructure/GateFixture.cs(17,0): at Erp.Gates.Tests.Infrastructure.GateFixture.InitializeAsync()
[xUnit.net 00:00:08.70]     Erp.Gates.Tests.Rules.ListContractGateTests.Every_filterable_column_filters_its_list_and_other_columns_are_refused [FAIL]
[xUnit.net 00:00:08.70]       Assembly fixture type 'Erp.Gates.Tests.Infrastructure.GateFixture' threw in InitializeAsync
[xUnit.net 00:00:08.70]       ---- System.InvalidOperationException : Endpoint authorisation is incomplete:
[xUnit.net 00:00:08.70]       HTTP: DELETE /api/identity/me/preferences => ResetPreferences: declares no permission
[xUnit.net 00:00:08.70]       Stack Trace:
[xUnit.net 00:00:08.70]         
[xUnit.net 00:00:08.70]         ----- Inner Stack Trace -----
[xUnit.net 00:00:08.70]         /work/src/Kernel/Erp.Kernel/Hosting/ErpPlatform.cs(236,0): at Erp.Kernel.Hosting.ErpPlatform.ValidateEndpoints(WebApplication app)
[xUnit.net 00:00:08.70]         /work/src/Kernel/Erp.Kernel/Hosting/ErpPlatform.cs(202,0): at Erp.Kernel.Hosting.ErpPlatform.UseErpPlatform(WebApplication app)
[xUnit.net 00:00:08.70]         /work/src/Host/Erp.Host/Program.cs(8,0): at Program.<Main>$(String[] args)
[xUnit.net 00:00:08.70]            at Program.<Main>(String[] args)
[xUnit.net 00:00:08.70]            at System.Reflection.MethodBaseInvoker.InterpretedInvoke_Method(Object obj, IntPtr* args)
[xUnit.net 00:00:08.70]            at System.Reflection.MethodBaseInvoker.InvokeDirectByRefWithFewArgs(Object obj, Span`1 copyOfArgs, BindingFlags invokeAttr)
[xUnit.net 00:00:08.70]         --- End of stack trace from previous location ---
[xUnit.net 00:00:08.70]            at Microsoft.AspNetCore.Mvc.Testing.DeferredHostBuilder.DeferredHost.StartAsync(CancellationToken cancellationToken)
[xUnit.net 00:00:08.70]            at Microsoft.Extensions.Hosting.HostingAbstractionsHostExtensions.Start(IHost host)
[xUnit.net 00:00:08.70]            at Microsoft.AspNetCore.Mvc.Testing.WebApplicationFactory`1.CreateHost(IHostBuilder builder)
[xUnit.net 00:00:08.70]            at Microsoft.AspNetCore.Mvc.Testing.WebApplicationFactory`1.ConfigureHostBuilder(IHostBuilder hostBuilder)
[xUnit.net 00:00:08.70]            at Microsoft.AspNetCore.Mvc.Testing.WebApplicationFactory`1.StartServer()
[xUnit.net 00:00:08.70]            at Microsoft.AspNetCore.Mvc.Testing.WebApplicationFactory`1.get_Services()
[xUnit.net 00:00:08.70]         /work/tests/Erp.Testing/ErpTestEnvironment.cs(128,0): at Erp.Testing.ErpTestEnvironment.SeedAsync(TestDatabaseServer server, String database, SeedPlan plan, IDictionary`2 settings)
[xUnit.net 00:00:08.70]         /work/tests/Erp.Testing/ErpTestEnvironment.cs(138,0): at Erp.Testing.ErpTestEnvironment.SeedAsync(TestDatabaseServer server, String database, SeedPlan plan, IDictionary`2 settings)
[xUnit.net 00:00:08.70]         /work/tests/Erp.Testing/ErpTestEnvironment.cs(90,0): at Erp.Testing.ErpTestEnvironment.<>c__DisplayClass34_0.<<StartGateAsync>b__0>d.MoveNext()
[xUnit.net 00:00:08.70]         --- End of stack trace from previous location ---
[xUnit.net 00:00:08.70]         /work/tests/Erp.Testing/TestDatabaseServer.cs(156,0): at Erp.Testing.TestDatabaseServer.<>c__DisplayClass25_0.<<GateTemplateAsync>b__3>d.MoveNext()
[xUnit.net 00:00:08.70]         --- End of stack trace from previous location ---
[xUnit.net 00:00:08.70]         /work/tests/Erp.Testing/TestDatabaseServer.cs(161,0): at Erp.Testing.TestDatabaseServer.GateTemplateAsync(IDictionary`2 settings, Func`2 seed)
[xUnit.net 00:00:08.70]         /work/tests/Erp.Testing/ErpTestEnvironment.cs(87,0): at Erp.Testing.ErpTestEnvironment.StartGateAsync(IDictionary`2 settings)
[xUnit.net 00:00:08.70]         /work/tests/Erp.Gates.Tests/Infrastructure/GateFixture.cs(17,0): at Erp.Gates.Tests.Infrastructure.GateFixture.InitializeAsync()
[xUnit.net 00:00:08.70]     Erp.Gates.Tests.Rules.ListContractGateTests.Every_sortable_column_orders_its_list_both_ways_and_keyset_paging_matches_one_page [FAIL]
[xUnit.net 00:00:08.70]       Assembly fixture type 'Erp.Gates.Tests.Infrastructure.GateFixture' threw in InitializeAsync
[xUnit.net 00:00:08.70]       ---- System.InvalidOperationException : Endpoint authorisation is incomplete:
[xUnit.net 00:00:08.70]       HTTP: DELETE /api/identity/me/preferences => ResetPreferences: declares no permission
[xUnit.net 00:00:08.70]       Stack Trace:
[xUnit.net 00:00:08.70]         
[xUnit.net 00:00:08.70]         ----- Inner Stack Trace -----
[xUnit.net 00:00:08.70]         /work/src/Kernel/Erp.Kernel/Hosting/ErpPlatform.cs(236,0): at Erp.Kernel.Hosting.ErpPlatform.ValidateEndpoints(WebApplication app)
[xUnit.net 00:00:08.70]         /work/src/Kernel/Erp.Kernel/Hosting/ErpPlatform.cs(202,0): at Erp.Kernel.Hosting.ErpPlatform.UseErpPlatform(WebApplication app)
[xUnit.net 00:00:08.70]         /work/src/Host/Erp.Host/Program.cs(8,0): at Program.<Main>$(String[] args)
[xUnit.net 00:00:08.70]            at Program.<Main>(String[] args)
[xUnit.net 00:00:08.70]            at System.Reflection.MethodBaseInvoker.InterpretedInvoke_Method(Object obj, IntPtr* args)
[xUnit.net 00:00:08.70]            at System.Reflection.MethodBaseInvoker.InvokeDirectByRefWithFewArgs(Object obj, Span`1 copyOfArgs, BindingFlags invokeAttr)
[xUnit.net 00:00:08.70]         --- End of stack trace from previous location ---
[xUnit.net 00:00:08.70]            at Microsoft.AspNetCore.Mvc.Testing.DeferredHostBuilder.DeferredHost.StartAsync(CancellationToken cancellationToken)
[xUnit.net 00:00:08.70]            at Microsoft.Extensions.Hosting.HostingAbstractionsHostExtensions.Start(IHost host)
[xUnit.net 00:00:08.70]            at Microsoft.AspNetCore.Mvc.Testing.WebApplicationFactory`1.CreateHost(IHostBuilder builder)
[xUnit.net 00:00:08.70]            at Microsoft.AspNetCore.Mvc.Testing.WebApplicationFactory`1.ConfigureHostBuilder(IHostBuilder hostBuilder)
[xUnit.net 00:00:08.70]            at Microsoft.AspNetCore.Mvc.Testing.WebApplicationFactory`1.StartServer()
[xUnit.net 00:00:08.70]            at Microsoft.AspNetCore.Mvc.Testing.WebApplicationFactory`1.get_Services()
[xUnit.net 00:00:08.70]         /work/tests/Erp.Testing/ErpTestEnvironment.cs(128,0): at Erp.Testing.ErpTestEnvironment.SeedAsync(TestDatabaseServer server, String database, SeedPlan plan, IDictionary`2 settings)
[xUnit.net 00:00:08.70]         /work/tests/Erp.Testing/ErpTestEnvironment.cs(138,0): at Erp.Testing.ErpTestEnvironment.SeedAsync(TestDatabaseServer server, String database, SeedPlan plan, IDictionary`2 settings)
[xUnit.net 00:00:08.70]         /work/tests/Erp.Testing/ErpTestEnvironment.cs(90,0): at Erp.Testing.ErpTestEnvironment.<>c__DisplayClass34_0.<<StartGateAsync>b__0>d.MoveNext()
[xUnit.net 00:00:08.70]         --- End of stack trace from previous location ---
[xUnit.net 00:00:08.70]         /work/tests/Erp.Testing/TestDatabaseServer.cs(156,0): at Erp.Testing.TestDatabaseServer.<>c__DisplayClass25_0.<<GateTemplateAsync>b__3>d.MoveNext()
[xUnit.net 00:00:08.70]         --- End of stack trace from previous location ---
[xUnit.net 00:00:08.70]         /work/tests/Erp.Testing/TestDatabaseServer.cs(161,0): at Erp.Testing.TestDatabaseServer.GateTemplateAsync(IDictionary`2 settings, Func`2 seed)
[xUnit.net 00:00:08.70]         /work/tests/Erp.Testing/ErpTestEnvironment.cs(87,0): at Erp.Testing.ErpTestEnvironment.StartGateAsync(IDictionary`2 settings)
[xUnit.net 00:00:08.70]         /work/tests/Erp.Gates.Tests/Infrastructure/GateFixture.cs(17,0): at Erp.Gates.Tests.Infrastructure.GateFixture.InitializeAsync()
[xUnit.net 00:00:08.70]     Erp.Gates.Tests.Rules.ListContractGateTests.Every_registered_list_documents_the_list_query_contract_and_its_definition [FAIL]
[xUnit.net 00:00:08.70]       Assembly fixture type 'Erp.Gates.Tests.Infrastructure.GateFixture' threw in InitializeAsync
[xUnit.net 00:00:08.70]       ---- System.InvalidOperationException : Endpoint authorisation is incomplete:
[xUnit.net 00:00:08.70]       HTTP: DELETE /api/identity/me/preferences => ResetPreferences: declares no permission
[xUnit.net 00:00:08.70]       Stack Trace:
[xUnit.net 00:00:08.70]         
[xUnit.net 00:00:08.70]         ----- Inner Stack Trace -----
[xUnit.net 00:00:08.70]         /work/src/Kernel/Erp.Kernel/Hosting/ErpPlatform.cs(236,0): at Erp.Kernel.Hosting.ErpPlatform.ValidateEndpoints(WebApplication app)
[xUnit.net 00:00:08.70]         /work/src/Kernel/Erp.Kernel/Hosting/ErpPlatform.cs(202,0): at Erp.Kernel.Hosting.ErpPlatform.UseErpPlatform(WebApplication app)
[xUnit.net 00:00:08.71]         /work/src/Host/Erp.Host/Program.cs(8,0): at Program.<Main>$(String[] args)
[xUnit.net 00:00:08.71]            at Program.<Main>(String[] args)
[xUnit.net 00:00:08.71]            at System.Reflection.MethodBaseInvoker.InterpretedInvoke_Method(Object obj, IntPtr* args)
[xUnit.net 00:00:08.71]            at System.Reflection.MethodBaseInvoker.InvokeDirectByRefWithFewArgs(Object obj, Span`1 copyOfArgs, BindingFlags invokeAttr)
[xUnit.net 00:00:08.71]         --- End of stack trace from previous location ---
[xUnit.net 00:00:08.71]            at Microsoft.AspNetCore.Mvc.Testing.DeferredHostBuilder.DeferredHost.StartAsync(CancellationToken cancellationToken)
[xUnit.net 00:00:08.71]            at Microsoft.Extensions.Hosting.HostingAbstractionsHostExtensions.Start(IHost host)
[xUnit.net 00:00:08.71]            at Microsoft.AspNetCore.Mvc.Testing.WebApplicationFactory`1.CreateHost(IHostBuilder builder)
[xUnit.net 00:00:08.71]            at Microsoft.AspNetCore.Mvc.Testing.WebApplicationFactory`1.ConfigureHostBuilder(IHostBuilder hostBuilder)
[xUnit.net 00:00:08.71]            at Microsoft.AspNetCore.Mvc.Testing.WebApplicationFactory`1.StartServer()
[xUnit.net 00:00:08.71]            at Microsoft.AspNetCore.Mvc.Testing.WebApplicationFactory`1.get_Services()
[xUnit.net 00:00:08.71]         /work/tests/Erp.Testing/ErpTestEnvironment.cs(128,0): at Erp.Testing.ErpTestEnvironment.SeedAsync(TestDatabaseServer server, String database, SeedPlan plan, IDictionary`2 settings)
[xUnit.net 00:00:08.71]         /work/tests/Erp.Testing/ErpTestEnvironment.cs(138,0): at Erp.Testing.ErpTestEnvironment.SeedAsync(TestDatabaseServer server, String database, SeedPlan plan, IDictionary`2 settings)
[xUnit.net 00:00:08.71]         /work/tests/Erp.Testing/ErpTestEnvironment.cs(90,0): at Erp.Testing.ErpTestEnvironment.<>c__DisplayClass34_0.<<StartGateAsync>b__0>d.MoveNext()
[xUnit.net 00:00:08.71]         --- End of stack trace from previous location ---
[xUnit.net 00:00:08.71]         /work/tests/Erp.Testing/TestDatabaseServer.cs(156,0): at Erp.Testing.TestDatabaseServer.<>c__DisplayClass25_0.<<GateTemplateAsync>b__3>d.MoveNext()
[xUnit.net 00:00:08.71]         --- End of stack trace from previous location ---
[xUnit.net 00:00:08.71]         /work/tests/Erp.Testing/TestDatabaseServer.cs(161,0): at Erp.Testing.TestDatabaseServer.GateTemplateAsync(IDictionary`2 settings, Func`2 seed)
[xUnit.net 00:00:08.71]         /work/tests/Erp.Testing/ErpTestEnvironment.cs(87,0): at Erp.Testing.ErpTestEnvironment.StartGateAsync(IDictionary`2 settings)
[xUnit.net 00:00:08.71]         /work/tests/Erp.Gates.Tests/Infrastructure/GateFixture.cs(17,0): at Erp.Gates.Tests.Infrastructure.GateFixture.InitializeAsync()
[xUnit.net 00:00:08.71]     Erp.Gates.Tests.Rules.ModuleBoundaryGateTests.The_boundary_check_catches_a_module_reaching_into_another_one [FAIL]
[xUnit.net 00:00:08.71]       Assembly fixture type 'Erp.Gates.Tests.Infrastructure.GateFixture' threw in InitializeAsync
[xUnit.net 00:00:08.71]       ---- System.InvalidOperationException : Endpoint authorisation is incomplete:
[xUnit.net 00:00:08.71]       HTTP: DELETE /api/identity/me/preferences => ResetPreferences: declares no permission
[xUnit.net 00:00:08.71]       Stack Trace:
[xUnit.net 00:00:08.71]         
[xUnit.net 00:00:08.71]         ----- Inner Stack Trace -----
[xUnit.net 00:00:08.71]         /work/src/Kernel/Erp.Kernel/Hosting/ErpPlatform.cs(236,0): at Erp.Kernel.Hosting.ErpPlatform.ValidateEndpoints(WebApplication app)
[xUnit.net 00:00:08.71]         /work/src/Kernel/Erp.Kernel/Hosting/ErpPlatform.cs(202,0): at Erp.Kernel.Hosting.ErpPlatform.UseErpPlatform(WebApplication app)
[xUnit.net 00:00:08.71]         /work/src/Host/Erp.Host/Program.cs(8,0): at Program.<Main>$(String[] args)
[xUnit.net 00:00:08.71]            at Program.<Main>(String[] args)
[xUnit.net 00:00:08.71]            at System.Reflection.MethodBaseInvoker.InterpretedInvoke_Method(Object obj, IntPtr* args)
[xUnit.net 00:00:08.71]            at System.Reflection.MethodBaseInvoker.InvokeDirectByRefWithFewArgs(Object obj, Span`1 copyOfArgs, BindingFlags invokeAttr)
[xUnit.net 00:00:08.71]         --- End of stack trace from previous location ---
[xUnit.net 00:00:08.71]            at Microsoft.AspNetCore.Mvc.Testing.DeferredHostBuilder.DeferredHost.StartAsync(CancellationToken cancellationToken)
[xUnit.net 00:00:08.71]            at Microsoft.Extensions.Hosting.HostingAbstractionsHostExtensions.Start(IHost host)
[xUnit.net 00:00:08.71]            at Microsoft.AspNetCore.Mvc.Testing.WebApplicationFactory`1.CreateHost(IHostBuilder builder)
[xUnit.net 00:00:08.71]            at Microsoft.AspNetCore.Mvc.Testing.WebApplicationFactory`1.ConfigureHostBuilder(IHostBuilder hostBuilder)
[xUnit.net 00:00:08.71]            at Microsoft.AspNetCore.Mvc.Testing.WebApplicationFactory`1.StartServer()
[xUnit.net 00:00:08.71]            at Microsoft.AspNetCore.Mvc.Testing.WebApplicationFactory`1.get_Services()
[xUnit.net 00:00:08.71]         /work/tests/Erp.Testing/ErpTestEnvironment.cs(128,0): at Erp.Testing.ErpTestEnvironment.SeedAsync(TestDatabaseServer server, String database, SeedPlan plan, IDictionary`2 settings)
[xUnit.net 00:00:08.71]         /work/tests/Erp.Testing/ErpTestEnvironment.cs(138,0): at Erp.Testing.ErpTestEnvironment.SeedAsync(TestDatabaseServer server, String database, SeedPlan plan, IDictionary`2 settings)
[xUnit.net 00:00:08.71]         /work/tests/Erp.Testing/ErpTestEnvironment.cs(90,0): at Erp.Testing.ErpTestEnvironment.<>c__DisplayClass34_0.<<StartGateAsync>b__0>d.MoveNext()
[xUnit.net 00:00:08.71]         --- End of stack trace from previous location ---
[xUnit.net 00:00:08.71]         /work/tests/Erp.Testing/TestDatabaseServer.cs(156,0): at Erp.Testing.TestDatabaseServer.<>c__DisplayClass25_0.<<GateTemplateAsync>b__3>d.MoveNext()
[xUnit.net 00:00:08.71]         --- End of stack trace from previous location ---
[xUnit.net 00:00:08.71]         /work/tests/Erp.Testing/TestDatabaseServer.cs(161,0): at Erp.Testing.TestDatabaseServer.GateTemplateAsync(IDictionary`2 settings, Func`2 seed)
[xUnit.net 00:00:08.71]         /work/tests/Erp.Testing/ErpTestEnvironment.cs(87,0): at Erp.Testing.ErpTestEnvironment.StartGateAsync(IDictionary`2 settings)
[xUnit.net 00:00:08.71]         /work/tests/Erp.Gates.Tests/Infrastructure/GateFixture.cs(17,0): at Erp.Gates.Tests.Infrastructure.GateFixture.InitializeAsync()
  Failed Erp.Gates.Tests.G1.G1DatabaseIsolationTests.Security_definer_functions_are_exactly_the_reviewed_ones [1 ms]
  Error Message:
   Assembly fixture type 'Erp.Gates.Tests.Infrastructure.GateFixture' threw in InitializeAsync
---- System.InvalidOperationException : Endpoint authorisation is incomplete:
HTTP: DELETE /api/identity/me/preferences => ResetPreferences: declares no permission
  Stack Trace:
  
----- Inner Stack Trace -----
   at Erp.Kernel.Hosting.ErpPlatform.ValidateEndpoints(WebApplication app) in /work/src/Kernel/Erp.Kernel/Hosting/ErpPlatform.cs:line 236
   at Erp.Kernel.Hosting.ErpPlatform.UseErpPlatform(WebApplication app) in /work/src/Kernel/Erp.Kernel/Hosting/ErpPlatform.cs:line 202
   at Program.<Main>$(String[] args) in /work/src/Host/Erp.Host/Program.cs:line 8
   at Program.<Main>(String[] args)
   at System.Reflection.MethodBaseInvoker.InterpretedInvoke_Method(Object obj, IntPtr* args)
   at System.Reflection.MethodBaseInvoker.InvokeDirectByRefWithFewArgs(Object obj, Span`1 copyOfArgs, BindingFlags invokeAttr)
--- End of stack trace from previous location ---
   at Microsoft.AspNetCore.Mvc.Testing.DeferredHostBuilder.DeferredHost.StartAsync(CancellationToken cancellationToken)
   at Microsoft.Extensions.Hosting.HostingAbstractionsHostExtensions.Start(IHost host)
   at Microsoft.AspNetCore.Mvc.Testing.WebApplicationFactory`1.CreateHost(IHostBuilder builder)
   at Microsoft.AspNetCore.Mvc.Testing.WebApplicationFactory`1.ConfigureHostBuilder(IHostBuilder hostBuilder)
   at Microsoft.AspNetCore.Mvc.Testing.WebApplicationFactory`1.StartServer()
   at Microsoft.AspNetCore.Mvc.Testing.WebApplicationFactory`1.get_Services()
   at Erp.Testing.ErpTestEnvironment.SeedAsync(TestDatabaseServer server, String database, SeedPlan plan, IDictionary`2 settings) in /work/tests/Erp.Testing/ErpTestEnvironment.cs:line 128
   at Erp.Testing.ErpTestEnvironment.SeedAsync(TestDatabaseServer server, String database, SeedPlan plan, IDictionary`2 settings) in /work/tests/Erp.Testing/ErpTestEnvironment.cs:line 138
   at Erp.Testing.ErpTestEnvironment.<>c__DisplayClass34_0.<<StartGateAsync>b__0>d.MoveNext() in /work/tests/Erp.Testing/ErpTestEnvironment.cs:line 90
--- End of stack trace from previous location ---
   at Erp.Testing.TestDatabaseServer.<>c__DisplayClass25_0.<<GateTemplateAsync>b__3>d.MoveNext() in /work/tests/Erp.Testing/TestDatabaseServer.cs:line 156
--- End of stack trace from previous location ---
   at Erp.Testing.TestDatabaseServer.GateTemplateAsync(IDictionary`2 settings, Func`2 seed) in /work/tests/Erp.Testing/TestDatabaseServer.cs:line 161
   at Erp.Testing.ErpTestEnvironment.StartGateAsync(IDictionary`2 settings) in /work/tests/Erp.Testing/ErpTestEnvironment.cs:line 87
   at Erp.Gates.Tests.Infrastructure.GateFixture.InitializeAsync() in /work/tests/Erp.Gates.Tests/Infrastructure/GateFixture.cs:line 17
  Failed Erp.Gates.Tests.G1.G1DatabaseIsolationTests.Application_role_cannot_bypass_row_level_security_or_become_a_role_that_can [1 ms]
  Error Message:
   Assembly fixture type 'Erp.Gates.Tests.Infrastructure.GateFixture' threw in InitializeAsync
---- System.InvalidOperationException : Endpoint authorisation is incomplete:
HTTP: DELETE /api/identity/me/preferences => ResetPreferences: declares no permission
  Stack Trace:
  
----- Inner Stack Trace -----
   at Erp.Kernel.Hosting.ErpPlatform.ValidateEndpoints(WebApplication app) in /work/src/Kernel/Erp.Kernel/Hosting/ErpPlatform.cs:line 236
   at Erp.Kernel.Hosting.ErpPlatform.UseErpPlatform(WebApplication app) in /work/src/Kernel/Erp.Kernel/Hosting/ErpPlatform.cs:line 202
   at Program.<Main>$(String[] args) in /work/src/Host/Erp.Host/Program.cs:line 8
   at Program.<Main>(String[] args)
   at System.Reflection.MethodBaseInvoker.InterpretedInvoke_Method(Object obj, IntPtr* args)
   at System.Reflection.MethodBaseInvoker.InvokeDirectByRefWithFewArgs(Object obj, Span`1 copyOfArgs, BindingFlags invokeAttr)
--- End of stack trace from previous location ---
   at Microsoft.AspNetCore.Mvc.Testing.DeferredHostBuilder.DeferredHost.StartAsync(CancellationToken cancellationToken)
   at Microsoft.Extensions.Hosting.HostingAbstractionsHostExtensions.Start(IHost host)
   at Microsoft.AspNetCore.Mvc.Testing.WebApplicationFactory`1.CreateHost(IHostBuilder builder)
   at Microsoft.AspNetCore.Mvc.Testing.WebApplicationFactory`1.ConfigureHostBuilder(IHostBuilder hostBuilder)
   at Microsoft.AspNetCore.Mvc.Testing.WebApplicationFactory`1.StartServer()
   at Microsoft.AspNetCore.Mvc.Testing.WebApplicationFactory`1.get_Services()
   at Erp.Testing.ErpTestEnvironment.SeedAsync(TestDatabaseServer server, String database, SeedPlan plan, IDictionary`2 settings) in /work/tests/Erp.Testing/ErpTestEnvironment.cs:line 128
   at Erp.Testing.ErpTestEnvironment.SeedAsync(TestDatabaseServer server, String database, SeedPlan plan, IDictionary`2 settings) in /work/tests/Erp.Testing/ErpTestEnvironment.cs:line 138
   at Erp.Testing.ErpTestEnvironment.<>c__DisplayClass34_0.<<StartGateAsync>b__0>d.MoveNext() in /work/tests/Erp.Testing/ErpTestEnvironment.cs:line 90
--- End of stack trace from previous location ---
   at Erp.Testing.TestDatabaseServer.<>c__DisplayClass25_0.<<GateTemplateAsync>b__3>d.MoveNext() in /work/tests/Erp.Testing/TestDatabaseServer.cs:line 156
--- End of stack trace from previous location ---
   at Erp.Testing.TestDatabaseServer.GateTemplateAsync(IDictionary`2 settings, Func`2 seed) in /work/tests/Erp.Testing/TestDatabaseServer.cs:line 161
   at Erp.Testing.ErpTestEnvironment.StartGateAsync(IDictionary`2 settings) in /work/tests/Erp.Testing/ErpTestEnvironment.cs:line 87
   at Erp.Gates.Tests.Infrastructure.GateFixture.InitializeAsync() in /work/tests/Erp.Gates.Tests/Infrastructure/GateFixture.cs:line 17
  Failed Erp.Gates.Tests.G1.G1DatabaseIsolationTests.Tenant_tables_enforce_row_level_security_with_the_standard_policy [1 ms]
  Error Message:
   Assembly fixture type 'Erp.Gates.Tests.Infrastructure.GateFixture' threw in InitializeAsync
---- System.InvalidOperationException : Endpoint authorisation is incomplete:
HTTP: DELETE /api/identity/me/preferences => ResetPreferences: declares no permission
  Stack Trace:
  
----- Inner Stack Trace -----
   at Erp.Kernel.Hosting.ErpPlatform.ValidateEndpoints(WebApplication app) in /work/src/Kernel/Erp.Kernel/Hosting/ErpPlatform.cs:line 236
   at Erp.Kernel.Hosting.ErpPlatform.UseErpPlatform(WebApplication app) in /work/src/Kernel/Erp.Kernel/Hosting/ErpPlatform.cs:line 202
   at Program.<Main>$(String[] args) in /work/src/Host/Erp.Host/Program.cs:line 8
   at Program.<Main>(String[] args)
   at System.Reflection.MethodBaseInvoker.InterpretedInvoke_Method(Object obj, IntPtr* args)
   at System.Reflection.MethodBaseInvoker.InvokeDirectByRefWithFewArgs(Object obj, Span`1 copyOfArgs, BindingFlags invokeAttr)
--- End of stack trace from previous location ---
   at Microsoft.AspNetCore.Mvc.Testing.DeferredHostBuilder.DeferredHost.StartAsync(CancellationToken cancellationToken)
   at Microsoft.Extensions.Hosting.HostingAbstractionsHostExtensions.Start(IHost host)
   at Microsoft.AspNetCore.Mvc.Testing.WebApplicationFactory`1.CreateHost(IHostBuilder builder)
   at Microsoft.AspNetCore.Mvc.Testing.WebApplicationFactory`1.ConfigureHostBuilder(IHostBuilder hostBuilder)
   at Microsoft.AspNetCore.Mvc.Testing.WebApplicationFactory`1.StartServer()
   at Microsoft.AspNetCore.Mvc.Testing.WebApplicationFactory`1.get_Services()
   at Erp.Testing.ErpTestEnvironment.SeedAsync(TestDatabaseServer server, String database, SeedPlan plan, IDictionary`2 settings) in /work/tests/Erp.Testing/ErpTestEnvironment.cs:line 128
   at Erp.Testing.ErpTestEnvironment.SeedAsync(TestDatabaseServer server, String database, SeedPlan plan, IDictionary`2 settings) in /work/tests/Erp.Testing/ErpTestEnvironment.cs:line 138
   at Erp.Testing.ErpTestEnvironment.<>c__DisplayClass34_0.<<StartGateAsync>b__0>d.MoveNext() in /work/tests/Erp.Testing/ErpTestEnvironment.cs:line 90
--- End of stack trace from previous location ---
   at Erp.Testing.TestDatabaseServer.<>c__DisplayClass25_0.<<GateTemplateAsync>b__3>d.MoveNext() in /work/tests/Erp.Testing/TestDatabaseServer.cs:line 156
--- End of stack trace from previous location ---
   at Erp.Testing.TestDatabaseServer.GateTemplateAsync(IDictionary`2 settings, Func`2 seed) in /work/tests/Erp.Testing/TestDatabaseServer.cs:line 161
   at Erp.Testing.ErpTestEnvironment.StartGateAsync(IDictionary`2 settings) in /work/tests/Erp.Testing/ErpTestEnvironment.cs:line 87
   at Erp.Gates.Tests.Infrastructure.GateFixture.InitializeAsync() in /work/tests/Erp.Gates.Tests/Infrastructure/GateFixture.cs:line 17
  Failed Erp.Gates.Tests.G1.G1DatabaseIsolationTests.Every_table_is_tenant_owned_or_a_reviewed_platform_table [1 ms]
  Error Message:
   Assembly fixture type 'Erp.Gates.Tests.Infrastructure.GateFixture' threw in InitializeAsync
---- System.InvalidOperationException : Endpoint authorisation is incomplete:
HTTP: DELETE /api/identity/me/preferences => ResetPreferences: declares no permission
  Stack Trace:
  
----- Inner Stack Trace -----
   at Erp.Kernel.Hosting.ErpPlatform.ValidateEndpoints(WebApplication app) in /work/src/Kernel/Erp.Kernel/Hosting/ErpPlatform.cs:line 236
   at Erp.Kernel.Hosting.ErpPlatform.UseErpPlatform(WebApplication app) in /work/src/Kernel/Erp.Kernel/Hosting/ErpPlatform.cs:line 202
   at Program.<Main>$(String[] args) in /work/src/Host/Erp.Host/Program.cs:line 8
   at Program.<Main>(String[] args)
   at System.Reflection.MethodBaseInvoker.InterpretedInvoke_Method(Object obj, IntPtr* args)
   at System.Reflection.MethodBaseInvoker.InvokeDirectByRefWithFewArgs(Object obj, Span`1 copyOfArgs, BindingFlags invokeAttr)
--- End of stack trace from previous location ---
   at Microsoft.AspNetCore.Mvc.Testing.DeferredHostBuilder.DeferredHost.StartAsync(CancellationToken cancellationToken)
   at Microsoft.Extensions.Hosting.HostingAbstractionsHostExtensions.Start(IHost host)
   at Microsoft.AspNetCore.Mvc.Testing.WebApplicationFactory`1.CreateHost(IHostBuilder builder)
   at Microsoft.AspNetCore.Mvc.Testing.WebApplicationFactory`1.ConfigureHostBuilder(IHostBuilder hostBuilder)
   at Microsoft.AspNetCore.Mvc.Testing.WebApplicationFactory`1.StartServer()
   at Microsoft.AspNetCore.Mvc.Testing.WebApplicationFactory`1.get_Services()
   at Erp.Testing.ErpTestEnvironment.SeedAsync(TestDatabaseServer server, String database, SeedPlan plan, IDictionary`2 settings) in /work/tests/Erp.Testing/ErpTestEnvironment.cs:line 128
   at Erp.Testing.ErpTestEnvironment.SeedAsync(TestDatabaseServer server, String database, SeedPlan plan, IDictionary`2 settings) in /work/tests/Erp.Testing/ErpTestEnvironment.cs:line 138
   at Erp.Testing.ErpTestEnvironment.<>c__DisplayClass34_0.<<StartGateAsync>b__0>d.MoveNext() in /work/tests/Erp.Testing/ErpTestEnvironment.cs:line 90
--- End of stack trace from previous location ---
   at Erp.Testing.TestDatabaseServer.<>c__DisplayClass25_0.<<GateTemplateAsync>b__3>d.MoveNext() in /work/tests/Erp.Testing/TestDatabaseServer.cs:line 156
--- End of stack trace from previous location ---
   at Erp.Testing.TestDatabaseServer.GateTemplateAsync(IDictionary`2 settings, Func`2 seed) in /work/tests/Erp.Testing/TestDatabaseServer.cs:line 161
   at Erp.Testing.ErpTestEnvironment.StartGateAsync(IDictionary`2 settings) in /work/tests/Erp.Testing/ErpTestEnvironment.cs:line 87
   at Erp.Gates.Tests.Infrastructure.GateFixture.InitializeAsync() in /work/tests/Erp.Gates.Tests/Infrastructure/GateFixture.cs:line 17
  Failed Erp.Gates.Tests.Rules.ListContractGateTests.Every_search_field_is_searched_word_by_word_and_grouping_counts_every_row_once [1 ms]
  Error Message:
   Assembly fixture type 'Erp.Gates.Tests.Infrastructure.GateFixture' threw in InitializeAsync
---- System.InvalidOperationException : Endpoint authorisation is incomplete:
HTTP: DELETE /api/identity/me/preferences => ResetPreferences: declares no permission
  Stack Trace:
  
----- Inner Stack Trace -----
   at Erp.Kernel.Hosting.ErpPlatform.ValidateEndpoints(WebApplication app) in /work/src/Kernel/Erp.Kernel/Hosting/ErpPlatform.cs:line 236
   at Erp.Kernel.Hosting.ErpPlatform.UseErpPlatform(WebApplication app) in /work/src/Kernel/Erp.Kernel/Hosting/ErpPlatform.cs:line 202
   at Program.<Main>$(String[] args) in /work/src/Host/Erp.Host/Program.cs:line 8
   at Program.<Main>(String[] args)
   at System.Reflection.MethodBaseInvoker.InterpretedInvoke_Method(Object obj, IntPtr* args)
   at System.Reflection.MethodBaseInvoker.InvokeDirectByRefWithFewArgs(Object obj, Span`1 copyOfArgs, BindingFlags invokeAttr)
--- End of stack trace from previous location ---
   at Microsoft.AspNetCore.Mvc.Testing.DeferredHostBuilder.DeferredHost.StartAsync(CancellationToken cancellationToken)
   at Microsoft.Extensions.Hosting.HostingAbstractionsHostExtensions.Start(IHost host)
   at Microsoft.AspNetCore.Mvc.Testing.WebApplicationFactory`1.CreateHost(IHostBuilder builder)
   at Microsoft.AspNetCore.Mvc.Testing.WebApplicationFactory`1.ConfigureHostBuilder(IHostBuilder hostBuilder)
   at Microsoft.AspNetCore.Mvc.Testing.WebApplicationFactory`1.StartServer()
   at Microsoft.AspNetCore.Mvc.Testing.WebApplicationFactory`1.get_Services()
   at Erp.Testing.ErpTestEnvironment.SeedAsync(TestDatabaseServer server, String database, SeedPlan plan, IDictionary`2 settings) in /work/tests/Erp.Testing/ErpTestEnvironment.cs:line 128
   at Erp.Testing.ErpTestEnvironment.SeedAsync(TestDatabaseServer server, String database, SeedPlan plan, IDictionary`2 settings) in /work/tests/Erp.Testing/ErpTestEnvironment.cs:line 138
   at Erp.Testing.ErpTestEnvironment.<>c__DisplayClass34_0.<<StartGateAsync>b__0>d.MoveNext() in /work/tests/Erp.Testing/ErpTestEnvironment.cs:line 90
--- End of stack trace from previous location ---
   at Erp.Testing.TestDatabaseServer.<>c__DisplayClass25_0.<<GateTemplateAsync>b__3>d.MoveNext() in /work/tests/Erp.Testing/TestDatabaseServer.cs:line 156
--- End of stack trace from previous location ---
   at Erp.Testing.TestDatabaseServer.GateTemplateAsync(IDictionary`2 settings, Func`2 seed) in /work/tests/Erp.Testing/TestDatabaseServer.cs:line 161
   at Erp.Testing.ErpTestEnvironment.StartGateAsync(IDictionary`2 settings) in /work/tests/Erp.Testing/ErpTestEnvironment.cs:line 87
   at Erp.Gates.Tests.Infrastructure.GateFixture.InitializeAsync() in /work/tests/Erp.Gates.Tests/Infrastructure/GateFixture.cs:line 17
  Failed Erp.Gates.Tests.Rules.ListContractGateTests.Every_filterable_column_filters_its_list_and_other_columns_are_refused [1 ms]
  Error Message:
   Assembly fixture type 'Erp.Gates.Tests.Infrastructure.GateFixture' threw in InitializeAsync
---- System.InvalidOperationException : Endpoint authorisation is incomplete:
HTTP: DELETE /api/identity/me/preferences => ResetPreferences: declares no permission
  Stack Trace:
  
----- Inner Stack Trace -----
   at Erp.Kernel.Hosting.ErpPlatform.ValidateEndpoints(WebApplication app) in /work/src/Kernel/Erp.Kernel/Hosting/ErpPlatform.cs:line 236
   at Erp.Kernel.Hosting.ErpPlatform.UseErpPlatform(WebApplication app) in /work/src/Kernel/Erp.Kernel/Hosting/ErpPlatform.cs:line 202
   at Program.<Main>$(String[] args) in /work/src/Host/Erp.Host/Program.cs:line 8
   at Program.<Main>(String[] args)
   at System.Reflection.MethodBaseInvoker.InterpretedInvoke_Method(Object obj, IntPtr* args)
   at System.Reflection.MethodBaseInvoker.InvokeDirectByRefWithFewArgs(Object obj, Span`1 copyOfArgs, BindingFlags invokeAttr)
--- End of stack trace from previous location ---
   at Microsoft.AspNetCore.Mvc.Testing.DeferredHostBuilder.DeferredHost.StartAsync(CancellationToken cancellationToken)
   at Microsoft.Extensions.Hosting.HostingAbstractionsHostExtensions.Start(IHost host)
   at Microsoft.AspNetCore.Mvc.Testing.WebApplicationFactory`1.CreateHost(IHostBuilder builder)
   at Microsoft.AspNetCore.Mvc.Testing.WebApplicationFactory`1.ConfigureHostBuilder(IHostBuilder hostBuilder)
   at Microsoft.AspNetCore.Mvc.Testing.WebApplicationFactory`1.StartServer()
   at Microsoft.AspNetCore.Mvc.Testing.WebApplicationFactory`1.get_Services()
   at Erp.Testing.ErpTestEnvironment.SeedAsync(TestDatabaseServer server, String database, SeedPlan plan, IDictionary`2 settings) in /work/tests/Erp.Testing/ErpTestEnvironment.cs:line 128
   at Erp.Testing.ErpTestEnvironment.SeedAsync(TestDatabaseServer server, String database, SeedPlan plan, IDictionary`2 settings) in /work/tests/Erp.Testing/ErpTestEnvironment.cs:line 138
   at Erp.Testing.ErpTestEnvironment.<>c__DisplayClass34_0.<<StartGateAsync>b__0>d.MoveNext() in /work/tests/Erp.Testing/ErpTestEnvironment.cs:line 90
--- End of stack trace from previous location ---
   at Erp.Testing.TestDatabaseServer.<>c__DisplayClass25_0.<<GateTemplateAsync>b__3>d.MoveNext() in /work/tests/Erp.Testing/TestDatabaseServer.cs:line 156
--- End of stack trace from previous location ---
   at Erp.Testing.TestDatabaseServer.GateTemplateAsync(IDictionary`2 settings, Func`2 seed) in /work/tests/Erp.Testing/TestDatabaseServer.cs:line 161
   at Erp.Testing.ErpTestEnvironment.StartGateAsync(IDictionary`2 settings) in /work/tests/Erp.Testing/ErpTestEnvironment.cs:line 87
   at Erp.Gates.Tests.Infrastructure.GateFixture.InitializeAsync() in /work/tests/Erp.Gates.Tests/Infrastructure/GateFixture.cs:line 17
  Failed Erp.Gates.Tests.Rules.ListContractGateTests.Every_sortable_column_orders_its_list_both_ways_and_keyset_paging_matches_one_page [1 ms]
  Error Message:
   Assembly fixture type 'Erp.Gates.Tests.Infrastructure.GateFixture' threw in InitializeAsync
---- System.InvalidOperationException : Endpoint authorisation is incomplete:
HTTP: DELETE /api/identity/me/preferences => ResetPreferences: declares no permission
  Stack Trace:
  
----- Inner Stack Trace -----
   at Erp.Kernel.Hosting.ErpPlatform.ValidateEndpoints(WebApplication app) in /work/src/Kernel/Erp.Kernel/Hosting/ErpPlatform.cs:line 236
   at Erp.Kernel.Hosting.ErpPlatform.UseErpPlatform(WebApplication app) in /work/src/Kernel/Erp.Kernel/Hosting/ErpPlatform.cs:line 202
   at Program.<Main>$(String[] args) in /work/src/Host/Erp.Host/Program.cs:line 8
   at Program.<Main>(String[] args)
   at System.Reflection.MethodBaseInvoker.InterpretedInvoke_Method(Object obj, IntPtr* args)
   at System.Reflection.MethodBaseInvoker.InvokeDirectByRefWithFewArgs(Object obj, Span`1 copyOfArgs, BindingFlags invokeAttr)
--- End of stack trace from previous location ---
   at Microsoft.AspNetCore.Mvc.Testing.DeferredHostBuilder.DeferredHost.StartAsync(CancellationToken cancellationToken)
   at Microsoft.Extensions.Hosting.HostingAbstractionsHostExtensions.Start(IHost host)
   at Microsoft.AspNetCore.Mvc.Testing.WebApplicationFactory`1.CreateHost(IHostBuilder builder)
   at Microsoft.AspNetCore.Mvc.Testing.WebApplicationFactory`1.ConfigureHostBuilder(IHostBuilder hostBuilder)
   at Microsoft.AspNetCore.Mvc.Testing.WebApplicationFactory`1.StartServer()
   at Microsoft.AspNetCore.Mvc.Testing.WebApplicationFactory`1.get_Services()
   at Erp.Testing.ErpTestEnvironment.SeedAsync(TestDatabaseServer server, String database, SeedPlan plan, IDictionary`2 settings) in /work/tests/Erp.Testing/ErpTestEnvironment.cs:line 128
   at Erp.Testing.ErpTestEnvironment.SeedAsync(TestDatabaseServer server, String database, SeedPlan plan, IDictionary`2 settings) in /work/tests/Erp.Testing/ErpTestEnvironment.cs:line 138
   at Erp.Testing.ErpTestEnvironment.<>c__DisplayClass34_0.<<StartGateAsync>b__0>d.MoveNext() in /work/tests/Erp.Testing/ErpTestEnvironment.cs:line 90
--- End of stack trace from previous location ---
   at Erp.Testing.TestDatabaseServer.<>c__DisplayClass25_0.<<GateTemplateAsync>b__3>d.MoveNext() in /work/tests/Erp.Testing/TestDatabaseServer.cs:line 156
--- End of stack trace from previous location ---
   at Erp.Testing.TestDatabaseServer.GateTemplateAsync(IDictionary`2 settings, Func`2 seed) in /work/tests/Erp.Testing/TestDatabaseServer.cs:line 161
   at Erp.Testing.ErpTestEnvironment.StartGateAsync(IDictionary`2 settings) in /work/tests/Erp.Testing/ErpTestEnvironment.cs:line 87
   at Erp.Gates.Tests.Infrastructure.GateFixture.InitializeAsync() in /work/tests/Erp.Gates.Tests/Infrastructure/GateFixture.cs:line 17
  Failed Erp.Gates.Tests.Rules.ListContractGateTests.Every_registered_list_documents_the_list_query_contract_and_its_definition [1 ms]
  Error Message:
   Assembly fixture type 'Erp.Gates.Tests.Infrastructure.GateFixture' threw in InitializeAsync
---- System.InvalidOperationException : Endpoint authorisation is incomplete:
HTTP: DELETE /api/identity/me/preferences => ResetPreferences: declares no permission
  Stack Trace:
  
----- Inner Stack Trace -----
   at Erp.Kernel.Hosting.ErpPlatform.ValidateEndpoints(WebApplication app) in /work/src/Kernel/Erp.Kernel/Hosting/ErpPlatform.cs:line 236
   at Erp.Kernel.Hosting.ErpPlatform.UseErpPlatform(WebApplication app) in /work/src/Kernel/Erp.Kernel/Hosting/ErpPlatform.cs:line 202
   at Program.<Main>$(String[] args) in /work/src/Host/Erp.Host/Program.cs:line 8
   at Program.<Main>(String[] args)
   at System.Reflection.MethodBaseInvoker.InterpretedInvoke_Method(Object obj, IntPtr* args)
   at System.Reflection.MethodBaseInvoker.InvokeDirectByRefWithFewArgs(Object obj, Span`1 copyOfArgs, BindingFlags invokeAttr)
--- End of stack trace from previous location ---
   at Microsoft.AspNetCore.Mvc.Testing.DeferredHostBuilder.DeferredHost.StartAsync(CancellationToken cancellationToken)
   at Microsoft.Extensions.Hosting.HostingAbstractionsHostExtensions.Start(IHost host)
   at Microsoft.AspNetCore.Mvc.Testing.WebApplicationFactory`1.CreateHost(IHostBuilder builder)
   at Microsoft.AspNetCore.Mvc.Testing.WebApplicationFactory`1.ConfigureHostBuilder(IHostBuilder hostBuilder)
   at Microsoft.AspNetCore.Mvc.Testing.WebApplicationFactory`1.StartServer()
   at Microsoft.AspNetCore.Mvc.Testing.WebApplicationFactory`1.get_Services()
   at Erp.Testing.ErpTestEnvironment.SeedAsync(TestDatabaseServer server, String database, SeedPlan plan, IDictionary`2 settings) in /work/tests/Erp.Testing/ErpTestEnvironment.cs:line 128
   at Erp.Testing.ErpTestEnvironment.SeedAsync(TestDatabaseServer server, String database, SeedPlan plan, IDictionary`2 settings) in /work/tests/Erp.Testing/ErpTestEnvironment.cs:line 138
   at Erp.Testing.ErpTestEnvironment.<>c__DisplayClass34_0.<<StartGateAsync>b__0>d.MoveNext() in /work/tests/Erp.Testing/ErpTestEnvironment.cs:line 90
--- End of stack trace from previous location ---
   at Erp.Testing.TestDatabaseServer.<>c__DisplayClass25_0.<<GateTemplateAsync>b__3>d.MoveNext() in /work/tests/Erp.Testing/TestDatabaseServer.cs:line 156
--- End of stack trace from previous location ---
   at Erp.Testing.TestDatabaseServer.GateTemplateAsync(IDictionary`2 settings, Func`2 seed) in /work/tests/Erp.Testing/TestDatabaseServer.cs:line 161
   at Erp.Testing.ErpTestEnvironment.StartGateAsync(IDictionary`2 settings) in /work/tests/Erp.Testing/ErpTestEnvironment.cs:line 87
   at Erp.Gates.Tests.Infrastructure.GateFixture.InitializeAsync() in /work/tests/Erp.Gates.Tests/Infrastructure/GateFixture.cs:line 17
  Failed Erp.Gates.Tests.Rules.ModuleBoundaryGateTests.The_boundary_check_catches_a_module_reaching_into_another_one [1 ms]
  Error Message:
   Assembly fixture type 'Erp.Gates.Tests.Infrastructure.GateFixture' threw in InitializeAsync
---- System.InvalidOperationException : Endpoint authorisation is incomplete:
HTTP: DELETE /api/identity/me/preferences => ResetPreferences: declares no permission
  Stack Trace:
  
----- Inner Stack Trace -----
   at Erp.Kernel.Hosting.ErpPlatform.ValidateEndpoints(WebApplication app) in /work/src/Kernel/Erp.Kernel/Hosting/ErpPlatform.cs:line 236
   at Erp.Kernel.Hosting.ErpPlatform.UseErpPlatform(WebApplication app) in /work/src/Kernel/Erp.Kernel/Hosting/ErpPlatform.cs:line 202
   at Program.<Main>$(String[] args) in /work/src/Host/Erp.Host/Program.cs:line 8
   at Program.<Main>(String[] args)
   at System.Reflection.MethodBaseInvoker.InterpretedInvoke_Method(Object obj, IntPtr* args)
   at System.Reflection.MethodBaseInvoker.InvokeDirectByRefWithFewArgs(Object obj, Span`1 copyOfArgs, BindingFlags invokeAttr)
--- End of stack trace from previous location ---
   at Microsoft.AspNetCore.Mvc.Testing.DeferredHostBuilder.DeferredHost.StartAsync(CancellationToken cancellationToken)
   at Microsoft.Extensions.Hosting.HostingAbstractionsHostExtensions.Start(IHost host)
   at Microsoft.AspNetCore.Mvc.Testing.WebApplicationFactory`1.CreateHost(IHostBuilder builder)
   at Microsoft.AspNetCore.Mvc.Testing.WebApplicationFactory`1.ConfigureHostBuilder(IHostBuilder hostBuilder)
   at Microsoft.AspNetCore.Mvc.Testing.WebApplicationFactory`1.StartServer()
   at Microsoft.AspNetCore.Mvc.Testing.WebApplicationFactory`1.get_Services()
   at Erp.Testing.ErpTestEnvironment.SeedAsync(TestDatabaseServer server, String database, SeedPlan plan, IDictionary`2 settings) in /work/tests/Erp.Testing/ErpTestEnvironment.cs:line 128
   at Erp.Testing.ErpTestEnvironment.SeedAsync(TestDatabaseServer server, String database, SeedPlan plan, IDictionary`2 settings) in /work/tests/Erp.Testing/ErpTestEnvironment.cs:line 138
   at Erp.Testing.ErpTestEnvironment.<>c__DisplayClass34_0.<<StartGateAsync>b__0>d.MoveNext() in /work/tests/Erp.Testing/ErpTestEnvironment.cs:line 90
--- End of stack trace from previous location ---
   at Erp.Testing.TestDatabaseServer.<>c__DisplayClass25_0.<<GateTemplateAsync>b__3>d.MoveNext() in /work/tests/Erp.Testing/TestDatabaseServer.cs:line 156
--- End of stack trace from previous location ---
   at Erp.Testing.TestDatabaseServer.GateTemplateAsync(IDictionary`2 settings, Func`2 seed) in /work/tests/Erp.Testing/TestDatabaseServer.cs:line 161
   at Erp.Testing.ErpTestEnvironment.StartGateAsync(IDictionary`2 settings) in /work/tests/Erp.Testing/ErpTestEnvironment.cs:line 87
   at Erp.Gates.Tests.Infrastructure.GateFixture.InitializeAsync() in /work/tests/Erp.Gates.Tests/Infrastructure/GateFixture.cs:line 17
[xUnit.net 00:00:08.72]     Erp.Gates.Tests.Rules.ModuleBoundaryGateTests.Modules_use_one_another_only_through_their_contracts [FAIL]
[xUnit.net 00:00:08.72]       Assembly fixture type 'Erp.Gates.Tests.Infrastructure.GateFixture' threw in InitializeAsync
[xUnit.net 00:00:08.72]       ---- System.InvalidOperationException : Endpoint authorisation is incomplete:
[xUnit.net 00:00:08.72]       HTTP: DELETE /api/identity/me/preferences => ResetPreferences: declares no permission
[xUnit.net 00:00:08.72]       Stack Trace:
[xUnit.net 00:00:08.72]         
[xUnit.net 00:00:08.72]         ----- Inner Stack Trace -----
[xUnit.net 00:00:08.72]         /work/src/Kernel/Erp.Kernel/Hosting/ErpPlatform.cs(236,0): at Erp.Kernel.Hosting.ErpPlatform.ValidateEndpoints(WebApplication app)
[xUnit.net 00:00:08.72]         /work/src/Kernel/Erp.Kernel/Hosting/ErpPlatform.cs(202,0): at Erp.Kernel.Hosting.ErpPlatform.UseErpPlatform(WebApplication app)
[xUnit.net 00:00:08.72]         /work/src/Host/Erp.Host/Program.cs(8,0): at Program.<Main>$(String[] args)
[xUnit.net 00:00:08.72]            at Program.<Main>(String[] args)
[xUnit.net 00:00:08.72]            at System.Reflection.MethodBaseInvoker.InterpretedInvoke_Method(Object obj, IntPtr* args)
[xUnit.net 00:00:08.72]            at System.Reflection.MethodBaseInvoker.InvokeDirectByRefWithFewArgs(Object obj, Span`1 copyOfArgs, BindingFlags invokeAttr)
[xUnit.net 00:00:08.72]         --- End of stack trace from previous location ---
[xUnit.net 00:00:08.72]            at Microsoft.AspNetCore.Mvc.Testing.DeferredHostBuilder.DeferredHost.StartAsync(CancellationToken cancellationToken)
[xUnit.net 00:00:08.72]            at Microsoft.Extensions.Hosting.HostingAbstractionsHostExtensions.Start(IHost host)
[xUnit.net 00:00:08.72]            at Microsoft.AspNetCore.Mvc.Testing.WebApplicationFactory`1.CreateHost(IHostBuilder builder)
[xUnit.net 00:00:08.72]            at Microsoft.AspNetCore.Mvc.Testing.WebApplicationFactory`1.ConfigureHostBuilder(IHostBuilder hostBuilder)
[xUnit.net 00:00:08.72]            at Microsoft.AspNetCore.Mvc.Testing.WebApplicationFactory`1.StartServer()
[xUnit.net 00:00:08.72]            at Microsoft.AspNetCore.Mvc.Testing.WebApplicationFactory`1.get_Services()
[xUnit.net 00:00:08.72]         /work/tests/Erp.Testing/ErpTestEnvironment.cs(128,0): at Erp.Testing.ErpTestEnvironment.SeedAsync(TestDatabaseServer server, String database, SeedPlan plan, IDictionary`2 settings)
[xUnit.net 00:00:08.72]         /work/tests/Erp.Testing/ErpTestEnvironment.cs(138,0): at Erp.Testing.ErpTestEnvironment.SeedAsync(TestDatabaseServer server, String database, SeedPlan plan, IDictionary`2 settings)
[xUnit.net 00:00:08.72]         /work/tests/Erp.Testing/ErpTestEnvironment.cs(90,0): at Erp.Testing.ErpTestEnvironment.<>c__DisplayClass34_0.<<StartGateAsync>b__0>d.MoveNext()
[xUnit.net 00:00:08.72]         --- End of stack trace from previous location ---
[xUnit.net 00:00:08.72]         /work/tests/Erp.Testing/TestDatabaseServer.cs(156,0): at Erp.Testing.TestDatabaseServer.<>c__DisplayClass25_0.<<GateTemplateAsync>b__3>d.MoveNext()
[xUnit.net 00:00:08.72]         --- End of stack trace from previous location ---
[xUnit.net 00:00:08.72]         /work/tests/Erp.Testing/TestDatabaseServer.cs(161,0): at Erp.Testing.TestDatabaseServer.GateTemplateAsync(IDictionary`2 settings, Func`2 seed)
[xUnit.net 00:00:08.72]         /work/tests/Erp.Testing/ErpTestEnvironment.cs(87,0): at Erp.Testing.ErpTestEnvironment.StartGateAsync(IDictionary`2 settings)
[xUnit.net 00:00:08.72]         /work/tests/Erp.Gates.Tests/Infrastructure/GateFixture.cs(17,0): at Erp.Gates.Tests.Infrastructure.GateFixture.InitializeAsync()
[xUnit.net 00:00:08.72]     Erp.Gates.Tests.G1.G1CompanyIsolationTests.A_user_of_company_X_cannot_reach_company_Y_through_any_endpoint [FAIL]
[xUnit.net 00:00:08.72]       Assembly fixture type 'Erp.Gates.Tests.Infrastructure.GateFixture' threw in InitializeAsync
[xUnit.net 00:00:08.72]       ---- System.InvalidOperationException : Endpoint authorisation is incomplete:
[xUnit.net 00:00:08.72]       HTTP: DELETE /api/identity/me/preferences => ResetPreferences: declares no permission
[xUnit.net 00:00:08.72]       Stack Trace:
[xUnit.net 00:00:08.72]         
[xUnit.net 00:00:08.72]         ----- Inner Stack Trace -----
[xUnit.net 00:00:08.72]         /work/src/Kernel/Erp.Kernel/Hosting/ErpPlatform.cs(236,0): at Erp.Kernel.Hosting.ErpPlatform.ValidateEndpoints(WebApplication app)
[xUnit.net 00:00:08.72]         /work/src/Kernel/Erp.Kernel/Hosting/ErpPlatform.cs(202,0): at Erp.Kernel.Hosting.ErpPlatform.UseErpPlatform(WebApplication app)
[xUnit.net 00:00:08.72]         /work/src/Host/Erp.Host/Program.cs(8,0): at Program.<Main>$(String[] args)
[xUnit.net 00:00:08.72]            at Program.<Main>(String[] args)
[xUnit.net 00:00:08.72]            at System.Reflection.MethodBaseInvoker.InterpretedInvoke_Method(Object obj, IntPtr* args)
[xUnit.net 00:00:08.72]            at System.Reflection.MethodBaseInvoker.InvokeDirectByRefWithFewArgs(Object obj, Span`1 copyOfArgs, BindingFlags invokeAttr)
[xUnit.net 00:00:08.72]         --- End of stack trace from previous location ---
[xUnit.net 00:00:08.72]            at Microsoft.AspNetCore.Mvc.Testing.DeferredHostBuilder.DeferredHost.StartAsync(CancellationToken cancellationToken)
[xUnit.net 00:00:08.72]            at Microsoft.Extensions.Hosting.HostingAbstractionsHostExtensions.Start(IHost host)
[xUnit.net 00:00:08.72]            at Microsoft.AspNetCore.Mvc.Testing.WebApplicationFactory`1.CreateHost(IHostBuilder builder)
[xUnit.net 00:00:08.72]            at Microsoft.AspNetCore.Mvc.Testing.WebApplicationFactory`1.ConfigureHostBuilder(IHostBuilder hostBuilder)
[xUnit.net 00:00:08.72]            at Microsoft.AspNetCore.Mvc.Testing.WebApplicationFactory`1.StartServer()
[xUnit.net 00:00:08.72]            at Microsoft.AspNetCore.Mvc.Testing.WebApplicationFactory`1.get_Services()
[xUnit.net 00:00:08.72]         /work/tests/Erp.Testing/ErpTestEnvironment.cs(128,0): at Erp.Testing.ErpTestEnvironment.SeedAsync(TestDatabaseServer server, String database, SeedPlan plan, IDictionary`2 settings)
[xUnit.net 00:00:08.72]         /work/tests/Erp.Testing/ErpTestEnvironment.cs(138,0): at Erp.Testing.ErpTestEnvironment.SeedAsync(TestDatabaseServer server, String database, SeedPlan plan, IDictionary`2 settings)
[xUnit.net 00:00:08.72]         /work/tests/Erp.Testing/ErpTestEnvironment.cs(90,0): at Erp.Testing.ErpTestEnvironment.<>c__DisplayClass34_0.<<StartGateAsync>b__0>d.MoveNext()
[xUnit.net 00:00:08.72]         --- End of stack trace from previous location ---
[xUnit.net 00:00:08.72]         /work/tests/Erp.Testing/TestDatabaseServer.cs(156,0): at Erp.Testing.TestDatabaseServer.<>c__DisplayClass25_0.<<GateTemplateAsync>b__3>d.MoveNext()
[xUnit.net 00:00:08.72]         --- End of stack trace from previous location ---
[xUnit.net 00:00:08.72]         /work/tests/Erp.Testing/TestDatabaseServer.cs(161,0): at Erp.Testing.TestDatabaseServer.GateTemplateAsync(IDictionary`2 settings, Func`2 seed)
[xUnit.net 00:00:08.72]         /work/tests/Erp.Testing/ErpTestEnvironment.cs(87,0): at Erp.Testing.ErpTestEnvironment.StartGateAsync(IDictionary`2 settings)
[xUnit.net 00:00:08.72]         /work/tests/Erp.Gates.Tests/Infrastructure/GateFixture.cs(17,0): at Erp.Gates.Tests.Infrastructure.GateFixture.InitializeAsync()
[xUnit.net 00:00:08.72]     Erp.Gates.Tests.G1.G1TenantSourceTests.The_scanner_catches_every_planted_bypass [FAIL]
[xUnit.net 00:00:08.72]       Assembly fixture type 'Erp.Gates.Tests.Infrastructure.GateFixture' threw in InitializeAsync
[xUnit.net 00:00:08.72]       ---- System.InvalidOperationException : Endpoint authorisation is incomplete:
[xUnit.net 00:00:08.72]       HTTP: DELETE /api/identity/me/preferences => ResetPreferences: declares no permission
[xUnit.net 00:00:08.72]       Stack Trace:
[xUnit.net 00:00:08.72]         
[xUnit.net 00:00:08.72]         ----- Inner Stack Trace -----
[xUnit.net 00:00:08.72]         /work/src/Kernel/Erp.Kernel/Hosting/ErpPlatform.cs(236,0): at Erp.Kernel.Hosting.ErpPlatform.ValidateEndpoints(WebApplication app)
[xUnit.net 00:00:08.72]         /work/src/Kernel/Erp.Kernel/Hosting/ErpPlatform.cs(202,0): at Erp.Kernel.Hosting.ErpPlatform.UseErpPlatform(WebApplication app)
[xUnit.net 00:00:08.72]         /work/src/Host/Erp.Host/Program.cs(8,0): at Program.<Main>$(String[] args)
[xUnit.net 00:00:08.72]            at Program.<Main>(String[] args)
[xUnit.net 00:00:08.72]            at System.Reflection.MethodBaseInvoker.InterpretedInvoke_Method(Object obj, IntPtr* args)
[xUnit.net 00:00:08.72]            at System.Reflection.MethodBaseInvoker.InvokeDirectByRefWithFewArgs(Object obj, Span`1 copyOfArgs, BindingFlags invokeAttr)
[xUnit.net 00:00:08.72]         --- End of stack trace from previous location ---
[xUnit.net 00:00:08.72]            at Microsoft.AspNetCore.Mvc.Testing.DeferredHostBuilder.DeferredHost.StartAsync(CancellationToken cancellationToken)
[xUnit.net 00:00:08.72]            at Microsoft.Extensions.Hosting.HostingAbstractionsHostExtensions.Start(IHost host)
[xUnit.net 00:00:08.72]            at Microsoft.AspNetCore.Mvc.Testing.WebApplicationFactory`1.CreateHost(IHostBuilder builder)
[xUnit.net 00:00:08.72]            at Microsoft.AspNetCore.Mvc.Testing.WebApplicationFactory`1.ConfigureHostBuilder(IHostBuilder hostBuilder)
[xUnit.net 00:00:08.72]            at Microsoft.AspNetCore.Mvc.Testing.WebApplicationFactory`1.StartServer()
[xUnit.net 00:00:08.72]            at Microsoft.AspNetCore.Mvc.Testing.WebApplicationFactory`1.get_Services()
[xUnit.net 00:00:08.72]         /work/tests/Erp.Testing/ErpTestEnvironment.cs(128,0): at Erp.Testing.ErpTestEnvironment.SeedAsync(TestDatabaseServer server, String database, SeedPlan plan, IDictionary`2 settings)
[xUnit.net 00:00:08.72]         /work/tests/Erp.Testing/ErpTestEnvironment.cs(138,0): at Erp.Testing.ErpTestEnvironment.SeedAsync(TestDatabaseServer server, String database, SeedPlan plan, IDictionary`2 settings)
[xUnit.net 00:00:08.72]         /work/tests/Erp.Testing/ErpTestEnvironment.cs(90,0): at Erp.Testing.ErpTestEnvironment.<>c__DisplayClass34_0.<<StartGateAsync>b__0>d.MoveNext()
[xUnit.net 00:00:08.72]         --- End of stack trace from previous location ---
[xUnit.net 00:00:08.72]         /work/tests/Erp.Testing/TestDatabaseServer.cs(156,0): at Erp.Testing.TestDatabaseServer.<>c__DisplayClass25_0.<<GateTemplateAsync>b__3>d.MoveNext()
[xUnit.net 00:00:08.72]         --- End of stack trace from previous location ---
[xUnit.net 00:00:08.72]         /work/tests/Erp.Testing/TestDatabaseServer.cs(161,0): at Erp.Testing.TestDatabaseServer.GateTemplateAsync(IDictionary`2 settings, Func`2 seed)
[xUnit.net 00:00:08.72]         /work/tests/Erp.Testing/ErpTestEnvironment.cs(87,0): at Erp.Testing.ErpTestEnvironment.StartGateAsync(IDictionary`2 settings)
[xUnit.net 00:00:08.72]         /work/tests/Erp.Gates.Tests/Infrastructure/GateFixture.cs(17,0): at Erp.Gates.Tests.Infrastructure.GateFixture.InitializeAsync()
[xUnit.net 00:00:08.72]     Erp.Gates.Tests.G1.G1TenantSourceTests.Only_reviewed_files_choose_a_tenant_or_step_around_the_unit_of_work [FAIL]
[xUnit.net 00:00:08.72]       Assembly fixture type 'Erp.Gates.Tests.Infrastructure.GateFixture' threw in InitializeAsync
[xUnit.net 00:00:08.72]       ---- System.InvalidOperationException : Endpoint authorisation is incomplete:
[xUnit.net 00:00:08.72]       HTTP: DELETE /api/identity/me/preferences => ResetPreferences: declares no permission
[xUnit.net 00:00:08.72]       Stack Trace:
[xUnit.net 00:00:08.72]         
[xUnit.net 00:00:08.72]         ----- Inner Stack Trace -----
[xUnit.net 00:00:08.72]         /work/src/Kernel/Erp.Kernel/Hosting/ErpPlatform.cs(236,0): at Erp.Kernel.Hosting.ErpPlatform.ValidateEndpoints(WebApplication app)
[xUnit.net 00:00:08.72]         /work/src/Kernel/Erp.Kernel/Hosting/ErpPlatform.cs(202,0): at Erp.Kernel.Hosting.ErpPlatform.UseErpPlatform(WebApplication app)
[xUnit.net 00:00:08.72]         /work/src/Host/Erp.Host/Program.cs(8,0): at Program.<Main>$(String[] args)
[xUnit.net 00:00:08.72]            at Program.<Main>(String[] args)
[xUnit.net 00:00:08.72]            at System.Reflection.MethodBaseInvoker.InterpretedInvoke_Method(Object obj, IntPtr* args)
[xUnit.net 00:00:08.72]            at System.Reflection.MethodBaseInvoker.InvokeDirectByRefWithFewArgs(Object obj, Span`1 copyOfArgs, BindingFlags invokeAttr)
[xUnit.net 00:00:08.72]         --- End of stack trace from previous location ---
[xUnit.net 00:00:08.72]            at Microsoft.AspNetCore.Mvc.Testing.DeferredHostBuilder.DeferredHost.StartAsync(CancellationToken cancellationToken)
[xUnit.net 00:00:08.72]            at Microsoft.Extensions.Hosting.HostingAbstractionsHostExtensions.Start(IHost host)
[xUnit.net 00:00:08.72]            at Microsoft.AspNetCore.Mvc.Testing.WebApplicationFactory`1.CreateHost(IHostBuilder builder)
[xUnit.net 00:00:08.72]            at Microsoft.AspNetCore.Mvc.Testing.WebApplicationFactory`1.ConfigureHostBuilder(IHostBuilder hostBuilder)
[xUnit.net 00:00:08.72]            at Microsoft.AspNetCore.Mvc.Testing.WebApplicationFactory`1.StartServer()
[xUnit.net 00:00:08.72]            at Microsoft.AspNetCore.Mvc.Testing.WebApplicationFactory`1.get_Services()
[xUnit.net 00:00:08.72]         /work/tests/Erp.Testing/ErpTestEnvironment.cs(128,0): at Erp.Testing.ErpTestEnvironment.SeedAsync(TestDatabaseServer server, String database, SeedPlan plan, IDictionary`2 settings)
[xUnit.net 00:00:08.72]         /work/tests/Erp.Testing/ErpTestEnvironment.cs(138,0): at Erp.Testing.ErpTestEnvironment.SeedAsync(TestDatabaseServer server, String database, SeedPlan plan, IDictionary`2 settings)
[xUnit.net 00:00:08.72]         /work/tests/Erp.Testing/ErpTestEnvironment.cs(90,0): at Erp.Testing.ErpTestEnvironment.<>c__DisplayClass34_0.<<StartGateAsync>b__0>d.MoveNext()
[xUnit.net 00:00:08.72]         --- End of stack trace from previous location ---
[xUnit.net 00:00:08.72]         /work/tests/Erp.Testing/TestDatabaseServer.cs(156,0): at Erp.Testing.TestDatabaseServer.<>c__DisplayClass25_0.<<GateTemplateAsync>b__3>d.MoveNext()
[xUnit.net 00:00:08.72]         --- End of stack trace from previous location ---
[xUnit.net 00:00:08.72]         /work/tests/Erp.Testing/TestDatabaseServer.cs(161,0): at Erp.Testing.TestDatabaseServer.GateTemplateAsync(IDictionary`2 settings, Func`2 seed)
[xUnit.net 00:00:08.72]         /work/tests/Erp.Testing/ErpTestEnvironment.cs(87,0): at Erp.Testing.ErpTestEnvironment.StartGateAsync(IDictionary`2 settings)
[xUnit.net 00:00:08.72]         /work/tests/Erp.Gates.Tests/Infrastructure/GateFixture.cs(17,0): at Erp.Gates.Tests.Infrastructure.GateFixture.InitializeAsync()
[xUnit.net 00:00:08.72]     Erp.Gates.Tests.Rules.ListIndexGateTests.Search_fields_and_sortable_columns_of_database_lists_are_indexed [FAIL]
[xUnit.net 00:00:08.72]       Assembly fixture type 'Erp.Gates.Tests.Infrastructure.GateFixture' threw in InitializeAsync
[xUnit.net 00:00:08.72]       ---- System.InvalidOperationException : Endpoint authorisation is incomplete:
[xUnit.net 00:00:08.72]       HTTP: DELETE /api/identity/me/preferences => ResetPreferences: declares no permission
[xUnit.net 00:00:08.72]       Stack Trace:
[xUnit.net 00:00:08.72]         
[xUnit.net 00:00:08.72]         ----- Inner Stack Trace -----
[xUnit.net 00:00:08.72]         /work/src/Kernel/Erp.Kernel/Hosting/ErpPlatform.cs(236,0): at Erp.Kernel.Hosting.ErpPlatform.ValidateEndpoints(WebApplication app)
[xUnit.net 00:00:08.72]         /work/src/Kernel/Erp.Kernel/Hosting/ErpPlatform.cs(202,0): at Erp.Kernel.Hosting.ErpPlatform.UseErpPlatform(WebApplication app)
[xUnit.net 00:00:08.72]         /work/src/Host/Erp.Host/Program.cs(8,0): at Program.<Main>$(String[] args)
[xUnit.net 00:00:08.72]            at Program.<Main>(String[] args)
[xUnit.net 00:00:08.72]            at System.Reflection.MethodBaseInvoker.InterpretedInvoke_Method(Object obj, IntPtr* args)
[xUnit.net 00:00:08.72]            at System.Reflection.MethodBaseInvoker.InvokeDirectByRefWithFewArgs(Object obj, Span`1 copyOfArgs, BindingFlags invokeAttr)
[xUnit.net 00:00:08.72]         --- End of stack trace from previous location ---
[xUnit.net 00:00:08.72]            at Microsoft.AspNetCore.Mvc.Testing.DeferredHostBuilder.DeferredHost.StartAsync(CancellationToken cancellationToken)
[xUnit.net 00:00:08.72]            at Microsoft.Extensions.Hosting.HostingAbstractionsHostExtensions.Start(IHost host)
[xUnit.net 00:00:08.72]            at Microsoft.AspNetCore.Mvc.Testing.WebApplicationFactory`1.CreateHost(IHostBuilder builder)
[xUnit.net 00:00:08.72]            at Microsoft.AspNetCore.Mvc.Testing.WebApplicationFactory`1.ConfigureHostBuilder(IHostBuilder hostBuilder)
[xUnit.net 00:00:08.72]            at Microsoft.AspNetCore.Mvc.Testing.WebApplicationFactory`1.StartServer()
[xUnit.net 00:00:08.72]            at Microsoft.AspNetCore.Mvc.Testing.WebApplicationFactory`1.get_Services()
[xUnit.net 00:00:08.72]         /work/tests/Erp.Testing/ErpTestEnvironment.cs(128,0): at Erp.Testing.ErpTestEnvironment.SeedAsync(TestDatabaseServer server, String database, SeedPlan plan, IDictionary`2 settings)
[xUnit.net 00:00:08.72]         /work/tests/Erp.Testing/ErpTestEnvironment.cs(138,0): at Erp.Testing.ErpTestEnvironment.SeedAsync(TestDatabaseServer server, String database, SeedPlan plan, IDictionary`2 settings)
[xUnit.net 00:00:08.72]         /work/tests/Erp.Testing/ErpTestEnvironment.cs(90,0): at Erp.Testing.ErpTestEnvironment.<>c__DisplayClass34_0.<<StartGateAsync>b__0>d.MoveNext()
[xUnit.net 00:00:08.72]         --- End of stack trace from previous location ---
[xUnit.net 00:00:08.72]         /work/tests/Erp.Testing/TestDatabaseServer.cs(156,0): at Erp.Testing.TestDatabaseServer.<>c__DisplayClass25_0.<<GateTemplateAsync>b__3>d.MoveNext()
[xUnit.net 00:00:08.72]         --- End of stack trace from previous location ---
[xUnit.net 00:00:08.72]         /work/tests/Erp.Testing/TestDatabaseServer.cs(161,0): at Erp.Testing.TestDatabaseServer.GateTemplateAsync(IDictionary`2 settings, Func`2 seed)
[xUnit.net 00:00:08.72]         /work/tests/Erp.Testing/ErpTestEnvironment.cs(87,0): at Erp.Testing.ErpTestEnvironment.StartGateAsync(IDictionary`2 settings)
[xUnit.net 00:00:08.72]         /work/tests/Erp.Gates.Tests/Infrastructure/GateFixture.cs(17,0): at Erp.Gates.Tests.Infrastructure.GateFixture.InitializeAsync()
[xUnit.net 00:00:08.72]     Erp.Gates.Tests.SelfTests.WriteOracleSelfTests.The_write_oracle_check_catches_a_create_that_refuses_another_tenants_address [FAIL]
[xUnit.net 00:00:08.72]       Assembly fixture type 'Erp.Gates.Tests.Infrastructure.GateFixture' threw in InitializeAsync
[xUnit.net 00:00:08.72]       ---- System.InvalidOperationException : Endpoint authorisation is incomplete:
[xUnit.net 00:00:08.72]       HTTP: DELETE /api/identity/me/preferences => ResetPreferences: declares no permission
[xUnit.net 00:00:08.72]       Stack Trace:
[xUnit.net 00:00:08.72]         
[xUnit.net 00:00:08.72]         ----- Inner Stack Trace -----
[xUnit.net 00:00:08.72]         /work/src/Kernel/Erp.Kernel/Hosting/ErpPlatform.cs(236,0): at Erp.Kernel.Hosting.ErpPlatform.ValidateEndpoints(WebApplication app)
[xUnit.net 00:00:08.72]         /work/src/Kernel/Erp.Kernel/Hosting/ErpPlatform.cs(202,0): at Erp.Kernel.Hosting.ErpPlatform.UseErpPlatform(WebApplication app)
[xUnit.net 00:00:08.72]         /work/src/Host/Erp.Host/Program.cs(8,0): at Program.<Main>$(String[] args)
[xUnit.net 00:00:08.72]            at Program.<Main>(String[] args)
[xUnit.net 00:00:08.72]            at System.Reflection.MethodBaseInvoker.InterpretedInvoke_Method(Object obj, IntPtr* args)
[xUnit.net 00:00:08.72]            at System.Reflection.MethodBaseInvoker.InvokeDirectByRefWithFewArgs(Object obj, Span`1 copyOfArgs, BindingFlags invokeAttr)
[xUnit.net 00:00:08.72]         --- End of stack trace from previous location ---
[xUnit.net 00:00:08.72]            at Microsoft.AspNetCore.Mvc.Testing.DeferredHostBuilder.DeferredHost.StartAsync(CancellationToken cancellationToken)
[xUnit.net 00:00:08.72]            at Microsoft.Extensions.Hosting.HostingAbstractionsHostExtensions.Start(IHost host)
[xUnit.net 00:00:08.72]            at Microsoft.AspNetCore.Mvc.Testing.WebApplicationFactory`1.CreateHost(IHostBuilder builder)
[xUnit.net 00:00:08.72]            at Microsoft.AspNetCore.Mvc.Testing.WebApplicationFactory`1.ConfigureHostBuilder(IHostBuilder hostBuilder)
[xUnit.net 00:00:08.72]            at Microsoft.AspNetCore.Mvc.Testing.WebApplicationFactory`1.StartServer()
[xUnit.net 00:00:08.72]            at Microsoft.AspNetCore.Mvc.Testing.WebApplicationFactory`1.get_Services()
[xUnit.net 00:00:08.72]         /work/tests/Erp.Testing/ErpTestEnvironment.cs(128,0): at Erp.Testing.ErpTestEnvironment.SeedAsync(TestDatabaseServer server, String database, SeedPlan plan, IDictionary`2 settings)
[xUnit.net 00:00:08.72]         /work/tests/Erp.Testing/ErpTestEnvironment.cs(138,0): at Erp.Testing.ErpTestEnvironment.SeedAsync(TestDatabaseServer server, String database, SeedPlan plan, IDictionary`2 settings)
[xUnit.net 00:00:08.72]         /work/tests/Erp.Testing/ErpTestEnvironment.cs(90,0): at Erp.Testing.ErpTestEnvironment.<>c__DisplayClass34_0.<<StartGateAsync>b__0>d.MoveNext()
[xUnit.net 00:00:08.72]         --- End of stack trace from previous location ---
[xUnit.net 00:00:08.72]         /work/tests/Erp.Testing/TestDatabaseServer.cs(156,0): at Erp.Testing.TestDatabaseServer.<>c__DisplayClass25_0.<<GateTemplateAsync>b__3>d.MoveNext()
[xUnit.net 00:00:08.72]         --- End of stack trace from previous location ---
[xUnit.net 00:00:08.72]         /work/tests/Erp.Testing/TestDatabaseServer.cs(161,0): at Erp.Testing.TestDatabaseServer.GateTemplateAsync(IDictionary`2 settings, Func`2 seed)
[xUnit.net 00:00:08.72]         /work/tests/Erp.Testing/ErpTestEnvironment.cs(87,0): at Erp.Testing.ErpTestEnvironment.StartGateAsync(IDictionary`2 settings)
[xUnit.net 00:00:08.72]         /work/tests/Erp.Gates.Tests/Infrastructure/GateFixture.cs(17,0): at Erp.Gates.Tests.Infrastructure.GateFixture.InitializeAsync()
[xUnit.net 00:00:08.73]     Erp.Gates.Tests.SelfTests.GateSelfTests.The_database_check_catches_a_table_without_row_level_security [FAIL]
[xUnit.net 00:00:08.73]       Assembly fixture type 'Erp.Gates.Tests.Infrastructure.GateFixture' threw in InitializeAsync
[xUnit.net 00:00:08.73]       ---- System.InvalidOperationException : Endpoint authorisation is incomplete:
[xUnit.net 00:00:08.73]       HTTP: DELETE /api/identity/me/preferences => ResetPreferences: declares no permission
[xUnit.net 00:00:08.73]       Stack Trace:
[xUnit.net 00:00:08.73]         
[xUnit.net 00:00:08.73]         ----- Inner Stack Trace -----
[xUnit.net 00:00:08.73]         /work/src/Kernel/Erp.Kernel/Hosting/ErpPlatform.cs(236,0): at Erp.Kernel.Hosting.ErpPlatform.ValidateEndpoints(WebApplication app)
[xUnit.net 00:00:08.73]         /work/src/Kernel/Erp.Kernel/Hosting/ErpPlatform.cs(202,0): at Erp.Kernel.Hosting.ErpPlatform.UseErpPlatform(WebApplication app)
[xUnit.net 00:00:08.73]         /work/src/Host/Erp.Host/Program.cs(8,0): at Program.<Main>$(String[] args)
[xUnit.net 00:00:08.73]            at Program.<Main>(String[] args)
[xUnit.net 00:00:08.73]            at System.Reflection.MethodBaseInvoker.InterpretedInvoke_Method(Object obj, IntPtr* args)
[xUnit.net 00:00:08.73]            at System.Reflection.MethodBaseInvoker.InvokeDirectByRefWithFewArgs(Object obj, Span`1 copyOfArgs, BindingFlags invokeAttr)
[xUnit.net 00:00:08.73]         --- End of stack trace from previous location ---
[xUnit.net 00:00:08.73]            at Microsoft.AspNetCore.Mvc.Testing.DeferredHostBuilder.DeferredHost.StartAsync(CancellationToken cancellationToken)
[xUnit.net 00:00:08.73]            at Microsoft.Extensions.Hosting.HostingAbstractionsHostExtensions.Start(IHost host)
[xUnit.net 00:00:08.73]            at Microsoft.AspNetCore.Mvc.Testing.WebApplicationFactory`1.CreateHost(IHostBuilder builder)
[xUnit.net 00:00:08.73]            at Microsoft.AspNetCore.Mvc.Testing.WebApplicationFactory`1.ConfigureHostBuilder(IHostBuilder hostBuilder)
[xUnit.net 00:00:08.73]            at Microsoft.AspNetCore.Mvc.Testing.WebApplicationFactory`1.StartServer()
[xUnit.net 00:00:08.73]            at Microsoft.AspNetCore.Mvc.Testing.WebApplicationFactory`1.get_Services()
[xUnit.net 00:00:08.73]         /work/tests/Erp.Testing/ErpTestEnvironment.cs(128,0): at Erp.Testing.ErpTestEnvironment.SeedAsync(TestDatabaseServer server, String database, SeedPlan plan, IDictionary`2 settings)
[xUnit.net 00:00:08.73]         /work/tests/Erp.Testing/ErpTestEnvironment.cs(138,0): at Erp.Testing.ErpTestEnvironment.SeedAsync(TestDatabaseServer server, String database, SeedPlan plan, IDictionary`2 settings)
[xUnit.net 00:00:08.73]         /work/tests/Erp.Testing/ErpTestEnvironment.cs(90,0): at Erp.Testing.ErpTestEnvironment.<>c__DisplayClass34_0.<<StartGateAsync>b__0>d.MoveNext()
[xUnit.net 00:00:08.73]         --- End of stack trace from previous location ---
[xUnit.net 00:00:08.73]         /work/tests/Erp.Testing/TestDatabaseServer.cs(156,0): at Erp.Testing.TestDatabaseServer.<>c__DisplayClass25_0.<<GateTemplateAsync>b__3>d.MoveNext()
[xUnit.net 00:00:08.73]         --- End of stack trace from previous location ---
[xUnit.net 00:00:08.73]         /work/tests/Erp.Testing/TestDatabaseServer.cs(161,0): at Erp.Testing.TestDatabaseServer.GateTemplateAsync(IDictionary`2 settings, Func`2 seed)
[xUnit.net 00:00:08.73]         /work/tests/Erp.Testing/ErpTestEnvironment.cs(87,0): at Erp.Testing.ErpTestEnvironment.StartGateAsync(IDictionary`2 settings)
[xUnit.net 00:00:08.73]         /work/tests/Erp.Gates.Tests/Infrastructure/GateFixture.cs(17,0): at Erp.Gates.Tests.Infrastructure.GateFixture.InitializeAsync()
[xUnit.net 00:00:08.73]     Erp.Gates.Tests.SelfTests.GateSelfTests.The_database_check_catches_a_unique_index_across_tenants [FAIL]
[xUnit.net 00:00:08.73]       Assembly fixture type 'Erp.Gates.Tests.Infrastructure.GateFixture' threw in InitializeAsync
[xUnit.net 00:00:08.73]       ---- System.InvalidOperationException : Endpoint authorisation is incomplete:
[xUnit.net 00:00:08.73]       HTTP: DELETE /api/identity/me/preferences => ResetPreferences: declares no permission
[xUnit.net 00:00:08.73]       Stack Trace:
[xUnit.net 00:00:08.73]         
[xUnit.net 00:00:08.73]         ----- Inner Stack Trace -----
[xUnit.net 00:00:08.73]         /work/src/Kernel/Erp.Kernel/Hosting/ErpPlatform.cs(236,0): at Erp.Kernel.Hosting.ErpPlatform.ValidateEndpoints(WebApplication app)
[xUnit.net 00:00:08.73]         /work/src/Kernel/Erp.Kernel/Hosting/ErpPlatform.cs(202,0): at Erp.Kernel.Hosting.ErpPlatform.UseErpPlatform(WebApplication app)
[xUnit.net 00:00:08.73]         /work/src/Host/Erp.Host/Program.cs(8,0): at Program.<Main>$(String[] args)
[xUnit.net 00:00:08.73]            at Program.<Main>(String[] args)
[xUnit.net 00:00:08.73]            at System.Reflection.MethodBaseInvoker.InterpretedInvoke_Method(Object obj, IntPtr* args)
[xUnit.net 00:00:08.73]            at System.Reflection.MethodBaseInvoker.InvokeDirectByRefWithFewArgs(Object obj, Span`1 copyOfArgs, BindingFlags invokeAttr)
[xUnit.net 00:00:08.73]         --- End of stack trace from previous location ---
[xUnit.net 00:00:08.73]            at Microsoft.AspNetCore.Mvc.Testing.DeferredHostBuilder.DeferredHost.StartAsync(CancellationToken cancellationToken)
[xUnit.net 00:00:08.73]            at Microsoft.Extensions.Hosting.HostingAbstractionsHostExtensions.Start(IHost host)
[xUnit.net 00:00:08.73]            at Microsoft.AspNetCore.Mvc.Testing.WebApplicationFactory`1.CreateHost(IHostBuilder builder)
[xUnit.net 00:00:08.73]            at Microsoft.AspNetCore.Mvc.Testing.WebApplicationFactory`1.ConfigureHostBuilder(IHostBuilder hostBuilder)
[xUnit.net 00:00:08.73]            at Microsoft.AspNetCore.Mvc.Testing.WebApplicationFactory`1.StartServer()
[xUnit.net 00:00:08.73]            at Microsoft.AspNetCore.Mvc.Testing.WebApplicationFactory`1.get_Services()
[xUnit.net 00:00:08.73]         /work/tests/Erp.Testing/ErpTestEnvironment.cs(128,0): at Erp.Testing.ErpTestEnvironment.SeedAsync(TestDatabaseServer server, String database, SeedPlan plan, IDictionary`2 settings)
[xUnit.net 00:00:08.73]         /work/tests/Erp.Testing/ErpTestEnvironment.cs(138,0): at Erp.Testing.ErpTestEnvironment.SeedAsync(TestDatabaseServer server, String database, SeedPlan plan, IDictionary`2 settings)
[xUnit.net 00:00:08.73]         /work/tests/Erp.Testing/ErpTestEnvironment.cs(90,0): at Erp.Testing.ErpTestEnvironment.<>c__DisplayClass34_0.<<StartGateAsync>b__0>d.MoveNext()
[xUnit.net 00:00:08.73]         --- End of stack trace from previous location ---
[xUnit.net 00:00:08.73]         /work/tests/Erp.Testing/TestDatabaseServer.cs(156,0): at Erp.Testing.TestDatabaseServer.<>c__DisplayClass25_0.<<GateTemplateAsync>b__3>d.MoveNext()
[xUnit.net 00:00:08.73]         --- End of stack trace from previous location ---
[xUnit.net 00:00:08.73]         /work/tests/Erp.Testing/TestDatabaseServer.cs(161,0): at Erp.Testing.TestDatabaseServer.GateTemplateAsync(IDictionary`2 settings, Func`2 seed)
[xUnit.net 00:00:08.73]         /work/tests/Erp.Testing/ErpTestEnvironment.cs(87,0): at Erp.Testing.ErpTestEnvironment.StartGateAsync(IDictionary`2 settings)
[xUnit.net 00:00:08.73]         /work/tests/Erp.Gates.Tests/Infrastructure/GateFixture.cs(17,0): at Erp.Gates.Tests.Infrastructure.GateFixture.InitializeAsync()
[xUnit.net 00:00:08.74]     Erp.Gates.Tests.SelfTests.GateSelfTests.The_permission_checks_catch_a_write_guarded_by_a_read_permission_and_a_read_that_writes [FAIL]
[xUnit.net 00:00:08.74]       Assembly fixture type 'Erp.Gates.Tests.Infrastructure.GateFixture' threw in InitializeAsync
[xUnit.net 00:00:08.74]       ---- System.InvalidOperationException : Endpoint authorisation is incomplete:
[xUnit.net 00:00:08.74]       HTTP: DELETE /api/identity/me/preferences => ResetPreferences: declares no permission
[xUnit.net 00:00:08.74]       Stack Trace:
[xUnit.net 00:00:08.74]         
[xUnit.net 00:00:08.74]         ----- Inner Stack Trace -----
[xUnit.net 00:00:08.74]         /work/src/Kernel/Erp.Kernel/Hosting/ErpPlatform.cs(236,0): at Erp.Kernel.Hosting.ErpPlatform.ValidateEndpoints(WebApplication app)
[xUnit.net 00:00:08.74]         /work/src/Kernel/Erp.Kernel/Hosting/ErpPlatform.cs(202,0): at Erp.Kernel.Hosting.ErpPlatform.UseErpPlatform(WebApplication app)
[xUnit.net 00:00:08.74]         /work/src/Host/Erp.Host/Program.cs(8,0): at Program.<Main>$(String[] args)
[xUnit.net 00:00:08.74]            at Program.<Main>(String[] args)
[xUnit.net 00:00:08.74]            at System.Reflection.MethodBaseInvoker.InterpretedInvoke_Method(Object obj, IntPtr* args)
[xUnit.net 00:00:08.74]            at System.Reflection.MethodBaseInvoker.InvokeDirectByRefWithFewArgs(Object obj, Span`1 copyOfArgs, BindingFlags invokeAttr)
[xUnit.net 00:00:08.74]         --- End of stack trace from previous location ---
[xUnit.net 00:00:08.74]            at Microsoft.AspNetCore.Mvc.Testing.DeferredHostBuilder.DeferredHost.StartAsync(CancellationToken cancellationToken)
[xUnit.net 00:00:08.74]            at Microsoft.Extensions.Hosting.HostingAbstractionsHostExtensions.Start(IHost host)
[xUnit.net 00:00:08.74]            at Microsoft.AspNetCore.Mvc.Testing.WebApplicationFactory`1.CreateHost(IHostBuilder builder)
[xUnit.net 00:00:08.74]            at Microsoft.AspNetCore.Mvc.Testing.WebApplicationFactory`1.ConfigureHostBuilder(IHostBuilder hostBuilder)
[xUnit.net 00:00:08.74]            at Microsoft.AspNetCore.Mvc.Testing.WebApplicationFactory`1.StartServer()
[xUnit.net 00:00:08.74]            at Microsoft.AspNetCore.Mvc.Testing.WebApplicationFactory`1.get_Services()
[xUnit.net 00:00:08.74]         /work/tests/Erp.Testing/ErpTestEnvironment.cs(128,0): at Erp.Testing.ErpTestEnvironment.SeedAsync(TestDatabaseServer server, String database, SeedPlan plan, IDictionary`2 settings)
[xUnit.net 00:00:08.74]         /work/tests/Erp.Testing/ErpTestEnvironment.cs(138,0): at Erp.Testing.ErpTestEnvironment.SeedAsync(TestDatabaseServer server, String database, SeedPlan plan, IDictionary`2 settings)
[xUnit.net 00:00:08.74]         /work/tests/Erp.Testing/ErpTestEnvironment.cs(90,0): at Erp.Testing.ErpTestEnvironment.<>c__DisplayClass34_0.<<StartGateAsync>b__0>d.MoveNext()
[xUnit.net 00:00:08.74]         --- End of stack trace from previous location ---
[xUnit.net 00:00:08.74]         /work/tests/Erp.Testing/TestDatabaseServer.cs(156,0): at Erp.Testing.TestDatabaseServer.<>c__DisplayClass25_0.<<GateTemplateAsync>b__3>d.MoveNext()
[xUnit.net 00:00:08.74]         --- End of stack trace from previous location ---
[xUnit.net 00:00:08.74]         /work/tests/Erp.Testing/TestDatabaseServer.cs(161,0): at Erp.Testing.TestDatabaseServer.GateTemplateAsync(IDictionary`2 settings, Func`2 seed)
[xUnit.net 00:00:08.74]         /work/tests/Erp.Testing/ErpTestEnvironment.cs(87,0): at Erp.Testing.ErpTestEnvironment.StartGateAsync(IDictionary`2 settings)
[xUnit.net 00:00:08.74]         /work/tests/Erp.Gates.Tests/Infrastructure/GateFixture.cs(17,0): at Erp.Gates.Tests.Infrastructure.GateFixture.InitializeAsync()
  Failed Erp.Gates.Tests.Rules.ModuleBoundaryGateTests.Modules_use_one_another_only_through_their_contracts [1 ms]
  Error Message:
   Assembly fixture type 'Erp.Gates.Tests.Infrastructure.GateFixture' threw in InitializeAsync
---- System.InvalidOperationException : Endpoint authorisation is incomplete:
HTTP: DELETE /api/identity/me/preferences => ResetPreferences: declares no permission
  Stack Trace:
  
----- Inner Stack Trace -----
   at Erp.Kernel.Hosting.ErpPlatform.ValidateEndpoints(WebApplication app) in /work/src/Kernel/Erp.Kernel/Hosting/ErpPlatform.cs:line 236
   at Erp.Kernel.Hosting.ErpPlatform.UseErpPlatform(WebApplication app) in /work/src/Kernel/Erp.Kernel/Hosting/ErpPlatform.cs:line 202
   at Program.<Main>$(String[] args) in /work/src/Host/Erp.Host/Program.cs:line 8
   at Program.<Main>(String[] args)
   at System.Reflection.MethodBaseInvoker.InterpretedInvoke_Method(Object obj, IntPtr* args)
   at System.Reflection.MethodBaseInvoker.InvokeDirectByRefWithFewArgs(Object obj, Span`1 copyOfArgs, BindingFlags invokeAttr)
--- End of stack trace from previous location ---
   at Microsoft.AspNetCore.Mvc.Testing.DeferredHostBuilder.DeferredHost.StartAsync(CancellationToken cancellationToken)
   at Microsoft.Extensions.Hosting.HostingAbstractionsHostExtensions.Start(IHost host)
   at Microsoft.AspNetCore.Mvc.Testing.WebApplicationFactory`1.CreateHost(IHostBuilder builder)
   at Microsoft.AspNetCore.Mvc.Testing.WebApplicationFactory`1.ConfigureHostBuilder(IHostBuilder hostBuilder)
   at Microsoft.AspNetCore.Mvc.Testing.WebApplicationFactory`1.StartServer()
   at Microsoft.AspNetCore.Mvc.Testing.WebApplicationFactory`1.get_Services()
   at Erp.Testing.ErpTestEnvironment.SeedAsync(TestDatabaseServer server, String database, SeedPlan plan, IDictionary`2 settings) in /work/tests/Erp.Testing/ErpTestEnvironment.cs:line 128
   at Erp.Testing.ErpTestEnvironment.SeedAsync(TestDatabaseServer server, String database, SeedPlan plan, IDictionary`2 settings) in /work/tests/Erp.Testing/ErpTestEnvironment.cs:line 138
   at Erp.Testing.ErpTestEnvironment.<>c__DisplayClass34_0.<<StartGateAsync>b__0>d.MoveNext() in /work/tests/Erp.Testing/ErpTestEnvironment.cs:line 90
--- End of stack trace from previous location ---
   at Erp.Testing.TestDatabaseServer.<>c__DisplayClass25_0.<<GateTemplateAsync>b__3>d.MoveNext() in /work/tests/Erp.Testing/TestDatabaseServer.cs:line 156
--- End of stack trace from previous location ---
   at Erp.Testing.TestDatabaseServer.GateTemplateAsync(IDictionary`2 settings, Func`2 seed) in /work/tests/Erp.Testing/TestDatabaseServer.cs:line 161
   at Erp.Testing.ErpTestEnvironment.StartGateAsync(IDictionary`2 settings) in /work/tests/Erp.Testing/ErpTestEnvironment.cs:line 87
   at Erp.Gates.Tests.Infrastructure.GateFixture.InitializeAsync() in /work/tests/Erp.Gates.Tests/Infrastructure/GateFixture.cs:line 17
  Failed Erp.Gates.Tests.G1.G1CompanyIsolationTests.A_user_of_company_X_cannot_reach_company_Y_through_any_endpoint [1 ms]
  Error Message:
   Assembly fixture type 'Erp.Gates.Tests.Infrastructure.GateFixture' threw in InitializeAsync
---- System.InvalidOperationException : Endpoint authorisation is incomplete:
HTTP: DELETE /api/identity/me/preferences => ResetPreferences: declares no permission
  Stack Trace:
  
----- Inner Stack Trace -----
   at Erp.Kernel.Hosting.ErpPlatform.ValidateEndpoints(WebApplication app) in /work/src/Kernel/Erp.Kernel/Hosting/ErpPlatform.cs:line 236
   at Erp.Kernel.Hosting.ErpPlatform.UseErpPlatform(WebApplication app) in /work/src/Kernel/Erp.Kernel/Hosting/ErpPlatform.cs:line 202
   at Program.<Main>$(String[] args) in /work/src/Host/Erp.Host/Program.cs:line 8
   at Program.<Main>(String[] args)
   at System.Reflection.MethodBaseInvoker.InterpretedInvoke_Method(Object obj, IntPtr* args)
   at System.Reflection.MethodBaseInvoker.InvokeDirectByRefWithFewArgs(Object obj, Span`1 copyOfArgs, BindingFlags invokeAttr)
--- End of stack trace from previous location ---
   at Microsoft.AspNetCore.Mvc.Testing.DeferredHostBuilder.DeferredHost.StartAsync(CancellationToken cancellationToken)
   at Microsoft.Extensions.Hosting.HostingAbstractionsHostExtensions.Start(IHost host)
   at Microsoft.AspNetCore.Mvc.Testing.WebApplicationFactory`1.CreateHost(IHostBuilder builder)
   at Microsoft.AspNetCore.Mvc.Testing.WebApplicationFactory`1.ConfigureHostBuilder(IHostBuilder hostBuilder)
   at Microsoft.AspNetCore.Mvc.Testing.WebApplicationFactory`1.StartServer()
   at Microsoft.AspNetCore.Mvc.Testing.WebApplicationFactory`1.get_Services()
   at Erp.Testing.ErpTestEnvironment.SeedAsync(TestDatabaseServer server, String database, SeedPlan plan, IDictionary`2 settings) in /work/tests/Erp.Testing/ErpTestEnvironment.cs:line 128
   at Erp.Testing.ErpTestEnvironment.SeedAsync(TestDatabaseServer server, String database, SeedPlan plan, IDictionary`2 settings) in /work/tests/Erp.Testing/ErpTestEnvironment.cs:line 138
   at Erp.Testing.ErpTestEnvironment.<>c__DisplayClass34_0.<<StartGateAsync>b__0>d.MoveNext() in /work/tests/Erp.Testing/ErpTestEnvironment.cs:line 90
--- End of stack trace from previous location ---
   at Erp.Testing.TestDatabaseServer.<>c__DisplayClass25_0.<<GateTemplateAsync>b__3>d.MoveNext() in /work/tests/Erp.Testing/TestDatabaseServer.cs:line 156
--- End of stack trace from previous location ---
   at Erp.Testing.TestDatabaseServer.GateTemplateAsync(IDictionary`2 settings, Func`2 seed) in /work/tests/Erp.Testing/TestDatabaseServer.cs:line 161
   at Erp.Testing.ErpTestEnvironment.StartGateAsync(IDictionary`2 settings) in /work/tests/Erp.Testing/ErpTestEnvironment.cs:line 87
   at Erp.Gates.Tests.Infrastructure.GateFixture.InitializeAsync() in /work/tests/Erp.Gates.Tests/Infrastructure/GateFixture.cs:line 17
  Failed Erp.Gates.Tests.G1.G1TenantSourceTests.The_scanner_catches_every_planted_bypass [1 ms]
  Error Message:
   Assembly fixture type 'Erp.Gates.Tests.Infrastructure.GateFixture' threw in InitializeAsync
---- System.InvalidOperationException : Endpoint authorisation is incomplete:
HTTP: DELETE /api/identity/me/preferences => ResetPreferences: declares no permission
  Stack Trace:
  
----- Inner Stack Trace -----
   at Erp.Kernel.Hosting.ErpPlatform.ValidateEndpoints(WebApplication app) in /work/src/Kernel/Erp.Kernel/Hosting/ErpPlatform.cs:line 236
   at Erp.Kernel.Hosting.ErpPlatform.UseErpPlatform(WebApplication app) in /work/src/Kernel/Erp.Kernel/Hosting/ErpPlatform.cs:line 202
   at Program.<Main>$(String[] args) in /work/src/Host/Erp.Host/Program.cs:line 8
   at Program.<Main>(String[] args)
   at System.Reflection.MethodBaseInvoker.InterpretedInvoke_Method(Object obj, IntPtr* args)
   at System.Reflection.MethodBaseInvoker.InvokeDirectByRefWithFewArgs(Object obj, Span`1 copyOfArgs, BindingFlags invokeAttr)
--- End of stack trace from previous location ---
   at Microsoft.AspNetCore.Mvc.Testing.DeferredHostBuilder.DeferredHost.StartAsync(CancellationToken cancellationToken)
   at Microsoft.Extensions.Hosting.HostingAbstractionsHostExtensions.Start(IHost host)
   at Microsoft.AspNetCore.Mvc.Testing.WebApplicationFactory`1.CreateHost(IHostBuilder builder)
   at Microsoft.AspNetCore.Mvc.Testing.WebApplicationFactory`1.ConfigureHostBuilder(IHostBuilder hostBuilder)
   at Microsoft.AspNetCore.Mvc.Testing.WebApplicationFactory`1.StartServer()
   at Microsoft.AspNetCore.Mvc.Testing.WebApplicationFactory`1.get_Services()
   at Erp.Testing.ErpTestEnvironment.SeedAsync(TestDatabaseServer server, String database, SeedPlan plan, IDictionary`2 settings) in /work/tests/Erp.Testing/ErpTestEnvironment.cs:line 128
   at Erp.Testing.ErpTestEnvironment.SeedAsync(TestDatabaseServer server, String database, SeedPlan plan, IDictionary`2 settings) in /work/tests/Erp.Testing/ErpTestEnvironment.cs:line 138
   at Erp.Testing.ErpTestEnvironment.<>c__DisplayClass34_0.<<StartGateAsync>b__0>d.MoveNext() in /work/tests/Erp.Testing/ErpTestEnvironment.cs:line 90
--- End of stack trace from previous location ---
   at Erp.Testing.TestDatabaseServer.<>c__DisplayClass25_0.<<GateTemplateAsync>b__3>d.MoveNext() in /work/tests/Erp.Testing/TestDatabaseServer.cs:line 156
--- End of stack trace from previous location ---
   at Erp.Testing.TestDatabaseServer.GateTemplateAsync(IDictionary`2 settings, Func`2 seed) in /work/tests/Erp.Testing/TestDatabaseServer.cs:line 161
   at Erp.Testing.ErpTestEnvironment.StartGateAsync(IDictionary`2 settings) in /work/tests/Erp.Testing/ErpTestEnvironment.cs:line 87
   at Erp.Gates.Tests.Infrastructure.GateFixture.InitializeAsync() in /work/tests/Erp.Gates.Tests/Infrastructure/GateFixture.cs:line 17
  Failed Erp.Gates.Tests.G1.G1TenantSourceTests.Only_reviewed_files_choose_a_tenant_or_step_around_the_unit_of_work [1 ms]
  Error Message:
   Assembly fixture type 'Erp.Gates.Tests.Infrastructure.GateFixture' threw in InitializeAsync
---- System.InvalidOperationException : Endpoint authorisation is incomplete:
HTTP: DELETE /api/identity/me/preferences => ResetPreferences: declares no permission
  Stack Trace:
  
----- Inner Stack Trace -----
   at Erp.Kernel.Hosting.ErpPlatform.ValidateEndpoints(WebApplication app) in /work/src/Kernel/Erp.Kernel/Hosting/ErpPlatform.cs:line 236
   at Erp.Kernel.Hosting.ErpPlatform.UseErpPlatform(WebApplication app) in /work/src/Kernel/Erp.Kernel/Hosting/ErpPlatform.cs:line 202
   at Program.<Main>$(String[] args) in /work/src/Host/Erp.Host/Program.cs:line 8
   at Program.<Main>(String[] args)
   at System.Reflection.MethodBaseInvoker.InterpretedInvoke_Method(Object obj, IntPtr* args)
   at System.Reflection.MethodBaseInvoker.InvokeDirectByRefWithFewArgs(Object obj, Span`1 copyOfArgs, BindingFlags invokeAttr)
--- End of stack trace from previous location ---
   at Microsoft.AspNetCore.Mvc.Testing.DeferredHostBuilder.DeferredHost.StartAsync(CancellationToken cancellationToken)
   at Microsoft.Extensions.Hosting.HostingAbstractionsHostExtensions.Start(IHost host)
   at Microsoft.AspNetCore.Mvc.Testing.WebApplicationFactory`1.CreateHost(IHostBuilder builder)
   at Microsoft.AspNetCore.Mvc.Testing.WebApplicationFactory`1.ConfigureHostBuilder(IHostBuilder hostBuilder)
   at Microsoft.AspNetCore.Mvc.Testing.WebApplicationFactory`1.StartServer()
   at Microsoft.AspNetCore.Mvc.Testing.WebApplicationFactory`1.get_Services()
   at Erp.Testing.ErpTestEnvironment.SeedAsync(TestDatabaseServer server, String database, SeedPlan plan, IDictionary`2 settings) in /work/tests/Erp.Testing/ErpTestEnvironment.cs:line 128
   at Erp.Testing.ErpTestEnvironment.SeedAsync(TestDatabaseServer server, String database, SeedPlan plan, IDictionary`2 settings) in /work/tests/Erp.Testing/ErpTestEnvironment.cs:line 138
   at Erp.Testing.ErpTestEnvironment.<>c__DisplayClass34_0.<<StartGateAsync>b__0>d.MoveNext() in /work/tests/Erp.Testing/ErpTestEnvironment.cs:line 90
--- End of stack trace from previous location ---
   at Erp.Testing.TestDatabaseServer.<>c__DisplayClass25_0.<<GateTemplateAsync>b__3>d.MoveNext() in /work/tests/Erp.Testing/TestDatabaseServer.cs:line 156
--- End of stack trace from previous location ---
   at Erp.Testing.TestDatabaseServer.GateTemplateAsync(IDictionary`2 settings, Func`2 seed) in /work/tests/Erp.Testing/TestDatabaseServer.cs:line 161
   at Erp.Testing.ErpTestEnvironment.StartGateAsync(IDictionary`2 settings) in /work/tests/Erp.Testing/ErpTestEnvironment.cs:line 87
   at Erp.Gates.Tests.Infrastructure.GateFixture.InitializeAsync() in /work/tests/Erp.Gates.Tests/Infrastructure/GateFixture.cs:line 17
  Failed Erp.Gates.Tests.Rules.ListIndexGateTests.Search_fields_and_sortable_columns_of_database_lists_are_indexed [1 ms]
  Error Message:
   Assembly fixture type 'Erp.Gates.Tests.Infrastructure.GateFixture' threw in InitializeAsync
---- System.InvalidOperationException : Endpoint authorisation is incomplete:
HTTP: DELETE /api/identity/me/preferences => ResetPreferences: declares no permission
  Stack Trace:
  
----- Inner Stack Trace -----
   at Erp.Kernel.Hosting.ErpPlatform.ValidateEndpoints(WebApplication app) in /work/src/Kernel/Erp.Kernel/Hosting/ErpPlatform.cs:line 236
   at Erp.Kernel.Hosting.ErpPlatform.UseErpPlatform(WebApplication app) in /work/src/Kernel/Erp.Kernel/Hosting/ErpPlatform.cs:line 202
   at Program.<Main>$(String[] args) in /work/src/Host/Erp.Host/Program.cs:line 8
   at Program.<Main>(String[] args)
   at System.Reflection.MethodBaseInvoker.InterpretedInvoke_Method(Object obj, IntPtr* args)
   at System.Reflection.MethodBaseInvoker.InvokeDirectByRefWithFewArgs(Object obj, Span`1 copyOfArgs, BindingFlags invokeAttr)
--- End of stack trace from previous location ---
   at Microsoft.AspNetCore.Mvc.Testing.DeferredHostBuilder.DeferredHost.StartAsync(CancellationToken cancellationToken)
   at Microsoft.Extensions.Hosting.HostingAbstractionsHostExtensions.Start(IHost host)
   at Microsoft.AspNetCore.Mvc.Testing.WebApplicationFactory`1.CreateHost(IHostBuilder builder)
   at Microsoft.AspNetCore.Mvc.Testing.WebApplicationFactory`1.ConfigureHostBuilder(IHostBuilder hostBuilder)
   at Microsoft.AspNetCore.Mvc.Testing.WebApplicationFactory`1.StartServer()
   at Microsoft.AspNetCore.Mvc.Testing.WebApplicationFactory`1.get_Services()
   at Erp.Testing.ErpTestEnvironment.SeedAsync(TestDatabaseServer server, String database, SeedPlan plan, IDictionary`2 settings) in /work/tests/Erp.Testing/ErpTestEnvironment.cs:line 128
   at Erp.Testing.ErpTestEnvironment.SeedAsync(TestDatabaseServer server, String database, SeedPlan plan, IDictionary`2 settings) in /work/tests/Erp.Testing/ErpTestEnvironment.cs:line 138
   at Erp.Testing.ErpTestEnvironment.<>c__DisplayClass34_0.<<StartGateAsync>b__0>d.MoveNext() in /work/tests/Erp.Testing/ErpTestEnvironment.cs:line 90
--- End of stack trace from previous location ---
   at Erp.Testing.TestDatabaseServer.<>c__DisplayClass25_0.<<GateTemplateAsync>b__3>d.MoveNext() in /work/tests/Erp.Testing/TestDatabaseServer.cs:line 156
--- End of stack trace from previous location ---
   at Erp.Testing.TestDatabaseServer.GateTemplateAsync(IDictionary`2 settings, Func`2 seed) in /work/tests/Erp.Testing/TestDatabaseServer.cs:line 161
   at Erp.Testing.ErpTestEnvironment.StartGateAsync(IDictionary`2 settings) in /work/tests/Erp.Testing/ErpTestEnvironment.cs:line 87
   at Erp.Gates.Tests.Infrastructure.GateFixture.InitializeAsync() in /work/tests/Erp.Gates.Tests/Infrastructure/GateFixture.cs:line 17
  Failed Erp.Gates.Tests.SelfTests.WriteOracleSelfTests.The_write_oracle_check_catches_a_create_that_refuses_another_tenants_address [1 ms]
  Error Message:
   Assembly fixture type 'Erp.Gates.Tests.Infrastructure.GateFixture' threw in InitializeAsync
---- System.InvalidOperationException : Endpoint authorisation is incomplete:
HTTP: DELETE /api/identity/me/preferences => ResetPreferences: declares no permission
  Stack Trace:
  
----- Inner Stack Trace -----
   at Erp.Kernel.Hosting.ErpPlatform.ValidateEndpoints(WebApplication app) in /work/src/Kernel/Erp.Kernel/Hosting/ErpPlatform.cs:line 236
   at Erp.Kernel.Hosting.ErpPlatform.UseErpPlatform(WebApplication app) in /work/src/Kernel/Erp.Kernel/Hosting/ErpPlatform.cs:line 202
   at Program.<Main>$(String[] args) in /work/src/Host/Erp.Host/Program.cs:line 8
   at Program.<Main>(String[] args)
   at System.Reflection.MethodBaseInvoker.InterpretedInvoke_Method(Object obj, IntPtr* args)
   at System.Reflection.MethodBaseInvoker.InvokeDirectByRefWithFewArgs(Object obj, Span`1 copyOfArgs, BindingFlags invokeAttr)
--- End of stack trace from previous location ---
   at Microsoft.AspNetCore.Mvc.Testing.DeferredHostBuilder.DeferredHost.StartAsync(CancellationToken cancellationToken)
   at Microsoft.Extensions.Hosting.HostingAbstractionsHostExtensions.Start(IHost host)
   at Microsoft.AspNetCore.Mvc.Testing.WebApplicationFactory`1.CreateHost(IHostBuilder builder)
   at Microsoft.AspNetCore.Mvc.Testing.WebApplicationFactory`1.ConfigureHostBuilder(IHostBuilder hostBuilder)
   at Microsoft.AspNetCore.Mvc.Testing.WebApplicationFactory`1.StartServer()
   at Microsoft.AspNetCore.Mvc.Testing.WebApplicationFactory`1.get_Services()
   at Erp.Testing.ErpTestEnvironment.SeedAsync(TestDatabaseServer server, String database, SeedPlan plan, IDictionary`2 settings) in /work/tests/Erp.Testing/ErpTestEnvironment.cs:line 128
   at Erp.Testing.ErpTestEnvironment.SeedAsync(TestDatabaseServer server, String database, SeedPlan plan, IDictionary`2 settings) in /work/tests/Erp.Testing/ErpTestEnvironment.cs:line 138
   at Erp.Testing.ErpTestEnvironment.<>c__DisplayClass34_0.<<StartGateAsync>b__0>d.MoveNext() in /work/tests/Erp.Testing/ErpTestEnvironment.cs:line 90
--- End of stack trace from previous location ---
   at Erp.Testing.TestDatabaseServer.<>c__DisplayClass25_0.<<GateTemplateAsync>b__3>d.MoveNext() in /work/tests/Erp.Testing/TestDatabaseServer.cs:line 156
--- End of stack trace from previous location ---
   at Erp.Testing.TestDatabaseServer.GateTemplateAsync(IDictionary`2 settings, Func`2 seed) in /work/tests/Erp.Testing/TestDatabaseServer.cs:line 161
   at Erp.Testing.ErpTestEnvironment.StartGateAsync(IDictionary`2 settings) in /work/tests/Erp.Testing/ErpTestEnvironment.cs:line 87
   at Erp.Gates.Tests.Infrastructure.GateFixture.InitializeAsync() in /work/tests/Erp.Gates.Tests/Infrastructure/GateFixture.cs:line 17
  Failed Erp.Gates.Tests.SelfTests.GateSelfTests.The_database_check_catches_a_table_without_row_level_security [1 ms]
  Error Message:
   Assembly fixture type 'Erp.Gates.Tests.Infrastructure.GateFixture' threw in InitializeAsync
---- System.InvalidOperationException : Endpoint authorisation is incomplete:
HTTP: DELETE /api/identity/me/preferences => ResetPreferences: declares no permission
  Stack Trace:
  
----- Inner Stack Trace -----
   at Erp.Kernel.Hosting.ErpPlatform.ValidateEndpoints(WebApplication app) in /work/src/Kernel/Erp.Kernel/Hosting/ErpPlatform.cs:line 236
   at Erp.Kernel.Hosting.ErpPlatform.UseErpPlatform(WebApplication app) in /work/src/Kernel/Erp.Kernel/Hosting/ErpPlatform.cs:line 202
   at Program.<Main>$(String[] args) in /work/src/Host/Erp.Host/Program.cs:line 8
   at Program.<Main>(String[] args)
   at System.Reflection.MethodBaseInvoker.InterpretedInvoke_Method(Object obj, IntPtr* args)
   at System.Reflection.MethodBaseInvoker.InvokeDirectByRefWithFewArgs(Object obj, Span`1 copyOfArgs, BindingFlags invokeAttr)
--- End of stack trace from previous location ---
   at Microsoft.AspNetCore.Mvc.Testing.DeferredHostBuilder.DeferredHost.StartAsync(CancellationToken cancellationToken)
   at Microsoft.Extensions.Hosting.HostingAbstractionsHostExtensions.Start(IHost host)
   at Microsoft.AspNetCore.Mvc.Testing.WebApplicationFactory`1.CreateHost(IHostBuilder builder)
   at Microsoft.AspNetCore.Mvc.Testing.WebApplicationFactory`1.ConfigureHostBuilder(IHostBuilder hostBuilder)
   at Microsoft.AspNetCore.Mvc.Testing.WebApplicationFactory`1.StartServer()
   at Microsoft.AspNetCore.Mvc.Testing.WebApplicationFactory`1.get_Services()
   at Erp.Testing.ErpTestEnvironment.SeedAsync(TestDatabaseServer server, String database, SeedPlan plan, IDictionary`2 settings) in /work/tests/Erp.Testing/ErpTestEnvironment.cs:line 128
   at Erp.Testing.ErpTestEnvironment.SeedAsync(TestDatabaseServer server, String database, SeedPlan plan, IDictionary`2 settings) in /work/tests/Erp.Testing/ErpTestEnvironment.cs:line 138
   at Erp.Testing.ErpTestEnvironment.<>c__DisplayClass34_0.<<StartGateAsync>b__0>d.MoveNext() in /work/tests/Erp.Testing/ErpTestEnvironment.cs:line 90
--- End of stack trace from previous location ---
   at Erp.Testing.TestDatabaseServer.<>c__DisplayClass25_0.<<GateTemplateAsync>b__3>d.MoveNext() in /work/tests/Erp.Testing/TestDatabaseServer.cs:line 156
--- End of stack trace from previous location ---
   at Erp.Testing.TestDatabaseServer.GateTemplateAsync(IDictionary`2 settings, Func`2 seed) in /work/tests/Erp.Testing/TestDatabaseServer.cs:line 161
   at Erp.Testing.ErpTestEnvironment.StartGateAsync(IDictionary`2 settings) in /work/tests/Erp.Testing/ErpTestEnvironment.cs:line 87
   at Erp.Gates.Tests.Infrastructure.GateFixture.InitializeAsync() in /work/tests/Erp.Gates.Tests/Infrastructure/GateFixture.cs:line 17
  Failed Erp.Gates.Tests.SelfTests.GateSelfTests.The_database_check_catches_a_unique_index_across_tenants [1 ms]
  Error Message:
   Assembly fixture type 'Erp.Gates.Tests.Infrastructure.GateFixture' threw in InitializeAsync
---- System.InvalidOperationException : Endpoint authorisation is incomplete:
HTTP: DELETE /api/identity/me/preferences => ResetPreferences: declares no permission
  Stack Trace:
  
----- Inner Stack Trace -----
   at Erp.Kernel.Hosting.ErpPlatform.ValidateEndpoints(WebApplication app) in /work/src/Kernel/Erp.Kernel/Hosting/ErpPlatform.cs:line 236
   at Erp.Kernel.Hosting.ErpPlatform.UseErpPlatform(WebApplication app) in /work/src/Kernel/Erp.Kernel/Hosting/ErpPlatform.cs:line 202
   at Program.<Main>$(String[] args) in /work/src/Host/Erp.Host/Program.cs:line 8
   at Program.<Main>(String[] args)
   at System.Reflection.MethodBaseInvoker.InterpretedInvoke_Method(Object obj, IntPtr* args)
   at System.Reflection.MethodBaseInvoker.InvokeDirectByRefWithFewArgs(Object obj, Span`1 copyOfArgs, BindingFlags invokeAttr)
--- End of stack trace from previous location ---
   at Microsoft.AspNetCore.Mvc.Testing.DeferredHostBuilder.DeferredHost.StartAsync(CancellationToken cancellationToken)
   at Microsoft.Extensions.Hosting.HostingAbstractionsHostExtensions.Start(IHost host)
   at Microsoft.AspNetCore.Mvc.Testing.WebApplicationFactory`1.CreateHost(IHostBuilder builder)
   at Microsoft.AspNetCore.Mvc.Testing.WebApplicationFactory`1.ConfigureHostBuilder(IHostBuilder hostBuilder)
   at Microsoft.AspNetCore.Mvc.Testing.WebApplicationFactory`1.StartServer()
   at Microsoft.AspNetCore.Mvc.Testing.WebApplicationFactory`1.get_Services()
   at Erp.Testing.ErpTestEnvironment.SeedAsync(TestDatabaseServer server, String database, SeedPlan plan, IDictionary`2 settings) in /work/tests/Erp.Testing/ErpTestEnvironment.cs:line 128
   at Erp.Testing.ErpTestEnvironment.SeedAsync(TestDatabaseServer server, String database, SeedPlan plan, IDictionary`2 settings) in /work/tests/Erp.Testing/ErpTestEnvironment.cs:line 138
   at Erp.Testing.ErpTestEnvironment.<>c__DisplayClass34_0.<<StartGateAsync>b__0>d.MoveNext() in /work/tests/Erp.Testing/ErpTestEnvironment.cs:line 90
--- End of stack trace from previous location ---
   at Erp.Testing.TestDatabaseServer.<>c__DisplayClass25_0.<<GateTemplateAsync>b__3>d.MoveNext() in /work/tests/Erp.Testing/TestDatabaseServer.cs:line 156
--- End of stack trace from previous location ---
   at Erp.Testing.TestDatabaseServer.GateTemplateAsync(IDictionary`2 settings, Func`2 seed) in /work/tests/Erp.Testing/TestDatabaseServer.cs:line 161
   at Erp.Testing.ErpTestEnvironment.StartGateAsync(IDictionary`2 settings) in /work/tests/Erp.Testing/ErpTestEnvironment.cs:line 87
   at Erp.Gates.Tests.Infrastructure.GateFixture.InitializeAsync() in /work/tests/Erp.Gates.Tests/Infrastructure/GateFixture.cs:line 17
  Failed Erp.Gates.Tests.SelfTests.GateSelfTests.The_permission_checks_catch_a_write_guarded_by_a_read_permission_and_a_read_that_writes [1 ms]
  Error Message:
   Assembly fixture type 'Erp.Gates.Tests.Infrastructure.GateFixture' threw in InitializeAsync
---- System.InvalidOperationException : Endpoint authorisation is incomplete:
HTTP: DELETE /api/identity/me/preferences => ResetPreferences: declares no permission
  Stack Trace:
  
----- Inner Stack Trace -----
   at Erp.Kernel.Hosting.ErpPlatform.ValidateEndpoints(WebApplication app) in /work/src/Kernel/Erp.Kernel/Hosting/ErpPlatform.cs:line 236
   at Erp.Kernel.Hosting.ErpPlatform.UseErpPlatform(WebApplication app) in /work/src/Kernel/Erp.Kernel/Hosting/ErpPlatform.cs:line 202
   at Program.<Main>$(String[] args) in /work/src/Host/Erp.Host/Program.cs:line 8
   at Program.<Main>(String[] args)
   at System.Reflection.MethodBaseInvoker.InterpretedInvoke_Method(Object obj, IntPtr* args)
   at System.Reflection.MethodBaseInvoker.InvokeDirectByRefWithFewArgs(Object obj, Span`1 copyOfArgs, BindingFlags invokeAttr)
--- End of stack trace from previous location ---
   at Microsoft.AspNetCore.Mvc.Testing.DeferredHostBuilder.DeferredHost.StartAsync(CancellationToken cancellationToken)
   at Microsoft.Extensions.Hosting.HostingAbstractionsHostExtensions.Start(IHost host)
   at Microsoft.AspNetCore.Mvc.Testing.WebApplicationFactory`1.CreateHost(IHostBuilder builder)
   at Microsoft.AspNetCore.Mvc.Testing.WebApplicationFactory`1.ConfigureHostBuilder(IHostBuilder hostBuilder)
   at Microsoft.AspNetCore.Mvc.Testing.WebApplicationFactory`1.StartServer()
   at Microsoft.AspNetCore.Mvc.Testing.WebApplicationFactory`1.get_Services()
   at Erp.Testing.ErpTestEnvironment.SeedAsync(TestDatabaseServer server, String database, SeedPlan plan, IDictionary`2 settings) in /work/tests/Erp.Testing/ErpTestEnvironment.cs:line 128
   at Erp.Testing.ErpTestEnvironment.SeedAsync(TestDatabaseServer server, String database, SeedPlan plan, IDictionary`2 settings) in /work/tests/Erp.Testing/ErpTestEnvironment.cs:line 138
   at Erp.Testing.ErpTestEnvironment.<>c__DisplayClass34_0.<<StartGateAsync>b__0>d.MoveNext() in /work/tests/Erp.Testing/ErpTestEnvironment.cs:line 90
--- End of stack trace from previous location ---
   at Erp.Testing.TestDatabaseServer.<>c__DisplayClass25_0.<<GateTemplateAsync>b__3>d.MoveNext() in /work/tests/Erp.Testing/TestDatabaseServer.cs:line 156
--- End of stack trace from previous location ---
   at Erp.Testing.TestDatabaseServer.GateTemplateAsync(IDictionary`2 settings, Func`2 seed) in /work/tests/Erp.Testing/TestDatabaseServer.cs:line 161
   at Erp.Testing.ErpTestEnvironment.StartGateAsync(IDictionary`2 settings) in /work/tests/Erp.Testing/ErpTestEnvironment.cs:line 87
   at Erp.Gates.Tests.Infrastructure.GateFixture.InitializeAsync() in /work/tests/Erp.Gates.Tests/Infrastructure/GateFixture.cs:line 17
[xUnit.net 00:00:08.75]     Erp.Gates.Tests.SelfTests.GateSelfTests.The_grant_escalation_check_catches_an_endpoint_that_grants_any_role [FAIL]
[xUnit.net 00:00:08.75]       Assembly fixture type 'Erp.Gates.Tests.Infrastructure.GateFixture' threw in InitializeAsync
[xUnit.net 00:00:08.75]       ---- System.InvalidOperationException : Endpoint authorisation is incomplete:
[xUnit.net 00:00:08.75]       HTTP: DELETE /api/identity/me/preferences => ResetPreferences: declares no permission
[xUnit.net 00:00:08.75]       Stack Trace:
[xUnit.net 00:00:08.75]         
[xUnit.net 00:00:08.75]         ----- Inner Stack Trace -----
[xUnit.net 00:00:08.75]         /work/src/Kernel/Erp.Kernel/Hosting/ErpPlatform.cs(236,0): at Erp.Kernel.Hosting.ErpPlatform.ValidateEndpoints(WebApplication app)
[xUnit.net 00:00:08.75]         /work/src/Kernel/Erp.Kernel/Hosting/ErpPlatform.cs(202,0): at Erp.Kernel.Hosting.ErpPlatform.UseErpPlatform(WebApplication app)
[xUnit.net 00:00:08.75]         /work/src/Host/Erp.Host/Program.cs(8,0): at Program.<Main>$(String[] args)
[xUnit.net 00:00:08.75]            at Program.<Main>(String[] args)
[xUnit.net 00:00:08.75]            at System.Reflection.MethodBaseInvoker.InterpretedInvoke_Method(Object obj, IntPtr* args)
[xUnit.net 00:00:08.75]            at System.Reflection.MethodBaseInvoker.InvokeDirectByRefWithFewArgs(Object obj, Span`1 copyOfArgs, BindingFlags invokeAttr)
[xUnit.net 00:00:08.75]         --- End of stack trace from previous location ---
[xUnit.net 00:00:08.75]            at Microsoft.AspNetCore.Mvc.Testing.DeferredHostBuilder.DeferredHost.StartAsync(CancellationToken cancellationToken)
[xUnit.net 00:00:08.75]            at Microsoft.Extensions.Hosting.HostingAbstractionsHostExtensions.Start(IHost host)
[xUnit.net 00:00:08.75]            at Microsoft.AspNetCore.Mvc.Testing.WebApplicationFactory`1.CreateHost(IHostBuilder builder)
[xUnit.net 00:00:08.75]            at Microsoft.AspNetCore.Mvc.Testing.WebApplicationFactory`1.ConfigureHostBuilder(IHostBuilder hostBuilder)
[xUnit.net 00:00:08.75]            at Microsoft.AspNetCore.Mvc.Testing.WebApplicationFactory`1.StartServer()
[xUnit.net 00:00:08.75]            at Microsoft.AspNetCore.Mvc.Testing.WebApplicationFactory`1.get_Services()
[xUnit.net 00:00:08.75]         /work/tests/Erp.Testing/ErpTestEnvironment.cs(128,0): at Erp.Testing.ErpTestEnvironment.SeedAsync(TestDatabaseServer server, String database, SeedPlan plan, IDictionary`2 settings)
[xUnit.net 00:00:08.75]         /work/tests/Erp.Testing/ErpTestEnvironment.cs(138,0): at Erp.Testing.ErpTestEnvironment.SeedAsync(TestDatabaseServer server, String database, SeedPlan plan, IDictionary`2 settings)
[xUnit.net 00:00:08.75]         /work/tests/Erp.Testing/ErpTestEnvironment.cs(90,0): at Erp.Testing.ErpTestEnvironment.<>c__DisplayClass34_0.<<StartGateAsync>b__0>d.MoveNext()
[xUnit.net 00:00:08.75]         --- End of stack trace from previous location ---
[xUnit.net 00:00:08.75]         /work/tests/Erp.Testing/TestDatabaseServer.cs(156,0): at Erp.Testing.TestDatabaseServer.<>c__DisplayClass25_0.<<GateTemplateAsync>b__3>d.MoveNext()
[xUnit.net 00:00:08.75]         --- End of stack trace from previous location ---
[xUnit.net 00:00:08.75]         /work/tests/Erp.Testing/TestDatabaseServer.cs(161,0): at Erp.Testing.TestDatabaseServer.GateTemplateAsync(IDictionary`2 settings, Func`2 seed)
[xUnit.net 00:00:08.75]         /work/tests/Erp.Testing/ErpTestEnvironment.cs(87,0): at Erp.Testing.ErpTestEnvironment.StartGateAsync(IDictionary`2 settings)
[xUnit.net 00:00:08.75]         /work/tests/Erp.Gates.Tests/Infrastructure/GateFixture.cs(17,0): at Erp.Gates.Tests.Infrastructure.GateFixture.InitializeAsync()
[xUnit.net 00:00:08.75]     Erp.Gates.Tests.SelfTests.GateSelfTests.The_process_state_check_catches_a_static_cache_and_a_stateful_singleton [FAIL]
[xUnit.net 00:00:08.75]       Assembly fixture type 'Erp.Gates.Tests.Infrastructure.GateFixture' threw in InitializeAsync
[xUnit.net 00:00:08.75]       ---- System.InvalidOperationException : Endpoint authorisation is incomplete:
[xUnit.net 00:00:08.75]       HTTP: DELETE /api/identity/me/preferences => ResetPreferences: declares no permission
[xUnit.net 00:00:08.75]       Stack Trace:
[xUnit.net 00:00:08.75]         
[xUnit.net 00:00:08.75]         ----- Inner Stack Trace -----
[xUnit.net 00:00:08.75]         /work/src/Kernel/Erp.Kernel/Hosting/ErpPlatform.cs(236,0): at Erp.Kernel.Hosting.ErpPlatform.ValidateEndpoints(WebApplication app)
[xUnit.net 00:00:08.75]         /work/src/Kernel/Erp.Kernel/Hosting/ErpPlatform.cs(202,0): at Erp.Kernel.Hosting.ErpPlatform.UseErpPlatform(WebApplication app)
[xUnit.net 00:00:08.75]         /work/src/Host/Erp.Host/Program.cs(8,0): at Program.<Main>$(String[] args)
[xUnit.net 00:00:08.75]            at Program.<Main>(String[] args)
[xUnit.net 00:00:08.75]            at System.Reflection.MethodBaseInvoker.InterpretedInvoke_Method(Object obj, IntPtr* args)
[xUnit.net 00:00:08.75]            at System.Reflection.MethodBaseInvoker.InvokeDirectByRefWithFewArgs(Object obj, Span`1 copyOfArgs, BindingFlags invokeAttr)
[xUnit.net 00:00:08.75]         --- End of stack trace from previous location ---
[xUnit.net 00:00:08.75]            at Microsoft.AspNetCore.Mvc.Testing.DeferredHostBuilder.DeferredHost.StartAsync(CancellationToken cancellationToken)
[xUnit.net 00:00:08.75]            at Microsoft.Extensions.Hosting.HostingAbstractionsHostExtensions.Start(IHost host)
[xUnit.net 00:00:08.75]            at Microsoft.AspNetCore.Mvc.Testing.WebApplicationFactory`1.CreateHost(IHostBuilder builder)
[xUnit.net 00:00:08.75]            at Microsoft.AspNetCore.Mvc.Testing.WebApplicationFactory`1.ConfigureHostBuilder(IHostBuilder hostBuilder)
[xUnit.net 00:00:08.75]            at Microsoft.AspNetCore.Mvc.Testing.WebApplicationFactory`1.StartServer()
[xUnit.net 00:00:08.75]            at Microsoft.AspNetCore.Mvc.Testing.WebApplicationFactory`1.get_Services()
[xUnit.net 00:00:08.75]         /work/tests/Erp.Testing/ErpTestEnvironment.cs(128,0): at Erp.Testing.ErpTestEnvironment.SeedAsync(TestDatabaseServer server, String database, SeedPlan plan, IDictionary`2 settings)
[xUnit.net 00:00:08.75]         /work/tests/Erp.Testing/ErpTestEnvironment.cs(138,0): at Erp.Testing.ErpTestEnvironment.SeedAsync(TestDatabaseServer server, String database, SeedPlan plan, IDictionary`2 settings)
[xUnit.net 00:00:08.75]         /work/tests/Erp.Testing/ErpTestEnvironment.cs(90,0): at Erp.Testing.ErpTestEnvironment.<>c__DisplayClass34_0.<<StartGateAsync>b__0>d.MoveNext()
[xUnit.net 00:00:08.75]         --- End of stack trace from previous location ---
[xUnit.net 00:00:08.75]         /work/tests/Erp.Testing/TestDatabaseServer.cs(156,0): at Erp.Testing.TestDatabaseServer.<>c__DisplayClass25_0.<<GateTemplateAsync>b__3>d.MoveNext()
[xUnit.net 00:00:08.75]         --- End of stack trace from previous location ---
[xUnit.net 00:00:08.75]         /work/tests/Erp.Testing/TestDatabaseServer.cs(161,0): at Erp.Testing.TestDatabaseServer.GateTemplateAsync(IDictionary`2 settings, Func`2 seed)
[xUnit.net 00:00:08.75]         /work/tests/Erp.Testing/ErpTestEnvironment.cs(87,0): at Erp.Testing.ErpTestEnvironment.StartGateAsync(IDictionary`2 settings)
[xUnit.net 00:00:08.75]         /work/tests/Erp.Gates.Tests/Infrastructure/GateFixture.cs(17,0): at Erp.Gates.Tests.Infrastructure.GateFixture.InitializeAsync()
[xUnit.net 00:00:08.75]     Erp.Gates.Tests.SelfTests.GateSelfTests.The_grant_bearing_record_check_catches_an_edit_that_skips_the_access_check_when_only_the_email_changes [FAIL]
[xUnit.net 00:00:08.75]       Assembly fixture type 'Erp.Gates.Tests.Infrastructure.GateFixture' threw in InitializeAsync
[xUnit.net 00:00:08.75]       ---- System.InvalidOperationException : Endpoint authorisation is incomplete:
[xUnit.net 00:00:08.75]       HTTP: DELETE /api/identity/me/preferences => ResetPreferences: declares no permission
[xUnit.net 00:00:08.75]       Stack Trace:
[xUnit.net 00:00:08.76]         
[xUnit.net 00:00:08.76]         ----- Inner Stack Trace -----
[xUnit.net 00:00:08.76]         /work/src/Kernel/Erp.Kernel/Hosting/ErpPlatform.cs(236,0): at Erp.Kernel.Hosting.ErpPlatform.ValidateEndpoints(WebApplication app)
[xUnit.net 00:00:08.76]         /work/src/Kernel/Erp.Kernel/Hosting/ErpPlatform.cs(202,0): at Erp.Kernel.Hosting.ErpPlatform.UseErpPlatform(WebApplication app)
[xUnit.net 00:00:08.76]         /work/src/Host/Erp.Host/Program.cs(8,0): at Program.<Main>$(String[] args)
[xUnit.net 00:00:08.76]            at Program.<Main>(String[] args)
[xUnit.net 00:00:08.76]            at System.Reflection.MethodBaseInvoker.InterpretedInvoke_Method(Object obj, IntPtr* args)
[xUnit.net 00:00:08.76]            at System.Reflection.MethodBaseInvoker.InvokeDirectByRefWithFewArgs(Object obj, Span`1 copyOfArgs, BindingFlags invokeAttr)
[xUnit.net 00:00:08.76]         --- End of stack trace from previous location ---
[xUnit.net 00:00:08.76]            at Microsoft.AspNetCore.Mvc.Testing.DeferredHostBuilder.DeferredHost.StartAsync(CancellationToken cancellationToken)
[xUnit.net 00:00:08.76]            at Microsoft.Extensions.Hosting.HostingAbstractionsHostExtensions.Start(IHost host)
[xUnit.net 00:00:08.76]            at Microsoft.AspNetCore.Mvc.Testing.WebApplicationFactory`1.CreateHost(IHostBuilder builder)
[xUnit.net 00:00:08.76]            at Microsoft.AspNetCore.Mvc.Testing.WebApplicationFactory`1.ConfigureHostBuilder(IHostBuilder hostBuilder)
[xUnit.net 00:00:08.76]            at Microsoft.AspNetCore.Mvc.Testing.WebApplicationFactory`1.StartServer()
[xUnit.net 00:00:08.76]            at Microsoft.AspNetCore.Mvc.Testing.WebApplicationFactory`1.get_Services()
[xUnit.net 00:00:08.76]         /work/tests/Erp.Testing/ErpTestEnvironment.cs(128,0): at Erp.Testing.ErpTestEnvironment.SeedAsync(TestDatabaseServer server, String database, SeedPlan plan, IDictionary`2 settings)
[xUnit.net 00:00:08.76]         /work/tests/Erp.Testing/ErpTestEnvironment.cs(138,0): at Erp.Testing.ErpTestEnvironment.SeedAsync(TestDatabaseServer server, String database, SeedPlan plan, IDictionary`2 settings)
[xUnit.net 00:00:08.76]         /work/tests/Erp.Testing/ErpTestEnvironment.cs(90,0): at Erp.Testing.ErpTestEnvironment.<>c__DisplayClass34_0.<<StartGateAsync>b__0>d.MoveNext()
[xUnit.net 00:00:08.76]         --- End of stack trace from previous location ---
[xUnit.net 00:00:08.76]         /work/tests/Erp.Testing/TestDatabaseServer.cs(156,0): at Erp.Testing.TestDatabaseServer.<>c__DisplayClass25_0.<<GateTemplateAsync>b__3>d.MoveNext()
[xUnit.net 00:00:08.76]         --- End of stack trace from previous location ---
[xUnit.net 00:00:08.76]         /work/tests/Erp.Testing/TestDatabaseServer.cs(161,0): at Erp.Testing.TestDatabaseServer.GateTemplateAsync(IDictionary`2 settings, Func`2 seed)
[xUnit.net 00:00:08.76]         /work/tests/Erp.Testing/ErpTestEnvironment.cs(87,0): at Erp.Testing.ErpTestEnvironment.StartGateAsync(IDictionary`2 settings)
[xUnit.net 00:00:08.76]         /work/tests/Erp.Gates.Tests/Infrastructure/GateFixture.cs(17,0): at Erp.Gates.Tests.Infrastructure.GateFixture.InitializeAsync()
[xUnit.net 00:00:08.76]     Erp.Gates.Tests.SelfTests.GateSelfTests.The_grant_bearing_record_check_catches_a_role_delete_without_the_grant_check [FAIL]
[xUnit.net 00:00:08.76]       Assembly fixture type 'Erp.Gates.Tests.Infrastructure.GateFixture' threw in InitializeAsync
[xUnit.net 00:00:08.76]       ---- System.InvalidOperationException : Endpoint authorisation is incomplete:
[xUnit.net 00:00:08.76]       HTTP: DELETE /api/identity/me/preferences => ResetPreferences: declares no permission
[xUnit.net 00:00:08.76]       Stack Trace:
[xUnit.net 00:00:08.76]         
[xUnit.net 00:00:08.76]         ----- Inner Stack Trace -----
[xUnit.net 00:00:08.76]         /work/src/Kernel/Erp.Kernel/Hosting/ErpPlatform.cs(236,0): at Erp.Kernel.Hosting.ErpPlatform.ValidateEndpoints(WebApplication app)
[xUnit.net 00:00:08.76]         /work/src/Kernel/Erp.Kernel/Hosting/ErpPlatform.cs(202,0): at Erp.Kernel.Hosting.ErpPlatform.UseErpPlatform(WebApplication app)
[xUnit.net 00:00:08.76]         /work/src/Host/Erp.Host/Program.cs(8,0): at Program.<Main>$(String[] args)
[xUnit.net 00:00:08.76]            at Program.<Main>(String[] args)
[xUnit.net 00:00:08.76]            at System.Reflection.MethodBaseInvoker.InterpretedInvoke_Method(Object obj, IntPtr* args)
[xUnit.net 00:00:08.76]            at System.Reflection.MethodBaseInvoker.InvokeDirectByRefWithFewArgs(Object obj, Span`1 copyOfArgs, BindingFlags invokeAttr)
[xUnit.net 00:00:08.76]         --- End of stack trace from previous location ---
[xUnit.net 00:00:08.76]            at Microsoft.AspNetCore.Mvc.Testing.DeferredHostBuilder.DeferredHost.StartAsync(CancellationToken cancellationToken)
[xUnit.net 00:00:08.76]            at Microsoft.Extensions.Hosting.HostingAbstractionsHostExtensions.Start(IHost host)
[xUnit.net 00:00:08.76]            at Microsoft.AspNetCore.Mvc.Testing.WebApplicationFactory`1.CreateHost(IHostBuilder builder)
[xUnit.net 00:00:08.76]            at Microsoft.AspNetCore.Mvc.Testing.WebApplicationFactory`1.ConfigureHostBuilder(IHostBuilder hostBuilder)
[xUnit.net 00:00:08.76]            at Microsoft.AspNetCore.Mvc.Testing.WebApplicationFactory`1.StartServer()
[xUnit.net 00:00:08.76]            at Microsoft.AspNetCore.Mvc.Testing.WebApplicationFactory`1.get_Services()
[xUnit.net 00:00:08.76]         /work/tests/Erp.Testing/ErpTestEnvironment.cs(128,0): at Erp.Testing.ErpTestEnvironment.SeedAsync(TestDatabaseServer server, String database, SeedPlan plan, IDictionary`2 settings)
[xUnit.net 00:00:08.76]         /work/tests/Erp.Testing/ErpTestEnvironment.cs(138,0): at Erp.Testing.ErpTestEnvironment.SeedAsync(TestDatabaseServer server, String database, SeedPlan plan, IDictionary`2 settings)
[xUnit.net 00:00:08.76]         /work/tests/Erp.Testing/ErpTestEnvironment.cs(90,0): at Erp.Testing.ErpTestEnvironment.<>c__DisplayClass34_0.<<StartGateAsync>b__0>d.MoveNext()
[xUnit.net 00:00:08.76]         --- End of stack trace from previous location ---
[xUnit.net 00:00:08.76]         /work/tests/Erp.Testing/TestDatabaseServer.cs(156,0): at Erp.Testing.TestDatabaseServer.<>c__DisplayClass25_0.<<GateTemplateAsync>b__3>d.MoveNext()
[xUnit.net 00:00:08.76]         --- End of stack trace from previous location ---
[xUnit.net 00:00:08.76]         /work/tests/Erp.Testing/TestDatabaseServer.cs(161,0): at Erp.Testing.TestDatabaseServer.GateTemplateAsync(IDictionary`2 settings, Func`2 seed)
[xUnit.net 00:00:08.76]         /work/tests/Erp.Testing/ErpTestEnvironment.cs(87,0): at Erp.Testing.ErpTestEnvironment.StartGateAsync(IDictionary`2 settings)
[xUnit.net 00:00:08.76]         /work/tests/Erp.Gates.Tests/Infrastructure/GateFixture.cs(17,0): at Erp.Gates.Tests.Infrastructure.GateFixture.InitializeAsync()
[xUnit.net 00:00:08.76]     Erp.Gates.Tests.SelfTests.GateSelfTests.The_subject_check_catches_me_endpoints_that_act_on_the_user_a_request_names [FAIL]
[xUnit.net 00:00:08.76]       Assembly fixture type 'Erp.Gates.Tests.Infrastructure.GateFixture' threw in InitializeAsync
[xUnit.net 00:00:08.76]       ---- System.InvalidOperationException : Endpoint authorisation is incomplete:
[xUnit.net 00:00:08.76]       HTTP: DELETE /api/identity/me/preferences => ResetPreferences: declares no permission
[xUnit.net 00:00:08.76]       Stack Trace:
[xUnit.net 00:00:08.76]         
[xUnit.net 00:00:08.76]         ----- Inner Stack Trace -----
[xUnit.net 00:00:08.76]         /work/src/Kernel/Erp.Kernel/Hosting/ErpPlatform.cs(236,0): at Erp.Kernel.Hosting.ErpPlatform.ValidateEndpoints(WebApplication app)
[xUnit.net 00:00:08.76]         /work/src/Kernel/Erp.Kernel/Hosting/ErpPlatform.cs(202,0): at Erp.Kernel.Hosting.ErpPlatform.UseErpPlatform(WebApplication app)
[xUnit.net 00:00:08.76]         /work/src/Host/Erp.Host/Program.cs(8,0): at Program.<Main>$(String[] args)
[xUnit.net 00:00:08.76]            at Program.<Main>(String[] args)
[xUnit.net 00:00:08.76]            at System.Reflection.MethodBaseInvoker.InterpretedInvoke_Method(Object obj, IntPtr* args)
[xUnit.net 00:00:08.76]            at System.Reflection.MethodBaseInvoker.InvokeDirectByRefWithFewArgs(Object obj, Span`1 copyOfArgs, BindingFlags invokeAttr)
[xUnit.net 00:00:08.76]         --- End of stack trace from previous location ---
[xUnit.net 00:00:08.76]            at Microsoft.AspNetCore.Mvc.Testing.DeferredHostBuilder.DeferredHost.StartAsync(CancellationToken cancellationToken)
[xUnit.net 00:00:08.76]            at Microsoft.Extensions.Hosting.HostingAbstractionsHostExtensions.Start(IHost host)
[xUnit.net 00:00:08.76]            at Microsoft.AspNetCore.Mvc.Testing.WebApplicationFactory`1.CreateHost(IHostBuilder builder)
[xUnit.net 00:00:08.76]            at Microsoft.AspNetCore.Mvc.Testing.WebApplicationFactory`1.ConfigureHostBuilder(IHostBuilder hostBuilder)
[xUnit.net 00:00:08.76]            at Microsoft.AspNetCore.Mvc.Testing.WebApplicationFactory`1.StartServer()
[xUnit.net 00:00:08.76]            at Microsoft.AspNetCore.Mvc.Testing.WebApplicationFactory`1.get_Services()
[xUnit.net 00:00:08.76]         /work/tests/Erp.Testing/ErpTestEnvironment.cs(128,0): at Erp.Testing.ErpTestEnvironment.SeedAsync(TestDatabaseServer server, String database, SeedPlan plan, IDictionary`2 settings)
[xUnit.net 00:00:08.76]         /work/tests/Erp.Testing/ErpTestEnvironment.cs(138,0): at Erp.Testing.ErpTestEnvironment.SeedAsync(TestDatabaseServer server, String database, SeedPlan plan, IDictionary`2 settings)
[xUnit.net 00:00:08.76]         /work/tests/Erp.Testing/ErpTestEnvironment.cs(90,0): at Erp.Testing.ErpTestEnvironment.<>c__DisplayClass34_0.<<StartGateAsync>b__0>d.MoveNext()
[xUnit.net 00:00:08.76]         --- End of stack trace from previous location ---
[xUnit.net 00:00:08.76]         /work/tests/Erp.Testing/TestDatabaseServer.cs(156,0): at Erp.Testing.TestDatabaseServer.<>c__DisplayClass25_0.<<GateTemplateAsync>b__3>d.MoveNext()
[xUnit.net 00:00:08.76]         --- End of stack trace from previous location ---
[xUnit.net 00:00:08.76]         /work/tests/Erp.Testing/TestDatabaseServer.cs(161,0): at Erp.Testing.TestDatabaseServer.GateTemplateAsync(IDictionary`2 settings, Func`2 seed)
[xUnit.net 00:00:08.76]         /work/tests/Erp.Testing/ErpTestEnvironment.cs(87,0): at Erp.Testing.ErpTestEnvironment.StartGateAsync(IDictionary`2 settings)
[xUnit.net 00:00:08.76]         /work/tests/Erp.Gates.Tests/Infrastructure/GateFixture.cs(17,0): at Erp.Gates.Tests.Infrastructure.GateFixture.InitializeAsync()
[xUnit.net 00:00:08.76]     Erp.Gates.Tests.SelfTests.GateSelfTests.The_company_policy_check_catches_a_company_table_without_the_company_scope [FAIL]
[xUnit.net 00:00:08.76]       Assembly fixture type 'Erp.Gates.Tests.Infrastructure.GateFixture' threw in InitializeAsync
[xUnit.net 00:00:08.76]       ---- System.InvalidOperationException : Endpoint authorisation is incomplete:
[xUnit.net 00:00:08.76]       HTTP: DELETE /api/identity/me/preferences => ResetPreferences: declares no permission
[xUnit.net 00:00:08.76]       Stack Trace:
[xUnit.net 00:00:08.76]         
[xUnit.net 00:00:08.76]         ----- Inner Stack Trace -----
[xUnit.net 00:00:08.76]         /work/src/Kernel/Erp.Kernel/Hosting/ErpPlatform.cs(236,0): at Erp.Kernel.Hosting.ErpPlatform.ValidateEndpoints(WebApplication app)
[xUnit.net 00:00:08.76]         /work/src/Kernel/Erp.Kernel/Hosting/ErpPlatform.cs(202,0): at Erp.Kernel.Hosting.ErpPlatform.UseErpPlatform(WebApplication app)
[xUnit.net 00:00:08.76]         /work/src/Host/Erp.Host/Program.cs(8,0): at Program.<Main>$(String[] args)
[xUnit.net 00:00:08.77]            at Program.<Main>(String[] args)
[xUnit.net 00:00:08.77]            at System.Reflection.MethodBaseInvoker.InterpretedInvoke_Method(Object obj, IntPtr* args)
[xUnit.net 00:00:08.77]            at System.Reflection.MethodBaseInvoker.InvokeDirectByRefWithFewArgs(Object obj, Span`1 copyOfArgs, BindingFlags invokeAttr)
[xUnit.net 00:00:08.77]         --- End of stack trace from previous location ---
[xUnit.net 00:00:08.77]            at Microsoft.AspNetCore.Mvc.Testing.DeferredHostBuilder.DeferredHost.StartAsync(CancellationToken cancellationToken)
[xUnit.net 00:00:08.77]            at Microsoft.Extensions.Hosting.HostingAbstractionsHostExtensions.Start(IHost host)
[xUnit.net 00:00:08.77]            at Microsoft.AspNetCore.Mvc.Testing.WebApplicationFactory`1.CreateHost(IHostBuilder builder)
[xUnit.net 00:00:08.77]            at Microsoft.AspNetCore.Mvc.Testing.WebApplicationFactory`1.ConfigureHostBuilder(IHostBuilder hostBuilder)
[xUnit.net 00:00:08.77]            at Microsoft.AspNetCore.Mvc.Testing.WebApplicationFactory`1.StartServer()
[xUnit.net 00:00:08.77]            at Microsoft.AspNetCore.Mvc.Testing.WebApplicationFactory`1.get_Services()
[xUnit.net 00:00:08.77]         /work/tests/Erp.Testing/ErpTestEnvironment.cs(128,0): at Erp.Testing.ErpTestEnvironment.SeedAsync(TestDatabaseServer server, String database, SeedPlan plan, IDictionary`2 settings)
[xUnit.net 00:00:08.77]         /work/tests/Erp.Testing/ErpTestEnvironment.cs(138,0): at Erp.Testing.ErpTestEnvironment.SeedAsync(TestDatabaseServer server, String database, SeedPlan plan, IDictionary`2 settings)
[xUnit.net 00:00:08.77]         /work/tests/Erp.Testing/ErpTestEnvironment.cs(90,0): at Erp.Testing.ErpTestEnvironment.<>c__DisplayClass34_0.<<StartGateAsync>b__0>d.MoveNext()
[xUnit.net 00:00:08.77]         --- End of stack trace from previous location ---
[xUnit.net 00:00:08.77]         /work/tests/Erp.Testing/TestDatabaseServer.cs(156,0): at Erp.Testing.TestDatabaseServer.<>c__DisplayClass25_0.<<GateTemplateAsync>b__3>d.MoveNext()
[xUnit.net 00:00:08.77]         --- End of stack trace from previous location ---
[xUnit.net 00:00:08.77]         /work/tests/Erp.Testing/TestDatabaseServer.cs(161,0): at Erp.Testing.TestDatabaseServer.GateTemplateAsync(IDictionary`2 settings, Func`2 seed)
[xUnit.net 00:00:08.77]         /work/tests/Erp.Testing/ErpTestEnvironment.cs(87,0): at Erp.Testing.ErpTestEnvironment.StartGateAsync(IDictionary`2 settings)
[xUnit.net 00:00:08.77]         /work/tests/Erp.Gates.Tests/Infrastructure/GateFixture.cs(17,0): at Erp.Gates.Tests.Infrastructure.GateFixture.InitializeAsync()
[xUnit.net 00:00:08.77]     Erp.Gates.Tests.SelfTests.GateSelfTests.The_company_grant_check_catches_access_given_without_checking_the_caller_or_the_user [FAIL]
[xUnit.net 00:00:08.77]       Assembly fixture type 'Erp.Gates.Tests.Infrastructure.GateFixture' threw in InitializeAsync
[xUnit.net 00:00:08.77]       ---- System.InvalidOperationException : Endpoint authorisation is incomplete:
[xUnit.net 00:00:08.77]       HTTP: DELETE /api/identity/me/preferences => ResetPreferences: declares no permission
[xUnit.net 00:00:08.77]       Stack Trace:
[xUnit.net 00:00:08.77]         
[xUnit.net 00:00:08.77]         ----- Inner Stack Trace -----
[xUnit.net 00:00:08.77]         /work/src/Kernel/Erp.Kernel/Hosting/ErpPlatform.cs(236,0): at Erp.Kernel.Hosting.ErpPlatform.ValidateEndpoints(WebApplication app)
[xUnit.net 00:00:08.77]         /work/src/Kernel/Erp.Kernel/Hosting/ErpPlatform.cs(202,0): at Erp.Kernel.Hosting.ErpPlatform.UseErpPlatform(WebApplication app)
[xUnit.net 00:00:08.77]         /work/src/Host/Erp.Host/Program.cs(8,0): at Program.<Main>$(String[] args)
[xUnit.net 00:00:08.77]            at Program.<Main>(String[] args)
[xUnit.net 00:00:08.77]            at System.Reflection.MethodBaseInvoker.InterpretedInvoke_Method(Object obj, IntPtr* args)
[xUnit.net 00:00:08.77]            at System.Reflection.MethodBaseInvoker.InvokeDirectByRefWithFewArgs(Object obj, Span`1 copyOfArgs, BindingFlags invokeAttr)
[xUnit.net 00:00:08.77]         --- End of stack trace from previous location ---
[xUnit.net 00:00:08.77]            at Microsoft.AspNetCore.Mvc.Testing.DeferredHostBuilder.DeferredHost.StartAsync(CancellationToken cancellationToken)
[xUnit.net 00:00:08.77]            at Microsoft.Extensions.Hosting.HostingAbstractionsHostExtensions.Start(IHost host)
[xUnit.net 00:00:08.77]            at Microsoft.AspNetCore.Mvc.Testing.WebApplicationFactory`1.CreateHost(IHostBuilder builder)
[xUnit.net 00:00:08.77]            at Microsoft.AspNetCore.Mvc.Testing.WebApplicationFactory`1.ConfigureHostBuilder(IHostBuilder hostBuilder)
[xUnit.net 00:00:08.77]            at Microsoft.AspNetCore.Mvc.Testing.WebApplicationFactory`1.StartServer()
[xUnit.net 00:00:08.77]            at Microsoft.AspNetCore.Mvc.Testing.WebApplicationFactory`1.get_Services()
[xUnit.net 00:00:08.77]         /work/tests/Erp.Testing/ErpTestEnvironment.cs(128,0): at Erp.Testing.ErpTestEnvironment.SeedAsync(TestDatabaseServer server, String database, SeedPlan plan, IDictionary`2 settings)
[xUnit.net 00:00:08.77]         /work/tests/Erp.Testing/ErpTestEnvironment.cs(138,0): at Erp.Testing.ErpTestEnvironment.SeedAsync(TestDatabaseServer server, String database, SeedPlan plan, IDictionary`2 settings)
[xUnit.net 00:00:08.77]         /work/tests/Erp.Testing/ErpTestEnvironment.cs(90,0): at Erp.Testing.ErpTestEnvironment.<>c__DisplayClass34_0.<<StartGateAsync>b__0>d.MoveNext()
[xUnit.net 00:00:08.77]         --- End of stack trace from previous location ---
[xUnit.net 00:00:08.77]         /work/tests/Erp.Testing/TestDatabaseServer.cs(156,0): at Erp.Testing.TestDatabaseServer.<>c__DisplayClass25_0.<<GateTemplateAsync>b__3>d.MoveNext()
[xUnit.net 00:00:08.77]         --- End of stack trace from previous location ---
[xUnit.net 00:00:08.77]         /work/tests/Erp.Testing/TestDatabaseServer.cs(161,0): at Erp.Testing.TestDatabaseServer.GateTemplateAsync(IDictionary`2 settings, Func`2 seed)
[xUnit.net 00:00:08.77]         /work/tests/Erp.Testing/ErpTestEnvironment.cs(87,0): at Erp.Testing.ErpTestEnvironment.StartGateAsync(IDictionary`2 settings)
[xUnit.net 00:00:08.77]         /work/tests/Erp.Gates.Tests/Infrastructure/GateFixture.cs(17,0): at Erp.Gates.Tests.Infrastructure.GateFixture.InitializeAsync()
[xUnit.net 00:00:08.77]     Erp.Gates.Tests.G1.G1TenantValueRuleTests.A_request_may_run_its_SQL_only_under_the_tenant_it_may_bind [FAIL]
[xUnit.net 00:00:08.77]       Assembly fixture type 'Erp.Gates.Tests.Infrastructure.GateFixture' threw in InitializeAsync
[xUnit.net 00:00:08.77]       ---- System.InvalidOperationException : Endpoint authorisation is incomplete:
[xUnit.net 00:00:08.77]       HTTP: DELETE /api/identity/me/preferences => ResetPreferences: declares no permission
[xUnit.net 00:00:08.77]       Stack Trace:
[xUnit.net 00:00:08.77]         
[xUnit.net 00:00:08.77]         ----- Inner Stack Trace -----
[xUnit.net 00:00:08.77]         /work/src/Kernel/Erp.Kernel/Hosting/ErpPlatform.cs(236,0): at Erp.Kernel.Hosting.ErpPlatform.ValidateEndpoints(WebApplication app)
[xUnit.net 00:00:08.77]         /work/src/Kernel/Erp.Kernel/Hosting/ErpPlatform.cs(202,0): at Erp.Kernel.Hosting.ErpPlatform.UseErpPlatform(WebApplication app)
[xUnit.net 00:00:08.77]         /work/src/Host/Erp.Host/Program.cs(8,0): at Program.<Main>$(String[] args)
[xUnit.net 00:00:08.77]            at Program.<Main>(String[] args)
[xUnit.net 00:00:08.77]            at System.Reflection.MethodBaseInvoker.InterpretedInvoke_Method(Object obj, IntPtr* args)
[xUnit.net 00:00:08.77]            at System.Reflection.MethodBaseInvoker.InvokeDirectByRefWithFewArgs(Object obj, Span`1 copyOfArgs, BindingFlags invokeAttr)
[xUnit.net 00:00:08.77]         --- End of stack trace from previous location ---
[xUnit.net 00:00:08.77]            at Microsoft.AspNetCore.Mvc.Testing.DeferredHostBuilder.DeferredHost.StartAsync(CancellationToken cancellationToken)
[xUnit.net 00:00:08.77]            at Microsoft.Extensions.Hosting.HostingAbstractionsHostExtensions.Start(IHost host)
[xUnit.net 00:00:08.77]            at Microsoft.AspNetCore.Mvc.Testing.WebApplicationFactory`1.CreateHost(IHostBuilder builder)
[xUnit.net 00:00:08.77]            at Microsoft.AspNetCore.Mvc.Testing.WebApplicationFactory`1.ConfigureHostBuilder(IHostBuilder hostBuilder)
[xUnit.net 00:00:08.77]            at Microsoft.AspNetCore.Mvc.Testing.WebApplicationFactory`1.StartServer()
[xUnit.net 00:00:08.77]            at Microsoft.AspNetCore.Mvc.Testing.WebApplicationFactory`1.get_Services()
[xUnit.net 00:00:08.77]         /work/tests/Erp.Testing/ErpTestEnvironment.cs(128,0): at Erp.Testing.ErpTestEnvironment.SeedAsync(TestDatabaseServer server, String database, SeedPlan plan, IDictionary`2 settings)
[xUnit.net 00:00:08.77]         /work/tests/Erp.Testing/ErpTestEnvironment.cs(138,0): at Erp.Testing.ErpTestEnvironment.SeedAsync(TestDatabaseServer server, String database, SeedPlan plan, IDictionary`2 settings)
[xUnit.net 00:00:08.77]         /work/tests/Erp.Testing/ErpTestEnvironment.cs(90,0): at Erp.Testing.ErpTestEnvironment.<>c__DisplayClass34_0.<<StartGateAsync>b__0>d.MoveNext()
[xUnit.net 00:00:08.77]         --- End of stack trace from previous location ---
[xUnit.net 00:00:08.77]         /work/tests/Erp.Testing/TestDatabaseServer.cs(156,0): at Erp.Testing.TestDatabaseServer.<>c__DisplayClass25_0.<<GateTemplateAsync>b__3>d.MoveNext()
[xUnit.net 00:00:08.77]         --- End of stack trace from previous location ---
[xUnit.net 00:00:08.77]         /work/tests/Erp.Testing/TestDatabaseServer.cs(161,0): at Erp.Testing.TestDatabaseServer.GateTemplateAsync(IDictionary`2 settings, Func`2 seed)
[xUnit.net 00:00:08.77]         /work/tests/Erp.Testing/ErpTestEnvironment.cs(87,0): at Erp.Testing.ErpTestEnvironment.StartGateAsync(IDictionary`2 settings)
[xUnit.net 00:00:08.77]         /work/tests/Erp.Gates.Tests/Infrastructure/GateFixture.cs(17,0): at Erp.Gates.Tests.Infrastructure.GateFixture.InitializeAsync()
[xUnit.net 00:00:08.77]     Erp.Gates.Tests.G1.G1TenantValueRuleTests.Every_shape_of_setting_change_is_read_with_its_value [FAIL]
[xUnit.net 00:00:08.77]       Assembly fixture type 'Erp.Gates.Tests.Infrastructure.GateFixture' threw in InitializeAsync
[xUnit.net 00:00:08.77]       ---- System.InvalidOperationException : Endpoint authorisation is incomplete:
[xUnit.net 00:00:08.77]       HTTP: DELETE /api/identity/me/preferences => ResetPreferences: declares no permission
[xUnit.net 00:00:08.77]       Stack Trace:
[xUnit.net 00:00:08.77]         
[xUnit.net 00:00:08.77]         ----- Inner Stack Trace -----
[xUnit.net 00:00:08.77]         /work/src/Kernel/Erp.Kernel/Hosting/ErpPlatform.cs(236,0): at Erp.Kernel.Hosting.ErpPlatform.ValidateEndpoints(WebApplication app)
[xUnit.net 00:00:08.77]         /work/src/Kernel/Erp.Kernel/Hosting/ErpPlatform.cs(202,0): at Erp.Kernel.Hosting.ErpPlatform.UseErpPlatform(WebApplication app)
[xUnit.net 00:00:08.77]         /work/src/Host/Erp.Host/Program.cs(8,0): at Program.<Main>$(String[] args)
[xUnit.net 00:00:08.77]            at Program.<Main>(String[] args)
[xUnit.net 00:00:08.77]            at System.Reflection.MethodBaseInvoker.InterpretedInvoke_Method(Object obj, IntPtr* args)
[xUnit.net 00:00:08.77]            at System.Reflection.MethodBaseInvoker.InvokeDirectByRefWithFewArgs(Object obj, Span`1 copyOfArgs, BindingFlags invokeAttr)
[xUnit.net 00:00:08.77]         --- End of stack trace from previous location ---
[xUnit.net 00:00:08.77]            at Microsoft.AspNetCore.Mvc.Testing.DeferredHostBuilder.DeferredHost.StartAsync(CancellationToken cancellationToken)
[xUnit.net 00:00:08.77]            at Microsoft.Extensions.Hosting.HostingAbstractionsHostExtensions.Start(IHost host)
[xUnit.net 00:00:08.77]            at Microsoft.AspNetCore.Mvc.Testing.WebApplicationFactory`1.CreateHost(IHostBuilder builder)
[xUnit.net 00:00:08.77]            at Microsoft.AspNetCore.Mvc.Testing.WebApplicationFactory`1.ConfigureHostBuilder(IHostBuilder hostBuilder)
[xUnit.net 00:00:08.77]            at Microsoft.AspNetCore.Mvc.Testing.WebApplicationFactory`1.StartServer()
[xUnit.net 00:00:08.77]            at Microsoft.AspNetCore.Mvc.Testing.WebApplicationFactory`1.get_Services()
[xUnit.net 00:00:08.77]         /work/tests/Erp.Testing/ErpTestEnvironment.cs(128,0): at Erp.Testing.ErpTestEnvironment.SeedAsync(TestDatabaseServer server, String database, SeedPlan plan, IDictionary`2 settings)
[xUnit.net 00:00:08.77]         /work/tests/Erp.Testing/ErpTestEnvironment.cs(138,0): at Erp.Testing.ErpTestEnvironment.SeedAsync(TestDatabaseServer server, String database, SeedPlan plan, IDictionary`2 settings)
[xUnit.net 00:00:08.77]         /work/tests/Erp.Testing/ErpTestEnvironment.cs(90,0): at Erp.Testing.ErpTestEnvironment.<>c__DisplayClass34_0.<<StartGateAsync>b__0>d.MoveNext()
[xUnit.net 00:00:08.77]         --- End of stack trace from previous location ---
[xUnit.net 00:00:08.77]         /work/tests/Erp.Testing/TestDatabaseServer.cs(156,0): at Erp.Testing.TestDatabaseServer.<>c__DisplayClass25_0.<<GateTemplateAsync>b__3>d.MoveNext()
[xUnit.net 00:00:08.77]         --- End of stack trace from previous location ---
[xUnit.net 00:00:08.77]         /work/tests/Erp.Testing/TestDatabaseServer.cs(161,0): at Erp.Testing.TestDatabaseServer.GateTemplateAsync(IDictionary`2 settings, Func`2 seed)
[xUnit.net 00:00:08.77]         /work/tests/Erp.Testing/ErpTestEnvironment.cs(87,0): at Erp.Testing.ErpTestEnvironment.StartGateAsync(IDictionary`2 settings)
[xUnit.net 00:00:08.78]         /work/tests/Erp.Gates.Tests/Infrastructure/GateFixture.cs(17,0): at Erp.Gates.Tests.Infrastructure.GateFixture.InitializeAsync()
  Failed Erp.Gates.Tests.SelfTests.GateSelfTests.The_grant_escalation_check_catches_an_endpoint_that_grants_any_role [1 ms]
  Error Message:
   Assembly fixture type 'Erp.Gates.Tests.Infrastructure.GateFixture' threw in InitializeAsync
---- System.InvalidOperationException : Endpoint authorisation is incomplete:
HTTP: DELETE /api/identity/me/preferences => ResetPreferences: declares no permission
  Stack Trace:
  
----- Inner Stack Trace -----
   at Erp.Kernel.Hosting.ErpPlatform.ValidateEndpoints(WebApplication app) in /work/src/Kernel/Erp.Kernel/Hosting/ErpPlatform.cs:line 236
   at Erp.Kernel.Hosting.ErpPlatform.UseErpPlatform(WebApplication app) in /work/src/Kernel/Erp.Kernel/Hosting/ErpPlatform.cs:line 202
   at Program.<Main>$(String[] args) in /work/src/Host/Erp.Host/Program.cs:line 8
   at Program.<Main>(String[] args)
   at System.Reflection.MethodBaseInvoker.InterpretedInvoke_Method(Object obj, IntPtr* args)
   at System.Reflection.MethodBaseInvoker.InvokeDirectByRefWithFewArgs(Object obj, Span`1 copyOfArgs, BindingFlags invokeAttr)
--- End of stack trace from previous location ---
   at Microsoft.AspNetCore.Mvc.Testing.DeferredHostBuilder.DeferredHost.StartAsync(CancellationToken cancellationToken)
   at Microsoft.Extensions.Hosting.HostingAbstractionsHostExtensions.Start(IHost host)
   at Microsoft.AspNetCore.Mvc.Testing.WebApplicationFactory`1.CreateHost(IHostBuilder builder)
   at Microsoft.AspNetCore.Mvc.Testing.WebApplicationFactory`1.ConfigureHostBuilder(IHostBuilder hostBuilder)
   at Microsoft.AspNetCore.Mvc.Testing.WebApplicationFactory`1.StartServer()
   at Microsoft.AspNetCore.Mvc.Testing.WebApplicationFactory`1.get_Services()
   at Erp.Testing.ErpTestEnvironment.SeedAsync(TestDatabaseServer server, String database, SeedPlan plan, IDictionary`2 settings) in /work/tests/Erp.Testing/ErpTestEnvironment.cs:line 128
   at Erp.Testing.ErpTestEnvironment.SeedAsync(TestDatabaseServer server, String database, SeedPlan plan, IDictionary`2 settings) in /work/tests/Erp.Testing/ErpTestEnvironment.cs:line 138
   at Erp.Testing.ErpTestEnvironment.<>c__DisplayClass34_0.<<StartGateAsync>b__0>d.MoveNext() in /work/tests/Erp.Testing/ErpTestEnvironment.cs:line 90
--- End of stack trace from previous location ---
   at Erp.Testing.TestDatabaseServer.<>c__DisplayClass25_0.<<GateTemplateAsync>b__3>d.MoveNext() in /work/tests/Erp.Testing/TestDatabaseServer.cs:line 156
--- End of stack trace from previous location ---
   at Erp.Testing.TestDatabaseServer.GateTemplateAsync(IDictionary`2 settings, Func`2 seed) in /work/tests/Erp.Testing/TestDatabaseServer.cs:line 161
   at Erp.Testing.ErpTestEnvironment.StartGateAsync(IDictionary`2 settings) in /work/tests/Erp.Testing/ErpTestEnvironment.cs:line 87
   at Erp.Gates.Tests.Infrastructure.GateFixture.InitializeAsync() in /work/tests/Erp.Gates.Tests/Infrastructure/GateFixture.cs:line 17
  Failed Erp.Gates.Tests.SelfTests.GateSelfTests.The_process_state_check_catches_a_static_cache_and_a_stateful_singleton [1 ms]
  Error Message:
   Assembly fixture type 'Erp.Gates.Tests.Infrastructure.GateFixture' threw in InitializeAsync
---- System.InvalidOperationException : Endpoint authorisation is incomplete:
HTTP: DELETE /api/identity/me/preferences => ResetPreferences: declares no permission
  Stack Trace:
  
----- Inner Stack Trace -----
   at Erp.Kernel.Hosting.ErpPlatform.ValidateEndpoints(WebApplication app) in /work/src/Kernel/Erp.Kernel/Hosting/ErpPlatform.cs:line 236
   at Erp.Kernel.Hosting.ErpPlatform.UseErpPlatform(WebApplication app) in /work/src/Kernel/Erp.Kernel/Hosting/ErpPlatform.cs:line 202
   at Program.<Main>$(String[] args) in /work/src/Host/Erp.Host/Program.cs:line 8
   at Program.<Main>(String[] args)
   at System.Reflection.MethodBaseInvoker.InterpretedInvoke_Method(Object obj, IntPtr* args)
   at System.Reflection.MethodBaseInvoker.InvokeDirectByRefWithFewArgs(Object obj, Span`1 copyOfArgs, BindingFlags invokeAttr)
--- End of stack trace from previous location ---
   at Microsoft.AspNetCore.Mvc.Testing.DeferredHostBuilder.DeferredHost.StartAsync(CancellationToken cancellationToken)
   at Microsoft.Extensions.Hosting.HostingAbstractionsHostExtensions.Start(IHost host)
   at Microsoft.AspNetCore.Mvc.Testing.WebApplicationFactory`1.CreateHost(IHostBuilder builder)
   at Microsoft.AspNetCore.Mvc.Testing.WebApplicationFactory`1.ConfigureHostBuilder(IHostBuilder hostBuilder)
   at Microsoft.AspNetCore.Mvc.Testing.WebApplicationFactory`1.StartServer()
   at Microsoft.AspNetCore.Mvc.Testing.WebApplicationFactory`1.get_Services()
   at Erp.Testing.ErpTestEnvironment.SeedAsync(TestDatabaseServer server, String database, SeedPlan plan, IDictionary`2 settings) in /work/tests/Erp.Testing/ErpTestEnvironment.cs:line 128
   at Erp.Testing.ErpTestEnvironment.SeedAsync(TestDatabaseServer server, String database, SeedPlan plan, IDictionary`2 settings) in /work/tests/Erp.Testing/ErpTestEnvironment.cs:line 138
   at Erp.Testing.ErpTestEnvironment.<>c__DisplayClass34_0.<<StartGateAsync>b__0>d.MoveNext() in /work/tests/Erp.Testing/ErpTestEnvironment.cs:line 90
--- End of stack trace from previous location ---
   at Erp.Testing.TestDatabaseServer.<>c__DisplayClass25_0.<<GateTemplateAsync>b__3>d.MoveNext() in /work/tests/Erp.Testing/TestDatabaseServer.cs:line 156
--- End of stack trace from previous location ---
   at Erp.Testing.TestDatabaseServer.GateTemplateAsync(IDictionary`2 settings, Func`2 seed) in /work/tests/Erp.Testing/TestDatabaseServer.cs:line 161
   at Erp.Testing.ErpTestEnvironment.StartGateAsync(IDictionary`2 settings) in /work/tests/Erp.Testing/ErpTestEnvironment.cs:line 87
   at Erp.Gates.Tests.Infrastructure.GateFixture.InitializeAsync() in /work/tests/Erp.Gates.Tests/Infrastructure/GateFixture.cs:line 17
  Failed Erp.Gates.Tests.SelfTests.GateSelfTests.The_grant_bearing_record_check_catches_an_edit_that_skips_the_access_check_when_only_the_email_changes [1 ms]
  Error Message:
   Assembly fixture type 'Erp.Gates.Tests.Infrastructure.GateFixture' threw in InitializeAsync
---- System.InvalidOperationException : Endpoint authorisation is incomplete:
HTTP: DELETE /api/identity/me/preferences => ResetPreferences: declares no permission
  Stack Trace:
  
----- Inner Stack Trace -----
   at Erp.Kernel.Hosting.ErpPlatform.ValidateEndpoints(WebApplication app) in /work/src/Kernel/Erp.Kernel/Hosting/ErpPlatform.cs:line 236
   at Erp.Kernel.Hosting.ErpPlatform.UseErpPlatform(WebApplication app) in /work/src/Kernel/Erp.Kernel/Hosting/ErpPlatform.cs:line 202
   at Program.<Main>$(String[] args) in /work/src/Host/Erp.Host/Program.cs:line 8
   at Program.<Main>(String[] args)
   at System.Reflection.MethodBaseInvoker.InterpretedInvoke_Method(Object obj, IntPtr* args)
   at System.Reflection.MethodBaseInvoker.InvokeDirectByRefWithFewArgs(Object obj, Span`1 copyOfArgs, BindingFlags invokeAttr)
--- End of stack trace from previous location ---
   at Microsoft.AspNetCore.Mvc.Testing.DeferredHostBuilder.DeferredHost.StartAsync(CancellationToken cancellationToken)
   at Microsoft.Extensions.Hosting.HostingAbstractionsHostExtensions.Start(IHost host)
   at Microsoft.AspNetCore.Mvc.Testing.WebApplicationFactory`1.CreateHost(IHostBuilder builder)
   at Microsoft.AspNetCore.Mvc.Testing.WebApplicationFactory`1.ConfigureHostBuilder(IHostBuilder hostBuilder)
   at Microsoft.AspNetCore.Mvc.Testing.WebApplicationFactory`1.StartServer()
   at Microsoft.AspNetCore.Mvc.Testing.WebApplicationFactory`1.get_Services()
   at Erp.Testing.ErpTestEnvironment.SeedAsync(TestDatabaseServer server, String database, SeedPlan plan, IDictionary`2 settings) in /work/tests/Erp.Testing/ErpTestEnvironment.cs:line 128
   at Erp.Testing.ErpTestEnvironment.SeedAsync(TestDatabaseServer server, String database, SeedPlan plan, IDictionary`2 settings) in /work/tests/Erp.Testing/ErpTestEnvironment.cs:line 138
   at Erp.Testing.ErpTestEnvironment.<>c__DisplayClass34_0.<<StartGateAsync>b__0>d.MoveNext() in /work/tests/Erp.Testing/ErpTestEnvironment.cs:line 90
--- End of stack trace from previous location ---
   at Erp.Testing.TestDatabaseServer.<>c__DisplayClass25_0.<<GateTemplateAsync>b__3>d.MoveNext() in /work/tests/Erp.Testing/TestDatabaseServer.cs:line 156
--- End of stack trace from previous location ---
   at Erp.Testing.TestDatabaseServer.GateTemplateAsync(IDictionary`2 settings, Func`2 seed) in /work/tests/Erp.Testing/TestDatabaseServer.cs:line 161
   at Erp.Testing.ErpTestEnvironment.StartGateAsync(IDictionary`2 settings) in /work/tests/Erp.Testing/ErpTestEnvironment.cs:line 87
   at Erp.Gates.Tests.Infrastructure.GateFixture.InitializeAsync() in /work/tests/Erp.Gates.Tests/Infrastructure/GateFixture.cs:line 17
  Failed Erp.Gates.Tests.SelfTests.GateSelfTests.The_grant_bearing_record_check_catches_a_role_delete_without_the_grant_check [1 ms]
  Error Message:
   Assembly fixture type 'Erp.Gates.Tests.Infrastructure.GateFixture' threw in InitializeAsync
---- System.InvalidOperationException : Endpoint authorisation is incomplete:
HTTP: DELETE /api/identity/me/preferences => ResetPreferences: declares no permission
  Stack Trace:
  
----- Inner Stack Trace -----
   at Erp.Kernel.Hosting.ErpPlatform.ValidateEndpoints(WebApplication app) in /work/src/Kernel/Erp.Kernel/Hosting/ErpPlatform.cs:line 236
   at Erp.Kernel.Hosting.ErpPlatform.UseErpPlatform(WebApplication app) in /work/src/Kernel/Erp.Kernel/Hosting/ErpPlatform.cs:line 202
   at Program.<Main>$(String[] args) in /work/src/Host/Erp.Host/Program.cs:line 8
   at Program.<Main>(String[] args)
   at System.Reflection.MethodBaseInvoker.InterpretedInvoke_Method(Object obj, IntPtr* args)
   at System.Reflection.MethodBaseInvoker.InvokeDirectByRefWithFewArgs(Object obj, Span`1 copyOfArgs, BindingFlags invokeAttr)
--- End of stack trace from previous location ---
   at Microsoft.AspNetCore.Mvc.Testing.DeferredHostBuilder.DeferredHost.StartAsync(CancellationToken cancellationToken)
   at Microsoft.Extensions.Hosting.HostingAbstractionsHostExtensions.Start(IHost host)
   at Microsoft.AspNetCore.Mvc.Testing.WebApplicationFactory`1.CreateHost(IHostBuilder builder)
   at Microsoft.AspNetCore.Mvc.Testing.WebApplicationFactory`1.ConfigureHostBuilder(IHostBuilder hostBuilder)
   at Microsoft.AspNetCore.Mvc.Testing.WebApplicationFactory`1.StartServer()
   at Microsoft.AspNetCore.Mvc.Testing.WebApplicationFactory`1.get_Services()
   at Erp.Testing.ErpTestEnvironment.SeedAsync(TestDatabaseServer server, String database, SeedPlan plan, IDictionary`2 settings) in /work/tests/Erp.Testing/ErpTestEnvironment.cs:line 128
   at Erp.Testing.ErpTestEnvironment.SeedAsync(TestDatabaseServer server, String database, SeedPlan plan, IDictionary`2 settings) in /work/tests/Erp.Testing/ErpTestEnvironment.cs:line 138
   at Erp.Testing.ErpTestEnvironment.<>c__DisplayClass34_0.<<StartGateAsync>b__0>d.MoveNext() in /work/tests/Erp.Testing/ErpTestEnvironment.cs:line 90
--- End of stack trace from previous location ---
   at Erp.Testing.TestDatabaseServer.<>c__DisplayClass25_0.<<GateTemplateAsync>b__3>d.MoveNext() in /work/tests/Erp.Testing/TestDatabaseServer.cs:line 156
--- End of stack trace from previous location ---
   at Erp.Testing.TestDatabaseServer.GateTemplateAsync(IDictionary`2 settings, Func`2 seed) in /work/tests/Erp.Testing/TestDatabaseServer.cs:line 161
   at Erp.Testing.ErpTestEnvironment.StartGateAsync(IDictionary`2 settings) in /work/tests/Erp.Testing/ErpTestEnvironment.cs:line 87
   at Erp.Gates.Tests.Infrastructure.GateFixture.InitializeAsync() in /work/tests/Erp.Gates.Tests/Infrastructure/GateFixture.cs:line 17
  Failed Erp.Gates.Tests.SelfTests.GateSelfTests.The_subject_check_catches_me_endpoints_that_act_on_the_user_a_request_names [1 ms]
  Error Message:
   Assembly fixture type 'Erp.Gates.Tests.Infrastructure.GateFixture' threw in InitializeAsync
---- System.InvalidOperationException : Endpoint authorisation is incomplete:
HTTP: DELETE /api/identity/me/preferences => ResetPreferences: declares no permission
  Stack Trace:
  
----- Inner Stack Trace -----
   at Erp.Kernel.Hosting.ErpPlatform.ValidateEndpoints(WebApplication app) in /work/src/Kernel/Erp.Kernel/Hosting/ErpPlatform.cs:line 236
   at Erp.Kernel.Hosting.ErpPlatform.UseErpPlatform(WebApplication app) in /work/src/Kernel/Erp.Kernel/Hosting/ErpPlatform.cs:line 202
   at Program.<Main>$(String[] args) in /work/src/Host/Erp.Host/Program.cs:line 8
   at Program.<Main>(String[] args)
   at System.Reflection.MethodBaseInvoker.InterpretedInvoke_Method(Object obj, IntPtr* args)
   at System.Reflection.MethodBaseInvoker.InvokeDirectByRefWithFewArgs(Object obj, Span`1 copyOfArgs, BindingFlags invokeAttr)
--- End of stack trace from previous location ---
   at Microsoft.AspNetCore.Mvc.Testing.DeferredHostBuilder.DeferredHost.StartAsync(CancellationToken cancellationToken)
   at Microsoft.Extensions.Hosting.HostingAbstractionsHostExtensions.Start(IHost host)
   at Microsoft.AspNetCore.Mvc.Testing.WebApplicationFactory`1.CreateHost(IHostBuilder builder)
   at Microsoft.AspNetCore.Mvc.Testing.WebApplicationFactory`1.ConfigureHostBuilder(IHostBuilder hostBuilder)
   at Microsoft.AspNetCore.Mvc.Testing.WebApplicationFactory`1.StartServer()
   at Microsoft.AspNetCore.Mvc.Testing.WebApplicationFactory`1.get_Services()
   at Erp.Testing.ErpTestEnvironment.SeedAsync(TestDatabaseServer server, String database, SeedPlan plan, IDictionary`2 settings) in /work/tests/Erp.Testing/ErpTestEnvironment.cs:line 128
   at Erp.Testing.ErpTestEnvironment.SeedAsync(TestDatabaseServer server, String database, SeedPlan plan, IDictionary`2 settings) in /work/tests/Erp.Testing/ErpTestEnvironment.cs:line 138
   at Erp.Testing.ErpTestEnvironment.<>c__DisplayClass34_0.<<StartGateAsync>b__0>d.MoveNext() in /work/tests/Erp.Testing/ErpTestEnvironment.cs:line 90
--- End of stack trace from previous location ---
   at Erp.Testing.TestDatabaseServer.<>c__DisplayClass25_0.<<GateTemplateAsync>b__3>d.MoveNext() in /work/tests/Erp.Testing/TestDatabaseServer.cs:line 156
--- End of stack trace from previous location ---
   at Erp.Testing.TestDatabaseServer.GateTemplateAsync(IDictionary`2 settings, Func`2 seed) in /work/tests/Erp.Testing/TestDatabaseServer.cs:line 161
   at Erp.Testing.ErpTestEnvironment.StartGateAsync(IDictionary`2 settings) in /work/tests/Erp.Testing/ErpTestEnvironment.cs:line 87
   at Erp.Gates.Tests.Infrastructure.GateFixture.InitializeAsync() in /work/tests/Erp.Gates.Tests/Infrastructure/GateFixture.cs:line 17
  Failed Erp.Gates.Tests.SelfTests.GateSelfTests.The_company_policy_check_catches_a_company_table_without_the_company_scope [1 ms]
  Error Message:
   Assembly fixture type 'Erp.Gates.Tests.Infrastructure.GateFixture' threw in InitializeAsync
---- System.InvalidOperationException : Endpoint authorisation is incomplete:
HTTP: DELETE /api/identity/me/preferences => ResetPreferences: declares no permission
  Stack Trace:
  
----- Inner Stack Trace -----
   at Erp.Kernel.Hosting.ErpPlatform.ValidateEndpoints(WebApplication app) in /work/src/Kernel/Erp.Kernel/Hosting/ErpPlatform.cs:line 236
   at Erp.Kernel.Hosting.ErpPlatform.UseErpPlatform(WebApplication app) in /work/src/Kernel/Erp.Kernel/Hosting/ErpPlatform.cs:line 202
   at Program.<Main>$(String[] args) in /work/src/Host/Erp.Host/Program.cs:line 8
   at Program.<Main>(String[] args)
   at System.Reflection.MethodBaseInvoker.InterpretedInvoke_Method(Object obj, IntPtr* args)
   at System.Reflection.MethodBaseInvoker.InvokeDirectByRefWithFewArgs(Object obj, Span`1 copyOfArgs, BindingFlags invokeAttr)
--- End of stack trace from previous location ---
   at Microsoft.AspNetCore.Mvc.Testing.DeferredHostBuilder.DeferredHost.StartAsync(CancellationToken cancellationToken)
   at Microsoft.Extensions.Hosting.HostingAbstractionsHostExtensions.Start(IHost host)
   at Microsoft.AspNetCore.Mvc.Testing.WebApplicationFactory`1.CreateHost(IHostBuilder builder)
   at Microsoft.AspNetCore.Mvc.Testing.WebApplicationFactory`1.ConfigureHostBuilder(IHostBuilder hostBuilder)
   at Microsoft.AspNetCore.Mvc.Testing.WebApplicationFactory`1.StartServer()
   at Microsoft.AspNetCore.Mvc.Testing.WebApplicationFactory`1.get_Services()
   at Erp.Testing.ErpTestEnvironment.SeedAsync(TestDatabaseServer server, String database, SeedPlan plan, IDictionary`2 settings) in /work/tests/Erp.Testing/ErpTestEnvironment.cs:line 128
   at Erp.Testing.ErpTestEnvironment.SeedAsync(TestDatabaseServer server, String database, SeedPlan plan, IDictionary`2 settings) in /work/tests/Erp.Testing/ErpTestEnvironment.cs:line 138
   at Erp.Testing.ErpTestEnvironment.<>c__DisplayClass34_0.<<StartGateAsync>b__0>d.MoveNext() in /work/tests/Erp.Testing/ErpTestEnvironment.cs:line 90
--- End of stack trace from previous location ---
   at Erp.Testing.TestDatabaseServer.<>c__DisplayClass25_0.<<GateTemplateAsync>b__3>d.MoveNext() in /work/tests/Erp.Testing/TestDatabaseServer.cs:line 156
--- End of stack trace from previous location ---
   at Erp.Testing.TestDatabaseServer.GateTemplateAsync(IDictionary`2 settings, Func`2 seed) in /work/tests/Erp.Testing/TestDatabaseServer.cs:line 161
   at Erp.Testing.ErpTestEnvironment.StartGateAsync(IDictionary`2 settings) in /work/tests/Erp.Testing/ErpTestEnvironment.cs:line 87
   at Erp.Gates.Tests.Infrastructure.GateFixture.InitializeAsync() in /work/tests/Erp.Gates.Tests/Infrastructure/GateFixture.cs:line 17
  Failed Erp.Gates.Tests.SelfTests.GateSelfTests.The_company_grant_check_catches_access_given_without_checking_the_caller_or_the_user [1 ms]
  Error Message:
   Assembly fixture type 'Erp.Gates.Tests.Infrastructure.GateFixture' threw in InitializeAsync
---- System.InvalidOperationException : Endpoint authorisation is incomplete:
HTTP: DELETE /api/identity/me/preferences => ResetPreferences: declares no permission
  Stack Trace:
  
----- Inner Stack Trace -----
   at Erp.Kernel.Hosting.ErpPlatform.ValidateEndpoints(WebApplication app) in /work/src/Kernel/Erp.Kernel/Hosting/ErpPlatform.cs:line 236
   at Erp.Kernel.Hosting.ErpPlatform.UseErpPlatform(WebApplication app) in /work/src/Kernel/Erp.Kernel/Hosting/ErpPlatform.cs:line 202
   at Program.<Main>$(String[] args) in /work/src/Host/Erp.Host/Program.cs:line 8
   at Program.<Main>(String[] args)
   at System.Reflection.MethodBaseInvoker.InterpretedInvoke_Method(Object obj, IntPtr* args)
   at System.Reflection.MethodBaseInvoker.InvokeDirectByRefWithFewArgs(Object obj, Span`1 copyOfArgs, BindingFlags invokeAttr)
--- End of stack trace from previous location ---
   at Microsoft.AspNetCore.Mvc.Testing.DeferredHostBuilder.DeferredHost.StartAsync(CancellationToken cancellationToken)
   at Microsoft.Extensions.Hosting.HostingAbstractionsHostExtensions.Start(IHost host)
   at Microsoft.AspNetCore.Mvc.Testing.WebApplicationFactory`1.CreateHost(IHostBuilder builder)
   at Microsoft.AspNetCore.Mvc.Testing.WebApplicationFactory`1.ConfigureHostBuilder(IHostBuilder hostBuilder)
   at Microsoft.AspNetCore.Mvc.Testing.WebApplicationFactory`1.StartServer()
   at Microsoft.AspNetCore.Mvc.Testing.WebApplicationFactory`1.get_Services()
   at Erp.Testing.ErpTestEnvironment.SeedAsync(TestDatabaseServer server, String database, SeedPlan plan, IDictionary`2 settings) in /work/tests/Erp.Testing/ErpTestEnvironment.cs:line 128
   at Erp.Testing.ErpTestEnvironment.SeedAsync(TestDatabaseServer server, String database, SeedPlan plan, IDictionary`2 settings) in /work/tests/Erp.Testing/ErpTestEnvironment.cs:line 138
   at Erp.Testing.ErpTestEnvironment.<>c__DisplayClass34_0.<<StartGateAsync>b__0>d.MoveNext() in /work/tests/Erp.Testing/ErpTestEnvironment.cs:line 90
--- End of stack trace from previous location ---
   at Erp.Testing.TestDatabaseServer.<>c__DisplayClass25_0.<<GateTemplateAsync>b__3>d.MoveNext() in /work/tests/Erp.Testing/TestDatabaseServer.cs:line 156
--- End of stack trace from previous location ---
   at Erp.Testing.TestDatabaseServer.GateTemplateAsync(IDictionary`2 settings, Func`2 seed) in /work/tests/Erp.Testing/TestDatabaseServer.cs:line 161
   at Erp.Testing.ErpTestEnvironment.StartGateAsync(IDictionary`2 settings) in /work/tests/Erp.Testing/ErpTestEnvironment.cs:line 87
   at Erp.Gates.Tests.Infrastructure.GateFixture.InitializeAsync() in /work/tests/Erp.Gates.Tests/Infrastructure/GateFixture.cs:line 17
  Failed Erp.Gates.Tests.G1.G1TenantValueRuleTests.A_request_may_run_its_SQL_only_under_the_tenant_it_may_bind [1 ms]
  Error Message:
   Assembly fixture type 'Erp.Gates.Tests.Infrastructure.GateFixture' threw in InitializeAsync
---- System.InvalidOperationException : Endpoint authorisation is incomplete:
HTTP: DELETE /api/identity/me/preferences => ResetPreferences: declares no permission
  Stack Trace:
  
----- Inner Stack Trace -----
   at Erp.Kernel.Hosting.ErpPlatform.ValidateEndpoints(WebApplication app) in /work/src/Kernel/Erp.Kernel/Hosting/ErpPlatform.cs:line 236
   at Erp.Kernel.Hosting.ErpPlatform.UseErpPlatform(WebApplication app) in /work/src/Kernel/Erp.Kernel/Hosting/ErpPlatform.cs:line 202
   at Program.<Main>$(String[] args) in /work/src/Host/Erp.Host/Program.cs:line 8
   at Program.<Main>(String[] args)
   at System.Reflection.MethodBaseInvoker.InterpretedInvoke_Method(Object obj, IntPtr* args)
   at System.Reflection.MethodBaseInvoker.InvokeDirectByRefWithFewArgs(Object obj, Span`1 copyOfArgs, BindingFlags invokeAttr)
--- End of stack trace from previous location ---
   at Microsoft.AspNetCore.Mvc.Testing.DeferredHostBuilder.DeferredHost.StartAsync(CancellationToken cancellationToken)
   at Microsoft.Extensions.Hosting.HostingAbstractionsHostExtensions.Start(IHost host)
   at Microsoft.AspNetCore.Mvc.Testing.WebApplicationFactory`1.CreateHost(IHostBuilder builder)
   at Microsoft.AspNetCore.Mvc.Testing.WebApplicationFactory`1.ConfigureHostBuilder(IHostBuilder hostBuilder)
   at Microsoft.AspNetCore.Mvc.Testing.WebApplicationFactory`1.StartServer()
   at Microsoft.AspNetCore.Mvc.Testing.WebApplicationFactory`1.get_Services()
   at Erp.Testing.ErpTestEnvironment.SeedAsync(TestDatabaseServer server, String database, SeedPlan plan, IDictionary`2 settings) in /work/tests/Erp.Testing/ErpTestEnvironment.cs:line 128
   at Erp.Testing.ErpTestEnvironment.SeedAsync(TestDatabaseServer server, String database, SeedPlan plan, IDictionary`2 settings) in /work/tests/Erp.Testing/ErpTestEnvironment.cs:line 138
   at Erp.Testing.ErpTestEnvironment.<>c__DisplayClass34_0.<<StartGateAsync>b__0>d.MoveNext() in /work/tests/Erp.Testing/ErpTestEnvironment.cs:line 90
--- End of stack trace from previous location ---
   at Erp.Testing.TestDatabaseServer.<>c__DisplayClass25_0.<<GateTemplateAsync>b__3>d.MoveNext() in /work/tests/Erp.Testing/TestDatabaseServer.cs:line 156
--- End of stack trace from previous location ---
   at Erp.Testing.TestDatabaseServer.GateTemplateAsync(IDictionary`2 settings, Func`2 seed) in /work/tests/Erp.Testing/TestDatabaseServer.cs:line 161
   at Erp.Testing.ErpTestEnvironment.StartGateAsync(IDictionary`2 settings) in /work/tests/Erp.Testing/ErpTestEnvironment.cs:line 87
   at Erp.Gates.Tests.Infrastructure.GateFixture.InitializeAsync() in /work/tests/Erp.Gates.Tests/Infrastructure/GateFixture.cs:line 17
  Failed Erp.Gates.Tests.G1.G1TenantValueRuleTests.Every_shape_of_setting_change_is_read_with_its_value [1 ms]
  Error Message:
   Assembly fixture type 'Erp.Gates.Tests.Infrastructure.GateFixture' threw in InitializeAsync
---- System.InvalidOperationException : Endpoint authorisation is incomplete:
HTTP: DELETE /api/identity/me/preferences => ResetPreferences: declares no permission
  Stack Trace:
  
----- Inner Stack Trace -----
   at Erp.Kernel.Hosting.ErpPlatform.ValidateEndpoints(WebApplication app) in /work/src/Kernel/Erp.Kernel/Hosting/ErpPlatform.cs:line 236
   at Erp.Kernel.Hosting.ErpPlatform.UseErpPlatform(WebApplication app) in /work/src/Kernel/Erp.Kernel/Hosting/ErpPlatform.cs:line 202
   at Program.<Main>$(String[] args) in /work/src/Host/Erp.Host/Program.cs:line 8
   at Program.<Main>(String[] args)
   at System.Reflection.MethodBaseInvoker.InterpretedInvoke_Method(Object obj, IntPtr* args)
   at System.Reflection.MethodBaseInvoker.InvokeDirectByRefWithFewArgs(Object obj, Span`1 copyOfArgs, BindingFlags invokeAttr)
--- End of stack trace from previous location ---
   at Microsoft.AspNetCore.Mvc.Testing.DeferredHostBuilder.DeferredHost.StartAsync(CancellationToken cancellationToken)
   at Microsoft.Extensions.Hosting.HostingAbstractionsHostExtensions.Start(IHost host)
   at Microsoft.AspNetCore.Mvc.Testing.WebApplicationFactory`1.CreateHost(IHostBuilder builder)
   at Microsoft.AspNetCore.Mvc.Testing.WebApplicationFactory`1.ConfigureHostBuilder(IHostBuilder hostBuilder)
   at Microsoft.AspNetCore.Mvc.Testing.WebApplicationFactory`1.StartServer()
   at Microsoft.AspNetCore.Mvc.Testing.WebApplicationFactory`1.get_Services()
   at Erp.Testing.ErpTestEnvironment.SeedAsync(TestDatabaseServer server, String database, SeedPlan plan, IDictionary`2 settings) in /work/tests/Erp.Testing/ErpTestEnvironment.cs:line 128
   at Erp.Testing.ErpTestEnvironment.SeedAsync(TestDatabaseServer server, String database, SeedPlan plan, IDictionary`2 settings) in /work/tests/Erp.Testing/ErpTestEnvironment.cs:line 138
   at Erp.Testing.ErpTestEnvironment.<>c__DisplayClass34_0.<<StartGateAsync>b__0>d.MoveNext() in /work/tests/Erp.Testing/ErpTestEnvironment.cs:line 90
--- End of stack trace from previous location ---
   at Erp.Testing.TestDatabaseServer.<>c__DisplayClass25_0.<<GateTemplateAsync>b__3>d.MoveNext() in /work/tests/Erp.Testing/TestDatabaseServer.cs:line 156
--- End of stack trace from previous location ---
   at Erp.Testing.TestDatabaseServer.GateTemplateAsync(IDictionary`2 settings, Func`2 seed) in /work/tests/Erp.Testing/TestDatabaseServer.cs:line 161
   at Erp.Testing.ErpTestEnvironment.StartGateAsync(IDictionary`2 settings) in /work/tests/Erp.Testing/ErpTestEnvironment.cs:line 87
   at Erp.Gates.Tests.Infrastructure.GateFixture.InitializeAsync() in /work/tests/Erp.Gates.Tests/Infrastructure/GateFixture.cs:line 17
[xUnit.net 00:00:08.78]     Erp.Gates.Tests.G2.G2AccountTakeoverTests.Acting_on_a_record_that_grants_access_needs_everything_it_grants [FAIL]
[xUnit.net 00:00:08.78]       Assembly fixture type 'Erp.Gates.Tests.Infrastructure.GateFixture' threw in InitializeAsync
[xUnit.net 00:00:08.78]       ---- System.InvalidOperationException : Endpoint authorisation is incomplete:
[xUnit.net 00:00:08.78]       HTTP: DELETE /api/identity/me/preferences => ResetPreferences: declares no permission
[xUnit.net 00:00:08.78]       Stack Trace:
[xUnit.net 00:00:08.78]         
[xUnit.net 00:00:08.78]         ----- Inner Stack Trace -----
[xUnit.net 00:00:08.78]         /work/src/Kernel/Erp.Kernel/Hosting/ErpPlatform.cs(236,0): at Erp.Kernel.Hosting.ErpPlatform.ValidateEndpoints(WebApplication app)
[xUnit.net 00:00:08.78]         /work/src/Kernel/Erp.Kernel/Hosting/ErpPlatform.cs(202,0): at Erp.Kernel.Hosting.ErpPlatform.UseErpPlatform(WebApplication app)
[xUnit.net 00:00:08.78]         /work/src/Host/Erp.Host/Program.cs(8,0): at Program.<Main>$(String[] args)
[xUnit.net 00:00:08.78]            at Program.<Main>(String[] args)
[xUnit.net 00:00:08.78]            at System.Reflection.MethodBaseInvoker.InterpretedInvoke_Method(Object obj, IntPtr* args)
[xUnit.net 00:00:08.78]            at System.Reflection.MethodBaseInvoker.InvokeDirectByRefWithFewArgs(Object obj, Span`1 copyOfArgs, BindingFlags invokeAttr)
[xUnit.net 00:00:08.78]         --- End of stack trace from previous location ---
[xUnit.net 00:00:08.78]            at Microsoft.AspNetCore.Mvc.Testing.DeferredHostBuilder.DeferredHost.StartAsync(CancellationToken cancellationToken)
[xUnit.net 00:00:08.78]            at Microsoft.Extensions.Hosting.HostingAbstractionsHostExtensions.Start(IHost host)
[xUnit.net 00:00:08.78]            at Microsoft.AspNetCore.Mvc.Testing.WebApplicationFactory`1.CreateHost(IHostBuilder builder)
[xUnit.net 00:00:08.78]            at Microsoft.AspNetCore.Mvc.Testing.WebApplicationFactory`1.ConfigureHostBuilder(IHostBuilder hostBuilder)
[xUnit.net 00:00:08.78]            at Microsoft.AspNetCore.Mvc.Testing.WebApplicationFactory`1.StartServer()
[xUnit.net 00:00:08.78]            at Microsoft.AspNetCore.Mvc.Testing.WebApplicationFactory`1.get_Services()
[xUnit.net 00:00:08.78]         /work/tests/Erp.Testing/ErpTestEnvironment.cs(128,0): at Erp.Testing.ErpTestEnvironment.SeedAsync(TestDatabaseServer server, String database, SeedPlan plan, IDictionary`2 settings)
[xUnit.net 00:00:08.78]         /work/tests/Erp.Testing/ErpTestEnvironment.cs(138,0): at Erp.Testing.ErpTestEnvironment.SeedAsync(TestDatabaseServer server, String database, SeedPlan plan, IDictionary`2 settings)
[xUnit.net 00:00:08.78]         /work/tests/Erp.Testing/ErpTestEnvironment.cs(90,0): at Erp.Testing.ErpTestEnvironment.<>c__DisplayClass34_0.<<StartGateAsync>b__0>d.MoveNext()
[xUnit.net 00:00:08.78]         --- End of stack trace from previous location ---
[xUnit.net 00:00:08.78]         /work/tests/Erp.Testing/TestDatabaseServer.cs(156,0): at Erp.Testing.TestDatabaseServer.<>c__DisplayClass25_0.<<GateTemplateAsync>b__3>d.MoveNext()
[xUnit.net 00:00:08.78]         --- End of stack trace from previous location ---
[xUnit.net 00:00:08.78]         /work/tests/Erp.Testing/TestDatabaseServer.cs(161,0): at Erp.Testing.TestDatabaseServer.GateTemplateAsync(IDictionary`2 settings, Func`2 seed)
[xUnit.net 00:00:08.78]         /work/tests/Erp.Testing/ErpTestEnvironment.cs(87,0): at Erp.Testing.ErpTestEnvironment.StartGateAsync(IDictionary`2 settings)
[xUnit.net 00:00:08.78]         /work/tests/Erp.Gates.Tests/Infrastructure/GateFixture.cs(17,0): at Erp.Gates.Tests.Infrastructure.GateFixture.InitializeAsync()
[xUnit.net 00:00:08.78]     Erp.Gates.Tests.G2.G2AccountTakeoverTests.Creating_from_a_role_cannot_grant_more_than_the_caller_holds [FAIL]
[xUnit.net 00:00:08.78]       Assembly fixture type 'Erp.Gates.Tests.Infrastructure.GateFixture' threw in InitializeAsync
[xUnit.net 00:00:08.78]       ---- System.InvalidOperationException : Endpoint authorisation is incomplete:
[xUnit.net 00:00:08.78]       HTTP: DELETE /api/identity/me/preferences => ResetPreferences: declares no permission
[xUnit.net 00:00:08.78]       Stack Trace:
[xUnit.net 00:00:08.78]         
[xUnit.net 00:00:08.78]         ----- Inner Stack Trace -----
[xUnit.net 00:00:08.78]         /work/src/Kernel/Erp.Kernel/Hosting/ErpPlatform.cs(236,0): at Erp.Kernel.Hosting.ErpPlatform.ValidateEndpoints(WebApplication app)
[xUnit.net 00:00:08.78]         /work/src/Kernel/Erp.Kernel/Hosting/ErpPlatform.cs(202,0): at Erp.Kernel.Hosting.ErpPlatform.UseErpPlatform(WebApplication app)
[xUnit.net 00:00:08.78]         /work/src/Host/Erp.Host/Program.cs(8,0): at Program.<Main>$(String[] args)
[xUnit.net 00:00:08.78]            at Program.<Main>(String[] args)
[xUnit.net 00:00:08.78]            at System.Reflection.MethodBaseInvoker.InterpretedInvoke_Method(Object obj, IntPtr* args)
[xUnit.net 00:00:08.78]            at System.Reflection.MethodBaseInvoker.InvokeDirectByRefWithFewArgs(Object obj, Span`1 copyOfArgs, BindingFlags invokeAttr)
[xUnit.net 00:00:08.78]         --- End of stack trace from previous location ---
[xUnit.net 00:00:08.78]            at Microsoft.AspNetCore.Mvc.Testing.DeferredHostBuilder.DeferredHost.StartAsync(CancellationToken cancellationToken)
[xUnit.net 00:00:08.78]            at Microsoft.Extensions.Hosting.HostingAbstractionsHostExtensions.Start(IHost host)
[xUnit.net 00:00:08.78]            at Microsoft.AspNetCore.Mvc.Testing.WebApplicationFactory`1.CreateHost(IHostBuilder builder)
[xUnit.net 00:00:08.78]            at Microsoft.AspNetCore.Mvc.Testing.WebApplicationFactory`1.ConfigureHostBuilder(IHostBuilder hostBuilder)
[xUnit.net 00:00:08.78]            at Microsoft.AspNetCore.Mvc.Testing.WebApplicationFactory`1.StartServer()
[xUnit.net 00:00:08.78]            at Microsoft.AspNetCore.Mvc.Testing.WebApplicationFactory`1.get_Services()
[xUnit.net 00:00:08.78]         /work/tests/Erp.Testing/ErpTestEnvironment.cs(128,0): at Erp.Testing.ErpTestEnvironment.SeedAsync(TestDatabaseServer server, String database, SeedPlan plan, IDictionary`2 settings)
[xUnit.net 00:00:08.78]         /work/tests/Erp.Testing/ErpTestEnvironment.cs(138,0): at Erp.Testing.ErpTestEnvironment.SeedAsync(TestDatabaseServer server, String database, SeedPlan plan, IDictionary`2 settings)
[xUnit.net 00:00:08.78]         /work/tests/Erp.Testing/ErpTestEnvironment.cs(90,0): at Erp.Testing.ErpTestEnvironment.<>c__DisplayClass34_0.<<StartGateAsync>b__0>d.MoveNext()
[xUnit.net 00:00:08.78]         --- End of stack trace from previous location ---
[xUnit.net 00:00:08.78]         /work/tests/Erp.Testing/TestDatabaseServer.cs(156,0): at Erp.Testing.TestDatabaseServer.<>c__DisplayClass25_0.<<GateTemplateAsync>b__3>d.MoveNext()
[xUnit.net 00:00:08.78]         --- End of stack trace from previous location ---
[xUnit.net 00:00:08.78]         /work/tests/Erp.Testing/TestDatabaseServer.cs(161,0): at Erp.Testing.TestDatabaseServer.GateTemplateAsync(IDictionary`2 settings, Func`2 seed)
[xUnit.net 00:00:08.78]         /work/tests/Erp.Testing/ErpTestEnvironment.cs(87,0): at Erp.Testing.ErpTestEnvironment.StartGateAsync(IDictionary`2 settings)
[xUnit.net 00:00:08.78]         /work/tests/Erp.Gates.Tests/Infrastructure/GateFixture.cs(17,0): at Erp.Gates.Tests.Infrastructure.GateFixture.InitializeAsync()
[xUnit.net 00:00:08.78]     Erp.Gates.Tests.G2.G2AccountTakeoverTests.Nobody_resets_their_own_password_or_ends_their_own_access_through_administration [FAIL]
[xUnit.net 00:00:08.78]       Assembly fixture type 'Erp.Gates.Tests.Infrastructure.GateFixture' threw in InitializeAsync
[xUnit.net 00:00:08.78]       ---- System.InvalidOperationException : Endpoint authorisation is incomplete:
[xUnit.net 00:00:08.78]       HTTP: DELETE /api/identity/me/preferences => ResetPreferences: declares no permission
[xUnit.net 00:00:08.78]       Stack Trace:
[xUnit.net 00:00:08.78]         
[xUnit.net 00:00:08.78]         ----- Inner Stack Trace -----
[xUnit.net 00:00:08.78]         /work/src/Kernel/Erp.Kernel/Hosting/ErpPlatform.cs(236,0): at Erp.Kernel.Hosting.ErpPlatform.ValidateEndpoints(WebApplication app)
[xUnit.net 00:00:08.78]         /work/src/Kernel/Erp.Kernel/Hosting/ErpPlatform.cs(202,0): at Erp.Kernel.Hosting.ErpPlatform.UseErpPlatform(WebApplication app)
[xUnit.net 00:00:08.78]         /work/src/Host/Erp.Host/Program.cs(8,0): at Program.<Main>$(String[] args)
[xUnit.net 00:00:08.78]            at Program.<Main>(String[] args)
[xUnit.net 00:00:08.78]            at System.Reflection.MethodBaseInvoker.InterpretedInvoke_Method(Object obj, IntPtr* args)
[xUnit.net 00:00:08.78]            at System.Reflection.MethodBaseInvoker.InvokeDirectByRefWithFewArgs(Object obj, Span`1 copyOfArgs, BindingFlags invokeAttr)
[xUnit.net 00:00:08.78]         --- End of stack trace from previous location ---
[xUnit.net 00:00:08.78]            at Microsoft.AspNetCore.Mvc.Testing.DeferredHostBuilder.DeferredHost.StartAsync(CancellationToken cancellationToken)
[xUnit.net 00:00:08.78]            at Microsoft.Extensions.Hosting.HostingAbstractionsHostExtensions.Start(IHost host)
[xUnit.net 00:00:08.78]            at Microsoft.AspNetCore.Mvc.Testing.WebApplicationFactory`1.CreateHost(IHostBuilder builder)
[xUnit.net 00:00:08.78]            at Microsoft.AspNetCore.Mvc.Testing.WebApplicationFactory`1.ConfigureHostBuilder(IHostBuilder hostBuilder)
[xUnit.net 00:00:08.78]            at Microsoft.AspNetCore.Mvc.Testing.WebApplicationFactory`1.StartServer()
[xUnit.net 00:00:08.78]            at Microsoft.AspNetCore.Mvc.Testing.WebApplicationFactory`1.get_Services()
[xUnit.net 00:00:08.78]         /work/tests/Erp.Testing/ErpTestEnvironment.cs(128,0): at Erp.Testing.ErpTestEnvironment.SeedAsync(TestDatabaseServer server, String database, SeedPlan plan, IDictionary`2 settings)
[xUnit.net 00:00:08.78]         /work/tests/Erp.Testing/ErpTestEnvironment.cs(138,0): at Erp.Testing.ErpTestEnvironment.SeedAsync(TestDatabaseServer server, String database, SeedPlan plan, IDictionary`2 settings)
[xUnit.net 00:00:08.78]         /work/tests/Erp.Testing/ErpTestEnvironment.cs(90,0): at Erp.Testing.ErpTestEnvironment.<>c__DisplayClass34_0.<<StartGateAsync>b__0>d.MoveNext()
[xUnit.net 00:00:08.78]         --- End of stack trace from previous location ---
[xUnit.net 00:00:08.78]         /work/tests/Erp.Testing/TestDatabaseServer.cs(156,0): at Erp.Testing.TestDatabaseServer.<>c__DisplayClass25_0.<<GateTemplateAsync>b__3>d.MoveNext()
[xUnit.net 00:00:08.78]         --- End of stack trace from previous location ---
[xUnit.net 00:00:08.79]         /work/tests/Erp.Testing/TestDatabaseServer.cs(161,0): at Erp.Testing.TestDatabaseServer.GateTemplateAsync(IDictionary`2 settings, Func`2 seed)
[xUnit.net 00:00:08.79]         /work/tests/Erp.Testing/ErpTestEnvironment.cs(87,0): at Erp.Testing.ErpTestEnvironment.StartGateAsync(IDictionary`2 settings)
[xUnit.net 00:00:08.79]         /work/tests/Erp.Gates.Tests/Infrastructure/GateFixture.cs(17,0): at Erp.Gates.Tests.Infrastructure.GateFixture.InitializeAsync()
[xUnit.net 00:00:08.79]     Erp.Gates.Tests.G2.G2AccountTakeoverTests.Acting_on_a_user_needs_every_permission_that_user_holds [FAIL]
[xUnit.net 00:00:08.79]       Assembly fixture type 'Erp.Gates.Tests.Infrastructure.GateFixture' threw in InitializeAsync
[xUnit.net 00:00:08.79]       ---- System.InvalidOperationException : Endpoint authorisation is incomplete:
[xUnit.net 00:00:08.79]       HTTP: DELETE /api/identity/me/preferences => ResetPreferences: declares no permission
[xUnit.net 00:00:08.79]       Stack Trace:
[xUnit.net 00:00:08.79]         
[xUnit.net 00:00:08.79]         ----- Inner Stack Trace -----
[xUnit.net 00:00:08.79]         /work/src/Kernel/Erp.Kernel/Hosting/ErpPlatform.cs(236,0): at Erp.Kernel.Hosting.ErpPlatform.ValidateEndpoints(WebApplication app)
[xUnit.net 00:00:08.79]         /work/src/Kernel/Erp.Kernel/Hosting/ErpPlatform.cs(202,0): at Erp.Kernel.Hosting.ErpPlatform.UseErpPlatform(WebApplication app)
[xUnit.net 00:00:08.79]         /work/src/Host/Erp.Host/Program.cs(8,0): at Program.<Main>$(String[] args)
[xUnit.net 00:00:08.79]            at Program.<Main>(String[] args)
[xUnit.net 00:00:08.79]            at System.Reflection.MethodBaseInvoker.InterpretedInvoke_Method(Object obj, IntPtr* args)
[xUnit.net 00:00:08.79]            at System.Reflection.MethodBaseInvoker.InvokeDirectByRefWithFewArgs(Object obj, Span`1 copyOfArgs, BindingFlags invokeAttr)
[xUnit.net 00:00:08.79]         --- End of stack trace from previous location ---
[xUnit.net 00:00:08.79]            at Microsoft.AspNetCore.Mvc.Testing.DeferredHostBuilder.DeferredHost.StartAsync(CancellationToken cancellationToken)
[xUnit.net 00:00:08.79]            at Microsoft.Extensions.Hosting.HostingAbstractionsHostExtensions.Start(IHost host)
[xUnit.net 00:00:08.79]            at Microsoft.AspNetCore.Mvc.Testing.WebApplicationFactory`1.CreateHost(IHostBuilder builder)
[xUnit.net 00:00:08.79]            at Microsoft.AspNetCore.Mvc.Testing.WebApplicationFactory`1.ConfigureHostBuilder(IHostBuilder hostBuilder)
[xUnit.net 00:00:08.79]            at Microsoft.AspNetCore.Mvc.Testing.WebApplicationFactory`1.StartServer()
[xUnit.net 00:00:08.79]            at Microsoft.AspNetCore.Mvc.Testing.WebApplicationFactory`1.get_Services()
[xUnit.net 00:00:08.79]         /work/tests/Erp.Testing/ErpTestEnvironment.cs(128,0): at Erp.Testing.ErpTestEnvironment.SeedAsync(TestDatabaseServer server, String database, SeedPlan plan, IDictionary`2 settings)
[xUnit.net 00:00:08.79]         /work/tests/Erp.Testing/ErpTestEnvironment.cs(138,0): at Erp.Testing.ErpTestEnvironment.SeedAsync(TestDatabaseServer server, String database, SeedPlan plan, IDictionary`2 settings)
[xUnit.net 00:00:08.79]         /work/tests/Erp.Testing/ErpTestEnvironment.cs(90,0): at Erp.Testing.ErpTestEnvironment.<>c__DisplayClass34_0.<<StartGateAsync>b__0>d.MoveNext()
[xUnit.net 00:00:08.79]         --- End of stack trace from previous location ---
[xUnit.net 00:00:08.79]         /work/tests/Erp.Testing/TestDatabaseServer.cs(156,0): at Erp.Testing.TestDatabaseServer.<>c__DisplayClass25_0.<<GateTemplateAsync>b__3>d.MoveNext()
[xUnit.net 00:00:08.79]         --- End of stack trace from previous location ---
[xUnit.net 00:00:08.79]         /work/tests/Erp.Testing/TestDatabaseServer.cs(161,0): at Erp.Testing.TestDatabaseServer.GateTemplateAsync(IDictionary`2 settings, Func`2 seed)
[xUnit.net 00:00:08.79]         /work/tests/Erp.Testing/ErpTestEnvironment.cs(87,0): at Erp.Testing.ErpTestEnvironment.StartGateAsync(IDictionary`2 settings)
[xUnit.net 00:00:08.79]         /work/tests/Erp.Gates.Tests/Infrastructure/GateFixture.cs(17,0): at Erp.Gates.Tests.Infrastructure.GateFixture.InitializeAsync()
[xUnit.net 00:00:08.79]     Erp.Gates.Tests.SelfTests.ResponseTextSelfTests.Only_a_recent_instant_and_a_short_dated_text_are_scrubbed_as_the_print_stamp [FAIL]
[xUnit.net 00:00:08.79]       Assembly fixture type 'Erp.Gates.Tests.Infrastructure.GateFixture' threw in InitializeAsync
[xUnit.net 00:00:08.79]       ---- System.InvalidOperationException : Endpoint authorisation is incomplete:
[xUnit.net 00:00:08.79]       HTTP: DELETE /api/identity/me/preferences => ResetPreferences: declares no permission
[xUnit.net 00:00:08.79]       Stack Trace:
[xUnit.net 00:00:08.79]         
[xUnit.net 00:00:08.79]         ----- Inner Stack Trace -----
[xUnit.net 00:00:08.79]         /work/src/Kernel/Erp.Kernel/Hosting/ErpPlatform.cs(236,0): at Erp.Kernel.Hosting.ErpPlatform.ValidateEndpoints(WebApplication app)
[xUnit.net 00:00:08.79]         /work/src/Kernel/Erp.Kernel/Hosting/ErpPlatform.cs(202,0): at Erp.Kernel.Hosting.ErpPlatform.UseErpPlatform(WebApplication app)
[xUnit.net 00:00:08.79]         /work/src/Host/Erp.Host/Program.cs(8,0): at Program.<Main>$(String[] args)
[xUnit.net 00:00:08.79]            at Program.<Main>(String[] args)
[xUnit.net 00:00:08.79]            at System.Reflection.MethodBaseInvoker.InterpretedInvoke_Method(Object obj, IntPtr* args)
[xUnit.net 00:00:08.79]            at System.Reflection.MethodBaseInvoker.InvokeDirectByRefWithFewArgs(Object obj, Span`1 copyOfArgs, BindingFlags invokeAttr)
[xUnit.net 00:00:08.79]         --- End of stack trace from previous location ---
[xUnit.net 00:00:08.79]            at Microsoft.AspNetCore.Mvc.Testing.DeferredHostBuilder.DeferredHost.StartAsync(CancellationToken cancellationToken)
[xUnit.net 00:00:08.79]            at Microsoft.Extensions.Hosting.HostingAbstractionsHostExtensions.Start(IHost host)
[xUnit.net 00:00:08.79]            at Microsoft.AspNetCore.Mvc.Testing.WebApplicationFactory`1.CreateHost(IHostBuilder builder)
[xUnit.net 00:00:08.79]            at Microsoft.AspNetCore.Mvc.Testing.WebApplicationFactory`1.ConfigureHostBuilder(IHostBuilder hostBuilder)
[xUnit.net 00:00:08.79]            at Microsoft.AspNetCore.Mvc.Testing.WebApplicationFactory`1.StartServer()
[xUnit.net 00:00:08.79]            at Microsoft.AspNetCore.Mvc.Testing.WebApplicationFactory`1.get_Services()
[xUnit.net 00:00:08.79]         /work/tests/Erp.Testing/ErpTestEnvironment.cs(128,0): at Erp.Testing.ErpTestEnvironment.SeedAsync(TestDatabaseServer server, String database, SeedPlan plan, IDictionary`2 settings)
[xUnit.net 00:00:08.79]         /work/tests/Erp.Testing/ErpTestEnvironment.cs(138,0): at Erp.Testing.ErpTestEnvironment.SeedAsync(TestDatabaseServer server, String database, SeedPlan plan, IDictionary`2 settings)
[xUnit.net 00:00:08.79]         /work/tests/Erp.Testing/ErpTestEnvironment.cs(90,0): at Erp.Testing.ErpTestEnvironment.<>c__DisplayClass34_0.<<StartGateAsync>b__0>d.MoveNext()
[xUnit.net 00:00:08.79]         --- End of stack trace from previous location ---
[xUnit.net 00:00:08.79]         /work/tests/Erp.Testing/TestDatabaseServer.cs(156,0): at Erp.Testing.TestDatabaseServer.<>c__DisplayClass25_0.<<GateTemplateAsync>b__3>d.MoveNext()
[xUnit.net 00:00:08.79]         --- End of stack trace from previous location ---
[xUnit.net 00:00:08.79]         /work/tests/Erp.Testing/TestDatabaseServer.cs(161,0): at Erp.Testing.TestDatabaseServer.GateTemplateAsync(IDictionary`2 settings, Func`2 seed)
[xUnit.net 00:00:08.79]         /work/tests/Erp.Testing/ErpTestEnvironment.cs(87,0): at Erp.Testing.ErpTestEnvironment.StartGateAsync(IDictionary`2 settings)
[xUnit.net 00:00:08.79]         /work/tests/Erp.Gates.Tests/Infrastructure/GateFixture.cs(17,0): at Erp.Gates.Tests.Infrastructure.GateFixture.InitializeAsync()
[xUnit.net 00:00:08.79]     Erp.Gates.Tests.SelfTests.ResponseTextSelfTests.Right_to_left_runs_are_also_given_in_logical_order [FAIL]
[xUnit.net 00:00:08.79]       Assembly fixture type 'Erp.Gates.Tests.Infrastructure.GateFixture' threw in InitializeAsync
[xUnit.net 00:00:08.79]       ---- System.InvalidOperationException : Endpoint authorisation is incomplete:
[xUnit.net 00:00:08.79]       HTTP: DELETE /api/identity/me/preferences => ResetPreferences: declares no permission
[xUnit.net 00:00:08.79]       Stack Trace:
[xUnit.net 00:00:08.79]         
[xUnit.net 00:00:08.79]         ----- Inner Stack Trace -----
[xUnit.net 00:00:08.80]         /work/src/Kernel/Erp.Kernel/Hosting/ErpPlatform.cs(236,0): at Erp.Kernel.Hosting.ErpPlatform.ValidateEndpoints(WebApplication app)
[xUnit.net 00:00:08.80]         /work/src/Kernel/Erp.Kernel/Hosting/ErpPlatform.cs(202,0): at Erp.Kernel.Hosting.ErpPlatform.UseErpPlatform(WebApplication app)
[xUnit.net 00:00:08.80]         /work/src/Host/Erp.Host/Program.cs(8,0): at Program.<Main>$(String[] args)
[xUnit.net 00:00:08.80]            at Program.<Main>(String[] args)
[xUnit.net 00:00:08.80]            at System.Reflection.MethodBaseInvoker.InterpretedInvoke_Method(Object obj, IntPtr* args)
[xUnit.net 00:00:08.80]            at System.Reflection.MethodBaseInvoker.InvokeDirectByRefWithFewArgs(Object obj, Span`1 copyOfArgs, BindingFlags invokeAttr)
[xUnit.net 00:00:08.80]         --- End of stack trace from previous location ---
[xUnit.net 00:00:08.80]            at Microsoft.AspNetCore.Mvc.Testing.DeferredHostBuilder.DeferredHost.StartAsync(CancellationToken cancellationToken)
[xUnit.net 00:00:08.80]            at Microsoft.Extensions.Hosting.HostingAbstractionsHostExtensions.Start(IHost host)
[xUnit.net 00:00:08.80]            at Microsoft.AspNetCore.Mvc.Testing.WebApplicationFactory`1.CreateHost(IHostBuilder builder)
[xUnit.net 00:00:08.80]            at Microsoft.AspNetCore.Mvc.Testing.WebApplicationFactory`1.ConfigureHostBuilder(IHostBuilder hostBuilder)
[xUnit.net 00:00:08.80]            at Microsoft.AspNetCore.Mvc.Testing.WebApplicationFactory`1.StartServer()
[xUnit.net 00:00:08.80]            at Microsoft.AspNetCore.Mvc.Testing.WebApplicationFactory`1.get_Services()
[xUnit.net 00:00:08.80]         /work/tests/Erp.Testing/ErpTestEnvironment.cs(128,0): at Erp.Testing.ErpTestEnvironment.SeedAsync(TestDatabaseServer server, String database, SeedPlan plan, IDictionary`2 settings)
[xUnit.net 00:00:08.80]         /work/tests/Erp.Testing/ErpTestEnvironment.cs(138,0): at Erp.Testing.ErpTestEnvironment.SeedAsync(TestDatabaseServer server, String database, SeedPlan plan, IDictionary`2 settings)
[xUnit.net 00:00:08.80]         /work/tests/Erp.Testing/ErpTestEnvironment.cs(90,0): at Erp.Testing.ErpTestEnvironment.<>c__DisplayClass34_0.<<StartGateAsync>b__0>d.MoveNext()
[xUnit.net 00:00:08.80]         --- End of stack trace from previous location ---
[xUnit.net 00:00:08.80]         /work/tests/Erp.Testing/TestDatabaseServer.cs(156,0): at Erp.Testing.TestDatabaseServer.<>c__DisplayClass25_0.<<GateTemplateAsync>b__3>d.MoveNext()
[xUnit.net 00:00:08.80]         --- End of stack trace from previous location ---
[xUnit.net 00:00:08.80]         /work/tests/Erp.Testing/TestDatabaseServer.cs(161,0): at Erp.Testing.TestDatabaseServer.GateTemplateAsync(IDictionary`2 settings, Func`2 seed)
[xUnit.net 00:00:08.80]         /work/tests/Erp.Testing/ErpTestEnvironment.cs(87,0): at Erp.Testing.ErpTestEnvironment.StartGateAsync(IDictionary`2 settings)
[xUnit.net 00:00:08.80]         /work/tests/Erp.Gates.Tests/Infrastructure/GateFixture.cs(17,0): at Erp.Gates.Tests.Infrastructure.GateFixture.InitializeAsync()
[xUnit.net 00:00:08.80]     Erp.Gates.Tests.SelfTests.ResponseTextSelfTests.A_compressed_pdf_and_a_zipped_workbook_are_read_for_their_text [FAIL]
[xUnit.net 00:00:08.80]       Assembly fixture type 'Erp.Gates.Tests.Infrastructure.GateFixture' threw in InitializeAsync
[xUnit.net 00:00:08.81]       ---- System.InvalidOperationException : Endpoint authorisation is incomplete:
[xUnit.net 00:00:08.81]       HTTP: DELETE /api/identity/me/preferences => ResetPreferences: declares no permission
[xUnit.net 00:00:08.81]       Stack Trace:
[xUnit.net 00:00:08.81]         
[xUnit.net 00:00:08.81]         ----- Inner Stack Trace -----
[xUnit.net 00:00:08.81]         /work/src/Kernel/Erp.Kernel/Hosting/ErpPlatform.cs(236,0): at Erp.Kernel.Hosting.ErpPlatform.ValidateEndpoints(WebApplication app)
[xUnit.net 00:00:08.81]         /work/src/Kernel/Erp.Kernel/Hosting/ErpPlatform.cs(202,0): at Erp.Kernel.Hosting.ErpPlatform.UseErpPlatform(WebApplication app)
[xUnit.net 00:00:08.81]         /work/src/Host/Erp.Host/Program.cs(8,0): at Program.<Main>$(String[] args)
[xUnit.net 00:00:08.81]            at Program.<Main>(String[] args)
[xUnit.net 00:00:08.81]            at System.Reflection.MethodBaseInvoker.InterpretedInvoke_Method(Object obj, IntPtr* args)
[xUnit.net 00:00:08.81]            at System.Reflection.MethodBaseInvoker.InvokeDirectByRefWithFewArgs(Object obj, Span`1 copyOfArgs, BindingFlags invokeAttr)
[xUnit.net 00:00:08.81]         --- End of stack trace from previous location ---
[xUnit.net 00:00:08.81]            at Microsoft.AspNetCore.Mvc.Testing.DeferredHostBuilder.DeferredHost.StartAsync(CancellationToken cancellationToken)
[xUnit.net 00:00:08.81]            at Microsoft.Extensions.Hosting.HostingAbstractionsHostExtensions.Start(IHost host)
[xUnit.net 00:00:08.81]            at Microsoft.AspNetCore.Mvc.Testing.WebApplicationFactory`1.CreateHost(IHostBuilder builder)
[xUnit.net 00:00:08.81]            at Microsoft.AspNetCore.Mvc.Testing.WebApplicationFactory`1.ConfigureHostBuilder(IHostBuilder hostBuilder)
[xUnit.net 00:00:08.81]            at Microsoft.AspNetCore.Mvc.Testing.WebApplicationFactory`1.StartServer()
[xUnit.net 00:00:08.81]            at Microsoft.AspNetCore.Mvc.Testing.WebApplicationFactory`1.get_Services()
[xUnit.net 00:00:08.81]         /work/tests/Erp.Testing/ErpTestEnvironment.cs(128,0): at Erp.Testing.ErpTestEnvironment.SeedAsync(TestDatabaseServer server, String database, SeedPlan plan, IDictionary`2 settings)
[xUnit.net 00:00:08.81]         /work/tests/Erp.Testing/ErpTestEnvironment.cs(138,0): at Erp.Testing.ErpTestEnvironment.SeedAsync(TestDatabaseServer server, String database, SeedPlan plan, IDictionary`2 settings)
[xUnit.net 00:00:08.81]         /work/tests/Erp.Testing/ErpTestEnvironment.cs(90,0): at Erp.Testing.ErpTestEnvironment.<>c__DisplayClass34_0.<<StartGateAsync>b__0>d.MoveNext()
[xUnit.net 00:00:08.81]         --- End of stack trace from previous location ---
[xUnit.net 00:00:08.81]         /work/tests/Erp.Testing/TestDatabaseServer.cs(156,0): at Erp.Testing.TestDatabaseServer.<>c__DisplayClass25_0.<<GateTemplateAsync>b__3>d.MoveNext()
[xUnit.net 00:00:08.81]         --- End of stack trace from previous location ---
[xUnit.net 00:00:08.81]         /work/tests/Erp.Testing/TestDatabaseServer.cs(161,0): at Erp.Testing.TestDatabaseServer.GateTemplateAsync(IDictionary`2 settings, Func`2 seed)
[xUnit.net 00:00:08.81]         /work/tests/Erp.Testing/ErpTestEnvironment.cs(87,0): at Erp.Testing.ErpTestEnvironment.StartGateAsync(IDictionary`2 settings)
[xUnit.net 00:00:08.81]         /work/tests/Erp.Gates.Tests/Infrastructure/GateFixture.cs(17,0): at Erp.Gates.Tests.Infrastructure.GateFixture.InitializeAsync()
[xUnit.net 00:00:08.81]     Erp.Gates.Tests.Rules.BulkTimeoutGateTests.The_seed_runner_puts_every_tenant_seed_on_the_bulk_pool [FAIL]
[xUnit.net 00:00:08.81]       Assembly fixture type 'Erp.Gates.Tests.Infrastructure.GateFixture' threw in InitializeAsync
[xUnit.net 00:00:08.81]       ---- System.InvalidOperationException : Endpoint authorisation is incomplete:
[xUnit.net 00:00:08.81]       HTTP: DELETE /api/identity/me/preferences => ResetPreferences: declares no permission
[xUnit.net 00:00:08.81]       Stack Trace:
[xUnit.net 00:00:08.81]         
[xUnit.net 00:00:08.81]         ----- Inner Stack Trace -----
[xUnit.net 00:00:08.81]         /work/src/Kernel/Erp.Kernel/Hosting/ErpPlatform.cs(236,0): at Erp.Kernel.Hosting.ErpPlatform.ValidateEndpoints(WebApplication app)
[xUnit.net 00:00:08.81]         /work/src/Kernel/Erp.Kernel/Hosting/ErpPlatform.cs(202,0): at Erp.Kernel.Hosting.ErpPlatform.UseErpPlatform(WebApplication app)
[xUnit.net 00:00:08.81]         /work/src/Host/Erp.Host/Program.cs(8,0): at Program.<Main>$(String[] args)
[xUnit.net 00:00:08.81]            at Program.<Main>(String[] args)
[xUnit.net 00:00:08.81]            at System.Reflection.MethodBaseInvoker.InterpretedInvoke_Method(Object obj, IntPtr* args)
[xUnit.net 00:00:08.81]            at System.Reflection.MethodBaseInvoker.InvokeDirectByRefWithFewArgs(Object obj, Span`1 copyOfArgs, BindingFlags invokeAttr)
[xUnit.net 00:00:08.81]         --- End of stack trace from previous location ---
[xUnit.net 00:00:08.81]            at Microsoft.AspNetCore.Mvc.Testing.DeferredHostBuilder.DeferredHost.StartAsync(CancellationToken cancellationToken)
[xUnit.net 00:00:08.81]            at Microsoft.Extensions.Hosting.HostingAbstractionsHostExtensions.Start(IHost host)
[xUnit.net 00:00:08.81]            at Microsoft.AspNetCore.Mvc.Testing.WebApplicationFactory`1.CreateHost(IHostBuilder builder)
[xUnit.net 00:00:08.81]            at Microsoft.AspNetCore.Mvc.Testing.WebApplicationFactory`1.ConfigureHostBuilder(IHostBuilder hostBuilder)
[xUnit.net 00:00:08.81]            at Microsoft.AspNetCore.Mvc.Testing.WebApplicationFactory`1.StartServer()
[xUnit.net 00:00:08.81]            at Microsoft.AspNetCore.Mvc.Testing.WebApplicationFactory`1.get_Services()
[xUnit.net 00:00:08.81]         /work/tests/Erp.Testing/ErpTestEnvironment.cs(128,0): at Erp.Testing.ErpTestEnvironment.SeedAsync(TestDatabaseServer server, String database, SeedPlan plan, IDictionary`2 settings)
[xUnit.net 00:00:08.81]         /work/tests/Erp.Testing/ErpTestEnvironment.cs(138,0): at Erp.Testing.ErpTestEnvironment.SeedAsync(TestDatabaseServer server, String database, SeedPlan plan, IDictionary`2 settings)
[xUnit.net 00:00:08.81]         /work/tests/Erp.Testing/ErpTestEnvironment.cs(90,0): at Erp.Testing.ErpTestEnvironment.<>c__DisplayClass34_0.<<StartGateAsync>b__0>d.MoveNext()
[xUnit.net 00:00:08.81]         --- End of stack trace from previous location ---
[xUnit.net 00:00:08.81]         /work/tests/Erp.Testing/TestDatabaseServer.cs(156,0): at Erp.Testing.TestDatabaseServer.<>c__DisplayClass25_0.<<GateTemplateAsync>b__3>d.MoveNext()
[xUnit.net 00:00:08.81]         --- End of stack trace from previous location ---
[xUnit.net 00:00:08.81]         /work/tests/Erp.Testing/TestDatabaseServer.cs(161,0): at Erp.Testing.TestDatabaseServer.GateTemplateAsync(IDictionary`2 settings, Func`2 seed)
[xUnit.net 00:00:08.81]         /work/tests/Erp.Testing/ErpTestEnvironment.cs(87,0): at Erp.Testing.ErpTestEnvironment.StartGateAsync(IDictionary`2 settings)
[xUnit.net 00:00:08.81]         /work/tests/Erp.Gates.Tests/Infrastructure/GateFixture.cs(17,0): at Erp.Gates.Tests.Infrastructure.GateFixture.InitializeAsync()
[xUnit.net 00:00:08.81]     Erp.Gates.Tests.Rules.BulkTimeoutGateTests.Only_the_seed_runner_and_the_platform_build_the_application_pools [FAIL]
[xUnit.net 00:00:08.81]       Assembly fixture type 'Erp.Gates.Tests.Infrastructure.GateFixture' threw in InitializeAsync
[xUnit.net 00:00:08.81]       ---- System.InvalidOperationException : Endpoint authorisation is incomplete:
[xUnit.net 00:00:08.81]       HTTP: DELETE /api/identity/me/preferences => ResetPreferences: declares no permission
[xUnit.net 00:00:08.81]       Stack Trace:
[xUnit.net 00:00:08.81]         
[xUnit.net 00:00:08.81]         ----- Inner Stack Trace -----
[xUnit.net 00:00:08.81]         /work/src/Kernel/Erp.Kernel/Hosting/ErpPlatform.cs(236,0): at Erp.Kernel.Hosting.ErpPlatform.ValidateEndpoints(WebApplication app)
[xUnit.net 00:00:08.81]         /work/src/Kernel/Erp.Kernel/Hosting/ErpPlatform.cs(202,0): at Erp.Kernel.Hosting.ErpPlatform.UseErpPlatform(WebApplication app)
[xUnit.net 00:00:08.81]         /work/src/Host/Erp.Host/Program.cs(8,0): at Program.<Main>$(String[] args)
[xUnit.net 00:00:08.81]            at Program.<Main>(String[] args)
[xUnit.net 00:00:08.81]            at System.Reflection.MethodBaseInvoker.InterpretedInvoke_Method(Object obj, IntPtr* args)
[xUnit.net 00:00:08.81]            at System.Reflection.MethodBaseInvoker.InvokeDirectByRefWithFewArgs(Object obj, Span`1 copyOfArgs, BindingFlags invokeAttr)
[xUnit.net 00:00:08.81]         --- End of stack trace from previous location ---
[xUnit.net 00:00:08.81]            at Microsoft.AspNetCore.Mvc.Testing.DeferredHostBuilder.DeferredHost.StartAsync(CancellationToken cancellationToken)
[xUnit.net 00:00:08.81]            at Microsoft.Extensions.Hosting.HostingAbstractionsHostExtensions.Start(IHost host)
[xUnit.net 00:00:08.81]            at Microsoft.AspNetCore.Mvc.Testing.WebApplicationFactory`1.CreateHost(IHostBuilder builder)
[xUnit.net 00:00:08.81]            at Microsoft.AspNetCore.Mvc.Testing.WebApplicationFactory`1.ConfigureHostBuilder(IHostBuilder hostBuilder)
[xUnit.net 00:00:08.81]            at Microsoft.AspNetCore.Mvc.Testing.WebApplicationFactory`1.StartServer()
[xUnit.net 00:00:08.81]            at Microsoft.AspNetCore.Mvc.Testing.WebApplicationFactory`1.get_Services()
[xUnit.net 00:00:08.81]         /work/tests/Erp.Testing/ErpTestEnvironment.cs(128,0): at Erp.Testing.ErpTestEnvironment.SeedAsync(TestDatabaseServer server, String database, SeedPlan plan, IDictionary`2 settings)
[xUnit.net 00:00:08.81]         /work/tests/Erp.Testing/ErpTestEnvironment.cs(138,0): at Erp.Testing.ErpTestEnvironment.SeedAsync(TestDatabaseServer server, String database, SeedPlan plan, IDictionary`2 settings)
[xUnit.net 00:00:08.81]         /work/tests/Erp.Testing/ErpTestEnvironment.cs(90,0): at Erp.Testing.ErpTestEnvironment.<>c__DisplayClass34_0.<<StartGateAsync>b__0>d.MoveNext()
[xUnit.net 00:00:08.81]         --- End of stack trace from previous location ---
[xUnit.net 00:00:08.81]         /work/tests/Erp.Testing/TestDatabaseServer.cs(156,0): at Erp.Testing.TestDatabaseServer.<>c__DisplayClass25_0.<<GateTemplateAsync>b__3>d.MoveNext()
[xUnit.net 00:00:08.81]         --- End of stack trace from previous location ---
[xUnit.net 00:00:08.81]         /work/tests/Erp.Testing/TestDatabaseServer.cs(161,0): at Erp.Testing.TestDatabaseServer.GateTemplateAsync(IDictionary`2 settings, Func`2 seed)
[xUnit.net 00:00:08.81]         /work/tests/Erp.Testing/ErpTestEnvironment.cs(87,0): at Erp.Testing.ErpTestEnvironment.StartGateAsync(IDictionary`2 settings)
[xUnit.net 00:00:08.81]         /work/tests/Erp.Gates.Tests/Infrastructure/GateFixture.cs(17,0): at Erp.Gates.Tests.Infrastructure.GateFixture.InitializeAsync()
  Failed Erp.Gates.Tests.G2.G2AccountTakeoverTests.Acting_on_a_record_that_grants_access_needs_everything_it_grants [1 ms]
  Error Message:
   Assembly fixture type 'Erp.Gates.Tests.Infrastructure.GateFixture' threw in InitializeAsync
---- System.InvalidOperationException : Endpoint authorisation is incomplete:
HTTP: DELETE /api/identity/me/preferences => ResetPreferences: declares no permission
  Stack Trace:
  
----- Inner Stack Trace -----
   at Erp.Kernel.Hosting.ErpPlatform.ValidateEndpoints(WebApplication app) in /work/src/Kernel/Erp.Kernel/Hosting/ErpPlatform.cs:line 236
   at Erp.Kernel.Hosting.ErpPlatform.UseErpPlatform(WebApplication app) in /work/src/Kernel/Erp.Kernel/Hosting/ErpPlatform.cs:line 202
   at Program.<Main>$(String[] args) in /work/src/Host/Erp.Host/Program.cs:line 8
   at Program.<Main>(String[] args)
   at System.Reflection.MethodBaseInvoker.InterpretedInvoke_Method(Object obj, IntPtr* args)
   at System.Reflection.MethodBaseInvoker.InvokeDirectByRefWithFewArgs(Object obj, Span`1 copyOfArgs, BindingFlags invokeAttr)
--- End of stack trace from previous location ---
   at Microsoft.AspNetCore.Mvc.Testing.DeferredHostBuilder.DeferredHost.StartAsync(CancellationToken cancellationToken)
   at Microsoft.Extensions.Hosting.HostingAbstractionsHostExtensions.Start(IHost host)
   at Microsoft.AspNetCore.Mvc.Testing.WebApplicationFactory`1.CreateHost(IHostBuilder builder)
   at Microsoft.AspNetCore.Mvc.Testing.WebApplicationFactory`1.ConfigureHostBuilder(IHostBuilder hostBuilder)
   at Microsoft.AspNetCore.Mvc.Testing.WebApplicationFactory`1.StartServer()
   at Microsoft.AspNetCore.Mvc.Testing.WebApplicationFactory`1.get_Services()
   at Erp.Testing.ErpTestEnvironment.SeedAsync(TestDatabaseServer server, String database, SeedPlan plan, IDictionary`2 settings) in /work/tests/Erp.Testing/ErpTestEnvironment.cs:line 128
   at Erp.Testing.ErpTestEnvironment.SeedAsync(TestDatabaseServer server, String database, SeedPlan plan, IDictionary`2 settings) in /work/tests/Erp.Testing/ErpTestEnvironment.cs:line 138
   at Erp.Testing.ErpTestEnvironment.<>c__DisplayClass34_0.<<StartGateAsync>b__0>d.MoveNext() in /work/tests/Erp.Testing/ErpTestEnvironment.cs:line 90
--- End of stack trace from previous location ---
   at Erp.Testing.TestDatabaseServer.<>c__DisplayClass25_0.<<GateTemplateAsync>b__3>d.MoveNext() in /work/tests/Erp.Testing/TestDatabaseServer.cs:line 156
--- End of stack trace from previous location ---
   at Erp.Testing.TestDatabaseServer.GateTemplateAsync(IDictionary`2 settings, Func`2 seed) in /work/tests/Erp.Testing/TestDatabaseServer.cs:line 161
   at Erp.Testing.ErpTestEnvironment.StartGateAsync(IDictionary`2 settings) in /work/tests/Erp.Testing/ErpTestEnvironment.cs:line 87
   at Erp.Gates.Tests.Infrastructure.GateFixture.InitializeAsync() in /work/tests/Erp.Gates.Tests/Infrastructure/GateFixture.cs:line 17
  Failed Erp.Gates.Tests.G2.G2AccountTakeoverTests.Creating_from_a_role_cannot_grant_more_than_the_caller_holds [1 ms]
  Error Message:
   Assembly fixture type 'Erp.Gates.Tests.Infrastructure.GateFixture' threw in InitializeAsync
---- System.InvalidOperationException : Endpoint authorisation is incomplete:
HTTP: DELETE /api/identity/me/preferences => ResetPreferences: declares no permission
  Stack Trace:
  
----- Inner Stack Trace -----
   at Erp.Kernel.Hosting.ErpPlatform.ValidateEndpoints(WebApplication app) in /work/src/Kernel/Erp.Kernel/Hosting/ErpPlatform.cs:line 236
   at Erp.Kernel.Hosting.ErpPlatform.UseErpPlatform(WebApplication app) in /work/src/Kernel/Erp.Kernel/Hosting/ErpPlatform.cs:line 202
   at Program.<Main>$(String[] args) in /work/src/Host/Erp.Host/Program.cs:line 8
   at Program.<Main>(String[] args)
   at System.Reflection.MethodBaseInvoker.InterpretedInvoke_Method(Object obj, IntPtr* args)
   at System.Reflection.MethodBaseInvoker.InvokeDirectByRefWithFewArgs(Object obj, Span`1 copyOfArgs, BindingFlags invokeAttr)
--- End of stack trace from previous location ---
   at Microsoft.AspNetCore.Mvc.Testing.DeferredHostBuilder.DeferredHost.StartAsync(CancellationToken cancellationToken)
   at Microsoft.Extensions.Hosting.HostingAbstractionsHostExtensions.Start(IHost host)
   at Microsoft.AspNetCore.Mvc.Testing.WebApplicationFactory`1.CreateHost(IHostBuilder builder)
   at Microsoft.AspNetCore.Mvc.Testing.WebApplicationFactory`1.ConfigureHostBuilder(IHostBuilder hostBuilder)
   at Microsoft.AspNetCore.Mvc.Testing.WebApplicationFactory`1.StartServer()
   at Microsoft.AspNetCore.Mvc.Testing.WebApplicationFactory`1.get_Services()
   at Erp.Testing.ErpTestEnvironment.SeedAsync(TestDatabaseServer server, String database, SeedPlan plan, IDictionary`2 settings) in /work/tests/Erp.Testing/ErpTestEnvironment.cs:line 128
   at Erp.Testing.ErpTestEnvironment.SeedAsync(TestDatabaseServer server, String database, SeedPlan plan, IDictionary`2 settings) in /work/tests/Erp.Testing/ErpTestEnvironment.cs:line 138
   at Erp.Testing.ErpTestEnvironment.<>c__DisplayClass34_0.<<StartGateAsync>b__0>d.MoveNext() in /work/tests/Erp.Testing/ErpTestEnvironment.cs:line 90
--- End of stack trace from previous location ---
   at Erp.Testing.TestDatabaseServer.<>c__DisplayClass25_0.<<GateTemplateAsync>b__3>d.MoveNext() in /work/tests/Erp.Testing/TestDatabaseServer.cs:line 156
--- End of stack trace from previous location ---
   at Erp.Testing.TestDatabaseServer.GateTemplateAsync(IDictionary`2 settings, Func`2 seed) in /work/tests/Erp.Testing/TestDatabaseServer.cs:line 161
   at Erp.Testing.ErpTestEnvironment.StartGateAsync(IDictionary`2 settings) in /work/tests/Erp.Testing/ErpTestEnvironment.cs:line 87
   at Erp.Gates.Tests.Infrastructure.GateFixture.InitializeAsync() in /work/tests/Erp.Gates.Tests/Infrastructure/GateFixture.cs:line 17
  Failed Erp.Gates.Tests.G2.G2AccountTakeoverTests.Nobody_resets_their_own_password_or_ends_their_own_access_through_administration [1 ms]
  Error Message:
   Assembly fixture type 'Erp.Gates.Tests.Infrastructure.GateFixture' threw in InitializeAsync
---- System.InvalidOperationException : Endpoint authorisation is incomplete:
HTTP: DELETE /api/identity/me/preferences => ResetPreferences: declares no permission
  Stack Trace:
  
----- Inner Stack Trace -----
   at Erp.Kernel.Hosting.ErpPlatform.ValidateEndpoints(WebApplication app) in /work/src/Kernel/Erp.Kernel/Hosting/ErpPlatform.cs:line 236
   at Erp.Kernel.Hosting.ErpPlatform.UseErpPlatform(WebApplication app) in /work/src/Kernel/Erp.Kernel/Hosting/ErpPlatform.cs:line 202
   at Program.<Main>$(String[] args) in /work/src/Host/Erp.Host/Program.cs:line 8
   at Program.<Main>(String[] args)
   at System.Reflection.MethodBaseInvoker.InterpretedInvoke_Method(Object obj, IntPtr* args)
   at System.Reflection.MethodBaseInvoker.InvokeDirectByRefWithFewArgs(Object obj, Span`1 copyOfArgs, BindingFlags invokeAttr)
--- End of stack trace from previous location ---
   at Microsoft.AspNetCore.Mvc.Testing.DeferredHostBuilder.DeferredHost.StartAsync(CancellationToken cancellationToken)
   at Microsoft.Extensions.Hosting.HostingAbstractionsHostExtensions.Start(IHost host)
   at Microsoft.AspNetCore.Mvc.Testing.WebApplicationFactory`1.CreateHost(IHostBuilder builder)
   at Microsoft.AspNetCore.Mvc.Testing.WebApplicationFactory`1.ConfigureHostBuilder(IHostBuilder hostBuilder)
   at Microsoft.AspNetCore.Mvc.Testing.WebApplicationFactory`1.StartServer()
   at Microsoft.AspNetCore.Mvc.Testing.WebApplicationFactory`1.get_Services()
   at Erp.Testing.ErpTestEnvironment.SeedAsync(TestDatabaseServer server, String database, SeedPlan plan, IDictionary`2 settings) in /work/tests/Erp.Testing/ErpTestEnvironment.cs:line 128
   at Erp.Testing.ErpTestEnvironment.SeedAsync(TestDatabaseServer server, String database, SeedPlan plan, IDictionary`2 settings) in /work/tests/Erp.Testing/ErpTestEnvironment.cs:line 138
   at Erp.Testing.ErpTestEnvironment.<>c__DisplayClass34_0.<<StartGateAsync>b__0>d.MoveNext() in /work/tests/Erp.Testing/ErpTestEnvironment.cs:line 90
--- End of stack trace from previous location ---
   at Erp.Testing.TestDatabaseServer.<>c__DisplayClass25_0.<<GateTemplateAsync>b__3>d.MoveNext() in /work/tests/Erp.Testing/TestDatabaseServer.cs:line 156
--- End of stack trace from previous location ---
   at Erp.Testing.TestDatabaseServer.GateTemplateAsync(IDictionary`2 settings, Func`2 seed) in /work/tests/Erp.Testing/TestDatabaseServer.cs:line 161
   at Erp.Testing.ErpTestEnvironment.StartGateAsync(IDictionary`2 settings) in /work/tests/Erp.Testing/ErpTestEnvironment.cs:line 87
   at Erp.Gates.Tests.Infrastructure.GateFixture.InitializeAsync() in /work/tests/Erp.Gates.Tests/Infrastructure/GateFixture.cs:line 17
  Failed Erp.Gates.Tests.G2.G2AccountTakeoverTests.Acting_on_a_user_needs_every_permission_that_user_holds [1 ms]
  Error Message:
   Assembly fixture type 'Erp.Gates.Tests.Infrastructure.GateFixture' threw in InitializeAsync
---- System.InvalidOperationException : Endpoint authorisation is incomplete:
HTTP: DELETE /api/identity/me/preferences => ResetPreferences: declares no permission
  Stack Trace:
  
----- Inner Stack Trace -----
   at Erp.Kernel.Hosting.ErpPlatform.ValidateEndpoints(WebApplication app) in /work/src/Kernel/Erp.Kernel/Hosting/ErpPlatform.cs:line 236
   at Erp.Kernel.Hosting.ErpPlatform.UseErpPlatform(WebApplication app) in /work/src/Kernel/Erp.Kernel/Hosting/ErpPlatform.cs:line 202
   at Program.<Main>$(String[] args) in /work/src/Host/Erp.Host/Program.cs:line 8
   at Program.<Main>(String[] args)
   at System.Reflection.MethodBaseInvoker.InterpretedInvoke_Method(Object obj, IntPtr* args)
   at System.Reflection.MethodBaseInvoker.InvokeDirectByRefWithFewArgs(Object obj, Span`1 copyOfArgs, BindingFlags invokeAttr)
--- End of stack trace from previous location ---
   at Microsoft.AspNetCore.Mvc.Testing.DeferredHostBuilder.DeferredHost.StartAsync(CancellationToken cancellationToken)
   at Microsoft.Extensions.Hosting.HostingAbstractionsHostExtensions.Start(IHost host)
   at Microsoft.AspNetCore.Mvc.Testing.WebApplicationFactory`1.CreateHost(IHostBuilder builder)
   at Microsoft.AspNetCore.Mvc.Testing.WebApplicationFactory`1.ConfigureHostBuilder(IHostBuilder hostBuilder)
   at Microsoft.AspNetCore.Mvc.Testing.WebApplicationFactory`1.StartServer()
   at Microsoft.AspNetCore.Mvc.Testing.WebApplicationFactory`1.get_Services()
   at Erp.Testing.ErpTestEnvironment.SeedAsync(TestDatabaseServer server, String database, SeedPlan plan, IDictionary`2 settings) in /work/tests/Erp.Testing/ErpTestEnvironment.cs:line 128
   at Erp.Testing.ErpTestEnvironment.SeedAsync(TestDatabaseServer server, String database, SeedPlan plan, IDictionary`2 settings) in /work/tests/Erp.Testing/ErpTestEnvironment.cs:line 138
   at Erp.Testing.ErpTestEnvironment.<>c__DisplayClass34_0.<<StartGateAsync>b__0>d.MoveNext() in /work/tests/Erp.Testing/ErpTestEnvironment.cs:line 90
--- End of stack trace from previous location ---
   at Erp.Testing.TestDatabaseServer.<>c__DisplayClass25_0.<<GateTemplateAsync>b__3>d.MoveNext() in /work/tests/Erp.Testing/TestDatabaseServer.cs:line 156
--- End of stack trace from previous location ---
   at Erp.Testing.TestDatabaseServer.GateTemplateAsync(IDictionary`2 settings, Func`2 seed) in /work/tests/Erp.Testing/TestDatabaseServer.cs:line 161
   at Erp.Testing.ErpTestEnvironment.StartGateAsync(IDictionary`2 settings) in /work/tests/Erp.Testing/ErpTestEnvironment.cs:line 87
   at Erp.Gates.Tests.Infrastructure.GateFixture.InitializeAsync() in /work/tests/Erp.Gates.Tests/Infrastructure/GateFixture.cs:line 17
  Failed Erp.Gates.Tests.SelfTests.ResponseTextSelfTests.Only_a_recent_instant_and_a_short_dated_text_are_scrubbed_as_the_print_stamp [1 ms]
  Error Message:
   Assembly fixture type 'Erp.Gates.Tests.Infrastructure.GateFixture' threw in InitializeAsync
---- System.InvalidOperationException : Endpoint authorisation is incomplete:
HTTP: DELETE /api/identity/me/preferences => ResetPreferences: declares no permission
  Stack Trace:
  
----- Inner Stack Trace -----
   at Erp.Kernel.Hosting.ErpPlatform.ValidateEndpoints(WebApplication app) in /work/src/Kernel/Erp.Kernel/Hosting/ErpPlatform.cs:line 236
   at Erp.Kernel.Hosting.ErpPlatform.UseErpPlatform(WebApplication app) in /work/src/Kernel/Erp.Kernel/Hosting/ErpPlatform.cs:line 202
   at Program.<Main>$(String[] args) in /work/src/Host/Erp.Host/Program.cs:line 8
   at Program.<Main>(String[] args)
   at System.Reflection.MethodBaseInvoker.InterpretedInvoke_Method(Object obj, IntPtr* args)
   at System.Reflection.MethodBaseInvoker.InvokeDirectByRefWithFewArgs(Object obj, Span`1 copyOfArgs, BindingFlags invokeAttr)
--- End of stack trace from previous location ---
   at Microsoft.AspNetCore.Mvc.Testing.DeferredHostBuilder.DeferredHost.StartAsync(CancellationToken cancellationToken)
   at Microsoft.Extensions.Hosting.HostingAbstractionsHostExtensions.Start(IHost host)
   at Microsoft.AspNetCore.Mvc.Testing.WebApplicationFactory`1.CreateHost(IHostBuilder builder)
   at Microsoft.AspNetCore.Mvc.Testing.WebApplicationFactory`1.ConfigureHostBuilder(IHostBuilder hostBuilder)
   at Microsoft.AspNetCore.Mvc.Testing.WebApplicationFactory`1.StartServer()
   at Microsoft.AspNetCore.Mvc.Testing.WebApplicationFactory`1.get_Services()
   at Erp.Testing.ErpTestEnvironment.SeedAsync(TestDatabaseServer server, String database, SeedPlan plan, IDictionary`2 settings) in /work/tests/Erp.Testing/ErpTestEnvironment.cs:line 128
   at Erp.Testing.ErpTestEnvironment.SeedAsync(TestDatabaseServer server, String database, SeedPlan plan, IDictionary`2 settings) in /work/tests/Erp.Testing/ErpTestEnvironment.cs:line 138
   at Erp.Testing.ErpTestEnvironment.<>c__DisplayClass34_0.<<StartGateAsync>b__0>d.MoveNext() in /work/tests/Erp.Testing/ErpTestEnvironment.cs:line 90
--- End of stack trace from previous location ---
   at Erp.Testing.TestDatabaseServer.<>c__DisplayClass25_0.<<GateTemplateAsync>b__3>d.MoveNext() in /work/tests/Erp.Testing/TestDatabaseServer.cs:line 156
--- End of stack trace from previous location ---
   at Erp.Testing.TestDatabaseServer.GateTemplateAsync(IDictionary`2 settings, Func`2 seed) in /work/tests/Erp.Testing/TestDatabaseServer.cs:line 161
   at Erp.Testing.ErpTestEnvironment.StartGateAsync(IDictionary`2 settings) in /work/tests/Erp.Testing/ErpTestEnvironment.cs:line 87
   at Erp.Gates.Tests.Infrastructure.GateFixture.InitializeAsync() in /work/tests/Erp.Gates.Tests/Infrastructure/GateFixture.cs:line 17
  Failed Erp.Gates.Tests.SelfTests.ResponseTextSelfTests.Right_to_left_runs_are_also_given_in_logical_order [1 ms]
  Error Message:
   Assembly fixture type 'Erp.Gates.Tests.Infrastructure.GateFixture' threw in InitializeAsync
---- System.InvalidOperationException : Endpoint authorisation is incomplete:
HTTP: DELETE /api/identity/me/preferences => ResetPreferences: declares no permission
  Stack Trace:
  
----- Inner Stack Trace -----
   at Erp.Kernel.Hosting.ErpPlatform.ValidateEndpoints(WebApplication app) in /work/src/Kernel/Erp.Kernel/Hosting/ErpPlatform.cs:line 236
   at Erp.Kernel.Hosting.ErpPlatform.UseErpPlatform(WebApplication app) in /work/src/Kernel/Erp.Kernel/Hosting/ErpPlatform.cs:line 202
   at Program.<Main>$(String[] args) in /work/src/Host/Erp.Host/Program.cs:line 8
   at Program.<Main>(String[] args)
   at System.Reflection.MethodBaseInvoker.InterpretedInvoke_Method(Object obj, IntPtr* args)
   at System.Reflection.MethodBaseInvoker.InvokeDirectByRefWithFewArgs(Object obj, Span`1 copyOfArgs, BindingFlags invokeAttr)
--- End of stack trace from previous location ---
   at Microsoft.AspNetCore.Mvc.Testing.DeferredHostBuilder.DeferredHost.StartAsync(CancellationToken cancellationToken)
   at Microsoft.Extensions.Hosting.HostingAbstractionsHostExtensions.Start(IHost host)
   at Microsoft.AspNetCore.Mvc.Testing.WebApplicationFactory`1.CreateHost(IHostBuilder builder)
   at Microsoft.AspNetCore.Mvc.Testing.WebApplicationFactory`1.ConfigureHostBuilder(IHostBuilder hostBuilder)
   at Microsoft.AspNetCore.Mvc.Testing.WebApplicationFactory`1.StartServer()
   at Microsoft.AspNetCore.Mvc.Testing.WebApplicationFactory`1.get_Services()
   at Erp.Testing.ErpTestEnvironment.SeedAsync(TestDatabaseServer server, String database, SeedPlan plan, IDictionary`2 settings) in /work/tests/Erp.Testing/ErpTestEnvironment.cs:line 128
   at Erp.Testing.ErpTestEnvironment.SeedAsync(TestDatabaseServer server, String database, SeedPlan plan, IDictionary`2 settings) in /work/tests/Erp.Testing/ErpTestEnvironment.cs:line 138
   at Erp.Testing.ErpTestEnvironment.<>c__DisplayClass34_0.<<StartGateAsync>b__0>d.MoveNext() in /work/tests/Erp.Testing/ErpTestEnvironment.cs:line 90
--- End of stack trace from previous location ---
   at Erp.Testing.TestDatabaseServer.<>c__DisplayClass25_0.<<GateTemplateAsync>b__3>d.MoveNext() in /work/tests/Erp.Testing/TestDatabaseServer.cs:line 156
--- End of stack trace from previous location ---
   at Erp.Testing.TestDatabaseServer.GateTemplateAsync(IDictionary`2 settings, Func`2 seed) in /work/tests/Erp.Testing/TestDatabaseServer.cs:line 161
   at Erp.Testing.ErpTestEnvironment.StartGateAsync(IDictionary`2 settings) in /work/tests/Erp.Testing/ErpTestEnvironment.cs:line 87
   at Erp.Gates.Tests.Infrastructure.GateFixture.InitializeAsync() in /work/tests/Erp.Gates.Tests/Infrastructure/GateFixture.cs:line 17
  Failed Erp.Gates.Tests.SelfTests.ResponseTextSelfTests.A_compressed_pdf_and_a_zipped_workbook_are_read_for_their_text [1 ms]
  Error Message:
   Assembly fixture type 'Erp.Gates.Tests.Infrastructure.GateFixture' threw in InitializeAsync
---- System.InvalidOperationException : Endpoint authorisation is incomplete:
HTTP: DELETE /api/identity/me/preferences => ResetPreferences: declares no permission
  Stack Trace:
  
----- Inner Stack Trace -----
   at Erp.Kernel.Hosting.ErpPlatform.ValidateEndpoints(WebApplication app) in /work/src/Kernel/Erp.Kernel/Hosting/ErpPlatform.cs:line 236
   at Erp.Kernel.Hosting.ErpPlatform.UseErpPlatform(WebApplication app) in /work/src/Kernel/Erp.Kernel/Hosting/ErpPlatform.cs:line 202
   at Program.<Main>$(String[] args) in /work/src/Host/Erp.Host/Program.cs:line 8
   at Program.<Main>(String[] args)
   at System.Reflection.MethodBaseInvoker.InterpretedInvoke_Method(Object obj, IntPtr* args)
   at System.Reflection.MethodBaseInvoker.InvokeDirectByRefWithFewArgs(Object obj, Span`1 copyOfArgs, BindingFlags invokeAttr)
--- End of stack trace from previous location ---
   at Microsoft.AspNetCore.Mvc.Testing.DeferredHostBuilder.DeferredHost.StartAsync(CancellationToken cancellationToken)
   at Microsoft.Extensions.Hosting.HostingAbstractionsHostExtensions.Start(IHost host)
   at Microsoft.AspNetCore.Mvc.Testing.WebApplicationFactory`1.CreateHost(IHostBuilder builder)
   at Microsoft.AspNetCore.Mvc.Testing.WebApplicationFactory`1.ConfigureHostBuilder(IHostBuilder hostBuilder)
   at Microsoft.AspNetCore.Mvc.Testing.WebApplicationFactory`1.StartServer()
   at Microsoft.AspNetCore.Mvc.Testing.WebApplicationFactory`1.get_Services()
   at Erp.Testing.ErpTestEnvironment.SeedAsync(TestDatabaseServer server, String database, SeedPlan plan, IDictionary`2 settings) in /work/tests/Erp.Testing/ErpTestEnvironment.cs:line 128
   at Erp.Testing.ErpTestEnvironment.SeedAsync(TestDatabaseServer server, String database, SeedPlan plan, IDictionary`2 settings) in /work/tests/Erp.Testing/ErpTestEnvironment.cs:line 138
   at Erp.Testing.ErpTestEnvironment.<>c__DisplayClass34_0.<<StartGateAsync>b__0>d.MoveNext() in /work/tests/Erp.Testing/ErpTestEnvironment.cs:line 90
--- End of stack trace from previous location ---
   at Erp.Testing.TestDatabaseServer.<>c__DisplayClass25_0.<<GateTemplateAsync>b__3>d.MoveNext() in /work/tests/Erp.Testing/TestDatabaseServer.cs:line 156
--- End of stack trace from previous location ---
   at Erp.Testing.TestDatabaseServer.GateTemplateAsync(IDictionary`2 settings, Func`2 seed) in /work/tests/Erp.Testing/TestDatabaseServer.cs:line 161
   at Erp.Testing.ErpTestEnvironment.StartGateAsync(IDictionary`2 settings) in /work/tests/Erp.Testing/ErpTestEnvironment.cs:line 87
   at Erp.Gates.Tests.Infrastructure.GateFixture.InitializeAsync() in /work/tests/Erp.Gates.Tests/Infrastructure/GateFixture.cs:line 17
  Failed Erp.Gates.Tests.Rules.BulkTimeoutGateTests.The_seed_runner_puts_every_tenant_seed_on_the_bulk_pool [1 ms]
  Error Message:
   Assembly fixture type 'Erp.Gates.Tests.Infrastructure.GateFixture' threw in InitializeAsync
---- System.InvalidOperationException : Endpoint authorisation is incomplete:
HTTP: DELETE /api/identity/me/preferences => ResetPreferences: declares no permission
  Stack Trace:
  
----- Inner Stack Trace -----
   at Erp.Kernel.Hosting.ErpPlatform.ValidateEndpoints(WebApplication app) in /work/src/Kernel/Erp.Kernel/Hosting/ErpPlatform.cs:line 236
   at Erp.Kernel.Hosting.ErpPlatform.UseErpPlatform(WebApplication app) in /work/src/Kernel/Erp.Kernel/Hosting/ErpPlatform.cs:line 202
   at Program.<Main>$(String[] args) in /work/src/Host/Erp.Host/Program.cs:line 8
   at Program.<Main>(String[] args)
   at System.Reflection.MethodBaseInvoker.InterpretedInvoke_Method(Object obj, IntPtr* args)
   at System.Reflection.MethodBaseInvoker.InvokeDirectByRefWithFewArgs(Object obj, Span`1 copyOfArgs, BindingFlags invokeAttr)
--- End of stack trace from previous location ---
   at Microsoft.AspNetCore.Mvc.Testing.DeferredHostBuilder.DeferredHost.StartAsync(CancellationToken cancellationToken)
   at Microsoft.Extensions.Hosting.HostingAbstractionsHostExtensions.Start(IHost host)
   at Microsoft.AspNetCore.Mvc.Testing.WebApplicationFactory`1.CreateHost(IHostBuilder builder)
   at Microsoft.AspNetCore.Mvc.Testing.WebApplicationFactory`1.ConfigureHostBuilder(IHostBuilder hostBuilder)
   at Microsoft.AspNetCore.Mvc.Testing.WebApplicationFactory`1.StartServer()
   at Microsoft.AspNetCore.Mvc.Testing.WebApplicationFactory`1.get_Services()
   at Erp.Testing.ErpTestEnvironment.SeedAsync(TestDatabaseServer server, String database, SeedPlan plan, IDictionary`2 settings) in /work/tests/Erp.Testing/ErpTestEnvironment.cs:line 128
   at Erp.Testing.ErpTestEnvironment.SeedAsync(TestDatabaseServer server, String database, SeedPlan plan, IDictionary`2 settings) in /work/tests/Erp.Testing/ErpTestEnvironment.cs:line 138
   at Erp.Testing.ErpTestEnvironment.<>c__DisplayClass34_0.<<StartGateAsync>b__0>d.MoveNext() in /work/tests/Erp.Testing/ErpTestEnvironment.cs:line 90
--- End of stack trace from previous location ---
   at Erp.Testing.TestDatabaseServer.<>c__DisplayClass25_0.<<GateTemplateAsync>b__3>d.MoveNext() in /work/tests/Erp.Testing/TestDatabaseServer.cs:line 156
--- End of stack trace from previous location ---
   at Erp.Testing.TestDatabaseServer.GateTemplateAsync(IDictionary`2 settings, Func`2 seed) in /work/tests/Erp.Testing/TestDatabaseServer.cs:line 161
   at Erp.Testing.ErpTestEnvironment.StartGateAsync(IDictionary`2 settings) in /work/tests/Erp.Testing/ErpTestEnvironment.cs:line 87
   at Erp.Gates.Tests.Infrastructure.GateFixture.InitializeAsync() in /work/tests/Erp.Gates.Tests/Infrastructure/GateFixture.cs:line 17
  Failed Erp.Gates.Tests.Rules.BulkTimeoutGateTests.Only_the_seed_runner_and_the_platform_build_the_application_pools [1 ms]
  Error Message:
   Assembly fixture type 'Erp.Gates.Tests.Infrastructure.GateFixture' threw in InitializeAsync
---- System.InvalidOperationException : Endpoint authorisation is incomplete:
HTTP: DELETE /api/identity/me/preferences => ResetPreferences: declares no permission
  Stack Trace:
  
----- Inner Stack Trace -----
   at Erp.Kernel.Hosting.ErpPlatform.ValidateEndpoints(WebApplication app) in /work/src/Kernel/Erp.Kernel/Hosting/ErpPlatform.cs:line 236
   at Erp.Kernel.Hosting.ErpPlatform.UseErpPlatform(WebApplication app) in /work/src/Kernel/Erp.Kernel/Hosting/ErpPlatform.cs:line 202
   at Program.<Main>$(String[] args) in /work/src/Host/Erp.Host/Program.cs:line 8
   at Program.<Main>(String[] args)
   at System.Reflection.MethodBaseInvoker.InterpretedInvoke_Method(Object obj, IntPtr* args)
   at System.Reflection.MethodBaseInvoker.InvokeDirectByRefWithFewArgs(Object obj, Span`1 copyOfArgs, BindingFlags invokeAttr)
--- End of stack trace from previous location ---
   at Microsoft.AspNetCore.Mvc.Testing.DeferredHostBuilder.DeferredHost.StartAsync(CancellationToken cancellationToken)
   at Microsoft.Extensions.Hosting.HostingAbstractionsHostExtensions.Start(IHost host)
   at Microsoft.AspNetCore.Mvc.Testing.WebApplicationFactory`1.CreateHost(IHostBuilder builder)
   at Microsoft.AspNetCore.Mvc.Testing.WebApplicationFactory`1.ConfigureHostBuilder(IHostBuilder hostBuilder)
   at Microsoft.AspNetCore.Mvc.Testing.WebApplicationFactory`1.StartServer()
   at Microsoft.AspNetCore.Mvc.Testing.WebApplicationFactory`1.get_Services()
   at Erp.Testing.ErpTestEnvironment.SeedAsync(TestDatabaseServer server, String database, SeedPlan plan, IDictionary`2 settings) in /work/tests/Erp.Testing/ErpTestEnvironment.cs:line 128
   at Erp.Testing.ErpTestEnvironment.SeedAsync(TestDatabaseServer server, String database, SeedPlan plan, IDictionary`2 settings) in /work/tests/Erp.Testing/ErpTestEnvironment.cs:line 138
   at Erp.Testing.ErpTestEnvironment.<>c__DisplayClass34_0.<<StartGateAsync>b__0>d.MoveNext() in /work/tests/Erp.Testing/ErpTestEnvironment.cs:line 90
--- End of stack trace from previous location ---
   at Erp.Testing.TestDatabaseServer.<>c__DisplayClass25_0.<<GateTemplateAsync>b__3>d.MoveNext() in /work/tests/Erp.Testing/TestDatabaseServer.cs:line 156
--- End of stack trace from previous location ---
   at Erp.Testing.TestDatabaseServer.GateTemplateAsync(IDictionary`2 settings, Func`2 seed) in /work/tests/Erp.Testing/TestDatabaseServer.cs:line 161
   at Erp.Testing.ErpTestEnvironment.StartGateAsync(IDictionary`2 settings) in /work/tests/Erp.Testing/ErpTestEnvironment.cs:line 87
   at Erp.Gates.Tests.Infrastructure.GateFixture.InitializeAsync() in /work/tests/Erp.Gates.Tests/Infrastructure/GateFixture.cs:line 17
[xUnit.net 00:00:08.82]     Erp.Gates.Tests.Rules.BulkTimeoutGateTests.Bulk_code_never_sets_a_literal_command_timeout_or_opens_its_own_connection [FAIL]
[xUnit.net 00:00:08.82]       Assembly fixture type 'Erp.Gates.Tests.Infrastructure.GateFixture' threw in InitializeAsync
[xUnit.net 00:00:08.82]       ---- System.InvalidOperationException : Endpoint authorisation is incomplete:
[xUnit.net 00:00:08.82]       HTTP: DELETE /api/identity/me/preferences => ResetPreferences: declares no permission
[xUnit.net 00:00:08.82]       Stack Trace:
[xUnit.net 00:00:08.82]         
[xUnit.net 00:00:08.82]         ----- Inner Stack Trace -----
[xUnit.net 00:00:08.82]         /work/src/Kernel/Erp.Kernel/Hosting/ErpPlatform.cs(236,0): at Erp.Kernel.Hosting.ErpPlatform.ValidateEndpoints(WebApplication app)
[xUnit.net 00:00:08.82]         /work/src/Kernel/Erp.Kernel/Hosting/ErpPlatform.cs(202,0): at Erp.Kernel.Hosting.ErpPlatform.UseErpPlatform(WebApplication app)
[xUnit.net 00:00:08.82]         /work/src/Host/Erp.Host/Program.cs(8,0): at Program.<Main>$(String[] args)
[xUnit.net 00:00:08.82]            at Program.<Main>(String[] args)
[xUnit.net 00:00:08.82]            at System.Reflection.MethodBaseInvoker.InterpretedInvoke_Method(Object obj, IntPtr* args)
[xUnit.net 00:00:08.82]            at System.Reflection.MethodBaseInvoker.InvokeDirectByRefWithFewArgs(Object obj, Span`1 copyOfArgs, BindingFlags invokeAttr)
[xUnit.net 00:00:08.82]         --- End of stack trace from previous location ---
[xUnit.net 00:00:08.82]            at Microsoft.AspNetCore.Mvc.Testing.DeferredHostBuilder.DeferredHost.StartAsync(CancellationToken cancellationToken)
[xUnit.net 00:00:08.82]            at Microsoft.Extensions.Hosting.HostingAbstractionsHostExtensions.Start(IHost host)
[xUnit.net 00:00:08.82]            at Microsoft.AspNetCore.Mvc.Testing.WebApplicationFactory`1.CreateHost(IHostBuilder builder)
[xUnit.net 00:00:08.82]            at Microsoft.AspNetCore.Mvc.Testing.WebApplicationFactory`1.ConfigureHostBuilder(IHostBuilder hostBuilder)
[xUnit.net 00:00:08.82]            at Microsoft.AspNetCore.Mvc.Testing.WebApplicationFactory`1.StartServer()
[xUnit.net 00:00:08.82]            at Microsoft.AspNetCore.Mvc.Testing.WebApplicationFactory`1.get_Services()
[xUnit.net 00:00:08.82]         /work/tests/Erp.Testing/ErpTestEnvironment.cs(128,0): at Erp.Testing.ErpTestEnvironment.SeedAsync(TestDatabaseServer server, String database, SeedPlan plan, IDictionary`2 settings)
[xUnit.net 00:00:08.82]         /work/tests/Erp.Testing/ErpTestEnvironment.cs(138,0): at Erp.Testing.ErpTestEnvironment.SeedAsync(TestDatabaseServer server, String database, SeedPlan plan, IDictionary`2 settings)
[xUnit.net 00:00:08.82]         /work/tests/Erp.Testing/ErpTestEnvironment.cs(90,0): at Erp.Testing.ErpTestEnvironment.<>c__DisplayClass34_0.<<StartGateAsync>b__0>d.MoveNext()
[xUnit.net 00:00:08.82]         --- End of stack trace from previous location ---
[xUnit.net 00:00:08.82]         /work/tests/Erp.Testing/TestDatabaseServer.cs(156,0): at Erp.Testing.TestDatabaseServer.<>c__DisplayClass25_0.<<GateTemplateAsync>b__3>d.MoveNext()
[xUnit.net 00:00:08.82]         --- End of stack trace from previous location ---
[xUnit.net 00:00:08.82]         /work/tests/Erp.Testing/TestDatabaseServer.cs(161,0): at Erp.Testing.TestDatabaseServer.GateTemplateAsync(IDictionary`2 settings, Func`2 seed)
[xUnit.net 00:00:08.82]         /work/tests/Erp.Testing/ErpTestEnvironment.cs(87,0): at Erp.Testing.ErpTestEnvironment.StartGateAsync(IDictionary`2 settings)
[xUnit.net 00:00:08.82]         /work/tests/Erp.Gates.Tests/Infrastructure/GateFixture.cs(17,0): at Erp.Gates.Tests.Infrastructure.GateFixture.InitializeAsync()
[xUnit.net 00:00:08.82]     Erp.Gates.Tests.Rules.MoneyGateTests.No_parseFloat_in_front_end_code [FAIL]
[xUnit.net 00:00:08.82]       Assembly fixture type 'Erp.Gates.Tests.Infrastructure.GateFixture' threw in InitializeAsync
[xUnit.net 00:00:08.82]       ---- System.InvalidOperationException : Endpoint authorisation is incomplete:
[xUnit.net 00:00:08.83]       HTTP: DELETE /api/identity/me/preferences => ResetPreferences: declares no permission
[xUnit.net 00:00:08.83]       Stack Trace:
[xUnit.net 00:00:08.83]         
[xUnit.net 00:00:08.83]         ----- Inner Stack Trace -----
[xUnit.net 00:00:08.83]         /work/src/Kernel/Erp.Kernel/Hosting/ErpPlatform.cs(236,0): at Erp.Kernel.Hosting.ErpPlatform.ValidateEndpoints(WebApplication app)
[xUnit.net 00:00:08.83]         /work/src/Kernel/Erp.Kernel/Hosting/ErpPlatform.cs(202,0): at Erp.Kernel.Hosting.ErpPlatform.UseErpPlatform(WebApplication app)
[xUnit.net 00:00:08.83]         /work/src/Host/Erp.Host/Program.cs(8,0): at Program.<Main>$(String[] args)
[xUnit.net 00:00:08.83]            at Program.<Main>(String[] args)
[xUnit.net 00:00:08.83]            at System.Reflection.MethodBaseInvoker.InterpretedInvoke_Method(Object obj, IntPtr* args)
[xUnit.net 00:00:08.83]            at System.Reflection.MethodBaseInvoker.InvokeDirectByRefWithFewArgs(Object obj, Span`1 copyOfArgs, BindingFlags invokeAttr)
[xUnit.net 00:00:08.83]         --- End of stack trace from previous location ---
[xUnit.net 00:00:08.83]            at Microsoft.AspNetCore.Mvc.Testing.DeferredHostBuilder.DeferredHost.StartAsync(CancellationToken cancellationToken)
[xUnit.net 00:00:08.83]            at Microsoft.Extensions.Hosting.HostingAbstractionsHostExtensions.Start(IHost host)
[xUnit.net 00:00:08.83]            at Microsoft.AspNetCore.Mvc.Testing.WebApplicationFactory`1.CreateHost(IHostBuilder builder)
[xUnit.net 00:00:08.83]            at Microsoft.AspNetCore.Mvc.Testing.WebApplicationFactory`1.ConfigureHostBuilder(IHostBuilder hostBuilder)
[xUnit.net 00:00:08.83]            at Microsoft.AspNetCore.Mvc.Testing.WebApplicationFactory`1.StartServer()
[xUnit.net 00:00:08.83]            at Microsoft.AspNetCore.Mvc.Testing.WebApplicationFactory`1.get_Services()
[xUnit.net 00:00:08.83]         /work/tests/Erp.Testing/ErpTestEnvironment.cs(128,0): at Erp.Testing.ErpTestEnvironment.SeedAsync(TestDatabaseServer server, String database, SeedPlan plan, IDictionary`2 settings)
[xUnit.net 00:00:08.83]         /work/tests/Erp.Testing/ErpTestEnvironment.cs(138,0): at Erp.Testing.ErpTestEnvironment.SeedAsync(TestDatabaseServer server, String database, SeedPlan plan, IDictionary`2 settings)
[xUnit.net 00:00:08.83]         /work/tests/Erp.Testing/ErpTestEnvironment.cs(90,0): at Erp.Testing.ErpTestEnvironment.<>c__DisplayClass34_0.<<StartGateAsync>b__0>d.MoveNext()
[xUnit.net 00:00:08.83]         --- End of stack trace from previous location ---
[xUnit.net 00:00:08.83]         /work/tests/Erp.Testing/TestDatabaseServer.cs(156,0): at Erp.Testing.TestDatabaseServer.<>c__DisplayClass25_0.<<GateTemplateAsync>b__3>d.MoveNext()
[xUnit.net 00:00:08.83]         --- End of stack trace from previous location ---
[xUnit.net 00:00:08.83]         /work/tests/Erp.Testing/TestDatabaseServer.cs(161,0): at Erp.Testing.TestDatabaseServer.GateTemplateAsync(IDictionary`2 settings, Func`2 seed)
[xUnit.net 00:00:08.83]         /work/tests/Erp.Testing/ErpTestEnvironment.cs(87,0): at Erp.Testing.ErpTestEnvironment.StartGateAsync(IDictionary`2 settings)
[xUnit.net 00:00:08.83]         /work/tests/Erp.Gates.Tests/Infrastructure/GateFixture.cs(17,0): at Erp.Gates.Tests.Infrastructure.GateFixture.InitializeAsync()
[xUnit.net 00:00:08.83]     Erp.Gates.Tests.Rules.MoneyGateTests.No_float_or_double_in_server_code [FAIL]
[xUnit.net 00:00:08.83]       Assembly fixture type 'Erp.Gates.Tests.Infrastructure.GateFixture' threw in InitializeAsync
[xUnit.net 00:00:08.83]       ---- System.InvalidOperationException : Endpoint authorisation is incomplete:
[xUnit.net 00:00:08.83]       HTTP: DELETE /api/identity/me/preferences => ResetPreferences: declares no permission
[xUnit.net 00:00:08.83]       Stack Trace:
[xUnit.net 00:00:08.83]         
[xUnit.net 00:00:08.83]         ----- Inner Stack Trace -----
[xUnit.net 00:00:08.83]         /work/src/Kernel/Erp.Kernel/Hosting/ErpPlatform.cs(236,0): at Erp.Kernel.Hosting.ErpPlatform.ValidateEndpoints(WebApplication app)
[xUnit.net 00:00:08.83]         /work/src/Kernel/Erp.Kernel/Hosting/ErpPlatform.cs(202,0): at Erp.Kernel.Hosting.ErpPlatform.UseErpPlatform(WebApplication app)
[xUnit.net 00:00:08.83]         /work/src/Host/Erp.Host/Program.cs(8,0): at Program.<Main>$(String[] args)
[xUnit.net 00:00:08.83]            at Program.<Main>(String[] args)
[xUnit.net 00:00:08.83]            at System.Reflection.MethodBaseInvoker.InterpretedInvoke_Method(Object obj, IntPtr* args)
[xUnit.net 00:00:08.83]            at System.Reflection.MethodBaseInvoker.InvokeDirectByRefWithFewArgs(Object obj, Span`1 copyOfArgs, BindingFlags invokeAttr)
[xUnit.net 00:00:08.83]         --- End of stack trace from previous location ---
[xUnit.net 00:00:08.83]            at Microsoft.AspNetCore.Mvc.Testing.DeferredHostBuilder.DeferredHost.StartAsync(CancellationToken cancellationToken)
[xUnit.net 00:00:08.83]            at Microsoft.Extensions.Hosting.HostingAbstractionsHostExtensions.Start(IHost host)
[xUnit.net 00:00:08.83]            at Microsoft.AspNetCore.Mvc.Testing.WebApplicationFactory`1.CreateHost(IHostBuilder builder)
[xUnit.net 00:00:08.83]            at Microsoft.AspNetCore.Mvc.Testing.WebApplicationFactory`1.ConfigureHostBuilder(IHostBuilder hostBuilder)
[xUnit.net 00:00:08.83]            at Microsoft.AspNetCore.Mvc.Testing.WebApplicationFactory`1.StartServer()
[xUnit.net 00:00:08.83]            at Microsoft.AspNetCore.Mvc.Testing.WebApplicationFactory`1.get_Services()
[xUnit.net 00:00:08.83]         /work/tests/Erp.Testing/ErpTestEnvironment.cs(128,0): at Erp.Testing.ErpTestEnvironment.SeedAsync(TestDatabaseServer server, String database, SeedPlan plan, IDictionary`2 settings)
[xUnit.net 00:00:08.83]         /work/tests/Erp.Testing/ErpTestEnvironment.cs(138,0): at Erp.Testing.ErpTestEnvironment.SeedAsync(TestDatabaseServer server, String database, SeedPlan plan, IDictionary`2 settings)
[xUnit.net 00:00:08.84]         /work/tests/Erp.Testing/ErpTestEnvironment.cs(90,0): at Erp.Testing.ErpTestEnvironment.<>c__DisplayClass34_0.<<StartGateAsync>b__0>d.MoveNext()
[xUnit.net 00:00:08.84]         --- End of stack trace from previous location ---
[xUnit.net 00:00:08.84]         /work/tests/Erp.Testing/TestDatabaseServer.cs(156,0): at Erp.Testing.TestDatabaseServer.<>c__DisplayClass25_0.<<GateTemplateAsync>b__3>d.MoveNext()
[xUnit.net 00:00:08.84]         --- End of stack trace from previous location ---
[xUnit.net 00:00:08.84]         /work/tests/Erp.Testing/TestDatabaseServer.cs(161,0): at Erp.Testing.TestDatabaseServer.GateTemplateAsync(IDictionary`2 settings, Func`2 seed)
[xUnit.net 00:00:08.84]         /work/tests/Erp.Testing/ErpTestEnvironment.cs(87,0): at Erp.Testing.ErpTestEnvironment.StartGateAsync(IDictionary`2 settings)
[xUnit.net 00:00:08.84]         /work/tests/Erp.Gates.Tests/Infrastructure/GateFixture.cs(17,0): at Erp.Gates.Tests.Infrastructure.GateFixture.InitializeAsync()
[xUnit.net 00:00:08.84]     Erp.Gates.Tests.Rules.MoneyGateTests.No_floating_point_or_money_columns_in_the_database [FAIL]
[xUnit.net 00:00:08.84]       Assembly fixture type 'Erp.Gates.Tests.Infrastructure.GateFixture' threw in InitializeAsync
[xUnit.net 00:00:08.84]       ---- System.InvalidOperationException : Endpoint authorisation is incomplete:
[xUnit.net 00:00:08.84]       HTTP: DELETE /api/identity/me/preferences => ResetPreferences: declares no permission
[xUnit.net 00:00:08.84]       Stack Trace:
[xUnit.net 00:00:08.84]         
[xUnit.net 00:00:08.84]         ----- Inner Stack Trace -----
[xUnit.net 00:00:08.84]         /work/src/Kernel/Erp.Kernel/Hosting/ErpPlatform.cs(236,0): at Erp.Kernel.Hosting.ErpPlatform.ValidateEndpoints(WebApplication app)
[xUnit.net 00:00:08.84]         /work/src/Kernel/Erp.Kernel/Hosting/ErpPlatform.cs(202,0): at Erp.Kernel.Hosting.ErpPlatform.UseErpPlatform(WebApplication app)
[xUnit.net 00:00:08.84]         /work/src/Host/Erp.Host/Program.cs(8,0): at Program.<Main>$(String[] args)
[xUnit.net 00:00:08.84]            at Program.<Main>(String[] args)
[xUnit.net 00:00:08.84]            at System.Reflection.MethodBaseInvoker.InterpretedInvoke_Method(Object obj, IntPtr* args)
[xUnit.net 00:00:08.84]            at System.Reflection.MethodBaseInvoker.InvokeDirectByRefWithFewArgs(Object obj, Span`1 copyOfArgs, BindingFlags invokeAttr)
[xUnit.net 00:00:08.84]         --- End of stack trace from previous location ---
[xUnit.net 00:00:08.84]            at Microsoft.AspNetCore.Mvc.Testing.DeferredHostBuilder.DeferredHost.StartAsync(CancellationToken cancellationToken)
[xUnit.net 00:00:08.84]            at Microsoft.Extensions.Hosting.HostingAbstractionsHostExtensions.Start(IHost host)
[xUnit.net 00:00:08.84]            at Microsoft.AspNetCore.Mvc.Testing.WebApplicationFactory`1.CreateHost(IHostBuilder builder)
[xUnit.net 00:00:08.84]            at Microsoft.AspNetCore.Mvc.Testing.WebApplicationFactory`1.ConfigureHostBuilder(IHostBuilder hostBuilder)
[xUnit.net 00:00:08.84]            at Microsoft.AspNetCore.Mvc.Testing.WebApplicationFactory`1.StartServer()
[xUnit.net 00:00:08.84]            at Microsoft.AspNetCore.Mvc.Testing.WebApplicationFactory`1.get_Services()
[xUnit.net 00:00:08.84]         /work/tests/Erp.Testing/ErpTestEnvironment.cs(128,0): at Erp.Testing.ErpTestEnvironment.SeedAsync(TestDatabaseServer server, String database, SeedPlan plan, IDictionary`2 settings)
[xUnit.net 00:00:08.84]         /work/tests/Erp.Testing/ErpTestEnvironment.cs(138,0): at Erp.Testing.ErpTestEnvironment.SeedAsync(TestDatabaseServer server, String database, SeedPlan plan, IDictionary`2 settings)
[xUnit.net 00:00:08.84]         /work/tests/Erp.Testing/ErpTestEnvironment.cs(90,0): at Erp.Testing.ErpTestEnvironment.<>c__DisplayClass34_0.<<StartGateAsync>b__0>d.MoveNext()
[xUnit.net 00:00:08.84]         --- End of stack trace from previous location ---
[xUnit.net 00:00:08.84]         /work/tests/Erp.Testing/TestDatabaseServer.cs(156,0): at Erp.Testing.TestDatabaseServer.<>c__DisplayClass25_0.<<GateTemplateAsync>b__3>d.MoveNext()
[xUnit.net 00:00:08.84]         --- End of stack trace from previous location ---
[xUnit.net 00:00:08.84]         /work/tests/Erp.Testing/TestDatabaseServer.cs(161,0): at Erp.Testing.TestDatabaseServer.GateTemplateAsync(IDictionary`2 settings, Func`2 seed)
[xUnit.net 00:00:08.84]         /work/tests/Erp.Testing/ErpTestEnvironment.cs(87,0): at Erp.Testing.ErpTestEnvironment.StartGateAsync(IDictionary`2 settings)
[xUnit.net 00:00:08.84]         /work/tests/Erp.Gates.Tests/Infrastructure/GateFixture.cs(17,0): at Erp.Gates.Tests.Infrastructure.GateFixture.InitializeAsync()
[xUnit.net 00:00:08.84]     Erp.Gates.Tests.G1.G1ProcessStateTests.Process_wide_state_is_immutable_or_reviewed [FAIL]
[xUnit.net 00:00:08.84]       Assembly fixture type 'Erp.Gates.Tests.Infrastructure.GateFixture' threw in InitializeAsync
[xUnit.net 00:00:08.84]       ---- System.InvalidOperationException : Endpoint authorisation is incomplete:
[xUnit.net 00:00:08.84]       HTTP: DELETE /api/identity/me/preferences => ResetPreferences: declares no permission
[xUnit.net 00:00:08.84]       Stack Trace:
[xUnit.net 00:00:08.84]         
[xUnit.net 00:00:08.84]         ----- Inner Stack Trace -----
[xUnit.net 00:00:08.84]         /work/src/Kernel/Erp.Kernel/Hosting/ErpPlatform.cs(236,0): at Erp.Kernel.Hosting.ErpPlatform.ValidateEndpoints(WebApplication app)
[xUnit.net 00:00:08.84]         /work/src/Kernel/Erp.Kernel/Hosting/ErpPlatform.cs(202,0): at Erp.Kernel.Hosting.ErpPlatform.UseErpPlatform(WebApplication app)
[xUnit.net 00:00:08.84]         /work/src/Host/Erp.Host/Program.cs(8,0): at Program.<Main>$(String[] args)
[xUnit.net 00:00:08.84]            at Program.<Main>(String[] args)
[xUnit.net 00:00:08.84]            at System.Reflection.MethodBaseInvoker.InterpretedInvoke_Method(Object obj, IntPtr* args)
[xUnit.net 00:00:08.84]            at System.Reflection.MethodBaseInvoker.InvokeDirectByRefWithFewArgs(Object obj, Span`1 copyOfArgs, BindingFlags invokeAttr)
[xUnit.net 00:00:08.84]         --- End of stack trace from previous location ---
[xUnit.net 00:00:08.84]            at Microsoft.AspNetCore.Mvc.Testing.DeferredHostBuilder.DeferredHost.StartAsync(CancellationToken cancellationToken)
[xUnit.net 00:00:08.84]            at Microsoft.Extensions.Hosting.HostingAbstractionsHostExtensions.Start(IHost host)
[xUnit.net 00:00:08.84]            at Microsoft.AspNetCore.Mvc.Testing.WebApplicationFactory`1.CreateHost(IHostBuilder builder)
[xUnit.net 00:00:08.84]            at Microsoft.AspNetCore.Mvc.Testing.WebApplicationFactory`1.ConfigureHostBuilder(IHostBuilder hostBuilder)
[xUnit.net 00:00:08.84]            at Microsoft.AspNetCore.Mvc.Testing.WebApplicationFactory`1.StartServer()
[xUnit.net 00:00:08.84]            at Microsoft.AspNetCore.Mvc.Testing.WebApplicationFactory`1.get_Services()
[xUnit.net 00:00:08.84]         /work/tests/Erp.Testing/ErpTestEnvironment.cs(128,0): at Erp.Testing.ErpTestEnvironment.SeedAsync(TestDatabaseServer server, String database, SeedPlan plan, IDictionary`2 settings)
[xUnit.net 00:00:08.84]         /work/tests/Erp.Testing/ErpTestEnvironment.cs(138,0): at Erp.Testing.ErpTestEnvironment.SeedAsync(TestDatabaseServer server, String database, SeedPlan plan, IDictionary`2 settings)
[xUnit.net 00:00:08.84]         /work/tests/Erp.Testing/ErpTestEnvironment.cs(90,0): at Erp.Testing.ErpTestEnvironment.<>c__DisplayClass34_0.<<StartGateAsync>b__0>d.MoveNext()
[xUnit.net 00:00:08.84]         --- End of stack trace from previous location ---
[xUnit.net 00:00:08.84]         /work/tests/Erp.Testing/TestDatabaseServer.cs(156,0): at Erp.Testing.TestDatabaseServer.<>c__DisplayClass25_0.<<GateTemplateAsync>b__3>d.MoveNext()
[xUnit.net 00:00:08.84]         --- End of stack trace from previous location ---
[xUnit.net 00:00:08.84]         /work/tests/Erp.Testing/TestDatabaseServer.cs(161,0): at Erp.Testing.TestDatabaseServer.GateTemplateAsync(IDictionary`2 settings, Func`2 seed)
[xUnit.net 00:00:08.84]         /work/tests/Erp.Testing/ErpTestEnvironment.cs(87,0): at Erp.Testing.ErpTestEnvironment.StartGateAsync(IDictionary`2 settings)
[xUnit.net 00:00:08.84]         /work/tests/Erp.Gates.Tests/Infrastructure/GateFixture.cs(17,0): at Erp.Gates.Tests.Infrastructure.GateFixture.InitializeAsync()
[xUnit.net 00:00:08.85]     Erp.Gates.Tests.Rules.AuditGateTests.Writes_that_bypass_the_ORM_are_audited_too [FAIL]
[xUnit.net 00:00:08.85]       Assembly fixture type 'Erp.Gates.Tests.Infrastructure.GateFixture' threw in InitializeAsync
[xUnit.net 00:00:08.85]       ---- System.InvalidOperationException : Endpoint authorisation is incomplete:
[xUnit.net 00:00:08.85]       HTTP: DELETE /api/identity/me/preferences => ResetPreferences: declares no permission
[xUnit.net 00:00:08.85]       Stack Trace:
[xUnit.net 00:00:08.85]         
[xUnit.net 00:00:08.85]         ----- Inner Stack Trace -----
[xUnit.net 00:00:08.85]         /work/src/Kernel/Erp.Kernel/Hosting/ErpPlatform.cs(236,0): at Erp.Kernel.Hosting.ErpPlatform.ValidateEndpoints(WebApplication app)
[xUnit.net 00:00:08.85]         /work/src/Kernel/Erp.Kernel/Hosting/ErpPlatform.cs(202,0): at Erp.Kernel.Hosting.ErpPlatform.UseErpPlatform(WebApplication app)
[xUnit.net 00:00:08.85]         /work/src/Host/Erp.Host/Program.cs(8,0): at Program.<Main>$(String[] args)
[xUnit.net 00:00:08.85]            at Program.<Main>(String[] args)
[xUnit.net 00:00:08.85]            at System.Reflection.MethodBaseInvoker.InterpretedInvoke_Method(Object obj, IntPtr* args)
[xUnit.net 00:00:08.85]            at System.Reflection.MethodBaseInvoker.InvokeDirectByRefWithFewArgs(Object obj, Span`1 copyOfArgs, BindingFlags invokeAttr)
[xUnit.net 00:00:08.85]         --- End of stack trace from previous location ---
[xUnit.net 00:00:08.85]            at Microsoft.AspNetCore.Mvc.Testing.DeferredHostBuilder.DeferredHost.StartAsync(CancellationToken cancellationToken)
[xUnit.net 00:00:08.85]            at Microsoft.Extensions.Hosting.HostingAbstractionsHostExtensions.Start(IHost host)
[xUnit.net 00:00:08.85]            at Microsoft.AspNetCore.Mvc.Testing.WebApplicationFactory`1.CreateHost(IHostBuilder builder)
[xUnit.net 00:00:08.85]            at Microsoft.AspNetCore.Mvc.Testing.WebApplicationFactory`1.ConfigureHostBuilder(IHostBuilder hostBuilder)
[xUnit.net 00:00:08.85]            at Microsoft.AspNetCore.Mvc.Testing.WebApplicationFactory`1.StartServer()
[xUnit.net 00:00:08.85]            at Microsoft.AspNetCore.Mvc.Testing.WebApplicationFactory`1.get_Services()
[xUnit.net 00:00:08.85]         /work/tests/Erp.Testing/ErpTestEnvironment.cs(128,0): at Erp.Testing.ErpTestEnvironment.SeedAsync(TestDatabaseServer server, String database, SeedPlan plan, IDictionary`2 settings)
[xUnit.net 00:00:08.85]         /work/tests/Erp.Testing/ErpTestEnvironment.cs(138,0): at Erp.Testing.ErpTestEnvironment.SeedAsync(TestDatabaseServer server, String database, SeedPlan plan, IDictionary`2 settings)
[xUnit.net 00:00:08.85]         /work/tests/Erp.Testing/ErpTestEnvironment.cs(90,0): at Erp.Testing.ErpTestEnvironment.<>c__DisplayClass34_0.<<StartGateAsync>b__0>d.MoveNext()
[xUnit.net 00:00:08.85]         --- End of stack trace from previous location ---
[xUnit.net 00:00:08.85]         /work/tests/Erp.Testing/TestDatabaseServer.cs(156,0): at Erp.Testing.TestDatabaseServer.<>c__DisplayClass25_0.<<GateTemplateAsync>b__3>d.MoveNext()
[xUnit.net 00:00:08.85]         --- End of stack trace from previous location ---
[xUnit.net 00:00:08.85]         /work/tests/Erp.Testing/TestDatabaseServer.cs(161,0): at Erp.Testing.TestDatabaseServer.GateTemplateAsync(IDictionary`2 settings, Func`2 seed)
[xUnit.net 00:00:08.85]         /work/tests/Erp.Testing/ErpTestEnvironment.cs(87,0): at Erp.Testing.ErpTestEnvironment.StartGateAsync(IDictionary`2 settings)
[xUnit.net 00:00:08.85]         /work/tests/Erp.Gates.Tests/Infrastructure/GateFixture.cs(17,0): at Erp.Gates.Tests.Infrastructure.GateFixture.InitializeAsync()
[xUnit.net 00:00:08.85]     Erp.Gates.Tests.Rules.AuditGateTests.Passwords_are_redacted_in_the_audit_trail [FAIL]
[xUnit.net 00:00:08.85]       Assembly fixture type 'Erp.Gates.Tests.Infrastructure.GateFixture' threw in InitializeAsync
[xUnit.net 00:00:08.85]       ---- System.InvalidOperationException : Endpoint authorisation is incomplete:
[xUnit.net 00:00:08.85]       HTTP: DELETE /api/identity/me/preferences => ResetPreferences: declares no permission
[xUnit.net 00:00:08.85]       Stack Trace:
[xUnit.net 00:00:08.85]         
[xUnit.net 00:00:08.85]         ----- Inner Stack Trace -----
[xUnit.net 00:00:08.85]         /work/src/Kernel/Erp.Kernel/Hosting/ErpPlatform.cs(236,0): at Erp.Kernel.Hosting.ErpPlatform.ValidateEndpoints(WebApplication app)
[xUnit.net 00:00:08.85]         /work/src/Kernel/Erp.Kernel/Hosting/ErpPlatform.cs(202,0): at Erp.Kernel.Hosting.ErpPlatform.UseErpPlatform(WebApplication app)
[xUnit.net 00:00:08.85]         /work/src/Host/Erp.Host/Program.cs(8,0): at Program.<Main>$(String[] args)
[xUnit.net 00:00:08.85]            at Program.<Main>(String[] args)
[xUnit.net 00:00:08.85]            at System.Reflection.MethodBaseInvoker.InterpretedInvoke_Method(Object obj, IntPtr* args)
[xUnit.net 00:00:08.85]            at System.Reflection.MethodBaseInvoker.InvokeDirectByRefWithFewArgs(Object obj, Span`1 copyOfArgs, BindingFlags invokeAttr)
[xUnit.net 00:00:08.85]         --- End of stack trace from previous location ---
[xUnit.net 00:00:08.85]            at Microsoft.AspNetCore.Mvc.Testing.DeferredHostBuilder.DeferredHost.StartAsync(CancellationToken cancellationToken)
[xUnit.net 00:00:08.85]            at Microsoft.Extensions.Hosting.HostingAbstractionsHostExtensions.Start(IHost host)
[xUnit.net 00:00:08.85]            at Microsoft.AspNetCore.Mvc.Testing.WebApplicationFactory`1.CreateHost(IHostBuilder builder)
[xUnit.net 00:00:08.85]            at Microsoft.AspNetCore.Mvc.Testing.WebApplicationFactory`1.ConfigureHostBuilder(IHostBuilder hostBuilder)
[xUnit.net 00:00:08.85]            at Microsoft.AspNetCore.Mvc.Testing.WebApplicationFactory`1.StartServer()
[xUnit.net 00:00:08.85]            at Microsoft.AspNetCore.Mvc.Testing.WebApplicationFactory`1.get_Services()
[xUnit.net 00:00:08.85]         /work/tests/Erp.Testing/ErpTestEnvironment.cs(128,0): at Erp.Testing.ErpTestEnvironment.SeedAsync(TestDatabaseServer server, String database, SeedPlan plan, IDictionary`2 settings)
[xUnit.net 00:00:08.85]         /work/tests/Erp.Testing/ErpTestEnvironment.cs(138,0): at Erp.Testing.ErpTestEnvironment.SeedAsync(TestDatabaseServer server, String database, SeedPlan plan, IDictionary`2 settings)
[xUnit.net 00:00:08.85]         /work/tests/Erp.Testing/ErpTestEnvironment.cs(90,0): at Erp.Testing.ErpTestEnvironment.<>c__DisplayClass34_0.<<StartGateAsync>b__0>d.MoveNext()
[xUnit.net 00:00:08.85]         --- End of stack trace from previous location ---
[xUnit.net 00:00:08.85]         /work/tests/Erp.Testing/TestDatabaseServer.cs(156,0): at Erp.Testing.TestDatabaseServer.<>c__DisplayClass25_0.<<GateTemplateAsync>b__3>d.MoveNext()
[xUnit.net 00:00:08.85]         --- End of stack trace from previous location ---
[xUnit.net 00:00:08.85]         /work/tests/Erp.Testing/TestDatabaseServer.cs(161,0): at Erp.Testing.TestDatabaseServer.GateTemplateAsync(IDictionary`2 settings, Func`2 seed)
[xUnit.net 00:00:08.85]         /work/tests/Erp.Testing/ErpTestEnvironment.cs(87,0): at Erp.Testing.ErpTestEnvironment.StartGateAsync(IDictionary`2 settings)
[xUnit.net 00:00:08.85]         /work/tests/Erp.Gates.Tests/Infrastructure/GateFixture.cs(17,0): at Erp.Gates.Tests.Infrastructure.GateFixture.InitializeAsync()
[xUnit.net 00:00:08.86]     Erp.Gates.Tests.Rules.AuditGateTests.Changing_ones_own_interface_preferences_is_audited_field_by_field [FAIL]
[xUnit.net 00:00:08.86]       Assembly fixture type 'Erp.Gates.Tests.Infrastructure.GateFixture' threw in InitializeAsync
[xUnit.net 00:00:08.86]       ---- System.InvalidOperationException : Endpoint authorisation is incomplete:
[xUnit.net 00:00:08.86]       HTTP: DELETE /api/identity/me/preferences => ResetPreferences: declares no permission
[xUnit.net 00:00:08.86]       Stack Trace:
[xUnit.net 00:00:08.86]         
[xUnit.net 00:00:08.86]         ----- Inner Stack Trace -----
[xUnit.net 00:00:08.86]         /work/src/Kernel/Erp.Kernel/Hosting/ErpPlatform.cs(236,0): at Erp.Kernel.Hosting.ErpPlatform.ValidateEndpoints(WebApplication app)
[xUnit.net 00:00:08.86]         /work/src/Kernel/Erp.Kernel/Hosting/ErpPlatform.cs(202,0): at Erp.Kernel.Hosting.ErpPlatform.UseErpPlatform(WebApplication app)
[xUnit.net 00:00:08.86]         /work/src/Host/Erp.Host/Program.cs(8,0): at Program.<Main>$(String[] args)
[xUnit.net 00:00:08.86]            at Program.<Main>(String[] args)
[xUnit.net 00:00:08.86]            at System.Reflection.MethodBaseInvoker.InterpretedInvoke_Method(Object obj, IntPtr* args)
[xUnit.net 00:00:08.86]            at System.Reflection.MethodBaseInvoker.InvokeDirectByRefWithFewArgs(Object obj, Span`1 copyOfArgs, BindingFlags invokeAttr)
[xUnit.net 00:00:08.86]         --- End of stack trace from previous location ---
[xUnit.net 00:00:08.86]            at Microsoft.AspNetCore.Mvc.Testing.DeferredHostBuilder.DeferredHost.StartAsync(CancellationToken cancellationToken)
[xUnit.net 00:00:08.86]            at Microsoft.Extensions.Hosting.HostingAbstractionsHostExtensions.Start(IHost host)
[xUnit.net 00:00:08.86]            at Microsoft.AspNetCore.Mvc.Testing.WebApplicationFactory`1.CreateHost(IHostBuilder builder)
[xUnit.net 00:00:08.86]            at Microsoft.AspNetCore.Mvc.Testing.WebApplicationFactory`1.ConfigureHostBuilder(IHostBuilder hostBuilder)
[xUnit.net 00:00:08.86]            at Microsoft.AspNetCore.Mvc.Testing.WebApplicationFactory`1.StartServer()
[xUnit.net 00:00:08.86]            at Microsoft.AspNetCore.Mvc.Testing.WebApplicationFactory`1.get_Services()
[xUnit.net 00:00:08.86]         /work/tests/Erp.Testing/ErpTestEnvironment.cs(128,0): at Erp.Testing.ErpTestEnvironment.SeedAsync(TestDatabaseServer server, String database, SeedPlan plan, IDictionary`2 settings)
[xUnit.net 00:00:08.86]         /work/tests/Erp.Testing/ErpTestEnvironment.cs(138,0): at Erp.Testing.ErpTestEnvironment.SeedAsync(TestDatabaseServer server, String database, SeedPlan plan, IDictionary`2 settings)
[xUnit.net 00:00:08.86]         /work/tests/Erp.Testing/ErpTestEnvironment.cs(90,0): at Erp.Testing.ErpTestEnvironment.<>c__DisplayClass34_0.<<StartGateAsync>b__0>d.MoveNext()
[xUnit.net 00:00:08.86]         --- End of stack trace from previous location ---
[xUnit.net 00:00:08.86]         /work/tests/Erp.Testing/TestDatabaseServer.cs(156,0): at Erp.Testing.TestDatabaseServer.<>c__DisplayClass25_0.<<GateTemplateAsync>b__3>d.MoveNext()
[xUnit.net 00:00:08.86]         --- End of stack trace from previous location ---
[xUnit.net 00:00:08.86]         /work/tests/Erp.Testing/TestDatabaseServer.cs(161,0): at Erp.Testing.TestDatabaseServer.GateTemplateAsync(IDictionary`2 settings, Func`2 seed)
[xUnit.net 00:00:08.86]         /work/tests/Erp.Testing/ErpTestEnvironment.cs(87,0): at Erp.Testing.ErpTestEnvironment.StartGateAsync(IDictionary`2 settings)
[xUnit.net 00:00:08.86]         /work/tests/Erp.Gates.Tests/Infrastructure/GateFixture.cs(17,0): at Erp.Gates.Tests.Infrastructure.GateFixture.InitializeAsync()
[xUnit.net 00:00:08.86]     Erp.Gates.Tests.Rules.AuditGateTests.Writes_through_the_API_leave_field_level_audit_rows_attributed_to_the_user [FAIL]
[xUnit.net 00:00:08.86]       Assembly fixture type 'Erp.Gates.Tests.Infrastructure.GateFixture' threw in InitializeAsync
[xUnit.net 00:00:08.86]       ---- System.InvalidOperationException : Endpoint authorisation is incomplete:
[xUnit.net 00:00:08.86]       HTTP: DELETE /api/identity/me/preferences => ResetPreferences: declares no permission
[xUnit.net 00:00:08.86]       Stack Trace:
[xUnit.net 00:00:08.86]         
[xUnit.net 00:00:08.86]         ----- Inner Stack Trace -----
[xUnit.net 00:00:08.86]         /work/src/Kernel/Erp.Kernel/Hosting/ErpPlatform.cs(236,0): at Erp.Kernel.Hosting.ErpPlatform.ValidateEndpoints(WebApplication app)
[xUnit.net 00:00:08.86]         /work/src/Kernel/Erp.Kernel/Hosting/ErpPlatform.cs(202,0): at Erp.Kernel.Hosting.ErpPlatform.UseErpPlatform(WebApplication app)
[xUnit.net 00:00:08.86]         /work/src/Host/Erp.Host/Program.cs(8,0): at Program.<Main>$(String[] args)
[xUnit.net 00:00:08.86]            at Program.<Main>(String[] args)
[xUnit.net 00:00:08.86]            at System.Reflection.MethodBaseInvoker.InterpretedInvoke_Method(Object obj, IntPtr* args)
[xUnit.net 00:00:08.86]            at System.Reflection.MethodBaseInvoker.InvokeDirectByRefWithFewArgs(Object obj, Span`1 copyOfArgs, BindingFlags invokeAttr)
[xUnit.net 00:00:08.86]         --- End of stack trace from previous location ---
[xUnit.net 00:00:08.86]            at Microsoft.AspNetCore.Mvc.Testing.DeferredHostBuilder.DeferredHost.StartAsync(CancellationToken cancellationToken)
[xUnit.net 00:00:08.86]            at Microsoft.Extensions.Hosting.HostingAbstractionsHostExtensions.Start(IHost host)
[xUnit.net 00:00:08.86]            at Microsoft.AspNetCore.Mvc.Testing.WebApplicationFactory`1.CreateHost(IHostBuilder builder)
[xUnit.net 00:00:08.86]            at Microsoft.AspNetCore.Mvc.Testing.WebApplicationFactory`1.ConfigureHostBuilder(IHostBuilder hostBuilder)
[xUnit.net 00:00:08.86]            at Microsoft.AspNetCore.Mvc.Testing.WebApplicationFactory`1.StartServer()
[xUnit.net 00:00:08.86]            at Microsoft.AspNetCore.Mvc.Testing.WebApplicationFactory`1.get_Services()
[xUnit.net 00:00:08.86]         /work/tests/Erp.Testing/ErpTestEnvironment.cs(128,0): at Erp.Testing.ErpTestEnvironment.SeedAsync(TestDatabaseServer server, String database, SeedPlan plan, IDictionary`2 settings)
[xUnit.net 00:00:08.86]         /work/tests/Erp.Testing/ErpTestEnvironment.cs(138,0): at Erp.Testing.ErpTestEnvironment.SeedAsync(TestDatabaseServer server, String database, SeedPlan plan, IDictionary`2 settings)
[xUnit.net 00:00:08.86]         /work/tests/Erp.Testing/ErpTestEnvironment.cs(90,0): at Erp.Testing.ErpTestEnvironment.<>c__DisplayClass34_0.<<StartGateAsync>b__0>d.MoveNext()
[xUnit.net 00:00:08.86]         --- End of stack trace from previous location ---
[xUnit.net 00:00:08.86]         /work/tests/Erp.Testing/TestDatabaseServer.cs(156,0): at Erp.Testing.TestDatabaseServer.<>c__DisplayClass25_0.<<GateTemplateAsync>b__3>d.MoveNext()
[xUnit.net 00:00:08.86]         --- End of stack trace from previous location ---
[xUnit.net 00:00:08.86]         /work/tests/Erp.Testing/TestDatabaseServer.cs(161,0): at Erp.Testing.TestDatabaseServer.GateTemplateAsync(IDictionary`2 settings, Func`2 seed)
[xUnit.net 00:00:08.86]         /work/tests/Erp.Testing/ErpTestEnvironment.cs(87,0): at Erp.Testing.ErpTestEnvironment.StartGateAsync(IDictionary`2 settings)
[xUnit.net 00:00:08.86]         /work/tests/Erp.Gates.Tests/Infrastructure/GateFixture.cs(17,0): at Erp.Gates.Tests.Infrastructure.GateFixture.InitializeAsync()
  Failed Erp.Gates.Tests.Rules.BulkTimeoutGateTests.Bulk_code_never_sets_a_literal_command_timeout_or_opens_its_own_connection [1 ms]
  Error Message:
   Assembly fixture type 'Erp.Gates.Tests.Infrastructure.GateFixture' threw in InitializeAsync
---- System.InvalidOperationException : Endpoint authorisation is incomplete:
HTTP: DELETE /api/identity/me/preferences => ResetPreferences: declares no permission
  Stack Trace:
  
----- Inner Stack Trace -----
   at Erp.Kernel.Hosting.ErpPlatform.ValidateEndpoints(WebApplication app) in /work/src/Kernel/Erp.Kernel/Hosting/ErpPlatform.cs:line 236
   at Erp.Kernel.Hosting.ErpPlatform.UseErpPlatform(WebApplication app) in /work/src/Kernel/Erp.Kernel/Hosting/ErpPlatform.cs:line 202
   at Program.<Main>$(String[] args) in /work/src/Host/Erp.Host/Program.cs:line 8
   at Program.<Main>(String[] args)
   at System.Reflection.MethodBaseInvoker.InterpretedInvoke_Method(Object obj, IntPtr* args)
   at System.Reflection.MethodBaseInvoker.InvokeDirectByRefWithFewArgs(Object obj, Span`1 copyOfArgs, BindingFlags invokeAttr)
--- End of stack trace from previous location ---
   at Microsoft.AspNetCore.Mvc.Testing.DeferredHostBuilder.DeferredHost.StartAsync(CancellationToken cancellationToken)
   at Microsoft.Extensions.Hosting.HostingAbstractionsHostExtensions.Start(IHost host)
   at Microsoft.AspNetCore.Mvc.Testing.WebApplicationFactory`1.CreateHost(IHostBuilder builder)
   at Microsoft.AspNetCore.Mvc.Testing.WebApplicationFactory`1.ConfigureHostBuilder(IHostBuilder hostBuilder)
   at Microsoft.AspNetCore.Mvc.Testing.WebApplicationFactory`1.StartServer()
   at Microsoft.AspNetCore.Mvc.Testing.WebApplicationFactory`1.get_Services()
   at Erp.Testing.ErpTestEnvironment.SeedAsync(TestDatabaseServer server, String database, SeedPlan plan, IDictionary`2 settings) in /work/tests/Erp.Testing/ErpTestEnvironment.cs:line 128
   at Erp.Testing.ErpTestEnvironment.SeedAsync(TestDatabaseServer server, String database, SeedPlan plan, IDictionary`2 settings) in /work/tests/Erp.Testing/ErpTestEnvironment.cs:line 138
   at Erp.Testing.ErpTestEnvironment.<>c__DisplayClass34_0.<<StartGateAsync>b__0>d.MoveNext() in /work/tests/Erp.Testing/ErpTestEnvironment.cs:line 90
--- End of stack trace from previous location ---
   at Erp.Testing.TestDatabaseServer.<>c__DisplayClass25_0.<<GateTemplateAsync>b__3>d.MoveNext() in /work/tests/Erp.Testing/TestDatabaseServer.cs:line 156
--- End of stack trace from previous location ---
   at Erp.Testing.TestDatabaseServer.GateTemplateAsync(IDictionary`2 settings, Func`2 seed) in /work/tests/Erp.Testing/TestDatabaseServer.cs:line 161
   at Erp.Testing.ErpTestEnvironment.StartGateAsync(IDictionary`2 settings) in /work/tests/Erp.Testing/ErpTestEnvironment.cs:line 87
   at Erp.Gates.Tests.Infrastructure.GateFixture.InitializeAsync() in /work/tests/Erp.Gates.Tests/Infrastructure/GateFixture.cs:line 17
  Failed Erp.Gates.Tests.Rules.MoneyGateTests.No_parseFloat_in_front_end_code [1 ms]
  Error Message:
   Assembly fixture type 'Erp.Gates.Tests.Infrastructure.GateFixture' threw in InitializeAsync
---- System.InvalidOperationException : Endpoint authorisation is incomplete:
HTTP: DELETE /api/identity/me/preferences => ResetPreferences: declares no permission
  Stack Trace:
  
----- Inner Stack Trace -----
   at Erp.Kernel.Hosting.ErpPlatform.ValidateEndpoints(WebApplication app) in /work/src/Kernel/Erp.Kernel/Hosting/ErpPlatform.cs:line 236
   at Erp.Kernel.Hosting.ErpPlatform.UseErpPlatform(WebApplication app) in /work/src/Kernel/Erp.Kernel/Hosting/ErpPlatform.cs:line 202
   at Program.<Main>$(String[] args) in /work/src/Host/Erp.Host/Program.cs:line 8
   at Program.<Main>(String[] args)
   at System.Reflection.MethodBaseInvoker.InterpretedInvoke_Method(Object obj, IntPtr* args)
   at System.Reflection.MethodBaseInvoker.InvokeDirectByRefWithFewArgs(Object obj, Span`1 copyOfArgs, BindingFlags invokeAttr)
--- End of stack trace from previous location ---
   at Microsoft.AspNetCore.Mvc.Testing.DeferredHostBuilder.DeferredHost.StartAsync(CancellationToken cancellationToken)
   at Microsoft.Extensions.Hosting.HostingAbstractionsHostExtensions.Start(IHost host)
   at Microsoft.AspNetCore.Mvc.Testing.WebApplicationFactory`1.CreateHost(IHostBuilder builder)
   at Microsoft.AspNetCore.Mvc.Testing.WebApplicationFactory`1.ConfigureHostBuilder(IHostBuilder hostBuilder)
   at Microsoft.AspNetCore.Mvc.Testing.WebApplicationFactory`1.StartServer()
   at Microsoft.AspNetCore.Mvc.Testing.WebApplicationFactory`1.get_Services()
   at Erp.Testing.ErpTestEnvironment.SeedAsync(TestDatabaseServer server, String database, SeedPlan plan, IDictionary`2 settings) in /work/tests/Erp.Testing/ErpTestEnvironment.cs:line 128
   at Erp.Testing.ErpTestEnvironment.SeedAsync(TestDatabaseServer server, String database, SeedPlan plan, IDictionary`2 settings) in /work/tests/Erp.Testing/ErpTestEnvironment.cs:line 138
   at Erp.Testing.ErpTestEnvironment.<>c__DisplayClass34_0.<<StartGateAsync>b__0>d.MoveNext() in /work/tests/Erp.Testing/ErpTestEnvironment.cs:line 90
--- End of stack trace from previous location ---
   at Erp.Testing.TestDatabaseServer.<>c__DisplayClass25_0.<<GateTemplateAsync>b__3>d.MoveNext() in /work/tests/Erp.Testing/TestDatabaseServer.cs:line 156
--- End of stack trace from previous location ---
   at Erp.Testing.TestDatabaseServer.GateTemplateAsync(IDictionary`2 settings, Func`2 seed) in /work/tests/Erp.Testing/TestDatabaseServer.cs:line 161
   at Erp.Testing.ErpTestEnvironment.StartGateAsync(IDictionary`2 settings) in /work/tests/Erp.Testing/ErpTestEnvironment.cs:line 87
   at Erp.Gates.Tests.Infrastructure.GateFixture.InitializeAsync() in /work/tests/Erp.Gates.Tests/Infrastructure/GateFixture.cs:line 17
  Failed Erp.Gates.Tests.Rules.MoneyGateTests.No_float_or_double_in_server_code [1 ms]
  Error Message:
   Assembly fixture type 'Erp.Gates.Tests.Infrastructure.GateFixture' threw in InitializeAsync
---- System.InvalidOperationException : Endpoint authorisation is incomplete:
HTTP: DELETE /api/identity/me/preferences => ResetPreferences: declares no permission
  Stack Trace:
  
----- Inner Stack Trace -----
   at Erp.Kernel.Hosting.ErpPlatform.ValidateEndpoints(WebApplication app) in /work/src/Kernel/Erp.Kernel/Hosting/ErpPlatform.cs:line 236
   at Erp.Kernel.Hosting.ErpPlatform.UseErpPlatform(WebApplication app) in /work/src/Kernel/Erp.Kernel/Hosting/ErpPlatform.cs:line 202
   at Program.<Main>$(String[] args) in /work/src/Host/Erp.Host/Program.cs:line 8
   at Program.<Main>(String[] args)
   at System.Reflection.MethodBaseInvoker.InterpretedInvoke_Method(Object obj, IntPtr* args)
   at System.Reflection.MethodBaseInvoker.InvokeDirectByRefWithFewArgs(Object obj, Span`1 copyOfArgs, BindingFlags invokeAttr)
--- End of stack trace from previous location ---
   at Microsoft.AspNetCore.Mvc.Testing.DeferredHostBuilder.DeferredHost.StartAsync(CancellationToken cancellationToken)
   at Microsoft.Extensions.Hosting.HostingAbstractionsHostExtensions.Start(IHost host)
   at Microsoft.AspNetCore.Mvc.Testing.WebApplicationFactory`1.CreateHost(IHostBuilder builder)
   at Microsoft.AspNetCore.Mvc.Testing.WebApplicationFactory`1.ConfigureHostBuilder(IHostBuilder hostBuilder)
   at Microsoft.AspNetCore.Mvc.Testing.WebApplicationFactory`1.StartServer()
   at Microsoft.AspNetCore.Mvc.Testing.WebApplicationFactory`1.get_Services()
   at Erp.Testing.ErpTestEnvironment.SeedAsync(TestDatabaseServer server, String database, SeedPlan plan, IDictionary`2 settings) in /work/tests/Erp.Testing/ErpTestEnvironment.cs:line 128
   at Erp.Testing.ErpTestEnvironment.SeedAsync(TestDatabaseServer server, String database, SeedPlan plan, IDictionary`2 settings) in /work/tests/Erp.Testing/ErpTestEnvironment.cs:line 138
   at Erp.Testing.ErpTestEnvironment.<>c__DisplayClass34_0.<<StartGateAsync>b__0>d.MoveNext() in /work/tests/Erp.Testing/ErpTestEnvironment.cs:line 90
--- End of stack trace from previous location ---
   at Erp.Testing.TestDatabaseServer.<>c__DisplayClass25_0.<<GateTemplateAsync>b__3>d.MoveNext() in /work/tests/Erp.Testing/TestDatabaseServer.cs:line 156
--- End of stack trace from previous location ---
   at Erp.Testing.TestDatabaseServer.GateTemplateAsync(IDictionary`2 settings, Func`2 seed) in /work/tests/Erp.Testing/TestDatabaseServer.cs:line 161
   at Erp.Testing.ErpTestEnvironment.StartGateAsync(IDictionary`2 settings) in /work/tests/Erp.Testing/ErpTestEnvironment.cs:line 87
   at Erp.Gates.Tests.Infrastructure.GateFixture.InitializeAsync() in /work/tests/Erp.Gates.Tests/Infrastructure/GateFixture.cs:line 17
  Failed Erp.Gates.Tests.Rules.MoneyGateTests.No_floating_point_or_money_columns_in_the_database [1 ms]
  Error Message:
   Assembly fixture type 'Erp.Gates.Tests.Infrastructure.GateFixture' threw in InitializeAsync
---- System.InvalidOperationException : Endpoint authorisation is incomplete:
HTTP: DELETE /api/identity/me/preferences => ResetPreferences: declares no permission
  Stack Trace:
  
----- Inner Stack Trace -----
   at Erp.Kernel.Hosting.ErpPlatform.ValidateEndpoints(WebApplication app) in /work/src/Kernel/Erp.Kernel/Hosting/ErpPlatform.cs:line 236
   at Erp.Kernel.Hosting.ErpPlatform.UseErpPlatform(WebApplication app) in /work/src/Kernel/Erp.Kernel/Hosting/ErpPlatform.cs:line 202
   at Program.<Main>$(String[] args) in /work/src/Host/Erp.Host/Program.cs:line 8
   at Program.<Main>(String[] args)
   at System.Reflection.MethodBaseInvoker.InterpretedInvoke_Method(Object obj, IntPtr* args)
   at System.Reflection.MethodBaseInvoker.InvokeDirectByRefWithFewArgs(Object obj, Span`1 copyOfArgs, BindingFlags invokeAttr)
--- End of stack trace from previous location ---
   at Microsoft.AspNetCore.Mvc.Testing.DeferredHostBuilder.DeferredHost.StartAsync(CancellationToken cancellationToken)
   at Microsoft.Extensions.Hosting.HostingAbstractionsHostExtensions.Start(IHost host)
   at Microsoft.AspNetCore.Mvc.Testing.WebApplicationFactory`1.CreateHost(IHostBuilder builder)
   at Microsoft.AspNetCore.Mvc.Testing.WebApplicationFactory`1.ConfigureHostBuilder(IHostBuilder hostBuilder)
   at Microsoft.AspNetCore.Mvc.Testing.WebApplicationFactory`1.StartServer()
   at Microsoft.AspNetCore.Mvc.Testing.WebApplicationFactory`1.get_Services()
   at Erp.Testing.ErpTestEnvironment.SeedAsync(TestDatabaseServer server, String database, SeedPlan plan, IDictionary`2 settings) in /work/tests/Erp.Testing/ErpTestEnvironment.cs:line 128
   at Erp.Testing.ErpTestEnvironment.SeedAsync(TestDatabaseServer server, String database, SeedPlan plan, IDictionary`2 settings) in /work/tests/Erp.Testing/ErpTestEnvironment.cs:line 138
   at Erp.Testing.ErpTestEnvironment.<>c__DisplayClass34_0.<<StartGateAsync>b__0>d.MoveNext() in /work/tests/Erp.Testing/ErpTestEnvironment.cs:line 90
--- End of stack trace from previous location ---
   at Erp.Testing.TestDatabaseServer.<>c__DisplayClass25_0.<<GateTemplateAsync>b__3>d.MoveNext() in /work/tests/Erp.Testing/TestDatabaseServer.cs:line 156
--- End of stack trace from previous location ---
   at Erp.Testing.TestDatabaseServer.GateTemplateAsync(IDictionary`2 settings, Func`2 seed) in /work/tests/Erp.Testing/TestDatabaseServer.cs:line 161
   at Erp.Testing.ErpTestEnvironment.StartGateAsync(IDictionary`2 settings) in /work/tests/Erp.Testing/ErpTestEnvironment.cs:line 87
   at Erp.Gates.Tests.Infrastructure.GateFixture.InitializeAsync() in /work/tests/Erp.Gates.Tests/Infrastructure/GateFixture.cs:line 17
  Failed Erp.Gates.Tests.G1.G1ProcessStateTests.Process_wide_state_is_immutable_or_reviewed [1 ms]
  Error Message:
   Assembly fixture type 'Erp.Gates.Tests.Infrastructure.GateFixture' threw in InitializeAsync
---- System.InvalidOperationException : Endpoint authorisation is incomplete:
HTTP: DELETE /api/identity/me/preferences => ResetPreferences: declares no permission
  Stack Trace:
  
----- Inner Stack Trace -----
   at Erp.Kernel.Hosting.ErpPlatform.ValidateEndpoints(WebApplication app) in /work/src/Kernel/Erp.Kernel/Hosting/ErpPlatform.cs:line 236
   at Erp.Kernel.Hosting.ErpPlatform.UseErpPlatform(WebApplication app) in /work/src/Kernel/Erp.Kernel/Hosting/ErpPlatform.cs:line 202
   at Program.<Main>$(String[] args) in /work/src/Host/Erp.Host/Program.cs:line 8
   at Program.<Main>(String[] args)
   at System.Reflection.MethodBaseInvoker.InterpretedInvoke_Method(Object obj, IntPtr* args)
   at System.Reflection.MethodBaseInvoker.InvokeDirectByRefWithFewArgs(Object obj, Span`1 copyOfArgs, BindingFlags invokeAttr)
--- End of stack trace from previous location ---
   at Microsoft.AspNetCore.Mvc.Testing.DeferredHostBuilder.DeferredHost.StartAsync(CancellationToken cancellationToken)
   at Microsoft.Extensions.Hosting.HostingAbstractionsHostExtensions.Start(IHost host)
   at Microsoft.AspNetCore.Mvc.Testing.WebApplicationFactory`1.CreateHost(IHostBuilder builder)
   at Microsoft.AspNetCore.Mvc.Testing.WebApplicationFactory`1.ConfigureHostBuilder(IHostBuilder hostBuilder)
   at Microsoft.AspNetCore.Mvc.Testing.WebApplicationFactory`1.StartServer()
   at Microsoft.AspNetCore.Mvc.Testing.WebApplicationFactory`1.get_Services()
   at Erp.Testing.ErpTestEnvironment.SeedAsync(TestDatabaseServer server, String database, SeedPlan plan, IDictionary`2 settings) in /work/tests/Erp.Testing/ErpTestEnvironment.cs:line 128
   at Erp.Testing.ErpTestEnvironment.SeedAsync(TestDatabaseServer server, String database, SeedPlan plan, IDictionary`2 settings) in /work/tests/Erp.Testing/ErpTestEnvironment.cs:line 138
   at Erp.Testing.ErpTestEnvironment.<>c__DisplayClass34_0.<<StartGateAsync>b__0>d.MoveNext() in /work/tests/Erp.Testing/ErpTestEnvironment.cs:line 90
--- End of stack trace from previous location ---
   at Erp.Testing.TestDatabaseServer.<>c__DisplayClass25_0.<<GateTemplateAsync>b__3>d.MoveNext() in /work/tests/Erp.Testing/TestDatabaseServer.cs:line 156
--- End of stack trace from previous location ---
   at Erp.Testing.TestDatabaseServer.GateTemplateAsync(IDictionary`2 settings, Func`2 seed) in /work/tests/Erp.Testing/TestDatabaseServer.cs:line 161
   at Erp.Testing.ErpTestEnvironment.StartGateAsync(IDictionary`2 settings) in /work/tests/Erp.Testing/ErpTestEnvironment.cs:line 87
   at Erp.Gates.Tests.Infrastructure.GateFixture.InitializeAsync() in /work/tests/Erp.Gates.Tests/Infrastructure/GateFixture.cs:line 17
  Failed Erp.Gates.Tests.Rules.AuditGateTests.Writes_that_bypass_the_ORM_are_audited_too [1 ms]
  Error Message:
   Assembly fixture type 'Erp.Gates.Tests.Infrastructure.GateFixture' threw in InitializeAsync
---- System.InvalidOperationException : Endpoint authorisation is incomplete:
HTTP: DELETE /api/identity/me/preferences => ResetPreferences: declares no permission
  Stack Trace:
  
----- Inner Stack Trace -----
   at Erp.Kernel.Hosting.ErpPlatform.ValidateEndpoints(WebApplication app) in /work/src/Kernel/Erp.Kernel/Hosting/ErpPlatform.cs:line 236
   at Erp.Kernel.Hosting.ErpPlatform.UseErpPlatform(WebApplication app) in /work/src/Kernel/Erp.Kernel/Hosting/ErpPlatform.cs:line 202
   at Program.<Main>$(String[] args) in /work/src/Host/Erp.Host/Program.cs:line 8
   at Program.<Main>(String[] args)
   at System.Reflection.MethodBaseInvoker.InterpretedInvoke_Method(Object obj, IntPtr* args)
   at System.Reflection.MethodBaseInvoker.InvokeDirectByRefWithFewArgs(Object obj, Span`1 copyOfArgs, BindingFlags invokeAttr)
--- End of stack trace from previous location ---
   at Microsoft.AspNetCore.Mvc.Testing.DeferredHostBuilder.DeferredHost.StartAsync(CancellationToken cancellationToken)
   at Microsoft.Extensions.Hosting.HostingAbstractionsHostExtensions.Start(IHost host)
   at Microsoft.AspNetCore.Mvc.Testing.WebApplicationFactory`1.CreateHost(IHostBuilder builder)
   at Microsoft.AspNetCore.Mvc.Testing.WebApplicationFactory`1.ConfigureHostBuilder(IHostBuilder hostBuilder)
   at Microsoft.AspNetCore.Mvc.Testing.WebApplicationFactory`1.StartServer()
   at Microsoft.AspNetCore.Mvc.Testing.WebApplicationFactory`1.get_Services()
   at Erp.Testing.ErpTestEnvironment.SeedAsync(TestDatabaseServer server, String database, SeedPlan plan, IDictionary`2 settings) in /work/tests/Erp.Testing/ErpTestEnvironment.cs:line 128
   at Erp.Testing.ErpTestEnvironment.SeedAsync(TestDatabaseServer server, String database, SeedPlan plan, IDictionary`2 settings) in /work/tests/Erp.Testing/ErpTestEnvironment.cs:line 138
   at Erp.Testing.ErpTestEnvironment.<>c__DisplayClass34_0.<<StartGateAsync>b__0>d.MoveNext() in /work/tests/Erp.Testing/ErpTestEnvironment.cs:line 90
--- End of stack trace from previous location ---
   at Erp.Testing.TestDatabaseServer.<>c__DisplayClass25_0.<<GateTemplateAsync>b__3>d.MoveNext() in /work/tests/Erp.Testing/TestDatabaseServer.cs:line 156
--- End of stack trace from previous location ---
   at Erp.Testing.TestDatabaseServer.GateTemplateAsync(IDictionary`2 settings, Func`2 seed) in /work/tests/Erp.Testing/TestDatabaseServer.cs:line 161
   at Erp.Testing.ErpTestEnvironment.StartGateAsync(IDictionary`2 settings) in /work/tests/Erp.Testing/ErpTestEnvironment.cs:line 87
   at Erp.Gates.Tests.Infrastructure.GateFixture.InitializeAsync() in /work/tests/Erp.Gates.Tests/Infrastructure/GateFixture.cs:line 17
  Failed Erp.Gates.Tests.Rules.AuditGateTests.Passwords_are_redacted_in_the_audit_trail [1 ms]
  Error Message:
   Assembly fixture type 'Erp.Gates.Tests.Infrastructure.GateFixture' threw in InitializeAsync
---- System.InvalidOperationException : Endpoint authorisation is incomplete:
HTTP: DELETE /api/identity/me/preferences => ResetPreferences: declares no permission
  Stack Trace:
  
----- Inner Stack Trace -----
   at Erp.Kernel.Hosting.ErpPlatform.ValidateEndpoints(WebApplication app) in /work/src/Kernel/Erp.Kernel/Hosting/ErpPlatform.cs:line 236
   at Erp.Kernel.Hosting.ErpPlatform.UseErpPlatform(WebApplication app) in /work/src/Kernel/Erp.Kernel/Hosting/ErpPlatform.cs:line 202
   at Program.<Main>$(String[] args) in /work/src/Host/Erp.Host/Program.cs:line 8
   at Program.<Main>(String[] args)
   at System.Reflection.MethodBaseInvoker.InterpretedInvoke_Method(Object obj, IntPtr* args)
   at System.Reflection.MethodBaseInvoker.InvokeDirectByRefWithFewArgs(Object obj, Span`1 copyOfArgs, BindingFlags invokeAttr)
--- End of stack trace from previous location ---
   at Microsoft.AspNetCore.Mvc.Testing.DeferredHostBuilder.DeferredHost.StartAsync(CancellationToken cancellationToken)
   at Microsoft.Extensions.Hosting.HostingAbstractionsHostExtensions.Start(IHost host)
   at Microsoft.AspNetCore.Mvc.Testing.WebApplicationFactory`1.CreateHost(IHostBuilder builder)
   at Microsoft.AspNetCore.Mvc.Testing.WebApplicationFactory`1.ConfigureHostBuilder(IHostBuilder hostBuilder)
   at Microsoft.AspNetCore.Mvc.Testing.WebApplicationFactory`1.StartServer()
   at Microsoft.AspNetCore.Mvc.Testing.WebApplicationFactory`1.get_Services()
   at Erp.Testing.ErpTestEnvironment.SeedAsync(TestDatabaseServer server, String database, SeedPlan plan, IDictionary`2 settings) in /work/tests/Erp.Testing/ErpTestEnvironment.cs:line 128
   at Erp.Testing.ErpTestEnvironment.SeedAsync(TestDatabaseServer server, String database, SeedPlan plan, IDictionary`2 settings) in /work/tests/Erp.Testing/ErpTestEnvironment.cs:line 138
   at Erp.Testing.ErpTestEnvironment.<>c__DisplayClass34_0.<<StartGateAsync>b__0>d.MoveNext() in /work/tests/Erp.Testing/ErpTestEnvironment.cs:line 90
--- End of stack trace from previous location ---
   at Erp.Testing.TestDatabaseServer.<>c__DisplayClass25_0.<<GateTemplateAsync>b__3>d.MoveNext() in /work/tests/Erp.Testing/TestDatabaseServer.cs:line 156
--- End of stack trace from previous location ---
   at Erp.Testing.TestDatabaseServer.GateTemplateAsync(IDictionary`2 settings, Func`2 seed) in /work/tests/Erp.Testing/TestDatabaseServer.cs:line 161
   at Erp.Testing.ErpTestEnvironment.StartGateAsync(IDictionary`2 settings) in /work/tests/Erp.Testing/ErpTestEnvironment.cs:line 87
   at Erp.Gates.Tests.Infrastructure.GateFixture.InitializeAsync() in /work/tests/Erp.Gates.Tests/Infrastructure/GateFixture.cs:line 17
  Failed Erp.Gates.Tests.Rules.AuditGateTests.Changing_ones_own_interface_preferences_is_audited_field_by_field [1 ms]
  Error Message:
   Assembly fixture type 'Erp.Gates.Tests.Infrastructure.GateFixture' threw in InitializeAsync
---- System.InvalidOperationException : Endpoint authorisation is incomplete:
HTTP: DELETE /api/identity/me/preferences => ResetPreferences: declares no permission
  Stack Trace:
  
----- Inner Stack Trace -----
   at Erp.Kernel.Hosting.ErpPlatform.ValidateEndpoints(WebApplication app) in /work/src/Kernel/Erp.Kernel/Hosting/ErpPlatform.cs:line 236
   at Erp.Kernel.Hosting.ErpPlatform.UseErpPlatform(WebApplication app) in /work/src/Kernel/Erp.Kernel/Hosting/ErpPlatform.cs:line 202
   at Program.<Main>$(String[] args) in /work/src/Host/Erp.Host/Program.cs:line 8
   at Program.<Main>(String[] args)
   at System.Reflection.MethodBaseInvoker.InterpretedInvoke_Method(Object obj, IntPtr* args)
   at System.Reflection.MethodBaseInvoker.InvokeDirectByRefWithFewArgs(Object obj, Span`1 copyOfArgs, BindingFlags invokeAttr)
--- End of stack trace from previous location ---
   at Microsoft.AspNetCore.Mvc.Testing.DeferredHostBuilder.DeferredHost.StartAsync(CancellationToken cancellationToken)
   at Microsoft.Extensions.Hosting.HostingAbstractionsHostExtensions.Start(IHost host)
   at Microsoft.AspNetCore.Mvc.Testing.WebApplicationFactory`1.CreateHost(IHostBuilder builder)
   at Microsoft.AspNetCore.Mvc.Testing.WebApplicationFactory`1.ConfigureHostBuilder(IHostBuilder hostBuilder)
   at Microsoft.AspNetCore.Mvc.Testing.WebApplicationFactory`1.StartServer()
   at Microsoft.AspNetCore.Mvc.Testing.WebApplicationFactory`1.get_Services()
   at Erp.Testing.ErpTestEnvironment.SeedAsync(TestDatabaseServer server, String database, SeedPlan plan, IDictionary`2 settings) in /work/tests/Erp.Testing/ErpTestEnvironment.cs:line 128
   at Erp.Testing.ErpTestEnvironment.SeedAsync(TestDatabaseServer server, String database, SeedPlan plan, IDictionary`2 settings) in /work/tests/Erp.Testing/ErpTestEnvironment.cs:line 138
   at Erp.Testing.ErpTestEnvironment.<>c__DisplayClass34_0.<<StartGateAsync>b__0>d.MoveNext() in /work/tests/Erp.Testing/ErpTestEnvironment.cs:line 90
--- End of stack trace from previous location ---
   at Erp.Testing.TestDatabaseServer.<>c__DisplayClass25_0.<<GateTemplateAsync>b__3>d.MoveNext() in /work/tests/Erp.Testing/TestDatabaseServer.cs:line 156
--- End of stack trace from previous location ---
   at Erp.Testing.TestDatabaseServer.GateTemplateAsync(IDictionary`2 settings, Func`2 seed) in /work/tests/Erp.Testing/TestDatabaseServer.cs:line 161
   at Erp.Testing.ErpTestEnvironment.StartGateAsync(IDictionary`2 settings) in /work/tests/Erp.Testing/ErpTestEnvironment.cs:line 87
   at Erp.Gates.Tests.Infrastructure.GateFixture.InitializeAsync() in /work/tests/Erp.Gates.Tests/Infrastructure/GateFixture.cs:line 17
  Failed Erp.Gates.Tests.Rules.AuditGateTests.Writes_through_the_API_leave_field_level_audit_rows_attributed_to_the_user [1 ms]
  Error Message:
   Assembly fixture type 'Erp.Gates.Tests.Infrastructure.GateFixture' threw in InitializeAsync
---- System.InvalidOperationException : Endpoint authorisation is incomplete:
HTTP: DELETE /api/identity/me/preferences => ResetPreferences: declares no permission
  Stack Trace:
  
----- Inner Stack Trace -----
   at Erp.Kernel.Hosting.ErpPlatform.ValidateEndpoints(WebApplication app) in /work/src/Kernel/Erp.Kernel/Hosting/ErpPlatform.cs:line 236
   at Erp.Kernel.Hosting.ErpPlatform.UseErpPlatform(WebApplication app) in /work/src/Kernel/Erp.Kernel/Hosting/ErpPlatform.cs:line 202
   at Program.<Main>$(String[] args) in /work/src/Host/Erp.Host/Program.cs:line 8
   at Program.<Main>(String[] args)
   at System.Reflection.MethodBaseInvoker.InterpretedInvoke_Method(Object obj, IntPtr* args)
   at System.Reflection.MethodBaseInvoker.InvokeDirectByRefWithFewArgs(Object obj, Span`1 copyOfArgs, BindingFlags invokeAttr)
--- End of stack trace from previous location ---
   at Microsoft.AspNetCore.Mvc.Testing.DeferredHostBuilder.DeferredHost.StartAsync(CancellationToken cancellationToken)
   at Microsoft.Extensions.Hosting.HostingAbstractionsHostExtensions.Start(IHost host)
   at Microsoft.AspNetCore.Mvc.Testing.WebApplicationFactory`1.CreateHost(IHostBuilder builder)
   at Microsoft.AspNetCore.Mvc.Testing.WebApplicationFactory`1.ConfigureHostBuilder(IHostBuilder hostBuilder)
   at Microsoft.AspNetCore.Mvc.Testing.WebApplicationFactory`1.StartServer()
   at Microsoft.AspNetCore.Mvc.Testing.WebApplicationFactory`1.get_Services()
   at Erp.Testing.ErpTestEnvironment.SeedAsync(TestDatabaseServer server, String database, SeedPlan plan, IDictionary`2 settings) in /work/tests/Erp.Testing/ErpTestEnvironment.cs:line 128
   at Erp.Testing.ErpTestEnvironment.SeedAsync(TestDatabaseServer server, String database, SeedPlan plan, IDictionary`2 settings) in /work/tests/Erp.Testing/ErpTestEnvironment.cs:line 138
   at Erp.Testing.ErpTestEnvironment.<>c__DisplayClass34_0.<<StartGateAsync>b__0>d.MoveNext() in /work/tests/Erp.Testing/ErpTestEnvironment.cs:line 90
--- End of stack trace from previous location ---
   at Erp.Testing.TestDatabaseServer.<>c__DisplayClass25_0.<<GateTemplateAsync>b__3>d.MoveNext() in /work/tests/Erp.Testing/TestDatabaseServer.cs:line 156
--- End of stack trace from previous location ---
   at Erp.Testing.TestDatabaseServer.GateTemplateAsync(IDictionary`2 settings, Func`2 seed) in /work/tests/Erp.Testing/TestDatabaseServer.cs:line 161
   at Erp.Testing.ErpTestEnvironment.StartGateAsync(IDictionary`2 settings) in /work/tests/Erp.Testing/ErpTestEnvironment.cs:line 87
   at Erp.Gates.Tests.Infrastructure.GateFixture.InitializeAsync() in /work/tests/Erp.Gates.Tests/Infrastructure/GateFixture.cs:line 17
[xUnit.net 00:00:08.87]     Erp.Gates.Tests.Rules.AuditGateTests.Every_tenant_table_carries_the_audit_trigger_unless_reviewed_exempt [FAIL]
[xUnit.net 00:00:08.87]       Assembly fixture type 'Erp.Gates.Tests.Infrastructure.GateFixture' threw in InitializeAsync
[xUnit.net 00:00:08.87]       ---- System.InvalidOperationException : Endpoint authorisation is incomplete:
[xUnit.net 00:00:08.87]       HTTP: DELETE /api/identity/me/preferences => ResetPreferences: declares no permission
[xUnit.net 00:00:08.87]       Stack Trace:
[xUnit.net 00:00:08.87]         
[xUnit.net 00:00:08.87]         ----- Inner Stack Trace -----
[xUnit.net 00:00:08.87]         /work/src/Kernel/Erp.Kernel/Hosting/ErpPlatform.cs(236,0): at Erp.Kernel.Hosting.ErpPlatform.ValidateEndpoints(WebApplication app)
[xUnit.net 00:00:08.87]         /work/src/Kernel/Erp.Kernel/Hosting/ErpPlatform.cs(202,0): at Erp.Kernel.Hosting.ErpPlatform.UseErpPlatform(WebApplication app)
[xUnit.net 00:00:08.87]         /work/src/Host/Erp.Host/Program.cs(8,0): at Program.<Main>$(String[] args)
[xUnit.net 00:00:08.87]            at Program.<Main>(String[] args)
[xUnit.net 00:00:08.87]            at System.Reflection.MethodBaseInvoker.InterpretedInvoke_Method(Object obj, IntPtr* args)
[xUnit.net 00:00:08.87]            at System.Reflection.MethodBaseInvoker.InvokeDirectByRefWithFewArgs(Object obj, Span`1 copyOfArgs, BindingFlags invokeAttr)
[xUnit.net 00:00:08.87]         --- End of stack trace from previous location ---
[xUnit.net 00:00:08.87]            at Microsoft.AspNetCore.Mvc.Testing.DeferredHostBuilder.DeferredHost.StartAsync(CancellationToken cancellationToken)
[xUnit.net 00:00:08.87]            at Microsoft.Extensions.Hosting.HostingAbstractionsHostExtensions.Start(IHost host)
[xUnit.net 00:00:08.87]            at Microsoft.AspNetCore.Mvc.Testing.WebApplicationFactory`1.CreateHost(IHostBuilder builder)
[xUnit.net 00:00:08.87]            at Microsoft.AspNetCore.Mvc.Testing.WebApplicationFactory`1.ConfigureHostBuilder(IHostBuilder hostBuilder)
[xUnit.net 00:00:08.87]            at Microsoft.AspNetCore.Mvc.Testing.WebApplicationFactory`1.StartServer()
[xUnit.net 00:00:08.87]            at Microsoft.AspNetCore.Mvc.Testing.WebApplicationFactory`1.get_Services()
[xUnit.net 00:00:08.87]         /work/tests/Erp.Testing/ErpTestEnvironment.cs(128,0): at Erp.Testing.ErpTestEnvironment.SeedAsync(TestDatabaseServer server, String database, SeedPlan plan, IDictionary`2 settings)
[xUnit.net 00:00:08.87]         /work/tests/Erp.Testing/ErpTestEnvironment.cs(138,0): at Erp.Testing.ErpTestEnvironment.SeedAsync(TestDatabaseServer server, String database, SeedPlan plan, IDictionary`2 settings)
[xUnit.net 00:00:08.87]         /work/tests/Erp.Testing/ErpTestEnvironment.cs(90,0): at Erp.Testing.ErpTestEnvironment.<>c__DisplayClass34_0.<<StartGateAsync>b__0>d.MoveNext()
[xUnit.net 00:00:08.87]         --- End of stack trace from previous location ---
[xUnit.net 00:00:08.87]         /work/tests/Erp.Testing/TestDatabaseServer.cs(156,0): at Erp.Testing.TestDatabaseServer.<>c__DisplayClass25_0.<<GateTemplateAsync>b__3>d.MoveNext()
[xUnit.net 00:00:08.87]         --- End of stack trace from previous location ---
[xUnit.net 00:00:08.87]         /work/tests/Erp.Testing/TestDatabaseServer.cs(161,0): at Erp.Testing.TestDatabaseServer.GateTemplateAsync(IDictionary`2 settings, Func`2 seed)
[xUnit.net 00:00:08.87]         /work/tests/Erp.Testing/ErpTestEnvironment.cs(87,0): at Erp.Testing.ErpTestEnvironment.StartGateAsync(IDictionary`2 settings)
[xUnit.net 00:00:08.87]         /work/tests/Erp.Gates.Tests/Infrastructure/GateFixture.cs(17,0): at Erp.Gates.Tests.Infrastructure.GateFixture.InitializeAsync()
[xUnit.net 00:00:08.88]     Erp.Gates.Tests.Rules.ReportGateTests.Every_report_and_printable_list_renders_in_every_format_and_both_languages [FAIL]
[xUnit.net 00:00:08.88]       Assembly fixture type 'Erp.Gates.Tests.Infrastructure.GateFixture' threw in InitializeAsync
[xUnit.net 00:00:08.88]       ---- System.InvalidOperationException : Endpoint authorisation is incomplete:
[xUnit.net 00:00:08.88]       HTTP: DELETE /api/identity/me/preferences => ResetPreferences: declares no permission
[xUnit.net 00:00:08.88]       Stack Trace:
[xUnit.net 00:00:08.88]         
[xUnit.net 00:00:08.88]         ----- Inner Stack Trace -----
[xUnit.net 00:00:08.88]         /work/src/Kernel/Erp.Kernel/Hosting/ErpPlatform.cs(236,0): at Erp.Kernel.Hosting.ErpPlatform.ValidateEndpoints(WebApplication app)
[xUnit.net 00:00:08.88]         /work/src/Kernel/Erp.Kernel/Hosting/ErpPlatform.cs(202,0): at Erp.Kernel.Hosting.ErpPlatform.UseErpPlatform(WebApplication app)
[xUnit.net 00:00:08.88]         /work/src/Host/Erp.Host/Program.cs(8,0): at Program.<Main>$(String[] args)
[xUnit.net 00:00:08.88]            at Program.<Main>(String[] args)
[xUnit.net 00:00:08.88]            at System.Reflection.MethodBaseInvoker.InterpretedInvoke_Method(Object obj, IntPtr* args)
[xUnit.net 00:00:08.88]            at System.Reflection.MethodBaseInvoker.InvokeDirectByRefWithFewArgs(Object obj, Span`1 copyOfArgs, BindingFlags invokeAttr)
[xUnit.net 00:00:08.88]         --- End of stack trace from previous location ---
[xUnit.net 00:00:08.88]            at Microsoft.AspNetCore.Mvc.Testing.DeferredHostBuilder.DeferredHost.StartAsync(CancellationToken cancellationToken)
[xUnit.net 00:00:08.88]            at Microsoft.Extensions.Hosting.HostingAbstractionsHostExtensions.Start(IHost host)
[xUnit.net 00:00:08.88]            at Microsoft.AspNetCore.Mvc.Testing.WebApplicationFactory`1.CreateHost(IHostBuilder builder)
[xUnit.net 00:00:08.88]            at Microsoft.AspNetCore.Mvc.Testing.WebApplicationFactory`1.ConfigureHostBuilder(IHostBuilder hostBuilder)
[xUnit.net 00:00:08.88]            at Microsoft.AspNetCore.Mvc.Testing.WebApplicationFactory`1.StartServer()
[xUnit.net 00:00:08.88]            at Microsoft.AspNetCore.Mvc.Testing.WebApplicationFactory`1.get_Services()
[xUnit.net 00:00:08.88]         /work/tests/Erp.Testing/ErpTestEnvironment.cs(128,0): at Erp.Testing.ErpTestEnvironment.SeedAsync(TestDatabaseServer server, String database, SeedPlan plan, IDictionary`2 settings)
[xUnit.net 00:00:08.88]         /work/tests/Erp.Testing/ErpTestEnvironment.cs(138,0): at Erp.Testing.ErpTestEnvironment.SeedAsync(TestDatabaseServer server, String database, SeedPlan plan, IDictionary`2 settings)
[xUnit.net 00:00:08.88]         /work/tests/Erp.Testing/ErpTestEnvironment.cs(90,0): at Erp.Testing.ErpTestEnvironment.<>c__DisplayClass34_0.<<StartGateAsync>b__0>d.MoveNext()
[xUnit.net 00:00:08.88]         --- End of stack trace from previous location ---
[xUnit.net 00:00:08.88]         /work/tests/Erp.Testing/TestDatabaseServer.cs(156,0): at Erp.Testing.TestDatabaseServer.<>c__DisplayClass25_0.<<GateTemplateAsync>b__3>d.MoveNext()
[xUnit.net 00:00:08.88]         --- End of stack trace from previous location ---
[xUnit.net 00:00:08.88]         /work/tests/Erp.Testing/TestDatabaseServer.cs(161,0): at Erp.Testing.TestDatabaseServer.GateTemplateAsync(IDictionary`2 settings, Func`2 seed)
[xUnit.net 00:00:08.88]         /work/tests/Erp.Testing/ErpTestEnvironment.cs(87,0): at Erp.Testing.ErpTestEnvironment.StartGateAsync(IDictionary`2 settings)
[xUnit.net 00:00:08.88]         /work/tests/Erp.Gates.Tests/Infrastructure/GateFixture.cs(17,0): at Erp.Gates.Tests.Infrastructure.GateFixture.InitializeAsync()
[xUnit.net 00:00:08.88]     Erp.Gates.Tests.Rules.ReportGateTests.Every_list_is_printable_and_every_report_is_well_formed [FAIL]
[xUnit.net 00:00:08.88]       Assembly fixture type 'Erp.Gates.Tests.Infrastructure.GateFixture' threw in InitializeAsync
[xUnit.net 00:00:08.88]       ---- System.InvalidOperationException : Endpoint authorisation is incomplete:
[xUnit.net 00:00:08.88]       HTTP: DELETE /api/identity/me/preferences => ResetPreferences: declares no permission
[xUnit.net 00:00:08.88]       Stack Trace:
[xUnit.net 00:00:08.88]         
[xUnit.net 00:00:08.88]         ----- Inner Stack Trace -----
[xUnit.net 00:00:08.88]         /work/src/Kernel/Erp.Kernel/Hosting/ErpPlatform.cs(236,0): at Erp.Kernel.Hosting.ErpPlatform.ValidateEndpoints(WebApplication app)
[xUnit.net 00:00:08.88]         /work/src/Kernel/Erp.Kernel/Hosting/ErpPlatform.cs(202,0): at Erp.Kernel.Hosting.ErpPlatform.UseErpPlatform(WebApplication app)
[xUnit.net 00:00:08.88]         /work/src/Host/Erp.Host/Program.cs(8,0): at Program.<Main>$(String[] args)
[xUnit.net 00:00:08.88]            at Program.<Main>(String[] args)
[xUnit.net 00:00:08.88]            at System.Reflection.MethodBaseInvoker.InterpretedInvoke_Method(Object obj, IntPtr* args)
[xUnit.net 00:00:08.88]            at System.Reflection.MethodBaseInvoker.InvokeDirectByRefWithFewArgs(Object obj, Span`1 copyOfArgs, BindingFlags invokeAttr)
[xUnit.net 00:00:08.88]         --- End of stack trace from previous location ---
[xUnit.net 00:00:08.88]            at Microsoft.AspNetCore.Mvc.Testing.DeferredHostBuilder.DeferredHost.StartAsync(CancellationToken cancellationToken)
[xUnit.net 00:00:08.88]            at Microsoft.Extensions.Hosting.HostingAbstractionsHostExtensions.Start(IHost host)
[xUnit.net 00:00:08.88]            at Microsoft.AspNetCore.Mvc.Testing.WebApplicationFactory`1.CreateHost(IHostBuilder builder)
[xUnit.net 00:00:08.88]            at Microsoft.AspNetCore.Mvc.Testing.WebApplicationFactory`1.ConfigureHostBuilder(IHostBuilder hostBuilder)
[xUnit.net 00:00:08.88]            at Microsoft.AspNetCore.Mvc.Testing.WebApplicationFactory`1.StartServer()
[xUnit.net 00:00:08.88]            at Microsoft.AspNetCore.Mvc.Testing.WebApplicationFactory`1.get_Services()
[xUnit.net 00:00:08.88]         /work/tests/Erp.Testing/ErpTestEnvironment.cs(128,0): at Erp.Testing.ErpTestEnvironment.SeedAsync(TestDatabaseServer server, String database, SeedPlan plan, IDictionary`2 settings)
[xUnit.net 00:00:08.88]         /work/tests/Erp.Testing/ErpTestEnvironment.cs(138,0): at Erp.Testing.ErpTestEnvironment.SeedAsync(TestDatabaseServer server, String database, SeedPlan plan, IDictionary`2 settings)
[xUnit.net 00:00:08.88]         /work/tests/Erp.Testing/ErpTestEnvironment.cs(90,0): at Erp.Testing.ErpTestEnvironment.<>c__DisplayClass34_0.<<StartGateAsync>b__0>d.MoveNext()
[xUnit.net 00:00:08.88]         --- End of stack trace from previous location ---
[xUnit.net 00:00:08.88]         /work/tests/Erp.Testing/TestDatabaseServer.cs(156,0): at Erp.Testing.TestDatabaseServer.<>c__DisplayClass25_0.<<GateTemplateAsync>b__3>d.MoveNext()
[xUnit.net 00:00:08.88]         --- End of stack trace from previous location ---
[xUnit.net 00:00:08.88]         /work/tests/Erp.Testing/TestDatabaseServer.cs(161,0): at Erp.Testing.TestDatabaseServer.GateTemplateAsync(IDictionary`2 settings, Func`2 seed)
[xUnit.net 00:00:08.88]         /work/tests/Erp.Testing/ErpTestEnvironment.cs(87,0): at Erp.Testing.ErpTestEnvironment.StartGateAsync(IDictionary`2 settings)
[xUnit.net 00:00:08.88]         /work/tests/Erp.Gates.Tests/Infrastructure/GateFixture.cs(17,0): at Erp.Gates.Tests.Infrastructure.GateFixture.InitializeAsync()
[xUnit.net 00:00:08.88]     Erp.Gates.Tests.G1.G1TenantSettingCodeTests.The_scan_finds_a_helper_that_names_the_tenant_setting [FAIL]
[xUnit.net 00:00:08.88]       Assembly fixture type 'Erp.Gates.Tests.Infrastructure.GateFixture' threw in InitializeAsync
[xUnit.net 00:00:08.88]       ---- System.InvalidOperationException : Endpoint authorisation is incomplete:
[xUnit.net 00:00:08.88]       HTTP: DELETE /api/identity/me/preferences => ResetPreferences: declares no permission
[xUnit.net 00:00:08.88]       Stack Trace:
[xUnit.net 00:00:08.88]         
[xUnit.net 00:00:08.88]         ----- Inner Stack Trace -----
[xUnit.net 00:00:08.88]         /work/src/Kernel/Erp.Kernel/Hosting/ErpPlatform.cs(236,0): at Erp.Kernel.Hosting.ErpPlatform.ValidateEndpoints(WebApplication app)
[xUnit.net 00:00:08.88]         /work/src/Kernel/Erp.Kernel/Hosting/ErpPlatform.cs(202,0): at Erp.Kernel.Hosting.ErpPlatform.UseErpPlatform(WebApplication app)
[xUnit.net 00:00:08.88]         /work/src/Host/Erp.Host/Program.cs(8,0): at Program.<Main>$(String[] args)
[xUnit.net 00:00:08.88]            at Program.<Main>(String[] args)
[xUnit.net 00:00:08.88]            at System.Reflection.MethodBaseInvoker.InterpretedInvoke_Method(Object obj, IntPtr* args)
[xUnit.net 00:00:08.88]            at System.Reflection.MethodBaseInvoker.InvokeDirectByRefWithFewArgs(Object obj, Span`1 copyOfArgs, BindingFlags invokeAttr)
[xUnit.net 00:00:08.88]         --- End of stack trace from previous location ---
[xUnit.net 00:00:08.89]            at Microsoft.AspNetCore.Mvc.Testing.DeferredHostBuilder.DeferredHost.StartAsync(CancellationToken cancellationToken)
[xUnit.net 00:00:08.89]            at Microsoft.Extensions.Hosting.HostingAbstractionsHostExtensions.Start(IHost host)
[xUnit.net 00:00:08.89]            at Microsoft.AspNetCore.Mvc.Testing.WebApplicationFactory`1.CreateHost(IHostBuilder builder)
[xUnit.net 00:00:08.89]            at Microsoft.AspNetCore.Mvc.Testing.WebApplicationFactory`1.ConfigureHostBuilder(IHostBuilder hostBuilder)
[xUnit.net 00:00:08.89]            at Microsoft.AspNetCore.Mvc.Testing.WebApplicationFactory`1.StartServer()
[xUnit.net 00:00:08.89]            at Microsoft.AspNetCore.Mvc.Testing.WebApplicationFactory`1.get_Services()
[xUnit.net 00:00:08.89]         /work/tests/Erp.Testing/ErpTestEnvironment.cs(128,0): at Erp.Testing.ErpTestEnvironment.SeedAsync(TestDatabaseServer server, String database, SeedPlan plan, IDictionary`2 settings)
[xUnit.net 00:00:08.89]         /work/tests/Erp.Testing/ErpTestEnvironment.cs(138,0): at Erp.Testing.ErpTestEnvironment.SeedAsync(TestDatabaseServer server, String database, SeedPlan plan, IDictionary`2 settings)
[xUnit.net 00:00:08.89]         /work/tests/Erp.Testing/ErpTestEnvironment.cs(90,0): at Erp.Testing.ErpTestEnvironment.<>c__DisplayClass34_0.<<StartGateAsync>b__0>d.MoveNext()
[xUnit.net 00:00:08.89]         --- End of stack trace from previous location ---
[xUnit.net 00:00:08.89]         /work/tests/Erp.Testing/TestDatabaseServer.cs(156,0): at Erp.Testing.TestDatabaseServer.<>c__DisplayClass25_0.<<GateTemplateAsync>b__3>d.MoveNext()
[xUnit.net 00:00:08.89]         --- End of stack trace from previous location ---
[xUnit.net 00:00:08.89]         /work/tests/Erp.Testing/TestDatabaseServer.cs(161,0): at Erp.Testing.TestDatabaseServer.GateTemplateAsync(IDictionary`2 settings, Func`2 seed)
[xUnit.net 00:00:08.89]         /work/tests/Erp.Testing/ErpTestEnvironment.cs(87,0): at Erp.Testing.ErpTestEnvironment.StartGateAsync(IDictionary`2 settings)
[xUnit.net 00:00:08.89]         /work/tests/Erp.Gates.Tests/Infrastructure/GateFixture.cs(17,0): at Erp.Gates.Tests.Infrastructure.GateFixture.InitializeAsync()
[xUnit.net 00:00:08.89]     Erp.Gates.Tests.G1.G1TenantSettingCodeTests.Only_reviewed_methods_name_the_tenant_setting [FAIL]
[xUnit.net 00:00:08.89]       Assembly fixture type 'Erp.Gates.Tests.Infrastructure.GateFixture' threw in InitializeAsync
[xUnit.net 00:00:08.89]       ---- System.InvalidOperationException : Endpoint authorisation is incomplete:
[xUnit.net 00:00:08.89]       HTTP: DELETE /api/identity/me/preferences => ResetPreferences: declares no permission
[xUnit.net 00:00:08.89]       Stack Trace:
[xUnit.net 00:00:08.89]         
[xUnit.net 00:00:08.89]         ----- Inner Stack Trace -----
[xUnit.net 00:00:08.89]         /work/src/Kernel/Erp.Kernel/Hosting/ErpPlatform.cs(236,0): at Erp.Kernel.Hosting.ErpPlatform.ValidateEndpoints(WebApplication app)
[xUnit.net 00:00:08.89]         /work/src/Kernel/Erp.Kernel/Hosting/ErpPlatform.cs(202,0): at Erp.Kernel.Hosting.ErpPlatform.UseErpPlatform(WebApplication app)
[xUnit.net 00:00:08.89]         /work/src/Host/Erp.Host/Program.cs(8,0): at Program.<Main>$(String[] args)
[xUnit.net 00:00:08.89]            at Program.<Main>(String[] args)
[xUnit.net 00:00:08.89]            at System.Reflection.MethodBaseInvoker.InterpretedInvoke_Method(Object obj, IntPtr* args)
[xUnit.net 00:00:08.89]            at System.Reflection.MethodBaseInvoker.InvokeDirectByRefWithFewArgs(Object obj, Span`1 copyOfArgs, BindingFlags invokeAttr)
[xUnit.net 00:00:08.89]         --- End of stack trace from previous location ---
[xUnit.net 00:00:08.89]            at Microsoft.AspNetCore.Mvc.Testing.DeferredHostBuilder.DeferredHost.StartAsync(CancellationToken cancellationToken)
[xUnit.net 00:00:08.89]            at Microsoft.Extensions.Hosting.HostingAbstractionsHostExtensions.Start(IHost host)
[xUnit.net 00:00:08.89]            at Microsoft.AspNetCore.Mvc.Testing.WebApplicationFactory`1.CreateHost(IHostBuilder builder)
[xUnit.net 00:00:08.89]            at Microsoft.AspNetCore.Mvc.Testing.WebApplicationFactory`1.ConfigureHostBuilder(IHostBuilder hostBuilder)
[xUnit.net 00:00:08.89]            at Microsoft.AspNetCore.Mvc.Testing.WebApplicationFactory`1.StartServer()
[xUnit.net 00:00:08.89]            at Microsoft.AspNetCore.Mvc.Testing.WebApplicationFactory`1.get_Services()
[xUnit.net 00:00:08.89]         /work/tests/Erp.Testing/ErpTestEnvironment.cs(128,0): at Erp.Testing.ErpTestEnvironment.SeedAsync(TestDatabaseServer server, String database, SeedPlan plan, IDictionary`2 settings)
[xUnit.net 00:00:08.89]         /work/tests/Erp.Testing/ErpTestEnvironment.cs(138,0): at Erp.Testing.ErpTestEnvironment.SeedAsync(TestDatabaseServer server, String database, SeedPlan plan, IDictionary`2 settings)
[xUnit.net 00:00:08.89]         /work/tests/Erp.Testing/ErpTestEnvironment.cs(90,0): at Erp.Testing.ErpTestEnvironment.<>c__DisplayClass34_0.<<StartGateAsync>b__0>d.MoveNext()
[xUnit.net 00:00:08.89]         --- End of stack trace from previous location ---
[xUnit.net 00:00:08.89]         /work/tests/Erp.Testing/TestDatabaseServer.cs(156,0): at Erp.Testing.TestDatabaseServer.<>c__DisplayClass25_0.<<GateTemplateAsync>b__3>d.MoveNext()
[xUnit.net 00:00:08.89]         --- End of stack trace from previous location ---
[xUnit.net 00:00:08.89]         /work/tests/Erp.Testing/TestDatabaseServer.cs(161,0): at Erp.Testing.TestDatabaseServer.GateTemplateAsync(IDictionary`2 settings, Func`2 seed)
[xUnit.net 00:00:08.89]         /work/tests/Erp.Testing/ErpTestEnvironment.cs(87,0): at Erp.Testing.ErpTestEnvironment.StartGateAsync(IDictionary`2 settings)
[xUnit.net 00:00:08.89]         /work/tests/Erp.Gates.Tests/Infrastructure/GateFixture.cs(17,0): at Erp.Gates.Tests.Infrastructure.GateFixture.InitializeAsync()
[xUnit.net 00:00:08.89]     Erp.Gates.Tests.Rules.ShellGateTests.Every_navigation_group_has_an_English_and_Arabic_heading [FAIL]
[xUnit.net 00:00:08.89]       Assembly fixture type 'Erp.Gates.Tests.Infrastructure.GateFixture' threw in InitializeAsync
[xUnit.net 00:00:08.89]       ---- System.InvalidOperationException : Endpoint authorisation is incomplete:
[xUnit.net 00:00:08.89]       HTTP: DELETE /api/identity/me/preferences => ResetPreferences: declares no permission
[xUnit.net 00:00:08.89]       Stack Trace:
[xUnit.net 00:00:08.89]         
[xUnit.net 00:00:08.89]         ----- Inner Stack Trace -----
[xUnit.net 00:00:08.89]         /work/src/Kernel/Erp.Kernel/Hosting/ErpPlatform.cs(236,0): at Erp.Kernel.Hosting.ErpPlatform.ValidateEndpoints(WebApplication app)
[xUnit.net 00:00:08.89]         /work/src/Kernel/Erp.Kernel/Hosting/ErpPlatform.cs(202,0): at Erp.Kernel.Hosting.ErpPlatform.UseErpPlatform(WebApplication app)
[xUnit.net 00:00:08.89]         /work/src/Host/Erp.Host/Program.cs(8,0): at Program.<Main>$(String[] args)
[xUnit.net 00:00:08.89]            at Program.<Main>(String[] args)
[xUnit.net 00:00:08.89]            at System.Reflection.MethodBaseInvoker.InterpretedInvoke_Method(Object obj, IntPtr* args)
[xUnit.net 00:00:08.89]            at System.Reflection.MethodBaseInvoker.InvokeDirectByRefWithFewArgs(Object obj, Span`1 copyOfArgs, BindingFlags invokeAttr)
[xUnit.net 00:00:08.89]         --- End of stack trace from previous location ---
[xUnit.net 00:00:08.89]            at Microsoft.AspNetCore.Mvc.Testing.DeferredHostBuilder.DeferredHost.StartAsync(CancellationToken cancellationToken)
[xUnit.net 00:00:08.89]            at Microsoft.Extensions.Hosting.HostingAbstractionsHostExtensions.Start(IHost host)
[xUnit.net 00:00:08.89]            at Microsoft.AspNetCore.Mvc.Testing.WebApplicationFactory`1.CreateHost(IHostBuilder builder)
[xUnit.net 00:00:08.89]            at Microsoft.AspNetCore.Mvc.Testing.WebApplicationFactory`1.ConfigureHostBuilder(IHostBuilder hostBuilder)
[xUnit.net 00:00:08.89]            at Microsoft.AspNetCore.Mvc.Testing.WebApplicationFactory`1.StartServer()
[xUnit.net 00:00:08.89]            at Microsoft.AspNetCore.Mvc.Testing.WebApplicationFactory`1.get_Services()
[xUnit.net 00:00:08.89]         /work/tests/Erp.Testing/ErpTestEnvironment.cs(128,0): at Erp.Testing.ErpTestEnvironment.SeedAsync(TestDatabaseServer server, String database, SeedPlan plan, IDictionary`2 settings)
[xUnit.net 00:00:08.89]         /work/tests/Erp.Testing/ErpTestEnvironment.cs(138,0): at Erp.Testing.ErpTestEnvironment.SeedAsync(TestDatabaseServer server, String database, SeedPlan plan, IDictionary`2 settings)
[xUnit.net 00:00:08.89]         /work/tests/Erp.Testing/ErpTestEnvironment.cs(90,0): at Erp.Testing.ErpTestEnvironment.<>c__DisplayClass34_0.<<StartGateAsync>b__0>d.MoveNext()
[xUnit.net 00:00:08.89]         --- End of stack trace from previous location ---
[xUnit.net 00:00:08.89]         /work/tests/Erp.Testing/TestDatabaseServer.cs(156,0): at Erp.Testing.TestDatabaseServer.<>c__DisplayClass25_0.<<GateTemplateAsync>b__3>d.MoveNext()
[xUnit.net 00:00:08.89]         --- End of stack trace from previous location ---
[xUnit.net 00:00:08.89]         /work/tests/Erp.Testing/TestDatabaseServer.cs(161,0): at Erp.Testing.TestDatabaseServer.GateTemplateAsync(IDictionary`2 settings, Func`2 seed)
[xUnit.net 00:00:08.89]         /work/tests/Erp.Testing/ErpTestEnvironment.cs(87,0): at Erp.Testing.ErpTestEnvironment.StartGateAsync(IDictionary`2 settings)
[xUnit.net 00:00:08.89]         /work/tests/Erp.Gates.Tests/Infrastructure/GateFixture.cs(17,0): at Erp.Gates.Tests.Infrastructure.GateFixture.InitializeAsync()
[xUnit.net 00:00:08.89]     Erp.Gates.Tests.Rules.ShellGateTests.Language_and_digit_fields_document_their_allowed_values [FAIL]
[xUnit.net 00:00:08.89]       Assembly fixture type 'Erp.Gates.Tests.Infrastructure.GateFixture' threw in InitializeAsync
[xUnit.net 00:00:08.89]       ---- System.InvalidOperationException : Endpoint authorisation is incomplete:
[xUnit.net 00:00:08.89]       HTTP: DELETE /api/identity/me/preferences => ResetPreferences: declares no permission
[xUnit.net 00:00:08.89]       Stack Trace:
[xUnit.net 00:00:08.89]         
[xUnit.net 00:00:08.89]         ----- Inner Stack Trace -----
[xUnit.net 00:00:08.89]         /work/src/Kernel/Erp.Kernel/Hosting/ErpPlatform.cs(236,0): at Erp.Kernel.Hosting.ErpPlatform.ValidateEndpoints(WebApplication app)
[xUnit.net 00:00:08.89]         /work/src/Kernel/Erp.Kernel/Hosting/ErpPlatform.cs(202,0): at Erp.Kernel.Hosting.ErpPlatform.UseErpPlatform(WebApplication app)
[xUnit.net 00:00:08.89]         /work/src/Host/Erp.Host/Program.cs(8,0): at Program.<Main>$(String[] args)
[xUnit.net 00:00:08.89]            at Program.<Main>(String[] args)
[xUnit.net 00:00:08.89]            at System.Reflection.MethodBaseInvoker.InterpretedInvoke_Method(Object obj, IntPtr* args)
[xUnit.net 00:00:08.89]            at System.Reflection.MethodBaseInvoker.InvokeDirectByRefWithFewArgs(Object obj, Span`1 copyOfArgs, BindingFlags invokeAttr)
[xUnit.net 00:00:08.89]         --- End of stack trace from previous location ---
[xUnit.net 00:00:08.89]            at Microsoft.AspNetCore.Mvc.Testing.DeferredHostBuilder.DeferredHost.StartAsync(CancellationToken cancellationToken)
[xUnit.net 00:00:08.89]            at Microsoft.Extensions.Hosting.HostingAbstractionsHostExtensions.Start(IHost host)
[xUnit.net 00:00:08.89]            at Microsoft.AspNetCore.Mvc.Testing.WebApplicationFactory`1.CreateHost(IHostBuilder builder)
[xUnit.net 00:00:08.89]            at Microsoft.AspNetCore.Mvc.Testing.WebApplicationFactory`1.ConfigureHostBuilder(IHostBuilder hostBuilder)
[xUnit.net 00:00:08.89]            at Microsoft.AspNetCore.Mvc.Testing.WebApplicationFactory`1.StartServer()
[xUnit.net 00:00:08.89]            at Microsoft.AspNetCore.Mvc.Testing.WebApplicationFactory`1.get_Services()
[xUnit.net 00:00:08.89]         /work/tests/Erp.Testing/ErpTestEnvironment.cs(128,0): at Erp.Testing.ErpTestEnvironment.SeedAsync(TestDatabaseServer server, String database, SeedPlan plan, IDictionary`2 settings)
[xUnit.net 00:00:08.89]         /work/tests/Erp.Testing/ErpTestEnvironment.cs(138,0): at Erp.Testing.ErpTestEnvironment.SeedAsync(TestDatabaseServer server, String database, SeedPlan plan, IDictionary`2 settings)
[xUnit.net 00:00:08.89]         /work/tests/Erp.Testing/ErpTestEnvironment.cs(90,0): at Erp.Testing.ErpTestEnvironment.<>c__DisplayClass34_0.<<StartGateAsync>b__0>d.MoveNext()
[xUnit.net 00:00:08.89]         --- End of stack trace from previous location ---
[xUnit.net 00:00:08.89]         /work/tests/Erp.Testing/TestDatabaseServer.cs(156,0): at Erp.Testing.TestDatabaseServer.<>c__DisplayClass25_0.<<GateTemplateAsync>b__3>d.MoveNext()
[xUnit.net 00:00:08.89]         --- End of stack trace from previous location ---
[xUnit.net 00:00:08.89]         /work/tests/Erp.Testing/TestDatabaseServer.cs(161,0): at Erp.Testing.TestDatabaseServer.GateTemplateAsync(IDictionary`2 settings, Func`2 seed)
[xUnit.net 00:00:08.89]         /work/tests/Erp.Testing/ErpTestEnvironment.cs(87,0): at Erp.Testing.ErpTestEnvironment.StartGateAsync(IDictionary`2 settings)
[xUnit.net 00:00:08.89]         /work/tests/Erp.Gates.Tests/Infrastructure/GateFixture.cs(17,0): at Erp.Gates.Tests.Infrastructure.GateFixture.InitializeAsync()
[xUnit.net 00:00:08.89]     Erp.Gates.Tests.Rules.ShellGateTests.Screens_format_numbers_amounts_and_dates_through_the_kernel_formatter [FAIL]
[xUnit.net 00:00:08.89]       Assembly fixture type 'Erp.Gates.Tests.Infrastructure.GateFixture' threw in InitializeAsync
[xUnit.net 00:00:08.89]       ---- System.InvalidOperationException : Endpoint authorisation is incomplete:
[xUnit.net 00:00:08.89]       HTTP: DELETE /api/identity/me/preferences => ResetPreferences: declares no permission
[xUnit.net 00:00:08.89]       Stack Trace:
[xUnit.net 00:00:08.89]         
[xUnit.net 00:00:08.89]         ----- Inner Stack Trace -----
[xUnit.net 00:00:08.89]         /work/src/Kernel/Erp.Kernel/Hosting/ErpPlatform.cs(236,0): at Erp.Kernel.Hosting.ErpPlatform.ValidateEndpoints(WebApplication app)
[xUnit.net 00:00:08.89]         /work/src/Kernel/Erp.Kernel/Hosting/ErpPlatform.cs(202,0): at Erp.Kernel.Hosting.ErpPlatform.UseErpPlatform(WebApplication app)
[xUnit.net 00:00:08.89]         /work/src/Host/Erp.Host/Program.cs(8,0): at Program.<Main>$(String[] args)
[xUnit.net 00:00:08.89]            at Program.<Main>(String[] args)
[xUnit.net 00:00:08.89]            at System.Reflection.MethodBaseInvoker.InterpretedInvoke_Method(Object obj, IntPtr* args)
[xUnit.net 00:00:08.89]            at System.Reflection.MethodBaseInvoker.InvokeDirectByRefWithFewArgs(Object obj, Span`1 copyOfArgs, BindingFlags invokeAttr)
[xUnit.net 00:00:08.89]         --- End of stack trace from previous location ---
[xUnit.net 00:00:08.89]            at Microsoft.AspNetCore.Mvc.Testing.DeferredHostBuilder.DeferredHost.StartAsync(CancellationToken cancellationToken)
[xUnit.net 00:00:08.89]            at Microsoft.Extensions.Hosting.HostingAbstractionsHostExtensions.Start(IHost host)
[xUnit.net 00:00:08.89]            at Microsoft.AspNetCore.Mvc.Testing.WebApplicationFactory`1.CreateHost(IHostBuilder builder)
[xUnit.net 00:00:08.89]            at Microsoft.AspNetCore.Mvc.Testing.WebApplicationFactory`1.ConfigureHostBuilder(IHostBuilder hostBuilder)
[xUnit.net 00:00:08.89]            at Microsoft.AspNetCore.Mvc.Testing.WebApplicationFactory`1.StartServer()
[xUnit.net 00:00:08.89]            at Microsoft.AspNetCore.Mvc.Testing.WebApplicationFactory`1.get_Services()
[xUnit.net 00:00:08.89]         /work/tests/Erp.Testing/ErpTestEnvironment.cs(128,0): at Erp.Testing.ErpTestEnvironment.SeedAsync(TestDatabaseServer server, String database, SeedPlan plan, IDictionary`2 settings)
[xUnit.net 00:00:08.89]         /work/tests/Erp.Testing/ErpTestEnvironment.cs(138,0): at Erp.Testing.ErpTestEnvironment.SeedAsync(TestDatabaseServer server, String database, SeedPlan plan, IDictionary`2 settings)
[xUnit.net 00:00:08.89]         /work/tests/Erp.Testing/ErpTestEnvironment.cs(90,0): at Erp.Testing.ErpTestEnvironment.<>c__DisplayClass34_0.<<StartGateAsync>b__0>d.MoveNext()
[xUnit.net 00:00:08.89]         --- End of stack trace from previous location ---
[xUnit.net 00:00:08.89]         /work/tests/Erp.Testing/TestDatabaseServer.cs(156,0): at Erp.Testing.TestDatabaseServer.<>c__DisplayClass25_0.<<GateTemplateAsync>b__3>d.MoveNext()
[xUnit.net 00:00:08.89]         --- End of stack trace from previous location ---
[xUnit.net 00:00:08.89]         /work/tests/Erp.Testing/TestDatabaseServer.cs(161,0): at Erp.Testing.TestDatabaseServer.GateTemplateAsync(IDictionary`2 settings, Func`2 seed)
[xUnit.net 00:00:08.89]         /work/tests/Erp.Testing/ErpTestEnvironment.cs(87,0): at Erp.Testing.ErpTestEnvironment.StartGateAsync(IDictionary`2 settings)
[xUnit.net 00:00:08.89]         /work/tests/Erp.Gates.Tests/Infrastructure/GateFixture.cs(17,0): at Erp.Gates.Tests.Infrastructure.GateFixture.InitializeAsync()
[xUnit.net 00:00:08.90]     Erp.Gates.Tests.Rules.ShellGateTests.Stylesheets_and_inline_styles_use_logical_directions_only [FAIL]
[xUnit.net 00:00:08.90]       Assembly fixture type 'Erp.Gates.Tests.Infrastructure.GateFixture' threw in InitializeAsync
[xUnit.net 00:00:08.90]       ---- System.InvalidOperationException : Endpoint authorisation is incomplete:
[xUnit.net 00:00:08.90]       HTTP: DELETE /api/identity/me/preferences => ResetPreferences: declares no permission
[xUnit.net 00:00:08.90]       Stack Trace:
[xUnit.net 00:00:08.90]         
[xUnit.net 00:00:08.90]         ----- Inner Stack Trace -----
[xUnit.net 00:00:08.90]         /work/src/Kernel/Erp.Kernel/Hosting/ErpPlatform.cs(236,0): at Erp.Kernel.Hosting.ErpPlatform.ValidateEndpoints(WebApplication app)
[xUnit.net 00:00:08.90]         /work/src/Kernel/Erp.Kernel/Hosting/ErpPlatform.cs(202,0): at Erp.Kernel.Hosting.ErpPlatform.UseErpPlatform(WebApplication app)
[xUnit.net 00:00:08.90]         /work/src/Host/Erp.Host/Program.cs(8,0): at Program.<Main>$(String[] args)
[xUnit.net 00:00:08.90]            at Program.<Main>(String[] args)
[xUnit.net 00:00:08.90]            at System.Reflection.MethodBaseInvoker.InterpretedInvoke_Method(Object obj, IntPtr* args)
[xUnit.net 00:00:08.90]            at System.Reflection.MethodBaseInvoker.InvokeDirectByRefWithFewArgs(Object obj, Span`1 copyOfArgs, BindingFlags invokeAttr)
[xUnit.net 00:00:08.90]         --- End of stack trace from previous location ---
[xUnit.net 00:00:08.90]            at Microsoft.AspNetCore.Mvc.Testing.DeferredHostBuilder.DeferredHost.StartAsync(CancellationToken cancellationToken)
[xUnit.net 00:00:08.90]            at Microsoft.Extensions.Hosting.HostingAbstractionsHostExtensions.Start(IHost host)
[xUnit.net 00:00:08.90]            at Microsoft.AspNetCore.Mvc.Testing.WebApplicationFactory`1.CreateHost(IHostBuilder builder)
[xUnit.net 00:00:08.90]            at Microsoft.AspNetCore.Mvc.Testing.WebApplicationFactory`1.ConfigureHostBuilder(IHostBuilder hostBuilder)
[xUnit.net 00:00:08.90]            at Microsoft.AspNetCore.Mvc.Testing.WebApplicationFactory`1.StartServer()
[xUnit.net 00:00:08.90]            at Microsoft.AspNetCore.Mvc.Testing.WebApplicationFactory`1.get_Services()
[xUnit.net 00:00:08.90]         /work/tests/Erp.Testing/ErpTestEnvironment.cs(128,0): at Erp.Testing.ErpTestEnvironment.SeedAsync(TestDatabaseServer server, String database, SeedPlan plan, IDictionary`2 settings)
[xUnit.net 00:00:08.90]         /work/tests/Erp.Testing/ErpTestEnvironment.cs(138,0): at Erp.Testing.ErpTestEnvironment.SeedAsync(TestDatabaseServer server, String database, SeedPlan plan, IDictionary`2 settings)
[xUnit.net 00:00:08.90]         /work/tests/Erp.Testing/ErpTestEnvironment.cs(90,0): at Erp.Testing.ErpTestEnvironment.<>c__DisplayClass34_0.<<StartGateAsync>b__0>d.MoveNext()
[xUnit.net 00:00:08.90]         --- End of stack trace from previous location ---
[xUnit.net 00:00:08.90]         /work/tests/Erp.Testing/TestDatabaseServer.cs(156,0): at Erp.Testing.TestDatabaseServer.<>c__DisplayClass25_0.<<GateTemplateAsync>b__3>d.MoveNext()
[xUnit.net 00:00:08.90]         --- End of stack trace from previous location ---
[xUnit.net 00:00:08.90]         /work/tests/Erp.Testing/TestDatabaseServer.cs(161,0): at Erp.Testing.TestDatabaseServer.GateTemplateAsync(IDictionary`2 settings, Func`2 seed)
[xUnit.net 00:00:08.90]         /work/tests/Erp.Testing/ErpTestEnvironment.cs(87,0): at Erp.Testing.ErpTestEnvironment.StartGateAsync(IDictionary`2 settings)
[xUnit.net 00:00:08.90]         /work/tests/Erp.Gates.Tests/Infrastructure/GateFixture.cs(17,0): at Erp.Gates.Tests.Infrastructure.GateFixture.InitializeAsync()
  Failed Erp.Gates.Tests.Rules.AuditGateTests.Every_tenant_table_carries_the_audit_trigger_unless_reviewed_exempt [1 ms]
  Error Message:
   Assembly fixture type 'Erp.Gates.Tests.Infrastructure.GateFixture' threw in InitializeAsync
---- System.InvalidOperationException : Endpoint authorisation is incomplete:
HTTP: DELETE /api/identity/me/preferences => ResetPreferences: declares no permission
  Stack Trace:
  
----- Inner Stack Trace -----
   at Erp.Kernel.Hosting.ErpPlatform.ValidateEndpoints(WebApplication app) in /work/src/Kernel/Erp.Kernel/Hosting/ErpPlatform.cs:line 236
   at Erp.Kernel.Hosting.ErpPlatform.UseErpPlatform(WebApplication app) in /work/src/Kernel/Erp.Kernel/Hosting/ErpPlatform.cs:line 202
   at Program.<Main>$(String[] args) in /work/src/Host/Erp.Host/Program.cs:line 8
   at Program.<Main>(String[] args)
   at System.Reflection.MethodBaseInvoker.InterpretedInvoke_Method(Object obj, IntPtr* args)
   at System.Reflection.MethodBaseInvoker.InvokeDirectByRefWithFewArgs(Object obj, Span`1 copyOfArgs, BindingFlags invokeAttr)
--- End of stack trace from previous location ---
   at Microsoft.AspNetCore.Mvc.Testing.DeferredHostBuilder.DeferredHost.StartAsync(CancellationToken cancellationToken)
   at Microsoft.Extensions.Hosting.HostingAbstractionsHostExtensions.Start(IHost host)
   at Microsoft.AspNetCore.Mvc.Testing.WebApplicationFactory`1.CreateHost(IHostBuilder builder)
   at Microsoft.AspNetCore.Mvc.Testing.WebApplicationFactory`1.ConfigureHostBuilder(IHostBuilder hostBuilder)
   at Microsoft.AspNetCore.Mvc.Testing.WebApplicationFactory`1.StartServer()
   at Microsoft.AspNetCore.Mvc.Testing.WebApplicationFactory`1.get_Services()
   at Erp.Testing.ErpTestEnvironment.SeedAsync(TestDatabaseServer server, String database, SeedPlan plan, IDictionary`2 settings) in /work/tests/Erp.Testing/ErpTestEnvironment.cs:line 128
   at Erp.Testing.ErpTestEnvironment.SeedAsync(TestDatabaseServer server, String database, SeedPlan plan, IDictionary`2 settings) in /work/tests/Erp.Testing/ErpTestEnvironment.cs:line 138
   at Erp.Testing.ErpTestEnvironment.<>c__DisplayClass34_0.<<StartGateAsync>b__0>d.MoveNext() in /work/tests/Erp.Testing/ErpTestEnvironment.cs:line 90
--- End of stack trace from previous location ---
   at Erp.Testing.TestDatabaseServer.<>c__DisplayClass25_0.<<GateTemplateAsync>b__3>d.MoveNext() in /work/tests/Erp.Testing/TestDatabaseServer.cs:line 156
--- End of stack trace from previous location ---
   at Erp.Testing.TestDatabaseServer.GateTemplateAsync(IDictionary`2 settings, Func`2 seed) in /work/tests/Erp.Testing/TestDatabaseServer.cs:line 161
   at Erp.Testing.ErpTestEnvironment.StartGateAsync(IDictionary`2 settings) in /work/tests/Erp.Testing/ErpTestEnvironment.cs:line 87
   at Erp.Gates.Tests.Infrastructure.GateFixture.InitializeAsync() in /work/tests/Erp.Gates.Tests/Infrastructure/GateFixture.cs:line 17
  Failed Erp.Gates.Tests.Rules.ReportGateTests.Every_report_and_printable_list_renders_in_every_format_and_both_languages [1 ms]
  Error Message:
   Assembly fixture type 'Erp.Gates.Tests.Infrastructure.GateFixture' threw in InitializeAsync
---- System.InvalidOperationException : Endpoint authorisation is incomplete:
HTTP: DELETE /api/identity/me/preferences => ResetPreferences: declares no permission
  Stack Trace:
  
----- Inner Stack Trace -----
   at Erp.Kernel.Hosting.ErpPlatform.ValidateEndpoints(WebApplication app) in /work/src/Kernel/Erp.Kernel/Hosting/ErpPlatform.cs:line 236
   at Erp.Kernel.Hosting.ErpPlatform.UseErpPlatform(WebApplication app) in /work/src/Kernel/Erp.Kernel/Hosting/ErpPlatform.cs:line 202
   at Program.<Main>$(String[] args) in /work/src/Host/Erp.Host/Program.cs:line 8
   at Program.<Main>(String[] args)
   at System.Reflection.MethodBaseInvoker.InterpretedInvoke_Method(Object obj, IntPtr* args)
   at System.Reflection.MethodBaseInvoker.InvokeDirectByRefWithFewArgs(Object obj, Span`1 copyOfArgs, BindingFlags invokeAttr)
--- End of stack trace from previous location ---
   at Microsoft.AspNetCore.Mvc.Testing.DeferredHostBuilder.DeferredHost.StartAsync(CancellationToken cancellationToken)
   at Microsoft.Extensions.Hosting.HostingAbstractionsHostExtensions.Start(IHost host)
   at Microsoft.AspNetCore.Mvc.Testing.WebApplicationFactory`1.CreateHost(IHostBuilder builder)
   at Microsoft.AspNetCore.Mvc.Testing.WebApplicationFactory`1.ConfigureHostBuilder(IHostBuilder hostBuilder)
   at Microsoft.AspNetCore.Mvc.Testing.WebApplicationFactory`1.StartServer()
   at Microsoft.AspNetCore.Mvc.Testing.WebApplicationFactory`1.get_Services()
   at Erp.Testing.ErpTestEnvironment.SeedAsync(TestDatabaseServer server, String database, SeedPlan plan, IDictionary`2 settings) in /work/tests/Erp.Testing/ErpTestEnvironment.cs:line 128
   at Erp.Testing.ErpTestEnvironment.SeedAsync(TestDatabaseServer server, String database, SeedPlan plan, IDictionary`2 settings) in /work/tests/Erp.Testing/ErpTestEnvironment.cs:line 138
   at Erp.Testing.ErpTestEnvironment.<>c__DisplayClass34_0.<<StartGateAsync>b__0>d.MoveNext() in /work/tests/Erp.Testing/ErpTestEnvironment.cs:line 90
--- End of stack trace from previous location ---
   at Erp.Testing.TestDatabaseServer.<>c__DisplayClass25_0.<<GateTemplateAsync>b__3>d.MoveNext() in /work/tests/Erp.Testing/TestDatabaseServer.cs:line 156
--- End of stack trace from previous location ---
   at Erp.Testing.TestDatabaseServer.GateTemplateAsync(IDictionary`2 settings, Func`2 seed) in /work/tests/Erp.Testing/TestDatabaseServer.cs:line 161
   at Erp.Testing.ErpTestEnvironment.StartGateAsync(IDictionary`2 settings) in /work/tests/Erp.Testing/ErpTestEnvironment.cs:line 87
   at Erp.Gates.Tests.Infrastructure.GateFixture.InitializeAsync() in /work/tests/Erp.Gates.Tests/Infrastructure/GateFixture.cs:line 17
  Failed Erp.Gates.Tests.Rules.ReportGateTests.Every_list_is_printable_and_every_report_is_well_formed [1 ms]
  Error Message:
   Assembly fixture type 'Erp.Gates.Tests.Infrastructure.GateFixture' threw in InitializeAsync
---- System.InvalidOperationException : Endpoint authorisation is incomplete:
HTTP: DELETE /api/identity/me/preferences => ResetPreferences: declares no permission
  Stack Trace:
  
----- Inner Stack Trace -----
   at Erp.Kernel.Hosting.ErpPlatform.ValidateEndpoints(WebApplication app) in /work/src/Kernel/Erp.Kernel/Hosting/ErpPlatform.cs:line 236
   at Erp.Kernel.Hosting.ErpPlatform.UseErpPlatform(WebApplication app) in /work/src/Kernel/Erp.Kernel/Hosting/ErpPlatform.cs:line 202
   at Program.<Main>$(String[] args) in /work/src/Host/Erp.Host/Program.cs:line 8
   at Program.<Main>(String[] args)
   at System.Reflection.MethodBaseInvoker.InterpretedInvoke_Method(Object obj, IntPtr* args)
   at System.Reflection.MethodBaseInvoker.InvokeDirectByRefWithFewArgs(Object obj, Span`1 copyOfArgs, BindingFlags invokeAttr)
--- End of stack trace from previous location ---
   at Microsoft.AspNetCore.Mvc.Testing.DeferredHostBuilder.DeferredHost.StartAsync(CancellationToken cancellationToken)
   at Microsoft.Extensions.Hosting.HostingAbstractionsHostExtensions.Start(IHost host)
   at Microsoft.AspNetCore.Mvc.Testing.WebApplicationFactory`1.CreateHost(IHostBuilder builder)
   at Microsoft.AspNetCore.Mvc.Testing.WebApplicationFactory`1.ConfigureHostBuilder(IHostBuilder hostBuilder)
   at Microsoft.AspNetCore.Mvc.Testing.WebApplicationFactory`1.StartServer()
   at Microsoft.AspNetCore.Mvc.Testing.WebApplicationFactory`1.get_Services()
   at Erp.Testing.ErpTestEnvironment.SeedAsync(TestDatabaseServer server, String database, SeedPlan plan, IDictionary`2 settings) in /work/tests/Erp.Testing/ErpTestEnvironment.cs:line 128
   at Erp.Testing.ErpTestEnvironment.SeedAsync(TestDatabaseServer server, String database, SeedPlan plan, IDictionary`2 settings) in /work/tests/Erp.Testing/ErpTestEnvironment.cs:line 138
   at Erp.Testing.ErpTestEnvironment.<>c__DisplayClass34_0.<<StartGateAsync>b__0>d.MoveNext() in /work/tests/Erp.Testing/ErpTestEnvironment.cs:line 90
--- End of stack trace from previous location ---
   at Erp.Testing.TestDatabaseServer.<>c__DisplayClass25_0.<<GateTemplateAsync>b__3>d.MoveNext() in /work/tests/Erp.Testing/TestDatabaseServer.cs:line 156
--- End of stack trace from previous location ---
   at Erp.Testing.TestDatabaseServer.GateTemplateAsync(IDictionary`2 settings, Func`2 seed) in /work/tests/Erp.Testing/TestDatabaseServer.cs:line 161
   at Erp.Testing.ErpTestEnvironment.StartGateAsync(IDictionary`2 settings) in /work/tests/Erp.Testing/ErpTestEnvironment.cs:line 87
   at Erp.Gates.Tests.Infrastructure.GateFixture.InitializeAsync() in /work/tests/Erp.Gates.Tests/Infrastructure/GateFixture.cs:line 17
  Failed Erp.Gates.Tests.G1.G1TenantSettingCodeTests.The_scan_finds_a_helper_that_names_the_tenant_setting [1 ms]
  Error Message:
   Assembly fixture type 'Erp.Gates.Tests.Infrastructure.GateFixture' threw in InitializeAsync
---- System.InvalidOperationException : Endpoint authorisation is incomplete:
HTTP: DELETE /api/identity/me/preferences => ResetPreferences: declares no permission
  Stack Trace:
  
----- Inner Stack Trace -----
   at Erp.Kernel.Hosting.ErpPlatform.ValidateEndpoints(WebApplication app) in /work/src/Kernel/Erp.Kernel/Hosting/ErpPlatform.cs:line 236
   at Erp.Kernel.Hosting.ErpPlatform.UseErpPlatform(WebApplication app) in /work/src/Kernel/Erp.Kernel/Hosting/ErpPlatform.cs:line 202
   at Program.<Main>$(String[] args) in /work/src/Host/Erp.Host/Program.cs:line 8
   at Program.<Main>(String[] args)
   at System.Reflection.MethodBaseInvoker.InterpretedInvoke_Method(Object obj, IntPtr* args)
   at System.Reflection.MethodBaseInvoker.InvokeDirectByRefWithFewArgs(Object obj, Span`1 copyOfArgs, BindingFlags invokeAttr)
--- End of stack trace from previous location ---
   at Microsoft.AspNetCore.Mvc.Testing.DeferredHostBuilder.DeferredHost.StartAsync(CancellationToken cancellationToken)
   at Microsoft.Extensions.Hosting.HostingAbstractionsHostExtensions.Start(IHost host)
   at Microsoft.AspNetCore.Mvc.Testing.WebApplicationFactory`1.CreateHost(IHostBuilder builder)
   at Microsoft.AspNetCore.Mvc.Testing.WebApplicationFactory`1.ConfigureHostBuilder(IHostBuilder hostBuilder)
   at Microsoft.AspNetCore.Mvc.Testing.WebApplicationFactory`1.StartServer()
   at Microsoft.AspNetCore.Mvc.Testing.WebApplicationFactory`1.get_Services()
   at Erp.Testing.ErpTestEnvironment.SeedAsync(TestDatabaseServer server, String database, SeedPlan plan, IDictionary`2 settings) in /work/tests/Erp.Testing/ErpTestEnvironment.cs:line 128
   at Erp.Testing.ErpTestEnvironment.SeedAsync(TestDatabaseServer server, String database, SeedPlan plan, IDictionary`2 settings) in /work/tests/Erp.Testing/ErpTestEnvironment.cs:line 138
   at Erp.Testing.ErpTestEnvironment.<>c__DisplayClass34_0.<<StartGateAsync>b__0>d.MoveNext() in /work/tests/Erp.Testing/ErpTestEnvironment.cs:line 90
--- End of stack trace from previous location ---
   at Erp.Testing.TestDatabaseServer.<>c__DisplayClass25_0.<<GateTemplateAsync>b__3>d.MoveNext() in /work/tests/Erp.Testing/TestDatabaseServer.cs:line 156
--- End of stack trace from previous location ---
   at Erp.Testing.TestDatabaseServer.GateTemplateAsync(IDictionary`2 settings, Func`2 seed) in /work/tests/Erp.Testing/TestDatabaseServer.cs:line 161
   at Erp.Testing.ErpTestEnvironment.StartGateAsync(IDictionary`2 settings) in /work/tests/Erp.Testing/ErpTestEnvironment.cs:line 87
   at Erp.Gates.Tests.Infrastructure.GateFixture.InitializeAsync() in /work/tests/Erp.Gates.Tests/Infrastructure/GateFixture.cs:line 17
  Failed Erp.Gates.Tests.G1.G1TenantSettingCodeTests.Only_reviewed_methods_name_the_tenant_setting [1 ms]
  Error Message:
   Assembly fixture type 'Erp.Gates.Tests.Infrastructure.GateFixture' threw in InitializeAsync
---- System.InvalidOperationException : Endpoint authorisation is incomplete:
HTTP: DELETE /api/identity/me/preferences => ResetPreferences: declares no permission
  Stack Trace:
  
----- Inner Stack Trace -----
   at Erp.Kernel.Hosting.ErpPlatform.ValidateEndpoints(WebApplication app) in /work/src/Kernel/Erp.Kernel/Hosting/ErpPlatform.cs:line 236
   at Erp.Kernel.Hosting.ErpPlatform.UseErpPlatform(WebApplication app) in /work/src/Kernel/Erp.Kernel/Hosting/ErpPlatform.cs:line 202
   at Program.<Main>$(String[] args) in /work/src/Host/Erp.Host/Program.cs:line 8
   at Program.<Main>(String[] args)
   at System.Reflection.MethodBaseInvoker.InterpretedInvoke_Method(Object obj, IntPtr* args)
   at System.Reflection.MethodBaseInvoker.InvokeDirectByRefWithFewArgs(Object obj, Span`1 copyOfArgs, BindingFlags invokeAttr)
--- End of stack trace from previous location ---
   at Microsoft.AspNetCore.Mvc.Testing.DeferredHostBuilder.DeferredHost.StartAsync(CancellationToken cancellationToken)
   at Microsoft.Extensions.Hosting.HostingAbstractionsHostExtensions.Start(IHost host)
   at Microsoft.AspNetCore.Mvc.Testing.WebApplicationFactory`1.CreateHost(IHostBuilder builder)
   at Microsoft.AspNetCore.Mvc.Testing.WebApplicationFactory`1.ConfigureHostBuilder(IHostBuilder hostBuilder)
   at Microsoft.AspNetCore.Mvc.Testing.WebApplicationFactory`1.StartServer()
   at Microsoft.AspNetCore.Mvc.Testing.WebApplicationFactory`1.get_Services()
   at Erp.Testing.ErpTestEnvironment.SeedAsync(TestDatabaseServer server, String database, SeedPlan plan, IDictionary`2 settings) in /work/tests/Erp.Testing/ErpTestEnvironment.cs:line 128
   at Erp.Testing.ErpTestEnvironment.SeedAsync(TestDatabaseServer server, String database, SeedPlan plan, IDictionary`2 settings) in /work/tests/Erp.Testing/ErpTestEnvironment.cs:line 138
   at Erp.Testing.ErpTestEnvironment.<>c__DisplayClass34_0.<<StartGateAsync>b__0>d.MoveNext() in /work/tests/Erp.Testing/ErpTestEnvironment.cs:line 90
--- End of stack trace from previous location ---
   at Erp.Testing.TestDatabaseServer.<>c__DisplayClass25_0.<<GateTemplateAsync>b__3>d.MoveNext() in /work/tests/Erp.Testing/TestDatabaseServer.cs:line 156
--- End of stack trace from previous location ---
   at Erp.Testing.TestDatabaseServer.GateTemplateAsync(IDictionary`2 settings, Func`2 seed) in /work/tests/Erp.Testing/TestDatabaseServer.cs:line 161
   at Erp.Testing.ErpTestEnvironment.StartGateAsync(IDictionary`2 settings) in /work/tests/Erp.Testing/ErpTestEnvironment.cs:line 87
   at Erp.Gates.Tests.Infrastructure.GateFixture.InitializeAsync() in /work/tests/Erp.Gates.Tests/Infrastructure/GateFixture.cs:line 17
  Failed Erp.Gates.Tests.Rules.ShellGateTests.Every_navigation_group_has_an_English_and_Arabic_heading [1 ms]
  Error Message:
   Assembly fixture type 'Erp.Gates.Tests.Infrastructure.GateFixture' threw in InitializeAsync
---- System.InvalidOperationException : Endpoint authorisation is incomplete:
HTTP: DELETE /api/identity/me/preferences => ResetPreferences: declares no permission
  Stack Trace:
  
----- Inner Stack Trace -----
   at Erp.Kernel.Hosting.ErpPlatform.ValidateEndpoints(WebApplication app) in /work/src/Kernel/Erp.Kernel/Hosting/ErpPlatform.cs:line 236
   at Erp.Kernel.Hosting.ErpPlatform.UseErpPlatform(WebApplication app) in /work/src/Kernel/Erp.Kernel/Hosting/ErpPlatform.cs:line 202
   at Program.<Main>$(String[] args) in /work/src/Host/Erp.Host/Program.cs:line 8
   at Program.<Main>(String[] args)
   at System.Reflection.MethodBaseInvoker.InterpretedInvoke_Method(Object obj, IntPtr* args)
   at System.Reflection.MethodBaseInvoker.InvokeDirectByRefWithFewArgs(Object obj, Span`1 copyOfArgs, BindingFlags invokeAttr)
--- End of stack trace from previous location ---
   at Microsoft.AspNetCore.Mvc.Testing.DeferredHostBuilder.DeferredHost.StartAsync(CancellationToken cancellationToken)
   at Microsoft.Extensions.Hosting.HostingAbstractionsHostExtensions.Start(IHost host)
   at Microsoft.AspNetCore.Mvc.Testing.WebApplicationFactory`1.CreateHost(IHostBuilder builder)
   at Microsoft.AspNetCore.Mvc.Testing.WebApplicationFactory`1.ConfigureHostBuilder(IHostBuilder hostBuilder)
   at Microsoft.AspNetCore.Mvc.Testing.WebApplicationFactory`1.StartServer()
   at Microsoft.AspNetCore.Mvc.Testing.WebApplicationFactory`1.get_Services()
   at Erp.Testing.ErpTestEnvironment.SeedAsync(TestDatabaseServer server, String database, SeedPlan plan, IDictionary`2 settings) in /work/tests/Erp.Testing/ErpTestEnvironment.cs:line 128
   at Erp.Testing.ErpTestEnvironment.SeedAsync(TestDatabaseServer server, String database, SeedPlan plan, IDictionary`2 settings) in /work/tests/Erp.Testing/ErpTestEnvironment.cs:line 138
   at Erp.Testing.ErpTestEnvironment.<>c__DisplayClass34_0.<<StartGateAsync>b__0>d.MoveNext() in /work/tests/Erp.Testing/ErpTestEnvironment.cs:line 90
--- End of stack trace from previous location ---
   at Erp.Testing.TestDatabaseServer.<>c__DisplayClass25_0.<<GateTemplateAsync>b__3>d.MoveNext() in /work/tests/Erp.Testing/TestDatabaseServer.cs:line 156
--- End of stack trace from previous location ---
   at Erp.Testing.TestDatabaseServer.GateTemplateAsync(IDictionary`2 settings, Func`2 seed) in /work/tests/Erp.Testing/TestDatabaseServer.cs:line 161
   at Erp.Testing.ErpTestEnvironment.StartGateAsync(IDictionary`2 settings) in /work/tests/Erp.Testing/ErpTestEnvironment.cs:line 87
   at Erp.Gates.Tests.Infrastructure.GateFixture.InitializeAsync() in /work/tests/Erp.Gates.Tests/Infrastructure/GateFixture.cs:line 17
  Failed Erp.Gates.Tests.Rules.ShellGateTests.Language_and_digit_fields_document_their_allowed_values [1 ms]
  Error Message:
   Assembly fixture type 'Erp.Gates.Tests.Infrastructure.GateFixture' threw in InitializeAsync
---- System.InvalidOperationException : Endpoint authorisation is incomplete:
HTTP: DELETE /api/identity/me/preferences => ResetPreferences: declares no permission
  Stack Trace:
  
----- Inner Stack Trace -----
   at Erp.Kernel.Hosting.ErpPlatform.ValidateEndpoints(WebApplication app) in /work/src/Kernel/Erp.Kernel/Hosting/ErpPlatform.cs:line 236
   at Erp.Kernel.Hosting.ErpPlatform.UseErpPlatform(WebApplication app) in /work/src/Kernel/Erp.Kernel/Hosting/ErpPlatform.cs:line 202
   at Program.<Main>$(String[] args) in /work/src/Host/Erp.Host/Program.cs:line 8
   at Program.<Main>(String[] args)
   at System.Reflection.MethodBaseInvoker.InterpretedInvoke_Method(Object obj, IntPtr* args)
   at System.Reflection.MethodBaseInvoker.InvokeDirectByRefWithFewArgs(Object obj, Span`1 copyOfArgs, BindingFlags invokeAttr)
--- End of stack trace from previous location ---
   at Microsoft.AspNetCore.Mvc.Testing.DeferredHostBuilder.DeferredHost.StartAsync(CancellationToken cancellationToken)
   at Microsoft.Extensions.Hosting.HostingAbstractionsHostExtensions.Start(IHost host)
   at Microsoft.AspNetCore.Mvc.Testing.WebApplicationFactory`1.CreateHost(IHostBuilder builder)
   at Microsoft.AspNetCore.Mvc.Testing.WebApplicationFactory`1.ConfigureHostBuilder(IHostBuilder hostBuilder)
   at Microsoft.AspNetCore.Mvc.Testing.WebApplicationFactory`1.StartServer()
   at Microsoft.AspNetCore.Mvc.Testing.WebApplicationFactory`1.get_Services()
   at Erp.Testing.ErpTestEnvironment.SeedAsync(TestDatabaseServer server, String database, SeedPlan plan, IDictionary`2 settings) in /work/tests/Erp.Testing/ErpTestEnvironment.cs:line 128
   at Erp.Testing.ErpTestEnvironment.SeedAsync(TestDatabaseServer server, String database, SeedPlan plan, IDictionary`2 settings) in /work/tests/Erp.Testing/ErpTestEnvironment.cs:line 138
   at Erp.Testing.ErpTestEnvironment.<>c__DisplayClass34_0.<<StartGateAsync>b__0>d.MoveNext() in /work/tests/Erp.Testing/ErpTestEnvironment.cs:line 90
--- End of stack trace from previous location ---
   at Erp.Testing.TestDatabaseServer.<>c__DisplayClass25_0.<<GateTemplateAsync>b__3>d.MoveNext() in /work/tests/Erp.Testing/TestDatabaseServer.cs:line 156
--- End of stack trace from previous location ---
   at Erp.Testing.TestDatabaseServer.GateTemplateAsync(IDictionary`2 settings, Func`2 seed) in /work/tests/Erp.Testing/TestDatabaseServer.cs:line 161
   at Erp.Testing.ErpTestEnvironment.StartGateAsync(IDictionary`2 settings) in /work/tests/Erp.Testing/ErpTestEnvironment.cs:line 87
   at Erp.Gates.Tests.Infrastructure.GateFixture.InitializeAsync() in /work/tests/Erp.Gates.Tests/Infrastructure/GateFixture.cs:line 17
  Failed Erp.Gates.Tests.Rules.ShellGateTests.Screens_format_numbers_amounts_and_dates_through_the_kernel_formatter [1 ms]
  Error Message:
   Assembly fixture type 'Erp.Gates.Tests.Infrastructure.GateFixture' threw in InitializeAsync
---- System.InvalidOperationException : Endpoint authorisation is incomplete:
HTTP: DELETE /api/identity/me/preferences => ResetPreferences: declares no permission
  Stack Trace:
  
----- Inner Stack Trace -----
   at Erp.Kernel.Hosting.ErpPlatform.ValidateEndpoints(WebApplication app) in /work/src/Kernel/Erp.Kernel/Hosting/ErpPlatform.cs:line 236
   at Erp.Kernel.Hosting.ErpPlatform.UseErpPlatform(WebApplication app) in /work/src/Kernel/Erp.Kernel/Hosting/ErpPlatform.cs:line 202
   at Program.<Main>$(String[] args) in /work/src/Host/Erp.Host/Program.cs:line 8
   at Program.<Main>(String[] args)
   at System.Reflection.MethodBaseInvoker.InterpretedInvoke_Method(Object obj, IntPtr* args)
   at System.Reflection.MethodBaseInvoker.InvokeDirectByRefWithFewArgs(Object obj, Span`1 copyOfArgs, BindingFlags invokeAttr)
--- End of stack trace from previous location ---
   at Microsoft.AspNetCore.Mvc.Testing.DeferredHostBuilder.DeferredHost.StartAsync(CancellationToken cancellationToken)
   at Microsoft.Extensions.Hosting.HostingAbstractionsHostExtensions.Start(IHost host)
   at Microsoft.AspNetCore.Mvc.Testing.WebApplicationFactory`1.CreateHost(IHostBuilder builder)
   at Microsoft.AspNetCore.Mvc.Testing.WebApplicationFactory`1.ConfigureHostBuilder(IHostBuilder hostBuilder)
   at Microsoft.AspNetCore.Mvc.Testing.WebApplicationFactory`1.StartServer()
   at Microsoft.AspNetCore.Mvc.Testing.WebApplicationFactory`1.get_Services()
   at Erp.Testing.ErpTestEnvironment.SeedAsync(TestDatabaseServer server, String database, SeedPlan plan, IDictionary`2 settings) in /work/tests/Erp.Testing/ErpTestEnvironment.cs:line 128
   at Erp.Testing.ErpTestEnvironment.SeedAsync(TestDatabaseServer server, String database, SeedPlan plan, IDictionary`2 settings) in /work/tests/Erp.Testing/ErpTestEnvironment.cs:line 138
   at Erp.Testing.ErpTestEnvironment.<>c__DisplayClass34_0.<<StartGateAsync>b__0>d.MoveNext() in /work/tests/Erp.Testing/ErpTestEnvironment.cs:line 90
--- End of stack trace from previous location ---
   at Erp.Testing.TestDatabaseServer.<>c__DisplayClass25_0.<<GateTemplateAsync>b__3>d.MoveNext() in /work/tests/Erp.Testing/TestDatabaseServer.cs:line 156
--- End of stack trace from previous location ---
   at Erp.Testing.TestDatabaseServer.GateTemplateAsync(IDictionary`2 settings, Func`2 seed) in /work/tests/Erp.Testing/TestDatabaseServer.cs:line 161
   at Erp.Testing.ErpTestEnvironment.StartGateAsync(IDictionary`2 settings) in /work/tests/Erp.Testing/ErpTestEnvironment.cs:line 87
   at Erp.Gates.Tests.Infrastructure.GateFixture.InitializeAsync() in /work/tests/Erp.Gates.Tests/Infrastructure/GateFixture.cs:line 17
  Failed Erp.Gates.Tests.Rules.ShellGateTests.Stylesheets_and_inline_styles_use_logical_directions_only [1 ms]
  Error Message:
   Assembly fixture type 'Erp.Gates.Tests.Infrastructure.GateFixture' threw in InitializeAsync
---- System.InvalidOperationException : Endpoint authorisation is incomplete:
HTTP: DELETE /api/identity/me/preferences => ResetPreferences: declares no permission
  Stack Trace:
  
----- Inner Stack Trace -----
   at Erp.Kernel.Hosting.ErpPlatform.ValidateEndpoints(WebApplication app) in /work/src/Kernel/Erp.Kernel/Hosting/ErpPlatform.cs:line 236
   at Erp.Kernel.Hosting.ErpPlatform.UseErpPlatform(WebApplication app) in /work/src/Kernel/Erp.Kernel/Hosting/ErpPlatform.cs:line 202
   at Program.<Main>$(String[] args) in /work/src/Host/Erp.Host/Program.cs:line 8
   at Program.<Main>(String[] args)
   at System.Reflection.MethodBaseInvoker.InterpretedInvoke_Method(Object obj, IntPtr* args)
   at System.Reflection.MethodBaseInvoker.InvokeDirectByRefWithFewArgs(Object obj, Span`1 copyOfArgs, BindingFlags invokeAttr)
--- End of stack trace from previous location ---
   at Microsoft.AspNetCore.Mvc.Testing.DeferredHostBuilder.DeferredHost.StartAsync(CancellationToken cancellationToken)
   at Microsoft.Extensions.Hosting.HostingAbstractionsHostExtensions.Start(IHost host)
   at Microsoft.AspNetCore.Mvc.Testing.WebApplicationFactory`1.CreateHost(IHostBuilder builder)
   at Microsoft.AspNetCore.Mvc.Testing.WebApplicationFactory`1.ConfigureHostBuilder(IHostBuilder hostBuilder)
   at Microsoft.AspNetCore.Mvc.Testing.WebApplicationFactory`1.StartServer()
   at Microsoft.AspNetCore.Mvc.Testing.WebApplicationFactory`1.get_Services()
   at Erp.Testing.ErpTestEnvironment.SeedAsync(TestDatabaseServer server, String database, SeedPlan plan, IDictionary`2 settings) in /work/tests/Erp.Testing/ErpTestEnvironment.cs:line 128
   at Erp.Testing.ErpTestEnvironment.SeedAsync(TestDatabaseServer server, String database, SeedPlan plan, IDictionary`2 settings) in /work/tests/Erp.Testing/ErpTestEnvironment.cs:line 138
   at Erp.Testing.ErpTestEnvironment.<>c__DisplayClass34_0.<<StartGateAsync>b__0>d.MoveNext() in /work/tests/Erp.Testing/ErpTestEnvironment.cs:line 90
--- End of stack trace from previous location ---
   at Erp.Testing.TestDatabaseServer.<>c__DisplayClass25_0.<<GateTemplateAsync>b__3>d.MoveNext() in /work/tests/Erp.Testing/TestDatabaseServer.cs:line 156
--- End of stack trace from previous location ---
   at Erp.Testing.TestDatabaseServer.GateTemplateAsync(IDictionary`2 settings, Func`2 seed) in /work/tests/Erp.Testing/TestDatabaseServer.cs:line 161
   at Erp.Testing.ErpTestEnvironment.StartGateAsync(IDictionary`2 settings) in /work/tests/Erp.Testing/ErpTestEnvironment.cs:line 87
   at Erp.Gates.Tests.Infrastructure.GateFixture.InitializeAsync() in /work/tests/Erp.Gates.Tests/Infrastructure/GateFixture.cs:line 17
[xUnit.net 00:00:08.90]     Erp.Gates.Tests.G2.G2CompanyAccessGrantTests.Company_access_is_given_and_taken_only_within_what_the_caller_holds_and_never_from_a_stronger_user [FAIL]
[xUnit.net 00:00:08.90]       Assembly fixture type 'Erp.Gates.Tests.Infrastructure.GateFixture' threw in InitializeAsync
[xUnit.net 00:00:08.90]       ---- System.InvalidOperationException : Endpoint authorisation is incomplete:
[xUnit.net 00:00:08.90]       HTTP: DELETE /api/identity/me/preferences => ResetPreferences: declares no permission
[xUnit.net 00:00:08.90]       Stack Trace:
[xUnit.net 00:00:08.90]         
[xUnit.net 00:00:08.90]         ----- Inner Stack Trace -----
[xUnit.net 00:00:08.90]         /work/src/Kernel/Erp.Kernel/Hosting/ErpPlatform.cs(236,0): at Erp.Kernel.Hosting.ErpPlatform.ValidateEndpoints(WebApplication app)
[xUnit.net 00:00:08.90]         /work/src/Kernel/Erp.Kernel/Hosting/ErpPlatform.cs(202,0): at Erp.Kernel.Hosting.ErpPlatform.UseErpPlatform(WebApplication app)
[xUnit.net 00:00:08.90]         /work/src/Host/Erp.Host/Program.cs(8,0): at Program.<Main>$(String[] args)
[xUnit.net 00:00:08.90]            at Program.<Main>(String[] args)
[xUnit.net 00:00:08.90]            at System.Reflection.MethodBaseInvoker.InterpretedInvoke_Method(Object obj, IntPtr* args)
[xUnit.net 00:00:08.90]            at System.Reflection.MethodBaseInvoker.InvokeDirectByRefWithFewArgs(Object obj, Span`1 copyOfArgs, BindingFlags invokeAttr)
[xUnit.net 00:00:08.90]         --- End of stack trace from previous location ---
[xUnit.net 00:00:08.90]            at Microsoft.AspNetCore.Mvc.Testing.DeferredHostBuilder.DeferredHost.StartAsync(CancellationToken cancellationToken)
[xUnit.net 00:00:08.90]            at Microsoft.Extensions.Hosting.HostingAbstractionsHostExtensions.Start(IHost host)
[xUnit.net 00:00:08.90]            at Microsoft.AspNetCore.Mvc.Testing.WebApplicationFactory`1.CreateHost(IHostBuilder builder)
[xUnit.net 00:00:08.90]            at Microsoft.AspNetCore.Mvc.Testing.WebApplicationFactory`1.ConfigureHostBuilder(IHostBuilder hostBuilder)
[xUnit.net 00:00:08.90]            at Microsoft.AspNetCore.Mvc.Testing.WebApplicationFactory`1.StartServer()
[xUnit.net 00:00:08.90]            at Microsoft.AspNetCore.Mvc.Testing.WebApplicationFactory`1.get_Services()
[xUnit.net 00:00:08.90]         /work/tests/Erp.Testing/ErpTestEnvironment.cs(128,0): at Erp.Testing.ErpTestEnvironment.SeedAsync(TestDatabaseServer server, String database, SeedPlan plan, IDictionary`2 settings)
[xUnit.net 00:00:08.90]         /work/tests/Erp.Testing/ErpTestEnvironment.cs(138,0): at Erp.Testing.ErpTestEnvironment.SeedAsync(TestDatabaseServer server, String database, SeedPlan plan, IDictionary`2 settings)
[xUnit.net 00:00:08.90]         /work/tests/Erp.Testing/ErpTestEnvironment.cs(90,0): at Erp.Testing.ErpTestEnvironment.<>c__DisplayClass34_0.<<StartGateAsync>b__0>d.MoveNext()
[xUnit.net 00:00:08.90]         --- End of stack trace from previous location ---
[xUnit.net 00:00:08.90]         /work/tests/Erp.Testing/TestDatabaseServer.cs(156,0): at Erp.Testing.TestDatabaseServer.<>c__DisplayClass25_0.<<GateTemplateAsync>b__3>d.MoveNext()
[xUnit.net 00:00:08.90]         --- End of stack trace from previous location ---
[xUnit.net 00:00:08.90]         /work/tests/Erp.Testing/TestDatabaseServer.cs(161,0): at Erp.Testing.TestDatabaseServer.GateTemplateAsync(IDictionary`2 settings, Func`2 seed)
[xUnit.net 00:00:08.90]         /work/tests/Erp.Testing/ErpTestEnvironment.cs(87,0): at Erp.Testing.ErpTestEnvironment.StartGateAsync(IDictionary`2 settings)
[xUnit.net 00:00:08.90]         /work/tests/Erp.Gates.Tests/Infrastructure/GateFixture.cs(17,0): at Erp.Gates.Tests.Infrastructure.GateFixture.InitializeAsync()
[xUnit.net 00:00:08.90]     Erp.Gates.Tests.G1.G1HttpIsolationTests.Tenant_A_cannot_reach_tenant_B_through_any_endpoint [FAIL]
[xUnit.net 00:00:08.90]       Assembly fixture type 'Erp.Gates.Tests.Infrastructure.GateFixture' threw in InitializeAsync
[xUnit.net 00:00:08.90]       ---- System.InvalidOperationException : Endpoint authorisation is incomplete:
[xUnit.net 00:00:08.90]       HTTP: DELETE /api/identity/me/preferences => ResetPreferences: declares no permission
[xUnit.net 00:00:08.90]       Stack Trace:
[xUnit.net 00:00:08.90]         
[xUnit.net 00:00:08.90]         ----- Inner Stack Trace -----
[xUnit.net 00:00:08.90]         /work/src/Kernel/Erp.Kernel/Hosting/ErpPlatform.cs(236,0): at Erp.Kernel.Hosting.ErpPlatform.ValidateEndpoints(WebApplication app)
[xUnit.net 00:00:08.90]         /work/src/Kernel/Erp.Kernel/Hosting/ErpPlatform.cs(202,0): at Erp.Kernel.Hosting.ErpPlatform.UseErpPlatform(WebApplication app)
[xUnit.net 00:00:08.90]         /work/src/Host/Erp.Host/Program.cs(8,0): at Program.<Main>$(String[] args)
[xUnit.net 00:00:08.90]            at Program.<Main>(String[] args)
[xUnit.net 00:00:08.90]            at System.Reflection.MethodBaseInvoker.InterpretedInvoke_Method(Object obj, IntPtr* args)
[xUnit.net 00:00:08.90]            at System.Reflection.MethodBaseInvoker.InvokeDirectByRefWithFewArgs(Object obj, Span`1 copyOfArgs, BindingFlags invokeAttr)
[xUnit.net 00:00:08.90]         --- End of stack trace from previous location ---
[xUnit.net 00:00:08.90]            at Microsoft.AspNetCore.Mvc.Testing.DeferredHostBuilder.DeferredHost.StartAsync(CancellationToken cancellationToken)
[xUnit.net 00:00:08.90]            at Microsoft.Extensions.Hosting.HostingAbstractionsHostExtensions.Start(IHost host)
[xUnit.net 00:00:08.90]            at Microsoft.AspNetCore.Mvc.Testing.WebApplicationFactory`1.CreateHost(IHostBuilder builder)
[xUnit.net 00:00:08.90]            at Microsoft.AspNetCore.Mvc.Testing.WebApplicationFactory`1.ConfigureHostBuilder(IHostBuilder hostBuilder)
[xUnit.net 00:00:08.90]            at Microsoft.AspNetCore.Mvc.Testing.WebApplicationFactory`1.StartServer()
[xUnit.net 00:00:08.90]            at Microsoft.AspNetCore.Mvc.Testing.WebApplicationFactory`1.get_Services()
[xUnit.net 00:00:08.90]         /work/tests/Erp.Testing/ErpTestEnvironment.cs(128,0): at Erp.Testing.ErpTestEnvironment.SeedAsync(TestDatabaseServer server, String database, SeedPlan plan, IDictionary`2 settings)
[xUnit.net 00:00:08.90]         /work/tests/Erp.Testing/ErpTestEnvironment.cs(138,0): at Erp.Testing.ErpTestEnvironment.SeedAsync(TestDatabaseServer server, String database, SeedPlan plan, IDictionary`2 settings)
[xUnit.net 00:00:08.90]         /work/tests/Erp.Testing/ErpTestEnvironment.cs(90,0): at Erp.Testing.ErpTestEnvironment.<>c__DisplayClass34_0.<<StartGateAsync>b__0>d.MoveNext()
[xUnit.net 00:00:08.90]         --- End of stack trace from previous location ---
[xUnit.net 00:00:08.90]         /work/tests/Erp.Testing/TestDatabaseServer.cs(156,0): at Erp.Testing.TestDatabaseServer.<>c__DisplayClass25_0.<<GateTemplateAsync>b__3>d.MoveNext()
[xUnit.net 00:00:08.90]         --- End of stack trace from previous location ---
[xUnit.net 00:00:08.90]         /work/tests/Erp.Testing/TestDatabaseServer.cs(161,0): at Erp.Testing.TestDatabaseServer.GateTemplateAsync(IDictionary`2 settings, Func`2 seed)
[xUnit.net 00:00:08.90]         /work/tests/Erp.Testing/ErpTestEnvironment.cs(87,0): at Erp.Testing.ErpTestEnvironment.StartGateAsync(IDictionary`2 settings)
[xUnit.net 00:00:08.90]         /work/tests/Erp.Gates.Tests/Infrastructure/GateFixture.cs(17,0): at Erp.Gates.Tests.Infrastructure.GateFixture.InitializeAsync()
[xUnit.net 00:00:08.91]     Erp.Gates.Tests.Rules.StringGateTests.Count_messages_use_plural_forms [FAIL]
[xUnit.net 00:00:08.91]       Assembly fixture type 'Erp.Gates.Tests.Infrastructure.GateFixture' threw in InitializeAsync
[xUnit.net 00:00:08.91]       ---- System.InvalidOperationException : Endpoint authorisation is incomplete:
[xUnit.net 00:00:08.91]       HTTP: DELETE /api/identity/me/preferences => ResetPreferences: declares no permission
[xUnit.net 00:00:08.91]       Stack Trace:
[xUnit.net 00:00:08.91]         
[xUnit.net 00:00:08.91]         ----- Inner Stack Trace -----
[xUnit.net 00:00:08.91]         /work/src/Kernel/Erp.Kernel/Hosting/ErpPlatform.cs(236,0): at Erp.Kernel.Hosting.ErpPlatform.ValidateEndpoints(WebApplication app)
[xUnit.net 00:00:08.91]         /work/src/Kernel/Erp.Kernel/Hosting/ErpPlatform.cs(202,0): at Erp.Kernel.Hosting.ErpPlatform.UseErpPlatform(WebApplication app)
[xUnit.net 00:00:08.91]         /work/src/Host/Erp.Host/Program.cs(8,0): at Program.<Main>$(String[] args)
[xUnit.net 00:00:08.91]            at Program.<Main>(String[] args)
[xUnit.net 00:00:08.91]            at System.Reflection.MethodBaseInvoker.InterpretedInvoke_Method(Object obj, IntPtr* args)
[xUnit.net 00:00:08.91]            at System.Reflection.MethodBaseInvoker.InvokeDirectByRefWithFewArgs(Object obj, Span`1 copyOfArgs, BindingFlags invokeAttr)
[xUnit.net 00:00:08.91]         --- End of stack trace from previous location ---
[xUnit.net 00:00:08.91]            at Microsoft.AspNetCore.Mvc.Testing.DeferredHostBuilder.DeferredHost.StartAsync(CancellationToken cancellationToken)
[xUnit.net 00:00:08.91]            at Microsoft.Extensions.Hosting.HostingAbstractionsHostExtensions.Start(IHost host)
[xUnit.net 00:00:08.91]            at Microsoft.AspNetCore.Mvc.Testing.WebApplicationFactory`1.CreateHost(IHostBuilder builder)
[xUnit.net 00:00:08.91]            at Microsoft.AspNetCore.Mvc.Testing.WebApplicationFactory`1.ConfigureHostBuilder(IHostBuilder hostBuilder)
[xUnit.net 00:00:08.91]            at Microsoft.AspNetCore.Mvc.Testing.WebApplicationFactory`1.StartServer()
[xUnit.net 00:00:08.91]            at Microsoft.AspNetCore.Mvc.Testing.WebApplicationFactory`1.get_Services()
[xUnit.net 00:00:08.91]         /work/tests/Erp.Testing/ErpTestEnvironment.cs(128,0): at Erp.Testing.ErpTestEnvironment.SeedAsync(TestDatabaseServer server, String database, SeedPlan plan, IDictionary`2 settings)
[xUnit.net 00:00:08.91]         /work/tests/Erp.Testing/ErpTestEnvironment.cs(138,0): at Erp.Testing.ErpTestEnvironment.SeedAsync(TestDatabaseServer server, String database, SeedPlan plan, IDictionary`2 settings)
[xUnit.net 00:00:08.91]         /work/tests/Erp.Testing/ErpTestEnvironment.cs(90,0): at Erp.Testing.ErpTestEnvironment.<>c__DisplayClass34_0.<<StartGateAsync>b__0>d.MoveNext()
[xUnit.net 00:00:08.91]         --- End of stack trace from previous location ---
[xUnit.net 00:00:08.91]         /work/tests/Erp.Testing/TestDatabaseServer.cs(156,0): at Erp.Testing.TestDatabaseServer.<>c__DisplayClass25_0.<<GateTemplateAsync>b__3>d.MoveNext()
[xUnit.net 00:00:08.91]         --- End of stack trace from previous location ---
[xUnit.net 00:00:08.91]         /work/tests/Erp.Testing/TestDatabaseServer.cs(161,0): at Erp.Testing.TestDatabaseServer.GateTemplateAsync(IDictionary`2 settings, Func`2 seed)
[xUnit.net 00:00:08.91]         /work/tests/Erp.Testing/ErpTestEnvironment.cs(87,0): at Erp.Testing.ErpTestEnvironment.StartGateAsync(IDictionary`2 settings)
[xUnit.net 00:00:08.91]         /work/tests/Erp.Gates.Tests/Infrastructure/GateFixture.cs(17,0): at Erp.Gates.Tests.Infrastructure.GateFixture.InitializeAsync()
[xUnit.net 00:00:08.91]     Erp.Gates.Tests.Rules.StringGateTests.Every_problem_and_validation_code_in_server_code_has_text [FAIL]
[xUnit.net 00:00:08.91]       Assembly fixture type 'Erp.Gates.Tests.Infrastructure.GateFixture' threw in InitializeAsync
[xUnit.net 00:00:08.91]       ---- System.InvalidOperationException : Endpoint authorisation is incomplete:
[xUnit.net 00:00:08.91]       HTTP: DELETE /api/identity/me/preferences => ResetPreferences: declares no permission
[xUnit.net 00:00:08.91]       Stack Trace:
[xUnit.net 00:00:08.91]         
[xUnit.net 00:00:08.91]         ----- Inner Stack Trace -----
[xUnit.net 00:00:08.91]         /work/src/Kernel/Erp.Kernel/Hosting/ErpPlatform.cs(236,0): at Erp.Kernel.Hosting.ErpPlatform.ValidateEndpoints(WebApplication app)
[xUnit.net 00:00:08.91]         /work/src/Kernel/Erp.Kernel/Hosting/ErpPlatform.cs(202,0): at Erp.Kernel.Hosting.ErpPlatform.UseErpPlatform(WebApplication app)
[xUnit.net 00:00:08.91]         /work/src/Host/Erp.Host/Program.cs(8,0): at Program.<Main>$(String[] args)
[xUnit.net 00:00:08.91]            at Program.<Main>(String[] args)
[xUnit.net 00:00:08.91]            at System.Reflection.MethodBaseInvoker.InterpretedInvoke_Method(Object obj, IntPtr* args)
[xUnit.net 00:00:08.91]            at System.Reflection.MethodBaseInvoker.InvokeDirectByRefWithFewArgs(Object obj, Span`1 copyOfArgs, BindingFlags invokeAttr)
[xUnit.net 00:00:08.91]         --- End of stack trace from previous location ---
[xUnit.net 00:00:08.91]            at Microsoft.AspNetCore.Mvc.Testing.DeferredHostBuilder.DeferredHost.StartAsync(CancellationToken cancellationToken)
[xUnit.net 00:00:08.91]            at Microsoft.Extensions.Hosting.HostingAbstractionsHostExtensions.Start(IHost host)
[xUnit.net 00:00:08.91]            at Microsoft.AspNetCore.Mvc.Testing.WebApplicationFactory`1.CreateHost(IHostBuilder builder)
[xUnit.net 00:00:08.91]            at Microsoft.AspNetCore.Mvc.Testing.WebApplicationFactory`1.ConfigureHostBuilder(IHostBuilder hostBuilder)
[xUnit.net 00:00:08.91]            at Microsoft.AspNetCore.Mvc.Testing.WebApplicationFactory`1.StartServer()
[xUnit.net 00:00:08.91]            at Microsoft.AspNetCore.Mvc.Testing.WebApplicationFactory`1.get_Services()
[xUnit.net 00:00:08.91]         /work/tests/Erp.Testing/ErpTestEnvironment.cs(128,0): at Erp.Testing.ErpTestEnvironment.SeedAsync(TestDatabaseServer server, String database, SeedPlan plan, IDictionary`2 settings)
[xUnit.net 00:00:08.91]         /work/tests/Erp.Testing/ErpTestEnvironment.cs(138,0): at Erp.Testing.ErpTestEnvironment.SeedAsync(TestDatabaseServer server, String database, SeedPlan plan, IDictionary`2 settings)
[xUnit.net 00:00:08.91]         /work/tests/Erp.Testing/ErpTestEnvironment.cs(90,0): at Erp.Testing.ErpTestEnvironment.<>c__DisplayClass34_0.<<StartGateAsync>b__0>d.MoveNext()
[xUnit.net 00:00:08.91]         --- End of stack trace from previous location ---
[xUnit.net 00:00:08.91]         /work/tests/Erp.Testing/TestDatabaseServer.cs(156,0): at Erp.Testing.TestDatabaseServer.<>c__DisplayClass25_0.<<GateTemplateAsync>b__3>d.MoveNext()
[xUnit.net 00:00:08.91]         --- End of stack trace from previous location ---
[xUnit.net 00:00:08.91]         /work/tests/Erp.Testing/TestDatabaseServer.cs(161,0): at Erp.Testing.TestDatabaseServer.GateTemplateAsync(IDictionary`2 settings, Func`2 seed)
[xUnit.net 00:00:08.91]         /work/tests/Erp.Testing/ErpTestEnvironment.cs(87,0): at Erp.Testing.ErpTestEnvironment.StartGateAsync(IDictionary`2 settings)
[xUnit.net 00:00:08.91]         /work/tests/Erp.Gates.Tests/Infrastructure/GateFixture.cs(17,0): at Erp.Gates.Tests.Infrastructure.GateFixture.InitializeAsync()
[xUnit.net 00:00:08.91]     Erp.Gates.Tests.Rules.StringGateTests.Every_permission_module_and_menu_entry_has_labels [FAIL]
[xUnit.net 00:00:08.91]       Assembly fixture type 'Erp.Gates.Tests.Infrastructure.GateFixture' threw in InitializeAsync
[xUnit.net 00:00:08.91]       ---- System.InvalidOperationException : Endpoint authorisation is incomplete:
[xUnit.net 00:00:08.91]       HTTP: DELETE /api/identity/me/preferences => ResetPreferences: declares no permission
[xUnit.net 00:00:08.91]       Stack Trace:
[xUnit.net 00:00:08.91]         
[xUnit.net 00:00:08.91]         ----- Inner Stack Trace -----
[xUnit.net 00:00:08.91]         /work/src/Kernel/Erp.Kernel/Hosting/ErpPlatform.cs(236,0): at Erp.Kernel.Hosting.ErpPlatform.ValidateEndpoints(WebApplication app)
[xUnit.net 00:00:08.91]         /work/src/Kernel/Erp.Kernel/Hosting/ErpPlatform.cs(202,0): at Erp.Kernel.Hosting.ErpPlatform.UseErpPlatform(WebApplication app)
[xUnit.net 00:00:08.91]         /work/src/Host/Erp.Host/Program.cs(8,0): at Program.<Main>$(String[] args)
[xUnit.net 00:00:08.91]            at Program.<Main>(String[] args)
[xUnit.net 00:00:08.91]            at System.Reflection.MethodBaseInvoker.InterpretedInvoke_Method(Object obj, IntPtr* args)
[xUnit.net 00:00:08.91]            at System.Reflection.MethodBaseInvoker.InvokeDirectByRefWithFewArgs(Object obj, Span`1 copyOfArgs, BindingFlags invokeAttr)
[xUnit.net 00:00:08.91]         --- End of stack trace from previous location ---
[xUnit.net 00:00:08.91]            at Microsoft.AspNetCore.Mvc.Testing.DeferredHostBuilder.DeferredHost.StartAsync(CancellationToken cancellationToken)
[xUnit.net 00:00:08.91]            at Microsoft.Extensions.Hosting.HostingAbstractionsHostExtensions.Start(IHost host)
[xUnit.net 00:00:08.91]            at Microsoft.AspNetCore.Mvc.Testing.WebApplicationFactory`1.CreateHost(IHostBuilder builder)
[xUnit.net 00:00:08.91]            at Microsoft.AspNetCore.Mvc.Testing.WebApplicationFactory`1.ConfigureHostBuilder(IHostBuilder hostBuilder)
[xUnit.net 00:00:08.91]            at Microsoft.AspNetCore.Mvc.Testing.WebApplicationFactory`1.StartServer()
[xUnit.net 00:00:08.91]            at Microsoft.AspNetCore.Mvc.Testing.WebApplicationFactory`1.get_Services()
[xUnit.net 00:00:08.91]         /work/tests/Erp.Testing/ErpTestEnvironment.cs(128,0): at Erp.Testing.ErpTestEnvironment.SeedAsync(TestDatabaseServer server, String database, SeedPlan plan, IDictionary`2 settings)
[xUnit.net 00:00:08.91]         /work/tests/Erp.Testing/ErpTestEnvironment.cs(138,0): at Erp.Testing.ErpTestEnvironment.SeedAsync(TestDatabaseServer server, String database, SeedPlan plan, IDictionary`2 settings)
[xUnit.net 00:00:08.91]         /work/tests/Erp.Testing/ErpTestEnvironment.cs(90,0): at Erp.Testing.ErpTestEnvironment.<>c__DisplayClass34_0.<<StartGateAsync>b__0>d.MoveNext()
[xUnit.net 00:00:08.91]         --- End of stack trace from previous location ---
[xUnit.net 00:00:08.91]         /work/tests/Erp.Testing/TestDatabaseServer.cs(156,0): at Erp.Testing.TestDatabaseServer.<>c__DisplayClass25_0.<<GateTemplateAsync>b__3>d.MoveNext()
[xUnit.net 00:00:08.91]         --- End of stack trace from previous location ---
[xUnit.net 00:00:08.91]         /work/tests/Erp.Testing/TestDatabaseServer.cs(161,0): at Erp.Testing.TestDatabaseServer.GateTemplateAsync(IDictionary`2 settings, Func`2 seed)
[xUnit.net 00:00:08.91]         /work/tests/Erp.Testing/ErpTestEnvironment.cs(87,0): at Erp.Testing.ErpTestEnvironment.StartGateAsync(IDictionary`2 settings)
[xUnit.net 00:00:08.91]         /work/tests/Erp.Gates.Tests/Infrastructure/GateFixture.cs(17,0): at Erp.Gates.Tests.Infrastructure.GateFixture.InitializeAsync()
[xUnit.net 00:00:08.91]     Erp.Gates.Tests.Rules.StringGateTests.Web_string_files_have_matching_English_and_Arabic_keys [FAIL]
[xUnit.net 00:00:08.91]       Assembly fixture type 'Erp.Gates.Tests.Infrastructure.GateFixture' threw in InitializeAsync
[xUnit.net 00:00:08.91]       ---- System.InvalidOperationException : Endpoint authorisation is incomplete:
[xUnit.net 00:00:08.91]       HTTP: DELETE /api/identity/me/preferences => ResetPreferences: declares no permission
[xUnit.net 00:00:08.91]       Stack Trace:
[xUnit.net 00:00:08.91]         
[xUnit.net 00:00:08.91]         ----- Inner Stack Trace -----
[xUnit.net 00:00:08.91]         /work/src/Kernel/Erp.Kernel/Hosting/ErpPlatform.cs(236,0): at Erp.Kernel.Hosting.ErpPlatform.ValidateEndpoints(WebApplication app)
[xUnit.net 00:00:08.91]         /work/src/Kernel/Erp.Kernel/Hosting/ErpPlatform.cs(202,0): at Erp.Kernel.Hosting.ErpPlatform.UseErpPlatform(WebApplication app)
[xUnit.net 00:00:08.91]         /work/src/Host/Erp.Host/Program.cs(8,0): at Program.<Main>$(String[] args)
[xUnit.net 00:00:08.91]            at Program.<Main>(String[] args)
[xUnit.net 00:00:08.91]            at System.Reflection.MethodBaseInvoker.InterpretedInvoke_Method(Object obj, IntPtr* args)
[xUnit.net 00:00:08.91]            at System.Reflection.MethodBaseInvoker.InvokeDirectByRefWithFewArgs(Object obj, Span`1 copyOfArgs, BindingFlags invokeAttr)
[xUnit.net 00:00:08.91]         --- End of stack trace from previous location ---
[xUnit.net 00:00:08.91]            at Microsoft.AspNetCore.Mvc.Testing.DeferredHostBuilder.DeferredHost.StartAsync(CancellationToken cancellationToken)
[xUnit.net 00:00:08.91]            at Microsoft.Extensions.Hosting.HostingAbstractionsHostExtensions.Start(IHost host)
[xUnit.net 00:00:08.91]            at Microsoft.AspNetCore.Mvc.Testing.WebApplicationFactory`1.CreateHost(IHostBuilder builder)
[xUnit.net 00:00:08.91]            at Microsoft.AspNetCore.Mvc.Testing.WebApplicationFactory`1.ConfigureHostBuilder(IHostBuilder hostBuilder)
[xUnit.net 00:00:08.91]            at Microsoft.AspNetCore.Mvc.Testing.WebApplicationFactory`1.StartServer()
[xUnit.net 00:00:08.91]            at Microsoft.AspNetCore.Mvc.Testing.WebApplicationFactory`1.get_Services()
[xUnit.net 00:00:08.91]         /work/tests/Erp.Testing/ErpTestEnvironment.cs(128,0): at Erp.Testing.ErpTestEnvironment.SeedAsync(TestDatabaseServer server, String database, SeedPlan plan, IDictionary`2 settings)
[xUnit.net 00:00:08.91]         /work/tests/Erp.Testing/ErpTestEnvironment.cs(138,0): at Erp.Testing.ErpTestEnvironment.SeedAsync(TestDatabaseServer server, String database, SeedPlan plan, IDictionary`2 settings)
[xUnit.net 00:00:08.91]         /work/tests/Erp.Testing/ErpTestEnvironment.cs(90,0): at Erp.Testing.ErpTestEnvironment.<>c__DisplayClass34_0.<<StartGateAsync>b__0>d.MoveNext()
[xUnit.net 00:00:08.91]         --- End of stack trace from previous location ---
[xUnit.net 00:00:08.91]         /work/tests/Erp.Testing/TestDatabaseServer.cs(156,0): at Erp.Testing.TestDatabaseServer.<>c__DisplayClass25_0.<<GateTemplateAsync>b__3>d.MoveNext()
[xUnit.net 00:00:08.91]         --- End of stack trace from previous location ---
[xUnit.net 00:00:08.91]         /work/tests/Erp.Testing/TestDatabaseServer.cs(161,0): at Erp.Testing.TestDatabaseServer.GateTemplateAsync(IDictionary`2 settings, Func`2 seed)
[xUnit.net 00:00:08.91]         /work/tests/Erp.Testing/ErpTestEnvironment.cs(87,0): at Erp.Testing.ErpTestEnvironment.StartGateAsync(IDictionary`2 settings)
[xUnit.net 00:00:08.91]         /work/tests/Erp.Gates.Tests/Infrastructure/GateFixture.cs(17,0): at Erp.Gates.Tests.Infrastructure.GateFixture.InitializeAsync()
[xUnit.net 00:00:08.91]     Erp.Gates.Tests.Rules.StringGateTests.Server_string_files_have_matching_English_and_Arabic_keys [FAIL]
[xUnit.net 00:00:08.91]       Assembly fixture type 'Erp.Gates.Tests.Infrastructure.GateFixture' threw in InitializeAsync
[xUnit.net 00:00:08.91]       ---- System.InvalidOperationException : Endpoint authorisation is incomplete:
[xUnit.net 00:00:08.91]       HTTP: DELETE /api/identity/me/preferences => ResetPreferences: declares no permission
[xUnit.net 00:00:08.91]       Stack Trace:
[xUnit.net 00:00:08.91]         
[xUnit.net 00:00:08.91]         ----- Inner Stack Trace -----
[xUnit.net 00:00:08.91]         /work/src/Kernel/Erp.Kernel/Hosting/ErpPlatform.cs(236,0): at Erp.Kernel.Hosting.ErpPlatform.ValidateEndpoints(WebApplication app)
[xUnit.net 00:00:08.91]         /work/src/Kernel/Erp.Kernel/Hosting/ErpPlatform.cs(202,0): at Erp.Kernel.Hosting.ErpPlatform.UseErpPlatform(WebApplication app)
[xUnit.net 00:00:08.91]         /work/src/Host/Erp.Host/Program.cs(8,0): at Program.<Main>$(String[] args)
[xUnit.net 00:00:08.91]            at Program.<Main>(String[] args)
[xUnit.net 00:00:08.91]            at System.Reflection.MethodBaseInvoker.InterpretedInvoke_Method(Object obj, IntPtr* args)
[xUnit.net 00:00:08.91]            at System.Reflection.MethodBaseInvoker.InvokeDirectByRefWithFewArgs(Object obj, Span`1 copyOfArgs, BindingFlags invokeAttr)
[xUnit.net 00:00:08.91]         --- End of stack trace from previous location ---
[xUnit.net 00:00:08.91]            at Microsoft.AspNetCore.Mvc.Testing.DeferredHostBuilder.DeferredHost.StartAsync(CancellationToken cancellationToken)
[xUnit.net 00:00:08.91]            at Microsoft.Extensions.Hosting.HostingAbstractionsHostExtensions.Start(IHost host)
[xUnit.net 00:00:08.91]            at Microsoft.AspNetCore.Mvc.Testing.WebApplicationFactory`1.CreateHost(IHostBuilder builder)
[xUnit.net 00:00:08.91]            at Microsoft.AspNetCore.Mvc.Testing.WebApplicationFactory`1.ConfigureHostBuilder(IHostBuilder hostBuilder)
[xUnit.net 00:00:08.91]            at Microsoft.AspNetCore.Mvc.Testing.WebApplicationFactory`1.StartServer()
[xUnit.net 00:00:08.91]            at Microsoft.AspNetCore.Mvc.Testing.WebApplicationFactory`1.get_Services()
[xUnit.net 00:00:08.91]         /work/tests/Erp.Testing/ErpTestEnvironment.cs(128,0): at Erp.Testing.ErpTestEnvironment.SeedAsync(TestDatabaseServer server, String database, SeedPlan plan, IDictionary`2 settings)
[xUnit.net 00:00:08.91]         /work/tests/Erp.Testing/ErpTestEnvironment.cs(138,0): at Erp.Testing.ErpTestEnvironment.SeedAsync(TestDatabaseServer server, String database, SeedPlan plan, IDictionary`2 settings)
[xUnit.net 00:00:08.91]         /work/tests/Erp.Testing/ErpTestEnvironment.cs(90,0): at Erp.Testing.ErpTestEnvironment.<>c__DisplayClass34_0.<<StartGateAsync>b__0>d.MoveNext()
[xUnit.net 00:00:08.91]         --- End of stack trace from previous location ---
[xUnit.net 00:00:08.91]         /work/tests/Erp.Testing/TestDatabaseServer.cs(156,0): at Erp.Testing.TestDatabaseServer.<>c__DisplayClass25_0.<<GateTemplateAsync>b__3>d.MoveNext()
[xUnit.net 00:00:08.91]         --- End of stack trace from previous location ---
[xUnit.net 00:00:08.91]         /work/tests/Erp.Testing/TestDatabaseServer.cs(161,0): at Erp.Testing.TestDatabaseServer.GateTemplateAsync(IDictionary`2 settings, Func`2 seed)
[xUnit.net 00:00:08.91]         /work/tests/Erp.Testing/ErpTestEnvironment.cs(87,0): at Erp.Testing.ErpTestEnvironment.StartGateAsync(IDictionary`2 settings)
[xUnit.net 00:00:08.91]         /work/tests/Erp.Gates.Tests/Infrastructure/GateFixture.cs(17,0): at Erp.Gates.Tests.Infrastructure.GateFixture.InitializeAsync()
[xUnit.net 00:00:08.91]     Erp.Gates.Tests.G1.G1WriteOracleTests.Writes_answer_the_same_for_another_tenants_values_as_for_values_that_exist_nowhere [FAIL]
[xUnit.net 00:00:08.91]       Assembly fixture type 'Erp.Gates.Tests.Infrastructure.GateFixture' threw in InitializeAsync
[xUnit.net 00:00:08.91]       ---- System.InvalidOperationException : Endpoint authorisation is incomplete:
[xUnit.net 00:00:08.91]       HTTP: DELETE /api/identity/me/preferences => ResetPreferences: declares no permission
[xUnit.net 00:00:08.91]       Stack Trace:
[xUnit.net 00:00:08.91]         
[xUnit.net 00:00:08.91]         ----- Inner Stack Trace -----
[xUnit.net 00:00:08.91]         /work/src/Kernel/Erp.Kernel/Hosting/ErpPlatform.cs(236,0): at Erp.Kernel.Hosting.ErpPlatform.ValidateEndpoints(WebApplication app)
[xUnit.net 00:00:08.91]         /work/src/Kernel/Erp.Kernel/Hosting/ErpPlatform.cs(202,0): at Erp.Kernel.Hosting.ErpPlatform.UseErpPlatform(WebApplication app)
[xUnit.net 00:00:08.91]         /work/src/Host/Erp.Host/Program.cs(8,0): at Program.<Main>$(String[] args)
[xUnit.net 00:00:08.91]            at Program.<Main>(String[] args)
[xUnit.net 00:00:08.91]            at System.Reflection.MethodBaseInvoker.InterpretedInvoke_Method(Object obj, IntPtr* args)
[xUnit.net 00:00:08.91]            at System.Reflection.MethodBaseInvoker.InvokeDirectByRefWithFewArgs(Object obj, Span`1 copyOfArgs, BindingFlags invokeAttr)
[xUnit.net 00:00:08.91]         --- End of stack trace from previous location ---
[xUnit.net 00:00:08.91]            at Microsoft.AspNetCore.Mvc.Testing.DeferredHostBuilder.DeferredHost.StartAsync(CancellationToken cancellationToken)
[xUnit.net 00:00:08.91]            at Microsoft.Extensions.Hosting.HostingAbstractionsHostExtensions.Start(IHost host)
[xUnit.net 00:00:08.91]            at Microsoft.AspNetCore.Mvc.Testing.WebApplicationFactory`1.CreateHost(IHostBuilder builder)
[xUnit.net 00:00:08.91]            at Microsoft.AspNetCore.Mvc.Testing.WebApplicationFactory`1.ConfigureHostBuilder(IHostBuilder hostBuilder)
[xUnit.net 00:00:08.92]            at Microsoft.AspNetCore.Mvc.Testing.WebApplicationFactory`1.StartServer()
[xUnit.net 00:00:08.92]            at Microsoft.AspNetCore.Mvc.Testing.WebApplicationFactory`1.get_Services()
[xUnit.net 00:00:08.92]         /work/tests/Erp.Testing/ErpTestEnvironment.cs(128,0): at Erp.Testing.ErpTestEnvironment.SeedAsync(TestDatabaseServer server, String database, SeedPlan plan, IDictionary`2 settings)
[xUnit.net 00:00:08.92]         /work/tests/Erp.Testing/ErpTestEnvironment.cs(138,0): at Erp.Testing.ErpTestEnvironment.SeedAsync(TestDatabaseServer server, String database, SeedPlan plan, IDictionary`2 settings)
[xUnit.net 00:00:08.92]         /work/tests/Erp.Testing/ErpTestEnvironment.cs(90,0): at Erp.Testing.ErpTestEnvironment.<>c__DisplayClass34_0.<<StartGateAsync>b__0>d.MoveNext()
[xUnit.net 00:00:08.92]         --- End of stack trace from previous location ---
[xUnit.net 00:00:08.92]         /work/tests/Erp.Testing/TestDatabaseServer.cs(156,0): at Erp.Testing.TestDatabaseServer.<>c__DisplayClass25_0.<<GateTemplateAsync>b__3>d.MoveNext()
[xUnit.net 00:00:08.92]         --- End of stack trace from previous location ---
[xUnit.net 00:00:08.92]         /work/tests/Erp.Testing/TestDatabaseServer.cs(161,0): at Erp.Testing.TestDatabaseServer.GateTemplateAsync(IDictionary`2 settings, Func`2 seed)
[xUnit.net 00:00:08.92]         /work/tests/Erp.Testing/ErpTestEnvironment.cs(87,0): at Erp.Testing.ErpTestEnvironment.StartGateAsync(IDictionary`2 settings)
[xUnit.net 00:00:08.92]         /work/tests/Erp.Gates.Tests/Infrastructure/GateFixture.cs(17,0): at Erp.Gates.Tests.Infrastructure.GateFixture.InitializeAsync()
[xUnit.net 00:00:08.92]     Erp.Gates.Tests.G1.G1ReviewedLookupTests.Reviewed_lookups_answer_nothing_inside_a_tenant_bound_transaction [FAIL]
[xUnit.net 00:00:08.92]       Assembly fixture type 'Erp.Gates.Tests.Infrastructure.GateFixture' threw in InitializeAsync
[xUnit.net 00:00:08.92]       ---- System.InvalidOperationException : Endpoint authorisation is incomplete:
[xUnit.net 00:00:08.92]       HTTP: DELETE /api/identity/me/preferences => ResetPreferences: declares no permission
[xUnit.net 00:00:08.92]       Stack Trace:
[xUnit.net 00:00:08.92]         
[xUnit.net 00:00:08.92]         ----- Inner Stack Trace -----
[xUnit.net 00:00:08.92]         /work/src/Kernel/Erp.Kernel/Hosting/ErpPlatform.cs(236,0): at Erp.Kernel.Hosting.ErpPlatform.ValidateEndpoints(WebApplication app)
[xUnit.net 00:00:08.92]         /work/src/Kernel/Erp.Kernel/Hosting/ErpPlatform.cs(202,0): at Erp.Kernel.Hosting.ErpPlatform.UseErpPlatform(WebApplication app)
[xUnit.net 00:00:08.92]         /work/src/Host/Erp.Host/Program.cs(8,0): at Program.<Main>$(String[] args)
[xUnit.net 00:00:08.92]            at Program.<Main>(String[] args)
[xUnit.net 00:00:08.92]            at System.Reflection.MethodBaseInvoker.InterpretedInvoke_Method(Object obj, IntPtr* args)
[xUnit.net 00:00:08.92]            at System.Reflection.MethodBaseInvoker.InvokeDirectByRefWithFewArgs(Object obj, Span`1 copyOfArgs, BindingFlags invokeAttr)
[xUnit.net 00:00:08.92]         --- End of stack trace from previous location ---
[xUnit.net 00:00:08.92]            at Microsoft.AspNetCore.Mvc.Testing.DeferredHostBuilder.DeferredHost.StartAsync(CancellationToken cancellationToken)
[xUnit.net 00:00:08.92]            at Microsoft.Extensions.Hosting.HostingAbstractionsHostExtensions.Start(IHost host)
[xUnit.net 00:00:08.92]            at Microsoft.AspNetCore.Mvc.Testing.WebApplicationFactory`1.CreateHost(IHostBuilder builder)
[xUnit.net 00:00:08.92]            at Microsoft.AspNetCore.Mvc.Testing.WebApplicationFactory`1.ConfigureHostBuilder(IHostBuilder hostBuilder)
[xUnit.net 00:00:08.92]            at Microsoft.AspNetCore.Mvc.Testing.WebApplicationFactory`1.StartServer()
[xUnit.net 00:00:08.92]            at Microsoft.AspNetCore.Mvc.Testing.WebApplicationFactory`1.get_Services()
[xUnit.net 00:00:08.92]         /work/tests/Erp.Testing/ErpTestEnvironment.cs(128,0): at Erp.Testing.ErpTestEnvironment.SeedAsync(TestDatabaseServer server, String database, SeedPlan plan, IDictionary`2 settings)
[xUnit.net 00:00:08.92]         /work/tests/Erp.Testing/ErpTestEnvironment.cs(138,0): at Erp.Testing.ErpTestEnvironment.SeedAsync(TestDatabaseServer server, String database, SeedPlan plan, IDictionary`2 settings)
[xUnit.net 00:00:08.92]         /work/tests/Erp.Testing/ErpTestEnvironment.cs(90,0): at Erp.Testing.ErpTestEnvironment.<>c__DisplayClass34_0.<<StartGateAsync>b__0>d.MoveNext()
[xUnit.net 00:00:08.92]         --- End of stack trace from previous location ---
[xUnit.net 00:00:08.92]         /work/tests/Erp.Testing/TestDatabaseServer.cs(156,0): at Erp.Testing.TestDatabaseServer.<>c__DisplayClass25_0.<<GateTemplateAsync>b__3>d.MoveNext()
[xUnit.net 00:00:08.92]         --- End of stack trace from previous location ---
[xUnit.net 00:00:08.92]         /work/tests/Erp.Testing/TestDatabaseServer.cs(161,0): at Erp.Testing.TestDatabaseServer.GateTemplateAsync(IDictionary`2 settings, Func`2 seed)
[xUnit.net 00:00:08.92]         /work/tests/Erp.Testing/ErpTestEnvironment.cs(87,0): at Erp.Testing.ErpTestEnvironment.StartGateAsync(IDictionary`2 settings)
[xUnit.net 00:00:08.92]         /work/tests/Erp.Gates.Tests/Infrastructure/GateFixture.cs(17,0): at Erp.Gates.Tests.Infrastructure.GateFixture.InitializeAsync()
  Failed Erp.Gates.Tests.G2.G2CompanyAccessGrantTests.Company_access_is_given_and_taken_only_within_what_the_caller_holds_and_never_from_a_stronger_user [1 ms]
  Error Message:
   Assembly fixture type 'Erp.Gates.Tests.Infrastructure.GateFixture' threw in InitializeAsync
---- System.InvalidOperationException : Endpoint authorisation is incomplete:
HTTP: DELETE /api/identity/me/preferences => ResetPreferences: declares no permission
  Stack Trace:
  
----- Inner Stack Trace -----
   at Erp.Kernel.Hosting.ErpPlatform.ValidateEndpoints(WebApplication app) in /work/src/Kernel/Erp.Kernel/Hosting/ErpPlatform.cs:line 236
   at Erp.Kernel.Hosting.ErpPlatform.UseErpPlatform(WebApplication app) in /work/src/Kernel/Erp.Kernel/Hosting/ErpPlatform.cs:line 202
   at Program.<Main>$(String[] args) in /work/src/Host/Erp.Host/Program.cs:line 8
   at Program.<Main>(String[] args)
   at System.Reflection.MethodBaseInvoker.InterpretedInvoke_Method(Object obj, IntPtr* args)
   at System.Reflection.MethodBaseInvoker.InvokeDirectByRefWithFewArgs(Object obj, Span`1 copyOfArgs, BindingFlags invokeAttr)
--- End of stack trace from previous location ---
   at Microsoft.AspNetCore.Mvc.Testing.DeferredHostBuilder.DeferredHost.StartAsync(CancellationToken cancellationToken)
   at Microsoft.Extensions.Hosting.HostingAbstractionsHostExtensions.Start(IHost host)
   at Microsoft.AspNetCore.Mvc.Testing.WebApplicationFactory`1.CreateHost(IHostBuilder builder)
   at Microsoft.AspNetCore.Mvc.Testing.WebApplicationFactory`1.ConfigureHostBuilder(IHostBuilder hostBuilder)
   at Microsoft.AspNetCore.Mvc.Testing.WebApplicationFactory`1.StartServer()
   at Microsoft.AspNetCore.Mvc.Testing.WebApplicationFactory`1.get_Services()
   at Erp.Testing.ErpTestEnvironment.SeedAsync(TestDatabaseServer server, String database, SeedPlan plan, IDictionary`2 settings) in /work/tests/Erp.Testing/ErpTestEnvironment.cs:line 128
   at Erp.Testing.ErpTestEnvironment.SeedAsync(TestDatabaseServer server, String database, SeedPlan plan, IDictionary`2 settings) in /work/tests/Erp.Testing/ErpTestEnvironment.cs:line 138
   at Erp.Testing.ErpTestEnvironment.<>c__DisplayClass34_0.<<StartGateAsync>b__0>d.MoveNext() in /work/tests/Erp.Testing/ErpTestEnvironment.cs:line 90
--- End of stack trace from previous location ---
   at Erp.Testing.TestDatabaseServer.<>c__DisplayClass25_0.<<GateTemplateAsync>b__3>d.MoveNext() in /work/tests/Erp.Testing/TestDatabaseServer.cs:line 156
--- End of stack trace from previous location ---
   at Erp.Testing.TestDatabaseServer.GateTemplateAsync(IDictionary`2 settings, Func`2 seed) in /work/tests/Erp.Testing/TestDatabaseServer.cs:line 161
   at Erp.Testing.ErpTestEnvironment.StartGateAsync(IDictionary`2 settings) in /work/tests/Erp.Testing/ErpTestEnvironment.cs:line 87
   at Erp.Gates.Tests.Infrastructure.GateFixture.InitializeAsync() in /work/tests/Erp.Gates.Tests/Infrastructure/GateFixture.cs:line 17
  Failed Erp.Gates.Tests.G1.G1HttpIsolationTests.Tenant_A_cannot_reach_tenant_B_through_any_endpoint [1 ms]
  Error Message:
   Assembly fixture type 'Erp.Gates.Tests.Infrastructure.GateFixture' threw in InitializeAsync
---- System.InvalidOperationException : Endpoint authorisation is incomplete:
HTTP: DELETE /api/identity/me/preferences => ResetPreferences: declares no permission
  Stack Trace:
  
----- Inner Stack Trace -----
   at Erp.Kernel.Hosting.ErpPlatform.ValidateEndpoints(WebApplication app) in /work/src/Kernel/Erp.Kernel/Hosting/ErpPlatform.cs:line 236
   at Erp.Kernel.Hosting.ErpPlatform.UseErpPlatform(WebApplication app) in /work/src/Kernel/Erp.Kernel/Hosting/ErpPlatform.cs:line 202
   at Program.<Main>$(String[] args) in /work/src/Host/Erp.Host/Program.cs:line 8
   at Program.<Main>(String[] args)
   at System.Reflection.MethodBaseInvoker.InterpretedInvoke_Method(Object obj, IntPtr* args)
   at System.Reflection.MethodBaseInvoker.InvokeDirectByRefWithFewArgs(Object obj, Span`1 copyOfArgs, BindingFlags invokeAttr)
--- End of stack trace from previous location ---
   at Microsoft.AspNetCore.Mvc.Testing.DeferredHostBuilder.DeferredHost.StartAsync(CancellationToken cancellationToken)
   at Microsoft.Extensions.Hosting.HostingAbstractionsHostExtensions.Start(IHost host)
   at Microsoft.AspNetCore.Mvc.Testing.WebApplicationFactory`1.CreateHost(IHostBuilder builder)
   at Microsoft.AspNetCore.Mvc.Testing.WebApplicationFactory`1.ConfigureHostBuilder(IHostBuilder hostBuilder)
   at Microsoft.AspNetCore.Mvc.Testing.WebApplicationFactory`1.StartServer()
   at Microsoft.AspNetCore.Mvc.Testing.WebApplicationFactory`1.get_Services()
   at Erp.Testing.ErpTestEnvironment.SeedAsync(TestDatabaseServer server, String database, SeedPlan plan, IDictionary`2 settings) in /work/tests/Erp.Testing/ErpTestEnvironment.cs:line 128
   at Erp.Testing.ErpTestEnvironment.SeedAsync(TestDatabaseServer server, String database, SeedPlan plan, IDictionary`2 settings) in /work/tests/Erp.Testing/ErpTestEnvironment.cs:line 138
   at Erp.Testing.ErpTestEnvironment.<>c__DisplayClass34_0.<<StartGateAsync>b__0>d.MoveNext() in /work/tests/Erp.Testing/ErpTestEnvironment.cs:line 90
--- End of stack trace from previous location ---
   at Erp.Testing.TestDatabaseServer.<>c__DisplayClass25_0.<<GateTemplateAsync>b__3>d.MoveNext() in /work/tests/Erp.Testing/TestDatabaseServer.cs:line 156
--- End of stack trace from previous location ---
   at Erp.Testing.TestDatabaseServer.GateTemplateAsync(IDictionary`2 settings, Func`2 seed) in /work/tests/Erp.Testing/TestDatabaseServer.cs:line 161
   at Erp.Testing.ErpTestEnvironment.StartGateAsync(IDictionary`2 settings) in /work/tests/Erp.Testing/ErpTestEnvironment.cs:line 87
   at Erp.Gates.Tests.Infrastructure.GateFixture.InitializeAsync() in /work/tests/Erp.Gates.Tests/Infrastructure/GateFixture.cs:line 17
  Failed Erp.Gates.Tests.Rules.StringGateTests.Count_messages_use_plural_forms [1 ms]
  Error Message:
   Assembly fixture type 'Erp.Gates.Tests.Infrastructure.GateFixture' threw in InitializeAsync
---- System.InvalidOperationException : Endpoint authorisation is incomplete:
HTTP: DELETE /api/identity/me/preferences => ResetPreferences: declares no permission
  Stack Trace:
  
----- Inner Stack Trace -----
   at Erp.Kernel.Hosting.ErpPlatform.ValidateEndpoints(WebApplication app) in /work/src/Kernel/Erp.Kernel/Hosting/ErpPlatform.cs:line 236
   at Erp.Kernel.Hosting.ErpPlatform.UseErpPlatform(WebApplication app) in /work/src/Kernel/Erp.Kernel/Hosting/ErpPlatform.cs:line 202
   at Program.<Main>$(String[] args) in /work/src/Host/Erp.Host/Program.cs:line 8
   at Program.<Main>(String[] args)
   at System.Reflection.MethodBaseInvoker.InterpretedInvoke_Method(Object obj, IntPtr* args)
   at System.Reflection.MethodBaseInvoker.InvokeDirectByRefWithFewArgs(Object obj, Span`1 copyOfArgs, BindingFlags invokeAttr)
--- End of stack trace from previous location ---
   at Microsoft.AspNetCore.Mvc.Testing.DeferredHostBuilder.DeferredHost.StartAsync(CancellationToken cancellationToken)
   at Microsoft.Extensions.Hosting.HostingAbstractionsHostExtensions.Start(IHost host)
   at Microsoft.AspNetCore.Mvc.Testing.WebApplicationFactory`1.CreateHost(IHostBuilder builder)
   at Microsoft.AspNetCore.Mvc.Testing.WebApplicationFactory`1.ConfigureHostBuilder(IHostBuilder hostBuilder)
   at Microsoft.AspNetCore.Mvc.Testing.WebApplicationFactory`1.StartServer()
   at Microsoft.AspNetCore.Mvc.Testing.WebApplicationFactory`1.get_Services()
   at Erp.Testing.ErpTestEnvironment.SeedAsync(TestDatabaseServer server, String database, SeedPlan plan, IDictionary`2 settings) in /work/tests/Erp.Testing/ErpTestEnvironment.cs:line 128
   at Erp.Testing.ErpTestEnvironment.SeedAsync(TestDatabaseServer server, String database, SeedPlan plan, IDictionary`2 settings) in /work/tests/Erp.Testing/ErpTestEnvironment.cs:line 138
   at Erp.Testing.ErpTestEnvironment.<>c__DisplayClass34_0.<<StartGateAsync>b__0>d.MoveNext() in /work/tests/Erp.Testing/ErpTestEnvironment.cs:line 90
--- End of stack trace from previous location ---
   at Erp.Testing.TestDatabaseServer.<>c__DisplayClass25_0.<<GateTemplateAsync>b__3>d.MoveNext() in /work/tests/Erp.Testing/TestDatabaseServer.cs:line 156
--- End of stack trace from previous location ---
   at Erp.Testing.TestDatabaseServer.GateTemplateAsync(IDictionary`2 settings, Func`2 seed) in /work/tests/Erp.Testing/TestDatabaseServer.cs:line 161
   at Erp.Testing.ErpTestEnvironment.StartGateAsync(IDictionary`2 settings) in /work/tests/Erp.Testing/ErpTestEnvironment.cs:line 87
   at Erp.Gates.Tests.Infrastructure.GateFixture.InitializeAsync() in /work/tests/Erp.Gates.Tests/Infrastructure/GateFixture.cs:line 17
  Failed Erp.Gates.Tests.Rules.StringGateTests.Every_problem_and_validation_code_in_server_code_has_text [1 ms]
  Error Message:
   Assembly fixture type 'Erp.Gates.Tests.Infrastructure.GateFixture' threw in InitializeAsync
---- System.InvalidOperationException : Endpoint authorisation is incomplete:
HTTP: DELETE /api/identity/me/preferences => ResetPreferences: declares no permission
  Stack Trace:
  
----- Inner Stack Trace -----
   at Erp.Kernel.Hosting.ErpPlatform.ValidateEndpoints(WebApplication app) in /work/src/Kernel/Erp.Kernel/Hosting/ErpPlatform.cs:line 236
   at Erp.Kernel.Hosting.ErpPlatform.UseErpPlatform(WebApplication app) in /work/src/Kernel/Erp.Kernel/Hosting/ErpPlatform.cs:line 202
   at Program.<Main>$(String[] args) in /work/src/Host/Erp.Host/Program.cs:line 8
   at Program.<Main>(String[] args)
   at System.Reflection.MethodBaseInvoker.InterpretedInvoke_Method(Object obj, IntPtr* args)
   at System.Reflection.MethodBaseInvoker.InvokeDirectByRefWithFewArgs(Object obj, Span`1 copyOfArgs, BindingFlags invokeAttr)
--- End of stack trace from previous location ---
   at Microsoft.AspNetCore.Mvc.Testing.DeferredHostBuilder.DeferredHost.StartAsync(CancellationToken cancellationToken)
   at Microsoft.Extensions.Hosting.HostingAbstractionsHostExtensions.Start(IHost host)
   at Microsoft.AspNetCore.Mvc.Testing.WebApplicationFactory`1.CreateHost(IHostBuilder builder)
   at Microsoft.AspNetCore.Mvc.Testing.WebApplicationFactory`1.ConfigureHostBuilder(IHostBuilder hostBuilder)
   at Microsoft.AspNetCore.Mvc.Testing.WebApplicationFactory`1.StartServer()
   at Microsoft.AspNetCore.Mvc.Testing.WebApplicationFactory`1.get_Services()
   at Erp.Testing.ErpTestEnvironment.SeedAsync(TestDatabaseServer server, String database, SeedPlan plan, IDictionary`2 settings) in /work/tests/Erp.Testing/ErpTestEnvironment.cs:line 128
   at Erp.Testing.ErpTestEnvironment.SeedAsync(TestDatabaseServer server, String database, SeedPlan plan, IDictionary`2 settings) in /work/tests/Erp.Testing/ErpTestEnvironment.cs:line 138
   at Erp.Testing.ErpTestEnvironment.<>c__DisplayClass34_0.<<StartGateAsync>b__0>d.MoveNext() in /work/tests/Erp.Testing/ErpTestEnvironment.cs:line 90
--- End of stack trace from previous location ---
   at Erp.Testing.TestDatabaseServer.<>c__DisplayClass25_0.<<GateTemplateAsync>b__3>d.MoveNext() in /work/tests/Erp.Testing/TestDatabaseServer.cs:line 156
--- End of stack trace from previous location ---
   at Erp.Testing.TestDatabaseServer.GateTemplateAsync(IDictionary`2 settings, Func`2 seed) in /work/tests/Erp.Testing/TestDatabaseServer.cs:line 161
   at Erp.Testing.ErpTestEnvironment.StartGateAsync(IDictionary`2 settings) in /work/tests/Erp.Testing/ErpTestEnvironment.cs:line 87
   at Erp.Gates.Tests.Infrastructure.GateFixture.InitializeAsync() in /work/tests/Erp.Gates.Tests/Infrastructure/GateFixture.cs:line 17
  Failed Erp.Gates.Tests.Rules.StringGateTests.Every_permission_module_and_menu_entry_has_labels [1 ms]
  Error Message:
   Assembly fixture type 'Erp.Gates.Tests.Infrastructure.GateFixture' threw in InitializeAsync
---- System.InvalidOperationException : Endpoint authorisation is incomplete:
HTTP: DELETE /api/identity/me/preferences => ResetPreferences: declares no permission
  Stack Trace:
  
----- Inner Stack Trace -----
   at Erp.Kernel.Hosting.ErpPlatform.ValidateEndpoints(WebApplication app) in /work/src/Kernel/Erp.Kernel/Hosting/ErpPlatform.cs:line 236
   at Erp.Kernel.Hosting.ErpPlatform.UseErpPlatform(WebApplication app) in /work/src/Kernel/Erp.Kernel/Hosting/ErpPlatform.cs:line 202
   at Program.<Main>$(String[] args) in /work/src/Host/Erp.Host/Program.cs:line 8
   at Program.<Main>(String[] args)
   at System.Reflection.MethodBaseInvoker.InterpretedInvoke_Method(Object obj, IntPtr* args)
   at System.Reflection.MethodBaseInvoker.InvokeDirectByRefWithFewArgs(Object obj, Span`1 copyOfArgs, BindingFlags invokeAttr)
--- End of stack trace from previous location ---
   at Microsoft.AspNetCore.Mvc.Testing.DeferredHostBuilder.DeferredHost.StartAsync(CancellationToken cancellationToken)
   at Microsoft.Extensions.Hosting.HostingAbstractionsHostExtensions.Start(IHost host)
   at Microsoft.AspNetCore.Mvc.Testing.WebApplicationFactory`1.CreateHost(IHostBuilder builder)
   at Microsoft.AspNetCore.Mvc.Testing.WebApplicationFactory`1.ConfigureHostBuilder(IHostBuilder hostBuilder)
   at Microsoft.AspNetCore.Mvc.Testing.WebApplicationFactory`1.StartServer()
   at Microsoft.AspNetCore.Mvc.Testing.WebApplicationFactory`1.get_Services()
   at Erp.Testing.ErpTestEnvironment.SeedAsync(TestDatabaseServer server, String database, SeedPlan plan, IDictionary`2 settings) in /work/tests/Erp.Testing/ErpTestEnvironment.cs:line 128
   at Erp.Testing.ErpTestEnvironment.SeedAsync(TestDatabaseServer server, String database, SeedPlan plan, IDictionary`2 settings) in /work/tests/Erp.Testing/ErpTestEnvironment.cs:line 138
   at Erp.Testing.ErpTestEnvironment.<>c__DisplayClass34_0.<<StartGateAsync>b__0>d.MoveNext() in /work/tests/Erp.Testing/ErpTestEnvironment.cs:line 90
--- End of stack trace from previous location ---
   at Erp.Testing.TestDatabaseServer.<>c__DisplayClass25_0.<<GateTemplateAsync>b__3>d.MoveNext() in /work/tests/Erp.Testing/TestDatabaseServer.cs:line 156
--- End of stack trace from previous location ---
   at Erp.Testing.TestDatabaseServer.GateTemplateAsync(IDictionary`2 settings, Func`2 seed) in /work/tests/Erp.Testing/TestDatabaseServer.cs:line 161
   at Erp.Testing.ErpTestEnvironment.StartGateAsync(IDictionary`2 settings) in /work/tests/Erp.Testing/ErpTestEnvironment.cs:line 87
   at Erp.Gates.Tests.Infrastructure.GateFixture.InitializeAsync() in /work/tests/Erp.Gates.Tests/Infrastructure/GateFixture.cs:line 17
  Failed Erp.Gates.Tests.Rules.StringGateTests.Web_string_files_have_matching_English_and_Arabic_keys [1 ms]
  Error Message:
   Assembly fixture type 'Erp.Gates.Tests.Infrastructure.GateFixture' threw in InitializeAsync
---- System.InvalidOperationException : Endpoint authorisation is incomplete:
HTTP: DELETE /api/identity/me/preferences => ResetPreferences: declares no permission
  Stack Trace:
  
----- Inner Stack Trace -----
   at Erp.Kernel.Hosting.ErpPlatform.ValidateEndpoints(WebApplication app) in /work/src/Kernel/Erp.Kernel/Hosting/ErpPlatform.cs:line 236
   at Erp.Kernel.Hosting.ErpPlatform.UseErpPlatform(WebApplication app) in /work/src/Kernel/Erp.Kernel/Hosting/ErpPlatform.cs:line 202
   at Program.<Main>$(String[] args) in /work/src/Host/Erp.Host/Program.cs:line 8
   at Program.<Main>(String[] args)
   at System.Reflection.MethodBaseInvoker.InterpretedInvoke_Method(Object obj, IntPtr* args)
   at System.Reflection.MethodBaseInvoker.InvokeDirectByRefWithFewArgs(Object obj, Span`1 copyOfArgs, BindingFlags invokeAttr)
--- End of stack trace from previous location ---
   at Microsoft.AspNetCore.Mvc.Testing.DeferredHostBuilder.DeferredHost.StartAsync(CancellationToken cancellationToken)
   at Microsoft.Extensions.Hosting.HostingAbstractionsHostExtensions.Start(IHost host)
   at Microsoft.AspNetCore.Mvc.Testing.WebApplicationFactory`1.CreateHost(IHostBuilder builder)
   at Microsoft.AspNetCore.Mvc.Testing.WebApplicationFactory`1.ConfigureHostBuilder(IHostBuilder hostBuilder)
   at Microsoft.AspNetCore.Mvc.Testing.WebApplicationFactory`1.StartServer()
   at Microsoft.AspNetCore.Mvc.Testing.WebApplicationFactory`1.get_Services()
   at Erp.Testing.ErpTestEnvironment.SeedAsync(TestDatabaseServer server, String database, SeedPlan plan, IDictionary`2 settings) in /work/tests/Erp.Testing/ErpTestEnvironment.cs:line 128
   at Erp.Testing.ErpTestEnvironment.SeedAsync(TestDatabaseServer server, String database, SeedPlan plan, IDictionary`2 settings) in /work/tests/Erp.Testing/ErpTestEnvironment.cs:line 138
   at Erp.Testing.ErpTestEnvironment.<>c__DisplayClass34_0.<<StartGateAsync>b__0>d.MoveNext() in /work/tests/Erp.Testing/ErpTestEnvironment.cs:line 90
--- End of stack trace from previous location ---
   at Erp.Testing.TestDatabaseServer.<>c__DisplayClass25_0.<<GateTemplateAsync>b__3>d.MoveNext() in /work/tests/Erp.Testing/TestDatabaseServer.cs:line 156
--- End of stack trace from previous location ---
   at Erp.Testing.TestDatabaseServer.GateTemplateAsync(IDictionary`2 settings, Func`2 seed) in /work/tests/Erp.Testing/TestDatabaseServer.cs:line 161
   at Erp.Testing.ErpTestEnvironment.StartGateAsync(IDictionary`2 settings) in /work/tests/Erp.Testing/ErpTestEnvironment.cs:line 87
   at Erp.Gates.Tests.Infrastructure.GateFixture.InitializeAsync() in /work/tests/Erp.Gates.Tests/Infrastructure/GateFixture.cs:line 17
  Failed Erp.Gates.Tests.Rules.StringGateTests.Server_string_files_have_matching_English_and_Arabic_keys [1 ms]
  Error Message:
   Assembly fixture type 'Erp.Gates.Tests.Infrastructure.GateFixture' threw in InitializeAsync
---- System.InvalidOperationException : Endpoint authorisation is incomplete:
HTTP: DELETE /api/identity/me/preferences => ResetPreferences: declares no permission
  Stack Trace:
  
----- Inner Stack Trace -----
   at Erp.Kernel.Hosting.ErpPlatform.ValidateEndpoints(WebApplication app) in /work/src/Kernel/Erp.Kernel/Hosting/ErpPlatform.cs:line 236
   at Erp.Kernel.Hosting.ErpPlatform.UseErpPlatform(WebApplication app) in /work/src/Kernel/Erp.Kernel/Hosting/ErpPlatform.cs:line 202
   at Program.<Main>$(String[] args) in /work/src/Host/Erp.Host/Program.cs:line 8
   at Program.<Main>(String[] args)
   at System.Reflection.MethodBaseInvoker.InterpretedInvoke_Method(Object obj, IntPtr* args)
   at System.Reflection.MethodBaseInvoker.InvokeDirectByRefWithFewArgs(Object obj, Span`1 copyOfArgs, BindingFlags invokeAttr)
--- End of stack trace from previous location ---
   at Microsoft.AspNetCore.Mvc.Testing.DeferredHostBuilder.DeferredHost.StartAsync(CancellationToken cancellationToken)
   at Microsoft.Extensions.Hosting.HostingAbstractionsHostExtensions.Start(IHost host)
   at Microsoft.AspNetCore.Mvc.Testing.WebApplicationFactory`1.CreateHost(IHostBuilder builder)
   at Microsoft.AspNetCore.Mvc.Testing.WebApplicationFactory`1.ConfigureHostBuilder(IHostBuilder hostBuilder)
   at Microsoft.AspNetCore.Mvc.Testing.WebApplicationFactory`1.StartServer()
   at Microsoft.AspNetCore.Mvc.Testing.WebApplicationFactory`1.get_Services()
   at Erp.Testing.ErpTestEnvironment.SeedAsync(TestDatabaseServer server, String database, SeedPlan plan, IDictionary`2 settings) in /work/tests/Erp.Testing/ErpTestEnvironment.cs:line 128
   at Erp.Testing.ErpTestEnvironment.SeedAsync(TestDatabaseServer server, String database, SeedPlan plan, IDictionary`2 settings) in /work/tests/Erp.Testing/ErpTestEnvironment.cs:line 138
   at Erp.Testing.ErpTestEnvironment.<>c__DisplayClass34_0.<<StartGateAsync>b__0>d.MoveNext() in /work/tests/Erp.Testing/ErpTestEnvironment.cs:line 90
--- End of stack trace from previous location ---
   at Erp.Testing.TestDatabaseServer.<>c__DisplayClass25_0.<<GateTemplateAsync>b__3>d.MoveNext() in /work/tests/Erp.Testing/TestDatabaseServer.cs:line 156
--- End of stack trace from previous location ---
   at Erp.Testing.TestDatabaseServer.GateTemplateAsync(IDictionary`2 settings, Func`2 seed) in /work/tests/Erp.Testing/TestDatabaseServer.cs:line 161
   at Erp.Testing.ErpTestEnvironment.StartGateAsync(IDictionary`2 settings) in /work/tests/Erp.Testing/ErpTestEnvironment.cs:line 87
   at Erp.Gates.Tests.Infrastructure.GateFixture.InitializeAsync() in /work/tests/Erp.Gates.Tests/Infrastructure/GateFixture.cs:line 17
  Failed Erp.Gates.Tests.G1.G1WriteOracleTests.Writes_answer_the_same_for_another_tenants_values_as_for_values_that_exist_nowhere [1 ms]
  Error Message:
   Assembly fixture type 'Erp.Gates.Tests.Infrastructure.GateFixture' threw in InitializeAsync
---- System.InvalidOperationException : Endpoint authorisation is incomplete:
HTTP: DELETE /api/identity/me/preferences => ResetPreferences: declares no permission
  Stack Trace:
  
----- Inner Stack Trace -----
   at Erp.Kernel.Hosting.ErpPlatform.ValidateEndpoints(WebApplication app) in /work/src/Kernel/Erp.Kernel/Hosting/ErpPlatform.cs:line 236
   at Erp.Kernel.Hosting.ErpPlatform.UseErpPlatform(WebApplication app) in /work/src/Kernel/Erp.Kernel/Hosting/ErpPlatform.cs:line 202
   at Program.<Main>$(String[] args) in /work/src/Host/Erp.Host/Program.cs:line 8
   at Program.<Main>(String[] args)
   at System.Reflection.MethodBaseInvoker.InterpretedInvoke_Method(Object obj, IntPtr* args)
   at System.Reflection.MethodBaseInvoker.InvokeDirectByRefWithFewArgs(Object obj, Span`1 copyOfArgs, BindingFlags invokeAttr)
--- End of stack trace from previous location ---
   at Microsoft.AspNetCore.Mvc.Testing.DeferredHostBuilder.DeferredHost.StartAsync(CancellationToken cancellationToken)
   at Microsoft.Extensions.Hosting.HostingAbstractionsHostExtensions.Start(IHost host)
   at Microsoft.AspNetCore.Mvc.Testing.WebApplicationFactory`1.CreateHost(IHostBuilder builder)
   at Microsoft.AspNetCore.Mvc.Testing.WebApplicationFactory`1.ConfigureHostBuilder(IHostBuilder hostBuilder)
   at Microsoft.AspNetCore.Mvc.Testing.WebApplicationFactory`1.StartServer()
   at Microsoft.AspNetCore.Mvc.Testing.WebApplicationFactory`1.get_Services()
   at Erp.Testing.ErpTestEnvironment.SeedAsync(TestDatabaseServer server, String database, SeedPlan plan, IDictionary`2 settings) in /work/tests/Erp.Testing/ErpTestEnvironment.cs:line 128
   at Erp.Testing.ErpTestEnvironment.SeedAsync(TestDatabaseServer server, String database, SeedPlan plan, IDictionary`2 settings) in /work/tests/Erp.Testing/ErpTestEnvironment.cs:line 138
   at Erp.Testing.ErpTestEnvironment.<>c__DisplayClass34_0.<<StartGateAsync>b__0>d.MoveNext() in /work/tests/Erp.Testing/ErpTestEnvironment.cs:line 90
--- End of stack trace from previous location ---
   at Erp.Testing.TestDatabaseServer.<>c__DisplayClass25_0.<<GateTemplateAsync>b__3>d.MoveNext() in /work/tests/Erp.Testing/TestDatabaseServer.cs:line 156
--- End of stack trace from previous location ---
   at Erp.Testing.TestDatabaseServer.GateTemplateAsync(IDictionary`2 settings, Func`2 seed) in /work/tests/Erp.Testing/TestDatabaseServer.cs:line 161
   at Erp.Testing.ErpTestEnvironment.StartGateAsync(IDictionary`2 settings) in /work/tests/Erp.Testing/ErpTestEnvironment.cs:line 87
   at Erp.Gates.Tests.Infrastructure.GateFixture.InitializeAsync() in /work/tests/Erp.Gates.Tests/Infrastructure/GateFixture.cs:line 17
  Failed Erp.Gates.Tests.G1.G1ReviewedLookupTests.Reviewed_lookups_answer_nothing_inside_a_tenant_bound_transaction [1 ms]
  Error Message:
   Assembly fixture type 'Erp.Gates.Tests.Infrastructure.GateFixture' threw in InitializeAsync
---- System.InvalidOperationException : Endpoint authorisation is incomplete:
HTTP: DELETE /api/identity/me/preferences => ResetPreferences: declares no permission
  Stack Trace:
  
----- Inner Stack Trace -----
   at Erp.Kernel.Hosting.ErpPlatform.ValidateEndpoints(WebApplication app) in /work/src/Kernel/Erp.Kernel/Hosting/ErpPlatform.cs:line 236
   at Erp.Kernel.Hosting.ErpPlatform.UseErpPlatform(WebApplication app) in /work/src/Kernel/Erp.Kernel/Hosting/ErpPlatform.cs:line 202
   at Program.<Main>$(String[] args) in /work/src/Host/Erp.Host/Program.cs:line 8
   at Program.<Main>(String[] args)
   at System.Reflection.MethodBaseInvoker.InterpretedInvoke_Method(Object obj, IntPtr* args)
   at System.Reflection.MethodBaseInvoker.InvokeDirectByRefWithFewArgs(Object obj, Span`1 copyOfArgs, BindingFlags invokeAttr)
--- End of stack trace from previous location ---
   at Microsoft.AspNetCore.Mvc.Testing.DeferredHostBuilder.DeferredHost.StartAsync(CancellationToken cancellationToken)
   at Microsoft.Extensions.Hosting.HostingAbstractionsHostExtensions.Start(IHost host)
   at Microsoft.AspNetCore.Mvc.Testing.WebApplicationFactory`1.CreateHost(IHostBuilder builder)
   at Microsoft.AspNetCore.Mvc.Testing.WebApplicationFactory`1.ConfigureHostBuilder(IHostBuilder hostBuilder)
   at Microsoft.AspNetCore.Mvc.Testing.WebApplicationFactory`1.StartServer()
   at Microsoft.AspNetCore.Mvc.Testing.WebApplicationFactory`1.get_Services()
   at Erp.Testing.ErpTestEnvironment.SeedAsync(TestDatabaseServer server, String database, SeedPlan plan, IDictionary`2 settings) in /work/tests/Erp.Testing/ErpTestEnvironment.cs:line 128
   at Erp.Testing.ErpTestEnvironment.SeedAsync(TestDatabaseServer server, String database, SeedPlan plan, IDictionary`2 settings) in /work/tests/Erp.Testing/ErpTestEnvironment.cs:line 138
   at Erp.Testing.ErpTestEnvironment.<>c__DisplayClass34_0.<<StartGateAsync>b__0>d.MoveNext() in /work/tests/Erp.Testing/ErpTestEnvironment.cs:line 90
--- End of stack trace from previous location ---
   at Erp.Testing.TestDatabaseServer.<>c__DisplayClass25_0.<<GateTemplateAsync>b__3>d.MoveNext() in /work/tests/Erp.Testing/TestDatabaseServer.cs:line 156
--- End of stack trace from previous location ---
   at Erp.Testing.TestDatabaseServer.GateTemplateAsync(IDictionary`2 settings, Func`2 seed) in /work/tests/Erp.Testing/TestDatabaseServer.cs:line 161
   at Erp.Testing.ErpTestEnvironment.StartGateAsync(IDictionary`2 settings) in /work/tests/Erp.Testing/ErpTestEnvironment.cs:line 87
   at Erp.Gates.Tests.Infrastructure.GateFixture.InitializeAsync() in /work/tests/Erp.Gates.Tests/Infrastructure/GateFixture.cs:line 17
[xUnit.net 00:00:08.92]     Erp.Gates.Tests.G1.G1ReviewedLookupTests.Only_reviewed_source_files_name_a_reviewed_function [FAIL]
[xUnit.net 00:00:08.92]       Assembly fixture type 'Erp.Gates.Tests.Infrastructure.GateFixture' threw in InitializeAsync
[xUnit.net 00:00:08.92]       ---- System.InvalidOperationException : Endpoint authorisation is incomplete:
[xUnit.net 00:00:08.92]       HTTP: DELETE /api/identity/me/preferences => ResetPreferences: declares no permission
[xUnit.net 00:00:08.92]       Stack Trace:
[xUnit.net 00:00:08.92]         
[xUnit.net 00:00:08.92]         ----- Inner Stack Trace -----
[xUnit.net 00:00:08.92]         /work/src/Kernel/Erp.Kernel/Hosting/ErpPlatform.cs(236,0): at Erp.Kernel.Hosting.ErpPlatform.ValidateEndpoints(WebApplication app)
[xUnit.net 00:00:08.92]         /work/src/Kernel/Erp.Kernel/Hosting/ErpPlatform.cs(202,0): at Erp.Kernel.Hosting.ErpPlatform.UseErpPlatform(WebApplication app)
[xUnit.net 00:00:08.92]         /work/src/Host/Erp.Host/Program.cs(8,0): at Program.<Main>$(String[] args)
[xUnit.net 00:00:08.92]            at Program.<Main>(String[] args)
[xUnit.net 00:00:08.92]            at System.Reflection.MethodBaseInvoker.InterpretedInvoke_Method(Object obj, IntPtr* args)
[xUnit.net 00:00:08.92]            at System.Reflection.MethodBaseInvoker.InvokeDirectByRefWithFewArgs(Object obj, Span`1 copyOfArgs, BindingFlags invokeAttr)
[xUnit.net 00:00:08.92]         --- End of stack trace from previous location ---
[xUnit.net 00:00:08.92]            at Microsoft.AspNetCore.Mvc.Testing.DeferredHostBuilder.DeferredHost.StartAsync(CancellationToken cancellationToken)
[xUnit.net 00:00:08.92]            at Microsoft.Extensions.Hosting.HostingAbstractionsHostExtensions.Start(IHost host)
[xUnit.net 00:00:08.92]            at Microsoft.AspNetCore.Mvc.Testing.WebApplicationFactory`1.CreateHost(IHostBuilder builder)
[xUnit.net 00:00:08.92]            at Microsoft.AspNetCore.Mvc.Testing.WebApplicationFactory`1.ConfigureHostBuilder(IHostBuilder hostBuilder)
[xUnit.net 00:00:08.92]            at Microsoft.AspNetCore.Mvc.Testing.WebApplicationFactory`1.StartServer()
[xUnit.net 00:00:08.92]            at Microsoft.AspNetCore.Mvc.Testing.WebApplicationFactory`1.get_Services()
[xUnit.net 00:00:08.92]         /work/tests/Erp.Testing/ErpTestEnvironment.cs(128,0): at Erp.Testing.ErpTestEnvironment.SeedAsync(TestDatabaseServer server, String database, SeedPlan plan, IDictionary`2 settings)
[xUnit.net 00:00:08.92]         /work/tests/Erp.Testing/ErpTestEnvironment.cs(138,0): at Erp.Testing.ErpTestEnvironment.SeedAsync(TestDatabaseServer server, String database, SeedPlan plan, IDictionary`2 settings)
[xUnit.net 00:00:08.92]         /work/tests/Erp.Testing/ErpTestEnvironment.cs(90,0): at Erp.Testing.ErpTestEnvironment.<>c__DisplayClass34_0.<<StartGateAsync>b__0>d.MoveNext()
[xUnit.net 00:00:08.92]         --- End of stack trace from previous location ---
[xUnit.net 00:00:08.92]         /work/tests/Erp.Testing/TestDatabaseServer.cs(156,0): at Erp.Testing.TestDatabaseServer.<>c__DisplayClass25_0.<<GateTemplateAsync>b__3>d.MoveNext()
[xUnit.net 00:00:08.92]         --- End of stack trace from previous location ---
[xUnit.net 00:00:08.92]         /work/tests/Erp.Testing/TestDatabaseServer.cs(161,0): at Erp.Testing.TestDatabaseServer.GateTemplateAsync(IDictionary`2 settings, Func`2 seed)
[xUnit.net 00:00:08.92]         /work/tests/Erp.Testing/ErpTestEnvironment.cs(87,0): at Erp.Testing.ErpTestEnvironment.StartGateAsync(IDictionary`2 settings)
[xUnit.net 00:00:08.92]         /work/tests/Erp.Gates.Tests/Infrastructure/GateFixture.cs(17,0): at Erp.Gates.Tests.Infrastructure.GateFixture.InitializeAsync()
[xUnit.net 00:00:08.92]     Erp.Gates.Tests.G1.G1ReviewedLookupTests.Every_reviewed_function_has_reviewed_callers_and_sources [FAIL]
[xUnit.net 00:00:08.92]       Assembly fixture type 'Erp.Gates.Tests.Infrastructure.GateFixture' threw in InitializeAsync
[xUnit.net 00:00:08.92]       ---- System.InvalidOperationException : Endpoint authorisation is incomplete:
[xUnit.net 00:00:08.92]       HTTP: DELETE /api/identity/me/preferences => ResetPreferences: declares no permission
[xUnit.net 00:00:08.92]       Stack Trace:
[xUnit.net 00:00:08.92]         
[xUnit.net 00:00:08.92]         ----- Inner Stack Trace -----
[xUnit.net 00:00:08.92]         /work/src/Kernel/Erp.Kernel/Hosting/ErpPlatform.cs(236,0): at Erp.Kernel.Hosting.ErpPlatform.ValidateEndpoints(WebApplication app)
[xUnit.net 00:00:08.92]         /work/src/Kernel/Erp.Kernel/Hosting/ErpPlatform.cs(202,0): at Erp.Kernel.Hosting.ErpPlatform.UseErpPlatform(WebApplication app)
[xUnit.net 00:00:08.92]         /work/src/Host/Erp.Host/Program.cs(8,0): at Program.<Main>$(String[] args)
[xUnit.net 00:00:08.92]            at Program.<Main>(String[] args)
[xUnit.net 00:00:08.92]            at System.Reflection.MethodBaseInvoker.InterpretedInvoke_Method(Object obj, IntPtr* args)
[xUnit.net 00:00:08.92]            at System.Reflection.MethodBaseInvoker.InvokeDirectByRefWithFewArgs(Object obj, Span`1 copyOfArgs, BindingFlags invokeAttr)
[xUnit.net 00:00:08.92]         --- End of stack trace from previous location ---
[xUnit.net 00:00:08.92]            at Microsoft.AspNetCore.Mvc.Testing.DeferredHostBuilder.DeferredHost.StartAsync(CancellationToken cancellationToken)
[xUnit.net 00:00:08.92]            at Microsoft.Extensions.Hosting.HostingAbstractionsHostExtensions.Start(IHost host)
[xUnit.net 00:00:08.92]            at Microsoft.AspNetCore.Mvc.Testing.WebApplicationFactory`1.CreateHost(IHostBuilder builder)
[xUnit.net 00:00:08.92]            at Microsoft.AspNetCore.Mvc.Testing.WebApplicationFactory`1.ConfigureHostBuilder(IHostBuilder hostBuilder)
[xUnit.net 00:00:08.92]            at Microsoft.AspNetCore.Mvc.Testing.WebApplicationFactory`1.StartServer()
[xUnit.net 00:00:08.92]            at Microsoft.AspNetCore.Mvc.Testing.WebApplicationFactory`1.get_Services()
[xUnit.net 00:00:08.92]         /work/tests/Erp.Testing/ErpTestEnvironment.cs(128,0): at Erp.Testing.ErpTestEnvironment.SeedAsync(TestDatabaseServer server, String database, SeedPlan plan, IDictionary`2 settings)
[xUnit.net 00:00:08.92]         /work/tests/Erp.Testing/ErpTestEnvironment.cs(138,0): at Erp.Testing.ErpTestEnvironment.SeedAsync(TestDatabaseServer server, String database, SeedPlan plan, IDictionary`2 settings)
[xUnit.net 00:00:08.92]         /work/tests/Erp.Testing/ErpTestEnvironment.cs(90,0): at Erp.Testing.ErpTestEnvironment.<>c__DisplayClass34_0.<<StartGateAsync>b__0>d.MoveNext()
[xUnit.net 00:00:08.92]         --- End of stack trace from previous location ---
[xUnit.net 00:00:08.92]         /work/tests/Erp.Testing/TestDatabaseServer.cs(156,0): at Erp.Testing.TestDatabaseServer.<>c__DisplayClass25_0.<<GateTemplateAsync>b__3>d.MoveNext()
[xUnit.net 00:00:08.92]         --- End of stack trace from previous location ---
[xUnit.net 00:00:08.92]         /work/tests/Erp.Testing/TestDatabaseServer.cs(161,0): at Erp.Testing.TestDatabaseServer.GateTemplateAsync(IDictionary`2 settings, Func`2 seed)
[xUnit.net 00:00:08.92]         /work/tests/Erp.Testing/ErpTestEnvironment.cs(87,0): at Erp.Testing.ErpTestEnvironment.StartGateAsync(IDictionary`2 settings)
[xUnit.net 00:00:08.92]         /work/tests/Erp.Gates.Tests/Infrastructure/GateFixture.cs(17,0): at Erp.Gates.Tests.Infrastructure.GateFixture.InitializeAsync()
[xUnit.net 00:00:08.92]     Erp.Gates.Tests.Rules.OpenApiGateTests.Decimals_are_documented_as_strings [FAIL]
[xUnit.net 00:00:08.92]       Assembly fixture type 'Erp.Gates.Tests.Infrastructure.GateFixture' threw in InitializeAsync
[xUnit.net 00:00:08.92]       ---- System.InvalidOperationException : Endpoint authorisation is incomplete:
[xUnit.net 00:00:08.92]       HTTP: DELETE /api/identity/me/preferences => ResetPreferences: declares no permission
[xUnit.net 00:00:08.92]       Stack Trace:
[xUnit.net 00:00:08.92]         
[xUnit.net 00:00:08.92]         ----- Inner Stack Trace -----
[xUnit.net 00:00:08.92]         /work/src/Kernel/Erp.Kernel/Hosting/ErpPlatform.cs(236,0): at Erp.Kernel.Hosting.ErpPlatform.ValidateEndpoints(WebApplication app)
[xUnit.net 00:00:08.92]         /work/src/Kernel/Erp.Kernel/Hosting/ErpPlatform.cs(202,0): at Erp.Kernel.Hosting.ErpPlatform.UseErpPlatform(WebApplication app)
[xUnit.net 00:00:08.92]         /work/src/Host/Erp.Host/Program.cs(8,0): at Program.<Main>$(String[] args)
[xUnit.net 00:00:08.92]            at Program.<Main>(String[] args)
[xUnit.net 00:00:08.92]            at System.Reflection.MethodBaseInvoker.InterpretedInvoke_Method(Object obj, IntPtr* args)
[xUnit.net 00:00:08.92]            at System.Reflection.MethodBaseInvoker.InvokeDirectByRefWithFewArgs(Object obj, Span`1 copyOfArgs, BindingFlags invokeAttr)
[xUnit.net 00:00:08.92]         --- End of stack trace from previous location ---
[xUnit.net 00:00:08.92]            at Microsoft.AspNetCore.Mvc.Testing.DeferredHostBuilder.DeferredHost.StartAsync(CancellationToken cancellationToken)
[xUnit.net 00:00:08.92]            at Microsoft.Extensions.Hosting.HostingAbstractionsHostExtensions.Start(IHost host)
[xUnit.net 00:00:08.92]            at Microsoft.AspNetCore.Mvc.Testing.WebApplicationFactory`1.CreateHost(IHostBuilder builder)
[xUnit.net 00:00:08.92]            at Microsoft.AspNetCore.Mvc.Testing.WebApplicationFactory`1.ConfigureHostBuilder(IHostBuilder hostBuilder)
[xUnit.net 00:00:08.92]            at Microsoft.AspNetCore.Mvc.Testing.WebApplicationFactory`1.StartServer()
[xUnit.net 00:00:08.92]            at Microsoft.AspNetCore.Mvc.Testing.WebApplicationFactory`1.get_Services()
[xUnit.net 00:00:08.92]         /work/tests/Erp.Testing/ErpTestEnvironment.cs(128,0): at Erp.Testing.ErpTestEnvironment.SeedAsync(TestDatabaseServer server, String database, SeedPlan plan, IDictionary`2 settings)
[xUnit.net 00:00:08.92]         /work/tests/Erp.Testing/ErpTestEnvironment.cs(138,0): at Erp.Testing.ErpTestEnvironment.SeedAsync(TestDatabaseServer server, String database, SeedPlan plan, IDictionary`2 settings)
[xUnit.net 00:00:08.92]         /work/tests/Erp.Testing/ErpTestEnvironment.cs(90,0): at Erp.Testing.ErpTestEnvironment.<>c__DisplayClass34_0.<<StartGateAsync>b__0>d.MoveNext()
[xUnit.net 00:00:08.92]         --- End of stack trace from previous location ---
[xUnit.net 00:00:08.92]         /work/tests/Erp.Testing/TestDatabaseServer.cs(156,0): at Erp.Testing.TestDatabaseServer.<>c__DisplayClass25_0.<<GateTemplateAsync>b__3>d.MoveNext()
[xUnit.net 00:00:08.92]         --- End of stack trace from previous location ---
[xUnit.net 00:00:08.92]         /work/tests/Erp.Testing/TestDatabaseServer.cs(161,0): at Erp.Testing.TestDatabaseServer.GateTemplateAsync(IDictionary`2 settings, Func`2 seed)
[xUnit.net 00:00:08.92]         /work/tests/Erp.Testing/ErpTestEnvironment.cs(87,0): at Erp.Testing.ErpTestEnvironment.StartGateAsync(IDictionary`2 settings)
[xUnit.net 00:00:08.92]         /work/tests/Erp.Gates.Tests/Infrastructure/GateFixture.cs(17,0): at Erp.Gates.Tests.Infrastructure.GateFixture.InitializeAsync()
[xUnit.net 00:00:08.92]     Erp.Gates.Tests.Rules.OpenApiGateTests.OpenApi_document_covers_every_endpoint_with_its_permission [FAIL]
[xUnit.net 00:00:08.92]       Assembly fixture type 'Erp.Gates.Tests.Infrastructure.GateFixture' threw in InitializeAsync
[xUnit.net 00:00:08.92]       ---- System.InvalidOperationException : Endpoint authorisation is incomplete:
[xUnit.net 00:00:08.92]       HTTP: DELETE /api/identity/me/preferences => ResetPreferences: declares no permission
[xUnit.net 00:00:08.92]       Stack Trace:
[xUnit.net 00:00:08.92]         
[xUnit.net 00:00:08.92]         ----- Inner Stack Trace -----
[xUnit.net 00:00:08.92]         /work/src/Kernel/Erp.Kernel/Hosting/ErpPlatform.cs(236,0): at Erp.Kernel.Hosting.ErpPlatform.ValidateEndpoints(WebApplication app)
[xUnit.net 00:00:08.92]         /work/src/Kernel/Erp.Kernel/Hosting/ErpPlatform.cs(202,0): at Erp.Kernel.Hosting.ErpPlatform.UseErpPlatform(WebApplication app)
[xUnit.net 00:00:08.92]         /work/src/Host/Erp.Host/Program.cs(8,0): at Program.<Main>$(String[] args)
[xUnit.net 00:00:08.92]            at Program.<Main>(String[] args)
[xUnit.net 00:00:08.92]            at System.Reflection.MethodBaseInvoker.InterpretedInvoke_Method(Object obj, IntPtr* args)
[xUnit.net 00:00:08.92]            at System.Reflection.MethodBaseInvoker.InvokeDirectByRefWithFewArgs(Object obj, Span`1 copyOfArgs, BindingFlags invokeAttr)
[xUnit.net 00:00:08.92]         --- End of stack trace from previous location ---
[xUnit.net 00:00:08.92]            at Microsoft.AspNetCore.Mvc.Testing.DeferredHostBuilder.DeferredHost.StartAsync(CancellationToken cancellationToken)
[xUnit.net 00:00:08.92]            at Microsoft.Extensions.Hosting.HostingAbstractionsHostExtensions.Start(IHost host)
[xUnit.net 00:00:08.92]            at Microsoft.AspNetCore.Mvc.Testing.WebApplicationFactory`1.CreateHost(IHostBuilder builder)
[xUnit.net 00:00:08.92]            at Microsoft.AspNetCore.Mvc.Testing.WebApplicationFactory`1.ConfigureHostBuilder(IHostBuilder hostBuilder)
[xUnit.net 00:00:08.92]            at Microsoft.AspNetCore.Mvc.Testing.WebApplicationFactory`1.StartServer()
[xUnit.net 00:00:08.92]            at Microsoft.AspNetCore.Mvc.Testing.WebApplicationFactory`1.get_Services()
[xUnit.net 00:00:08.92]         /work/tests/Erp.Testing/ErpTestEnvironment.cs(128,0): at Erp.Testing.ErpTestEnvironment.SeedAsync(TestDatabaseServer server, String database, SeedPlan plan, IDictionary`2 settings)
[xUnit.net 00:00:08.92]         /work/tests/Erp.Testing/ErpTestEnvironment.cs(138,0): at Erp.Testing.ErpTestEnvironment.SeedAsync(TestDatabaseServer server, String database, SeedPlan plan, IDictionary`2 settings)
[xUnit.net 00:00:08.92]         /work/tests/Erp.Testing/ErpTestEnvironment.cs(90,0): at Erp.Testing.ErpTestEnvironment.<>c__DisplayClass34_0.<<StartGateAsync>b__0>d.MoveNext()
[xUnit.net 00:00:08.92]         --- End of stack trace from previous location ---
[xUnit.net 00:00:08.92]         /work/tests/Erp.Testing/TestDatabaseServer.cs(156,0): at Erp.Testing.TestDatabaseServer.<>c__DisplayClass25_0.<<GateTemplateAsync>b__3>d.MoveNext()
[xUnit.net 00:00:08.92]         --- End of stack trace from previous location ---
[xUnit.net 00:00:08.92]         /work/tests/Erp.Testing/TestDatabaseServer.cs(161,0): at Erp.Testing.TestDatabaseServer.GateTemplateAsync(IDictionary`2 settings, Func`2 seed)
[xUnit.net 00:00:08.92]         /work/tests/Erp.Testing/ErpTestEnvironment.cs(87,0): at Erp.Testing.ErpTestEnvironment.StartGateAsync(IDictionary`2 settings)
[xUnit.net 00:00:08.92]         /work/tests/Erp.Gates.Tests/Infrastructure/GateFixture.cs(17,0): at Erp.Gates.Tests.Infrastructure.GateFixture.InitializeAsync()
[xUnit.net 00:00:08.93]     Erp.Gates.Tests.G2.G2PermissionTests.Undeclared_endpoints_fall_back_to_deny [FAIL]
[xUnit.net 00:00:08.93]       Assembly fixture type 'Erp.Gates.Tests.Infrastructure.GateFixture' threw in InitializeAsync
[xUnit.net 00:00:08.93]       ---- System.InvalidOperationException : Endpoint authorisation is incomplete:
[xUnit.net 00:00:08.93]       HTTP: DELETE /api/identity/me/preferences => ResetPreferences: declares no permission
[xUnit.net 00:00:08.93]       Stack Trace:
[xUnit.net 00:00:08.93]         
[xUnit.net 00:00:08.93]         ----- Inner Stack Trace -----
[xUnit.net 00:00:08.93]         /work/src/Kernel/Erp.Kernel/Hosting/ErpPlatform.cs(236,0): at Erp.Kernel.Hosting.ErpPlatform.ValidateEndpoints(WebApplication app)
[xUnit.net 00:00:08.93]         /work/src/Kernel/Erp.Kernel/Hosting/ErpPlatform.cs(202,0): at Erp.Kernel.Hosting.ErpPlatform.UseErpPlatform(WebApplication app)
[xUnit.net 00:00:08.93]         /work/src/Host/Erp.Host/Program.cs(8,0): at Program.<Main>$(String[] args)
[xUnit.net 00:00:08.93]            at Program.<Main>(String[] args)
[xUnit.net 00:00:08.93]            at System.Reflection.MethodBaseInvoker.InterpretedInvoke_Method(Object obj, IntPtr* args)
[xUnit.net 00:00:08.93]            at System.Reflection.MethodBaseInvoker.InvokeDirectByRefWithFewArgs(Object obj, Span`1 copyOfArgs, BindingFlags invokeAttr)
[xUnit.net 00:00:08.93]         --- End of stack trace from previous location ---
[xUnit.net 00:00:08.93]            at Microsoft.AspNetCore.Mvc.Testing.DeferredHostBuilder.DeferredHost.StartAsync(CancellationToken cancellationToken)
[xUnit.net 00:00:08.93]            at Microsoft.Extensions.Hosting.HostingAbstractionsHostExtensions.Start(IHost host)
[xUnit.net 00:00:08.93]            at Microsoft.AspNetCore.Mvc.Testing.WebApplicationFactory`1.CreateHost(IHostBuilder builder)
[xUnit.net 00:00:08.93]            at Microsoft.AspNetCore.Mvc.Testing.WebApplicationFactory`1.ConfigureHostBuilder(IHostBuilder hostBuilder)
[xUnit.net 00:00:08.93]            at Microsoft.AspNetCore.Mvc.Testing.WebApplicationFactory`1.StartServer()
[xUnit.net 00:00:08.93]            at Microsoft.AspNetCore.Mvc.Testing.WebApplicationFactory`1.get_Services()
[xUnit.net 00:00:08.93]         /work/tests/Erp.Testing/ErpTestEnvironment.cs(128,0): at Erp.Testing.ErpTestEnvironment.SeedAsync(TestDatabaseServer server, String database, SeedPlan plan, IDictionary`2 settings)
[xUnit.net 00:00:08.93]         /work/tests/Erp.Testing/ErpTestEnvironment.cs(138,0): at Erp.Testing.ErpTestEnvironment.SeedAsync(TestDatabaseServer server, String database, SeedPlan plan, IDictionary`2 settings)
[xUnit.net 00:00:08.93]         /work/tests/Erp.Testing/ErpTestEnvironment.cs(90,0): at Erp.Testing.ErpTestEnvironment.<>c__DisplayClass34_0.<<StartGateAsync>b__0>d.MoveNext()
[xUnit.net 00:00:08.93]         --- End of stack trace from previous location ---
[xUnit.net 00:00:08.93]         /work/tests/Erp.Testing/TestDatabaseServer.cs(156,0): at Erp.Testing.TestDatabaseServer.<>c__DisplayClass25_0.<<GateTemplateAsync>b__3>d.MoveNext()
[xUnit.net 00:00:08.93]         --- End of stack trace from previous location ---
[xUnit.net 00:00:08.93]         /work/tests/Erp.Testing/TestDatabaseServer.cs(161,0): at Erp.Testing.TestDatabaseServer.GateTemplateAsync(IDictionary`2 settings, Func`2 seed)
[xUnit.net 00:00:08.93]         /work/tests/Erp.Testing/ErpTestEnvironment.cs(87,0): at Erp.Testing.ErpTestEnvironment.StartGateAsync(IDictionary`2 settings)
[xUnit.net 00:00:08.93]         /work/tests/Erp.Gates.Tests/Infrastructure/GateFixture.cs(17,0): at Erp.Gates.Tests.Infrastructure.GateFixture.InitializeAsync()
[xUnit.net 00:00:08.93]     Erp.Gates.Tests.G2.G2PermissionTests.Sharing_a_view_needs_the_share_permission_and_the_lists_own_permission [FAIL]
[xUnit.net 00:00:08.93]       Assembly fixture type 'Erp.Gates.Tests.Infrastructure.GateFixture' threw in InitializeAsync
[xUnit.net 00:00:08.93]       ---- System.InvalidOperationException : Endpoint authorisation is incomplete:
[xUnit.net 00:00:08.93]       HTTP: DELETE /api/identity/me/preferences => ResetPreferences: declares no permission
[xUnit.net 00:00:08.93]       Stack Trace:
[xUnit.net 00:00:08.93]         
[xUnit.net 00:00:08.93]         ----- Inner Stack Trace -----
[xUnit.net 00:00:08.93]         /work/src/Kernel/Erp.Kernel/Hosting/ErpPlatform.cs(236,0): at Erp.Kernel.Hosting.ErpPlatform.ValidateEndpoints(WebApplication app)
[xUnit.net 00:00:08.93]         /work/src/Kernel/Erp.Kernel/Hosting/ErpPlatform.cs(202,0): at Erp.Kernel.Hosting.ErpPlatform.UseErpPlatform(WebApplication app)
[xUnit.net 00:00:08.93]         /work/src/Host/Erp.Host/Program.cs(8,0): at Program.<Main>$(String[] args)
[xUnit.net 00:00:08.93]            at Program.<Main>(String[] args)
[xUnit.net 00:00:08.93]            at System.Reflection.MethodBaseInvoker.InterpretedInvoke_Method(Object obj, IntPtr* args)
[xUnit.net 00:00:08.93]            at System.Reflection.MethodBaseInvoker.InvokeDirectByRefWithFewArgs(Object obj, Span`1 copyOfArgs, BindingFlags invokeAttr)
[xUnit.net 00:00:08.93]         --- End of stack trace from previous location ---
[xUnit.net 00:00:08.93]            at Microsoft.AspNetCore.Mvc.Testing.DeferredHostBuilder.DeferredHost.StartAsync(CancellationToken cancellationToken)
[xUnit.net 00:00:08.93]            at Microsoft.Extensions.Hosting.HostingAbstractionsHostExtensions.Start(IHost host)
[xUnit.net 00:00:08.93]            at Microsoft.AspNetCore.Mvc.Testing.WebApplicationFactory`1.CreateHost(IHostBuilder builder)
[xUnit.net 00:00:08.93]            at Microsoft.AspNetCore.Mvc.Testing.WebApplicationFactory`1.ConfigureHostBuilder(IHostBuilder hostBuilder)
[xUnit.net 00:00:08.93]            at Microsoft.AspNetCore.Mvc.Testing.WebApplicationFactory`1.StartServer()
[xUnit.net 00:00:08.93]            at Microsoft.AspNetCore.Mvc.Testing.WebApplicationFactory`1.get_Services()
[xUnit.net 00:00:08.93]         /work/tests/Erp.Testing/ErpTestEnvironment.cs(128,0): at Erp.Testing.ErpTestEnvironment.SeedAsync(TestDatabaseServer server, String database, SeedPlan plan, IDictionary`2 settings)
[xUnit.net 00:00:08.93]         /work/tests/Erp.Testing/ErpTestEnvironment.cs(138,0): at Erp.Testing.ErpTestEnvironment.SeedAsync(TestDatabaseServer server, String database, SeedPlan plan, IDictionary`2 settings)
[xUnit.net 00:00:08.93]         /work/tests/Erp.Testing/ErpTestEnvironment.cs(90,0): at Erp.Testing.ErpTestEnvironment.<>c__DisplayClass34_0.<<StartGateAsync>b__0>d.MoveNext()
[xUnit.net 00:00:08.93]         --- End of stack trace from previous location ---
[xUnit.net 00:00:08.93]         /work/tests/Erp.Testing/TestDatabaseServer.cs(156,0): at Erp.Testing.TestDatabaseServer.<>c__DisplayClass25_0.<<GateTemplateAsync>b__3>d.MoveNext()
[xUnit.net 00:00:08.93]         --- End of stack trace from previous location ---
[xUnit.net 00:00:08.93]         /work/tests/Erp.Testing/TestDatabaseServer.cs(161,0): at Erp.Testing.TestDatabaseServer.GateTemplateAsync(IDictionary`2 settings, Func`2 seed)
[xUnit.net 00:00:08.93]         /work/tests/Erp.Testing/ErpTestEnvironment.cs(87,0): at Erp.Testing.ErpTestEnvironment.StartGateAsync(IDictionary`2 settings)
[xUnit.net 00:00:08.93]         /work/tests/Erp.Gates.Tests/Infrastructure/GateFixture.cs(17,0): at Erp.Gates.Tests.Infrastructure.GateFixture.InitializeAsync()
[xUnit.net 00:00:08.93]     Erp.Gates.Tests.G2.G2PermissionTests.Every_registered_list_is_readable_with_its_permission_alone [FAIL]
[xUnit.net 00:00:08.93]       Assembly fixture type 'Erp.Gates.Tests.Infrastructure.GateFixture' threw in InitializeAsync
[xUnit.net 00:00:08.93]       ---- System.InvalidOperationException : Endpoint authorisation is incomplete:
[xUnit.net 00:00:08.93]       HTTP: DELETE /api/identity/me/preferences => ResetPreferences: declares no permission
[xUnit.net 00:00:08.93]       Stack Trace:
[xUnit.net 00:00:08.93]         
[xUnit.net 00:00:08.93]         ----- Inner Stack Trace -----
[xUnit.net 00:00:08.93]         /work/src/Kernel/Erp.Kernel/Hosting/ErpPlatform.cs(236,0): at Erp.Kernel.Hosting.ErpPlatform.ValidateEndpoints(WebApplication app)
[xUnit.net 00:00:08.93]         /work/src/Kernel/Erp.Kernel/Hosting/ErpPlatform.cs(202,0): at Erp.Kernel.Hosting.ErpPlatform.UseErpPlatform(WebApplication app)
[xUnit.net 00:00:08.93]         /work/src/Host/Erp.Host/Program.cs(8,0): at Program.<Main>$(String[] args)
[xUnit.net 00:00:08.93]            at Program.<Main>(String[] args)
[xUnit.net 00:00:08.93]            at System.Reflection.MethodBaseInvoker.InterpretedInvoke_Method(Object obj, IntPtr* args)
[xUnit.net 00:00:08.93]            at System.Reflection.MethodBaseInvoker.InvokeDirectByRefWithFewArgs(Object obj, Span`1 copyOfArgs, BindingFlags invokeAttr)
[xUnit.net 00:00:08.93]         --- End of stack trace from previous location ---
[xUnit.net 00:00:08.93]            at Microsoft.AspNetCore.Mvc.Testing.DeferredHostBuilder.DeferredHost.StartAsync(CancellationToken cancellationToken)
[xUnit.net 00:00:08.93]            at Microsoft.Extensions.Hosting.HostingAbstractionsHostExtensions.Start(IHost host)
[xUnit.net 00:00:08.93]            at Microsoft.AspNetCore.Mvc.Testing.WebApplicationFactory`1.CreateHost(IHostBuilder builder)
[xUnit.net 00:00:08.93]            at Microsoft.AspNetCore.Mvc.Testing.WebApplicationFactory`1.ConfigureHostBuilder(IHostBuilder hostBuilder)
[xUnit.net 00:00:08.93]            at Microsoft.AspNetCore.Mvc.Testing.WebApplicationFactory`1.StartServer()
[xUnit.net 00:00:08.93]            at Microsoft.AspNetCore.Mvc.Testing.WebApplicationFactory`1.get_Services()
[xUnit.net 00:00:08.93]         /work/tests/Erp.Testing/ErpTestEnvironment.cs(128,0): at Erp.Testing.ErpTestEnvironment.SeedAsync(TestDatabaseServer server, String database, SeedPlan plan, IDictionary`2 settings)
[xUnit.net 00:00:08.93]         /work/tests/Erp.Testing/ErpTestEnvironment.cs(138,0): at Erp.Testing.ErpTestEnvironment.SeedAsync(TestDatabaseServer server, String database, SeedPlan plan, IDictionary`2 settings)
[xUnit.net 00:00:08.93]         /work/tests/Erp.Testing/ErpTestEnvironment.cs(90,0): at Erp.Testing.ErpTestEnvironment.<>c__DisplayClass34_0.<<StartGateAsync>b__0>d.MoveNext()
[xUnit.net 00:00:08.93]         --- End of stack trace from previous location ---
[xUnit.net 00:00:08.93]         /work/tests/Erp.Testing/TestDatabaseServer.cs(156,0): at Erp.Testing.TestDatabaseServer.<>c__DisplayClass25_0.<<GateTemplateAsync>b__3>d.MoveNext()
[xUnit.net 00:00:08.93]         --- End of stack trace from previous location ---
[xUnit.net 00:00:08.93]         /work/tests/Erp.Testing/TestDatabaseServer.cs(161,0): at Erp.Testing.TestDatabaseServer.GateTemplateAsync(IDictionary`2 settings, Func`2 seed)
[xUnit.net 00:00:08.93]         /work/tests/Erp.Testing/ErpTestEnvironment.cs(87,0): at Erp.Testing.ErpTestEnvironment.StartGateAsync(IDictionary`2 settings)
[xUnit.net 00:00:08.93]         /work/tests/Erp.Gates.Tests/Infrastructure/GateFixture.cs(17,0): at Erp.Gates.Tests.Infrastructure.GateFixture.InitializeAsync()
[xUnit.net 00:00:08.93]     Erp.Gates.Tests.G2.G2PermissionTests.The_host_refuses_a_list_whose_endpoint_declares_another_permission [FAIL]
[xUnit.net 00:00:08.93]       Assembly fixture type 'Erp.Gates.Tests.Infrastructure.GateFixture' threw in InitializeAsync
[xUnit.net 00:00:08.93]       ---- System.InvalidOperationException : Endpoint authorisation is incomplete:
[xUnit.net 00:00:08.93]       HTTP: DELETE /api/identity/me/preferences => ResetPreferences: declares no permission
[xUnit.net 00:00:08.93]       Stack Trace:
[xUnit.net 00:00:08.93]         
[xUnit.net 00:00:08.93]         ----- Inner Stack Trace -----
[xUnit.net 00:00:08.93]         /work/src/Kernel/Erp.Kernel/Hosting/ErpPlatform.cs(236,0): at Erp.Kernel.Hosting.ErpPlatform.ValidateEndpoints(WebApplication app)
[xUnit.net 00:00:08.93]         /work/src/Kernel/Erp.Kernel/Hosting/ErpPlatform.cs(202,0): at Erp.Kernel.Hosting.ErpPlatform.UseErpPlatform(WebApplication app)
[xUnit.net 00:00:08.93]         /work/src/Host/Erp.Host/Program.cs(8,0): at Program.<Main>$(String[] args)
[xUnit.net 00:00:08.93]            at Program.<Main>(String[] args)
[xUnit.net 00:00:08.93]            at System.Reflection.MethodBaseInvoker.InterpretedInvoke_Method(Object obj, IntPtr* args)
[xUnit.net 00:00:08.93]            at System.Reflection.MethodBaseInvoker.InvokeDirectByRefWithFewArgs(Object obj, Span`1 copyOfArgs, BindingFlags invokeAttr)
[xUnit.net 00:00:08.93]         --- End of stack trace from previous location ---
[xUnit.net 00:00:08.93]            at Microsoft.AspNetCore.Mvc.Testing.DeferredHostBuilder.DeferredHost.StartAsync(CancellationToken cancellationToken)
[xUnit.net 00:00:08.93]            at Microsoft.Extensions.Hosting.HostingAbstractionsHostExtensions.Start(IHost host)
[xUnit.net 00:00:08.93]            at Microsoft.AspNetCore.Mvc.Testing.WebApplicationFactory`1.CreateHost(IHostBuilder builder)
[xUnit.net 00:00:08.93]            at Microsoft.AspNetCore.Mvc.Testing.WebApplicationFactory`1.ConfigureHostBuilder(IHostBuilder hostBuilder)
[xUnit.net 00:00:08.93]            at Microsoft.AspNetCore.Mvc.Testing.WebApplicationFactory`1.StartServer()
[xUnit.net 00:00:08.93]            at Microsoft.AspNetCore.Mvc.Testing.WebApplicationFactory`1.get_Services()
[xUnit.net 00:00:08.93]         /work/tests/Erp.Testing/ErpTestEnvironment.cs(128,0): at Erp.Testing.ErpTestEnvironment.SeedAsync(TestDatabaseServer server, String database, SeedPlan plan, IDictionary`2 settings)
[xUnit.net 00:00:08.93]         /work/tests/Erp.Testing/ErpTestEnvironment.cs(138,0): at Erp.Testing.ErpTestEnvironment.SeedAsync(TestDatabaseServer server, String database, SeedPlan plan, IDictionary`2 settings)
[xUnit.net 00:00:08.93]         /work/tests/Erp.Testing/ErpTestEnvironment.cs(90,0): at Erp.Testing.ErpTestEnvironment.<>c__DisplayClass34_0.<<StartGateAsync>b__0>d.MoveNext()
[xUnit.net 00:00:08.93]         --- End of stack trace from previous location ---
[xUnit.net 00:00:08.93]         /work/tests/Erp.Testing/TestDatabaseServer.cs(156,0): at Erp.Testing.TestDatabaseServer.<>c__DisplayClass25_0.<<GateTemplateAsync>b__3>d.MoveNext()
[xUnit.net 00:00:08.93]         --- End of stack trace from previous location ---
[xUnit.net 00:00:08.93]         /work/tests/Erp.Testing/TestDatabaseServer.cs(161,0): at Erp.Testing.TestDatabaseServer.GateTemplateAsync(IDictionary`2 settings, Func`2 seed)
[xUnit.net 00:00:08.93]         /work/tests/Erp.Testing/ErpTestEnvironment.cs(87,0): at Erp.Testing.ErpTestEnvironment.StartGateAsync(IDictionary`2 settings)
[xUnit.net 00:00:08.93]         /work/tests/Erp.Gates.Tests/Infrastructure/GateFixture.cs(17,0): at Erp.Gates.Tests.Infrastructure.GateFixture.InitializeAsync()
[xUnit.net 00:00:08.93]     Erp.Gates.Tests.G2.G2PermissionTests.The_host_refuses_to_start_with_an_endpoint_whose_permission_is_not_in_the_catalogue [FAIL]
[xUnit.net 00:00:08.93]       Assembly fixture type 'Erp.Gates.Tests.Infrastructure.GateFixture' threw in InitializeAsync
[xUnit.net 00:00:08.93]       ---- System.InvalidOperationException : Endpoint authorisation is incomplete:
[xUnit.net 00:00:08.93]       HTTP: DELETE /api/identity/me/preferences => ResetPreferences: declares no permission
[xUnit.net 00:00:08.93]       Stack Trace:
[xUnit.net 00:00:08.93]         
[xUnit.net 00:00:08.93]         ----- Inner Stack Trace -----
[xUnit.net 00:00:08.93]         /work/src/Kernel/Erp.Kernel/Hosting/ErpPlatform.cs(236,0): at Erp.Kernel.Hosting.ErpPlatform.ValidateEndpoints(WebApplication app)
[xUnit.net 00:00:08.93]         /work/src/Kernel/Erp.Kernel/Hosting/ErpPlatform.cs(202,0): at Erp.Kernel.Hosting.ErpPlatform.UseErpPlatform(WebApplication app)
[xUnit.net 00:00:08.93]         /work/src/Host/Erp.Host/Program.cs(8,0): at Program.<Main>$(String[] args)
[xUnit.net 00:00:08.93]            at Program.<Main>(String[] args)
[xUnit.net 00:00:08.93]            at System.Reflection.MethodBaseInvoker.InterpretedInvoke_Method(Object obj, IntPtr* args)
[xUnit.net 00:00:08.93]            at System.Reflection.MethodBaseInvoker.InvokeDirectByRefWithFewArgs(Object obj, Span`1 copyOfArgs, BindingFlags invokeAttr)
[xUnit.net 00:00:08.93]         --- End of stack trace from previous location ---
[xUnit.net 00:00:08.93]            at Microsoft.AspNetCore.Mvc.Testing.DeferredHostBuilder.DeferredHost.StartAsync(CancellationToken cancellationToken)
[xUnit.net 00:00:08.93]            at Microsoft.Extensions.Hosting.HostingAbstractionsHostExtensions.Start(IHost host)
[xUnit.net 00:00:08.93]            at Microsoft.AspNetCore.Mvc.Testing.WebApplicationFactory`1.CreateHost(IHostBuilder builder)
[xUnit.net 00:00:08.93]            at Microsoft.AspNetCore.Mvc.Testing.WebApplicationFactory`1.ConfigureHostBuilder(IHostBuilder hostBuilder)
[xUnit.net 00:00:08.93]            at Microsoft.AspNetCore.Mvc.Testing.WebApplicationFactory`1.StartServer()
[xUnit.net 00:00:08.93]            at Microsoft.AspNetCore.Mvc.Testing.WebApplicationFactory`1.get_Services()
[xUnit.net 00:00:08.93]         /work/tests/Erp.Testing/ErpTestEnvironment.cs(128,0): at Erp.Testing.ErpTestEnvironment.SeedAsync(TestDatabaseServer server, String database, SeedPlan plan, IDictionary`2 settings)
[xUnit.net 00:00:08.93]         /work/tests/Erp.Testing/ErpTestEnvironment.cs(138,0): at Erp.Testing.ErpTestEnvironment.SeedAsync(TestDatabaseServer server, String database, SeedPlan plan, IDictionary`2 settings)
[xUnit.net 00:00:08.93]         /work/tests/Erp.Testing/ErpTestEnvironment.cs(90,0): at Erp.Testing.ErpTestEnvironment.<>c__DisplayClass34_0.<<StartGateAsync>b__0>d.MoveNext()
[xUnit.net 00:00:08.93]         --- End of stack trace from previous location ---
[xUnit.net 00:00:08.93]         /work/tests/Erp.Testing/TestDatabaseServer.cs(156,0): at Erp.Testing.TestDatabaseServer.<>c__DisplayClass25_0.<<GateTemplateAsync>b__3>d.MoveNext()
[xUnit.net 00:00:08.93]         --- End of stack trace from previous location ---
[xUnit.net 00:00:08.93]         /work/tests/Erp.Testing/TestDatabaseServer.cs(161,0): at Erp.Testing.TestDatabaseServer.GateTemplateAsync(IDictionary`2 settings, Func`2 seed)
[xUnit.net 00:00:08.93]         /work/tests/Erp.Testing/ErpTestEnvironment.cs(87,0): at Erp.Testing.ErpTestEnvironment.StartGateAsync(IDictionary`2 settings)
[xUnit.net 00:00:08.93]         /work/tests/Erp.Gates.Tests/Infrastructure/GateFixture.cs(17,0): at Erp.Gates.Tests.Infrastructure.GateFixture.InitializeAsync()
  Failed Erp.Gates.Tests.G1.G1ReviewedLookupTests.Only_reviewed_source_files_name_a_reviewed_function [1 ms]
  Error Message:
   Assembly fixture type 'Erp.Gates.Tests.Infrastructure.GateFixture' threw in InitializeAsync
---- System.InvalidOperationException : Endpoint authorisation is incomplete:
HTTP: DELETE /api/identity/me/preferences => ResetPreferences: declares no permission
  Stack Trace:
  
----- Inner Stack Trace -----
   at Erp.Kernel.Hosting.ErpPlatform.ValidateEndpoints(WebApplication app) in /work/src/Kernel/Erp.Kernel/Hosting/ErpPlatform.cs:line 236
   at Erp.Kernel.Hosting.ErpPlatform.UseErpPlatform(WebApplication app) in /work/src/Kernel/Erp.Kernel/Hosting/ErpPlatform.cs:line 202
   at Program.<Main>$(String[] args) in /work/src/Host/Erp.Host/Program.cs:line 8
   at Program.<Main>(String[] args)
   at System.Reflection.MethodBaseInvoker.InterpretedInvoke_Method(Object obj, IntPtr* args)
   at System.Reflection.MethodBaseInvoker.InvokeDirectByRefWithFewArgs(Object obj, Span`1 copyOfArgs, BindingFlags invokeAttr)
--- End of stack trace from previous location ---
   at Microsoft.AspNetCore.Mvc.Testing.DeferredHostBuilder.DeferredHost.StartAsync(CancellationToken cancellationToken)
   at Microsoft.Extensions.Hosting.HostingAbstractionsHostExtensions.Start(IHost host)
   at Microsoft.AspNetCore.Mvc.Testing.WebApplicationFactory`1.CreateHost(IHostBuilder builder)
   at Microsoft.AspNetCore.Mvc.Testing.WebApplicationFactory`1.ConfigureHostBuilder(IHostBuilder hostBuilder)
   at Microsoft.AspNetCore.Mvc.Testing.WebApplicationFactory`1.StartServer()
   at Microsoft.AspNetCore.Mvc.Testing.WebApplicationFactory`1.get_Services()
   at Erp.Testing.ErpTestEnvironment.SeedAsync(TestDatabaseServer server, String database, SeedPlan plan, IDictionary`2 settings) in /work/tests/Erp.Testing/ErpTestEnvironment.cs:line 128
   at Erp.Testing.ErpTestEnvironment.SeedAsync(TestDatabaseServer server, String database, SeedPlan plan, IDictionary`2 settings) in /work/tests/Erp.Testing/ErpTestEnvironment.cs:line 138
   at Erp.Testing.ErpTestEnvironment.<>c__DisplayClass34_0.<<StartGateAsync>b__0>d.MoveNext() in /work/tests/Erp.Testing/ErpTestEnvironment.cs:line 90
--- End of stack trace from previous location ---
   at Erp.Testing.TestDatabaseServer.<>c__DisplayClass25_0.<<GateTemplateAsync>b__3>d.MoveNext() in /work/tests/Erp.Testing/TestDatabaseServer.cs:line 156
--- End of stack trace from previous location ---
   at Erp.Testing.TestDatabaseServer.GateTemplateAsync(IDictionary`2 settings, Func`2 seed) in /work/tests/Erp.Testing/TestDatabaseServer.cs:line 161
   at Erp.Testing.ErpTestEnvironment.StartGateAsync(IDictionary`2 settings) in /work/tests/Erp.Testing/ErpTestEnvironment.cs:line 87
   at Erp.Gates.Tests.Infrastructure.GateFixture.InitializeAsync() in /work/tests/Erp.Gates.Tests/Infrastructure/GateFixture.cs:line 17
  Failed Erp.Gates.Tests.G1.G1ReviewedLookupTests.Every_reviewed_function_has_reviewed_callers_and_sources [1 ms]
  Error Message:
   Assembly fixture type 'Erp.Gates.Tests.Infrastructure.GateFixture' threw in InitializeAsync
---- System.InvalidOperationException : Endpoint authorisation is incomplete:
HTTP: DELETE /api/identity/me/preferences => ResetPreferences: declares no permission
  Stack Trace:
  
----- Inner Stack Trace -----
   at Erp.Kernel.Hosting.ErpPlatform.ValidateEndpoints(WebApplication app) in /work/src/Kernel/Erp.Kernel/Hosting/ErpPlatform.cs:line 236
   at Erp.Kernel.Hosting.ErpPlatform.UseErpPlatform(WebApplication app) in /work/src/Kernel/Erp.Kernel/Hosting/ErpPlatform.cs:line 202
   at Program.<Main>$(String[] args) in /work/src/Host/Erp.Host/Program.cs:line 8
   at Program.<Main>(String[] args)
   at System.Reflection.MethodBaseInvoker.InterpretedInvoke_Method(Object obj, IntPtr* args)
   at System.Reflection.MethodBaseInvoker.InvokeDirectByRefWithFewArgs(Object obj, Span`1 copyOfArgs, BindingFlags invokeAttr)
--- End of stack trace from previous location ---
   at Microsoft.AspNetCore.Mvc.Testing.DeferredHostBuilder.DeferredHost.StartAsync(CancellationToken cancellationToken)
   at Microsoft.Extensions.Hosting.HostingAbstractionsHostExtensions.Start(IHost host)
   at Microsoft.AspNetCore.Mvc.Testing.WebApplicationFactory`1.CreateHost(IHostBuilder builder)
   at Microsoft.AspNetCore.Mvc.Testing.WebApplicationFactory`1.ConfigureHostBuilder(IHostBuilder hostBuilder)
   at Microsoft.AspNetCore.Mvc.Testing.WebApplicationFactory`1.StartServer()
   at Microsoft.AspNetCore.Mvc.Testing.WebApplicationFactory`1.get_Services()
   at Erp.Testing.ErpTestEnvironment.SeedAsync(TestDatabaseServer server, String database, SeedPlan plan, IDictionary`2 settings) in /work/tests/Erp.Testing/ErpTestEnvironment.cs:line 128
   at Erp.Testing.ErpTestEnvironment.SeedAsync(TestDatabaseServer server, String database, SeedPlan plan, IDictionary`2 settings) in /work/tests/Erp.Testing/ErpTestEnvironment.cs:line 138
   at Erp.Testing.ErpTestEnvironment.<>c__DisplayClass34_0.<<StartGateAsync>b__0>d.MoveNext() in /work/tests/Erp.Testing/ErpTestEnvironment.cs:line 90
--- End of stack trace from previous location ---
   at Erp.Testing.TestDatabaseServer.<>c__DisplayClass25_0.<<GateTemplateAsync>b__3>d.MoveNext() in /work/tests/Erp.Testing/TestDatabaseServer.cs:line 156
--- End of stack trace from previous location ---
   at Erp.Testing.TestDatabaseServer.GateTemplateAsync(IDictionary`2 settings, Func`2 seed) in /work/tests/Erp.Testing/TestDatabaseServer.cs:line 161
   at Erp.Testing.ErpTestEnvironment.StartGateAsync(IDictionary`2 settings) in /work/tests/Erp.Testing/ErpTestEnvironment.cs:line 87
   at Erp.Gates.Tests.Infrastructure.GateFixture.InitializeAsync() in /work/tests/Erp.Gates.Tests/Infrastructure/GateFixture.cs:line 17
  Failed Erp.Gates.Tests.Rules.OpenApiGateTests.Decimals_are_documented_as_strings [1 ms]
  Error Message:
   Assembly fixture type 'Erp.Gates.Tests.Infrastructure.GateFixture' threw in InitializeAsync
---- System.InvalidOperationException : Endpoint authorisation is incomplete:
HTTP: DELETE /api/identity/me/preferences => ResetPreferences: declares no permission
  Stack Trace:
  
----- Inner Stack Trace -----
   at Erp.Kernel.Hosting.ErpPlatform.ValidateEndpoints(WebApplication app) in /work/src/Kernel/Erp.Kernel/Hosting/ErpPlatform.cs:line 236
   at Erp.Kernel.Hosting.ErpPlatform.UseErpPlatform(WebApplication app) in /work/src/Kernel/Erp.Kernel/Hosting/ErpPlatform.cs:line 202
   at Program.<Main>$(String[] args) in /work/src/Host/Erp.Host/Program.cs:line 8
   at Program.<Main>(String[] args)
   at System.Reflection.MethodBaseInvoker.InterpretedInvoke_Method(Object obj, IntPtr* args)
   at System.Reflection.MethodBaseInvoker.InvokeDirectByRefWithFewArgs(Object obj, Span`1 copyOfArgs, BindingFlags invokeAttr)
--- End of stack trace from previous location ---
   at Microsoft.AspNetCore.Mvc.Testing.DeferredHostBuilder.DeferredHost.StartAsync(CancellationToken cancellationToken)
   at Microsoft.Extensions.Hosting.HostingAbstractionsHostExtensions.Start(IHost host)
   at Microsoft.AspNetCore.Mvc.Testing.WebApplicationFactory`1.CreateHost(IHostBuilder builder)
   at Microsoft.AspNetCore.Mvc.Testing.WebApplicationFactory`1.ConfigureHostBuilder(IHostBuilder hostBuilder)
   at Microsoft.AspNetCore.Mvc.Testing.WebApplicationFactory`1.StartServer()
   at Microsoft.AspNetCore.Mvc.Testing.WebApplicationFactory`1.get_Services()
   at Erp.Testing.ErpTestEnvironment.SeedAsync(TestDatabaseServer server, String database, SeedPlan plan, IDictionary`2 settings) in /work/tests/Erp.Testing/ErpTestEnvironment.cs:line 128
   at Erp.Testing.ErpTestEnvironment.SeedAsync(TestDatabaseServer server, String database, SeedPlan plan, IDictionary`2 settings) in /work/tests/Erp.Testing/ErpTestEnvironment.cs:line 138
   at Erp.Testing.ErpTestEnvironment.<>c__DisplayClass34_0.<<StartGateAsync>b__0>d.MoveNext() in /work/tests/Erp.Testing/ErpTestEnvironment.cs:line 90
--- End of stack trace from previous location ---
   at Erp.Testing.TestDatabaseServer.<>c__DisplayClass25_0.<<GateTemplateAsync>b__3>d.MoveNext() in /work/tests/Erp.Testing/TestDatabaseServer.cs:line 156
--- End of stack trace from previous location ---
   at Erp.Testing.TestDatabaseServer.GateTemplateAsync(IDictionary`2 settings, Func`2 seed) in /work/tests/Erp.Testing/TestDatabaseServer.cs:line 161
   at Erp.Testing.ErpTestEnvironment.StartGateAsync(IDictionary`2 settings) in /work/tests/Erp.Testing/ErpTestEnvironment.cs:line 87
   at Erp.Gates.Tests.Infrastructure.GateFixture.InitializeAsync() in /work/tests/Erp.Gates.Tests/Infrastructure/GateFixture.cs:line 17
  Failed Erp.Gates.Tests.Rules.OpenApiGateTests.OpenApi_document_covers_every_endpoint_with_its_permission [1 ms]
  Error Message:
   Assembly fixture type 'Erp.Gates.Tests.Infrastructure.GateFixture' threw in InitializeAsync
---- System.InvalidOperationException : Endpoint authorisation is incomplete:
HTTP: DELETE /api/identity/me/preferences => ResetPreferences: declares no permission
  Stack Trace:
  
----- Inner Stack Trace -----
   at Erp.Kernel.Hosting.ErpPlatform.ValidateEndpoints(WebApplication app) in /work/src/Kernel/Erp.Kernel/Hosting/ErpPlatform.cs:line 236
   at Erp.Kernel.Hosting.ErpPlatform.UseErpPlatform(WebApplication app) in /work/src/Kernel/Erp.Kernel/Hosting/ErpPlatform.cs:line 202
   at Program.<Main>$(String[] args) in /work/src/Host/Erp.Host/Program.cs:line 8
   at Program.<Main>(String[] args)
   at System.Reflection.MethodBaseInvoker.InterpretedInvoke_Method(Object obj, IntPtr* args)
   at System.Reflection.MethodBaseInvoker.InvokeDirectByRefWithFewArgs(Object obj, Span`1 copyOfArgs, BindingFlags invokeAttr)
--- End of stack trace from previous location ---
   at Microsoft.AspNetCore.Mvc.Testing.DeferredHostBuilder.DeferredHost.StartAsync(CancellationToken cancellationToken)
   at Microsoft.Extensions.Hosting.HostingAbstractionsHostExtensions.Start(IHost host)
   at Microsoft.AspNetCore.Mvc.Testing.WebApplicationFactory`1.CreateHost(IHostBuilder builder)
   at Microsoft.AspNetCore.Mvc.Testing.WebApplicationFactory`1.ConfigureHostBuilder(IHostBuilder hostBuilder)
   at Microsoft.AspNetCore.Mvc.Testing.WebApplicationFactory`1.StartServer()
   at Microsoft.AspNetCore.Mvc.Testing.WebApplicationFactory`1.get_Services()
   at Erp.Testing.ErpTestEnvironment.SeedAsync(TestDatabaseServer server, String database, SeedPlan plan, IDictionary`2 settings) in /work/tests/Erp.Testing/ErpTestEnvironment.cs:line 128
   at Erp.Testing.ErpTestEnvironment.SeedAsync(TestDatabaseServer server, String database, SeedPlan plan, IDictionary`2 settings) in /work/tests/Erp.Testing/ErpTestEnvironment.cs:line 138
   at Erp.Testing.ErpTestEnvironment.<>c__DisplayClass34_0.<<StartGateAsync>b__0>d.MoveNext() in /work/tests/Erp.Testing/ErpTestEnvironment.cs:line 90
--- End of stack trace from previous location ---
   at Erp.Testing.TestDatabaseServer.<>c__DisplayClass25_0.<<GateTemplateAsync>b__3>d.MoveNext() in /work/tests/Erp.Testing/TestDatabaseServer.cs:line 156
--- End of stack trace from previous location ---
   at Erp.Testing.TestDatabaseServer.GateTemplateAsync(IDictionary`2 settings, Func`2 seed) in /work/tests/Erp.Testing/TestDatabaseServer.cs:line 161
   at Erp.Testing.ErpTestEnvironment.StartGateAsync(IDictionary`2 settings) in /work/tests/Erp.Testing/ErpTestEnvironment.cs:line 87
   at Erp.Gates.Tests.Infrastructure.GateFixture.InitializeAsync() in /work/tests/Erp.Gates.Tests/Infrastructure/GateFixture.cs:line 17
  Failed Erp.Gates.Tests.G2.G2PermissionTests.Undeclared_endpoints_fall_back_to_deny [1 ms]
  Error Message:
   Assembly fixture type 'Erp.Gates.Tests.Infrastructure.GateFixture' threw in InitializeAsync
---- System.InvalidOperationException : Endpoint authorisation is incomplete:
HTTP: DELETE /api/identity/me/preferences => ResetPreferences: declares no permission
  Stack Trace:
  
----- Inner Stack Trace -----
   at Erp.Kernel.Hosting.ErpPlatform.ValidateEndpoints(WebApplication app) in /work/src/Kernel/Erp.Kernel/Hosting/ErpPlatform.cs:line 236
   at Erp.Kernel.Hosting.ErpPlatform.UseErpPlatform(WebApplication app) in /work/src/Kernel/Erp.Kernel/Hosting/ErpPlatform.cs:line 202
   at Program.<Main>$(String[] args) in /work/src/Host/Erp.Host/Program.cs:line 8
   at Program.<Main>(String[] args)
   at System.Reflection.MethodBaseInvoker.InterpretedInvoke_Method(Object obj, IntPtr* args)
   at System.Reflection.MethodBaseInvoker.InvokeDirectByRefWithFewArgs(Object obj, Span`1 copyOfArgs, BindingFlags invokeAttr)
--- End of stack trace from previous location ---
   at Microsoft.AspNetCore.Mvc.Testing.DeferredHostBuilder.DeferredHost.StartAsync(CancellationToken cancellationToken)
   at Microsoft.Extensions.Hosting.HostingAbstractionsHostExtensions.Start(IHost host)
   at Microsoft.AspNetCore.Mvc.Testing.WebApplicationFactory`1.CreateHost(IHostBuilder builder)
   at Microsoft.AspNetCore.Mvc.Testing.WebApplicationFactory`1.ConfigureHostBuilder(IHostBuilder hostBuilder)
   at Microsoft.AspNetCore.Mvc.Testing.WebApplicationFactory`1.StartServer()
   at Microsoft.AspNetCore.Mvc.Testing.WebApplicationFactory`1.get_Services()
   at Erp.Testing.ErpTestEnvironment.SeedAsync(TestDatabaseServer server, String database, SeedPlan plan, IDictionary`2 settings) in /work/tests/Erp.Testing/ErpTestEnvironment.cs:line 128
   at Erp.Testing.ErpTestEnvironment.SeedAsync(TestDatabaseServer server, String database, SeedPlan plan, IDictionary`2 settings) in /work/tests/Erp.Testing/ErpTestEnvironment.cs:line 138
   at Erp.Testing.ErpTestEnvironment.<>c__DisplayClass34_0.<<StartGateAsync>b__0>d.MoveNext() in /work/tests/Erp.Testing/ErpTestEnvironment.cs:line 90
--- End of stack trace from previous location ---
   at Erp.Testing.TestDatabaseServer.<>c__DisplayClass25_0.<<GateTemplateAsync>b__3>d.MoveNext() in /work/tests/Erp.Testing/TestDatabaseServer.cs:line 156
--- End of stack trace from previous location ---
   at Erp.Testing.TestDatabaseServer.GateTemplateAsync(IDictionary`2 settings, Func`2 seed) in /work/tests/Erp.Testing/TestDatabaseServer.cs:line 161
   at Erp.Testing.ErpTestEnvironment.StartGateAsync(IDictionary`2 settings) in /work/tests/Erp.Testing/ErpTestEnvironment.cs:line 87
   at Erp.Gates.Tests.Infrastructure.GateFixture.InitializeAsync() in /work/tests/Erp.Gates.Tests/Infrastructure/GateFixture.cs:line 17
  Failed Erp.Gates.Tests.G2.G2PermissionTests.Sharing_a_view_needs_the_share_permission_and_the_lists_own_permission [1 ms]
  Error Message:
   Assembly fixture type 'Erp.Gates.Tests.Infrastructure.GateFixture' threw in InitializeAsync
---- System.InvalidOperationException : Endpoint authorisation is incomplete:
HTTP: DELETE /api/identity/me/preferences => ResetPreferences: declares no permission
  Stack Trace:
  
----- Inner Stack Trace -----
   at Erp.Kernel.Hosting.ErpPlatform.ValidateEndpoints(WebApplication app) in /work/src/Kernel/Erp.Kernel/Hosting/ErpPlatform.cs:line 236
   at Erp.Kernel.Hosting.ErpPlatform.UseErpPlatform(WebApplication app) in /work/src/Kernel/Erp.Kernel/Hosting/ErpPlatform.cs:line 202
   at Program.<Main>$(String[] args) in /work/src/Host/Erp.Host/Program.cs:line 8
   at Program.<Main>(String[] args)
   at System.Reflection.MethodBaseInvoker.InterpretedInvoke_Method(Object obj, IntPtr* args)
   at System.Reflection.MethodBaseInvoker.InvokeDirectByRefWithFewArgs(Object obj, Span`1 copyOfArgs, BindingFlags invokeAttr)
--- End of stack trace from previous location ---
   at Microsoft.AspNetCore.Mvc.Testing.DeferredHostBuilder.DeferredHost.StartAsync(CancellationToken cancellationToken)
   at Microsoft.Extensions.Hosting.HostingAbstractionsHostExtensions.Start(IHost host)
   at Microsoft.AspNetCore.Mvc.Testing.WebApplicationFactory`1.CreateHost(IHostBuilder builder)
   at Microsoft.AspNetCore.Mvc.Testing.WebApplicationFactory`1.ConfigureHostBuilder(IHostBuilder hostBuilder)
   at Microsoft.AspNetCore.Mvc.Testing.WebApplicationFactory`1.StartServer()
   at Microsoft.AspNetCore.Mvc.Testing.WebApplicationFactory`1.get_Services()
   at Erp.Testing.ErpTestEnvironment.SeedAsync(TestDatabaseServer server, String database, SeedPlan plan, IDictionary`2 settings) in /work/tests/Erp.Testing/ErpTestEnvironment.cs:line 128
   at Erp.Testing.ErpTestEnvironment.SeedAsync(TestDatabaseServer server, String database, SeedPlan plan, IDictionary`2 settings) in /work/tests/Erp.Testing/ErpTestEnvironment.cs:line 138
   at Erp.Testing.ErpTestEnvironment.<>c__DisplayClass34_0.<<StartGateAsync>b__0>d.MoveNext() in /work/tests/Erp.Testing/ErpTestEnvironment.cs:line 90
--- End of stack trace from previous location ---
   at Erp.Testing.TestDatabaseServer.<>c__DisplayClass25_0.<<GateTemplateAsync>b__3>d.MoveNext() in /work/tests/Erp.Testing/TestDatabaseServer.cs:line 156
--- End of stack trace from previous location ---
   at Erp.Testing.TestDatabaseServer.GateTemplateAsync(IDictionary`2 settings, Func`2 seed) in /work/tests/Erp.Testing/TestDatabaseServer.cs:line 161
   at Erp.Testing.ErpTestEnvironment.StartGateAsync(IDictionary`2 settings) in /work/tests/Erp.Testing/ErpTestEnvironment.cs:line 87
   at Erp.Gates.Tests.Infrastructure.GateFixture.InitializeAsync() in /work/tests/Erp.Gates.Tests/Infrastructure/GateFixture.cs:line 17
  Failed Erp.Gates.Tests.G2.G2PermissionTests.Every_registered_list_is_readable_with_its_permission_alone [1 ms]
  Error Message:
   Assembly fixture type 'Erp.Gates.Tests.Infrastructure.GateFixture' threw in InitializeAsync
---- System.InvalidOperationException : Endpoint authorisation is incomplete:
HTTP: DELETE /api/identity/me/preferences => ResetPreferences: declares no permission
  Stack Trace:
  
----- Inner Stack Trace -----
   at Erp.Kernel.Hosting.ErpPlatform.ValidateEndpoints(WebApplication app) in /work/src/Kernel/Erp.Kernel/Hosting/ErpPlatform.cs:line 236
   at Erp.Kernel.Hosting.ErpPlatform.UseErpPlatform(WebApplication app) in /work/src/Kernel/Erp.Kernel/Hosting/ErpPlatform.cs:line 202
   at Program.<Main>$(String[] args) in /work/src/Host/Erp.Host/Program.cs:line 8
   at Program.<Main>(String[] args)
   at System.Reflection.MethodBaseInvoker.InterpretedInvoke_Method(Object obj, IntPtr* args)
   at System.Reflection.MethodBaseInvoker.InvokeDirectByRefWithFewArgs(Object obj, Span`1 copyOfArgs, BindingFlags invokeAttr)
--- End of stack trace from previous location ---
   at Microsoft.AspNetCore.Mvc.Testing.DeferredHostBuilder.DeferredHost.StartAsync(CancellationToken cancellationToken)
   at Microsoft.Extensions.Hosting.HostingAbstractionsHostExtensions.Start(IHost host)
   at Microsoft.AspNetCore.Mvc.Testing.WebApplicationFactory`1.CreateHost(IHostBuilder builder)
   at Microsoft.AspNetCore.Mvc.Testing.WebApplicationFactory`1.ConfigureHostBuilder(IHostBuilder hostBuilder)
   at Microsoft.AspNetCore.Mvc.Testing.WebApplicationFactory`1.StartServer()
   at Microsoft.AspNetCore.Mvc.Testing.WebApplicationFactory`1.get_Services()
   at Erp.Testing.ErpTestEnvironment.SeedAsync(TestDatabaseServer server, String database, SeedPlan plan, IDictionary`2 settings) in /work/tests/Erp.Testing/ErpTestEnvironment.cs:line 128
   at Erp.Testing.ErpTestEnvironment.SeedAsync(TestDatabaseServer server, String database, SeedPlan plan, IDictionary`2 settings) in /work/tests/Erp.Testing/ErpTestEnvironment.cs:line 138
   at Erp.Testing.ErpTestEnvironment.<>c__DisplayClass34_0.<<StartGateAsync>b__0>d.MoveNext() in /work/tests/Erp.Testing/ErpTestEnvironment.cs:line 90
--- End of stack trace from previous location ---
   at Erp.Testing.TestDatabaseServer.<>c__DisplayClass25_0.<<GateTemplateAsync>b__3>d.MoveNext() in /work/tests/Erp.Testing/TestDatabaseServer.cs:line 156
--- End of stack trace from previous location ---
   at Erp.Testing.TestDatabaseServer.GateTemplateAsync(IDictionary`2 settings, Func`2 seed) in /work/tests/Erp.Testing/TestDatabaseServer.cs:line 161
   at Erp.Testing.ErpTestEnvironment.StartGateAsync(IDictionary`2 settings) in /work/tests/Erp.Testing/ErpTestEnvironment.cs:line 87
   at Erp.Gates.Tests.Infrastructure.GateFixture.InitializeAsync() in /work/tests/Erp.Gates.Tests/Infrastructure/GateFixture.cs:line 17
  Failed Erp.Gates.Tests.G2.G2PermissionTests.The_host_refuses_a_list_whose_endpoint_declares_another_permission [1 ms]
  Error Message:
   Assembly fixture type 'Erp.Gates.Tests.Infrastructure.GateFixture' threw in InitializeAsync
---- System.InvalidOperationException : Endpoint authorisation is incomplete:
HTTP: DELETE /api/identity/me/preferences => ResetPreferences: declares no permission
  Stack Trace:
  
----- Inner Stack Trace -----
   at Erp.Kernel.Hosting.ErpPlatform.ValidateEndpoints(WebApplication app) in /work/src/Kernel/Erp.Kernel/Hosting/ErpPlatform.cs:line 236
   at Erp.Kernel.Hosting.ErpPlatform.UseErpPlatform(WebApplication app) in /work/src/Kernel/Erp.Kernel/Hosting/ErpPlatform.cs:line 202
   at Program.<Main>$(String[] args) in /work/src/Host/Erp.Host/Program.cs:line 8
   at Program.<Main>(String[] args)
   at System.Reflection.MethodBaseInvoker.InterpretedInvoke_Method(Object obj, IntPtr* args)
   at System.Reflection.MethodBaseInvoker.InvokeDirectByRefWithFewArgs(Object obj, Span`1 copyOfArgs, BindingFlags invokeAttr)
--- End of stack trace from previous location ---
   at Microsoft.AspNetCore.Mvc.Testing.DeferredHostBuilder.DeferredHost.StartAsync(CancellationToken cancellationToken)
   at Microsoft.Extensions.Hosting.HostingAbstractionsHostExtensions.Start(IHost host)
   at Microsoft.AspNetCore.Mvc.Testing.WebApplicationFactory`1.CreateHost(IHostBuilder builder)
   at Microsoft.AspNetCore.Mvc.Testing.WebApplicationFactory`1.ConfigureHostBuilder(IHostBuilder hostBuilder)
   at Microsoft.AspNetCore.Mvc.Testing.WebApplicationFactory`1.StartServer()
   at Microsoft.AspNetCore.Mvc.Testing.WebApplicationFactory`1.get_Services()
   at Erp.Testing.ErpTestEnvironment.SeedAsync(TestDatabaseServer server, String database, SeedPlan plan, IDictionary`2 settings) in /work/tests/Erp.Testing/ErpTestEnvironment.cs:line 128
   at Erp.Testing.ErpTestEnvironment.SeedAsync(TestDatabaseServer server, String database, SeedPlan plan, IDictionary`2 settings) in /work/tests/Erp.Testing/ErpTestEnvironment.cs:line 138
   at Erp.Testing.ErpTestEnvironment.<>c__DisplayClass34_0.<<StartGateAsync>b__0>d.MoveNext() in /work/tests/Erp.Testing/ErpTestEnvironment.cs:line 90
--- End of stack trace from previous location ---
   at Erp.Testing.TestDatabaseServer.<>c__DisplayClass25_0.<<GateTemplateAsync>b__3>d.MoveNext() in /work/tests/Erp.Testing/TestDatabaseServer.cs:line 156
--- End of stack trace from previous location ---
   at Erp.Testing.TestDatabaseServer.GateTemplateAsync(IDictionary`2 settings, Func`2 seed) in /work/tests/Erp.Testing/TestDatabaseServer.cs:line 161
   at Erp.Testing.ErpTestEnvironment.StartGateAsync(IDictionary`2 settings) in /work/tests/Erp.Testing/ErpTestEnvironment.cs:line 87
   at Erp.Gates.Tests.Infrastructure.GateFixture.InitializeAsync() in /work/tests/Erp.Gates.Tests/Infrastructure/GateFixture.cs:line 17
  Failed Erp.Gates.Tests.G2.G2PermissionTests.The_host_refuses_to_start_with_an_endpoint_whose_permission_is_not_in_the_catalogue [1 ms]
  Error Message:
   Assembly fixture type 'Erp.Gates.Tests.Infrastructure.GateFixture' threw in InitializeAsync
---- System.InvalidOperationException : Endpoint authorisation is incomplete:
HTTP: DELETE /api/identity/me/preferences => ResetPreferences: declares no permission
  Stack Trace:
  
----- Inner Stack Trace -----
   at Erp.Kernel.Hosting.ErpPlatform.ValidateEndpoints(WebApplication app) in /work/src/Kernel/Erp.Kernel/Hosting/ErpPlatform.cs:line 236
   at Erp.Kernel.Hosting.ErpPlatform.UseErpPlatform(WebApplication app) in /work/src/Kernel/Erp.Kernel/Hosting/ErpPlatform.cs:line 202
   at Program.<Main>$(String[] args) in /work/src/Host/Erp.Host/Program.cs:line 8
   at Program.<Main>(String[] args)
   at System.Reflection.MethodBaseInvoker.InterpretedInvoke_Method(Object obj, IntPtr* args)
   at System.Reflection.MethodBaseInvoker.InvokeDirectByRefWithFewArgs(Object obj, Span`1 copyOfArgs, BindingFlags invokeAttr)
--- End of stack trace from previous location ---
   at Microsoft.AspNetCore.Mvc.Testing.DeferredHostBuilder.DeferredHost.StartAsync(CancellationToken cancellationToken)
   at Microsoft.Extensions.Hosting.HostingAbstractionsHostExtensions.Start(IHost host)
   at Microsoft.AspNetCore.Mvc.Testing.WebApplicationFactory`1.CreateHost(IHostBuilder builder)
   at Microsoft.AspNetCore.Mvc.Testing.WebApplicationFactory`1.ConfigureHostBuilder(IHostBuilder hostBuilder)
   at Microsoft.AspNetCore.Mvc.Testing.WebApplicationFactory`1.StartServer()
   at Microsoft.AspNetCore.Mvc.Testing.WebApplicationFactory`1.get_Services()
   at Erp.Testing.ErpTestEnvironment.SeedAsync(TestDatabaseServer server, String database, SeedPlan plan, IDictionary`2 settings) in /work/tests/Erp.Testing/ErpTestEnvironment.cs:line 128
   at Erp.Testing.ErpTestEnvironment.SeedAsync(TestDatabaseServer server, String database, SeedPlan plan, IDictionary`2 settings) in /work/tests/Erp.Testing/ErpTestEnvironment.cs:line 138
   at Erp.Testing.ErpTestEnvironment.<>c__DisplayClass34_0.<<StartGateAsync>b__0>d.MoveNext() in /work/tests/Erp.Testing/ErpTestEnvironment.cs:line 90
--- End of stack trace from previous location ---
   at Erp.Testing.TestDatabaseServer.<>c__DisplayClass25_0.<<GateTemplateAsync>b__3>d.MoveNext() in /work/tests/Erp.Testing/TestDatabaseServer.cs:line 156
--- End of stack trace from previous location ---
   at Erp.Testing.TestDatabaseServer.GateTemplateAsync(IDictionary`2 settings, Func`2 seed) in /work/tests/Erp.Testing/TestDatabaseServer.cs:line 161
   at Erp.Testing.ErpTestEnvironment.StartGateAsync(IDictionary`2 settings) in /work/tests/Erp.Testing/ErpTestEnvironment.cs:line 87
   at Erp.Gates.Tests.Infrastructure.GateFixture.InitializeAsync() in /work/tests/Erp.Gates.Tests/Infrastructure/GateFixture.cs:line 17
[xUnit.net 00:00:08.94]     Erp.Gates.Tests.G2.G2PermissionTests.The_host_refuses_to_start_with_an_endpoint_that_declares_no_permission [FAIL]
[xUnit.net 00:00:08.94]       Assembly fixture type 'Erp.Gates.Tests.Infrastructure.GateFixture' threw in InitializeAsync
[xUnit.net 00:00:08.94]       ---- System.InvalidOperationException : Endpoint authorisation is incomplete:
[xUnit.net 00:00:08.94]       HTTP: DELETE /api/identity/me/preferences => ResetPreferences: declares no permission
[xUnit.net 00:00:08.94]       Stack Trace:
[xUnit.net 00:00:08.94]         
[xUnit.net 00:00:08.94]         ----- Inner Stack Trace -----
[xUnit.net 00:00:08.94]         /work/src/Kernel/Erp.Kernel/Hosting/ErpPlatform.cs(236,0): at Erp.Kernel.Hosting.ErpPlatform.ValidateEndpoints(WebApplication app)
[xUnit.net 00:00:08.94]         /work/src/Kernel/Erp.Kernel/Hosting/ErpPlatform.cs(202,0): at Erp.Kernel.Hosting.ErpPlatform.UseErpPlatform(WebApplication app)
[xUnit.net 00:00:08.94]         /work/src/Host/Erp.Host/Program.cs(8,0): at Program.<Main>$(String[] args)
[xUnit.net 00:00:08.94]            at Program.<Main>(String[] args)
[xUnit.net 00:00:08.94]            at System.Reflection.MethodBaseInvoker.InterpretedInvoke_Method(Object obj, IntPtr* args)
[xUnit.net 00:00:08.94]            at System.Reflection.MethodBaseInvoker.InvokeDirectByRefWithFewArgs(Object obj, Span`1 copyOfArgs, BindingFlags invokeAttr)
[xUnit.net 00:00:08.94]         --- End of stack trace from previous location ---
[xUnit.net 00:00:08.94]            at Microsoft.AspNetCore.Mvc.Testing.DeferredHostBuilder.DeferredHost.StartAsync(CancellationToken cancellationToken)
[xUnit.net 00:00:08.94]            at Microsoft.Extensions.Hosting.HostingAbstractionsHostExtensions.Start(IHost host)
[xUnit.net 00:00:08.94]            at Microsoft.AspNetCore.Mvc.Testing.WebApplicationFactory`1.CreateHost(IHostBuilder builder)
[xUnit.net 00:00:08.94]            at Microsoft.AspNetCore.Mvc.Testing.WebApplicationFactory`1.ConfigureHostBuilder(IHostBuilder hostBuilder)
[xUnit.net 00:00:08.94]            at Microsoft.AspNetCore.Mvc.Testing.WebApplicationFactory`1.StartServer()
[xUnit.net 00:00:08.94]            at Microsoft.AspNetCore.Mvc.Testing.WebApplicationFactory`1.get_Services()
[xUnit.net 00:00:08.94]         /work/tests/Erp.Testing/ErpTestEnvironment.cs(128,0): at Erp.Testing.ErpTestEnvironment.SeedAsync(TestDatabaseServer server, String database, SeedPlan plan, IDictionary`2 settings)
[xUnit.net 00:00:08.94]         /work/tests/Erp.Testing/ErpTestEnvironment.cs(138,0): at Erp.Testing.ErpTestEnvironment.SeedAsync(TestDatabaseServer server, String database, SeedPlan plan, IDictionary`2 settings)
[xUnit.net 00:00:08.94]         /work/tests/Erp.Testing/ErpTestEnvironment.cs(90,0): at Erp.Testing.ErpTestEnvironment.<>c__DisplayClass34_0.<<StartGateAsync>b__0>d.MoveNext()
[xUnit.net 00:00:08.94]         --- End of stack trace from previous location ---
[xUnit.net 00:00:08.94]         /work/tests/Erp.Testing/TestDatabaseServer.cs(156,0): at Erp.Testing.TestDatabaseServer.<>c__DisplayClass25_0.<<GateTemplateAsync>b__3>d.MoveNext()
[xUnit.net 00:00:08.94]         --- End of stack trace from previous location ---
[xUnit.net 00:00:08.94]         /work/tests/Erp.Testing/TestDatabaseServer.cs(161,0): at Erp.Testing.TestDatabaseServer.GateTemplateAsync(IDictionary`2 settings, Func`2 seed)
[xUnit.net 00:00:08.94]         /work/tests/Erp.Testing/ErpTestEnvironment.cs(87,0): at Erp.Testing.ErpTestEnvironment.StartGateAsync(IDictionary`2 settings)
[xUnit.net 00:00:08.94]         /work/tests/Erp.Gates.Tests/Infrastructure/GateFixture.cs(17,0): at Erp.Gates.Tests.Infrastructure.GateFixture.InitializeAsync()
[xUnit.net 00:00:08.95]     Erp.Gates.Tests.G2.G2PermissionTests.No_endpoint_grants_more_than_the_caller_holds [FAIL]
[xUnit.net 00:00:08.95]       Assembly fixture type 'Erp.Gates.Tests.Infrastructure.GateFixture' threw in InitializeAsync
[xUnit.net 00:00:08.95]       ---- System.InvalidOperationException : Endpoint authorisation is incomplete:
[xUnit.net 00:00:08.95]       HTTP: DELETE /api/identity/me/preferences => ResetPreferences: declares no permission
[xUnit.net 00:00:08.95]       Stack Trace:
[xUnit.net 00:00:08.95]         
[xUnit.net 00:00:08.95]         ----- Inner Stack Trace -----
[xUnit.net 00:00:08.95]         /work/src/Kernel/Erp.Kernel/Hosting/ErpPlatform.cs(236,0): at Erp.Kernel.Hosting.ErpPlatform.ValidateEndpoints(WebApplication app)
[xUnit.net 00:00:08.95]         /work/src/Kernel/Erp.Kernel/Hosting/ErpPlatform.cs(202,0): at Erp.Kernel.Hosting.ErpPlatform.UseErpPlatform(WebApplication app)
[xUnit.net 00:00:08.95]         /work/src/Host/Erp.Host/Program.cs(8,0): at Program.<Main>$(String[] args)
[xUnit.net 00:00:08.95]            at Program.<Main>(String[] args)
[xUnit.net 00:00:08.95]            at System.Reflection.MethodBaseInvoker.InterpretedInvoke_Method(Object obj, IntPtr* args)
[xUnit.net 00:00:08.95]            at System.Reflection.MethodBaseInvoker.InvokeDirectByRefWithFewArgs(Object obj, Span`1 copyOfArgs, BindingFlags invokeAttr)
[xUnit.net 00:00:08.95]         --- End of stack trace from previous location ---
[xUnit.net 00:00:08.95]            at Microsoft.AspNetCore.Mvc.Testing.DeferredHostBuilder.DeferredHost.StartAsync(CancellationToken cancellationToken)
[xUnit.net 00:00:08.95]            at Microsoft.Extensions.Hosting.HostingAbstractionsHostExtensions.Start(IHost host)
[xUnit.net 00:00:08.95]            at Microsoft.AspNetCore.Mvc.Testing.WebApplicationFactory`1.CreateHost(IHostBuilder builder)
[xUnit.net 00:00:08.95]            at Microsoft.AspNetCore.Mvc.Testing.WebApplicationFactory`1.ConfigureHostBuilder(IHostBuilder hostBuilder)
[xUnit.net 00:00:08.95]            at Microsoft.AspNetCore.Mvc.Testing.WebApplicationFactory`1.StartServer()
[xUnit.net 00:00:08.95]            at Microsoft.AspNetCore.Mvc.Testing.WebApplicationFactory`1.get_Services()
[xUnit.net 00:00:08.95]         /work/tests/Erp.Testing/ErpTestEnvironment.cs(128,0): at Erp.Testing.ErpTestEnvironment.SeedAsync(TestDatabaseServer server, String database, SeedPlan plan, IDictionary`2 settings)
[xUnit.net 00:00:08.95]         /work/tests/Erp.Testing/ErpTestEnvironment.cs(138,0): at Erp.Testing.ErpTestEnvironment.SeedAsync(TestDatabaseServer server, String database, SeedPlan plan, IDictionary`2 settings)
[xUnit.net 00:00:08.95]         /work/tests/Erp.Testing/ErpTestEnvironment.cs(90,0): at Erp.Testing.ErpTestEnvironment.<>c__DisplayClass34_0.<<StartGateAsync>b__0>d.MoveNext()
[xUnit.net 00:00:08.95]         --- End of stack trace from previous location ---
[xUnit.net 00:00:08.95]         /work/tests/Erp.Testing/TestDatabaseServer.cs(156,0): at Erp.Testing.TestDatabaseServer.<>c__DisplayClass25_0.<<GateTemplateAsync>b__3>d.MoveNext()
[xUnit.net 00:00:08.95]         --- End of stack trace from previous location ---
[xUnit.net 00:00:08.95]         /work/tests/Erp.Testing/TestDatabaseServer.cs(161,0): at Erp.Testing.TestDatabaseServer.GateTemplateAsync(IDictionary`2 settings, Func`2 seed)
[xUnit.net 00:00:08.95]         /work/tests/Erp.Testing/ErpTestEnvironment.cs(87,0): at Erp.Testing.ErpTestEnvironment.StartGateAsync(IDictionary`2 settings)
[xUnit.net 00:00:08.95]         /work/tests/Erp.Gates.Tests/Infrastructure/GateFixture.cs(17,0): at Erp.Gates.Tests.Infrastructure.GateFixture.InitializeAsync()
[xUnit.net 00:00:08.95]     Erp.Gates.Tests.G2.G2PermissionTests.Creating_a_user_cannot_grant_more_than_the_caller_holds [FAIL]
[xUnit.net 00:00:08.95]       Assembly fixture type 'Erp.Gates.Tests.Infrastructure.GateFixture' threw in InitializeAsync
[xUnit.net 00:00:08.95]       ---- System.InvalidOperationException : Endpoint authorisation is incomplete:
[xUnit.net 00:00:08.95]       HTTP: DELETE /api/identity/me/preferences => ResetPreferences: declares no permission
[xUnit.net 00:00:08.95]       Stack Trace:
[xUnit.net 00:00:08.95]         
[xUnit.net 00:00:08.95]         ----- Inner Stack Trace -----
[xUnit.net 00:00:08.95]         /work/src/Kernel/Erp.Kernel/Hosting/ErpPlatform.cs(236,0): at Erp.Kernel.Hosting.ErpPlatform.ValidateEndpoints(WebApplication app)
[xUnit.net 00:00:08.95]         /work/src/Kernel/Erp.Kernel/Hosting/ErpPlatform.cs(202,0): at Erp.Kernel.Hosting.ErpPlatform.UseErpPlatform(WebApplication app)
[xUnit.net 00:00:08.95]         /work/src/Host/Erp.Host/Program.cs(8,0): at Program.<Main>$(String[] args)
[xUnit.net 00:00:08.95]            at Program.<Main>(String[] args)
[xUnit.net 00:00:08.95]            at System.Reflection.MethodBaseInvoker.InterpretedInvoke_Method(Object obj, IntPtr* args)
[xUnit.net 00:00:08.95]            at System.Reflection.MethodBaseInvoker.InvokeDirectByRefWithFewArgs(Object obj, Span`1 copyOfArgs, BindingFlags invokeAttr)
[xUnit.net 00:00:08.95]         --- End of stack trace from previous location ---
[xUnit.net 00:00:08.96]            at Microsoft.AspNetCore.Mvc.Testing.DeferredHostBuilder.DeferredHost.StartAsync(CancellationToken cancellationToken)
[xUnit.net 00:00:08.96]            at Microsoft.Extensions.Hosting.HostingAbstractionsHostExtensions.Start(IHost host)
[xUnit.net 00:00:08.96]            at Microsoft.AspNetCore.Mvc.Testing.WebApplicationFactory`1.CreateHost(IHostBuilder builder)
[xUnit.net 00:00:08.96]            at Microsoft.AspNetCore.Mvc.Testing.WebApplicationFactory`1.ConfigureHostBuilder(IHostBuilder hostBuilder)
[xUnit.net 00:00:08.96]            at Microsoft.AspNetCore.Mvc.Testing.WebApplicationFactory`1.StartServer()
[xUnit.net 00:00:08.96]            at Microsoft.AspNetCore.Mvc.Testing.WebApplicationFactory`1.get_Services()
[xUnit.net 00:00:08.96]         /work/tests/Erp.Testing/ErpTestEnvironment.cs(128,0): at Erp.Testing.ErpTestEnvironment.SeedAsync(TestDatabaseServer server, String database, SeedPlan plan, IDictionary`2 settings)
[xUnit.net 00:00:08.96]         /work/tests/Erp.Testing/ErpTestEnvironment.cs(138,0): at Erp.Testing.ErpTestEnvironment.SeedAsync(TestDatabaseServer server, String database, SeedPlan plan, IDictionary`2 settings)
[xUnit.net 00:00:08.96]         /work/tests/Erp.Testing/ErpTestEnvironment.cs(90,0): at Erp.Testing.ErpTestEnvironment.<>c__DisplayClass34_0.<<StartGateAsync>b__0>d.MoveNext()
[xUnit.net 00:00:08.96]         --- End of stack trace from previous location ---
[xUnit.net 00:00:08.96]         /work/tests/Erp.Testing/TestDatabaseServer.cs(156,0): at Erp.Testing.TestDatabaseServer.<>c__DisplayClass25_0.<<GateTemplateAsync>b__3>d.MoveNext()
[xUnit.net 00:00:08.96]         --- End of stack trace from previous location ---
[xUnit.net 00:00:08.96]         /work/tests/Erp.Testing/TestDatabaseServer.cs(161,0): at Erp.Testing.TestDatabaseServer.GateTemplateAsync(IDictionary`2 settings, Func`2 seed)
[xUnit.net 00:00:08.96]         /work/tests/Erp.Testing/ErpTestEnvironment.cs(87,0): at Erp.Testing.ErpTestEnvironment.StartGateAsync(IDictionary`2 settings)
[xUnit.net 00:00:08.96]         /work/tests/Erp.Gates.Tests/Infrastructure/GateFixture.cs(17,0): at Erp.Gates.Tests.Infrastructure.GateFixture.InitializeAsync()
[xUnit.net 00:00:08.96]     Erp.Gates.Tests.G2.G2PermissionTests.Users_cannot_escalate_their_own_privileges [FAIL]
[xUnit.net 00:00:08.96]       Assembly fixture type 'Erp.Gates.Tests.Infrastructure.GateFixture' threw in InitializeAsync
[xUnit.net 00:00:08.96]       ---- System.InvalidOperationException : Endpoint authorisation is incomplete:
[xUnit.net 00:00:08.96]       HTTP: DELETE /api/identity/me/preferences => ResetPreferences: declares no permission
[xUnit.net 00:00:08.96]       Stack Trace:
[xUnit.net 00:00:08.96]         
[xUnit.net 00:00:08.96]         ----- Inner Stack Trace -----
[xUnit.net 00:00:08.96]         /work/src/Kernel/Erp.Kernel/Hosting/ErpPlatform.cs(236,0): at Erp.Kernel.Hosting.ErpPlatform.ValidateEndpoints(WebApplication app)
[xUnit.net 00:00:08.96]         /work/src/Kernel/Erp.Kernel/Hosting/ErpPlatform.cs(202,0): at Erp.Kernel.Hosting.ErpPlatform.UseErpPlatform(WebApplication app)
[xUnit.net 00:00:08.96]         /work/src/Host/Erp.Host/Program.cs(8,0): at Program.<Main>$(String[] args)
[xUnit.net 00:00:08.96]            at Program.<Main>(String[] args)
[xUnit.net 00:00:08.96]            at System.Reflection.MethodBaseInvoker.InterpretedInvoke_Method(Object obj, IntPtr* args)
[xUnit.net 00:00:08.96]            at System.Reflection.MethodBaseInvoker.InvokeDirectByRefWithFewArgs(Object obj, Span`1 copyOfArgs, BindingFlags invokeAttr)
[xUnit.net 00:00:08.96]         --- End of stack trace from previous location ---
[xUnit.net 00:00:08.96]            at Microsoft.AspNetCore.Mvc.Testing.DeferredHostBuilder.DeferredHost.StartAsync(CancellationToken cancellationToken)
[xUnit.net 00:00:08.96]            at Microsoft.Extensions.Hosting.HostingAbstractionsHostExtensions.Start(IHost host)
[xUnit.net 00:00:08.96]            at Microsoft.AspNetCore.Mvc.Testing.WebApplicationFactory`1.CreateHost(IHostBuilder builder)
[xUnit.net 00:00:08.96]            at Microsoft.AspNetCore.Mvc.Testing.WebApplicationFactory`1.ConfigureHostBuilder(IHostBuilder hostBuilder)
[xUnit.net 00:00:08.96]            at Microsoft.AspNetCore.Mvc.Testing.WebApplicationFactory`1.StartServer()
[xUnit.net 00:00:08.96]            at Microsoft.AspNetCore.Mvc.Testing.WebApplicationFactory`1.get_Services()
[xUnit.net 00:00:08.96]         /work/tests/Erp.Testing/ErpTestEnvironment.cs(128,0): at Erp.Testing.ErpTestEnvironment.SeedAsync(TestDatabaseServer server, String database, SeedPlan plan, IDictionary`2 settings)
[xUnit.net 00:00:08.96]         /work/tests/Erp.Testing/ErpTestEnvironment.cs(138,0): at Erp.Testing.ErpTestEnvironment.SeedAsync(TestDatabaseServer server, String database, SeedPlan plan, IDictionary`2 settings)
[xUnit.net 00:00:08.96]         /work/tests/Erp.Testing/ErpTestEnvironment.cs(90,0): at Erp.Testing.ErpTestEnvironment.<>c__DisplayClass34_0.<<StartGateAsync>b__0>d.MoveNext()
[xUnit.net 00:00:08.96]         --- End of stack trace from previous location ---
[xUnit.net 00:00:08.96]         /work/tests/Erp.Testing/TestDatabaseServer.cs(156,0): at Erp.Testing.TestDatabaseServer.<>c__DisplayClass25_0.<<GateTemplateAsync>b__3>d.MoveNext()
[xUnit.net 00:00:08.96]         --- End of stack trace from previous location ---
[xUnit.net 00:00:08.96]         /work/tests/Erp.Testing/TestDatabaseServer.cs(161,0): at Erp.Testing.TestDatabaseServer.GateTemplateAsync(IDictionary`2 settings, Func`2 seed)
[xUnit.net 00:00:08.96]         /work/tests/Erp.Testing/ErpTestEnvironment.cs(87,0): at Erp.Testing.ErpTestEnvironment.StartGateAsync(IDictionary`2 settings)
[xUnit.net 00:00:08.96]         /work/tests/Erp.Gates.Tests/Infrastructure/GateFixture.cs(17,0): at Erp.Gates.Tests.Infrastructure.GateFixture.InitializeAsync()
[xUnit.net 00:00:08.96]     Erp.Gates.Tests.G2.G2PermissionTests.Granting_exactly_one_permission_opens_exactly_the_endpoints_that_declare_it [FAIL]
[xUnit.net 00:00:08.96]       Assembly fixture type 'Erp.Gates.Tests.Infrastructure.GateFixture' threw in InitializeAsync
[xUnit.net 00:00:08.96]       ---- System.InvalidOperationException : Endpoint authorisation is incomplete:
[xUnit.net 00:00:08.96]       HTTP: DELETE /api/identity/me/preferences => ResetPreferences: declares no permission
[xUnit.net 00:00:08.96]       Stack Trace:
[xUnit.net 00:00:08.96]         
[xUnit.net 00:00:08.96]         ----- Inner Stack Trace -----
[xUnit.net 00:00:08.96]         /work/src/Kernel/Erp.Kernel/Hosting/ErpPlatform.cs(236,0): at Erp.Kernel.Hosting.ErpPlatform.ValidateEndpoints(WebApplication app)
[xUnit.net 00:00:08.96]         /work/src/Kernel/Erp.Kernel/Hosting/ErpPlatform.cs(202,0): at Erp.Kernel.Hosting.ErpPlatform.UseErpPlatform(WebApplication app)
[xUnit.net 00:00:08.96]         /work/src/Host/Erp.Host/Program.cs(8,0): at Program.<Main>$(String[] args)
[xUnit.net 00:00:08.96]            at Program.<Main>(String[] args)
[xUnit.net 00:00:08.96]            at System.Reflection.MethodBaseInvoker.InterpretedInvoke_Method(Object obj, IntPtr* args)
[xUnit.net 00:00:08.96]            at System.Reflection.MethodBaseInvoker.InvokeDirectByRefWithFewArgs(Object obj, Span`1 copyOfArgs, BindingFlags invokeAttr)
[xUnit.net 00:00:08.96]         --- End of stack trace from previous location ---
[xUnit.net 00:00:08.96]            at Microsoft.AspNetCore.Mvc.Testing.DeferredHostBuilder.DeferredHost.StartAsync(CancellationToken cancellationToken)
[xUnit.net 00:00:08.96]            at Microsoft.Extensions.Hosting.HostingAbstractionsHostExtensions.Start(IHost host)
[xUnit.net 00:00:08.96]            at Microsoft.AspNetCore.Mvc.Testing.WebApplicationFactory`1.CreateHost(IHostBuilder builder)
[xUnit.net 00:00:08.96]            at Microsoft.AspNetCore.Mvc.Testing.WebApplicationFactory`1.ConfigureHostBuilder(IHostBuilder hostBuilder)
[xUnit.net 00:00:08.96]            at Microsoft.AspNetCore.Mvc.Testing.WebApplicationFactory`1.StartServer()
[xUnit.net 00:00:08.96]            at Microsoft.AspNetCore.Mvc.Testing.WebApplicationFactory`1.get_Services()
[xUnit.net 00:00:08.96]         /work/tests/Erp.Testing/ErpTestEnvironment.cs(128,0): at Erp.Testing.ErpTestEnvironment.SeedAsync(TestDatabaseServer server, String database, SeedPlan plan, IDictionary`2 settings)
[xUnit.net 00:00:08.96]         /work/tests/Erp.Testing/ErpTestEnvironment.cs(138,0): at Erp.Testing.ErpTestEnvironment.SeedAsync(TestDatabaseServer server, String database, SeedPlan plan, IDictionary`2 settings)
[xUnit.net 00:00:08.96]         /work/tests/Erp.Testing/ErpTestEnvironment.cs(90,0): at Erp.Testing.ErpTestEnvironment.<>c__DisplayClass34_0.<<StartGateAsync>b__0>d.MoveNext()
[xUnit.net 00:00:08.96]         --- End of stack trace from previous location ---
[xUnit.net 00:00:08.96]         /work/tests/Erp.Testing/TestDatabaseServer.cs(156,0): at Erp.Testing.TestDatabaseServer.<>c__DisplayClass25_0.<<GateTemplateAsync>b__3>d.MoveNext()
[xUnit.net 00:00:08.96]         --- End of stack trace from previous location ---
[xUnit.net 00:00:08.96]         /work/tests/Erp.Testing/TestDatabaseServer.cs(161,0): at Erp.Testing.TestDatabaseServer.GateTemplateAsync(IDictionary`2 settings, Func`2 seed)
[xUnit.net 00:00:08.96]         /work/tests/Erp.Testing/ErpTestEnvironment.cs(87,0): at Erp.Testing.ErpTestEnvironment.StartGateAsync(IDictionary`2 settings)
[xUnit.net 00:00:08.96]         /work/tests/Erp.Gates.Tests/Infrastructure/GateFixture.cs(17,0): at Erp.Gates.Tests.Infrastructure.GateFixture.InitializeAsync()
[xUnit.net 00:00:08.97]     Erp.Gates.Tests.G2.G2PermissionTests.A_user_whose_roles_grant_nothing_is_denied_everything_and_sees_no_menu [FAIL]
[xUnit.net 00:00:08.97]       Assembly fixture type 'Erp.Gates.Tests.Infrastructure.GateFixture' threw in InitializeAsync
[xUnit.net 00:00:08.97]       ---- System.InvalidOperationException : Endpoint authorisation is incomplete:
[xUnit.net 00:00:08.97]       HTTP: DELETE /api/identity/me/preferences => ResetPreferences: declares no permission
[xUnit.net 00:00:08.97]       Stack Trace:
[xUnit.net 00:00:08.97]         
[xUnit.net 00:00:08.97]         ----- Inner Stack Trace -----
[xUnit.net 00:00:08.97]         /work/src/Kernel/Erp.Kernel/Hosting/ErpPlatform.cs(236,0): at Erp.Kernel.Hosting.ErpPlatform.ValidateEndpoints(WebApplication app)
[xUnit.net 00:00:08.97]         /work/src/Kernel/Erp.Kernel/Hosting/ErpPlatform.cs(202,0): at Erp.Kernel.Hosting.ErpPlatform.UseErpPlatform(WebApplication app)
[xUnit.net 00:00:08.97]         /work/src/Host/Erp.Host/Program.cs(8,0): at Program.<Main>$(String[] args)
[xUnit.net 00:00:08.97]            at Program.<Main>(String[] args)
[xUnit.net 00:00:08.97]            at System.Reflection.MethodBaseInvoker.InterpretedInvoke_Method(Object obj, IntPtr* args)
[xUnit.net 00:00:08.97]            at System.Reflection.MethodBaseInvoker.InvokeDirectByRefWithFewArgs(Object obj, Span`1 copyOfArgs, BindingFlags invokeAttr)
[xUnit.net 00:00:08.97]         --- End of stack trace from previous location ---
[xUnit.net 00:00:08.97]            at Microsoft.AspNetCore.Mvc.Testing.DeferredHostBuilder.DeferredHost.StartAsync(CancellationToken cancellationToken)
[xUnit.net 00:00:08.97]            at Microsoft.Extensions.Hosting.HostingAbstractionsHostExtensions.Start(IHost host)
[xUnit.net 00:00:08.97]            at Microsoft.AspNetCore.Mvc.Testing.WebApplicationFactory`1.CreateHost(IHostBuilder builder)
[xUnit.net 00:00:08.97]            at Microsoft.AspNetCore.Mvc.Testing.WebApplicationFactory`1.ConfigureHostBuilder(IHostBuilder hostBuilder)
[xUnit.net 00:00:08.97]            at Microsoft.AspNetCore.Mvc.Testing.WebApplicationFactory`1.StartServer()
[xUnit.net 00:00:08.97]            at Microsoft.AspNetCore.Mvc.Testing.WebApplicationFactory`1.get_Services()
[xUnit.net 00:00:08.97]         /work/tests/Erp.Testing/ErpTestEnvironment.cs(128,0): at Erp.Testing.ErpTestEnvironment.SeedAsync(TestDatabaseServer server, String database, SeedPlan plan, IDictionary`2 settings)
[xUnit.net 00:00:08.97]         /work/tests/Erp.Testing/ErpTestEnvironment.cs(138,0): at Erp.Testing.ErpTestEnvironment.SeedAsync(TestDatabaseServer server, String database, SeedPlan plan, IDictionary`2 settings)
[xUnit.net 00:00:08.97]         /work/tests/Erp.Testing/ErpTestEnvironment.cs(90,0): at Erp.Testing.ErpTestEnvironment.<>c__DisplayClass34_0.<<StartGateAsync>b__0>d.MoveNext()
[xUnit.net 00:00:08.97]         --- End of stack trace from previous location ---
[xUnit.net 00:00:08.97]         /work/tests/Erp.Testing/TestDatabaseServer.cs(156,0): at Erp.Testing.TestDatabaseServer.<>c__DisplayClass25_0.<<GateTemplateAsync>b__3>d.MoveNext()
[xUnit.net 00:00:08.97]         --- End of stack trace from previous location ---
[xUnit.net 00:00:08.97]         /work/tests/Erp.Testing/TestDatabaseServer.cs(161,0): at Erp.Testing.TestDatabaseServer.GateTemplateAsync(IDictionary`2 settings, Func`2 seed)
[xUnit.net 00:00:08.97]         /work/tests/Erp.Testing/ErpTestEnvironment.cs(87,0): at Erp.Testing.ErpTestEnvironment.StartGateAsync(IDictionary`2 settings)
[xUnit.net 00:00:08.97]         /work/tests/Erp.Gates.Tests/Infrastructure/GateFixture.cs(17,0): at Erp.Gates.Tests.Infrastructure.GateFixture.InitializeAsync()
[xUnit.net 00:00:08.97]     Erp.Gates.Tests.G2.G2PermissionTests.Anonymous_callers_get_401_from_every_permissioned_endpoint [FAIL]
[xUnit.net 00:00:08.97]       Assembly fixture type 'Erp.Gates.Tests.Infrastructure.GateFixture' threw in InitializeAsync
[xUnit.net 00:00:08.97]       ---- System.InvalidOperationException : Endpoint authorisation is incomplete:
[xUnit.net 00:00:08.97]       HTTP: DELETE /api/identity/me/preferences => ResetPreferences: declares no permission
[xUnit.net 00:00:08.97]       Stack Trace:
[xUnit.net 00:00:08.97]         
[xUnit.net 00:00:08.97]         ----- Inner Stack Trace -----
[xUnit.net 00:00:08.97]         /work/src/Kernel/Erp.Kernel/Hosting/ErpPlatform.cs(236,0): at Erp.Kernel.Hosting.ErpPlatform.ValidateEndpoints(WebApplication app)
[xUnit.net 00:00:08.97]         /work/src/Kernel/Erp.Kernel/Hosting/ErpPlatform.cs(202,0): at Erp.Kernel.Hosting.ErpPlatform.UseErpPlatform(WebApplication app)
[xUnit.net 00:00:08.97]         /work/src/Host/Erp.Host/Program.cs(8,0): at Program.<Main>$(String[] args)
[xUnit.net 00:00:08.97]            at Program.<Main>(String[] args)
[xUnit.net 00:00:08.97]            at System.Reflection.MethodBaseInvoker.InterpretedInvoke_Method(Object obj, IntPtr* args)
[xUnit.net 00:00:08.97]            at System.Reflection.MethodBaseInvoker.InvokeDirectByRefWithFewArgs(Object obj, Span`1 copyOfArgs, BindingFlags invokeAttr)
[xUnit.net 00:00:08.97]         --- End of stack trace from previous location ---
[xUnit.net 00:00:08.97]            at Microsoft.AspNetCore.Mvc.Testing.DeferredHostBuilder.DeferredHost.StartAsync(CancellationToken cancellationToken)
[xUnit.net 00:00:08.97]            at Microsoft.Extensions.Hosting.HostingAbstractionsHostExtensions.Start(IHost host)
[xUnit.net 00:00:08.97]            at Microsoft.AspNetCore.Mvc.Testing.WebApplicationFactory`1.CreateHost(IHostBuilder builder)
[xUnit.net 00:00:08.97]            at Microsoft.AspNetCore.Mvc.Testing.WebApplicationFactory`1.ConfigureHostBuilder(IHostBuilder hostBuilder)
[xUnit.net 00:00:08.97]            at Microsoft.AspNetCore.Mvc.Testing.WebApplicationFactory`1.StartServer()
[xUnit.net 00:00:08.97]            at Microsoft.AspNetCore.Mvc.Testing.WebApplicationFactory`1.get_Services()
[xUnit.net 00:00:08.97]         /work/tests/Erp.Testing/ErpTestEnvironment.cs(128,0): at Erp.Testing.ErpTestEnvironment.SeedAsync(TestDatabaseServer server, String database, SeedPlan plan, IDictionary`2 settings)
[xUnit.net 00:00:08.97]         /work/tests/Erp.Testing/ErpTestEnvironment.cs(138,0): at Erp.Testing.ErpTestEnvironment.SeedAsync(TestDatabaseServer server, String database, SeedPlan plan, IDictionary`2 settings)
[xUnit.net 00:00:08.97]         /work/tests/Erp.Testing/ErpTestEnvironment.cs(90,0): at Erp.Testing.ErpTestEnvironment.<>c__DisplayClass34_0.<<StartGateAsync>b__0>d.MoveNext()
[xUnit.net 00:00:08.97]         --- End of stack trace from previous location ---
[xUnit.net 00:00:08.97]         /work/tests/Erp.Testing/TestDatabaseServer.cs(156,0): at Erp.Testing.TestDatabaseServer.<>c__DisplayClass25_0.<<GateTemplateAsync>b__3>d.MoveNext()
[xUnit.net 00:00:08.97]         --- End of stack trace from previous location ---
[xUnit.net 00:00:08.97]         /work/tests/Erp.Testing/TestDatabaseServer.cs(161,0): at Erp.Testing.TestDatabaseServer.GateTemplateAsync(IDictionary`2 settings, Func`2 seed)
[xUnit.net 00:00:08.97]         /work/tests/Erp.Testing/ErpTestEnvironment.cs(87,0): at Erp.Testing.ErpTestEnvironment.StartGateAsync(IDictionary`2 settings)
[xUnit.net 00:00:08.97]         /work/tests/Erp.Gates.Tests/Infrastructure/GateFixture.cs(17,0): at Erp.Gates.Tests.Infrastructure.GateFixture.InitializeAsync()
[xUnit.net 00:00:08.97]     Erp.Gates.Tests.G2.G2PermissionTests.Every_declared_permission_is_in_the_catalogue_and_every_catalogue_permission_is_used [FAIL]
[xUnit.net 00:00:08.97]       Assembly fixture type 'Erp.Gates.Tests.Infrastructure.GateFixture' threw in InitializeAsync
[xUnit.net 00:00:08.97]       ---- System.InvalidOperationException : Endpoint authorisation is incomplete:
[xUnit.net 00:00:08.97]       HTTP: DELETE /api/identity/me/preferences => ResetPreferences: declares no permission
[xUnit.net 00:00:08.97]       Stack Trace:
[xUnit.net 00:00:08.97]         
[xUnit.net 00:00:08.97]         ----- Inner Stack Trace -----
[xUnit.net 00:00:08.97]         /work/src/Kernel/Erp.Kernel/Hosting/ErpPlatform.cs(236,0): at Erp.Kernel.Hosting.ErpPlatform.ValidateEndpoints(WebApplication app)
[xUnit.net 00:00:08.97]         /work/src/Kernel/Erp.Kernel/Hosting/ErpPlatform.cs(202,0): at Erp.Kernel.Hosting.ErpPlatform.UseErpPlatform(WebApplication app)
[xUnit.net 00:00:08.97]         /work/src/Host/Erp.Host/Program.cs(8,0): at Program.<Main>$(String[] args)
[xUnit.net 00:00:08.97]            at Program.<Main>(String[] args)
[xUnit.net 00:00:08.97]            at System.Reflection.MethodBaseInvoker.InterpretedInvoke_Method(Object obj, IntPtr* args)
[xUnit.net 00:00:08.97]            at System.Reflection.MethodBaseInvoker.InvokeDirectByRefWithFewArgs(Object obj, Span`1 copyOfArgs, BindingFlags invokeAttr)
[xUnit.net 00:00:08.97]         --- End of stack trace from previous location ---
[xUnit.net 00:00:08.97]            at Microsoft.AspNetCore.Mvc.Testing.DeferredHostBuilder.DeferredHost.StartAsync(CancellationToken cancellationToken)
[xUnit.net 00:00:08.97]            at Microsoft.Extensions.Hosting.HostingAbstractionsHostExtensions.Start(IHost host)
[xUnit.net 00:00:08.97]            at Microsoft.AspNetCore.Mvc.Testing.WebApplicationFactory`1.CreateHost(IHostBuilder builder)
[xUnit.net 00:00:08.97]            at Microsoft.AspNetCore.Mvc.Testing.WebApplicationFactory`1.ConfigureHostBuilder(IHostBuilder hostBuilder)
[xUnit.net 00:00:08.97]            at Microsoft.AspNetCore.Mvc.Testing.WebApplicationFactory`1.StartServer()
[xUnit.net 00:00:08.97]            at Microsoft.AspNetCore.Mvc.Testing.WebApplicationFactory`1.get_Services()
[xUnit.net 00:00:08.97]         /work/tests/Erp.Testing/ErpTestEnvironment.cs(128,0): at Erp.Testing.ErpTestEnvironment.SeedAsync(TestDatabaseServer server, String database, SeedPlan plan, IDictionary`2 settings)
[xUnit.net 00:00:08.97]         /work/tests/Erp.Testing/ErpTestEnvironment.cs(138,0): at Erp.Testing.ErpTestEnvironment.SeedAsync(TestDatabaseServer server, String database, SeedPlan plan, IDictionary`2 settings)
[xUnit.net 00:00:08.97]         /work/tests/Erp.Testing/ErpTestEnvironment.cs(90,0): at Erp.Testing.ErpTestEnvironment.<>c__DisplayClass34_0.<<StartGateAsync>b__0>d.MoveNext()
[xUnit.net 00:00:08.97]         --- End of stack trace from previous location ---
[xUnit.net 00:00:08.97]         /work/tests/Erp.Testing/TestDatabaseServer.cs(156,0): at Erp.Testing.TestDatabaseServer.<>c__DisplayClass25_0.<<GateTemplateAsync>b__3>d.MoveNext()
[xUnit.net 00:00:08.97]         --- End of stack trace from previous location ---
[xUnit.net 00:00:08.97]         /work/tests/Erp.Testing/TestDatabaseServer.cs(161,0): at Erp.Testing.TestDatabaseServer.GateTemplateAsync(IDictionary`2 settings, Func`2 seed)
[xUnit.net 00:00:08.97]         /work/tests/Erp.Testing/ErpTestEnvironment.cs(87,0): at Erp.Testing.ErpTestEnvironment.StartGateAsync(IDictionary`2 settings)
[xUnit.net 00:00:08.97]         /work/tests/Erp.Gates.Tests/Infrastructure/GateFixture.cs(17,0): at Erp.Gates.Tests.Infrastructure.GateFixture.InitializeAsync()
[xUnit.net 00:00:08.98]     Erp.Gates.Tests.G2.G2PermissionTests.Requests_that_only_read_cannot_write [FAIL]
[xUnit.net 00:00:08.98]       Assembly fixture type 'Erp.Gates.Tests.Infrastructure.GateFixture' threw in InitializeAsync
[xUnit.net 00:00:08.98]       ---- System.InvalidOperationException : Endpoint authorisation is incomplete:
[xUnit.net 00:00:08.98]       HTTP: DELETE /api/identity/me/preferences => ResetPreferences: declares no permission
[xUnit.net 00:00:08.98]       Stack Trace:
[xUnit.net 00:00:08.98]         
[xUnit.net 00:00:08.98]         ----- Inner Stack Trace -----
[xUnit.net 00:00:08.98]         /work/src/Kernel/Erp.Kernel/Hosting/ErpPlatform.cs(236,0): at Erp.Kernel.Hosting.ErpPlatform.ValidateEndpoints(WebApplication app)
[xUnit.net 00:00:08.98]         /work/src/Kernel/Erp.Kernel/Hosting/ErpPlatform.cs(202,0): at Erp.Kernel.Hosting.ErpPlatform.UseErpPlatform(WebApplication app)
[xUnit.net 00:00:08.98]         /work/src/Host/Erp.Host/Program.cs(8,0): at Program.<Main>$(String[] args)
[xUnit.net 00:00:08.98]            at Program.<Main>(String[] args)
[xUnit.net 00:00:08.98]            at System.Reflection.MethodBaseInvoker.InterpretedInvoke_Method(Object obj, IntPtr* args)
[xUnit.net 00:00:08.98]            at System.Reflection.MethodBaseInvoker.InvokeDirectByRefWithFewArgs(Object obj, Span`1 copyOfArgs, BindingFlags invokeAttr)
[xUnit.net 00:00:08.98]         --- End of stack trace from previous location ---
[xUnit.net 00:00:08.98]            at Microsoft.AspNetCore.Mvc.Testing.DeferredHostBuilder.DeferredHost.StartAsync(CancellationToken cancellationToken)
[xUnit.net 00:00:08.98]            at Microsoft.Extensions.Hosting.HostingAbstractionsHostExtensions.Start(IHost host)
[xUnit.net 00:00:08.98]            at Microsoft.AspNetCore.Mvc.Testing.WebApplicationFactory`1.CreateHost(IHostBuilder builder)
[xUnit.net 00:00:08.98]            at Microsoft.AspNetCore.Mvc.Testing.WebApplicationFactory`1.ConfigureHostBuilder(IHostBuilder hostBuilder)
[xUnit.net 00:00:08.98]            at Microsoft.AspNetCore.Mvc.Testing.WebApplicationFactory`1.StartServer()
[xUnit.net 00:00:08.98]            at Microsoft.AspNetCore.Mvc.Testing.WebApplicationFactory`1.get_Services()
[xUnit.net 00:00:08.98]         /work/tests/Erp.Testing/ErpTestEnvironment.cs(128,0): at Erp.Testing.ErpTestEnvironment.SeedAsync(TestDatabaseServer server, String database, SeedPlan plan, IDictionary`2 settings)
[xUnit.net 00:00:08.98]         /work/tests/Erp.Testing/ErpTestEnvironment.cs(138,0): at Erp.Testing.ErpTestEnvironment.SeedAsync(TestDatabaseServer server, String database, SeedPlan plan, IDictionary`2 settings)
[xUnit.net 00:00:08.98]         /work/tests/Erp.Testing/ErpTestEnvironment.cs(90,0): at Erp.Testing.ErpTestEnvironment.<>c__DisplayClass34_0.<<StartGateAsync>b__0>d.MoveNext()
[xUnit.net 00:00:08.98]         --- End of stack trace from previous location ---
[xUnit.net 00:00:08.98]         /work/tests/Erp.Testing/TestDatabaseServer.cs(156,0): at Erp.Testing.TestDatabaseServer.<>c__DisplayClass25_0.<<GateTemplateAsync>b__3>d.MoveNext()
[xUnit.net 00:00:08.98]         --- End of stack trace from previous location ---
[xUnit.net 00:00:08.98]         /work/tests/Erp.Testing/TestDatabaseServer.cs(161,0): at Erp.Testing.TestDatabaseServer.GateTemplateAsync(IDictionary`2 settings, Func`2 seed)
[xUnit.net 00:00:08.98]         /work/tests/Erp.Testing/ErpTestEnvironment.cs(87,0): at Erp.Testing.ErpTestEnvironment.StartGateAsync(IDictionary`2 settings)
[xUnit.net 00:00:08.98]         /work/tests/Erp.Gates.Tests/Infrastructure/GateFixture.cs(17,0): at Erp.Gates.Tests.Infrastructure.GateFixture.InitializeAsync()
  Failed Erp.Gates.Tests.G2.G2PermissionTests.The_host_refuses_to_start_with_an_endpoint_that_declares_no_permission [1 ms]
  Error Message:
   Assembly fixture type 'Erp.Gates.Tests.Infrastructure.GateFixture' threw in InitializeAsync
---- System.InvalidOperationException : Endpoint authorisation is incomplete:
HTTP: DELETE /api/identity/me/preferences => ResetPreferences: declares no permission
  Stack Trace:
  
----- Inner Stack Trace -----
   at Erp.Kernel.Hosting.ErpPlatform.ValidateEndpoints(WebApplication app) in /work/src/Kernel/Erp.Kernel/Hosting/ErpPlatform.cs:line 236
   at Erp.Kernel.Hosting.ErpPlatform.UseErpPlatform(WebApplication app) in /work/src/Kernel/Erp.Kernel/Hosting/ErpPlatform.cs:line 202
   at Program.<Main>$(String[] args) in /work/src/Host/Erp.Host/Program.cs:line 8
   at Program.<Main>(String[] args)
   at System.Reflection.MethodBaseInvoker.InterpretedInvoke_Method(Object obj, IntPtr* args)
   at System.Reflection.MethodBaseInvoker.InvokeDirectByRefWithFewArgs(Object obj, Span`1 copyOfArgs, BindingFlags invokeAttr)
--- End of stack trace from previous location ---
   at Microsoft.AspNetCore.Mvc.Testing.DeferredHostBuilder.DeferredHost.StartAsync(CancellationToken cancellationToken)
   at Microsoft.Extensions.Hosting.HostingAbstractionsHostExtensions.Start(IHost host)
   at Microsoft.AspNetCore.Mvc.Testing.WebApplicationFactory`1.CreateHost(IHostBuilder builder)
   at Microsoft.AspNetCore.Mvc.Testing.WebApplicationFactory`1.ConfigureHostBuilder(IHostBuilder hostBuilder)
   at Microsoft.AspNetCore.Mvc.Testing.WebApplicationFactory`1.StartServer()
   at Microsoft.AspNetCore.Mvc.Testing.WebApplicationFactory`1.get_Services()
   at Erp.Testing.ErpTestEnvironment.SeedAsync(TestDatabaseServer server, String database, SeedPlan plan, IDictionary`2 settings) in /work/tests/Erp.Testing/ErpTestEnvironment.cs:line 128
   at Erp.Testing.ErpTestEnvironment.SeedAsync(TestDatabaseServer server, String database, SeedPlan plan, IDictionary`2 settings) in /work/tests/Erp.Testing/ErpTestEnvironment.cs:line 138
   at Erp.Testing.ErpTestEnvironment.<>c__DisplayClass34_0.<<StartGateAsync>b__0>d.MoveNext() in /work/tests/Erp.Testing/ErpTestEnvironment.cs:line 90
--- End of stack trace from previous location ---
   at Erp.Testing.TestDatabaseServer.<>c__DisplayClass25_0.<<GateTemplateAsync>b__3>d.MoveNext() in /work/tests/Erp.Testing/TestDatabaseServer.cs:line 156
--- End of stack trace from previous location ---
   at Erp.Testing.TestDatabaseServer.GateTemplateAsync(IDictionary`2 settings, Func`2 seed) in /work/tests/Erp.Testing/TestDatabaseServer.cs:line 161
   at Erp.Testing.ErpTestEnvironment.StartGateAsync(IDictionary`2 settings) in /work/tests/Erp.Testing/ErpTestEnvironment.cs:line 87
   at Erp.Gates.Tests.Infrastructure.GateFixture.InitializeAsync() in /work/tests/Erp.Gates.Tests/Infrastructure/GateFixture.cs:line 17
  Failed Erp.Gates.Tests.G2.G2PermissionTests.No_endpoint_grants_more_than_the_caller_holds [1 ms]
  Error Message:
   Assembly fixture type 'Erp.Gates.Tests.Infrastructure.GateFixture' threw in InitializeAsync
---- System.InvalidOperationException : Endpoint authorisation is incomplete:
HTTP: DELETE /api/identity/me/preferences => ResetPreferences: declares no permission
  Stack Trace:
  
----- Inner Stack Trace -----
   at Erp.Kernel.Hosting.ErpPlatform.ValidateEndpoints(WebApplication app) in /work/src/Kernel/Erp.Kernel/Hosting/ErpPlatform.cs:line 236
   at Erp.Kernel.Hosting.ErpPlatform.UseErpPlatform(WebApplication app) in /work/src/Kernel/Erp.Kernel/Hosting/ErpPlatform.cs:line 202
   at Program.<Main>$(String[] args) in /work/src/Host/Erp.Host/Program.cs:line 8
   at Program.<Main>(String[] args)
   at System.Reflection.MethodBaseInvoker.InterpretedInvoke_Method(Object obj, IntPtr* args)
   at System.Reflection.MethodBaseInvoker.InvokeDirectByRefWithFewArgs(Object obj, Span`1 copyOfArgs, BindingFlags invokeAttr)
--- End of stack trace from previous location ---
   at Microsoft.AspNetCore.Mvc.Testing.DeferredHostBuilder.DeferredHost.StartAsync(CancellationToken cancellationToken)
   at Microsoft.Extensions.Hosting.HostingAbstractionsHostExtensions.Start(IHost host)
   at Microsoft.AspNetCore.Mvc.Testing.WebApplicationFactory`1.CreateHost(IHostBuilder builder)
   at Microsoft.AspNetCore.Mvc.Testing.WebApplicationFactory`1.ConfigureHostBuilder(IHostBuilder hostBuilder)
   at Microsoft.AspNetCore.Mvc.Testing.WebApplicationFactory`1.StartServer()
   at Microsoft.AspNetCore.Mvc.Testing.WebApplicationFactory`1.get_Services()
   at Erp.Testing.ErpTestEnvironment.SeedAsync(TestDatabaseServer server, String database, SeedPlan plan, IDictionary`2 settings) in /work/tests/Erp.Testing/ErpTestEnvironment.cs:line 128
   at Erp.Testing.ErpTestEnvironment.SeedAsync(TestDatabaseServer server, String database, SeedPlan plan, IDictionary`2 settings) in /work/tests/Erp.Testing/ErpTestEnvironment.cs:line 138
   at Erp.Testing.ErpTestEnvironment.<>c__DisplayClass34_0.<<StartGateAsync>b__0>d.MoveNext() in /work/tests/Erp.Testing/ErpTestEnvironment.cs:line 90
--- End of stack trace from previous location ---
   at Erp.Testing.TestDatabaseServer.<>c__DisplayClass25_0.<<GateTemplateAsync>b__3>d.MoveNext() in /work/tests/Erp.Testing/TestDatabaseServer.cs:line 156
--- End of stack trace from previous location ---
   at Erp.Testing.TestDatabaseServer.GateTemplateAsync(IDictionary`2 settings, Func`2 seed) in /work/tests/Erp.Testing/TestDatabaseServer.cs:line 161
   at Erp.Testing.ErpTestEnvironment.StartGateAsync(IDictionary`2 settings) in /work/tests/Erp.Testing/ErpTestEnvironment.cs:line 87
   at Erp.Gates.Tests.Infrastructure.GateFixture.InitializeAsync() in /work/tests/Erp.Gates.Tests/Infrastructure/GateFixture.cs:line 17
  Failed Erp.Gates.Tests.G2.G2PermissionTests.Creating_a_user_cannot_grant_more_than_the_caller_holds [1 ms]
  Error Message:
   Assembly fixture type 'Erp.Gates.Tests.Infrastructure.GateFixture' threw in InitializeAsync
---- System.InvalidOperationException : Endpoint authorisation is incomplete:
HTTP: DELETE /api/identity/me/preferences => ResetPreferences: declares no permission
  Stack Trace:
  
----- Inner Stack Trace -----
   at Erp.Kernel.Hosting.ErpPlatform.ValidateEndpoints(WebApplication app) in /work/src/Kernel/Erp.Kernel/Hosting/ErpPlatform.cs:line 236
   at Erp.Kernel.Hosting.ErpPlatform.UseErpPlatform(WebApplication app) in /work/src/Kernel/Erp.Kernel/Hosting/ErpPlatform.cs:line 202
   at Program.<Main>$(String[] args) in /work/src/Host/Erp.Host/Program.cs:line 8
   at Program.<Main>(String[] args)
   at System.Reflection.MethodBaseInvoker.InterpretedInvoke_Method(Object obj, IntPtr* args)
   at System.Reflection.MethodBaseInvoker.InvokeDirectByRefWithFewArgs(Object obj, Span`1 copyOfArgs, BindingFlags invokeAttr)
--- End of stack trace from previous location ---
   at Microsoft.AspNetCore.Mvc.Testing.DeferredHostBuilder.DeferredHost.StartAsync(CancellationToken cancellationToken)
   at Microsoft.Extensions.Hosting.HostingAbstractionsHostExtensions.Start(IHost host)
   at Microsoft.AspNetCore.Mvc.Testing.WebApplicationFactory`1.CreateHost(IHostBuilder builder)
   at Microsoft.AspNetCore.Mvc.Testing.WebApplicationFactory`1.ConfigureHostBuilder(IHostBuilder hostBuilder)
   at Microsoft.AspNetCore.Mvc.Testing.WebApplicationFactory`1.StartServer()
   at Microsoft.AspNetCore.Mvc.Testing.WebApplicationFactory`1.get_Services()
   at Erp.Testing.ErpTestEnvironment.SeedAsync(TestDatabaseServer server, String database, SeedPlan plan, IDictionary`2 settings) in /work/tests/Erp.Testing/ErpTestEnvironment.cs:line 128
   at Erp.Testing.ErpTestEnvironment.SeedAsync(TestDatabaseServer server, String database, SeedPlan plan, IDictionary`2 settings) in /work/tests/Erp.Testing/ErpTestEnvironment.cs:line 138
   at Erp.Testing.ErpTestEnvironment.<>c__DisplayClass34_0.<<StartGateAsync>b__0>d.MoveNext() in /work/tests/Erp.Testing/ErpTestEnvironment.cs:line 90
--- End of stack trace from previous location ---
   at Erp.Testing.TestDatabaseServer.<>c__DisplayClass25_0.<<GateTemplateAsync>b__3>d.MoveNext() in /work/tests/Erp.Testing/TestDatabaseServer.cs:line 156
--- End of stack trace from previous location ---
   at Erp.Testing.TestDatabaseServer.GateTemplateAsync(IDictionary`2 settings, Func`2 seed) in /work/tests/Erp.Testing/TestDatabaseServer.cs:line 161
   at Erp.Testing.ErpTestEnvironment.StartGateAsync(IDictionary`2 settings) in /work/tests/Erp.Testing/ErpTestEnvironment.cs:line 87
   at Erp.Gates.Tests.Infrastructure.GateFixture.InitializeAsync() in /work/tests/Erp.Gates.Tests/Infrastructure/GateFixture.cs:line 17
  Failed Erp.Gates.Tests.G2.G2PermissionTests.Users_cannot_escalate_their_own_privileges [1 ms]
  Error Message:
   Assembly fixture type 'Erp.Gates.Tests.Infrastructure.GateFixture' threw in InitializeAsync
---- System.InvalidOperationException : Endpoint authorisation is incomplete:
HTTP: DELETE /api/identity/me/preferences => ResetPreferences: declares no permission
  Stack Trace:
  
----- Inner Stack Trace -----
   at Erp.Kernel.Hosting.ErpPlatform.ValidateEndpoints(WebApplication app) in /work/src/Kernel/Erp.Kernel/Hosting/ErpPlatform.cs:line 236
   at Erp.Kernel.Hosting.ErpPlatform.UseErpPlatform(WebApplication app) in /work/src/Kernel/Erp.Kernel/Hosting/ErpPlatform.cs:line 202
   at Program.<Main>$(String[] args) in /work/src/Host/Erp.Host/Program.cs:line 8
   at Program.<Main>(String[] args)
   at System.Reflection.MethodBaseInvoker.InterpretedInvoke_Method(Object obj, IntPtr* args)
   at System.Reflection.MethodBaseInvoker.InvokeDirectByRefWithFewArgs(Object obj, Span`1 copyOfArgs, BindingFlags invokeAttr)
--- End of stack trace from previous location ---
   at Microsoft.AspNetCore.Mvc.Testing.DeferredHostBuilder.DeferredHost.StartAsync(CancellationToken cancellationToken)
   at Microsoft.Extensions.Hosting.HostingAbstractionsHostExtensions.Start(IHost host)
   at Microsoft.AspNetCore.Mvc.Testing.WebApplicationFactory`1.CreateHost(IHostBuilder builder)
   at Microsoft.AspNetCore.Mvc.Testing.WebApplicationFactory`1.ConfigureHostBuilder(IHostBuilder hostBuilder)
   at Microsoft.AspNetCore.Mvc.Testing.WebApplicationFactory`1.StartServer()
   at Microsoft.AspNetCore.Mvc.Testing.WebApplicationFactory`1.get_Services()
   at Erp.Testing.ErpTestEnvironment.SeedAsync(TestDatabaseServer server, String database, SeedPlan plan, IDictionary`2 settings) in /work/tests/Erp.Testing/ErpTestEnvironment.cs:line 128
   at Erp.Testing.ErpTestEnvironment.SeedAsync(TestDatabaseServer server, String database, SeedPlan plan, IDictionary`2 settings) in /work/tests/Erp.Testing/ErpTestEnvironment.cs:line 138
   at Erp.Testing.ErpTestEnvironment.<>c__DisplayClass34_0.<<StartGateAsync>b__0>d.MoveNext() in /work/tests/Erp.Testing/ErpTestEnvironment.cs:line 90
--- End of stack trace from previous location ---
   at Erp.Testing.TestDatabaseServer.<>c__DisplayClass25_0.<<GateTemplateAsync>b__3>d.MoveNext() in /work/tests/Erp.Testing/TestDatabaseServer.cs:line 156
--- End of stack trace from previous location ---
   at Erp.Testing.TestDatabaseServer.GateTemplateAsync(IDictionary`2 settings, Func`2 seed) in /work/tests/Erp.Testing/TestDatabaseServer.cs:line 161
   at Erp.Testing.ErpTestEnvironment.StartGateAsync(IDictionary`2 settings) in /work/tests/Erp.Testing/ErpTestEnvironment.cs:line 87
   at Erp.Gates.Tests.Infrastructure.GateFixture.InitializeAsync() in /work/tests/Erp.Gates.Tests/Infrastructure/GateFixture.cs:line 17
  Failed Erp.Gates.Tests.G2.G2PermissionTests.Granting_exactly_one_permission_opens_exactly_the_endpoints_that_declare_it [1 ms]
  Error Message:
   Assembly fixture type 'Erp.Gates.Tests.Infrastructure.GateFixture' threw in InitializeAsync
---- System.InvalidOperationException : Endpoint authorisation is incomplete:
HTTP: DELETE /api/identity/me/preferences => ResetPreferences: declares no permission
  Stack Trace:
  
----- Inner Stack Trace -----
   at Erp.Kernel.Hosting.ErpPlatform.ValidateEndpoints(WebApplication app) in /work/src/Kernel/Erp.Kernel/Hosting/ErpPlatform.cs:line 236
   at Erp.Kernel.Hosting.ErpPlatform.UseErpPlatform(WebApplication app) in /work/src/Kernel/Erp.Kernel/Hosting/ErpPlatform.cs:line 202
   at Program.<Main>$(String[] args) in /work/src/Host/Erp.Host/Program.cs:line 8
   at Program.<Main>(String[] args)
   at System.Reflection.MethodBaseInvoker.InterpretedInvoke_Method(Object obj, IntPtr* args)
   at System.Reflection.MethodBaseInvoker.InvokeDirectByRefWithFewArgs(Object obj, Span`1 copyOfArgs, BindingFlags invokeAttr)
--- End of stack trace from previous location ---
   at Microsoft.AspNetCore.Mvc.Testing.DeferredHostBuilder.DeferredHost.StartAsync(CancellationToken cancellationToken)
   at Microsoft.Extensions.Hosting.HostingAbstractionsHostExtensions.Start(IHost host)
   at Microsoft.AspNetCore.Mvc.Testing.WebApplicationFactory`1.CreateHost(IHostBuilder builder)
   at Microsoft.AspNetCore.Mvc.Testing.WebApplicationFactory`1.ConfigureHostBuilder(IHostBuilder hostBuilder)
   at Microsoft.AspNetCore.Mvc.Testing.WebApplicationFactory`1.StartServer()
   at Microsoft.AspNetCore.Mvc.Testing.WebApplicationFactory`1.get_Services()
   at Erp.Testing.ErpTestEnvironment.SeedAsync(TestDatabaseServer server, String database, SeedPlan plan, IDictionary`2 settings) in /work/tests/Erp.Testing/ErpTestEnvironment.cs:line 128
   at Erp.Testing.ErpTestEnvironment.SeedAsync(TestDatabaseServer server, String database, SeedPlan plan, IDictionary`2 settings) in /work/tests/Erp.Testing/ErpTestEnvironment.cs:line 138
   at Erp.Testing.ErpTestEnvironment.<>c__DisplayClass34_0.<<StartGateAsync>b__0>d.MoveNext() in /work/tests/Erp.Testing/ErpTestEnvironment.cs:line 90
--- End of stack trace from previous location ---
   at Erp.Testing.TestDatabaseServer.<>c__DisplayClass25_0.<<GateTemplateAsync>b__3>d.MoveNext() in /work/tests/Erp.Testing/TestDatabaseServer.cs:line 156
--- End of stack trace from previous location ---
   at Erp.Testing.TestDatabaseServer.GateTemplateAsync(IDictionary`2 settings, Func`2 seed) in /work/tests/Erp.Testing/TestDatabaseServer.cs:line 161
   at Erp.Testing.ErpTestEnvironment.StartGateAsync(IDictionary`2 settings) in /work/tests/Erp.Testing/ErpTestEnvironment.cs:line 87
   at Erp.Gates.Tests.Infrastructure.GateFixture.InitializeAsync() in /work/tests/Erp.Gates.Tests/Infrastructure/GateFixture.cs:line 17
  Failed Erp.Gates.Tests.G2.G2PermissionTests.A_user_whose_roles_grant_nothing_is_denied_everything_and_sees_no_menu [1 ms]
  Error Message:
   Assembly fixture type 'Erp.Gates.Tests.Infrastructure.GateFixture' threw in InitializeAsync
---- System.InvalidOperationException : Endpoint authorisation is incomplete:
HTTP: DELETE /api/identity/me/preferences => ResetPreferences: declares no permission
  Stack Trace:
  
----- Inner Stack Trace -----
   at Erp.Kernel.Hosting.ErpPlatform.ValidateEndpoints(WebApplication app) in /work/src/Kernel/Erp.Kernel/Hosting/ErpPlatform.cs:line 236
   at Erp.Kernel.Hosting.ErpPlatform.UseErpPlatform(WebApplication app) in /work/src/Kernel/Erp.Kernel/Hosting/ErpPlatform.cs:line 202
   at Program.<Main>$(String[] args) in /work/src/Host/Erp.Host/Program.cs:line 8
   at Program.<Main>(String[] args)
   at System.Reflection.MethodBaseInvoker.InterpretedInvoke_Method(Object obj, IntPtr* args)
   at System.Reflection.MethodBaseInvoker.InvokeDirectByRefWithFewArgs(Object obj, Span`1 copyOfArgs, BindingFlags invokeAttr)
--- End of stack trace from previous location ---
   at Microsoft.AspNetCore.Mvc.Testing.DeferredHostBuilder.DeferredHost.StartAsync(CancellationToken cancellationToken)
   at Microsoft.Extensions.Hosting.HostingAbstractionsHostExtensions.Start(IHost host)
   at Microsoft.AspNetCore.Mvc.Testing.WebApplicationFactory`1.CreateHost(IHostBuilder builder)
   at Microsoft.AspNetCore.Mvc.Testing.WebApplicationFactory`1.ConfigureHostBuilder(IHostBuilder hostBuilder)
   at Microsoft.AspNetCore.Mvc.Testing.WebApplicationFactory`1.StartServer()
   at Microsoft.AspNetCore.Mvc.Testing.WebApplicationFactory`1.get_Services()
   at Erp.Testing.ErpTestEnvironment.SeedAsync(TestDatabaseServer server, String database, SeedPlan plan, IDictionary`2 settings) in /work/tests/Erp.Testing/ErpTestEnvironment.cs:line 128
   at Erp.Testing.ErpTestEnvironment.SeedAsync(TestDatabaseServer server, String database, SeedPlan plan, IDictionary`2 settings) in /work/tests/Erp.Testing/ErpTestEnvironment.cs:line 138
   at Erp.Testing.ErpTestEnvironment.<>c__DisplayClass34_0.<<StartGateAsync>b__0>d.MoveNext() in /work/tests/Erp.Testing/ErpTestEnvironment.cs:line 90
--- End of stack trace from previous location ---
   at Erp.Testing.TestDatabaseServer.<>c__DisplayClass25_0.<<GateTemplateAsync>b__3>d.MoveNext() in /work/tests/Erp.Testing/TestDatabaseServer.cs:line 156
--- End of stack trace from previous location ---
   at Erp.Testing.TestDatabaseServer.GateTemplateAsync(IDictionary`2 settings, Func`2 seed) in /work/tests/Erp.Testing/TestDatabaseServer.cs:line 161
   at Erp.Testing.ErpTestEnvironment.StartGateAsync(IDictionary`2 settings) in /work/tests/Erp.Testing/ErpTestEnvironment.cs:line 87
   at Erp.Gates.Tests.Infrastructure.GateFixture.InitializeAsync() in /work/tests/Erp.Gates.Tests/Infrastructure/GateFixture.cs:line 17
  Failed Erp.Gates.Tests.G2.G2PermissionTests.Anonymous_callers_get_401_from_every_permissioned_endpoint [1 ms]
  Error Message:
   Assembly fixture type 'Erp.Gates.Tests.Infrastructure.GateFixture' threw in InitializeAsync
---- System.InvalidOperationException : Endpoint authorisation is incomplete:
HTTP: DELETE /api/identity/me/preferences => ResetPreferences: declares no permission
  Stack Trace:
  
----- Inner Stack Trace -----
   at Erp.Kernel.Hosting.ErpPlatform.ValidateEndpoints(WebApplication app) in /work/src/Kernel/Erp.Kernel/Hosting/ErpPlatform.cs:line 236
   at Erp.Kernel.Hosting.ErpPlatform.UseErpPlatform(WebApplication app) in /work/src/Kernel/Erp.Kernel/Hosting/ErpPlatform.cs:line 202
   at Program.<Main>$(String[] args) in /work/src/Host/Erp.Host/Program.cs:line 8
   at Program.<Main>(String[] args)
   at System.Reflection.MethodBaseInvoker.InterpretedInvoke_Method(Object obj, IntPtr* args)
   at System.Reflection.MethodBaseInvoker.InvokeDirectByRefWithFewArgs(Object obj, Span`1 copyOfArgs, BindingFlags invokeAttr)
--- End of stack trace from previous location ---
   at Microsoft.AspNetCore.Mvc.Testing.DeferredHostBuilder.DeferredHost.StartAsync(CancellationToken cancellationToken)
   at Microsoft.Extensions.Hosting.HostingAbstractionsHostExtensions.Start(IHost host)
   at Microsoft.AspNetCore.Mvc.Testing.WebApplicationFactory`1.CreateHost(IHostBuilder builder)
   at Microsoft.AspNetCore.Mvc.Testing.WebApplicationFactory`1.ConfigureHostBuilder(IHostBuilder hostBuilder)
   at Microsoft.AspNetCore.Mvc.Testing.WebApplicationFactory`1.StartServer()
   at Microsoft.AspNetCore.Mvc.Testing.WebApplicationFactory`1.get_Services()
   at Erp.Testing.ErpTestEnvironment.SeedAsync(TestDatabaseServer server, String database, SeedPlan plan, IDictionary`2 settings) in /work/tests/Erp.Testing/ErpTestEnvironment.cs:line 128
   at Erp.Testing.ErpTestEnvironment.SeedAsync(TestDatabaseServer server, String database, SeedPlan plan, IDictionary`2 settings) in /work/tests/Erp.Testing/ErpTestEnvironment.cs:line 138
   at Erp.Testing.ErpTestEnvironment.<>c__DisplayClass34_0.<<StartGateAsync>b__0>d.MoveNext() in /work/tests/Erp.Testing/ErpTestEnvironment.cs:line 90
--- End of stack trace from previous location ---
   at Erp.Testing.TestDatabaseServer.<>c__DisplayClass25_0.<<GateTemplateAsync>b__3>d.MoveNext() in /work/tests/Erp.Testing/TestDatabaseServer.cs:line 156
--- End of stack trace from previous location ---
   at Erp.Testing.TestDatabaseServer.GateTemplateAsync(IDictionary`2 settings, Func`2 seed) in /work/tests/Erp.Testing/TestDatabaseServer.cs:line 161
   at Erp.Testing.ErpTestEnvironment.StartGateAsync(IDictionary`2 settings) in /work/tests/Erp.Testing/ErpTestEnvironment.cs:line 87
   at Erp.Gates.Tests.Infrastructure.GateFixture.InitializeAsync() in /work/tests/Erp.Gates.Tests/Infrastructure/GateFixture.cs:line 17
  Failed Erp.Gates.Tests.G2.G2PermissionTests.Every_declared_permission_is_in_the_catalogue_and_every_catalogue_permission_is_used [1 ms]
  Error Message:
   Assembly fixture type 'Erp.Gates.Tests.Infrastructure.GateFixture' threw in InitializeAsync
---- System.InvalidOperationException : Endpoint authorisation is incomplete:
HTTP: DELETE /api/identity/me/preferences => ResetPreferences: declares no permission
  Stack Trace:
  
----- Inner Stack Trace -----
   at Erp.Kernel.Hosting.ErpPlatform.ValidateEndpoints(WebApplication app) in /work/src/Kernel/Erp.Kernel/Hosting/ErpPlatform.cs:line 236
   at Erp.Kernel.Hosting.ErpPlatform.UseErpPlatform(WebApplication app) in /work/src/Kernel/Erp.Kernel/Hosting/ErpPlatform.cs:line 202
   at Program.<Main>$(String[] args) in /work/src/Host/Erp.Host/Program.cs:line 8
   at Program.<Main>(String[] args)
   at System.Reflection.MethodBaseInvoker.InterpretedInvoke_Method(Object obj, IntPtr* args)
   at System.Reflection.MethodBaseInvoker.InvokeDirectByRefWithFewArgs(Object obj, Span`1 copyOfArgs, BindingFlags invokeAttr)
--- End of stack trace from previous location ---
   at Microsoft.AspNetCore.Mvc.Testing.DeferredHostBuilder.DeferredHost.StartAsync(CancellationToken cancellationToken)
   at Microsoft.Extensions.Hosting.HostingAbstractionsHostExtensions.Start(IHost host)
   at Microsoft.AspNetCore.Mvc.Testing.WebApplicationFactory`1.CreateHost(IHostBuilder builder)
   at Microsoft.AspNetCore.Mvc.Testing.WebApplicationFactory`1.ConfigureHostBuilder(IHostBuilder hostBuilder)
   at Microsoft.AspNetCore.Mvc.Testing.WebApplicationFactory`1.StartServer()
   at Microsoft.AspNetCore.Mvc.Testing.WebApplicationFactory`1.get_Services()
   at Erp.Testing.ErpTestEnvironment.SeedAsync(TestDatabaseServer server, String database, SeedPlan plan, IDictionary`2 settings) in /work/tests/Erp.Testing/ErpTestEnvironment.cs:line 128
   at Erp.Testing.ErpTestEnvironment.SeedAsync(TestDatabaseServer server, String database, SeedPlan plan, IDictionary`2 settings) in /work/tests/Erp.Testing/ErpTestEnvironment.cs:line 138
   at Erp.Testing.ErpTestEnvironment.<>c__DisplayClass34_0.<<StartGateAsync>b__0>d.MoveNext() in /work/tests/Erp.Testing/ErpTestEnvironment.cs:line 90
--- End of stack trace from previous location ---
   at Erp.Testing.TestDatabaseServer.<>c__DisplayClass25_0.<<GateTemplateAsync>b__3>d.MoveNext() in /work/tests/Erp.Testing/TestDatabaseServer.cs:line 156
--- End of stack trace from previous location ---
   at Erp.Testing.TestDatabaseServer.GateTemplateAsync(IDictionary`2 settings, Func`2 seed) in /work/tests/Erp.Testing/TestDatabaseServer.cs:line 161
   at Erp.Testing.ErpTestEnvironment.StartGateAsync(IDictionary`2 settings) in /work/tests/Erp.Testing/ErpTestEnvironment.cs:line 87
   at Erp.Gates.Tests.Infrastructure.GateFixture.InitializeAsync() in /work/tests/Erp.Gates.Tests/Infrastructure/GateFixture.cs:line 17
  Failed Erp.Gates.Tests.G2.G2PermissionTests.Requests_that_only_read_cannot_write [1 ms]
  Error Message:
   Assembly fixture type 'Erp.Gates.Tests.Infrastructure.GateFixture' threw in InitializeAsync
---- System.InvalidOperationException : Endpoint authorisation is incomplete:
HTTP: DELETE /api/identity/me/preferences => ResetPreferences: declares no permission
  Stack Trace:
  
----- Inner Stack Trace -----
   at Erp.Kernel.Hosting.ErpPlatform.ValidateEndpoints(WebApplication app) in /work/src/Kernel/Erp.Kernel/Hosting/ErpPlatform.cs:line 236
   at Erp.Kernel.Hosting.ErpPlatform.UseErpPlatform(WebApplication app) in /work/src/Kernel/Erp.Kernel/Hosting/ErpPlatform.cs:line 202
   at Program.<Main>$(String[] args) in /work/src/Host/Erp.Host/Program.cs:line 8
   at Program.<Main>(String[] args)
   at System.Reflection.MethodBaseInvoker.InterpretedInvoke_Method(Object obj, IntPtr* args)
   at System.Reflection.MethodBaseInvoker.InvokeDirectByRefWithFewArgs(Object obj, Span`1 copyOfArgs, BindingFlags invokeAttr)
--- End of stack trace from previous location ---
   at Microsoft.AspNetCore.Mvc.Testing.DeferredHostBuilder.DeferredHost.StartAsync(CancellationToken cancellationToken)
   at Microsoft.Extensions.Hosting.HostingAbstractionsHostExtensions.Start(IHost host)
   at Microsoft.AspNetCore.Mvc.Testing.WebApplicationFactory`1.CreateHost(IHostBuilder builder)
   at Microsoft.AspNetCore.Mvc.Testing.WebApplicationFactory`1.ConfigureHostBuilder(IHostBuilder hostBuilder)
   at Microsoft.AspNetCore.Mvc.Testing.WebApplicationFactory`1.StartServer()
   at Microsoft.AspNetCore.Mvc.Testing.WebApplicationFactory`1.get_Services()
   at Erp.Testing.ErpTestEnvironment.SeedAsync(TestDatabaseServer server, String database, SeedPlan plan, IDictionary`2 settings) in /work/tests/Erp.Testing/ErpTestEnvironment.cs:line 128
   at Erp.Testing.ErpTestEnvironment.SeedAsync(TestDatabaseServer server, String database, SeedPlan plan, IDictionary`2 settings) in /work/tests/Erp.Testing/ErpTestEnvironment.cs:line 138
   at Erp.Testing.ErpTestEnvironment.<>c__DisplayClass34_0.<<StartGateAsync>b__0>d.MoveNext() in /work/tests/Erp.Testing/ErpTestEnvironment.cs:line 90
--- End of stack trace from previous location ---
   at Erp.Testing.TestDatabaseServer.<>c__DisplayClass25_0.<<GateTemplateAsync>b__3>d.MoveNext() in /work/tests/Erp.Testing/TestDatabaseServer.cs:line 156
--- End of stack trace from previous location ---
   at Erp.Testing.TestDatabaseServer.GateTemplateAsync(IDictionary`2 settings, Func`2 seed) in /work/tests/Erp.Testing/TestDatabaseServer.cs:line 161
   at Erp.Testing.ErpTestEnvironment.StartGateAsync(IDictionary`2 settings) in /work/tests/Erp.Testing/ErpTestEnvironment.cs:line 87
   at Erp.Gates.Tests.Infrastructure.GateFixture.InitializeAsync() in /work/tests/Erp.Gates.Tests/Infrastructure/GateFixture.cs:line 17
[xUnit.net 00:00:08.99]     Erp.Gates.Tests.G2.G2PermissionTests.No_endpoint_that_changes_data_is_guarded_by_a_read_permission [FAIL]
[xUnit.net 00:00:08.99]       Assembly fixture type 'Erp.Gates.Tests.Infrastructure.GateFixture' threw in InitializeAsync
[xUnit.net 00:00:08.99]       ---- System.InvalidOperationException : Endpoint authorisation is incomplete:
[xUnit.net 00:00:08.99]       HTTP: DELETE /api/identity/me/preferences => ResetPreferences: declares no permission
[xUnit.net 00:00:08.99]       Stack Trace:
[xUnit.net 00:00:08.99]         
[xUnit.net 00:00:08.99]         ----- Inner Stack Trace -----
[xUnit.net 00:00:08.99]         /work/src/Kernel/Erp.Kernel/Hosting/ErpPlatform.cs(236,0): at Erp.Kernel.Hosting.ErpPlatform.ValidateEndpoints(WebApplication app)
[xUnit.net 00:00:08.99]         /work/src/Kernel/Erp.Kernel/Hosting/ErpPlatform.cs(202,0): at Erp.Kernel.Hosting.ErpPlatform.UseErpPlatform(WebApplication app)
[xUnit.net 00:00:08.99]         /work/src/Host/Erp.Host/Program.cs(8,0): at Program.<Main>$(String[] args)
[xUnit.net 00:00:08.99]            at Program.<Main>(String[] args)
[xUnit.net 00:00:08.99]            at System.Reflection.MethodBaseInvoker.InterpretedInvoke_Method(Object obj, IntPtr* args)
[xUnit.net 00:00:08.99]            at System.Reflection.MethodBaseInvoker.InvokeDirectByRefWithFewArgs(Object obj, Span`1 copyOfArgs, BindingFlags invokeAttr)
[xUnit.net 00:00:08.99]         --- End of stack trace from previous location ---
[xUnit.net 00:00:08.99]            at Microsoft.AspNetCore.Mvc.Testing.DeferredHostBuilder.DeferredHost.StartAsync(CancellationToken cancellationToken)
[xUnit.net 00:00:08.99]            at Microsoft.Extensions.Hosting.HostingAbstractionsHostExtensions.Start(IHost host)
[xUnit.net 00:00:08.99]            at Microsoft.AspNetCore.Mvc.Testing.WebApplicationFactory`1.CreateHost(IHostBuilder builder)
[xUnit.net 00:00:08.99]            at Microsoft.AspNetCore.Mvc.Testing.WebApplicationFactory`1.ConfigureHostBuilder(IHostBuilder hostBuilder)
[xUnit.net 00:00:08.99]            at Microsoft.AspNetCore.Mvc.Testing.WebApplicationFactory`1.StartServer()
[xUnit.net 00:00:08.99]            at Microsoft.AspNetCore.Mvc.Testing.WebApplicationFactory`1.get_Services()
[xUnit.net 00:00:08.99]         /work/tests/Erp.Testing/ErpTestEnvironment.cs(128,0): at Erp.Testing.ErpTestEnvironment.SeedAsync(TestDatabaseServer server, String database, SeedPlan plan, IDictionary`2 settings)
[xUnit.net 00:00:08.99]         /work/tests/Erp.Testing/ErpTestEnvironment.cs(138,0): at Erp.Testing.ErpTestEnvironment.SeedAsync(TestDatabaseServer server, String database, SeedPlan plan, IDictionary`2 settings)
[xUnit.net 00:00:08.99]         /work/tests/Erp.Testing/ErpTestEnvironment.cs(90,0): at Erp.Testing.ErpTestEnvironment.<>c__DisplayClass34_0.<<StartGateAsync>b__0>d.MoveNext()
[xUnit.net 00:00:08.99]         --- End of stack trace from previous location ---
[xUnit.net 00:00:08.99]         /work/tests/Erp.Testing/TestDatabaseServer.cs(156,0): at Erp.Testing.TestDatabaseServer.<>c__DisplayClass25_0.<<GateTemplateAsync>b__3>d.MoveNext()
[xUnit.net 00:00:08.99]         --- End of stack trace from previous location ---
[xUnit.net 00:00:08.99]         /work/tests/Erp.Testing/TestDatabaseServer.cs(161,0): at Erp.Testing.TestDatabaseServer.GateTemplateAsync(IDictionary`2 settings, Func`2 seed)
[xUnit.net 00:00:08.99]         /work/tests/Erp.Testing/ErpTestEnvironment.cs(87,0): at Erp.Testing.ErpTestEnvironment.StartGateAsync(IDictionary`2 settings)
[xUnit.net 00:00:08.99]         /work/tests/Erp.Gates.Tests/Infrastructure/GateFixture.cs(17,0): at Erp.Gates.Tests.Infrastructure.GateFixture.InitializeAsync()
[xUnit.net 00:00:08.99]     Erp.Gates.Tests.G2.G2PermissionTests.The_declaration_check_catches_AllowAnonymous_stacked_on_a_permission [FAIL]
[xUnit.net 00:00:08.99]       Assembly fixture type 'Erp.Gates.Tests.Infrastructure.GateFixture' threw in InitializeAsync
[xUnit.net 00:00:08.99]       ---- System.InvalidOperationException : Endpoint authorisation is incomplete:
[xUnit.net 00:00:08.99]       HTTP: DELETE /api/identity/me/preferences => ResetPreferences: declares no permission
[xUnit.net 00:00:08.99]       Stack Trace:
[xUnit.net 00:00:08.99]         
[xUnit.net 00:00:08.99]         ----- Inner Stack Trace -----
[xUnit.net 00:00:08.99]         /work/src/Kernel/Erp.Kernel/Hosting/ErpPlatform.cs(236,0): at Erp.Kernel.Hosting.ErpPlatform.ValidateEndpoints(WebApplication app)
[xUnit.net 00:00:08.99]         /work/src/Kernel/Erp.Kernel/Hosting/ErpPlatform.cs(202,0): at Erp.Kernel.Hosting.ErpPlatform.UseErpPlatform(WebApplication app)
[xUnit.net 00:00:08.99]         /work/src/Host/Erp.Host/Program.cs(8,0): at Program.<Main>$(String[] args)
[xUnit.net 00:00:08.99]            at Program.<Main>(String[] args)
[xUnit.net 00:00:08.99]            at System.Reflection.MethodBaseInvoker.InterpretedInvoke_Method(Object obj, IntPtr* args)
[xUnit.net 00:00:08.99]            at System.Reflection.MethodBaseInvoker.InvokeDirectByRefWithFewArgs(Object obj, Span`1 copyOfArgs, BindingFlags invokeAttr)
[xUnit.net 00:00:08.99]         --- End of stack trace from previous location ---
[xUnit.net 00:00:08.99]            at Microsoft.AspNetCore.Mvc.Testing.DeferredHostBuilder.DeferredHost.StartAsync(CancellationToken cancellationToken)
[xUnit.net 00:00:08.99]            at Microsoft.Extensions.Hosting.HostingAbstractionsHostExtensions.Start(IHost host)
[xUnit.net 00:00:08.99]            at Microsoft.AspNetCore.Mvc.Testing.WebApplicationFactory`1.CreateHost(IHostBuilder builder)
[xUnit.net 00:00:08.99]            at Microsoft.AspNetCore.Mvc.Testing.WebApplicationFactory`1.ConfigureHostBuilder(IHostBuilder hostBuilder)
[xUnit.net 00:00:08.99]            at Microsoft.AspNetCore.Mvc.Testing.WebApplicationFactory`1.StartServer()
[xUnit.net 00:00:08.99]            at Microsoft.AspNetCore.Mvc.Testing.WebApplicationFactory`1.get_Services()
[xUnit.net 00:00:08.99]         /work/tests/Erp.Testing/ErpTestEnvironment.cs(128,0): at Erp.Testing.ErpTestEnvironment.SeedAsync(TestDatabaseServer server, String database, SeedPlan plan, IDictionary`2 settings)
[xUnit.net 00:00:08.99]         /work/tests/Erp.Testing/ErpTestEnvironment.cs(138,0): at Erp.Testing.ErpTestEnvironment.SeedAsync(TestDatabaseServer server, String database, SeedPlan plan, IDictionary`2 settings)
[xUnit.net 00:00:08.99]         /work/tests/Erp.Testing/ErpTestEnvironment.cs(90,0): at Erp.Testing.ErpTestEnvironment.<>c__DisplayClass34_0.<<StartGateAsync>b__0>d.MoveNext()
[xUnit.net 00:00:08.99]         --- End of stack trace from previous location ---
[xUnit.net 00:00:08.99]         /work/tests/Erp.Testing/TestDatabaseServer.cs(156,0): at Erp.Testing.TestDatabaseServer.<>c__DisplayClass25_0.<<GateTemplateAsync>b__3>d.MoveNext()
[xUnit.net 00:00:08.99]         --- End of stack trace from previous location ---
[xUnit.net 00:00:08.99]         /work/tests/Erp.Testing/TestDatabaseServer.cs(161,0): at Erp.Testing.TestDatabaseServer.GateTemplateAsync(IDictionary`2 settings, Func`2 seed)
[xUnit.net 00:00:08.99]         /work/tests/Erp.Testing/ErpTestEnvironment.cs(87,0): at Erp.Testing.ErpTestEnvironment.StartGateAsync(IDictionary`2 settings)
[xUnit.net 00:00:08.99]         /work/tests/Erp.Gates.Tests/Infrastructure/GateFixture.cs(17,0): at Erp.Gates.Tests.Infrastructure.GateFixture.InitializeAsync()
[xUnit.net 00:00:09.00]     Erp.Gates.Tests.G2.G2PermissionTests.The_reviewed_permission_map_catches_a_weaker_permission_an_unreviewed_endpoint_and_a_stale_line [FAIL]
[xUnit.net 00:00:09.00]       Assembly fixture type 'Erp.Gates.Tests.Infrastructure.GateFixture' threw in InitializeAsync
[xUnit.net 00:00:09.00]       ---- System.InvalidOperationException : Endpoint authorisation is incomplete:
[xUnit.net 00:00:09.00]       HTTP: DELETE /api/identity/me/preferences => ResetPreferences: declares no permission
[xUnit.net 00:00:09.00]       Stack Trace:
[xUnit.net 00:00:09.00]         
[xUnit.net 00:00:09.00]         ----- Inner Stack Trace -----
[xUnit.net 00:00:09.00]         /work/src/Kernel/Erp.Kernel/Hosting/ErpPlatform.cs(236,0): at Erp.Kernel.Hosting.ErpPlatform.ValidateEndpoints(WebApplication app)
[xUnit.net 00:00:09.00]         /work/src/Kernel/Erp.Kernel/Hosting/ErpPlatform.cs(202,0): at Erp.Kernel.Hosting.ErpPlatform.UseErpPlatform(WebApplication app)
[xUnit.net 00:00:09.00]         /work/src/Host/Erp.Host/Program.cs(8,0): at Program.<Main>$(String[] args)
[xUnit.net 00:00:09.00]            at Program.<Main>(String[] args)
[xUnit.net 00:00:09.00]            at System.Reflection.MethodBaseInvoker.InterpretedInvoke_Method(Object obj, IntPtr* args)
[xUnit.net 00:00:09.00]            at System.Reflection.MethodBaseInvoker.InvokeDirectByRefWithFewArgs(Object obj, Span`1 copyOfArgs, BindingFlags invokeAttr)
[xUnit.net 00:00:09.00]         --- End of stack trace from previous location ---
[xUnit.net 00:00:09.00]            at Microsoft.AspNetCore.Mvc.Testing.DeferredHostBuilder.DeferredHost.StartAsync(CancellationToken cancellationToken)
[xUnit.net 00:00:09.00]            at Microsoft.Extensions.Hosting.HostingAbstractionsHostExtensions.Start(IHost host)
[xUnit.net 00:00:09.00]            at Microsoft.AspNetCore.Mvc.Testing.WebApplicationFactory`1.CreateHost(IHostBuilder builder)
[xUnit.net 00:00:09.00]            at Microsoft.AspNetCore.Mvc.Testing.WebApplicationFactory`1.ConfigureHostBuilder(IHostBuilder hostBuilder)
[xUnit.net 00:00:09.00]            at Microsoft.AspNetCore.Mvc.Testing.WebApplicationFactory`1.StartServer()
[xUnit.net 00:00:09.00]            at Microsoft.AspNetCore.Mvc.Testing.WebApplicationFactory`1.get_Services()
[xUnit.net 00:00:09.00]         /work/tests/Erp.Testing/ErpTestEnvironment.cs(128,0): at Erp.Testing.ErpTestEnvironment.SeedAsync(TestDatabaseServer server, String database, SeedPlan plan, IDictionary`2 settings)
[xUnit.net 00:00:09.00]         /work/tests/Erp.Testing/ErpTestEnvironment.cs(138,0): at Erp.Testing.ErpTestEnvironment.SeedAsync(TestDatabaseServer server, String database, SeedPlan plan, IDictionary`2 settings)
[xUnit.net 00:00:09.00]         /work/tests/Erp.Testing/ErpTestEnvironment.cs(90,0): at Erp.Testing.ErpTestEnvironment.<>c__DisplayClass34_0.<<StartGateAsync>b__0>d.MoveNext()
[xUnit.net 00:00:09.00]         --- End of stack trace from previous location ---
[xUnit.net 00:00:09.00]         /work/tests/Erp.Testing/TestDatabaseServer.cs(156,0): at Erp.Testing.TestDatabaseServer.<>c__DisplayClass25_0.<<GateTemplateAsync>b__3>d.MoveNext()
[xUnit.net 00:00:09.00]         --- End of stack trace from previous location ---
[xUnit.net 00:00:09.00]         /work/tests/Erp.Testing/TestDatabaseServer.cs(161,0): at Erp.Testing.TestDatabaseServer.GateTemplateAsync(IDictionary`2 settings, Func`2 seed)
[xUnit.net 00:00:09.00]         /work/tests/Erp.Testing/ErpTestEnvironment.cs(87,0): at Erp.Testing.ErpTestEnvironment.StartGateAsync(IDictionary`2 settings)
[xUnit.net 00:00:09.00]         /work/tests/Erp.Gates.Tests/Infrastructure/GateFixture.cs(17,0): at Erp.Gates.Tests.Infrastructure.GateFixture.InitializeAsync()
[xUnit.net 00:00:09.00]     Erp.Gates.Tests.G2.G2PermissionTests.Every_module_route_is_under_a_reviewed_map_or_derives_its_permission_from_its_list [FAIL]
[xUnit.net 00:00:09.00]       Assembly fixture type 'Erp.Gates.Tests.Infrastructure.GateFixture' threw in InitializeAsync
[xUnit.net 00:00:09.00]       ---- System.InvalidOperationException : Endpoint authorisation is incomplete:
[xUnit.net 00:00:09.00]       HTTP: DELETE /api/identity/me/preferences => ResetPreferences: declares no permission
[xUnit.net 00:00:09.00]       Stack Trace:
[xUnit.net 00:00:09.00]         
[xUnit.net 00:00:09.00]         ----- Inner Stack Trace -----
[xUnit.net 00:00:09.00]         /work/src/Kernel/Erp.Kernel/Hosting/ErpPlatform.cs(236,0): at Erp.Kernel.Hosting.ErpPlatform.ValidateEndpoints(WebApplication app)
[xUnit.net 00:00:09.00]         /work/src/Kernel/Erp.Kernel/Hosting/ErpPlatform.cs(202,0): at Erp.Kernel.Hosting.ErpPlatform.UseErpPlatform(WebApplication app)
[xUnit.net 00:00:09.00]         /work/src/Host/Erp.Host/Program.cs(8,0): at Program.<Main>$(String[] args)
[xUnit.net 00:00:09.00]            at Program.<Main>(String[] args)
[xUnit.net 00:00:09.00]            at System.Reflection.MethodBaseInvoker.InterpretedInvoke_Method(Object obj, IntPtr* args)
[xUnit.net 00:00:09.00]            at System.Reflection.MethodBaseInvoker.InvokeDirectByRefWithFewArgs(Object obj, Span`1 copyOfArgs, BindingFlags invokeAttr)
[xUnit.net 00:00:09.00]         --- End of stack trace from previous location ---
[xUnit.net 00:00:09.00]            at Microsoft.AspNetCore.Mvc.Testing.DeferredHostBuilder.DeferredHost.StartAsync(CancellationToken cancellationToken)
[xUnit.net 00:00:09.00]            at Microsoft.Extensions.Hosting.HostingAbstractionsHostExtensions.Start(IHost host)
[xUnit.net 00:00:09.00]            at Microsoft.AspNetCore.Mvc.Testing.WebApplicationFactory`1.CreateHost(IHostBuilder builder)
[xUnit.net 00:00:09.00]            at Microsoft.AspNetCore.Mvc.Testing.WebApplicationFactory`1.ConfigureHostBuilder(IHostBuilder hostBuilder)
[xUnit.net 00:00:09.00]            at Microsoft.AspNetCore.Mvc.Testing.WebApplicationFactory`1.StartServer()
[xUnit.net 00:00:09.00]            at Microsoft.AspNetCore.Mvc.Testing.WebApplicationFactory`1.get_Services()
[xUnit.net 00:00:09.00]         /work/tests/Erp.Testing/ErpTestEnvironment.cs(128,0): at Erp.Testing.ErpTestEnvironment.SeedAsync(TestDatabaseServer server, String database, SeedPlan plan, IDictionary`2 settings)
[xUnit.net 00:00:09.00]         /work/tests/Erp.Testing/ErpTestEnvironment.cs(138,0): at Erp.Testing.ErpTestEnvironment.SeedAsync(TestDatabaseServer server, String database, SeedPlan plan, IDictionary`2 settings)
[xUnit.net 00:00:09.00]         /work/tests/Erp.Testing/ErpTestEnvironment.cs(90,0): at Erp.Testing.ErpTestEnvironment.<>c__DisplayClass34_0.<<StartGateAsync>b__0>d.MoveNext()
[xUnit.net 00:00:09.00]         --- End of stack trace from previous location ---
[xUnit.net 00:00:09.00]         /work/tests/Erp.Testing/TestDatabaseServer.cs(156,0): at Erp.Testing.TestDatabaseServer.<>c__DisplayClass25_0.<<GateTemplateAsync>b__3>d.MoveNext()
[xUnit.net 00:00:09.00]         --- End of stack trace from previous location ---
[xUnit.net 00:00:09.00]         /work/tests/Erp.Testing/TestDatabaseServer.cs(161,0): at Erp.Testing.TestDatabaseServer.GateTemplateAsync(IDictionary`2 settings, Func`2 seed)
[xUnit.net 00:00:09.00]         /work/tests/Erp.Testing/ErpTestEnvironment.cs(87,0): at Erp.Testing.ErpTestEnvironment.StartGateAsync(IDictionary`2 settings)
[xUnit.net 00:00:09.00]         /work/tests/Erp.Gates.Tests/Infrastructure/GateFixture.cs(17,0): at Erp.Gates.Tests.Infrastructure.GateFixture.InitializeAsync()
[xUnit.net 00:00:09.00]     Erp.Gates.Tests.G2.G2PermissionTests.Every_endpoint_under_a_reviewed_prefix_declares_exactly_its_reviewed_permission [FAIL]
[xUnit.net 00:00:09.00]       Assembly fixture type 'Erp.Gates.Tests.Infrastructure.GateFixture' threw in InitializeAsync
[xUnit.net 00:00:09.00]       ---- System.InvalidOperationException : Endpoint authorisation is incomplete:
[xUnit.net 00:00:09.00]       HTTP: DELETE /api/identity/me/preferences => ResetPreferences: declares no permission
[xUnit.net 00:00:09.00]       Stack Trace:
[xUnit.net 00:00:09.00]         
[xUnit.net 00:00:09.00]         ----- Inner Stack Trace -----
[xUnit.net 00:00:09.00]         /work/src/Kernel/Erp.Kernel/Hosting/ErpPlatform.cs(236,0): at Erp.Kernel.Hosting.ErpPlatform.ValidateEndpoints(WebApplication app)
[xUnit.net 00:00:09.00]         /work/src/Kernel/Erp.Kernel/Hosting/ErpPlatform.cs(202,0): at Erp.Kernel.Hosting.ErpPlatform.UseErpPlatform(WebApplication app)
[xUnit.net 00:00:09.00]         /work/src/Host/Erp.Host/Program.cs(8,0): at Program.<Main>$(String[] args)
[xUnit.net 00:00:09.00]            at Program.<Main>(String[] args)
[xUnit.net 00:00:09.00]            at System.Reflection.MethodBaseInvoker.InterpretedInvoke_Method(Object obj, IntPtr* args)
[xUnit.net 00:00:09.00]            at System.Reflection.MethodBaseInvoker.InvokeDirectByRefWithFewArgs(Object obj, Span`1 copyOfArgs, BindingFlags invokeAttr)
[xUnit.net 00:00:09.00]         --- End of stack trace from previous location ---
[xUnit.net 00:00:09.00]            at Microsoft.AspNetCore.Mvc.Testing.DeferredHostBuilder.DeferredHost.StartAsync(CancellationToken cancellationToken)
[xUnit.net 00:00:09.00]            at Microsoft.Extensions.Hosting.HostingAbstractionsHostExtensions.Start(IHost host)
[xUnit.net 00:00:09.00]            at Microsoft.AspNetCore.Mvc.Testing.WebApplicationFactory`1.CreateHost(IHostBuilder builder)
[xUnit.net 00:00:09.00]            at Microsoft.AspNetCore.Mvc.Testing.WebApplicationFactory`1.ConfigureHostBuilder(IHostBuilder hostBuilder)
[xUnit.net 00:00:09.00]            at Microsoft.AspNetCore.Mvc.Testing.WebApplicationFactory`1.StartServer()
[xUnit.net 00:00:09.00]            at Microsoft.AspNetCore.Mvc.Testing.WebApplicationFactory`1.get_Services()
[xUnit.net 00:00:09.00]         /work/tests/Erp.Testing/ErpTestEnvironment.cs(128,0): at Erp.Testing.ErpTestEnvironment.SeedAsync(TestDatabaseServer server, String database, SeedPlan plan, IDictionary`2 settings)
[xUnit.net 00:00:09.00]         /work/tests/Erp.Testing/ErpTestEnvironment.cs(138,0): at Erp.Testing.ErpTestEnvironment.SeedAsync(TestDatabaseServer server, String database, SeedPlan plan, IDictionary`2 settings)
[xUnit.net 00:00:09.00]         /work/tests/Erp.Testing/ErpTestEnvironment.cs(90,0): at Erp.Testing.ErpTestEnvironment.<>c__DisplayClass34_0.<<StartGateAsync>b__0>d.MoveNext()
[xUnit.net 00:00:09.00]         --- End of stack trace from previous location ---
[xUnit.net 00:00:09.00]         /work/tests/Erp.Testing/TestDatabaseServer.cs(156,0): at Erp.Testing.TestDatabaseServer.<>c__DisplayClass25_0.<<GateTemplateAsync>b__3>d.MoveNext()
[xUnit.net 00:00:09.00]         --- End of stack trace from previous location ---
[xUnit.net 00:00:09.00]         /work/tests/Erp.Testing/TestDatabaseServer.cs(161,0): at Erp.Testing.TestDatabaseServer.GateTemplateAsync(IDictionary`2 settings, Func`2 seed)
[xUnit.net 00:00:09.00]         /work/tests/Erp.Testing/ErpTestEnvironment.cs(87,0): at Erp.Testing.ErpTestEnvironment.StartGateAsync(IDictionary`2 settings)
[xUnit.net 00:00:09.00]         /work/tests/Erp.Gates.Tests/Infrastructure/GateFixture.cs(17,0): at Erp.Gates.Tests.Infrastructure.GateFixture.InitializeAsync()
[xUnit.net 00:00:09.00]     Erp.Gates.Tests.G2.G2PermissionTests.Every_endpoint_declares_exactly_one_permission_or_is_reviewed_anonymous [FAIL]
[xUnit.net 00:00:09.00]       Assembly fixture type 'Erp.Gates.Tests.Infrastructure.GateFixture' threw in InitializeAsync
[xUnit.net 00:00:09.00]       ---- System.InvalidOperationException : Endpoint authorisation is incomplete:
[xUnit.net 00:00:09.00]       HTTP: DELETE /api/identity/me/preferences => ResetPreferences: declares no permission
[xUnit.net 00:00:09.00]       Stack Trace:
[xUnit.net 00:00:09.00]         
[xUnit.net 00:00:09.00]         ----- Inner Stack Trace -----
[xUnit.net 00:00:09.00]         /work/src/Kernel/Erp.Kernel/Hosting/ErpPlatform.cs(236,0): at Erp.Kernel.Hosting.ErpPlatform.ValidateEndpoints(WebApplication app)
[xUnit.net 00:00:09.01]         /work/src/Kernel/Erp.Kernel/Hosting/ErpPlatform.cs(202,0): at Erp.Kernel.Hosting.ErpPlatform.UseErpPlatform(WebApplication app)
[xUnit.net 00:00:09.01]         /work/src/Host/Erp.Host/Program.cs(8,0): at Program.<Main>$(String[] args)
[xUnit.net 00:00:09.01]            at Program.<Main>(String[] args)
[xUnit.net 00:00:09.01]            at System.Reflection.MethodBaseInvoker.InterpretedInvoke_Method(Object obj, IntPtr* args)
[xUnit.net 00:00:09.01]            at System.Reflection.MethodBaseInvoker.InvokeDirectByRefWithFewArgs(Object obj, Span`1 copyOfArgs, BindingFlags invokeAttr)
[xUnit.net 00:00:09.01]         --- End of stack trace from previous location ---
[xUnit.net 00:00:09.01]            at Microsoft.AspNetCore.Mvc.Testing.DeferredHostBuilder.DeferredHost.StartAsync(CancellationToken cancellationToken)
[xUnit.net 00:00:09.01]            at Microsoft.Extensions.Hosting.HostingAbstractionsHostExtensions.Start(IHost host)
[xUnit.net 00:00:09.01]            at Microsoft.AspNetCore.Mvc.Testing.WebApplicationFactory`1.CreateHost(IHostBuilder builder)
[xUnit.net 00:00:09.01]            at Microsoft.AspNetCore.Mvc.Testing.WebApplicationFactory`1.ConfigureHostBuilder(IHostBuilder hostBuilder)
[xUnit.net 00:00:09.01]            at Microsoft.AspNetCore.Mvc.Testing.WebApplicationFactory`1.StartServer()
[xUnit.net 00:00:09.01]            at Microsoft.AspNetCore.Mvc.Testing.WebApplicationFactory`1.get_Services()
[xUnit.net 00:00:09.01]         /work/tests/Erp.Testing/ErpTestEnvironment.cs(128,0): at Erp.Testing.ErpTestEnvironment.SeedAsync(TestDatabaseServer server, String database, SeedPlan plan, IDictionary`2 settings)
[xUnit.net 00:00:09.01]         /work/tests/Erp.Testing/ErpTestEnvironment.cs(138,0): at Erp.Testing.ErpTestEnvironment.SeedAsync(TestDatabaseServer server, String database, SeedPlan plan, IDictionary`2 settings)
[xUnit.net 00:00:09.01]         /work/tests/Erp.Testing/ErpTestEnvironment.cs(90,0): at Erp.Testing.ErpTestEnvironment.<>c__DisplayClass34_0.<<StartGateAsync>b__0>d.MoveNext()
[xUnit.net 00:00:09.01]         --- End of stack trace from previous location ---
[xUnit.net 00:00:09.01]         /work/tests/Erp.Testing/TestDatabaseServer.cs(156,0): at Erp.Testing.TestDatabaseServer.<>c__DisplayClass25_0.<<GateTemplateAsync>b__3>d.MoveNext()
[xUnit.net 00:00:09.01]         --- End of stack trace from previous location ---
[xUnit.net 00:00:09.01]         /work/tests/Erp.Testing/TestDatabaseServer.cs(161,0): at Erp.Testing.TestDatabaseServer.GateTemplateAsync(IDictionary`2 settings, Func`2 seed)
[xUnit.net 00:00:09.01]         /work/tests/Erp.Testing/ErpTestEnvironment.cs(87,0): at Erp.Testing.ErpTestEnvironment.StartGateAsync(IDictionary`2 settings)
[xUnit.net 00:00:09.01]         /work/tests/Erp.Gates.Tests/Infrastructure/GateFixture.cs(17,0): at Erp.Gates.Tests.Infrastructure.GateFixture.InitializeAsync()
[xUnit.net 00:00:09.01]     Erp.Gates.Tests.G1.G1CompanyScopeTests.The_application_role_sees_and_changes_only_the_bound_companies_in_every_company_table [FAIL]
[xUnit.net 00:00:09.01]       Assembly fixture type 'Erp.Gates.Tests.Infrastructure.GateFixture' threw in InitializeAsync
[xUnit.net 00:00:09.01]       ---- System.InvalidOperationException : Endpoint authorisation is incomplete:
[xUnit.net 00:00:09.01]       HTTP: DELETE /api/identity/me/preferences => ResetPreferences: declares no permission
[xUnit.net 00:00:09.01]       Stack Trace:
[xUnit.net 00:00:09.01]         
[xUnit.net 00:00:09.01]         ----- Inner Stack Trace -----
[xUnit.net 00:00:09.01]         /work/src/Kernel/Erp.Kernel/Hosting/ErpPlatform.cs(236,0): at Erp.Kernel.Hosting.ErpPlatform.ValidateEndpoints(WebApplication app)
[xUnit.net 00:00:09.01]         /work/src/Kernel/Erp.Kernel/Hosting/ErpPlatform.cs(202,0): at Erp.Kernel.Hosting.ErpPlatform.UseErpPlatform(WebApplication app)
[xUnit.net 00:00:09.01]         /work/src/Host/Erp.Host/Program.cs(8,0): at Program.<Main>$(String[] args)
[xUnit.net 00:00:09.01]            at Program.<Main>(String[] args)
[xUnit.net 00:00:09.01]            at System.Reflection.MethodBaseInvoker.InterpretedInvoke_Method(Object obj, IntPtr* args)
[xUnit.net 00:00:09.01]            at System.Reflection.MethodBaseInvoker.InvokeDirectByRefWithFewArgs(Object obj, Span`1 copyOfArgs, BindingFlags invokeAttr)
[xUnit.net 00:00:09.01]         --- End of stack trace from previous location ---
[xUnit.net 00:00:09.01]            at Microsoft.AspNetCore.Mvc.Testing.DeferredHostBuilder.DeferredHost.StartAsync(CancellationToken cancellationToken)
[xUnit.net 00:00:09.01]            at Microsoft.Extensions.Hosting.HostingAbstractionsHostExtensions.Start(IHost host)
[xUnit.net 00:00:09.01]            at Microsoft.AspNetCore.Mvc.Testing.WebApplicationFactory`1.CreateHost(IHostBuilder builder)
[xUnit.net 00:00:09.01]            at Microsoft.AspNetCore.Mvc.Testing.WebApplicationFactory`1.ConfigureHostBuilder(IHostBuilder hostBuilder)
[xUnit.net 00:00:09.01]            at Microsoft.AspNetCore.Mvc.Testing.WebApplicationFactory`1.StartServer()
[xUnit.net 00:00:09.01]            at Microsoft.AspNetCore.Mvc.Testing.WebApplicationFactory`1.get_Services()
[xUnit.net 00:00:09.01]         /work/tests/Erp.Testing/ErpTestEnvironment.cs(128,0): at Erp.Testing.ErpTestEnvironment.SeedAsync(TestDatabaseServer server, String database, SeedPlan plan, IDictionary`2 settings)
[xUnit.net 00:00:09.01]         /work/tests/Erp.Testing/ErpTestEnvironment.cs(138,0): at Erp.Testing.ErpTestEnvironment.SeedAsync(TestDatabaseServer server, String database, SeedPlan plan, IDictionary`2 settings)
[xUnit.net 00:00:09.01]         /work/tests/Erp.Testing/ErpTestEnvironment.cs(90,0): at Erp.Testing.ErpTestEnvironment.<>c__DisplayClass34_0.<<StartGateAsync>b__0>d.MoveNext()
[xUnit.net 00:00:09.01]         --- End of stack trace from previous location ---
[xUnit.net 00:00:09.01]         /work/tests/Erp.Testing/TestDatabaseServer.cs(156,0): at Erp.Testing.TestDatabaseServer.<>c__DisplayClass25_0.<<GateTemplateAsync>b__3>d.MoveNext()
[xUnit.net 00:00:09.01]         --- End of stack trace from previous location ---
[xUnit.net 00:00:09.01]         /work/tests/Erp.Testing/TestDatabaseServer.cs(161,0): at Erp.Testing.TestDatabaseServer.GateTemplateAsync(IDictionary`2 settings, Func`2 seed)
[xUnit.net 00:00:09.01]         /work/tests/Erp.Testing/ErpTestEnvironment.cs(87,0): at Erp.Testing.ErpTestEnvironment.StartGateAsync(IDictionary`2 settings)
[xUnit.net 00:00:09.01]         /work/tests/Erp.Gates.Tests/Infrastructure/GateFixture.cs(17,0): at Erp.Gates.Tests.Infrastructure.GateFixture.InitializeAsync()
[xUnit.net 00:00:09.02]     Erp.Gates.Tests.G1.G1CompanyScopeTests.Every_company_table_carries_the_standard_company_scope_policy [FAIL]
[xUnit.net 00:00:09.02]       Assembly fixture type 'Erp.Gates.Tests.Infrastructure.GateFixture' threw in InitializeAsync
[xUnit.net 00:00:09.02]       ---- System.InvalidOperationException : Endpoint authorisation is incomplete:
[xUnit.net 00:00:09.02]       HTTP: DELETE /api/identity/me/preferences => ResetPreferences: declares no permission
[xUnit.net 00:00:09.02]       Stack Trace:
[xUnit.net 00:00:09.02]         
[xUnit.net 00:00:09.02]         ----- Inner Stack Trace -----
[xUnit.net 00:00:09.02]         /work/src/Kernel/Erp.Kernel/Hosting/ErpPlatform.cs(236,0): at Erp.Kernel.Hosting.ErpPlatform.ValidateEndpoints(WebApplication app)
[xUnit.net 00:00:09.02]         /work/src/Kernel/Erp.Kernel/Hosting/ErpPlatform.cs(202,0): at Erp.Kernel.Hosting.ErpPlatform.UseErpPlatform(WebApplication app)
[xUnit.net 00:00:09.02]         /work/src/Host/Erp.Host/Program.cs(8,0): at Program.<Main>$(String[] args)
[xUnit.net 00:00:09.02]            at Program.<Main>(String[] args)
[xUnit.net 00:00:09.02]            at System.Reflection.MethodBaseInvoker.InterpretedInvoke_Method(Object obj, IntPtr* args)
[xUnit.net 00:00:09.02]            at System.Reflection.MethodBaseInvoker.InvokeDirectByRefWithFewArgs(Object obj, Span`1 copyOfArgs, BindingFlags invokeAttr)
[xUnit.net 00:00:09.02]         --- End of stack trace from previous location ---
[xUnit.net 00:00:09.02]            at Microsoft.AspNetCore.Mvc.Testing.DeferredHostBuilder.DeferredHost.StartAsync(CancellationToken cancellationToken)
[xUnit.net 00:00:09.02]            at Microsoft.Extensions.Hosting.HostingAbstractionsHostExtensions.Start(IHost host)
[xUnit.net 00:00:09.02]            at Microsoft.AspNetCore.Mvc.Testing.WebApplicationFactory`1.CreateHost(IHostBuilder builder)
[xUnit.net 00:00:09.02]            at Microsoft.AspNetCore.Mvc.Testing.WebApplicationFactory`1.ConfigureHostBuilder(IHostBuilder hostBuilder)
[xUnit.net 00:00:09.02]            at Microsoft.AspNetCore.Mvc.Testing.WebApplicationFactory`1.StartServer()
[xUnit.net 00:00:09.02]            at Microsoft.AspNetCore.Mvc.Testing.WebApplicationFactory`1.get_Services()
[xUnit.net 00:00:09.02]         /work/tests/Erp.Testing/ErpTestEnvironment.cs(128,0): at Erp.Testing.ErpTestEnvironment.SeedAsync(TestDatabaseServer server, String database, SeedPlan plan, IDictionary`2 settings)
[xUnit.net 00:00:09.02]         /work/tests/Erp.Testing/ErpTestEnvironment.cs(138,0): at Erp.Testing.ErpTestEnvironment.SeedAsync(TestDatabaseServer server, String database, SeedPlan plan, IDictionary`2 settings)
[xUnit.net 00:00:09.02]         /work/tests/Erp.Testing/ErpTestEnvironment.cs(90,0): at Erp.Testing.ErpTestEnvironment.<>c__DisplayClass34_0.<<StartGateAsync>b__0>d.MoveNext()
[xUnit.net 00:00:09.02]         --- End of stack trace from previous location ---
[xUnit.net 00:00:09.02]         /work/tests/Erp.Testing/TestDatabaseServer.cs(156,0): at Erp.Testing.TestDatabaseServer.<>c__DisplayClass25_0.<<GateTemplateAsync>b__3>d.MoveNext()
[xUnit.net 00:00:09.02]         --- End of stack trace from previous location ---
[xUnit.net 00:00:09.02]         /work/tests/Erp.Testing/TestDatabaseServer.cs(161,0): at Erp.Testing.TestDatabaseServer.GateTemplateAsync(IDictionary`2 settings, Func`2 seed)
[xUnit.net 00:00:09.02]         /work/tests/Erp.Testing/ErpTestEnvironment.cs(87,0): at Erp.Testing.ErpTestEnvironment.StartGateAsync(IDictionary`2 settings)
[xUnit.net 00:00:09.02]         /work/tests/Erp.Gates.Tests/Infrastructure/GateFixture.cs(17,0): at Erp.Gates.Tests.Infrastructure.GateFixture.InitializeAsync()
[xUnit.net 00:00:09.02]     Erp.Gates.Tests.G1.G1CredentialTests.The_function_owner_writes_only_where_reviewed [FAIL]
[xUnit.net 00:00:09.03]       Assembly fixture type 'Erp.Gates.Tests.Infrastructure.GateFixture' threw in InitializeAsync
[xUnit.net 00:00:09.03]       ---- System.InvalidOperationException : Endpoint authorisation is incomplete:
[xUnit.net 00:00:09.03]       HTTP: DELETE /api/identity/me/preferences => ResetPreferences: declares no permission
[xUnit.net 00:00:09.03]       Stack Trace:
[xUnit.net 00:00:09.03]         
[xUnit.net 00:00:09.03]         ----- Inner Stack Trace -----
[xUnit.net 00:00:09.03]         /work/src/Kernel/Erp.Kernel/Hosting/ErpPlatform.cs(236,0): at Erp.Kernel.Hosting.ErpPlatform.ValidateEndpoints(WebApplication app)
[xUnit.net 00:00:09.03]         /work/src/Kernel/Erp.Kernel/Hosting/ErpPlatform.cs(202,0): at Erp.Kernel.Hosting.ErpPlatform.UseErpPlatform(WebApplication app)
[xUnit.net 00:00:09.03]         /work/src/Host/Erp.Host/Program.cs(8,0): at Program.<Main>$(String[] args)
[xUnit.net 00:00:09.03]            at Program.<Main>(String[] args)
[xUnit.net 00:00:09.03]            at System.Reflection.MethodBaseInvoker.InterpretedInvoke_Method(Object obj, IntPtr* args)
[xUnit.net 00:00:09.03]            at System.Reflection.MethodBaseInvoker.InvokeDirectByRefWithFewArgs(Object obj, Span`1 copyOfArgs, BindingFlags invokeAttr)
[xUnit.net 00:00:09.03]         --- End of stack trace from previous location ---
[xUnit.net 00:00:09.03]            at Microsoft.AspNetCore.Mvc.Testing.DeferredHostBuilder.DeferredHost.StartAsync(CancellationToken cancellationToken)
[xUnit.net 00:00:09.03]            at Microsoft.Extensions.Hosting.HostingAbstractionsHostExtensions.Start(IHost host)
[xUnit.net 00:00:09.03]            at Microsoft.AspNetCore.Mvc.Testing.WebApplicationFactory`1.CreateHost(IHostBuilder builder)
[xUnit.net 00:00:09.03]            at Microsoft.AspNetCore.Mvc.Testing.WebApplicationFactory`1.ConfigureHostBuilder(IHostBuilder hostBuilder)
[xUnit.net 00:00:09.03]            at Microsoft.AspNetCore.Mvc.Testing.WebApplicationFactory`1.StartServer()
[xUnit.net 00:00:09.03]            at Microsoft.AspNetCore.Mvc.Testing.WebApplicationFactory`1.get_Services()
[xUnit.net 00:00:09.03]         /work/tests/Erp.Testing/ErpTestEnvironment.cs(128,0): at Erp.Testing.ErpTestEnvironment.SeedAsync(TestDatabaseServer server, String database, SeedPlan plan, IDictionary`2 settings)
[xUnit.net 00:00:09.03]         /work/tests/Erp.Testing/ErpTestEnvironment.cs(138,0): at Erp.Testing.ErpTestEnvironment.SeedAsync(TestDatabaseServer server, String database, SeedPlan plan, IDictionary`2 settings)
[xUnit.net 00:00:09.03]         /work/tests/Erp.Testing/ErpTestEnvironment.cs(90,0): at Erp.Testing.ErpTestEnvironment.<>c__DisplayClass34_0.<<StartGateAsync>b__0>d.MoveNext()
[xUnit.net 00:00:09.03]         --- End of stack trace from previous location ---
[xUnit.net 00:00:09.03]         /work/tests/Erp.Testing/TestDatabaseServer.cs(156,0): at Erp.Testing.TestDatabaseServer.<>c__DisplayClass25_0.<<GateTemplateAsync>b__3>d.MoveNext()
[xUnit.net 00:00:09.03]         --- End of stack trace from previous location ---
[xUnit.net 00:00:09.03]         /work/tests/Erp.Testing/TestDatabaseServer.cs(161,0): at Erp.Testing.TestDatabaseServer.GateTemplateAsync(IDictionary`2 settings, Func`2 seed)
[xUnit.net 00:00:09.03]         /work/tests/Erp.Testing/ErpTestEnvironment.cs(87,0): at Erp.Testing.ErpTestEnvironment.StartGateAsync(IDictionary`2 settings)
[xUnit.net 00:00:09.03]         /work/tests/Erp.Gates.Tests/Infrastructure/GateFixture.cs(17,0): at Erp.Gates.Tests.Infrastructure.GateFixture.InitializeAsync()
  Failed Erp.Gates.Tests.G2.G2PermissionTests.No_endpoint_that_changes_data_is_guarded_by_a_read_permission [1 ms]
  Error Message:
   Assembly fixture type 'Erp.Gates.Tests.Infrastructure.GateFixture' threw in InitializeAsync
---- System.InvalidOperationException : Endpoint authorisation is incomplete:
HTTP: DELETE /api/identity/me/preferences => ResetPreferences: declares no permission
  Stack Trace:
  
----- Inner Stack Trace -----
   at Erp.Kernel.Hosting.ErpPlatform.ValidateEndpoints(WebApplication app) in /work/src/Kernel/Erp.Kernel/Hosting/ErpPlatform.cs:line 236
   at Erp.Kernel.Hosting.ErpPlatform.UseErpPlatform(WebApplication app) in /work/src/Kernel/Erp.Kernel/Hosting/ErpPlatform.cs:line 202
   at Program.<Main>$(String[] args) in /work/src/Host/Erp.Host/Program.cs:line 8
   at Program.<Main>(String[] args)
   at System.Reflection.MethodBaseInvoker.InterpretedInvoke_Method(Object obj, IntPtr* args)
   at System.Reflection.MethodBaseInvoker.InvokeDirectByRefWithFewArgs(Object obj, Span`1 copyOfArgs, BindingFlags invokeAttr)
--- End of stack trace from previous location ---
   at Microsoft.AspNetCore.Mvc.Testing.DeferredHostBuilder.DeferredHost.StartAsync(CancellationToken cancellationToken)
   at Microsoft.Extensions.Hosting.HostingAbstractionsHostExtensions.Start(IHost host)
   at Microsoft.AspNetCore.Mvc.Testing.WebApplicationFactory`1.CreateHost(IHostBuilder builder)
   at Microsoft.AspNetCore.Mvc.Testing.WebApplicationFactory`1.ConfigureHostBuilder(IHostBuilder hostBuilder)
   at Microsoft.AspNetCore.Mvc.Testing.WebApplicationFactory`1.StartServer()
   at Microsoft.AspNetCore.Mvc.Testing.WebApplicationFactory`1.get_Services()
   at Erp.Testing.ErpTestEnvironment.SeedAsync(TestDatabaseServer server, String database, SeedPlan plan, IDictionary`2 settings) in /work/tests/Erp.Testing/ErpTestEnvironment.cs:line 128
   at Erp.Testing.ErpTestEnvironment.SeedAsync(TestDatabaseServer server, String database, SeedPlan plan, IDictionary`2 settings) in /work/tests/Erp.Testing/ErpTestEnvironment.cs:line 138
   at Erp.Testing.ErpTestEnvironment.<>c__DisplayClass34_0.<<StartGateAsync>b__0>d.MoveNext() in /work/tests/Erp.Testing/ErpTestEnvironment.cs:line 90
--- End of stack trace from previous location ---
   at Erp.Testing.TestDatabaseServer.<>c__DisplayClass25_0.<<GateTemplateAsync>b__3>d.MoveNext() in /work/tests/Erp.Testing/TestDatabaseServer.cs:line 156
--- End of stack trace from previous location ---
   at Erp.Testing.TestDatabaseServer.GateTemplateAsync(IDictionary`2 settings, Func`2 seed) in /work/tests/Erp.Testing/TestDatabaseServer.cs:line 161
   at Erp.Testing.ErpTestEnvironment.StartGateAsync(IDictionary`2 settings) in /work/tests/Erp.Testing/ErpTestEnvironment.cs:line 87
   at Erp.Gates.Tests.Infrastructure.GateFixture.InitializeAsync() in /work/tests/Erp.Gates.Tests/Infrastructure/GateFixture.cs:line 17
  Failed Erp.Gates.Tests.G2.G2PermissionTests.The_declaration_check_catches_AllowAnonymous_stacked_on_a_permission [1 ms]
  Error Message:
   Assembly fixture type 'Erp.Gates.Tests.Infrastructure.GateFixture' threw in InitializeAsync
---- System.InvalidOperationException : Endpoint authorisation is incomplete:
HTTP: DELETE /api/identity/me/preferences => ResetPreferences: declares no permission
  Stack Trace:
  
----- Inner Stack Trace -----
   at Erp.Kernel.Hosting.ErpPlatform.ValidateEndpoints(WebApplication app) in /work/src/Kernel/Erp.Kernel/Hosting/ErpPlatform.cs:line 236
   at Erp.Kernel.Hosting.ErpPlatform.UseErpPlatform(WebApplication app) in /work/src/Kernel/Erp.Kernel/Hosting/ErpPlatform.cs:line 202
   at Program.<Main>$(String[] args) in /work/src/Host/Erp.Host/Program.cs:line 8
   at Program.<Main>(String[] args)
   at System.Reflection.MethodBaseInvoker.InterpretedInvoke_Method(Object obj, IntPtr* args)
   at System.Reflection.MethodBaseInvoker.InvokeDirectByRefWithFewArgs(Object obj, Span`1 copyOfArgs, BindingFlags invokeAttr)
--- End of stack trace from previous location ---
   at Microsoft.AspNetCore.Mvc.Testing.DeferredHostBuilder.DeferredHost.StartAsync(CancellationToken cancellationToken)
   at Microsoft.Extensions.Hosting.HostingAbstractionsHostExtensions.Start(IHost host)
   at Microsoft.AspNetCore.Mvc.Testing.WebApplicationFactory`1.CreateHost(IHostBuilder builder)
   at Microsoft.AspNetCore.Mvc.Testing.WebApplicationFactory`1.ConfigureHostBuilder(IHostBuilder hostBuilder)
   at Microsoft.AspNetCore.Mvc.Testing.WebApplicationFactory`1.StartServer()
   at Microsoft.AspNetCore.Mvc.Testing.WebApplicationFactory`1.get_Services()
   at Erp.Testing.ErpTestEnvironment.SeedAsync(TestDatabaseServer server, String database, SeedPlan plan, IDictionary`2 settings) in /work/tests/Erp.Testing/ErpTestEnvironment.cs:line 128
   at Erp.Testing.ErpTestEnvironment.SeedAsync(TestDatabaseServer server, String database, SeedPlan plan, IDictionary`2 settings) in /work/tests/Erp.Testing/ErpTestEnvironment.cs:line 138
   at Erp.Testing.ErpTestEnvironment.<>c__DisplayClass34_0.<<StartGateAsync>b__0>d.MoveNext() in /work/tests/Erp.Testing/ErpTestEnvironment.cs:line 90
--- End of stack trace from previous location ---
   at Erp.Testing.TestDatabaseServer.<>c__DisplayClass25_0.<<GateTemplateAsync>b__3>d.MoveNext() in /work/tests/Erp.Testing/TestDatabaseServer.cs:line 156
--- End of stack trace from previous location ---
   at Erp.Testing.TestDatabaseServer.GateTemplateAsync(IDictionary`2 settings, Func`2 seed) in /work/tests/Erp.Testing/TestDatabaseServer.cs:line 161
   at Erp.Testing.ErpTestEnvironment.StartGateAsync(IDictionary`2 settings) in /work/tests/Erp.Testing/ErpTestEnvironment.cs:line 87
   at Erp.Gates.Tests.Infrastructure.GateFixture.InitializeAsync() in /work/tests/Erp.Gates.Tests/Infrastructure/GateFixture.cs:line 17
  Failed Erp.Gates.Tests.G2.G2PermissionTests.The_reviewed_permission_map_catches_a_weaker_permission_an_unreviewed_endpoint_and_a_stale_line [1 ms]
  Error Message:
   Assembly fixture type 'Erp.Gates.Tests.Infrastructure.GateFixture' threw in InitializeAsync
---- System.InvalidOperationException : Endpoint authorisation is incomplete:
HTTP: DELETE /api/identity/me/preferences => ResetPreferences: declares no permission
  Stack Trace:
  
----- Inner Stack Trace -----
   at Erp.Kernel.Hosting.ErpPlatform.ValidateEndpoints(WebApplication app) in /work/src/Kernel/Erp.Kernel/Hosting/ErpPlatform.cs:line 236
   at Erp.Kernel.Hosting.ErpPlatform.UseErpPlatform(WebApplication app) in /work/src/Kernel/Erp.Kernel/Hosting/ErpPlatform.cs:line 202
   at Program.<Main>$(String[] args) in /work/src/Host/Erp.Host/Program.cs:line 8
   at Program.<Main>(String[] args)
   at System.Reflection.MethodBaseInvoker.InterpretedInvoke_Method(Object obj, IntPtr* args)
   at System.Reflection.MethodBaseInvoker.InvokeDirectByRefWithFewArgs(Object obj, Span`1 copyOfArgs, BindingFlags invokeAttr)
--- End of stack trace from previous location ---
   at Microsoft.AspNetCore.Mvc.Testing.DeferredHostBuilder.DeferredHost.StartAsync(CancellationToken cancellationToken)
   at Microsoft.Extensions.Hosting.HostingAbstractionsHostExtensions.Start(IHost host)
   at Microsoft.AspNetCore.Mvc.Testing.WebApplicationFactory`1.CreateHost(IHostBuilder builder)
   at Microsoft.AspNetCore.Mvc.Testing.WebApplicationFactory`1.ConfigureHostBuilder(IHostBuilder hostBuilder)
   at Microsoft.AspNetCore.Mvc.Testing.WebApplicationFactory`1.StartServer()
   at Microsoft.AspNetCore.Mvc.Testing.WebApplicationFactory`1.get_Services()
   at Erp.Testing.ErpTestEnvironment.SeedAsync(TestDatabaseServer server, String database, SeedPlan plan, IDictionary`2 settings) in /work/tests/Erp.Testing/ErpTestEnvironment.cs:line 128
   at Erp.Testing.ErpTestEnvironment.SeedAsync(TestDatabaseServer server, String database, SeedPlan plan, IDictionary`2 settings) in /work/tests/Erp.Testing/ErpTestEnvironment.cs:line 138
   at Erp.Testing.ErpTestEnvironment.<>c__DisplayClass34_0.<<StartGateAsync>b__0>d.MoveNext() in /work/tests/Erp.Testing/ErpTestEnvironment.cs:line 90
--- End of stack trace from previous location ---
   at Erp.Testing.TestDatabaseServer.<>c__DisplayClass25_0.<<GateTemplateAsync>b__3>d.MoveNext() in /work/tests/Erp.Testing/TestDatabaseServer.cs:line 156
--- End of stack trace from previous location ---
   at Erp.Testing.TestDatabaseServer.GateTemplateAsync(IDictionary`2 settings, Func`2 seed) in /work/tests/Erp.Testing/TestDatabaseServer.cs:line 161
   at Erp.Testing.ErpTestEnvironment.StartGateAsync(IDictionary`2 settings) in /work/tests/Erp.Testing/ErpTestEnvironment.cs:line 87
   at Erp.Gates.Tests.Infrastructure.GateFixture.InitializeAsync() in /work/tests/Erp.Gates.Tests/Infrastructure/GateFixture.cs:line 17
  Failed Erp.Gates.Tests.G2.G2PermissionTests.Every_module_route_is_under_a_reviewed_map_or_derives_its_permission_from_its_list [1 ms]
  Error Message:
   Assembly fixture type 'Erp.Gates.Tests.Infrastructure.GateFixture' threw in InitializeAsync
---- System.InvalidOperationException : Endpoint authorisation is incomplete:
HTTP: DELETE /api/identity/me/preferences => ResetPreferences: declares no permission
  Stack Trace:
  
----- Inner Stack Trace -----
   at Erp.Kernel.Hosting.ErpPlatform.ValidateEndpoints(WebApplication app) in /work/src/Kernel/Erp.Kernel/Hosting/ErpPlatform.cs:line 236
   at Erp.Kernel.Hosting.ErpPlatform.UseErpPlatform(WebApplication app) in /work/src/Kernel/Erp.Kernel/Hosting/ErpPlatform.cs:line 202
   at Program.<Main>$(String[] args) in /work/src/Host/Erp.Host/Program.cs:line 8
   at Program.<Main>(String[] args)
   at System.Reflection.MethodBaseInvoker.InterpretedInvoke_Method(Object obj, IntPtr* args)
   at System.Reflection.MethodBaseInvoker.InvokeDirectByRefWithFewArgs(Object obj, Span`1 copyOfArgs, BindingFlags invokeAttr)
--- End of stack trace from previous location ---
   at Microsoft.AspNetCore.Mvc.Testing.DeferredHostBuilder.DeferredHost.StartAsync(CancellationToken cancellationToken)
   at Microsoft.Extensions.Hosting.HostingAbstractionsHostExtensions.Start(IHost host)
   at Microsoft.AspNetCore.Mvc.Testing.WebApplicationFactory`1.CreateHost(IHostBuilder builder)
   at Microsoft.AspNetCore.Mvc.Testing.WebApplicationFactory`1.ConfigureHostBuilder(IHostBuilder hostBuilder)
   at Microsoft.AspNetCore.Mvc.Testing.WebApplicationFactory`1.StartServer()
   at Microsoft.AspNetCore.Mvc.Testing.WebApplicationFactory`1.get_Services()
   at Erp.Testing.ErpTestEnvironment.SeedAsync(TestDatabaseServer server, String database, SeedPlan plan, IDictionary`2 settings) in /work/tests/Erp.Testing/ErpTestEnvironment.cs:line 128
   at Erp.Testing.ErpTestEnvironment.SeedAsync(TestDatabaseServer server, String database, SeedPlan plan, IDictionary`2 settings) in /work/tests/Erp.Testing/ErpTestEnvironment.cs:line 138
   at Erp.Testing.ErpTestEnvironment.<>c__DisplayClass34_0.<<StartGateAsync>b__0>d.MoveNext() in /work/tests/Erp.Testing/ErpTestEnvironment.cs:line 90
--- End of stack trace from previous location ---
   at Erp.Testing.TestDatabaseServer.<>c__DisplayClass25_0.<<GateTemplateAsync>b__3>d.MoveNext() in /work/tests/Erp.Testing/TestDatabaseServer.cs:line 156
--- End of stack trace from previous location ---
   at Erp.Testing.TestDatabaseServer.GateTemplateAsync(IDictionary`2 settings, Func`2 seed) in /work/tests/Erp.Testing/TestDatabaseServer.cs:line 161
   at Erp.Testing.ErpTestEnvironment.StartGateAsync(IDictionary`2 settings) in /work/tests/Erp.Testing/ErpTestEnvironment.cs:line 87
   at Erp.Gates.Tests.Infrastructure.GateFixture.InitializeAsync() in /work/tests/Erp.Gates.Tests/Infrastructure/GateFixture.cs:line 17
  Failed Erp.Gates.Tests.G2.G2PermissionTests.Every_endpoint_under_a_reviewed_prefix_declares_exactly_its_reviewed_permission [1 ms]
  Error Message:
   Assembly fixture type 'Erp.Gates.Tests.Infrastructure.GateFixture' threw in InitializeAsync
---- System.InvalidOperationException : Endpoint authorisation is incomplete:
HTTP: DELETE /api/identity/me/preferences => ResetPreferences: declares no permission
  Stack Trace:
  
----- Inner Stack Trace -----
   at Erp.Kernel.Hosting.ErpPlatform.ValidateEndpoints(WebApplication app) in /work/src/Kernel/Erp.Kernel/Hosting/ErpPlatform.cs:line 236
   at Erp.Kernel.Hosting.ErpPlatform.UseErpPlatform(WebApplication app) in /work/src/Kernel/Erp.Kernel/Hosting/ErpPlatform.cs:line 202
   at Program.<Main>$(String[] args) in /work/src/Host/Erp.Host/Program.cs:line 8
   at Program.<Main>(String[] args)
   at System.Reflection.MethodBaseInvoker.InterpretedInvoke_Method(Object obj, IntPtr* args)
   at System.Reflection.MethodBaseInvoker.InvokeDirectByRefWithFewArgs(Object obj, Span`1 copyOfArgs, BindingFlags invokeAttr)
--- End of stack trace from previous location ---
   at Microsoft.AspNetCore.Mvc.Testing.DeferredHostBuilder.DeferredHost.StartAsync(CancellationToken cancellationToken)
   at Microsoft.Extensions.Hosting.HostingAbstractionsHostExtensions.Start(IHost host)
   at Microsoft.AspNetCore.Mvc.Testing.WebApplicationFactory`1.CreateHost(IHostBuilder builder)
   at Microsoft.AspNetCore.Mvc.Testing.WebApplicationFactory`1.ConfigureHostBuilder(IHostBuilder hostBuilder)
   at Microsoft.AspNetCore.Mvc.Testing.WebApplicationFactory`1.StartServer()
   at Microsoft.AspNetCore.Mvc.Testing.WebApplicationFactory`1.get_Services()
   at Erp.Testing.ErpTestEnvironment.SeedAsync(TestDatabaseServer server, String database, SeedPlan plan, IDictionary`2 settings) in /work/tests/Erp.Testing/ErpTestEnvironment.cs:line 128
   at Erp.Testing.ErpTestEnvironment.SeedAsync(TestDatabaseServer server, String database, SeedPlan plan, IDictionary`2 settings) in /work/tests/Erp.Testing/ErpTestEnvironment.cs:line 138
   at Erp.Testing.ErpTestEnvironment.<>c__DisplayClass34_0.<<StartGateAsync>b__0>d.MoveNext() in /work/tests/Erp.Testing/ErpTestEnvironment.cs:line 90
--- End of stack trace from previous location ---
   at Erp.Testing.TestDatabaseServer.<>c__DisplayClass25_0.<<GateTemplateAsync>b__3>d.MoveNext() in /work/tests/Erp.Testing/TestDatabaseServer.cs:line 156
--- End of stack trace from previous location ---
   at Erp.Testing.TestDatabaseServer.GateTemplateAsync(IDictionary`2 settings, Func`2 seed) in /work/tests/Erp.Testing/TestDatabaseServer.cs:line 161
   at Erp.Testing.ErpTestEnvironment.StartGateAsync(IDictionary`2 settings) in /work/tests/Erp.Testing/ErpTestEnvironment.cs:line 87
   at Erp.Gates.Tests.Infrastructure.GateFixture.InitializeAsync() in /work/tests/Erp.Gates.Tests/Infrastructure/GateFixture.cs:line 17
  Failed Erp.Gates.Tests.G2.G2PermissionTests.Every_endpoint_declares_exactly_one_permission_or_is_reviewed_anonymous [1 ms]
  Error Message:
   Assembly fixture type 'Erp.Gates.Tests.Infrastructure.GateFixture' threw in InitializeAsync
---- System.InvalidOperationException : Endpoint authorisation is incomplete:
HTTP: DELETE /api/identity/me/preferences => ResetPreferences: declares no permission
  Stack Trace:
  
----- Inner Stack Trace -----
   at Erp.Kernel.Hosting.ErpPlatform.ValidateEndpoints(WebApplication app) in /work/src/Kernel/Erp.Kernel/Hosting/ErpPlatform.cs:line 236
   at Erp.Kernel.Hosting.ErpPlatform.UseErpPlatform(WebApplication app) in /work/src/Kernel/Erp.Kernel/Hosting/ErpPlatform.cs:line 202
   at Program.<Main>$(String[] args) in /work/src/Host/Erp.Host/Program.cs:line 8
   at Program.<Main>(String[] args)
   at System.Reflection.MethodBaseInvoker.InterpretedInvoke_Method(Object obj, IntPtr* args)
   at System.Reflection.MethodBaseInvoker.InvokeDirectByRefWithFewArgs(Object obj, Span`1 copyOfArgs, BindingFlags invokeAttr)
--- End of stack trace from previous location ---
   at Microsoft.AspNetCore.Mvc.Testing.DeferredHostBuilder.DeferredHost.StartAsync(CancellationToken cancellationToken)
   at Microsoft.Extensions.Hosting.HostingAbstractionsHostExtensions.Start(IHost host)
   at Microsoft.AspNetCore.Mvc.Testing.WebApplicationFactory`1.CreateHost(IHostBuilder builder)
   at Microsoft.AspNetCore.Mvc.Testing.WebApplicationFactory`1.ConfigureHostBuilder(IHostBuilder hostBuilder)
   at Microsoft.AspNetCore.Mvc.Testing.WebApplicationFactory`1.StartServer()
   at Microsoft.AspNetCore.Mvc.Testing.WebApplicationFactory`1.get_Services()
   at Erp.Testing.ErpTestEnvironment.SeedAsync(TestDatabaseServer server, String database, SeedPlan plan, IDictionary`2 settings) in /work/tests/Erp.Testing/ErpTestEnvironment.cs:line 128
   at Erp.Testing.ErpTestEnvironment.SeedAsync(TestDatabaseServer server, String database, SeedPlan plan, IDictionary`2 settings) in /work/tests/Erp.Testing/ErpTestEnvironment.cs:line 138
   at Erp.Testing.ErpTestEnvironment.<>c__DisplayClass34_0.<<StartGateAsync>b__0>d.MoveNext() in /work/tests/Erp.Testing/ErpTestEnvironment.cs:line 90
--- End of stack trace from previous location ---
   at Erp.Testing.TestDatabaseServer.<>c__DisplayClass25_0.<<GateTemplateAsync>b__3>d.MoveNext() in /work/tests/Erp.Testing/TestDatabaseServer.cs:line 156
--- End of stack trace from previous location ---
   at Erp.Testing.TestDatabaseServer.GateTemplateAsync(IDictionary`2 settings, Func`2 seed) in /work/tests/Erp.Testing/TestDatabaseServer.cs:line 161
   at Erp.Testing.ErpTestEnvironment.StartGateAsync(IDictionary`2 settings) in /work/tests/Erp.Testing/ErpTestEnvironment.cs:line 87
   at Erp.Gates.Tests.Infrastructure.GateFixture.InitializeAsync() in /work/tests/Erp.Gates.Tests/Infrastructure/GateFixture.cs:line 17
  Failed Erp.Gates.Tests.G1.G1CompanyScopeTests.The_application_role_sees_and_changes_only_the_bound_companies_in_every_company_table [1 ms]
  Error Message:
   Assembly fixture type 'Erp.Gates.Tests.Infrastructure.GateFixture' threw in InitializeAsync
---- System.InvalidOperationException : Endpoint authorisation is incomplete:
HTTP: DELETE /api/identity/me/preferences => ResetPreferences: declares no permission
  Stack Trace:
  
----- Inner Stack Trace -----
   at Erp.Kernel.Hosting.ErpPlatform.ValidateEndpoints(WebApplication app) in /work/src/Kernel/Erp.Kernel/Hosting/ErpPlatform.cs:line 236
   at Erp.Kernel.Hosting.ErpPlatform.UseErpPlatform(WebApplication app) in /work/src/Kernel/Erp.Kernel/Hosting/ErpPlatform.cs:line 202
   at Program.<Main>$(String[] args) in /work/src/Host/Erp.Host/Program.cs:line 8
   at Program.<Main>(String[] args)
   at System.Reflection.MethodBaseInvoker.InterpretedInvoke_Method(Object obj, IntPtr* args)
   at System.Reflection.MethodBaseInvoker.InvokeDirectByRefWithFewArgs(Object obj, Span`1 copyOfArgs, BindingFlags invokeAttr)
--- End of stack trace from previous location ---
   at Microsoft.AspNetCore.Mvc.Testing.DeferredHostBuilder.DeferredHost.StartAsync(CancellationToken cancellationToken)
   at Microsoft.Extensions.Hosting.HostingAbstractionsHostExtensions.Start(IHost host)
   at Microsoft.AspNetCore.Mvc.Testing.WebApplicationFactory`1.CreateHost(IHostBuilder builder)
   at Microsoft.AspNetCore.Mvc.Testing.WebApplicationFactory`1.ConfigureHostBuilder(IHostBuilder hostBuilder)
   at Microsoft.AspNetCore.Mvc.Testing.WebApplicationFactory`1.StartServer()
   at Microsoft.AspNetCore.Mvc.Testing.WebApplicationFactory`1.get_Services()
   at Erp.Testing.ErpTestEnvironment.SeedAsync(TestDatabaseServer server, String database, SeedPlan plan, IDictionary`2 settings) in /work/tests/Erp.Testing/ErpTestEnvironment.cs:line 128
   at Erp.Testing.ErpTestEnvironment.SeedAsync(TestDatabaseServer server, String database, SeedPlan plan, IDictionary`2 settings) in /work/tests/Erp.Testing/ErpTestEnvironment.cs:line 138
   at Erp.Testing.ErpTestEnvironment.<>c__DisplayClass34_0.<<StartGateAsync>b__0>d.MoveNext() in /work/tests/Erp.Testing/ErpTestEnvironment.cs:line 90
--- End of stack trace from previous location ---
   at Erp.Testing.TestDatabaseServer.<>c__DisplayClass25_0.<<GateTemplateAsync>b__3>d.MoveNext() in /work/tests/Erp.Testing/TestDatabaseServer.cs:line 156
--- End of stack trace from previous location ---
   at Erp.Testing.TestDatabaseServer.GateTemplateAsync(IDictionary`2 settings, Func`2 seed) in /work/tests/Erp.Testing/TestDatabaseServer.cs:line 161
   at Erp.Testing.ErpTestEnvironment.StartGateAsync(IDictionary`2 settings) in /work/tests/Erp.Testing/ErpTestEnvironment.cs:line 87
   at Erp.Gates.Tests.Infrastructure.GateFixture.InitializeAsync() in /work/tests/Erp.Gates.Tests/Infrastructure/GateFixture.cs:line 17
  Failed Erp.Gates.Tests.G1.G1CompanyScopeTests.Every_company_table_carries_the_standard_company_scope_policy [1 ms]
  Error Message:
   Assembly fixture type 'Erp.Gates.Tests.Infrastructure.GateFixture' threw in InitializeAsync
---- System.InvalidOperationException : Endpoint authorisation is incomplete:
HTTP: DELETE /api/identity/me/preferences => ResetPreferences: declares no permission
  Stack Trace:
  
----- Inner Stack Trace -----
   at Erp.Kernel.Hosting.ErpPlatform.ValidateEndpoints(WebApplication app) in /work/src/Kernel/Erp.Kernel/Hosting/ErpPlatform.cs:line 236
   at Erp.Kernel.Hosting.ErpPlatform.UseErpPlatform(WebApplication app) in /work/src/Kernel/Erp.Kernel/Hosting/ErpPlatform.cs:line 202
   at Program.<Main>$(String[] args) in /work/src/Host/Erp.Host/Program.cs:line 8
   at Program.<Main>(String[] args)
   at System.Reflection.MethodBaseInvoker.InterpretedInvoke_Method(Object obj, IntPtr* args)
   at System.Reflection.MethodBaseInvoker.InvokeDirectByRefWithFewArgs(Object obj, Span`1 copyOfArgs, BindingFlags invokeAttr)
--- End of stack trace from previous location ---
   at Microsoft.AspNetCore.Mvc.Testing.DeferredHostBuilder.DeferredHost.StartAsync(CancellationToken cancellationToken)
   at Microsoft.Extensions.Hosting.HostingAbstractionsHostExtensions.Start(IHost host)
   at Microsoft.AspNetCore.Mvc.Testing.WebApplicationFactory`1.CreateHost(IHostBuilder builder)
   at Microsoft.AspNetCore.Mvc.Testing.WebApplicationFactory`1.ConfigureHostBuilder(IHostBuilder hostBuilder)
   at Microsoft.AspNetCore.Mvc.Testing.WebApplicationFactory`1.StartServer()
   at Microsoft.AspNetCore.Mvc.Testing.WebApplicationFactory`1.get_Services()
   at Erp.Testing.ErpTestEnvironment.SeedAsync(TestDatabaseServer server, String database, SeedPlan plan, IDictionary`2 settings) in /work/tests/Erp.Testing/ErpTestEnvironment.cs:line 128
   at Erp.Testing.ErpTestEnvironment.SeedAsync(TestDatabaseServer server, String database, SeedPlan plan, IDictionary`2 settings) in /work/tests/Erp.Testing/ErpTestEnvironment.cs:line 138
   at Erp.Testing.ErpTestEnvironment.<>c__DisplayClass34_0.<<StartGateAsync>b__0>d.MoveNext() in /work/tests/Erp.Testing/ErpTestEnvironment.cs:line 90
--- End of stack trace from previous location ---
   at Erp.Testing.TestDatabaseServer.<>c__DisplayClass25_0.<<GateTemplateAsync>b__3>d.MoveNext() in /work/tests/Erp.Testing/TestDatabaseServer.cs:line 156
--- End of stack trace from previous location ---
   at Erp.Testing.TestDatabaseServer.GateTemplateAsync(IDictionary`2 settings, Func`2 seed) in /work/tests/Erp.Testing/TestDatabaseServer.cs:line 161
   at Erp.Testing.ErpTestEnvironment.StartGateAsync(IDictionary`2 settings) in /work/tests/Erp.Testing/ErpTestEnvironment.cs:line 87
   at Erp.Gates.Tests.Infrastructure.GateFixture.InitializeAsync() in /work/tests/Erp.Gates.Tests/Infrastructure/GateFixture.cs:line 17
  Failed Erp.Gates.Tests.G1.G1CredentialTests.The_function_owner_writes_only_where_reviewed [1 ms]
  Error Message:
   Assembly fixture type 'Erp.Gates.Tests.Infrastructure.GateFixture' threw in InitializeAsync
---- System.InvalidOperationException : Endpoint authorisation is incomplete:
HTTP: DELETE /api/identity/me/preferences => ResetPreferences: declares no permission
  Stack Trace:
  
----- Inner Stack Trace -----
   at Erp.Kernel.Hosting.ErpPlatform.ValidateEndpoints(WebApplication app) in /work/src/Kernel/Erp.Kernel/Hosting/ErpPlatform.cs:line 236
   at Erp.Kernel.Hosting.ErpPlatform.UseErpPlatform(WebApplication app) in /work/src/Kernel/Erp.Kernel/Hosting/ErpPlatform.cs:line 202
   at Program.<Main>$(String[] args) in /work/src/Host/Erp.Host/Program.cs:line 8
   at Program.<Main>(String[] args)
   at System.Reflection.MethodBaseInvoker.InterpretedInvoke_Method(Object obj, IntPtr* args)
   at System.Reflection.MethodBaseInvoker.InvokeDirectByRefWithFewArgs(Object obj, Span`1 copyOfArgs, BindingFlags invokeAttr)
--- End of stack trace from previous location ---
   at Microsoft.AspNetCore.Mvc.Testing.DeferredHostBuilder.DeferredHost.StartAsync(CancellationToken cancellationToken)
   at Microsoft.Extensions.Hosting.HostingAbstractionsHostExtensions.Start(IHost host)
   at Microsoft.AspNetCore.Mvc.Testing.WebApplicationFactory`1.CreateHost(IHostBuilder builder)
   at Microsoft.AspNetCore.Mvc.Testing.WebApplicationFactory`1.ConfigureHostBuilder(IHostBuilder hostBuilder)
   at Microsoft.AspNetCore.Mvc.Testing.WebApplicationFactory`1.StartServer()
   at Microsoft.AspNetCore.Mvc.Testing.WebApplicationFactory`1.get_Services()
   at Erp.Testing.ErpTestEnvironment.SeedAsync(TestDatabaseServer server, String database, SeedPlan plan, IDictionary`2 settings) in /work/tests/Erp.Testing/ErpTestEnvironment.cs:line 128
   at Erp.Testing.ErpTestEnvironment.SeedAsync(TestDatabaseServer server, String database, SeedPlan plan, IDictionary`2 settings) in /work/tests/Erp.Testing/ErpTestEnvironment.cs:line 138
   at Erp.Testing.ErpTestEnvironment.<>c__DisplayClass34_0.<<StartGateAsync>b__0>d.MoveNext() in /work/tests/Erp.Testing/ErpTestEnvironment.cs:line 90
--- End of stack trace from previous location ---
   at Erp.Testing.TestDatabaseServer.<>c__DisplayClass25_0.<<GateTemplateAsync>b__3>d.MoveNext() in /work/tests/Erp.Testing/TestDatabaseServer.cs:line 156
--- End of stack trace from previous location ---
   at Erp.Testing.TestDatabaseServer.GateTemplateAsync(IDictionary`2 settings, Func`2 seed) in /work/tests/Erp.Testing/TestDatabaseServer.cs:line 161
   at Erp.Testing.ErpTestEnvironment.StartGateAsync(IDictionary`2 settings) in /work/tests/Erp.Testing/ErpTestEnvironment.cs:line 87
   at Erp.Gates.Tests.Infrastructure.GateFixture.InitializeAsync() in /work/tests/Erp.Gates.Tests/Infrastructure/GateFixture.cs:line 17
[xUnit.net 00:00:09.03]     Erp.Gates.Tests.G1.G1CredentialTests.The_sign_in_lookup_reveals_no_hash_and_no_account_before_the_password_is_proven [FAIL]
[xUnit.net 00:00:09.03]       Assembly fixture type 'Erp.Gates.Tests.Infrastructure.GateFixture' threw in InitializeAsync
[xUnit.net 00:00:09.03]       ---- System.InvalidOperationException : Endpoint authorisation is incomplete:
[xUnit.net 00:00:09.03]       HTTP: DELETE /api/identity/me/preferences => ResetPreferences: declares no permission
[xUnit.net 00:00:09.03]       Stack Trace:
[xUnit.net 00:00:09.03]         
[xUnit.net 00:00:09.03]         ----- Inner Stack Trace -----
[xUnit.net 00:00:09.03]         /work/src/Kernel/Erp.Kernel/Hosting/ErpPlatform.cs(236,0): at Erp.Kernel.Hosting.ErpPlatform.ValidateEndpoints(WebApplication app)
[xUnit.net 00:00:09.03]         /work/src/Kernel/Erp.Kernel/Hosting/ErpPlatform.cs(202,0): at Erp.Kernel.Hosting.ErpPlatform.UseErpPlatform(WebApplication app)
[xUnit.net 00:00:09.03]         /work/src/Host/Erp.Host/Program.cs(8,0): at Program.<Main>$(String[] args)
[xUnit.net 00:00:09.03]            at Program.<Main>(String[] args)
[xUnit.net 00:00:09.03]            at System.Reflection.MethodBaseInvoker.InterpretedInvoke_Method(Object obj, IntPtr* args)
[xUnit.net 00:00:09.03]            at System.Reflection.MethodBaseInvoker.InvokeDirectByRefWithFewArgs(Object obj, Span`1 copyOfArgs, BindingFlags invokeAttr)
[xUnit.net 00:00:09.03]         --- End of stack trace from previous location ---
[xUnit.net 00:00:09.03]            at Microsoft.AspNetCore.Mvc.Testing.DeferredHostBuilder.DeferredHost.StartAsync(CancellationToken cancellationToken)
[xUnit.net 00:00:09.03]            at Microsoft.Extensions.Hosting.HostingAbstractionsHostExtensions.Start(IHost host)
[xUnit.net 00:00:09.03]            at Microsoft.AspNetCore.Mvc.Testing.WebApplicationFactory`1.CreateHost(IHostBuilder builder)
[xUnit.net 00:00:09.03]            at Microsoft.AspNetCore.Mvc.Testing.WebApplicationFactory`1.ConfigureHostBuilder(IHostBuilder hostBuilder)
[xUnit.net 00:00:09.03]            at Microsoft.AspNetCore.Mvc.Testing.WebApplicationFactory`1.StartServer()
[xUnit.net 00:00:09.03]            at Microsoft.AspNetCore.Mvc.Testing.WebApplicationFactory`1.get_Services()
[xUnit.net 00:00:09.03]         /work/tests/Erp.Testing/ErpTestEnvironment.cs(128,0): at Erp.Testing.ErpTestEnvironment.SeedAsync(TestDatabaseServer server, String database, SeedPlan plan, IDictionary`2 settings)
[xUnit.net 00:00:09.03]         /work/tests/Erp.Testing/ErpTestEnvironment.cs(138,0): at Erp.Testing.ErpTestEnvironment.SeedAsync(TestDatabaseServer server, String database, SeedPlan plan, IDictionary`2 settings)
[xUnit.net 00:00:09.03]         /work/tests/Erp.Testing/ErpTestEnvironment.cs(90,0): at Erp.Testing.ErpTestEnvironment.<>c__DisplayClass34_0.<<StartGateAsync>b__0>d.MoveNext()
[xUnit.net 00:00:09.03]         --- End of stack trace from previous location ---
[xUnit.net 00:00:09.03]         /work/tests/Erp.Testing/TestDatabaseServer.cs(156,0): at Erp.Testing.TestDatabaseServer.<>c__DisplayClass25_0.<<GateTemplateAsync>b__3>d.MoveNext()
[xUnit.net 00:00:09.03]         --- End of stack trace from previous location ---
[xUnit.net 00:00:09.03]         /work/tests/Erp.Testing/TestDatabaseServer.cs(161,0): at Erp.Testing.TestDatabaseServer.GateTemplateAsync(IDictionary`2 settings, Func`2 seed)
[xUnit.net 00:00:09.03]         /work/tests/Erp.Testing/ErpTestEnvironment.cs(87,0): at Erp.Testing.ErpTestEnvironment.StartGateAsync(IDictionary`2 settings)
[xUnit.net 00:00:09.03]         /work/tests/Erp.Gates.Tests/Infrastructure/GateFixture.cs(17,0): at Erp.Gates.Tests.Infrastructure.GateFixture.InitializeAsync()
[xUnit.net 00:00:09.03]     Erp.Gates.Tests.G1.G1CredentialTests.No_reviewed_function_returns_a_credential_column_or_a_whole_row [FAIL]
[xUnit.net 00:00:09.03]       Assembly fixture type 'Erp.Gates.Tests.Infrastructure.GateFixture' threw in InitializeAsync
[xUnit.net 00:00:09.03]       ---- System.InvalidOperationException : Endpoint authorisation is incomplete:
[xUnit.net 00:00:09.03]       HTTP: DELETE /api/identity/me/preferences => ResetPreferences: declares no permission
[xUnit.net 00:00:09.03]       Stack Trace:
[xUnit.net 00:00:09.03]         
[xUnit.net 00:00:09.03]         ----- Inner Stack Trace -----
[xUnit.net 00:00:09.03]         /work/src/Kernel/Erp.Kernel/Hosting/ErpPlatform.cs(236,0): at Erp.Kernel.Hosting.ErpPlatform.ValidateEndpoints(WebApplication app)
[xUnit.net 00:00:09.03]         /work/src/Kernel/Erp.Kernel/Hosting/ErpPlatform.cs(202,0): at Erp.Kernel.Hosting.ErpPlatform.UseErpPlatform(WebApplication app)
[xUnit.net 00:00:09.03]         /work/src/Host/Erp.Host/Program.cs(8,0): at Program.<Main>$(String[] args)
[xUnit.net 00:00:09.03]            at Program.<Main>(String[] args)
[xUnit.net 00:00:09.03]            at System.Reflection.MethodBaseInvoker.InterpretedInvoke_Method(Object obj, IntPtr* args)
[xUnit.net 00:00:09.03]            at System.Reflection.MethodBaseInvoker.InvokeDirectByRefWithFewArgs(Object obj, Span`1 copyOfArgs, BindingFlags invokeAttr)
[xUnit.net 00:00:09.03]         --- End of stack trace from previous location ---
[xUnit.net 00:00:09.03]            at Microsoft.AspNetCore.Mvc.Testing.DeferredHostBuilder.DeferredHost.StartAsync(CancellationToken cancellationToken)
[xUnit.net 00:00:09.03]            at Microsoft.Extensions.Hosting.HostingAbstractionsHostExtensions.Start(IHost host)
[xUnit.net 00:00:09.03]            at Microsoft.AspNetCore.Mvc.Testing.WebApplicationFactory`1.CreateHost(IHostBuilder builder)
[xUnit.net 00:00:09.03]            at Microsoft.AspNetCore.Mvc.Testing.WebApplicationFactory`1.ConfigureHostBuilder(IHostBuilder hostBuilder)
[xUnit.net 00:00:09.03]            at Microsoft.AspNetCore.Mvc.Testing.WebApplicationFactory`1.StartServer()
[xUnit.net 00:00:09.03]            at Microsoft.AspNetCore.Mvc.Testing.WebApplicationFactory`1.get_Services()
[xUnit.net 00:00:09.03]         /work/tests/Erp.Testing/ErpTestEnvironment.cs(128,0): at Erp.Testing.ErpTestEnvironment.SeedAsync(TestDatabaseServer server, String database, SeedPlan plan, IDictionary`2 settings)
[xUnit.net 00:00:09.03]         /work/tests/Erp.Testing/ErpTestEnvironment.cs(138,0): at Erp.Testing.ErpTestEnvironment.SeedAsync(TestDatabaseServer server, String database, SeedPlan plan, IDictionary`2 settings)
[xUnit.net 00:00:09.03]         /work/tests/Erp.Testing/ErpTestEnvironment.cs(90,0): at Erp.Testing.ErpTestEnvironment.<>c__DisplayClass34_0.<<StartGateAsync>b__0>d.MoveNext()
[xUnit.net 00:00:09.03]         --- End of stack trace from previous location ---
[xUnit.net 00:00:09.03]         /work/tests/Erp.Testing/TestDatabaseServer.cs(156,0): at Erp.Testing.TestDatabaseServer.<>c__DisplayClass25_0.<<GateTemplateAsync>b__3>d.MoveNext()
[xUnit.net 00:00:09.03]         --- End of stack trace from previous location ---
[xUnit.net 00:00:09.03]         /work/tests/Erp.Testing/TestDatabaseServer.cs(161,0): at Erp.Testing.TestDatabaseServer.GateTemplateAsync(IDictionary`2 settings, Func`2 seed)
[xUnit.net 00:00:09.03]         /work/tests/Erp.Testing/ErpTestEnvironment.cs(87,0): at Erp.Testing.ErpTestEnvironment.StartGateAsync(IDictionary`2 settings)
[xUnit.net 00:00:09.03]         /work/tests/Erp.Gates.Tests/Infrastructure/GateFixture.cs(17,0): at Erp.Gates.Tests.Infrastructure.GateFixture.InitializeAsync()
[xUnit.net 00:00:09.03]     Erp.Gates.Tests.G1.G1CredentialTests.The_application_role_can_read_no_stored_credential [FAIL]
[xUnit.net 00:00:09.03]       Assembly fixture type 'Erp.Gates.Tests.Infrastructure.GateFixture' threw in InitializeAsync
[xUnit.net 00:00:09.03]       ---- System.InvalidOperationException : Endpoint authorisation is incomplete:
[xUnit.net 00:00:09.03]       HTTP: DELETE /api/identity/me/preferences => ResetPreferences: declares no permission
[xUnit.net 00:00:09.03]       Stack Trace:
[xUnit.net 00:00:09.03]         
[xUnit.net 00:00:09.03]         ----- Inner Stack Trace -----
[xUnit.net 00:00:09.03]         /work/src/Kernel/Erp.Kernel/Hosting/ErpPlatform.cs(236,0): at Erp.Kernel.Hosting.ErpPlatform.ValidateEndpoints(WebApplication app)
[xUnit.net 00:00:09.03]         /work/src/Kernel/Erp.Kernel/Hosting/ErpPlatform.cs(202,0): at Erp.Kernel.Hosting.ErpPlatform.UseErpPlatform(WebApplication app)
[xUnit.net 00:00:09.03]         /work/src/Host/Erp.Host/Program.cs(8,0): at Program.<Main>$(String[] args)
[xUnit.net 00:00:09.03]            at Program.<Main>(String[] args)
[xUnit.net 00:00:09.03]            at System.Reflection.MethodBaseInvoker.InterpretedInvoke_Method(Object obj, IntPtr* args)
[xUnit.net 00:00:09.03]            at System.Reflection.MethodBaseInvoker.InvokeDirectByRefWithFewArgs(Object obj, Span`1 copyOfArgs, BindingFlags invokeAttr)
[xUnit.net 00:00:09.03]         --- End of stack trace from previous location ---
[xUnit.net 00:00:09.03]            at Microsoft.AspNetCore.Mvc.Testing.DeferredHostBuilder.DeferredHost.StartAsync(CancellationToken cancellationToken)
[xUnit.net 00:00:09.03]            at Microsoft.Extensions.Hosting.HostingAbstractionsHostExtensions.Start(IHost host)
[xUnit.net 00:00:09.03]            at Microsoft.AspNetCore.Mvc.Testing.WebApplicationFactory`1.CreateHost(IHostBuilder builder)
[xUnit.net 00:00:09.03]            at Microsoft.AspNetCore.Mvc.Testing.WebApplicationFactory`1.ConfigureHostBuilder(IHostBuilder hostBuilder)
[xUnit.net 00:00:09.03]            at Microsoft.AspNetCore.Mvc.Testing.WebApplicationFactory`1.StartServer()
[xUnit.net 00:00:09.03]            at Microsoft.AspNetCore.Mvc.Testing.WebApplicationFactory`1.get_Services()
[xUnit.net 00:00:09.03]         /work/tests/Erp.Testing/ErpTestEnvironment.cs(128,0): at Erp.Testing.ErpTestEnvironment.SeedAsync(TestDatabaseServer server, String database, SeedPlan plan, IDictionary`2 settings)
[xUnit.net 00:00:09.03]         /work/tests/Erp.Testing/ErpTestEnvironment.cs(138,0): at Erp.Testing.ErpTestEnvironment.SeedAsync(TestDatabaseServer server, String database, SeedPlan plan, IDictionary`2 settings)
[xUnit.net 00:00:09.04]         /work/tests/Erp.Testing/ErpTestEnvironment.cs(90,0): at Erp.Testing.ErpTestEnvironment.<>c__DisplayClass34_0.<<StartGateAsync>b__0>d.MoveNext()
[xUnit.net 00:00:09.04]         --- End of stack trace from previous location ---
[xUnit.net 00:00:09.04]         /work/tests/Erp.Testing/TestDatabaseServer.cs(156,0): at Erp.Testing.TestDatabaseServer.<>c__DisplayClass25_0.<<GateTemplateAsync>b__3>d.MoveNext()
[xUnit.net 00:00:09.04]         --- End of stack trace from previous location ---
[xUnit.net 00:00:09.04]         /work/tests/Erp.Testing/TestDatabaseServer.cs(161,0): at Erp.Testing.TestDatabaseServer.GateTemplateAsync(IDictionary`2 settings, Func`2 seed)
[xUnit.net 00:00:09.04]         /work/tests/Erp.Testing/ErpTestEnvironment.cs(87,0): at Erp.Testing.ErpTestEnvironment.StartGateAsync(IDictionary`2 settings)
[xUnit.net 00:00:09.04]         /work/tests/Erp.Gates.Tests/Infrastructure/GateFixture.cs(17,0): at Erp.Gates.Tests.Infrastructure.GateFixture.InitializeAsync()
[xUnit.net 00:00:09.04]     Erp.Gates.Tests.G1.G1NonInterferenceTests.What_tenant_A_is_answered_never_depends_on_what_tenant_B_did [FAIL]
[xUnit.net 00:00:09.04]       Assembly fixture type 'Erp.Gates.Tests.Infrastructure.GateFixture' threw in InitializeAsync
[xUnit.net 00:00:09.04]       ---- System.InvalidOperationException : Endpoint authorisation is incomplete:
[xUnit.net 00:00:09.04]       HTTP: DELETE /api/identity/me/preferences => ResetPreferences: declares no permission
[xUnit.net 00:00:09.04]       Stack Trace:
[xUnit.net 00:00:09.04]         
[xUnit.net 00:00:09.04]         ----- Inner Stack Trace -----
[xUnit.net 00:00:09.04]         /work/src/Kernel/Erp.Kernel/Hosting/ErpPlatform.cs(236,0): at Erp.Kernel.Hosting.ErpPlatform.ValidateEndpoints(WebApplication app)
[xUnit.net 00:00:09.04]         /work/src/Kernel/Erp.Kernel/Hosting/ErpPlatform.cs(202,0): at Erp.Kernel.Hosting.ErpPlatform.UseErpPlatform(WebApplication app)
[xUnit.net 00:00:09.04]         /work/src/Host/Erp.Host/Program.cs(8,0): at Program.<Main>$(String[] args)
[xUnit.net 00:00:09.04]            at Program.<Main>(String[] args)
[xUnit.net 00:00:09.04]            at System.Reflection.MethodBaseInvoker.InterpretedInvoke_Method(Object obj, IntPtr* args)
[xUnit.net 00:00:09.05]            at System.Reflection.MethodBaseInvoker.InvokeDirectByRefWithFewArgs(Object obj, Span`1 copyOfArgs, BindingFlags invokeAttr)
[xUnit.net 00:00:09.05]         --- End of stack trace from previous location ---
[xUnit.net 00:00:09.05]            at Microsoft.AspNetCore.Mvc.Testing.DeferredHostBuilder.DeferredHost.StartAsync(CancellationToken cancellationToken)
[xUnit.net 00:00:09.05]            at Microsoft.Extensions.Hosting.HostingAbstractionsHostExtensions.Start(IHost host)
[xUnit.net 00:00:09.05]            at Microsoft.AspNetCore.Mvc.Testing.WebApplicationFactory`1.CreateHost(IHostBuilder builder)
[xUnit.net 00:00:09.05]            at Microsoft.AspNetCore.Mvc.Testing.WebApplicationFactory`1.ConfigureHostBuilder(IHostBuilder hostBuilder)
[xUnit.net 00:00:09.05]            at Microsoft.AspNetCore.Mvc.Testing.WebApplicationFactory`1.StartServer()
[xUnit.net 00:00:09.05]            at Microsoft.AspNetCore.Mvc.Testing.WebApplicationFactory`1.get_Services()
[xUnit.net 00:00:09.05]         /work/tests/Erp.Testing/ErpTestEnvironment.cs(128,0): at Erp.Testing.ErpTestEnvironment.SeedAsync(TestDatabaseServer server, String database, SeedPlan plan, IDictionary`2 settings)
[xUnit.net 00:00:09.05]         /work/tests/Erp.Testing/ErpTestEnvironment.cs(138,0): at Erp.Testing.ErpTestEnvironment.SeedAsync(TestDatabaseServer server, String database, SeedPlan plan, IDictionary`2 settings)
[xUnit.net 00:00:09.05]         /work/tests/Erp.Testing/ErpTestEnvironment.cs(90,0): at Erp.Testing.ErpTestEnvironment.<>c__DisplayClass34_0.<<StartGateAsync>b__0>d.MoveNext()
[xUnit.net 00:00:09.05]         --- End of stack trace from previous location ---
[xUnit.net 00:00:09.05]         /work/tests/Erp.Testing/TestDatabaseServer.cs(156,0): at Erp.Testing.TestDatabaseServer.<>c__DisplayClass25_0.<<GateTemplateAsync>b__3>d.MoveNext()
[xUnit.net 00:00:09.05]         --- End of stack trace from previous location ---
[xUnit.net 00:00:09.05]         /work/tests/Erp.Testing/TestDatabaseServer.cs(161,0): at Erp.Testing.TestDatabaseServer.GateTemplateAsync(IDictionary`2 settings, Func`2 seed)
[xUnit.net 00:00:09.05]         /work/tests/Erp.Testing/ErpTestEnvironment.cs(87,0): at Erp.Testing.ErpTestEnvironment.StartGateAsync(IDictionary`2 settings)
[xUnit.net 00:00:09.05]         /work/tests/Erp.Gates.Tests/Infrastructure/GateFixture.cs(17,0): at Erp.Gates.Tests.Infrastructure.GateFixture.InitializeAsync()
[xUnit.net 00:00:09.05]     Erp.Gates.Tests.Rules.RegistrationGateTests.Every_registered_list_is_served_as_a_page_whose_rows_carry_its_columns [FAIL]
[xUnit.net 00:00:09.05]       Assembly fixture type 'Erp.Gates.Tests.Infrastructure.GateFixture' threw in InitializeAsync
[xUnit.net 00:00:09.05]       ---- System.InvalidOperationException : Endpoint authorisation is incomplete:
[xUnit.net 00:00:09.05]       HTTP: DELETE /api/identity/me/preferences => ResetPreferences: declares no permission
[xUnit.net 00:00:09.05]       Stack Trace:
[xUnit.net 00:00:09.05]         
[xUnit.net 00:00:09.05]         ----- Inner Stack Trace -----
[xUnit.net 00:00:09.05]         /work/src/Kernel/Erp.Kernel/Hosting/ErpPlatform.cs(236,0): at Erp.Kernel.Hosting.ErpPlatform.ValidateEndpoints(WebApplication app)
[xUnit.net 00:00:09.05]         /work/src/Kernel/Erp.Kernel/Hosting/ErpPlatform.cs(202,0): at Erp.Kernel.Hosting.ErpPlatform.UseErpPlatform(WebApplication app)
[xUnit.net 00:00:09.05]         /work/src/Host/Erp.Host/Program.cs(8,0): at Program.<Main>$(String[] args)
[xUnit.net 00:00:09.05]            at Program.<Main>(String[] args)
[xUnit.net 00:00:09.05]            at System.Reflection.MethodBaseInvoker.InterpretedInvoke_Method(Object obj, IntPtr* args)
[xUnit.net 00:00:09.05]            at System.Reflection.MethodBaseInvoker.InvokeDirectByRefWithFewArgs(Object obj, Span`1 copyOfArgs, BindingFlags invokeAttr)
[xUnit.net 00:00:09.05]         --- End of stack trace from previous location ---
[xUnit.net 00:00:09.05]            at Microsoft.AspNetCore.Mvc.Testing.DeferredHostBuilder.DeferredHost.StartAsync(CancellationToken cancellationToken)
[xUnit.net 00:00:09.05]            at Microsoft.Extensions.Hosting.HostingAbstractionsHostExtensions.Start(IHost host)
[xUnit.net 00:00:09.05]            at Microsoft.AspNetCore.Mvc.Testing.WebApplicationFactory`1.CreateHost(IHostBuilder builder)
[xUnit.net 00:00:09.05]            at Microsoft.AspNetCore.Mvc.Testing.WebApplicationFactory`1.ConfigureHostBuilder(IHostBuilder hostBuilder)
[xUnit.net 00:00:09.05]            at Microsoft.AspNetCore.Mvc.Testing.WebApplicationFactory`1.StartServer()
[xUnit.net 00:00:09.05]            at Microsoft.AspNetCore.Mvc.Testing.WebApplicationFactory`1.get_Services()
[xUnit.net 00:00:09.05]         /work/tests/Erp.Testing/ErpTestEnvironment.cs(128,0): at Erp.Testing.ErpTestEnvironment.SeedAsync(TestDatabaseServer server, String database, SeedPlan plan, IDictionary`2 settings)
[xUnit.net 00:00:09.05]         /work/tests/Erp.Testing/ErpTestEnvironment.cs(138,0): at Erp.Testing.ErpTestEnvironment.SeedAsync(TestDatabaseServer server, String database, SeedPlan plan, IDictionary`2 settings)
[xUnit.net 00:00:09.05]         /work/tests/Erp.Testing/ErpTestEnvironment.cs(90,0): at Erp.Testing.ErpTestEnvironment.<>c__DisplayClass34_0.<<StartGateAsync>b__0>d.MoveNext()
[xUnit.net 00:00:09.05]         --- End of stack trace from previous location ---
[xUnit.net 00:00:09.05]         /work/tests/Erp.Testing/TestDatabaseServer.cs(156,0): at Erp.Testing.TestDatabaseServer.<>c__DisplayClass25_0.<<GateTemplateAsync>b__3>d.MoveNext()
[xUnit.net 00:00:09.05]         --- End of stack trace from previous location ---
[xUnit.net 00:00:09.05]         /work/tests/Erp.Testing/TestDatabaseServer.cs(161,0): at Erp.Testing.TestDatabaseServer.GateTemplateAsync(IDictionary`2 settings, Func`2 seed)
[xUnit.net 00:00:09.05]         /work/tests/Erp.Testing/ErpTestEnvironment.cs(87,0): at Erp.Testing.ErpTestEnvironment.StartGateAsync(IDictionary`2 settings)
[xUnit.net 00:00:09.05]         /work/tests/Erp.Gates.Tests/Infrastructure/GateFixture.cs(17,0): at Erp.Gates.Tests.Infrastructure.GateFixture.InitializeAsync()
[xUnit.net 00:00:09.05]     Erp.Gates.Tests.Rules.RegistrationGateTests.Navigation_reaches_every_screen_and_every_menu_entry_opens_a_screen_with_its_permission [FAIL]
[xUnit.net 00:00:09.05]       Assembly fixture type 'Erp.Gates.Tests.Infrastructure.GateFixture' threw in InitializeAsync
[xUnit.net 00:00:09.05]       ---- System.InvalidOperationException : Endpoint authorisation is incomplete:
[xUnit.net 00:00:09.05]       HTTP: DELETE /api/identity/me/preferences => ResetPreferences: declares no permission
[xUnit.net 00:00:09.05]       Stack Trace:
[xUnit.net 00:00:09.05]         
[xUnit.net 00:00:09.05]         ----- Inner Stack Trace -----
[xUnit.net 00:00:09.05]         /work/src/Kernel/Erp.Kernel/Hosting/ErpPlatform.cs(236,0): at Erp.Kernel.Hosting.ErpPlatform.ValidateEndpoints(WebApplication app)
[xUnit.net 00:00:09.05]         /work/src/Kernel/Erp.Kernel/Hosting/ErpPlatform.cs(202,0): at Erp.Kernel.Hosting.ErpPlatform.UseErpPlatform(WebApplication app)
[xUnit.net 00:00:09.05]         /work/src/Host/Erp.Host/Program.cs(8,0): at Program.<Main>$(String[] args)
[xUnit.net 00:00:09.05]            at Program.<Main>(String[] args)
[xUnit.net 00:00:09.05]            at System.Reflection.MethodBaseInvoker.InterpretedInvoke_Method(Object obj, IntPtr* args)
[xUnit.net 00:00:09.05]            at System.Reflection.MethodBaseInvoker.InvokeDirectByRefWithFewArgs(Object obj, Span`1 copyOfArgs, BindingFlags invokeAttr)
[xUnit.net 00:00:09.05]         --- End of stack trace from previous location ---
[xUnit.net 00:00:09.05]            at Microsoft.AspNetCore.Mvc.Testing.DeferredHostBuilder.DeferredHost.StartAsync(CancellationToken cancellationToken)
[xUnit.net 00:00:09.05]            at Microsoft.Extensions.Hosting.HostingAbstractionsHostExtensions.Start(IHost host)
[xUnit.net 00:00:09.05]            at Microsoft.AspNetCore.Mvc.Testing.WebApplicationFactory`1.CreateHost(IHostBuilder builder)
[xUnit.net 00:00:09.05]            at Microsoft.AspNetCore.Mvc.Testing.WebApplicationFactory`1.ConfigureHostBuilder(IHostBuilder hostBuilder)
[xUnit.net 00:00:09.05]            at Microsoft.AspNetCore.Mvc.Testing.WebApplicationFactory`1.StartServer()
[xUnit.net 00:00:09.05]            at Microsoft.AspNetCore.Mvc.Testing.WebApplicationFactory`1.get_Services()
[xUnit.net 00:00:09.05]         /work/tests/Erp.Testing/ErpTestEnvironment.cs(128,0): at Erp.Testing.ErpTestEnvironment.SeedAsync(TestDatabaseServer server, String database, SeedPlan plan, IDictionary`2 settings)
[xUnit.net 00:00:09.05]         /work/tests/Erp.Testing/ErpTestEnvironment.cs(138,0): at Erp.Testing.ErpTestEnvironment.SeedAsync(TestDatabaseServer server, String database, SeedPlan plan, IDictionary`2 settings)
[xUnit.net 00:00:09.05]         /work/tests/Erp.Testing/ErpTestEnvironment.cs(90,0): at Erp.Testing.ErpTestEnvironment.<>c__DisplayClass34_0.<<StartGateAsync>b__0>d.MoveNext()
[xUnit.net 00:00:09.05]         --- End of stack trace from previous location ---
[xUnit.net 00:00:09.05]         /work/tests/Erp.Testing/TestDatabaseServer.cs(156,0): at Erp.Testing.TestDatabaseServer.<>c__DisplayClass25_0.<<GateTemplateAsync>b__3>d.MoveNext()
[xUnit.net 00:00:09.05]         --- End of stack trace from previous location ---
[xUnit.net 00:00:09.05]         /work/tests/Erp.Testing/TestDatabaseServer.cs(161,0): at Erp.Testing.TestDatabaseServer.GateTemplateAsync(IDictionary`2 settings, Func`2 seed)
[xUnit.net 00:00:09.05]         /work/tests/Erp.Testing/ErpTestEnvironment.cs(87,0): at Erp.Testing.ErpTestEnvironment.StartGateAsync(IDictionary`2 settings)
[xUnit.net 00:00:09.05]         /work/tests/Erp.Gates.Tests/Infrastructure/GateFixture.cs(17,0): at Erp.Gates.Tests.Infrastructure.GateFixture.InitializeAsync()
[xUnit.net 00:00:09.05]     [Test Assembly Cleanup Failure (/work/tests/Erp.Gates.Tests/bin/Release/net10.0/Erp.Gates.Tests.dll)] Xunit.Sdk.TestPipelineException
[xUnit.net 00:00:09.06]       Assembly fixture type 'Erp.Gates.Tests.Infrastructure.GateFixture' threw in DisposeAsync
[xUnit.net 00:00:09.06]       ---- System.NullReferenceException : Object reference not set to an instance of an object.
[xUnit.net 00:00:09.06]       Stack Trace:
[xUnit.net 00:00:09.06]         --- End of stack trace from previous location ---
[xUnit.net 00:00:09.06]         ----- Inner Stack Trace -----
[xUnit.net 00:00:09.06]         /work/tests/Erp.Gates.Tests/Infrastructure/GateFixture.cs(21,0): at Erp.Gates.Tests.Infrastructure.GateFixture.DisposeAsync()
[xUnit.net 00:00:09.06]   Finished:    Erp.Gates.Tests (ID = 'd67f9af34c5c91feae69a31c7ab81956a411c8cd54ea4942d23c1fd06e059e25')
  Failed Erp.Gates.Tests.G1.G1CredentialTests.The_sign_in_lookup_reveals_no_hash_and_no_account_before_the_password_is_proven [1 ms]
  Error Message:
   Assembly fixture type 'Erp.Gates.Tests.Infrastructure.GateFixture' threw in InitializeAsync
---- System.InvalidOperationException : Endpoint authorisation is incomplete:
HTTP: DELETE /api/identity/me/preferences => ResetPreferences: declares no permission
  Stack Trace:
  
----- Inner Stack Trace -----
   at Erp.Kernel.Hosting.ErpPlatform.ValidateEndpoints(WebApplication app) in /work/src/Kernel/Erp.Kernel/Hosting/ErpPlatform.cs:line 236
   at Erp.Kernel.Hosting.ErpPlatform.UseErpPlatform(WebApplication app) in /work/src/Kernel/Erp.Kernel/Hosting/ErpPlatform.cs:line 202
   at Program.<Main>$(String[] args) in /work/src/Host/Erp.Host/Program.cs:line 8
   at Program.<Main>(String[] args)
   at System.Reflection.MethodBaseInvoker.InterpretedInvoke_Method(Object obj, IntPtr* args)
   at System.Reflection.MethodBaseInvoker.InvokeDirectByRefWithFewArgs(Object obj, Span`1 copyOfArgs, BindingFlags invokeAttr)
--- End of stack trace from previous location ---
   at Microsoft.AspNetCore.Mvc.Testing.DeferredHostBuilder.DeferredHost.StartAsync(CancellationToken cancellationToken)
   at Microsoft.Extensions.Hosting.HostingAbstractionsHostExtensions.Start(IHost host)
   at Microsoft.AspNetCore.Mvc.Testing.WebApplicationFactory`1.CreateHost(IHostBuilder builder)
   at Microsoft.AspNetCore.Mvc.Testing.WebApplicationFactory`1.ConfigureHostBuilder(IHostBuilder hostBuilder)
   at Microsoft.AspNetCore.Mvc.Testing.WebApplicationFactory`1.StartServer()
   at Microsoft.AspNetCore.Mvc.Testing.WebApplicationFactory`1.get_Services()
   at Erp.Testing.ErpTestEnvironment.SeedAsync(TestDatabaseServer server, String database, SeedPlan plan, IDictionary`2 settings) in /work/tests/Erp.Testing/ErpTestEnvironment.cs:line 128
   at Erp.Testing.ErpTestEnvironment.SeedAsync(TestDatabaseServer server, String database, SeedPlan plan, IDictionary`2 settings) in /work/tests/Erp.Testing/ErpTestEnvironment.cs:line 138
   at Erp.Testing.ErpTestEnvironment.<>c__DisplayClass34_0.<<StartGateAsync>b__0>d.MoveNext() in /work/tests/Erp.Testing/ErpTestEnvironment.cs:line 90
--- End of stack trace from previous location ---
   at Erp.Testing.TestDatabaseServer.<>c__DisplayClass25_0.<<GateTemplateAsync>b__3>d.MoveNext() in /work/tests/Erp.Testing/TestDatabaseServer.cs:line 156
--- End of stack trace from previous location ---
   at Erp.Testing.TestDatabaseServer.GateTemplateAsync(IDictionary`2 settings, Func`2 seed) in /work/tests/Erp.Testing/TestDatabaseServer.cs:line 161
   at Erp.Testing.ErpTestEnvironment.StartGateAsync(IDictionary`2 settings) in /work/tests/Erp.Testing/ErpTestEnvironment.cs:line 87
   at Erp.Gates.Tests.Infrastructure.GateFixture.InitializeAsync() in /work/tests/Erp.Gates.Tests/Infrastructure/GateFixture.cs:line 17
  Failed Erp.Gates.Tests.G1.G1CredentialTests.No_reviewed_function_returns_a_credential_column_or_a_whole_row [1 ms]
  Error Message:
   Assembly fixture type 'Erp.Gates.Tests.Infrastructure.GateFixture' threw in InitializeAsync
---- System.InvalidOperationException : Endpoint authorisation is incomplete:
HTTP: DELETE /api/identity/me/preferences => ResetPreferences: declares no permission
  Stack Trace:
  
----- Inner Stack Trace -----
   at Erp.Kernel.Hosting.ErpPlatform.ValidateEndpoints(WebApplication app) in /work/src/Kernel/Erp.Kernel/Hosting/ErpPlatform.cs:line 236
   at Erp.Kernel.Hosting.ErpPlatform.UseErpPlatform(WebApplication app) in /work/src/Kernel/Erp.Kernel/Hosting/ErpPlatform.cs:line 202
   at Program.<Main>$(String[] args) in /work/src/Host/Erp.Host/Program.cs:line 8
   at Program.<Main>(String[] args)
   at System.Reflection.MethodBaseInvoker.InterpretedInvoke_Method(Object obj, IntPtr* args)
   at System.Reflection.MethodBaseInvoker.InvokeDirectByRefWithFewArgs(Object obj, Span`1 copyOfArgs, BindingFlags invokeAttr)
--- End of stack trace from previous location ---
   at Microsoft.AspNetCore.Mvc.Testing.DeferredHostBuilder.DeferredHost.StartAsync(CancellationToken cancellationToken)
   at Microsoft.Extensions.Hosting.HostingAbstractionsHostExtensions.Start(IHost host)
   at Microsoft.AspNetCore.Mvc.Testing.WebApplicationFactory`1.CreateHost(IHostBuilder builder)
   at Microsoft.AspNetCore.Mvc.Testing.WebApplicationFactory`1.ConfigureHostBuilder(IHostBuilder hostBuilder)
   at Microsoft.AspNetCore.Mvc.Testing.WebApplicationFactory`1.StartServer()
   at Microsoft.AspNetCore.Mvc.Testing.WebApplicationFactory`1.get_Services()
   at Erp.Testing.ErpTestEnvironment.SeedAsync(TestDatabaseServer server, String database, SeedPlan plan, IDictionary`2 settings) in /work/tests/Erp.Testing/ErpTestEnvironment.cs:line 128
   at Erp.Testing.ErpTestEnvironment.SeedAsync(TestDatabaseServer server, String database, SeedPlan plan, IDictionary`2 settings) in /work/tests/Erp.Testing/ErpTestEnvironment.cs:line 138
   at Erp.Testing.ErpTestEnvironment.<>c__DisplayClass34_0.<<StartGateAsync>b__0>d.MoveNext() in /work/tests/Erp.Testing/ErpTestEnvironment.cs:line 90
--- End of stack trace from previous location ---
   at Erp.Testing.TestDatabaseServer.<>c__DisplayClass25_0.<<GateTemplateAsync>b__3>d.MoveNext() in /work/tests/Erp.Testing/TestDatabaseServer.cs:line 156
--- End of stack trace from previous location ---
   at Erp.Testing.TestDatabaseServer.GateTemplateAsync(IDictionary`2 settings, Func`2 seed) in /work/tests/Erp.Testing/TestDatabaseServer.cs:line 161
   at Erp.Testing.ErpTestEnvironment.StartGateAsync(IDictionary`2 settings) in /work/tests/Erp.Testing/ErpTestEnvironment.cs:line 87
   at Erp.Gates.Tests.Infrastructure.GateFixture.InitializeAsync() in /work/tests/Erp.Gates.Tests/Infrastructure/GateFixture.cs:line 17
  Failed Erp.Gates.Tests.G1.G1CredentialTests.The_application_role_can_read_no_stored_credential [1 ms]
  Error Message:
   Assembly fixture type 'Erp.Gates.Tests.Infrastructure.GateFixture' threw in InitializeAsync
---- System.InvalidOperationException : Endpoint authorisation is incomplete:
HTTP: DELETE /api/identity/me/preferences => ResetPreferences: declares no permission
  Stack Trace:
  
----- Inner Stack Trace -----
   at Erp.Kernel.Hosting.ErpPlatform.ValidateEndpoints(WebApplication app) in /work/src/Kernel/Erp.Kernel/Hosting/ErpPlatform.cs:line 236
   at Erp.Kernel.Hosting.ErpPlatform.UseErpPlatform(WebApplication app) in /work/src/Kernel/Erp.Kernel/Hosting/ErpPlatform.cs:line 202
   at Program.<Main>$(String[] args) in /work/src/Host/Erp.Host/Program.cs:line 8
   at Program.<Main>(String[] args)
   at System.Reflection.MethodBaseInvoker.InterpretedInvoke_Method(Object obj, IntPtr* args)
   at System.Reflection.MethodBaseInvoker.InvokeDirectByRefWithFewArgs(Object obj, Span`1 copyOfArgs, BindingFlags invokeAttr)
--- End of stack trace from previous location ---
   at Microsoft.AspNetCore.Mvc.Testing.DeferredHostBuilder.DeferredHost.StartAsync(CancellationToken cancellationToken)
   at Microsoft.Extensions.Hosting.HostingAbstractionsHostExtensions.Start(IHost host)
   at Microsoft.AspNetCore.Mvc.Testing.WebApplicationFactory`1.CreateHost(IHostBuilder builder)
   at Microsoft.AspNetCore.Mvc.Testing.WebApplicationFactory`1.ConfigureHostBuilder(IHostBuilder hostBuilder)
   at Microsoft.AspNetCore.Mvc.Testing.WebApplicationFactory`1.StartServer()
   at Microsoft.AspNetCore.Mvc.Testing.WebApplicationFactory`1.get_Services()
   at Erp.Testing.ErpTestEnvironment.SeedAsync(TestDatabaseServer server, String database, SeedPlan plan, IDictionary`2 settings) in /work/tests/Erp.Testing/ErpTestEnvironment.cs:line 128
   at Erp.Testing.ErpTestEnvironment.SeedAsync(TestDatabaseServer server, String database, SeedPlan plan, IDictionary`2 settings) in /work/tests/Erp.Testing/ErpTestEnvironment.cs:line 138
   at Erp.Testing.ErpTestEnvironment.<>c__DisplayClass34_0.<<StartGateAsync>b__0>d.MoveNext() in /work/tests/Erp.Testing/ErpTestEnvironment.cs:line 90
--- End of stack trace from previous location ---
   at Erp.Testing.TestDatabaseServer.<>c__DisplayClass25_0.<<GateTemplateAsync>b__3>d.MoveNext() in /work/tests/Erp.Testing/TestDatabaseServer.cs:line 156
--- End of stack trace from previous location ---
   at Erp.Testing.TestDatabaseServer.GateTemplateAsync(IDictionary`2 settings, Func`2 seed) in /work/tests/Erp.Testing/TestDatabaseServer.cs:line 161
   at Erp.Testing.ErpTestEnvironment.StartGateAsync(IDictionary`2 settings) in /work/tests/Erp.Testing/ErpTestEnvironment.cs:line 87
   at Erp.Gates.Tests.Infrastructure.GateFixture.InitializeAsync() in /work/tests/Erp.Gates.Tests/Infrastructure/GateFixture.cs:line 17
  Failed Erp.Gates.Tests.G1.G1NonInterferenceTests.What_tenant_A_is_answered_never_depends_on_what_tenant_B_did [1 ms]
  Error Message:
   Assembly fixture type 'Erp.Gates.Tests.Infrastructure.GateFixture' threw in InitializeAsync
---- System.InvalidOperationException : Endpoint authorisation is incomplete:
HTTP: DELETE /api/identity/me/preferences => ResetPreferences: declares no permission
  Stack Trace:
  
----- Inner Stack Trace -----
   at Erp.Kernel.Hosting.ErpPlatform.ValidateEndpoints(WebApplication app) in /work/src/Kernel/Erp.Kernel/Hosting/ErpPlatform.cs:line 236
   at Erp.Kernel.Hosting.ErpPlatform.UseErpPlatform(WebApplication app) in /work/src/Kernel/Erp.Kernel/Hosting/ErpPlatform.cs:line 202
   at Program.<Main>$(String[] args) in /work/src/Host/Erp.Host/Program.cs:line 8
   at Program.<Main>(String[] args)
   at System.Reflection.MethodBaseInvoker.InterpretedInvoke_Method(Object obj, IntPtr* args)
   at System.Reflection.MethodBaseInvoker.InvokeDirectByRefWithFewArgs(Object obj, Span`1 copyOfArgs, BindingFlags invokeAttr)
--- End of stack trace from previous location ---
   at Microsoft.AspNetCore.Mvc.Testing.DeferredHostBuilder.DeferredHost.StartAsync(CancellationToken cancellationToken)
   at Microsoft.Extensions.Hosting.HostingAbstractionsHostExtensions.Start(IHost host)
   at Microsoft.AspNetCore.Mvc.Testing.WebApplicationFactory`1.CreateHost(IHostBuilder builder)
   at Microsoft.AspNetCore.Mvc.Testing.WebApplicationFactory`1.ConfigureHostBuilder(IHostBuilder hostBuilder)
   at Microsoft.AspNetCore.Mvc.Testing.WebApplicationFactory`1.StartServer()
   at Microsoft.AspNetCore.Mvc.Testing.WebApplicationFactory`1.get_Services()
   at Erp.Testing.ErpTestEnvironment.SeedAsync(TestDatabaseServer server, String database, SeedPlan plan, IDictionary`2 settings) in /work/tests/Erp.Testing/ErpTestEnvironment.cs:line 128
   at Erp.Testing.ErpTestEnvironment.SeedAsync(TestDatabaseServer server, String database, SeedPlan plan, IDictionary`2 settings) in /work/tests/Erp.Testing/ErpTestEnvironment.cs:line 138
   at Erp.Testing.ErpTestEnvironment.<>c__DisplayClass34_0.<<StartGateAsync>b__0>d.MoveNext() in /work/tests/Erp.Testing/ErpTestEnvironment.cs:line 90
--- End of stack trace from previous location ---
   at Erp.Testing.TestDatabaseServer.<>c__DisplayClass25_0.<<GateTemplateAsync>b__3>d.MoveNext() in /work/tests/Erp.Testing/TestDatabaseServer.cs:line 156
--- End of stack trace from previous location ---
   at Erp.Testing.TestDatabaseServer.GateTemplateAsync(IDictionary`2 settings, Func`2 seed) in /work/tests/Erp.Testing/TestDatabaseServer.cs:line 161
   at Erp.Testing.ErpTestEnvironment.StartGateAsync(IDictionary`2 settings) in /work/tests/Erp.Testing/ErpTestEnvironment.cs:line 87
   at Erp.Gates.Tests.Infrastructure.GateFixture.InitializeAsync() in /work/tests/Erp.Gates.Tests/Infrastructure/GateFixture.cs:line 17
  Failed Erp.Gates.Tests.Rules.RegistrationGateTests.Every_registered_list_is_served_as_a_page_whose_rows_carry_its_columns [1 ms]
  Error Message:
   Assembly fixture type 'Erp.Gates.Tests.Infrastructure.GateFixture' threw in InitializeAsync
---- System.InvalidOperationException : Endpoint authorisation is incomplete:
HTTP: DELETE /api/identity/me/preferences => ResetPreferences: declares no permission
  Stack Trace:
  
----- Inner Stack Trace -----
   at Erp.Kernel.Hosting.ErpPlatform.ValidateEndpoints(WebApplication app) in /work/src/Kernel/Erp.Kernel/Hosting/ErpPlatform.cs:line 236
   at Erp.Kernel.Hosting.ErpPlatform.UseErpPlatform(WebApplication app) in /work/src/Kernel/Erp.Kernel/Hosting/ErpPlatform.cs:line 202
   at Program.<Main>$(String[] args) in /work/src/Host/Erp.Host/Program.cs:line 8
   at Program.<Main>(String[] args)
   at System.Reflection.MethodBaseInvoker.InterpretedInvoke_Method(Object obj, IntPtr* args)
   at System.Reflection.MethodBaseInvoker.InvokeDirectByRefWithFewArgs(Object obj, Span`1 copyOfArgs, BindingFlags invokeAttr)
--- End of stack trace from previous location ---
   at Microsoft.AspNetCore.Mvc.Testing.DeferredHostBuilder.DeferredHost.StartAsync(CancellationToken cancellationToken)
   at Microsoft.Extensions.Hosting.HostingAbstractionsHostExtensions.Start(IHost host)
   at Microsoft.AspNetCore.Mvc.Testing.WebApplicationFactory`1.CreateHost(IHostBuilder builder)
   at Microsoft.AspNetCore.Mvc.Testing.WebApplicationFactory`1.ConfigureHostBuilder(IHostBuilder hostBuilder)
   at Microsoft.AspNetCore.Mvc.Testing.WebApplicationFactory`1.StartServer()
   at Microsoft.AspNetCore.Mvc.Testing.WebApplicationFactory`1.get_Services()
   at Erp.Testing.ErpTestEnvironment.SeedAsync(TestDatabaseServer server, String database, SeedPlan plan, IDictionary`2 settings) in /work/tests/Erp.Testing/ErpTestEnvironment.cs:line 128
   at Erp.Testing.ErpTestEnvironment.SeedAsync(TestDatabaseServer server, String database, SeedPlan plan, IDictionary`2 settings) in /work/tests/Erp.Testing/ErpTestEnvironment.cs:line 138
   at Erp.Testing.ErpTestEnvironment.<>c__DisplayClass34_0.<<StartGateAsync>b__0>d.MoveNext() in /work/tests/Erp.Testing/ErpTestEnvironment.cs:line 90
--- End of stack trace from previous location ---
   at Erp.Testing.TestDatabaseServer.<>c__DisplayClass25_0.<<GateTemplateAsync>b__3>d.MoveNext() in /work/tests/Erp.Testing/TestDatabaseServer.cs:line 156
--- End of stack trace from previous location ---
   at Erp.Testing.TestDatabaseServer.GateTemplateAsync(IDictionary`2 settings, Func`2 seed) in /work/tests/Erp.Testing/TestDatabaseServer.cs:line 161
   at Erp.Testing.ErpTestEnvironment.StartGateAsync(IDictionary`2 settings) in /work/tests/Erp.Testing/ErpTestEnvironment.cs:line 87
   at Erp.Gates.Tests.Infrastructure.GateFixture.InitializeAsync() in /work/tests/Erp.Gates.Tests/Infrastructure/GateFixture.cs:line 17
  Failed Erp.Gates.Tests.Rules.RegistrationGateTests.Navigation_reaches_every_screen_and_every_menu_entry_opens_a_screen_with_its_permission [1 ms]
  Error Message:
   Assembly fixture type 'Erp.Gates.Tests.Infrastructure.GateFixture' threw in InitializeAsync
---- System.InvalidOperationException : Endpoint authorisation is incomplete:
HTTP: DELETE /api/identity/me/preferences => ResetPreferences: declares no permission
  Stack Trace:
  
----- Inner Stack Trace -----
   at Erp.Kernel.Hosting.ErpPlatform.ValidateEndpoints(WebApplication app) in /work/src/Kernel/Erp.Kernel/Hosting/ErpPlatform.cs:line 236
   at Erp.Kernel.Hosting.ErpPlatform.UseErpPlatform(WebApplication app) in /work/src/Kernel/Erp.Kernel/Hosting/ErpPlatform.cs:line 202
   at Program.<Main>$(String[] args) in /work/src/Host/Erp.Host/Program.cs:line 8
   at Program.<Main>(String[] args)
   at System.Reflection.MethodBaseInvoker.InterpretedInvoke_Method(Object obj, IntPtr* args)
   at System.Reflection.MethodBaseInvoker.InvokeDirectByRefWithFewArgs(Object obj, Span`1 copyOfArgs, BindingFlags invokeAttr)
--- End of stack trace from previous location ---
   at Microsoft.AspNetCore.Mvc.Testing.DeferredHostBuilder.DeferredHost.StartAsync(CancellationToken cancellationToken)
   at Microsoft.Extensions.Hosting.HostingAbstractionsHostExtensions.Start(IHost host)
   at Microsoft.AspNetCore.Mvc.Testing.WebApplicationFactory`1.CreateHost(IHostBuilder builder)
   at Microsoft.AspNetCore.Mvc.Testing.WebApplicationFactory`1.ConfigureHostBuilder(IHostBuilder hostBuilder)
   at Microsoft.AspNetCore.Mvc.Testing.WebApplicationFactory`1.StartServer()
   at Microsoft.AspNetCore.Mvc.Testing.WebApplicationFactory`1.get_Services()
   at Erp.Testing.ErpTestEnvironment.SeedAsync(TestDatabaseServer server, String database, SeedPlan plan, IDictionary`2 settings) in /work/tests/Erp.Testing/ErpTestEnvironment.cs:line 128
   at Erp.Testing.ErpTestEnvironment.SeedAsync(TestDatabaseServer server, String database, SeedPlan plan, IDictionary`2 settings) in /work/tests/Erp.Testing/ErpTestEnvironment.cs:line 138
   at Erp.Testing.ErpTestEnvironment.<>c__DisplayClass34_0.<<StartGateAsync>b__0>d.MoveNext() in /work/tests/Erp.Testing/ErpTestEnvironment.cs:line 90
--- End of stack trace from previous location ---
   at Erp.Testing.TestDatabaseServer.<>c__DisplayClass25_0.<<GateTemplateAsync>b__3>d.MoveNext() in /work/tests/Erp.Testing/TestDatabaseServer.cs:line 156
--- End of stack trace from previous location ---
   at Erp.Testing.TestDatabaseServer.GateTemplateAsync(IDictionary`2 settings, Func`2 seed) in /work/tests/Erp.Testing/TestDatabaseServer.cs:line 161
   at Erp.Testing.ErpTestEnvironment.StartGateAsync(IDictionary`2 settings) in /work/tests/Erp.Testing/ErpTestEnvironment.cs:line 87
   at Erp.Gates.Tests.Infrastructure.GateFixture.InitializeAsync() in /work/tests/Erp.Gates.Tests/Infrastructure/GateFixture.cs:line 17

Test Run Failed.
Total tests: 114
     Failed: 114
 Total time: 9.6884 Seconds
exit 1
