Test run for /work/tests/Erp.Gates.Tests/bin/Release/net10.0/Erp.Gates.Tests.dll (.NETCoreApp,Version=v10.0)
A total of 1 test files matched the specified pattern.
[xUnit.net 00:00:00.00] xUnit.net VSTest Adapter v3.1.5+1b188a7b0a (64-bit .NET 10.0.12)
[xUnit.net 00:00:00.13]   Discovering: Erp.Gates.Tests
[xUnit.net 00:00:00.34]   Discovered:  Erp.Gates.Tests
[xUnit.net 00:00:00.47]   Starting:    Erp.Gates.Tests
  Passed Erp.Gates.Tests.G2.G2PermissionTests.Every_declared_permission_is_in_the_catalogue_and_every_catalogue_permission_is_used [10 ms]
  Passed Erp.Gates.Tests.G2.G2PermissionTests.Every_permissioned_endpoint_is_enforced_by_a_policy_requiring_its_permission [< 1 ms]
  Passed Erp.Gates.Tests.G2.G2PermissionTests.Every_endpoint_declares_exactly_one_permission_or_is_reviewed_anonymous [2 ms]
  Passed Erp.Gates.Tests.G2.G2PermissionTests.A_user_whose_roles_grant_nothing_is_denied_everything_and_sees_no_menu [609 ms]
  Passed Erp.Gates.Tests.SelfTests.GateSelfTests.The_database_check_catches_a_unique_index_across_tenants [51 ms]
  Passed Erp.Gates.Tests.G2.G2PermissionTests.Every_list_endpoint_needs_the_lists_own_permission_and_shared_view_writes_need_sharing [3 s]
  Passed Erp.Gates.Tests.G2.G2PermissionTests.The_host_refuses_to_start_with_an_endpoint_whose_permission_is_not_in_the_catalogue [15 ms]
  Passed Erp.Gates.Tests.G2.G2PermissionTests.Users_cannot_escalate_their_own_privileges [321 ms]
  Passed Erp.Gates.Tests.G2.G2PermissionTests.The_host_refuses_a_permissioned_endpoint_that_also_allows_anonymous_callers [10 ms]
  Passed Erp.Gates.Tests.G2.G2PermissionTests.Creating_a_user_cannot_grant_more_than_the_caller_holds [603 ms]
  Passed Erp.Gates.Tests.G2.G2PermissionTests.Anonymous_callers_get_401_from_every_permissioned_endpoint [20 ms]
  Passed Erp.Gates.Tests.G2.G2PermissionTests.The_reviewed_permission_map_catches_a_weaker_permission_an_unreviewed_endpoint_and_a_stale_line [13 ms]
  Passed Erp.Gates.Tests.G2.G2PermissionTests.The_host_refuses_a_permission_declared_as_metadata_that_no_policy_enforces [22 ms]
  Passed Erp.Gates.Tests.G2.G2PermissionTests.Every_registered_list_is_readable_with_its_permission_alone [1 s]
  Passed Erp.Gates.Tests.G2.G2PermissionTests.The_host_refuses_a_list_whose_endpoint_declares_another_permission [23 ms]
  Passed Erp.Gates.Tests.G2.G2PermissionTests.Sharing_a_view_needs_the_share_permission_and_the_lists_own_permission [435 ms]
  Passed Erp.Gates.Tests.G2.G2PermissionTests.Undeclared_endpoints_fall_back_to_deny [< 1 ms]
  Passed Erp.Gates.Tests.G2.G2PermissionTests.The_host_refuses_to_start_with_an_endpoint_that_declares_no_permission [12 ms]
  Passed Erp.Gates.Tests.G2.G2PermissionTests.Requests_that_only_read_cannot_write [5 ms]
  Passed Erp.Gates.Tests.G2.G2PermissionTests.No_endpoint_grants_more_than_the_caller_holds [3 s]
  Passed Erp.Gates.Tests.G2.G2PermissionTests.Every_module_route_is_under_a_reviewed_map_or_derives_its_permission_from_its_list [3 ms]
  Passed Erp.Gates.Tests.G2.G2PermissionTests.Granting_exactly_one_permission_opens_exactly_the_endpoints_that_declare_it [13 s]
  Passed Erp.Gates.Tests.G2.G2PermissionTests.No_endpoint_that_changes_data_is_guarded_by_a_read_permission [5 ms]
  Passed Erp.Gates.Tests.G2.G2PermissionTests.Every_endpoint_under_a_reviewed_prefix_declares_exactly_its_reviewed_permission [1 ms]
  Passed Erp.Gates.Tests.G2.G2PermissionTests.The_declaration_check_catches_AllowAnonymous_stacked_on_a_permission [9 ms]
  Passed Erp.Gates.Tests.SelfTests.GateSelfTests.The_set_takeover_check_catches_all_that_match_letting_a_grant_held_in_one_company_cover_another [42 s]
  Passed Erp.Gates.Tests.SelfTests.GateSelfTests.The_subject_check_catches_me_endpoints_that_act_on_the_user_a_request_names [2 s]
  Passed Erp.Gates.Tests.SelfTests.GateSelfTests.The_company_grant_check_catches_access_given_without_checking_the_caller_or_the_user [7 s]
  Passed Erp.Gates.Tests.SelfTests.GateSelfTests.The_database_check_catches_a_table_without_row_level_security [31 ms]
  Passed Erp.Gates.Tests.SelfTests.GateSelfTests.The_reachable_state_walk_says_when_it_stopped_at_its_object_budget [188 ms]
  Passed Erp.Gates.Tests.SelfTests.GateSelfTests.The_report_data_check_catches_a_report_printing_data_its_permission_does_not_grant [17 s]
  Passed Erp.Gates.Tests.SelfTests.GateSelfTests.The_reachable_state_walk_judges_every_field_of_registration_objects [4 ms]
  Passed Erp.Gates.Tests.SelfTests.GateSelfTests.The_set_takeover_check_catches_all_that_match_judging_nothing_or_only_roles_held_everywhere [1 ms]
  Passed Erp.Gates.Tests.SelfTests.GateSelfTests.The_company_policy_check_catches_own_rows_writable_outside_the_scope [38 ms]
  Passed Erp.Gates.Tests.SelfTests.GateSelfTests.The_grant_escalation_check_catches_grant_checks_that_compare_only_identity_permissions [12 s]
  Passed Erp.Gates.Tests.SelfTests.GateSelfTests.The_process_state_check_catches_a_static_cache_and_a_stateful_singleton [276 ms]
  Passed Erp.Gates.Tests.G1.G1CompanyIsolationTests.A_user_of_company_X_cannot_reach_company_Y_through_any_endpoint [2 m 18 s]
  Passed Erp.Gates.Tests.G2.G2AccountTakeoverTests.No_endpoint_grants_another_modules_permissions_the_caller_lacks [4 s]
[xUnit.net 00:02:42.90]     Erp.Gates.Tests.SelfTests.GateSelfTests.The_grant_bearing_record_check_catches_access_checks_that_compare_only_identity_permissions [FAIL]
[xUnit.net 00:02:42.90]       Assert.DoesNotContain() Failure: Filter matched in collection
[xUnit.net 00:02:42.90]                    ↓ (pos 0)
[xUnit.net 00:02:42.90]       Collection: ["PUT /api/identity/roles/{id:guid}: aimed at a reco"···, "PUT /api/identity/roles/{id:guid}: a record granti"···, "PUT /api/identity/roles/{id:guid} [permissions cha"···, "PUT /api/identity/roles/{id:guid} [permissions cha"···, "PUT /api/identity/roles/{id:guid} [permissions cha"···, ···]
[xUnit.net 00:02:42.90]       Stack Trace:
[xUnit.net 00:02:42.90]         /work/tests/Erp.Gates.Tests/SelfTests/GateSelfTests.cs(569,0): at Erp.Gates.Tests.SelfTests.GateSelfTests.The_grant_bearing_record_check_catches_access_checks_that_compare_only_identity_permissions()
[xUnit.net 00:02:42.90]         --- End of stack trace from previous location ---
  Failed Erp.Gates.Tests.SelfTests.GateSelfTests.The_grant_bearing_record_check_catches_access_checks_that_compare_only_identity_permissions [1 m 5 s]
  Error Message:
   Assert.DoesNotContain() Failure: Filter matched in collection
             ↓ (pos 0)
Collection: ["PUT /api/identity/roles/{id:guid}: aimed at a reco"···, "PUT /api/identity/roles/{id:guid}: a record granti"···, "PUT /api/identity/roles/{id:guid} [permissions cha"···, "PUT /api/identity/roles/{id:guid} [permissions cha"···, "PUT /api/identity/roles/{id:guid} [permissions cha"···, ···]
  Stack Trace:
     at Erp.Gates.Tests.SelfTests.GateSelfTests.The_grant_bearing_record_check_catches_access_checks_that_compare_only_identity_permissions() in /work/tests/Erp.Gates.Tests/SelfTests/GateSelfTests.cs:line 569
--- End of stack trace from previous location ---
[xUnit.net 00:02:42.93]     Erp.Gates.Tests.SelfTests.GateSelfTests.The_grant_bearing_record_check_catches_a_role_delete_without_the_grant_check [FAIL]
[xUnit.net 00:02:42.93]       Assert.DoesNotContain() Failure: Filter matched in collection
[xUnit.net 00:02:42.93]                    ↓ (pos 0)
[xUnit.net 00:02:42.93]       Collection: ["PUT /api/identity/roles/{id:guid}: aimed at a reco"···, "PUT /api/identity/roles/{id:guid}: a record granti"···, "PUT /api/identity/roles/{id:guid} [permissions cha"···, "PUT /api/identity/roles/{id:guid} [permissions cha"···, "PUT /api/identity/roles/{id:guid} [permissions cha"···, ···]
[xUnit.net 00:02:42.93]       Stack Trace:
[xUnit.net 00:02:42.93]         /work/tests/Erp.Gates.Tests/SelfTests/GateSelfTests.cs(523,0): at Erp.Gates.Tests.SelfTests.GateSelfTests.The_grant_bearing_record_check_catches_a_role_delete_without_the_grant_check()
[xUnit.net 00:02:42.93]         --- End of stack trace from previous location ---
[xUnit.net 00:02:42.93]     Erp.Gates.Tests.SelfTests.GateSelfTests.The_grant_bearing_record_check_catches_an_edit_that_skips_the_access_check_when_only_the_email_changes [FAIL]
[xUnit.net 00:02:42.93]       Assert.DoesNotContain() Failure: Filter matched in collection
[xUnit.net 00:02:42.93]                    ↓ (pos 0)
[xUnit.net 00:02:42.93]       Collection: ["PUT /api/identity/roles/{id:guid}: aimed at a reco"···, "PUT /api/identity/roles/{id:guid}: a record granti"···, "PUT /api/identity/roles/{id:guid} [permissions cha"···, "PUT /api/identity/roles/{id:guid} [permissions cha"···, "PUT /api/identity/roles/{id:guid} [permissions cha"···, ···]
[xUnit.net 00:02:42.93]       Stack Trace:
[xUnit.net 00:02:42.93]         /work/tests/Erp.Gates.Tests/SelfTests/GateSelfTests.cs(539,0): at Erp.Gates.Tests.SelfTests.GateSelfTests.The_grant_bearing_record_check_catches_an_edit_that_skips_the_access_check_when_only_the_email_changes()
[xUnit.net 00:02:42.93]         --- End of stack trace from previous location ---
[xUnit.net 00:02:42.93]     Erp.Gates.Tests.SelfTests.GateSelfTests.The_grant_bearing_record_check_catches_role_checks_that_take_grants_held_in_one_company_as_held_everywhere [FAIL]
[xUnit.net 00:02:42.93]       Assert.DoesNotContain() Failure: Filter matched in collection
[xUnit.net 00:02:42.93]                    ↓ (pos 0)
[xUnit.net 00:02:42.93]       Collection: ["PUT /api/identity/roles/{id:guid}: aimed at a reco"···, "PUT /api/identity/roles/{id:guid}: a record granti"···, "PUT /api/identity/roles/{id:guid} [permissions cha"···, "PUT /api/identity/roles/{id:guid} [permissions cha"···, "PUT /api/identity/roles/{id:guid} [permissions cha"···, ···]
[xUnit.net 00:02:42.93]       Stack Trace:
[xUnit.net 00:02:42.93]         /work/tests/Erp.Gates.Tests/SelfTests/GateSelfTests.cs(607,0): at Erp.Gates.Tests.SelfTests.GateSelfTests.The_grant_bearing_record_check_catches_role_checks_that_take_grants_held_in_one_company_as_held_everywhere()
[xUnit.net 00:02:42.93]         --- End of stack trace from previous location ---
[xUnit.net 00:02:42.93]       Output:
[xUnit.net 00:02:42.93]         DELETE /api/leaky/company-roles/{id:guid}: aimed at a record granting every identity permission the caller lacks (none the caller holds), held across the workspace, by a user holding [identity.profile.update, identity.roles.create, identity.roles.delete, identity.roles.read, identity.roles.update, identity.signIns.read, identity.users.create, identity.users.delete, identity.users.read, identity.users.resetPassword, identity.users.update, leaky.data.delete, leaky.data.read, leaky.data.update, lists.views.share, reports.catalog.read, tenancy.access.read, tenancy.access.update, tenancy.branches.create, tenancy.branches.read, tenancy.branches.update, tenancy.companies.create, tenancy.companies.read, tenancy.companies.update, tenancy.tenant.read, tenancy.tenant.update, tenancy.workplace.read, tenancy.workplace.switch] only through a role in one company answered 204 (expected 403): 
[xUnit.net 00:02:42.93]         DELETE /api/leaky/company-roles/{id:guid}: a record granting every identity permission the caller lacks (none the caller holds), held across the workspace, changed when a user holding [identity.profile.update, identity.roles.create, identity.roles.delete, identity.roles.read, identity.roles.update, identity.signIns.read, identity.users.create, identity.users.delete, identity.users.read, identity.users.resetPassword, identity.users.update, leaky.data.delete, leaky.data.read, leaky.data.update, lists.views.share, reports.catalog.read, tenancy.access.read, tenancy.access.update, tenancy.branches.create, tenancy.branches.read, tenancy.branches.update, tenancy.companies.create, tenancy.companies.read, tenancy.companies.update, tenancy.tenant.read, tenancy.tenant.update, tenancy.workplace.read, tenancy.workplace.switch] only through a role in one company aimed at it: before 200 {"id":"8dc832fa-5ab6-4cdd-a527-e1397ef16d11","nameEn":"G2 117d9ce3yr1 1","nameAr":"G2 117d9ce3yr1 2","permissions":["identity.profile.update","identity.roles.create","identity.roles.delete","identity.roles.update","identity.signIns.read","identity.users.create","identity.users.delete","identity.…; after 404 
[xUnit.net 00:02:42.93]         DELETE /api/leaky/company-roles/{id:guid}: aimed at a record granting every identity permission the caller lacks (none the caller holds), held in one company only, the other one than where the caller holds it, by a user holding [identity.profile.update, identity.roles.create, identity.roles.delete, identity.roles.read, identity.roles.update, identity.signIns.read, identity.users.create, identity.users.delete, identity.users.read, identity.users.resetPassword, identity.users.update, leaky.data.delete, leaky.data.read, leaky.data.update, lists.views.share, reports.catalog.read, tenancy.access.read, tenancy.access.update, tenancy.branches.create, tenancy.branches.read, tenancy.branches.update, tenancy.companies.create, tenancy.companies.read, tenancy.companies.update, tenancy.tenant.read, tenancy.tenant.update, tenancy.workplace.read, tenancy.workplace.switch] only through a role in one company answered 204 (expected 403): 
[xUnit.net 00:02:42.93]         DELETE /api/leaky/company-roles/{id:guid}: a record granting every identity permission the caller lacks (none the caller holds), held in one company only, the other one than where the caller holds it, changed when a user holding [identity.profile.update, identity.roles.create, identity.roles.delete, identity.roles.read, identity.roles.update, identity.signIns.read, identity.users.create, identity.users.delete, identity.users.read, identity.users.resetPassword, identity.users.update, leaky.data.delete, leaky.data.read, leaky.data.update, lists.views.share, reports.catalog.read, tenancy.access.read, tenancy.access.update, tenancy.branches.create, tenancy.branches.read, tenancy.branches.update, tenancy.companies.create, tenancy.companies.read, tenancy.companies.update, tenancy.tenant.read, tenancy.tenant.update, tenancy.workplace.read, tenancy.workplace.switch] only through a role in one company aimed at it: before 200 {"id":"e1e5c912-1486-4ef6-b687-4b480f734c1b","nameEn":"G2 117d9ce3yr2 1","nameAr":"G2 117d9ce3yr2 2","permissions":["identity.profile.update","identity.roles.create","identity.roles.delete","identity.roles.update","identity.signIns.read","identity.users.create","identity.users.delete","identity.…; after 404 
[xUnit.net 00:02:42.93]         DELETE /api/leaky/company-roles/{id:guid}: aimed at a record granting every leaky permission the caller lacks (none the caller holds), held across the workspace, by a user holding [identity.profile.update, identity.roles.create, identity.roles.delete, identity.roles.read, identity.roles.update, identity.signIns.read, identity.users.create, identity.users.delete, identity.users.read, identity.users.resetPassword, identity.users.update, leaky.data.delete, leaky.data.read, leaky.data.update, lists.views.share, reports.catalog.read, tenancy.access.read, tenancy.access.update, tenancy.branches.create, tenancy.branches.read, tenancy.branches.update, tenancy.companies.create, tenancy.companies.read, tenancy.companies.update, tenancy.tenant.read, tenancy.tenant.update, tenancy.workplace.read, tenancy.workplace.switch] only through a role in one company answered 204 (expected 403): 
[xUnit.net 00:02:42.93]         DELETE /api/leaky/company-roles/{id:guid}: a record granting every leaky permission the caller lacks (none the caller holds), held across the workspace, changed when a user holding [identity.profile.update, identity.roles.create, identity.roles.delete, identity.roles.read, identity.roles.update, identity.signIns.read, identity.users.create, identity.users.delete, identity.users.read, identity.users.resetPassword, identity.users.update, leaky.data.delete, leaky.data.read, leaky.data.update, lists.views.share, reports.catalog.read, tenancy.access.read, tenancy.access.update, tenancy.branches.create, tenancy.branches.read, tenancy.branches.update, tenancy.companies.create, tenancy.companies.read, tenancy.companies.update, tenancy.tenant.read, tenancy.tenant.update, tenancy.workplace.read, tenancy.workplace.switch] only through a role in one company aimed at it: before 200 {"id":"bcb63551-1e4c-4f7e-870a-e5cd95ee5895","nameEn":"G2 117d9ce3yr3 1","nameAr":"G2 117d9ce3yr3 2","permissions":["leaky.data.read","leaky.data.update"],"isSystem":false}; after 404 
[xUnit.net 00:02:42.93]         DELETE /api/leaky/company-roles/{id:guid}: aimed at a record granting every leaky permission the caller lacks (none the caller holds), held in one company only, the other one than where the caller holds it, by a user holding [identity.profile.update, identity.roles.create, identity.roles.delete, identity.roles.read, identity.roles.update, identity.signIns.read, identity.users.create, identity.users.delete, identity.users.read, identity.users.resetPassword, identity.users.update, leaky.data.delete, leaky.data.read, leaky.data.update, lists.views.share, reports.catalog.read, tenancy.access.read, tenancy.access.update, tenancy.branches.create, tenancy.branches.read, tenancy.branches.update, tenancy.companies.create, tenancy.companies.read, tenancy.companies.update, tenancy.tenant.read, tenancy.tenant.update, tenancy.workplace.read, tenancy.workplace.switch] only through a role in one company answered 204 (expected 403): 
[xUnit.net 00:02:42.93]         DELETE /api/leaky/company-roles/{id:guid}: a record granting every leaky permission the caller lacks (none the caller holds), held in one company only, the other one than where the caller holds it, changed when a user holding [identity.profile.update, identity.roles.create, identity.roles.delete, identity.roles.read, identity.roles.update, identity.signIns.read, identity.users.create, identity.users.delete, identity.users.read, identity.users.resetPassword, identity.users.update, leaky.data.delete, leaky.data.read, leaky.data.update, lists.views.share, reports.catalog.read, tenancy.access.read, tenancy.access.update, tenancy.branches.create, tenancy.branches.read, tenancy.branches.update, tenancy.companies.create, tenancy.companies.read, tenancy.companies.update, tenancy.tenant.read, tenancy.tenant.update, tenancy.workplace.read, tenancy.workplace.switch] only through a role in one company aimed at it: before 200 {"id":"58994d63-e939-4ac8-ab03-3804bc488985","nameEn":"G2 117d9ce3yr4 1","nameAr":"G2 117d9ce3yr4 2","permissions":["leaky.data.read","leaky.data.update"],"isSystem":false}; after 404 
  Passed Erp.Gates.Tests.SelfTests.GateSelfTests.The_company_policy_check_catches_a_company_table_without_the_company_scope [28 ms]
  Failed Erp.Gates.Tests.SelfTests.GateSelfTests.The_grant_bearing_record_check_catches_a_role_delete_without_the_grant_check [5 ms]
  Error Message:
   Assert.DoesNotContain() Failure: Filter matched in collection
             ↓ (pos 0)
Collection: ["PUT /api/identity/roles/{id:guid}: aimed at a reco"···, "PUT /api/identity/roles/{id:guid}: a record granti"···, "PUT /api/identity/roles/{id:guid} [permissions cha"···, "PUT /api/identity/roles/{id:guid} [permissions cha"···, "PUT /api/identity/roles/{id:guid} [permissions cha"···, ···]
  Stack Trace:
     at Erp.Gates.Tests.SelfTests.GateSelfTests.The_grant_bearing_record_check_catches_a_role_delete_without_the_grant_check() in /work/tests/Erp.Gates.Tests/SelfTests/GateSelfTests.cs:line 523
--- End of stack trace from previous location ---
  Failed Erp.Gates.Tests.SelfTests.GateSelfTests.The_grant_bearing_record_check_catches_an_edit_that_skips_the_access_check_when_only_the_email_changes [< 1 ms]
  Error Message:
   Assert.DoesNotContain() Failure: Filter matched in collection
             ↓ (pos 0)
Collection: ["PUT /api/identity/roles/{id:guid}: aimed at a reco"···, "PUT /api/identity/roles/{id:guid}: a record granti"···, "PUT /api/identity/roles/{id:guid} [permissions cha"···, "PUT /api/identity/roles/{id:guid} [permissions cha"···, "PUT /api/identity/roles/{id:guid} [permissions cha"···, ···]
  Stack Trace:
     at Erp.Gates.Tests.SelfTests.GateSelfTests.The_grant_bearing_record_check_catches_an_edit_that_skips_the_access_check_when_only_the_email_changes() in /work/tests/Erp.Gates.Tests/SelfTests/GateSelfTests.cs:line 539
--- End of stack trace from previous location ---
  Passed Erp.Gates.Tests.SelfTests.GateSelfTests.The_set_takeover_check_catches_all_that_match_leaving_out_where_users_work [< 1 ms]
  Passed Erp.Gates.Tests.SelfTests.GateSelfTests.The_grant_escalation_check_catches_an_endpoint_that_grants_any_role [< 1 ms]
  Failed Erp.Gates.Tests.SelfTests.GateSelfTests.The_grant_bearing_record_check_catches_role_checks_that_take_grants_held_in_one_company_as_held_everywhere [1 ms]
  Error Message:
   Assert.DoesNotContain() Failure: Filter matched in collection
             ↓ (pos 0)
Collection: ["PUT /api/identity/roles/{id:guid}: aimed at a reco"···, "PUT /api/identity/roles/{id:guid}: a record granti"···, "PUT /api/identity/roles/{id:guid} [permissions cha"···, "PUT /api/identity/roles/{id:guid} [permissions cha"···, "PUT /api/identity/roles/{id:guid} [permissions cha"···, ···]
  Stack Trace:
     at Erp.Gates.Tests.SelfTests.GateSelfTests.The_grant_bearing_record_check_catches_role_checks_that_take_grants_held_in_one_company_as_held_everywhere() in /work/tests/Erp.Gates.Tests/SelfTests/GateSelfTests.cs:line 607
--- End of stack trace from previous location ---
  Standard Output Messages:
 DELETE /api/leaky/company-roles/{id:guid}: aimed at a record granting every identity permission the caller lacks (none the caller holds), held across the workspace, by a user holding [identity.profile.update, identity.roles.create, identity.roles.delete, identity.roles.read, identity.roles.update, identity.signIns.read, identity.users.create, identity.users.delete, identity.users.read, identity.users.resetPassword, identity.users.update, leaky.data.delete, leaky.data.read, leaky.data.update, lists.views.share, reports.catalog.read, tenancy.access.read, tenancy.access.update, tenancy.branches.create, tenancy.branches.read, tenancy.branches.update, tenancy.companies.create, tenancy.companies.read, tenancy.companies.update, tenancy.tenant.read, tenancy.tenant.update, tenancy.workplace.read, tenancy.workplace.switch] only through a role in one company answered 204 (expected 403): 
 DELETE /api/leaky/company-roles/{id:guid}: a record granting every identity permission the caller lacks (none the caller holds), held across the workspace, changed when a user holding [identity.profile.update, identity.roles.create, identity.roles.delete, identity.roles.read, identity.roles.update, identity.signIns.read, identity.users.create, identity.users.delete, identity.users.read, identity.users.resetPassword, identity.users.update, leaky.data.delete, leaky.data.read, leaky.data.update, lists.views.share, reports.catalog.read, tenancy.access.read, tenancy.access.update, tenancy.branches.create, tenancy.branches.read, tenancy.branches.update, tenancy.companies.create, tenancy.companies.read, tenancy.companies.update, tenancy.tenant.read, tenancy.tenant.update, tenancy.workplace.read, tenancy.workplace.switch] only through a role in one company aimed at it: before 200 {"id":"8dc832fa-5ab6-4cdd-a527-e1397ef16d11","nameEn":"G2 117d9ce3yr1 1","nameAr":"G2 117d9ce3yr1 2","permissions":["identity.profile.update","identity.roles.create","identity.roles.delete","identity.roles.update","identity.signIns.read","identity.users.create","identity.users.delete","identity.…; after 404 
 DELETE /api/leaky/company-roles/{id:guid}: aimed at a record granting every identity permission the caller lacks (none the caller holds), held in one company only, the other one than where the caller holds it, by a user holding [identity.profile.update, identity.roles.create, identity.roles.delete, identity.roles.read, identity.roles.update, identity.signIns.read, identity.users.create, identity.users.delete, identity.users.read, identity.users.resetPassword, identity.users.update, leaky.data.delete, leaky.data.read, leaky.data.update, lists.views.share, reports.catalog.read, tenancy.access.read, tenancy.access.update, tenancy.branches.create, tenancy.branches.read, tenancy.branches.update, tenancy.companies.create, tenancy.companies.read, tenancy.companies.update, tenancy.tenant.read, tenancy.tenant.update, tenancy.workplace.read, tenancy.workplace.switch] only through a role in one company answered 204 (expected 403): 
 DELETE /api/leaky/company-roles/{id:guid}: a record granting every identity permission the caller lacks (none the caller holds), held in one company only, the other one than where the caller holds it, changed when a user holding [identity.profile.update, identity.roles.create, identity.roles.delete, identity.roles.read, identity.roles.update, identity.signIns.read, identity.users.create, identity.users.delete, identity.users.read, identity.users.resetPassword, identity.users.update, leaky.data.delete, leaky.data.read, leaky.data.update, lists.views.share, reports.catalog.read, tenancy.access.read, tenancy.access.update, tenancy.branches.create, tenancy.branches.read, tenancy.branches.update, tenancy.companies.create, tenancy.companies.read, tenancy.companies.update, tenancy.tenant.read, tenancy.tenant.update, tenancy.workplace.read, tenancy.workplace.switch] only through a role in one company aimed at it: before 200 {"id":"e1e5c912-1486-4ef6-b687-4b480f734c1b","nameEn":"G2 117d9ce3yr2 1","nameAr":"G2 117d9ce3yr2 2","permissions":["identity.profile.update","identity.roles.create","identity.roles.delete","identity.roles.update","identity.signIns.read","identity.users.create","identity.users.delete","identity.…; after 404 
 DELETE /api/leaky/company-roles/{id:guid}: aimed at a record granting every leaky permission the caller lacks (none the caller holds), held across the workspace, by a user holding [identity.profile.update, identity.roles.create, identity.roles.delete, identity.roles.read, identity.roles.update, identity.signIns.read, identity.users.create, identity.users.delete, identity.users.read, identity.users.resetPassword, identity.users.update, leaky.data.delete, leaky.data.read, leaky.data.update, lists.views.share, reports.catalog.read, tenancy.access.read, tenancy.access.update, tenancy.branches.create, tenancy.branches.read, tenancy.branches.update, tenancy.companies.create, tenancy.companies.read, tenancy.companies.update, tenancy.tenant.read, tenancy.tenant.update, tenancy.workplace.read, tenancy.workplace.switch] only through a role in one company answered 204 (expected 403): 
 DELETE /api/leaky/company-roles/{id:guid}: a record granting every leaky permission the caller lacks (none the caller holds), held across the workspace, changed when a user holding [identity.profile.update, identity.roles.create, identity.roles.delete, identity.roles.read, identity.roles.update, identity.signIns.read, identity.users.create, identity.users.delete, identity.users.read, identity.users.resetPassword, identity.users.update, leaky.data.delete, leaky.data.read, leaky.data.update, lists.views.share, reports.catalog.read, tenancy.access.read, tenancy.access.update, tenancy.branches.create, tenancy.branches.read, tenancy.branches.update, tenancy.companies.create, tenancy.companies.read, tenancy.companies.update, tenancy.tenant.read, tenancy.tenant.update, tenancy.workplace.read, tenancy.workplace.switch] only through a role in one company aimed at it: before 200 {"id":"bcb63551-1e4c-4f7e-870a-e5cd95ee5895","nameEn":"G2 117d9ce3yr3 1","nameAr":"G2 117d9ce3yr3 2","permissions":["leaky.data.read","leaky.data.update"],"isSystem":false}; after 404 
 DELETE /api/leaky/company-roles/{id:guid}: aimed at a record granting every leaky permission the caller lacks (none the caller holds), held in one company only, the other one than where the caller holds it, by a user holding [identity.profile.update, identity.roles.create, identity.roles.delete, identity.roles.read, identity.roles.update, identity.signIns.read, identity.users.create, identity.users.delete, identity.users.read, identity.users.resetPassword, identity.users.update, leaky.data.delete, leaky.data.read, leaky.data.update, lists.views.share, reports.catalog.read, tenancy.access.read, tenancy.access.update, tenancy.branches.create, tenancy.branches.read, tenancy.branches.update, tenancy.companies.create, tenancy.companies.read, tenancy.companies.update, tenancy.tenant.read, tenancy.tenant.update, tenancy.workplace.read, tenancy.workplace.switch] only through a role in one company answered 204 (expected 403): 
 DELETE /api/leaky/company-roles/{id:guid}: a record granting every leaky permission the caller lacks (none the caller holds), held in one company only, the other one than where the caller holds it, changed when a user holding [identity.profile.update, identity.roles.create, identity.roles.delete, identity.roles.read, identity.roles.update, identity.signIns.read, identity.users.create, identity.users.delete, identity.users.read, identity.users.resetPassword, identity.users.update, leaky.data.delete, leaky.data.read, leaky.data.update, lists.views.share, reports.catalog.read, tenancy.access.read, tenancy.access.update, tenancy.branches.create, tenancy.branches.read, tenancy.branches.update, tenancy.companies.create, tenancy.companies.read, tenancy.companies.update, tenancy.tenant.read, tenancy.tenant.update, tenancy.workplace.read, tenancy.workplace.switch] only through a role in one company aimed at it: before 200 {"id":"58994d63-e939-4ac8-ab03-3804bc488985","nameEn":"G2 117d9ce3yr4 1","nameAr":"G2 117d9ce3yr4 2","permissions":["leaky.data.read","leaky.data.update"],"isSystem":false}; after 404 


  Passed Erp.Gates.Tests.SelfTests.GateSelfTests.The_permission_checks_catch_a_write_guarded_by_a_read_permission_and_a_read_that_writes [87 ms]
  Passed Erp.Gates.Tests.SelfTests.WriteOracleSelfTests.The_write_oracle_check_catches_a_write_telling_another_tenants_id_inside_a_list_of_objects_from_an_unknown_one [3 s]
  Passed Erp.Gates.Tests.SelfTests.WriteOracleSelfTests.The_write_oracle_check_catches_a_create_that_refuses_another_tenants_address [5 s]
  Passed Erp.Gates.Tests.SelfTests.ResponseTextSelfTests.Only_a_recent_instant_and_a_short_dated_text_are_scrubbed_as_the_print_stamp [1 ms]
  Passed Erp.Gates.Tests.SelfTests.ResponseTextSelfTests.A_compressed_pdf_and_a_zipped_workbook_are_read_for_their_text [24 ms]
  Passed Erp.Gates.Tests.SelfTests.ResponseTextSelfTests.Right_to_left_runs_are_also_given_in_logical_order [< 1 ms]
  Passed Erp.Gates.Tests.G1.G1ClientStateTests.Every_use_of_a_carrier_that_outlives_the_document_is_reviewed [33 ms]
  Passed Erp.Gates.Tests.G1.G1ClientStateTests.Every_piece_of_module_level_state_in_the_web_sources_is_reviewed [51 ms]
  Passed Erp.Gates.Tests.G1.G1ClientStateTests.The_carrier_inventory_finds_the_planted_cookie_and_window_name [9 ms]
  Passed Erp.Gates.Tests.G1.G1ClientStateTests.The_inventory_finds_planted_module_state [1 ms]
  Passed Erp.Gates.Tests.G1.G1SignInThrottleTests.Failed_sign_ins_from_one_client_never_lock_the_account_out_for_anyone_else [5 s]
[xUnit.net 00:03:05.91]     Erp.Gates.Tests.G2.G2AccountTakeoverTests.Acting_on_a_record_that_grants_access_needs_everything_it_grants [FAIL]
[xUnit.net 00:03:05.91]       PUT /api/identity/roles/{id:guid}: aimed at a record granting every identity permission the caller lacks (none the caller holds), held across the workspace, by a user holding [identity.profile.update, identity.roles.create, identity.roles.delete, identity.roles.read, identity.roles.update, identity.signIns.read, identity.users.create, identity.users.delete, identity.users.read, identity.users.resetPassword, identity.users.update, ledger.entries.post, ledger.entries.read, ledger.periods.close, lists.views.share, reports.catalog.read, tenancy.access.read, tenancy.access.update, tenancy.branches.create, tenancy.branches.read, tenancy.branches.update, tenancy.companies.create, tenancy.companies.read, tenancy.companies.update, tenancy.tenant.read, tenancy.tenant.update, tenancy.workplace.read, tenancy.workplace.switch] only through a role in one company answered 200 (expected 403): {"id":"01a1248a-bcdf-7699-9f1e-8a3734a71826","nameEn":"Edited 285b2afyk1","nameAr":"G2 285b2afyr1 2","permissions":["identity.profile.update","identity.roles.create","identity.roles.delete","identity.signIns.read","identity.users.create","identity.users.delete","identity.users.resetPassword","identi…
[xUnit.net 00:03:05.91]       PUT /api/identity/roles/{id:guid}: a record granting every identity permission the caller lacks (none the caller holds), held across the workspace, changed when a user holding [identity.profile.update, identity.roles.create, identity.roles.delete, identity.roles.read, identity.roles.update, identity.signIns.read, identity.users.create, identity.users.delete, identity.users.read, identity.users.resetPassword, identity.users.update, ledger.entries.post, ledger.entries.read, ledger.periods.close, lists.views.share, reports.catalog.read, tenancy.access.read, tenancy.access.update, tenancy.branches.create, tenancy.branches.read, tenancy.branches.update, tenancy.companies.create, tenancy.companies.read, tenancy.companies.update, tenancy.tenant.read, tenancy.tenant.update, tenancy.workplace.read, tenancy.workplace.switch] only through a role in one company aimed at it: before 200 {"id":"01a1248a-bcdf-7699-9f1e-8a3734a71826","nameEn":"G2 285b2afyr1 1","nameAr":"G2 285b2afyr1 2","permissions":["identity.profile.update","identity.roles.create","identity.roles.delete","identity.signIns.read","identity.users.create","identity.users.delete","identity.users.resetPassword","iden…; after 200 {"id":"01a1248a-bcdf-7699-9f1e-8a3734a71826","nameEn":"Edited 285b2afyk1","nameAr":"G2 285b2afyr1 2","permissions":["identity.profile.update","identity.roles.create","identity.roles.delete","identity.signIns.read","identity.users.create","identity.users.delete","identity.users.resetPassword","id…
[xUnit.net 00:03:05.91]       PUT /api/identity/roles/{id:guid} [permissions changed]: aimed at a record granting every identity permission the caller lacks (none the caller holds), held across the workspace, by a user holding [identity.profile.update, identity.roles.create, identity.roles.delete, identity.roles.read, identity.roles.update, identity.signIns.read, identity.users.create, identity.users.delete, identity.users.read, identity.users.resetPassword, identity.users.update, ledger.entries.post, ledger.entries.read, ledger.periods.close, lists.views.share, reports.catalog.read, tenancy.access.read, tenancy.access.update, tenancy.branches.create, tenancy.branches.read, tenancy.branches.update, tenancy.companies.create, tenancy.companies.read, tenancy.companies.update, tenancy.tenant.read, tenancy.tenant.update, tenancy.workplace.read, tenancy.workplace.switch] only through a role in one company answered 409 (expected 403): {"type":"urn:erp:problem:concurrency","title":"Someone else changed this record after you opened it. Reload it and try again.","status":409,"code":"concurrency","traceId":"0HNP6J440RRA2"}
[xUnit.net 00:03:05.91]       PUT /api/identity/roles/{id:guid} [permissions changed]: aimed at a record granting nothing, held across the workspace, given the permissions of a record granting every identity permission the caller lacks (none the caller holds), by a user holding [identity.profile.update, identity.roles.create, identity.roles.delete, identity.roles.read, identity.roles.update, identity.signIns.read, identity.users.create, identity.users.delete, identity.users.read, identity.users.resetPassword, identity.users.update, ledger.entries.post, ledger.entries.read, ledger.periods.close, lists.views.share, reports.catalog.read, tenancy.access.read, tenancy.access.update, tenancy.branches.create, tenancy.branches.read, tenancy.branches.update, tenancy.companies.create, tenancy.companies.read, tenancy.companies.update, tenancy.tenant.read, tenancy.tenant.update, tenancy.workplace.read, tenancy.workplace.switch] only through a role in one company answered 200 (expected 403): {"id":"01a1248a-bd5b-72e7-a141-a100a68f58bd","nameEn":"G2 285b2afye1 1","nameAr":"G2 285b2afye1 2","permissions":["identity.profile.update","identity.roles.create","identity.roles.delete","identity.signIns.read","identity.users.create","identity.users.delete","identity.users.resetPassword","identity…
[xUnit.net 00:03:05.91]       PUT /api/identity/roles/{id:guid} [permissions changed]: a record granting nothing, held across the workspace, given the permissions of a record granting every identity permission the caller lacks (none the caller holds), changed when a user holding [identity.profile.update, identity.roles.create, identity.roles.delete, identity.roles.read, identity.roles.update, identity.signIns.read, identity.users.create, identity.users.delete, identity.users.read, identity.users.resetPassword, identity.users.update, ledger.entries.post, ledger.entries.read, ledger.periods.close, lists.views.share, reports.catalog.read, tenancy.access.read, tenancy.access.update, tenancy.branches.create, tenancy.branches.read, tenancy.branches.update, tenancy.companies.create, tenancy.companies.read, tenancy.companies.update, tenancy.tenant.read, tenancy.tenant.update, tenancy.workplace.read, tenancy.workplace.switch] only through a role in one company aimed at it: before 200 {"id":"01a1248a-bd5b-72e7-a141-a100a68f58bd","nameEn":"G2 285b2afye1 1","nameAr":"G2 285b2afye1 2","permissions":[],"isSystem":false,"userCount":1,"version":4048481925}; after 200 {"id":"01a1248a-bd5b-72e7-a141-a100a68f58bd","nameEn":"G2 285b2afye1 1","nameAr":"G2 285b2afye1 2","permissions":["identity.profile.update","identity.roles.create","identity.roles.delete","identity.signIns.read","identity.users.create","identity.users.delete","identity.users.resetPassword","iden…
[xUnit.net 00:03:05.91]       PUT /api/identity/roles/{id:guid}: aimed at a record granting every identity permission the caller lacks (none the caller holds), held in one company only, the other one than where the caller holds it, by a user holding [identity.profile.update, identity.roles.create, identity.roles.delete, identity.roles.read, identity.roles.update, identity.signIns.read, identity.users.create, identity.users.delete, identity.users.read, identity.users.resetPassword, identity.users.update, ledger.entries.post, ledger.entries.read, ledger.periods.close, lists.views.share, reports.catalog.read, tenancy.access.read, tenancy.access.update, tenancy.branches.create, tenancy.branches.read, tenancy.branches.update, tenancy.companies.create, tenancy.companies.read, tenancy.companies.update, tenancy.tenant.read, tenancy.tenant.update, tenancy.workplace.read, tenancy.workplace.switch] only through a role in one company answered 200 (expected 403): {"id":"01a1248a-bde4-7b65-8aa1-87a77c028bdc","nameEn":"Edited 285b2afyk2","nameAr":"G2 285b2afyr2 2","permissions":["identity.profile.update","identity.roles.create","identity.roles.delete","identity.signIns.read","identity.users.create","identity.users.delete","identity.users.resetPassword","identi…
[xUnit.net 00:03:05.91]       PUT /api/identity/roles/{id:guid}: a record granting every identity permission the caller lacks (none the caller holds), held in one company only, the other one than where the caller holds it, changed when a user holding [identity.profile.update, identity.roles.create, identity.roles.delete, identity.roles.read, identity.roles.update, identity.signIns.read, identity.users.create, identity.users.delete, identity.users.read, identity.users.resetPassword, identity.users.update, ledger.entries.post, ledger.entries.read, ledger.periods.close, lists.views.share, reports.catalog.read, tenancy.access.read, tenancy.access.update, tenancy.branches.create, tenancy.branches.read, tenancy.branches.update, tenancy.companies.create, tenancy.companies.read, tenancy.companies.update, tenancy.tenant.read, tenancy.tenant.update, tenancy.workplace.read, tenancy.workplace.switch] only through a role in one company aimed at it: before 200 {"id":"01a1248a-bde4-7b65-8aa1-87a77c028bdc","nameEn":"G2 285b2afyr2 1","nameAr":"G2 285b2afyr2 2","permissions":["identity.profile.update","identity.roles.create","identity.roles.delete","identity.signIns.read","identity.users.create","identity.users.delete","identity.users.resetPassword","iden…; after 200 {"id":"01a1248a-bde4-7b65-8aa1-87a77c028bdc","nameEn":"Edited 285b2afyk2","nameAr":"G2 285b2afyr2 2","permissions":["identity.profile.update","identity.roles.create","identity.roles.delete","identity.signIns.read","identity.users.create","identity.users.delete","identity.users.resetPassword","id…
[xUnit.net 00:03:05.91]       PUT /api/identity/roles/{id:guid} [permissions changed]: aimed at a record granting every identity permission the caller lacks (none the caller holds), held in one company only, the other one than where the caller holds it, by a user holding [identity.profile.update, identity.roles.create, identity.roles.delete, identity.roles.read, identity.roles.update, identity.signIns.read, identity.users.create, identity.users.delete, identity.users.read, identity.users.resetPassword, identity.users.update, ledger.entries.post, ledger.entries.read, ledger.periods.close, lists.views.share, reports.catalog.read, tenancy.access.read, tenancy.access.update, tenancy.branches.create, tenancy.branches.read, tenancy.branches.update, tenancy.companies.create, tenancy.companies.read, tenancy.companies.update, tenancy.tenant.read, tenancy.tenant.update, tenancy.workplace.read, tenancy.workplace.switch] only through a role in one company answered 409 (expected 403): {"type":"urn:erp:problem:concurrency","title":"Someone else changed this record after you opened it. Reload it and try again.","status":409,"code":"concurrency","traceId":"0HNP6J440RRGT"}
[xUnit.net 00:03:05.91]       PUT /api/identity/roles/{id:guid} [permissions changed]: aimed at a record granting nothing, held in one company only, the other one than where the caller holds it, given the permissions of a record granting every identity permission the caller lacks (none the caller holds), by a user holding [identity.profile.update, identity.roles.create, identity.roles.delete, identity.roles.read, identity.roles.update, identity.signIns.read, identity.users.create, identity.users.delete, identity.users.read, identity.users.resetPassword, identity.users.update, ledger.entries.post, ledger.entries.read, ledger.periods.close, lists.views.share, reports.catalog.read, tenancy.access.read, tenancy.access.update, tenancy.branches.create, tenancy.branches.read, tenancy.branches.update, tenancy.companies.create, tenancy.companies.read, tenancy.companies.update, tenancy.tenant.read, tenancy.tenant.update, tenancy.workplace.read, tenancy.workplace.switch] only through a role in one company answered 200 (expected 403): {"id":"01a1248a-be53-7a35-b495-fb0f8ae7b2c4","nameEn":"G2 285b2afye2 1","nameAr":"G2 285b2afye2 2","permissions":["identity.profile.update","identity.roles.create","identity.roles.delete","identity.signIns.read","identity.users.create","identity.users.delete","identity.users.resetPassword","identity…
[xUnit.net 00:03:05.91]       PUT /api/identity/roles/{id:guid} [permissions changed]: a record granting nothing, held in one company only, the other one than where the caller holds it, given the permissions of a record granting every identity permission the caller lacks (none the caller holds), changed when a user holding [identity.profile.update, identity.roles.create, identity.roles.delete, identity.roles.read, identity.roles.update, identity.signIns.read, identity.users.create, identity.users.delete, identity.users.read, identity.users.resetPassword, identity.users.update, ledger.entries.post, ledger.entries.read, ledger.periods.close, lists.views.share, reports.catalog.read, tenancy.access.read, tenancy.access.update, tenancy.branches.create, tenancy.branches.read, tenancy.branches.update, tenancy.companies.create, tenancy.companies.read, tenancy.companies.update, tenancy.tenant.read, tenancy.tenant.update, tenancy.workplace.read, tenancy.workplace.switch] only through a role in one company aimed at it: before 200 {"id":"01a1248a-be53-7a35-b495-fb0f8ae7b2c4","nameEn":"G2 285b2afye2 1","nameAr":"G2 285b2afye2 2","permissions":[],"isSystem":false,"userCount":1,"version":3502861829}; after 200 {"id":"01a1248a-be53-7a35-b495-fb0f8ae7b2c4","nameEn":"G2 285b2afye2 1","nameAr":"G2 285b2afye2 2","permissions":["identity.profile.update","identity.roles.create","identity.roles.delete","identity.signIns.read","identity.users.create","identity.users.delete","identity.users.resetPassword","iden…
[xUnit.net 00:03:05.91]       PUT /api/identity/roles/{id:guid}: aimed at a record granting every ledger permission the caller lacks (none the caller holds), held across the workspace, by a user holding [identity.profile.update, identity.roles.create, identity.roles.delete, identity.roles.read, identity.roles.update, identity.signIns.read, identity.users.create, identity.users.delete, identity.users.read, identity.users.resetPassword, identity.users.update, ledger.entries.post, ledger.entries.read, ledger.periods.close, lists.views.share, reports.catalog.read, tenancy.access.read, tenancy.access.update, tenancy.branches.create, tenancy.branches.read, tenancy.branches.update, tenancy.companies.create, tenancy.companies.read, tenancy.companies.update, tenancy.tenant.read, tenancy.tenant.update, tenancy.workplace.read, tenancy.workplace.switch] only through a role in one company answered 200 (expected 403): {"id":"01a1248a-bedf-796e-80df-b442009d3f0d","nameEn":"Edited 285b2afyk3","nameAr":"G2 285b2afyr3 2","permissions":["ledger.entries.post","ledger.entries.read","ledger.periods.close"],"isSystem":false,"userCount":1,"version":2460411977}
[xUnit.net 00:03:05.91]       PUT /api/identity/roles/{id:guid}: a record granting every ledger permission the caller lacks (none the caller holds), held across the workspace, changed when a user holding [identity.profile.update, identity.roles.create, identity.roles.delete, identity.roles.read, identity.roles.update, identity.signIns.read, identity.users.create, identity.users.delete, identity.users.read, identity.users.resetPassword, identity.users.update, ledger.entries.post, ledger.entries.read, ledger.periods.close, lists.views.share, reports.catalog.read, tenancy.access.read, tenancy.access.update, tenancy.branches.create, tenancy.branches.read, tenancy.branches.update, tenancy.companies.create, tenancy.companies.read, tenancy.companies.update, tenancy.tenant.read, tenancy.tenant.update, tenancy.workplace.read, tenancy.workplace.switch] only through a role in one company aimed at it: before 200 {"id":"01a1248a-bedf-796e-80df-b442009d3f0d","nameEn":"G2 285b2afyr3 1","nameAr":"G2 285b2afyr3 2","permissions":["ledger.entries.post","ledger.entries.read","ledger.periods.close"],"isSystem":false,"userCount":1,"version":775715096}; after 200 {"id":"01a1248a-bedf-796e-80df-b442009d3f0d","nameEn":"Edited 285b2afyk3","nameAr":"G2 285b2afyr3 2","permissions":["ledger.entries.post","ledger.entries.read","ledger.periods.close"],"isSystem":false,"userCount":1,"version":2460411977}
[xUnit.net 00:03:05.91]       PUT /api/identity/roles/{id:guid} [permissions changed]: aimed at a record granting every ledger permission the caller lacks (none the caller holds), held across the workspace, by a user holding [identity.profile.update, identity.roles.create, identity.roles.delete, identity.roles.read, identity.roles.update, identity.signIns.read, identity.users.create, identity.users.delete, identity.users.read, identity.users.resetPassword, identity.users.update, ledger.entries.post, ledger.entries.read, ledger.periods.close, lists.views.share, reports.catalog.read, tenancy.access.read, tenancy.access.update, tenancy.branches.create, tenancy.branches.read, tenancy.branches.update, tenancy.companies.create, tenancy.companies.read, tenancy.companies.update, tenancy.tenant.read, tenancy.tenant.update, tenancy.workplace.read, tenancy.workplace.switch] only through a role in one company answered 409 (expected 403): {"type":"urn:erp:problem:concurrency","title":"Someone else changed this record after you opened it. Reload it and try again.","status":409,"code":"concurrency","traceId":"0HNP6J440RSO1"}
[xUnit.net 00:03:05.91]       PUT /api/identity/roles/{id:guid} [permissions changed]: aimed at a record granting nothing, held across the workspace, given the permissions of a record granting every ledger permission the caller lacks (none the caller holds), by a user holding [identity.profile.update, identity.roles.create, identity.roles.delete, identity.roles.read, identity.roles.update, identity.signIns.read, identity.users.create, identity.users.delete, identity.users.read, identity.users.resetPassword, identity.users.update, ledger.entries.post, ledger.entries.read, ledger.periods.close, lists.views.share, reports.catalog.read, tenancy.access.read, tenancy.access.update, tenancy.branches.create, tenancy.branches.read, tenancy.branches.update, tenancy.companies.create, tenancy.companies.read, tenancy.companies.update, tenancy.tenant.read, tenancy.tenant.update, tenancy.workplace.read, tenancy.workplace.switch] only through a role in one company answered 200 (expected 403): {"id":"01a1248a-bf93-7104-8c9b-7673f668519a","nameEn":"G2 285b2afye3 1","nameAr":"G2 285b2afye3 2","permissions":["ledger.entries.post","ledger.entries.read","ledger.periods.close"],"isSystem":false,"userCount":1,"version":3886122718}
[xUnit.net 00:03:05.91]       PUT /api/identity/roles/{id:guid} [permissions changed]: a record granting nothing, held across the workspace, given the permissions of a record granting every ledger permission the caller lacks (none the caller holds), changed when a user holding [identity.profile.update, identity.roles.create, identity.roles.delete, identity.roles.read, identity.roles.update, identity.signIns.read, identity.users.create, identity.users.delete, identity.users.read, identity.users.resetPassword, identity.users.update, ledger.entries.post, ledger.entries.read, ledger.periods.close, lists.views.share, reports.catalog.read, tenancy.access.read, tenancy.access.update, tenancy.branches.create, tenancy.branches.read, tenancy.branches.update, tenancy.companies.create, tenancy.companies.read, tenancy.companies.update, tenancy.tenant.read, tenancy.tenant.update, tenancy.workplace.read, tenancy.workplace.switch] only through a role in one company aimed at it: before 200 {"id":"01a1248a-bf93-7104-8c9b-7673f668519a","nameEn":"G2 285b2afye3 1","nameAr":"G2 285b2afye3 2","permissions":[],"isSystem":false,"userCount":1,"version":1937502273}; after 200 {"id":"01a1248a-bf93-7104-8c9b-7673f668519a","nameEn":"G2 285b2afye3 1","nameAr":"G2 285b2afye3 2","permissions":["ledger.entries.post","ledger.entries.read","ledger.periods.close"],"isSystem":false,"userCount":1,"version":3886122718}
[xUnit.net 00:03:05.91]       PUT /api/identity/roles/{id:guid}: aimed at a record granting every ledger permission the caller lacks (none the caller holds), held in one company only, the other one than where the caller holds it, by a user holding [identity.profile.update, identity.roles.create, identity.roles.delete, identity.roles.read, identity.roles.update, identity.signIns.read, identity.users.create, identity.users.delete, identity.users.read, identity.users.resetPassword, identity.users.update, ledger.entries.post, ledger.entries.read, ledger.periods.close, lists.views.share, reports.catalog.read, tenancy.access.read, tenancy.access.update, tenancy.branches.create, tenancy.branches.read, tenancy.branches.update, tenancy.companies.create, tenancy.companies.read, tenancy.companies.update, tenancy.tenant.read, tenancy.tenant.update, tenancy.workplace.read, tenancy.workplace.switch] only through a role in one company answered 200 (expected 403): {"id":"01a1248a-c066-726a-a923-ad5e6f8d9483","nameEn":"Edited 285b2afyk4","nameAr":"G2 285b2afyr4 2","permissions":["ledger.entries.post","ledger.entries.read","ledger.periods.close"],"isSystem":false,"userCount":1,"version":565881146}
[xUnit.net 00:03:05.91]       PUT /api/identity/roles/{id:guid}: a record granting every ledger permission the caller lacks (none the caller holds), held in one company only, the other one than where the caller holds it, changed when a user holding [identity.profile.update, identity.roles.create, identity.roles.delete, identity.roles.read, identity.roles.update, identity.signIns.read, identity.users.create, identity.users.delete, identity.users.read, identity.users.resetPassword, identity.users.update, ledger.entries.post, ledger.entries.read, ledger.periods.close, lists.views.share, reports.catalog.read, tenancy.access.read, tenancy.access.update, tenancy.branches.create, tenancy.branches.read, tenancy.branches.update, tenancy.companies.create, tenancy.companies.read, tenancy.companies.update, tenancy.tenant.read, tenancy.tenant.update, tenancy.workplace.read, tenancy.workplace.switch] only through a role in one company aimed at it: before 200 {"id":"01a1248a-c066-726a-a923-ad5e6f8d9483","nameEn":"G2 285b2afyr4 1","nameAr":"G2 285b2afyr4 2","permissions":["ledger.entries.post","ledger.entries.read","ledger.periods.close"],"isSystem":false,"userCount":1,"version":1135273808}; after 200 {"id":"01a1248a-c066-726a-a923-ad5e6f8d9483","nameEn":"Edited 285b2afyk4","nameAr":"G2 285b2afyr4 2","permissions":["ledger.entries.post","ledger.entries.read","ledger.periods.close"],"isSystem":false,"userCount":1,"version":565881146}
[xUnit.net 00:03:05.91]       PUT /api/identity/roles/{id:guid} [permissions changed]: aimed at a record granting every ledger permission the caller lacks (none the caller holds), held in one company only, the other one than where the caller holds it, by a user holding [identity.profile.update, identity.roles.create, identity.roles.delete, identity.roles.read, identity.roles.update, identity.signIns.read, identity.users.create, identity.users.delete, identity.users.read, identity.users.resetPassword, identity.users.update, ledger.entries.post, ledger.entries.read, ledger.periods.close, lists.views.share, reports.catalog.read, tenancy.access.read, tenancy.access.update, tenancy.branches.create, tenancy.branches.read, tenancy.branches.update, tenancy.companies.create, tenancy.companies.read, tenancy.companies.update, tenancy.tenant.read, tenancy.tenant.update, tenancy.workplace.read, tenancy.workplace.switch] only through a role in one company answered 409 (expected 403): {"type":"urn:erp:problem:concurrency","title":"Someone else changed this record after you opened it. Reload it and try again.","status":409,"code":"concurrency","traceId":"0HNP6J440RU7J"}
[xUnit.net 00:03:05.91]       PUT /api/identity/roles/{id:guid} [permissions changed]: aimed at a record granting nothing, held in one company only, the other one than where the caller holds it, given the permissions of a record granting every ledger permission the caller lacks (none the caller holds), by a user holding [identity.profile.update, identity.roles.create, identity.roles.delete, identity.roles.read, identity.roles.update, identity.signIns.read, identity.users.create, identity.users.delete, identity.users.read, identity.users.resetPassword, identity.users.update, ledger.entries.post, ledger.entries.read, ledger.periods.close, lists.views.share, reports.catalog.read, tenancy.access.read, tenancy.access.update, tenancy.branches.create, tenancy.branches.read, tenancy.branches.update, tenancy.companies.create, tenancy.companies.read, tenancy.companies.update, tenancy.tenant.read, tenancy.tenant.update, tenancy.workplace.read, tenancy.workplace.switch] only through a role in one company answered 200 (expected 403): {"id":"01a1248a-c100-7064-922a-85055be48bc3","nameEn":"G2 285b2afye4 1","nameAr":"G2 285b2afye4 2","permissions":["ledger.entries.post","ledger.entries.read","ledger.periods.close"],"isSystem":false,"userCount":1,"version":2633516269}
[xUnit.net 00:03:05.91]       PUT /api/identity/roles/{id:guid} [permissions changed]: a record granting nothing, held in one company only, the other one than where the caller holds it, given the permissions of a record granting every ledger permission the caller lacks (none the caller holds), changed when a user holding [identity.profile.update, identity.roles.create, identity.roles.delete, identity.roles.read, identity.roles.update, identity.signIns.read, identity.users.create, identity.users.delete, identity.users.read, identity.users.resetPassword, identity.users.update, ledger.entries.post, ledger.entries.read, ledger.periods.close, lists.views.share, reports.catalog.read, tenancy.access.read, tenancy.access.update, tenancy.branches.create, tenancy.branches.read, tenancy.branches.update, tenancy.companies.create, tenancy.companies.read, tenancy.companies.update, tenancy.tenant.read, tenancy.tenant.update, tenancy.workplace.read, tenancy.workplace.switch] only through a role in one company aimed at it: before 200 {"id":"01a1248a-c100-7064-922a-85055be48bc3","nameEn":"G2 285b2afye4 1","nameAr":"G2 285b2afye4 2","permissions":[],"isSystem":false,"userCount":1,"version":3199397995}; after 200 {"id":"01a1248a-c100-7064-922a-85055be48bc3","nameEn":"G2 285b2afye4 1","nameAr":"G2 285b2afye4 2","permissions":["ledger.entries.post","ledger.entries.read","ledger.periods.close"],"isSystem":false,"userCount":1,"version":2633516269}
[xUnit.net 00:03:05.91]       PUT /api/identity/roles/{id:guid}: aimed at a record granting only lists.views.share, held across the workspace, by a user holding [identity.profile.update, identity.roles.create, identity.roles.delete, identity.roles.read, identity.roles.update, identity.signIns.read, identity.users.create, identity.users.delete, identity.users.read, identity.users.resetPassword, identity.users.update, ledger.entries.post, ledger.entries.read, ledger.periods.close, lists.views.share, reports.catalog.read, tenancy.access.read, tenancy.access.update, tenancy.branches.create, tenancy.branches.read, tenancy.branches.update, tenancy.companies.create, tenancy.companies.read, tenancy.companies.update, tenancy.tenant.read, tenancy.tenant.update, tenancy.workplace.read, tenancy.workplace.switch] only through a role in one company answered 200 (expected 403): {"id":"01a1248a-c1cc-7b5f-af1c-64351a6f0cac","nameEn":"Edited 285b2afyk5","nameAr":"G2 285b2afyr5 2","permissions":["lists.views.share"],"isSystem":false,"userCount":1,"version":3065394424}
[xUnit.net 00:03:05.91]       PUT /api/identity/roles/{id:guid}: a record granting only lists.views.share, held across the workspace, changed when a user holding [identity.profile.update, identity.roles.create, identity.roles.delete, identity.roles.read, identity.roles.update, identity.signIns.read, identity.users.create, identity.users.delete, identity.users.read, identity.users.resetPassword, identity.users.update, ledger.entries.post, ledger.entries.read, ledger.periods.close, lists.views.share, reports.catalog.read, tenancy.access.read, tenancy.access.update, tenancy.branches.create, tenancy.branches.read, tenancy.branches.update, tenancy.companies.create, tenancy.companies.read, tenancy.companies.update, tenancy.tenant.read, tenancy.tenant.update, tenancy.workplace.read, tenancy.workplace.switch] only through a role in one company aimed at it: before 200 {"id":"01a1248a-c1cc-7b5f-af1c-64351a6f0cac","nameEn":"G2 285b2afyr5 1","nameAr":"G2 285b2afyr5 2","permissions":["lists.views.share"],"isSystem":false,"userCount":1,"version":3239966378}; after 200 {"id":"01a1248a-c1cc-7b5f-af1c-64351a6f0cac","nameEn":"Edited 285b2afyk5","nameAr":"G2 285b2afyr5 2","permissions":["lists.views.share"],"isSystem":false,"userCount":1,"version":3065394424}
[xUnit.net 00:03:05.91]       PUT /api/identity/roles/{id:guid} [permissions changed]: aimed at a record granting only lists.views.share, held across the workspace, by a user holding [identity.profile.update, identity.roles.create, identity.roles.delete, identity.roles.read, identity.roles.update, identity.signIns.read, identity.users.create, identity.users.delete, identity.users.read, identity.users.resetPassword, identity.users.update, ledger.entries.post, ledger.entries.read, ledger.periods.close, lists.views.share, reports.catalog.read, tenancy.access.read, tenancy.access.update, tenancy.branches.create, tenancy.branches.read, tenancy.branches.update, tenancy.companies.create, tenancy.companies.read, tenancy.companies.update, tenancy.tenant.read, tenancy.tenant.update, tenancy.workplace.read, tenancy.workplace.switch] only through a role in one company answered 409 (expected 403): {"type":"urn:erp:problem:concurrency","title":"Someone else changed this record after you opened it. Reload it and try again.","status":409,"code":"concurrency","traceId":"0HNP6J440RV72"}
[xUnit.net 00:03:05.91]       PUT /api/identity/roles/{id:guid} [permissions changed]: aimed at a record granting nothing, held across the workspace, given the permissions of a record granting only lists.views.share, by a user holding [identity.profile.update, identity.roles.create, identity.roles.delete, identity.roles.read, identity.roles.update, identity.signIns.read, identity.users.create, identity.users.delete, identity.users.read, identity.users.resetPassword, identity.users.update, ledger.entries.post, ledger.entries.read, ledger.periods.close, lists.views.share, reports.catalog.read, tenancy.access.read, tenancy.access.update, tenancy.branches.create, tenancy.branches.read, tenancy.branches.update, tenancy.companies.create, tenancy.companies.read, tenancy.companies.update, tenancy.tenant.read, tenancy.tenant.update, tenancy.workplace.read, tenancy.workplace.switch] only through a role in one company answered 200 (expected 403): {"id":"01a1248a-c278-7c01-af55-6dd9577ad1b8","nameEn":"G2 285b2afye5 1","nameAr":"G2 285b2afye5 2","permissions":["lists.views.share"],"isSystem":false,"userCount":1,"version":3033607116}
[xUnit.net 00:03:05.91]       PUT /api/identity/roles/{id:guid} [permissions changed]: a record granting nothing, held across the workspace, given the permissions of a record granting only lists.views.share, changed when a user holding [identity.profile.update, identity.roles.create, identity.roles.delete, identity.roles.read, identity.roles.update, identity.signIns.read, identity.users.create, identity.users.delete, identity.users.read, identity.users.resetPassword, identity.users.update, ledger.entries.post, ledger.entries.read, ledger.periods.close, lists.views.share, reports.catalog.read, tenancy.access.read, tenancy.access.update, tenancy.branches.create, tenancy.branches.read, tenancy.branches.update, tenancy.companies.create, tenancy.companies.read, tenancy.companies.update, tenancy.tenant.read, tenancy.tenant.update, tenancy.workplace.read, tenancy.workplace.switch] only through a role in one company aimed at it: before 200 {"id":"01a1248a-c278-7c01-af55-6dd9577ad1b8","nameEn":"G2 285b2afye5 1","nameAr":"G2 285b2afye5 2","permissions":[],"isSystem":false,"userCount":1,"version":1871028587}; after 200 {"id":"01a1248a-c278-7c01-af55-6dd9577ad1b8","nameEn":"G2 285b2afye5 1","nameAr":"G2 285b2afye5 2","permissions":["lists.views.share"],"isSystem":false,"userCount":1,"version":3033607116}
[xUnit.net 00:03:05.91]       PUT /api/identity/roles/{id:guid}: aimed at a record granting only lists.views.share, held in one company only, the other one than where the caller holds it, by a user holding [identity.profile.update, identity.roles.create, identity.roles.delete, identity.roles.read, identity.roles.update, identity.signIns.read, identity.users.create, identity.users.delete, identity.users.read, identity.users.resetPassword, identity.users.update, ledger.entries.post, ledger.entries.read, ledger.periods.close, lists.views.share, reports.catalog.read, tenancy.access.read, tenancy.access.update, tenancy.branches.create, tenancy.branches.read, tenancy.branches.update, tenancy.companies.create, tenancy.companies.read, tenancy.companies.update, tenancy.tenant.read, tenancy.tenant.update, tenancy.workplace.read, tenancy.workplace.switch] only through a role in one company answered 200 (expected 403): {"id":"01a1248a-c31b-73cb-95ab-7fafe39a8fe2","nameEn":"Edited 285b2afyk6","nameAr":"G2 285b2afyr6 2","permissions":["lists.views.share"],"isSystem":false,"userCount":1,"version":2118533926}
[xUnit.net 00:03:05.91]       PUT /api/identity/roles/{id:guid}: a record granting only lists.views.share, held in one company only, the other one than where the caller holds it, changed when a user holding [identity.profile.update, identity.roles.create, identity.roles.delete, identity.roles.read, identity.roles.update, identity.signIns.read, identity.users.create, identity.users.delete, identity.users.read, identity.users.resetPassword, identity.users.update, ledger.entries.post, ledger.entries.read, ledger.periods.close, lists.views.share, reports.catalog.read, tenancy.access.read, tenancy.access.update, tenancy.branches.create, tenancy.branches.read, tenancy.branches.update, tenancy.companies.create, tenancy.companies.read, tenancy.companies.update, tenancy.tenant.read, tenancy.tenant.update, tenancy.workplace.read, tenancy.workplace.switch] only through a role in one company aimed at it: before 200 {"id":"01a1248a-c31b-73cb-95ab-7fafe39a8fe2","nameEn":"G2 285b2afyr6 1","nameAr":"G2 285b2afyr6 2","permissions":["lists.views.share"],"isSystem":false,"userCount":1,"version":2538658580}; after 200 {"id":"01a1248a-c31b-73cb-95ab-7fafe39a8fe2","nameEn":"Edited 285b2afyk6","nameAr":"G2 285b2afyr6 2","permissions":["lists.views.share"],"isSystem":false,"userCount":1,"version":2118533926}
[xUnit.net 00:03:05.91]       PUT /api/identity/roles/{id:guid} [permissions changed]: aimed at a record granting only lists.views.share, held in one company only, the other one than where the caller holds it, by a user holding [identity.profile.update, identity.roles.create, identity.roles.delete, identity.roles.read, identity.roles.update, identity.signIns.read, identity.users.create, identity.users.delete, identity.users.read, identity.users.resetPassword, identity.users.update, ledger.entries.post, ledger.entries.read, ledger.periods.close, lists.views.share, reports.catalog.read, tenancy.access.read, tenancy.access.update, tenancy.branches.create, tenancy.branches.read, tenancy.branches.update, tenancy.companies.create, tenancy.companies.read, tenancy.companies.update, tenancy.tenant.read, tenancy.tenant.update, tenancy.workplace.read, tenancy.workplace.switch] only through a role in one company answered 409 (expected 403): {"type":"urn:erp:problem:concurrency","title":"Someone else changed this record after you opened it. Reload it and try again.","status":409,"code":"concurrency","traceId":"0HNP6J440RVE3"}
[xUnit.net 00:03:05.91]       PUT /api/identity/roles/{id:guid} [permissions changed]: aimed at a record granting nothing, held in one company only, the other one than where the caller holds it, given the permissions of a record granting only lists.views.share, by a user holding [identity.profile.update, identity.roles.create, identity.roles.delete, identity.roles.read, identity.roles.update, identity.signIns.read, identity.users.create, identity.users.delete, identity.users.read, identity.users.resetPassword, identity.users.update, ledger.entries.post, ledger.entries.read, ledger.periods.close, lists.views.share, reports.catalog.read, tenancy.access.read, tenancy.access.update, tenancy.branches.create, tenancy.branches.read, tenancy.branches.update, tenancy.companies.create, tenancy.companies.read, tenancy.companies.update, tenancy.tenant.read, tenancy.tenant.update, tenancy.workplace.read, tenancy.workplace.switch] only through a role in one company answered 200 (expected 403): {"id":"01a1248a-c396-754f-b0da-fc9f5ac07359","nameEn":"G2 285b2afye6 1","nameAr":"G2 285b2afye6 2","permissions":["lists.views.share"],"isSystem":false,"userCount":1,"version":1552116888}
[xUnit.net 00:03:05.91]       PUT /api/identity/roles/{id:guid} [permissions changed]: a record granting nothing, held in one company only, the other one than where the caller holds it, given the permissions of a record granting only lists.views.share, changed when a user holding [identity.profile.update, identity.roles.create, identity.roles.delete, identity.roles.read, identity.roles.update, identity.signIns.read, identity.users.create, identity.users.delete, identity.users.read, identity.users.resetPassword, identity.users.update, ledger.entries.post, ledger.entries.read, ledger.periods.close, lists.views.share, reports.catalog.read, tenancy.access.read, tenancy.access.update, tenancy.branches.create, tenancy.branches.read, tenancy.branches.update, tenancy.companies.create, tenancy.companies.read, tenancy.companies.update, tenancy.tenant.read, tenancy.tenant.update, tenancy.workplace.read, tenancy.workplace.switch] only through a role in one company aimed at it: before 200 {"id":"01a1248a-c396-754f-b0da-fc9f5ac07359","nameEn":"G2 285b2afye6 1","nameAr":"G2 285b2afye6 2","permissions":[],"isSystem":false,"userCount":1,"version":3793960814}; after 200 {"id":"01a1248a-c396-754f-b0da-fc9f5ac07359","nameEn":"G2 285b2afye6 1","nameAr":"G2 285b2afye6 2","permissions":["lists.views.share"],"isSystem":false,"userCount":1,"version":1552116888}
[xUnit.net 00:03:05.91]       PUT /api/identity/roles/{id:guid}: aimed at a record granting only reports.catalog.read, held across the workspace, by a user holding [identity.profile.update, identity.roles.create, identity.roles.delete, identity.roles.read, identity.roles.update, identity.signIns.read, identity.users.create, identity.users.delete, identity.users.read, identity.users.resetPassword, identity.users.update, ledger.entries.post, ledger.entries.read, ledger.periods.close, lists.views.share, reports.catalog.read, tenancy.access.read, tenancy.access.update, tenancy.branches.create, tenancy.branches.read, tenancy.branches.update, tenancy.companies.create, tenancy.companies.read, tenancy.companies.update, tenancy.tenant.read, tenancy.tenant.update, tenancy.workplace.read, tenancy.workplace.switch] only through a role in one company answered 200 (expected 403): {"id":"01a1248a-c425-7753-a572-e1b9d32d03cd","nameEn":"Edited 285b2afyk7","nameAr":"G2 285b2afyr7 2","permissions":["reports.catalog.read"],"isSystem":false,"userCount":1,"version":1197226638}
[xUnit.net 00:03:05.91]       PUT /api/identity/roles/{id:guid}: a record granting only reports.catalog.read, held across the workspace, changed when a user holding [identity.profile.update, identity.roles.create, identity.roles.delete, identity.roles.read, identity.roles.update, identity.signIns.read, identity.users.create, identity.users.delete, identity.users.read, identity.users.resetPassword, identity.users.update, ledger.entries.post, ledger.entries.read, ledger.periods.close, lists.views.share, reports.catalog.read, tenancy.access.read, tenancy.access.update, tenancy.branches.create, tenancy.branches.read, tenancy.branches.update, tenancy.companies.create, tenancy.companies.read, tenancy.companies.update, tenancy.tenant.read, tenancy.tenant.update, tenancy.workplace.read, tenancy.workplace.switch] only through a role in one company aimed at it: before 200 {"id":"01a1248a-c425-7753-a572-e1b9d32d03cd","nameEn":"G2 285b2afyr7 1","nameAr":"G2 285b2afyr7 2","permissions":["reports.catalog.read"],"isSystem":false,"userCount":1,"version":3033181098}; after 200 {"id":"01a1248a-c425-7753-a572-e1b9d32d03cd","nameEn":"Edited 285b2afyk7","nameAr":"G2 285b2afyr7 2","permissions":["reports.catalog.read"],"isSystem":false,"userCount":1,"version":1197226638}
[xUnit.net 00:03:05.91]       PUT /api/identity/roles/{id:guid} [permissions changed]: aimed at a record granting only reports.catalog.read, held across the workspace, by a user holding [identity.profile.update, identity.roles.create, identity.roles.delete, identity.roles.read, identity.roles.update, identity.signIns.read, identity.users.create, identity.users.delete, identity.users.read, identity.users.resetPassword, identity.users.update, ledger.entries.post, ledger.entries.read, ledger.periods.close, lists.views.share, reports.catalog.read, tenancy.access.read, tenancy.access.update, tenancy.branches.create, tenancy.branches.read, tenancy.branches.update, tenancy.companies.create, tenancy.companies.read, tenancy.companies.update, tenancy.tenant.read, tenancy.tenant.update, tenancy.workplace.read, tenancy.workplace.switch] only through a role in one company answered 409 (expected 403): {"type":"urn:erp:problem:concurrency","title":"Someone else changed this record after you opened it. Reload it and try again.","status":409,"code":"concurrency","traceId":"0HNP6J440S05T"}
[xUnit.net 00:03:05.91]       PUT /api/identity/roles/{id:guid} [permissions changed]: aimed at a record granting nothing, held across the workspace, given the permissions of a record granting only reports.catalog.read, by a user holding [identity.profile.update, identity.roles.create, identity.roles.delete, identity.roles.read, identity.roles.update, identity.signIns.read, identity.users.create, identity.users.delete, identity.users.read, identity.users.resetPassword, identity.users.update, ledger.entries.post, ledger.entries.read, ledger.periods.close, lists.views.share, reports.catalog.read, tenancy.access.read, tenancy.access.update, tenancy.branches.create, tenancy.branches.read, tenancy.branches.update, tenancy.companies.create, tenancy.companies.read, tenancy.companies.update, tenancy.tenant.read, tenancy.tenant.update, tenancy.workplace.read, tenancy.workplace.switch] only through a role in one company answered 200 (expected 403): {"id":"01a1248a-c4a8-71be-aea7-0dfaad88c9f3","nameEn":"G2 285b2afye7 1","nameAr":"G2 285b2afye7 2","permissions":["reports.catalog.read"],"isSystem":false,"userCount":1,"version":3456840733}
[xUnit.net 00:03:05.91]       PUT /api/identity/roles/{id:guid} [permissions changed]: a record granting nothing, held across the workspace, given the permissions of a record granting only reports.catalog.read, changed when a user holding [identity.profile.update, identity.roles.create, identity.roles.delete, identity.roles.read, identity.roles.update, identity.signIns.read, identity.users.create, identity.users.delete, identity.users.read, identity.users.resetPassword, identity.users.update, ledger.entries.post, ledger.entries.read, ledger.periods.close, lists.views.share, reports.catalog.read, tenancy.access.read, tenancy.access.update, tenancy.branches.create, tenancy.branches.read, tenancy.branches.update, tenancy.companies.create, tenancy.companies.read, tenancy.companies.update, tenancy.tenant.read, tenancy.tenant.update, tenancy.workplace.read, tenancy.workplace.switch] only through a role in one company aimed at it: before 200 {"id":"01a1248a-c4a8-71be-aea7-0dfaad88c9f3","nameEn":"G2 285b2afye7 1","nameAr":"G2 285b2afye7 2","permissions":[],"isSystem":false,"userCount":1,"version":848987363}; after 200 {"id":"01a1248a-c4a8-71be-aea7-0dfaad88c9f3","nameEn":"G2 285b2afye7 1","nameAr":"G2 285b2afye7 2","permissions":["reports.catalog.read"],"isSystem":false,"userCount":1,"version":3456840733}
[xUnit.net 00:03:05.91]       PUT /api/identity/roles/{id:guid}: aimed at a record granting only reports.catalog.read, held in one company only, the other one than where the caller holds it, by a user holding [identity.profile.update, identity.roles.create, identity.roles.delete, identity.roles.read, identity.roles.update, identity.signIns.read, identity.users.create, identity.users.delete, identity.users.read, identity.users.resetPassword, identity.users.update, ledger.entries.post, ledger.entries.read, ledger.periods.close, lists.views.share, reports.catalog.read, tenancy.access.read, tenancy.access.update, tenancy.branches.create, tenancy.branches.read, tenancy.branches.update, tenancy.companies.create, tenancy.companies.read, tenancy.companies.update, tenancy.tenant.read, tenancy.tenant.update, tenancy.workplace.read, tenancy.workplace.switch] only through a role in one company answered 200 (expected 403): {"id":"01a1248a-c587-78bf-b07d-f5d3a55e65f7","nameEn":"Edited 285b2afyk8","nameAr":"G2 285b2afyr8 2","permissions":["reports.catalog.read"],"isSystem":false,"userCount":1,"version":1648285779}
[xUnit.net 00:03:05.91]       PUT /api/identity/roles/{id:guid}: a record granting only reports.catalog.read, held in one company only, the other one than where the caller holds it, changed when a user holding [identity.profile.update, identity.roles.create, identity.roles.delete, identity.roles.read, identity.roles.update, identity.signIns.read, identity.users.create, identity.users.delete, identity.users.read, identity.users.resetPassword, identity.users.update, ledger.entries.post, ledger.entries.read, ledger.periods.close, lists.views.share, reports.catalog.read, tenancy.access.read, tenancy.access.update, tenancy.branches.create, tenancy.branches.read, tenancy.branches.update, tenancy.companies.create, tenancy.companies.read, tenancy.companies.update, tenancy.tenant.read, tenancy.tenant.update, tenancy.workplace.read, tenancy.workplace.switch] only through a role in one company aimed at it: before 200 {"id":"01a1248a-c587-78bf-b07d-f5d3a55e65f7","nameEn":"G2 285b2afyr8 1","nameAr":"G2 285b2afyr8 2","permissions":["reports.catalog.read"],"isSystem":false,"userCount":1,"version":3738819884}; after 200 {"id":"01a1248a-c587-78bf-b07d-f5d3a55e65f7","nameEn":"Edited 285b2afyk8","nameAr":"G2 285b2afyr8 2","permissions":["reports.catalog.read"],"isSystem":false,"userCount":1,"version":1648285779}
[xUnit.net 00:03:05.91]       PUT /api/identity/roles/{id:guid} [permissions changed]: aimed at a record granting only reports.catalog.read, held in one company only, the other one than where the caller holds it, by a user holding [identity.profile.update, identity.roles.create, identity.roles.delete, identity.roles.read, identity.roles.update, identity.signIns.read, identity.users.create, identity.users.delete, identity.users.read, identity.users.resetPassword, identity.users.update, ledger.entries.post, ledger.entries.read, ledger.periods.close, lists.views.share, reports.catalog.read, tenancy.access.read, tenancy.access.update, tenancy.branches.create, tenancy.branches.read, tenancy.branches.update, tenancy.companies.create, tenancy.companies.read, tenancy.companies.update, tenancy.tenant.read, tenancy.tenant.update, tenancy.workplace.read, tenancy.workplace.switch] only through a role in one company answered 409 (expected 403): {"type":"urn:erp:problem:concurrency","title":"Someone else changed this record after you opened it. Reload it and try again.","status":409,"code":"concurrency","traceId":"0HNP6J440S17B"}
[xUnit.net 00:03:05.91]       PUT /api/identity/roles/{id:guid} [permissions changed]: aimed at a record granting nothing, held in one company only, the other one than where the caller holds it, given the permissions of a record granting only reports.catalog.read, by a user holding [identity.profile.update, identity.roles.create, identity.roles.delete, identity.roles.read, identity.roles.update, identity.signIns.read, identity.users.create, identity.users.delete, identity.users.read, identity.users.resetPassword, identity.users.update, ledger.entries.post, ledger.entries.read, ledger.periods.close, lists.views.share, reports.catalog.read, tenancy.access.read, tenancy.access.update, tenancy.branches.create, tenancy.branches.read, tenancy.branches.update, tenancy.companies.create, tenancy.companies.read, tenancy.companies.update, tenancy.tenant.read, tenancy.tenant.update, tenancy.workplace.read, tenancy.workplace.switch] only through a role in one company answered 200 (expected 403): {"id":"01a1248a-c619-756c-a69c-b49fa3b0c01e","nameEn":"G2 285b2afye8 1","nameAr":"G2 285b2afye8 2","permissions":["reports.catalog.read"],"isSystem":false,"userCount":1,"version":1136821044}
[xUnit.net 00:03:05.91]       PUT /api/identity/roles/{id:guid} [permissions changed]: a record granting nothing, held in one company only, the other one than where the caller holds it, given the permissions of a record granting only reports.catalog.read, changed when a user holding [identity.profile.update, identity.roles.create, identity.roles.delete, identity.roles.read, identity.roles.update, identity.signIns.read, identity.users.create, identity.users.delete, identity.users.read, identity.users.resetPassword, identity.users.update, ledger.entries.post, ledger.entries.read, ledger.periods.close, lists.views.share, reports.catalog.read, tenancy.access.read, tenancy.access.update, tenancy.branches.create, tenancy.branches.read, tenancy.branches.update, tenancy.companies.create, tenancy.companies.read, tenancy.companies.update, tenancy.tenant.read, tenancy.tenant.update, tenancy.workplace.read, tenancy.workplace.switch] only through a role in one company aimed at it: before 200 {"id":"01a1248a-c619-756c-a69c-b49fa3b0c01e","nameEn":"G2 285b2afye8 1","nameAr":"G2 285b2afye8 2","permissions":[],"isSystem":false,"userCount":1,"version":2736891965}; after 200 {"id":"01a1248a-c619-756c-a69c-b49fa3b0c01e","nameEn":"G2 285b2afye8 1","nameAr":"G2 285b2afye8 2","permissions":["reports.catalog.read"],"isSystem":false,"userCount":1,"version":1136821044}
[xUnit.net 00:03:05.91]       PUT /api/identity/roles/{id:guid}: aimed at a record granting every tenancy permission the caller lacks (none the caller holds), held across the workspace, by a user holding [identity.profile.update, identity.roles.create, identity.roles.delete, identity.roles.read, identity.roles.update, identity.signIns.read, identity.users.create, identity.users.delete, identity.users.read, identity.users.resetPassword, identity.users.update, ledger.entries.post, ledger.entries.read, ledger.periods.close, lists.views.share, reports.catalog.read, tenancy.access.read, tenancy.access.update, tenancy.branches.create, tenancy.branches.read, tenancy.branches.update, tenancy.companies.create, tenancy.companies.read, tenancy.companies.update, tenancy.tenant.read, tenancy.tenant.update, tenancy.workplace.read, tenancy.workplace.switch] only through a role in one company answered 200 (expected 403): {"id":"01a1248a-c6e8-7257-9dad-efddfc886231","nameEn":"Edited 285b2afyk9","nameAr":"G2 285b2afyr9 2","permissions":["tenancy.access.read","tenancy.access.update","tenancy.branches.create","tenancy.branches.read","tenancy.branches.update","tenancy.companies.create","tenancy.companies.read","tenancy.c…
[xUnit.net 00:03:05.91]       PUT /api/identity/roles/{id:guid}: a record granting every tenancy permission the caller lacks (none the caller holds), held across the workspace, changed when a user holding [identity.profile.update, identity.roles.create, identity.roles.delete, identity.roles.read, identity.roles.update, identity.signIns.read, identity.users.create, identity.users.delete, identity.users.read, identity.users.resetPassword, identity.users.update, ledger.entries.post, ledger.entries.read, ledger.periods.close, lists.views.share, reports.catalog.read, tenancy.access.read, tenancy.access.update, tenancy.branches.create, tenancy.branches.read, tenancy.branches.update, tenancy.companies.create, tenancy.companies.read, tenancy.companies.update, tenancy.tenant.read, tenancy.tenant.update, tenancy.workplace.read, tenancy.workplace.switch] only through a role in one company aimed at it: before 200 {"id":"01a1248a-c6e8-7257-9dad-efddfc886231","nameEn":"G2 285b2afyr9 1","nameAr":"G2 285b2afyr9 2","permissions":["tenancy.access.read","tenancy.access.update","tenancy.branches.create","tenancy.branches.read","tenancy.branches.update","tenancy.companies.create","tenancy.companies.read","tenancy…; after 200 {"id":"01a1248a-c6e8-7257-9dad-efddfc886231","nameEn":"Edited 285b2afyk9","nameAr":"G2 285b2afyr9 2","permissions":["tenancy.access.read","tenancy.access.update","tenancy.branches.create","tenancy.branches.read","tenancy.branches.update","tenancy.companies.create","tenancy.companies.read","tenan…
[xUnit.net 00:03:05.91]       PUT /api/identity/roles/{id:guid} [permissions changed]: aimed at a record granting every tenancy permission the caller lacks (none the caller holds), held across the workspace, by a user holding [identity.profile.update, identity.roles.create, identity.roles.delete, identity.roles.read, identity.roles.update, identity.signIns.read, identity.users.create, identity.users.delete, identity.users.read, identity.users.resetPassword, identity.users.update, ledger.entries.post, ledger.entries.read, ledger.periods.close, lists.views.share, reports.catalog.read, tenancy.access.read, tenancy.access.update, tenancy.branches.create, tenancy.branches.read, tenancy.branches.update, tenancy.companies.create, tenancy.companies.read, tenancy.companies.update, tenancy.tenant.read, tenancy.tenant.update, tenancy.workplace.read, tenancy.workplace.switch] only through a role in one company answered 409 (expected 403): {"type":"urn:erp:problem:concurrency","title":"Someone else changed this record after you opened it. Reload it and try again.","status":409,"code":"concurrency","traceId":"0HNP6J440S2J4"}
[xUnit.net 00:03:05.91]       PUT /api/identity/roles/{id:guid} [permissions changed]: aimed at a record granting nothing, held across the workspace, given the permissions of a record granting every tenancy permission the caller lacks (none the caller holds), by a user holding [identity.profile.update, identity.roles.create, identity.roles.delete, identity.roles.read, identity.roles.update, identity.signIns.read, identity.users.create, identity.users.delete, identity.users.read, identity.users.resetPassword, identity.users.update, ledger.entries.post, ledger.entries.read, ledger.periods.close, lists.views.share, reports.catalog.read, tenancy.access.read, tenancy.access.update, tenancy.branches.create, tenancy.branches.read, tenancy.branches.update, tenancy.companies.create, tenancy.companies.read, tenancy.companies.update, tenancy.tenant.read, tenancy.tenant.update, tenancy.workplace.read, tenancy.workplace.switch] only through a role in one company answered 200 (expected 403): {"id":"01a1248a-c783-702c-b036-21d85c5e02de","nameEn":"G2 285b2afye9 1","nameAr":"G2 285b2afye9 2","permissions":["tenancy.access.read","tenancy.access.update","tenancy.branches.create","tenancy.branches.read","tenancy.branches.update","tenancy.companies.create","tenancy.companies.read","tenancy.com…
[xUnit.net 00:03:05.91]       PUT /api/identity/roles/{id:guid} [permissions changed]: a record granting nothing, held across the workspace, given the permissions of a record granting every tenancy permission the caller lacks (none the caller holds), changed when a user holding [identity.profile.update, identity.roles.create, identity.roles.delete, identity.roles.read, identity.roles.update, identity.signIns.read, identity.users.create, identity.users.delete, identity.users.read, identity.users.resetPassword, identity.users.update, ledger.entries.post, ledger.entries.read, ledger.periods.close, lists.views.share, reports.catalog.read, tenancy.access.read, tenancy.access.update, tenancy.branches.create, tenancy.branches.read, tenancy.branches.update, tenancy.companies.create, tenancy.companies.read, tenancy.companies.update, tenancy.tenant.read, tenancy.tenant.update, tenancy.workplace.read, tenancy.workplace.switch] only through a role in one company aimed at it: before 200 {"id":"01a1248a-c783-702c-b036-21d85c5e02de","nameEn":"G2 285b2afye9 1","nameAr":"G2 285b2afye9 2","permissions":[],"isSystem":false,"userCount":1,"version":2497399552}; after 200 {"id":"01a1248a-c783-702c-b036-21d85c5e02de","nameEn":"G2 285b2afye9 1","nameAr":"G2 285b2afye9 2","permissions":["tenancy.access.read","tenancy.access.update","tenancy.branches.create","tenancy.branches.read","tenancy.branches.update","tenancy.companies.create","tenancy.companies.read","tenancy…
[xUnit.net 00:03:05.91]       PUT /api/identity/roles/{id:guid}: aimed at a record granting every tenancy permission the caller lacks (none the caller holds), held in one company only, the other one than where the caller holds it, by a user holding [identity.profile.update, identity.roles.create, identity.roles.delete, identity.roles.read, identity.roles.update, identity.signIns.read, identity.users.create, identity.users.delete, identity.users.read, identity.users.resetPassword, identity.users.update, ledger.entries.post, ledger.entries.read, ledger.periods.close, lists.views.share, reports.catalog.read, tenancy.access.read, tenancy.access.update, tenancy.branches.create, tenancy.branches.read, tenancy.branches.update, tenancy.companies.create, tenancy.companies.read, tenancy.companies.update, tenancy.tenant.read, tenancy.tenant.update, tenancy.workplace.read, tenancy.workplace.switch] only through a role in one company answered 200 (expected 403): {"id":"01a1248a-c854-719c-97f9-18496a330dd0","nameEn":"Edited 285b2afyk10","nameAr":"G2 285b2afyr10 2","permissions":["tenancy.access.read","tenancy.access.update","tenancy.branches.create","tenancy.branches.read","tenancy.branches.update","tenancy.companies.create","tenancy.companies.read","tenancy…
[xUnit.net 00:03:05.91]       PUT /api/identity/roles/{id:guid}: a record granting every tenancy permission the caller lacks (none the caller holds), held in one company only, the other one than where the caller holds it, changed when a user holding [identity.profile.update, identity.roles.create, identity.roles.delete, identity.roles.read, identity.roles.update, identity.signIns.read, identity.users.create, identity.users.delete, identity.users.read, identity.users.resetPassword, identity.users.update, ledger.entries.post, ledger.entries.read, ledger.periods.close, lists.views.share, reports.catalog.read, tenancy.access.read, tenancy.access.update, tenancy.branches.create, tenancy.branches.read, tenancy.branches.update, tenancy.companies.create, tenancy.companies.read, tenancy.companies.update, tenancy.tenant.read, tenancy.tenant.update, tenancy.workplace.read, tenancy.workplace.switch] only through a role in one company aimed at it: before 200 {"id":"01a1248a-c854-719c-97f9-18496a330dd0","nameEn":"G2 285b2afyr10 1","nameAr":"G2 285b2afyr10 2","permissions":["tenancy.access.read","tenancy.access.update","tenancy.branches.create","tenancy.branches.read","tenancy.branches.update","tenancy.companies.create","tenancy.companies.read","tenan…; after 200 {"id":"01a1248a-c854-719c-97f9-18496a330dd0","nameEn":"Edited 285b2afyk10","nameAr":"G2 285b2afyr10 2","permissions":["tenancy.access.read","tenancy.access.update","tenancy.branches.create","tenancy.branches.read","tenancy.branches.update","tenancy.companies.create","tenancy.companies.read","ten…
[xUnit.net 00:03:05.91]       PUT /api/identity/roles/{id:guid} [permissions changed]: aimed at a record granting every tenancy permission the caller lacks (none the caller holds), held in one company only, the other one than where the caller holds it, by a user holding [identity.profile.update, identity.roles.create, identity.roles.delete, identity.roles.read, identity.roles.update, identity.signIns.read, identity.users.create, identity.users.delete, identity.users.read, identity.users.resetPassword, identity.users.update, ledger.entries.post, ledger.entries.read, ledger.periods.close, lists.views.share, reports.catalog.read, tenancy.access.read, tenancy.access.update, tenancy.branches.create, tenancy.branches.read, tenancy.branches.update, tenancy.companies.create, tenancy.companies.read, tenancy.companies.update, tenancy.tenant.read, tenancy.tenant.update, tenancy.workplace.read, tenancy.workplace.switch] only through a role in one company answered 409 (expected 403): {"type":"urn:erp:problem:concurrency","title":"Someone else changed this record after you opened it. Reload it and try again.","status":409,"code":"concurrency","traceId":"0HNP6J440S3UU"}
[xUnit.net 00:03:05.91]       PUT /api/identity/roles/{id:guid} [permissions changed]: aimed at a record granting nothing, held in one company only, the other one than where the caller holds it, given the permissions of a record granting every tenancy permission the caller lacks (none the caller holds), by a user holding [identity.profile.update, identity.roles.create, identity.roles.delete, identity.roles.read, identity.roles.update, identity.signIns.read, identity.users.create, identity.users.delete, identity.users.read, identity.users.resetPassword, identity.users.update, ledger.entries.post, ledger.entries.read, ledger.periods.close, lists.views.share, reports.catalog.read, tenancy.access.read, tenancy.access.update, tenancy.branches.create, tenancy.branches.read, tenancy.branches.update, tenancy.companies.create, tenancy.companies.read, tenancy.companies.update, tenancy.tenant.read, tenancy.tenant.update, tenancy.workplace.read, tenancy.workplace.switch] only through a role in one company answered 200 (expected 403): {"id":"01a1248a-c901-77b7-bf57-8f5090c7bd60","nameEn":"G2 285b2afye10 1","nameAr":"G2 285b2afye10 2","permissions":["tenancy.access.read","tenancy.access.update","tenancy.branches.create","tenancy.branches.read","tenancy.branches.update","tenancy.companies.create","tenancy.companies.read","tenancy.c…
[xUnit.net 00:03:05.91]       PUT /api/identity/roles/{id:guid} [permissions changed]: a record granting nothing, held in one company only, the other one than where the caller holds it, given the permissions of a record granting every tenancy permission the caller lacks (none the caller holds), changed when a user holding [identity.profile.update, identity.roles.create, identity.roles.delete, identity.roles.read, identity.roles.update, identity.signIns.read, identity.users.create, identity.users.delete, identity.users.read, identity.users.resetPassword, identity.users.update, ledger.entries.post, ledger.entries.read, ledger.periods.close, lists.views.share, reports.catalog.read, tenancy.access.read, tenancy.access.update, tenancy.branches.create, tenancy.branches.read, tenancy.branches.update, tenancy.companies.create, tenancy.companies.read, tenancy.companies.update, tenancy.tenant.read, tenancy.tenant.update, tenancy.workplace.read, tenancy.workplace.switch] only through a role in one company aimed at it: before 200 {"id":"01a1248a-c901-77b7-bf57-8f5090c7bd60","nameEn":"G2 285b2afye10 1","nameAr":"G2 285b2afye10 2","permissions":[],"isSystem":false,"userCount":1,"version":1899523377}; after 200 {"id":"01a1248a-c901-77b7-bf57-8f5090c7bd60","nameEn":"G2 285b2afye10 1","nameAr":"G2 285b2afye10 2","permissions":["tenancy.access.read","tenancy.access.update","tenancy.branches.create","tenancy.branches.read","tenancy.branches.update","tenancy.companies.create","tenancy.companies.read","tenan…
[xUnit.net 00:03:05.91]       Stack Trace:
[xUnit.net 00:03:05.91]         /work/tests/Erp.Gates.Tests/G2/G2AccountTakeoverTests.cs(493,0): at Erp.Gates.Tests.G2.G2AccountTakeoverTests.Acting_on_a_record_that_grants_access_needs_everything_it_grants()
[xUnit.net 00:03:05.91]         --- End of stack trace from previous location ---
[xUnit.net 00:03:05.91]       Output:
[xUnit.net 00:03:05.91]         10 endpoints acting on grant-bearing records checked: DELETE /api/identity/roles/{id:guid}, PUT /api/identity/roles/{id:guid}, POST /api/identity/roles/{id:guid}/copy, DELETE /api/identity/users/{id:guid}, PUT /api/identity/users/{id:guid}, PUT /api/identity/users/{id:guid}/default-company, DELETE /api/identity/users/{id:guid}/passkeys, POST /api/identity/users/{id:guid}/password, POST /api/identity/users/{id:guid}/sessions/revoke, POST /api/identity/users/{id:guid}/unblock
  Failed Erp.Gates.Tests.G2.G2AccountTakeoverTests.Acting_on_a_record_that_grants_access_needs_everything_it_grants [28 s]
  Error Message:
   PUT /api/identity/roles/{id:guid}: aimed at a record granting every identity permission the caller lacks (none the caller holds), held across the workspace, by a user holding [identity.profile.update, identity.roles.create, identity.roles.delete, identity.roles.read, identity.roles.update, identity.signIns.read, identity.users.create, identity.users.delete, identity.users.read, identity.users.resetPassword, identity.users.update, ledger.entries.post, ledger.entries.read, ledger.periods.close, lists.views.share, reports.catalog.read, tenancy.access.read, tenancy.access.update, tenancy.branches.create, tenancy.branches.read, tenancy.branches.update, tenancy.companies.create, tenancy.companies.read, tenancy.companies.update, tenancy.tenant.read, tenancy.tenant.update, tenancy.workplace.read, tenancy.workplace.switch] only through a role in one company answered 200 (expected 403): {"id":"01a1248a-bcdf-7699-9f1e-8a3734a71826","nameEn":"Edited 285b2afyk1","nameAr":"G2 285b2afyr1 2","permissions":["identity.profile.update","identity.roles.create","identity.roles.delete","identity.signIns.read","identity.users.create","identity.users.delete","identity.users.resetPassword","identi…
PUT /api/identity/roles/{id:guid}: a record granting every identity permission the caller lacks (none the caller holds), held across the workspace, changed when a user holding [identity.profile.update, identity.roles.create, identity.roles.delete, identity.roles.read, identity.roles.update, identity.signIns.read, identity.users.create, identity.users.delete, identity.users.read, identity.users.resetPassword, identity.users.update, ledger.entries.post, ledger.entries.read, ledger.periods.close, lists.views.share, reports.catalog.read, tenancy.access.read, tenancy.access.update, tenancy.branches.create, tenancy.branches.read, tenancy.branches.update, tenancy.companies.create, tenancy.companies.read, tenancy.companies.update, tenancy.tenant.read, tenancy.tenant.update, tenancy.workplace.read, tenancy.workplace.switch] only through a role in one company aimed at it: before 200 {"id":"01a1248a-bcdf-7699-9f1e-8a3734a71826","nameEn":"G2 285b2afyr1 1","nameAr":"G2 285b2afyr1 2","permissions":["identity.profile.update","identity.roles.create","identity.roles.delete","identity.signIns.read","identity.users.create","identity.users.delete","identity.users.resetPassword","iden…; after 200 {"id":"01a1248a-bcdf-7699-9f1e-8a3734a71826","nameEn":"Edited 285b2afyk1","nameAr":"G2 285b2afyr1 2","permissions":["identity.profile.update","identity.roles.create","identity.roles.delete","identity.signIns.read","identity.users.create","identity.users.delete","identity.users.resetPassword","id…
PUT /api/identity/roles/{id:guid} [permissions changed]: aimed at a record granting every identity permission the caller lacks (none the caller holds), held across the workspace, by a user holding [identity.profile.update, identity.roles.create, identity.roles.delete, identity.roles.read, identity.roles.update, identity.signIns.read, identity.users.create, identity.users.delete, identity.users.read, identity.users.resetPassword, identity.users.update, ledger.entries.post, ledger.entries.read, ledger.periods.close, lists.views.share, reports.catalog.read, tenancy.access.read, tenancy.access.update, tenancy.branches.create, tenancy.branches.read, tenancy.branches.update, tenancy.companies.create, tenancy.companies.read, tenancy.companies.update, tenancy.tenant.read, tenancy.tenant.update, tenancy.workplace.read, tenancy.workplace.switch] only through a role in one company answered 409 (expected 403): {"type":"urn:erp:problem:concurrency","title":"Someone else changed this record after you opened it. Reload it and try again.","status":409,"code":"concurrency","traceId":"0HNP6J440RRA2"}
PUT /api/identity/roles/{id:guid} [permissions changed]: aimed at a record granting nothing, held across the workspace, given the permissions of a record granting every identity permission the caller lacks (none the caller holds), by a user holding [identity.profile.update, identity.roles.create, identity.roles.delete, identity.roles.read, identity.roles.update, identity.signIns.read, identity.users.create, identity.users.delete, identity.users.read, identity.users.resetPassword, identity.users.update, ledger.entries.post, ledger.entries.read, ledger.periods.close, lists.views.share, reports.catalog.read, tenancy.access.read, tenancy.access.update, tenancy.branches.create, tenancy.branches.read, tenancy.branches.update, tenancy.companies.create, tenancy.companies.read, tenancy.companies.update, tenancy.tenant.read, tenancy.tenant.update, tenancy.workplace.read, tenancy.workplace.switch] only through a role in one company answered 200 (expected 403): {"id":"01a1248a-bd5b-72e7-a141-a100a68f58bd","nameEn":"G2 285b2afye1 1","nameAr":"G2 285b2afye1 2","permissions":["identity.profile.update","identity.roles.create","identity.roles.delete","identity.signIns.read","identity.users.create","identity.users.delete","identity.users.resetPassword","identity…
PUT /api/identity/roles/{id:guid} [permissions changed]: a record granting nothing, held across the workspace, given the permissions of a record granting every identity permission the caller lacks (none the caller holds), changed when a user holding [identity.profile.update, identity.roles.create, identity.roles.delete, identity.roles.read, identity.roles.update, identity.signIns.read, identity.users.create, identity.users.delete, identity.users.read, identity.users.resetPassword, identity.users.update, ledger.entries.post, ledger.entries.read, ledger.periods.close, lists.views.share, reports.catalog.read, tenancy.access.read, tenancy.access.update, tenancy.branches.create, tenancy.branches.read, tenancy.branches.update, tenancy.companies.create, tenancy.companies.read, tenancy.companies.update, tenancy.tenant.read, tenancy.tenant.update, tenancy.workplace.read, tenancy.workplace.switch] only through a role in one company aimed at it: before 200 {"id":"01a1248a-bd5b-72e7-a141-a100a68f58bd","nameEn":"G2 285b2afye1 1","nameAr":"G2 285b2afye1 2","permissions":[],"isSystem":false,"userCount":1,"version":4048481925}; after 200 {"id":"01a1248a-bd5b-72e7-a141-a100a68f58bd","nameEn":"G2 285b2afye1 1","nameAr":"G2 285b2afye1 2","permissions":["identity.profile.update","identity.roles.create","identity.roles.delete","identity.signIns.read","identity.users.create","identity.users.delete","identity.users.resetPassword","iden…
PUT /api/identity/roles/{id:guid}: aimed at a record granting every identity permission the caller lacks (none the caller holds), held in one company only, the other one than where the caller holds it, by a user holding [identity.profile.update, identity.roles.create, identity.roles.delete, identity.roles.read, identity.roles.update, identity.signIns.read, identity.users.create, identity.users.delete, identity.users.read, identity.users.resetPassword, identity.users.update, ledger.entries.post, ledger.entries.read, ledger.periods.close, lists.views.share, reports.catalog.read, tenancy.access.read, tenancy.access.update, tenancy.branches.create, tenancy.branches.read, tenancy.branches.update, tenancy.companies.create, tenancy.companies.read, tenancy.companies.update, tenancy.tenant.read, tenancy.tenant.update, tenancy.workplace.read, tenancy.workplace.switch] only through a role in one company answered 200 (expected 403): {"id":"01a1248a-bde4-7b65-8aa1-87a77c028bdc","nameEn":"Edited 285b2afyk2","nameAr":"G2 285b2afyr2 2","permissions":["identity.profile.update","identity.roles.create","identity.roles.delete","identity.signIns.read","identity.users.create","identity.users.delete","identity.users.resetPassword","identi…
PUT /api/identity/roles/{id:guid}: a record granting every identity permission the caller lacks (none the caller holds), held in one company only, the other one than where the caller holds it, changed when a user holding [identity.profile.update, identity.roles.create, identity.roles.delete, identity.roles.read, identity.roles.update, identity.signIns.read, identity.users.create, identity.users.delete, identity.users.read, identity.users.resetPassword, identity.users.update, ledger.entries.post, ledger.entries.read, ledger.periods.close, lists.views.share, reports.catalog.read, tenancy.access.read, tenancy.access.update, tenancy.branches.create, tenancy.branches.read, tenancy.branches.update, tenancy.companies.create, tenancy.companies.read, tenancy.companies.update, tenancy.tenant.read, tenancy.tenant.update, tenancy.workplace.read, tenancy.workplace.switch] only through a role in one company aimed at it: before 200 {"id":"01a1248a-bde4-7b65-8aa1-87a77c028bdc","nameEn":"G2 285b2afyr2 1","nameAr":"G2 285b2afyr2 2","permissions":["identity.profile.update","identity.roles.create","identity.roles.delete","identity.signIns.read","identity.users.create","identity.users.delete","identity.users.resetPassword","iden…; after 200 {"id":"01a1248a-bde4-7b65-8aa1-87a77c028bdc","nameEn":"Edited 285b2afyk2","nameAr":"G2 285b2afyr2 2","permissions":["identity.profile.update","identity.roles.create","identity.roles.delete","identity.signIns.read","identity.users.create","identity.users.delete","identity.users.resetPassword","id…
PUT /api/identity/roles/{id:guid} [permissions changed]: aimed at a record granting every identity permission the caller lacks (none the caller holds), held in one company only, the other one than where the caller holds it, by a user holding [identity.profile.update, identity.roles.create, identity.roles.delete, identity.roles.read, identity.roles.update, identity.signIns.read, identity.users.create, identity.users.delete, identity.users.read, identity.users.resetPassword, identity.users.update, ledger.entries.post, ledger.entries.read, ledger.periods.close, lists.views.share, reports.catalog.read, tenancy.access.read, tenancy.access.update, tenancy.branches.create, tenancy.branches.read, tenancy.branches.update, tenancy.companies.create, tenancy.companies.read, tenancy.companies.update, tenancy.tenant.read, tenancy.tenant.update, tenancy.workplace.read, tenancy.workplace.switch] only through a role in one company answered 409 (expected 403): {"type":"urn:erp:problem:concurrency","title":"Someone else changed this record after you opened it. Reload it and try again.","status":409,"code":"concurrency","traceId":"0HNP6J440RRGT"}
PUT /api/identity/roles/{id:guid} [permissions changed]: aimed at a record granting nothing, held in one company only, the other one than where the caller holds it, given the permissions of a record granting every identity permission the caller lacks (none the caller holds), by a user holding [identity.profile.update, identity.roles.create, identity.roles.delete, identity.roles.read, identity.roles.update, identity.signIns.read, identity.users.create, identity.users.delete, identity.users.read, identity.users.resetPassword, identity.users.update, ledger.entries.post, ledger.entries.read, ledger.periods.close, lists.views.share, reports.catalog.read, tenancy.access.read, tenancy.access.update, tenancy.branches.create, tenancy.branches.read, tenancy.branches.update, tenancy.companies.create, tenancy.companies.read, tenancy.companies.update, tenancy.tenant.read, tenancy.tenant.update, tenancy.workplace.read, tenancy.workplace.switch] only through a role in one company answered 200 (expected 403): {"id":"01a1248a-be53-7a35-b495-fb0f8ae7b2c4","nameEn":"G2 285b2afye2 1","nameAr":"G2 285b2afye2 2","permissions":["identity.profile.update","identity.roles.create","identity.roles.delete","identity.signIns.read","identity.users.create","identity.users.delete","identity.users.resetPassword","identity…
PUT /api/identity/roles/{id:guid} [permissions changed]: a record granting nothing, held in one company only, the other one than where the caller holds it, given the permissions of a record granting every identity permission the caller lacks (none the caller holds), changed when a user holding [identity.profile.update, identity.roles.create, identity.roles.delete, identity.roles.read, identity.roles.update, identity.signIns.read, identity.users.create, identity.users.delete, identity.users.read, identity.users.resetPassword, identity.users.update, ledger.entries.post, ledger.entries.read, ledger.periods.close, lists.views.share, reports.catalog.read, tenancy.access.read, tenancy.access.update, tenancy.branches.create, tenancy.branches.read, tenancy.branches.update, tenancy.companies.create, tenancy.companies.read, tenancy.companies.update, tenancy.tenant.read, tenancy.tenant.update, tenancy.workplace.read, tenancy.workplace.switch] only through a role in one company aimed at it: before 200 {"id":"01a1248a-be53-7a35-b495-fb0f8ae7b2c4","nameEn":"G2 285b2afye2 1","nameAr":"G2 285b2afye2 2","permissions":[],"isSystem":false,"userCount":1,"version":3502861829}; after 200 {"id":"01a1248a-be53-7a35-b495-fb0f8ae7b2c4","nameEn":"G2 285b2afye2 1","nameAr":"G2 285b2afye2 2","permissions":["identity.profile.update","identity.roles.create","identity.roles.delete","identity.signIns.read","identity.users.create","identity.users.delete","identity.users.resetPassword","iden…
PUT /api/identity/roles/{id:guid}: aimed at a record granting every ledger permission the caller lacks (none the caller holds), held across the workspace, by a user holding [identity.profile.update, identity.roles.create, identity.roles.delete, identity.roles.read, identity.roles.update, identity.signIns.read, identity.users.create, identity.users.delete, identity.users.read, identity.users.resetPassword, identity.users.update, ledger.entries.post, ledger.entries.read, ledger.periods.close, lists.views.share, reports.catalog.read, tenancy.access.read, tenancy.access.update, tenancy.branches.create, tenancy.branches.read, tenancy.branches.update, tenancy.companies.create, tenancy.companies.read, tenancy.companies.update, tenancy.tenant.read, tenancy.tenant.update, tenancy.workplace.read, tenancy.workplace.switch] only through a role in one company answered 200 (expected 403): {"id":"01a1248a-bedf-796e-80df-b442009d3f0d","nameEn":"Edited 285b2afyk3","nameAr":"G2 285b2afyr3 2","permissions":["ledger.entries.post","ledger.entries.read","ledger.periods.close"],"isSystem":false,"userCount":1,"version":2460411977}
PUT /api/identity/roles/{id:guid}: a record granting every ledger permission the caller lacks (none the caller holds), held across the workspace, changed when a user holding [identity.profile.update, identity.roles.create, identity.roles.delete, identity.roles.read, identity.roles.update, identity.signIns.read, identity.users.create, identity.users.delete, identity.users.read, identity.users.resetPassword, identity.users.update, ledger.entries.post, ledger.entries.read, ledger.periods.close, lists.views.share, reports.catalog.read, tenancy.access.read, tenancy.access.update, tenancy.branches.create, tenancy.branches.read, tenancy.branches.update, tenancy.companies.create, tenancy.companies.read, tenancy.companies.update, tenancy.tenant.read, tenancy.tenant.update, tenancy.workplace.read, tenancy.workplace.switch] only through a role in one company aimed at it: before 200 {"id":"01a1248a-bedf-796e-80df-b442009d3f0d","nameEn":"G2 285b2afyr3 1","nameAr":"G2 285b2afyr3 2","permissions":["ledger.entries.post","ledger.entries.read","ledger.periods.close"],"isSystem":false,"userCount":1,"version":775715096}; after 200 {"id":"01a1248a-bedf-796e-80df-b442009d3f0d","nameEn":"Edited 285b2afyk3","nameAr":"G2 285b2afyr3 2","permissions":["ledger.entries.post","ledger.entries.read","ledger.periods.close"],"isSystem":false,"userCount":1,"version":2460411977}
PUT /api/identity/roles/{id:guid} [permissions changed]: aimed at a record granting every ledger permission the caller lacks (none the caller holds), held across the workspace, by a user holding [identity.profile.update, identity.roles.create, identity.roles.delete, identity.roles.read, identity.roles.update, identity.signIns.read, identity.users.create, identity.users.delete, identity.users.read, identity.users.resetPassword, identity.users.update, ledger.entries.post, ledger.entries.read, ledger.periods.close, lists.views.share, reports.catalog.read, tenancy.access.read, tenancy.access.update, tenancy.branches.create, tenancy.branches.read, tenancy.branches.update, tenancy.companies.create, tenancy.companies.read, tenancy.companies.update, tenancy.tenant.read, tenancy.tenant.update, tenancy.workplace.read, tenancy.workplace.switch] only through a role in one company answered 409 (expected 403): {"type":"urn:erp:problem:concurrency","title":"Someone else changed this record after you opened it. Reload it and try again.","status":409,"code":"concurrency","traceId":"0HNP6J440RSO1"}
PUT /api/identity/roles/{id:guid} [permissions changed]: aimed at a record granting nothing, held across the workspace, given the permissions of a record granting every ledger permission the caller lacks (none the caller holds), by a user holding [identity.profile.update, identity.roles.create, identity.roles.delete, identity.roles.read, identity.roles.update, identity.signIns.read, identity.users.create, identity.users.delete, identity.users.read, identity.users.resetPassword, identity.users.update, ledger.entries.post, ledger.entries.read, ledger.periods.close, lists.views.share, reports.catalog.read, tenancy.access.read, tenancy.access.update, tenancy.branches.create, tenancy.branches.read, tenancy.branches.update, tenancy.companies.create, tenancy.companies.read, tenancy.companies.update, tenancy.tenant.read, tenancy.tenant.update, tenancy.workplace.read, tenancy.workplace.switch] only through a role in one company answered 200 (expected 403): {"id":"01a1248a-bf93-7104-8c9b-7673f668519a","nameEn":"G2 285b2afye3 1","nameAr":"G2 285b2afye3 2","permissions":["ledger.entries.post","ledger.entries.read","ledger.periods.close"],"isSystem":false,"userCount":1,"version":3886122718}
PUT /api/identity/roles/{id:guid} [permissions changed]: a record granting nothing, held across the workspace, given the permissions of a record granting every ledger permission the caller lacks (none the caller holds), changed when a user holding [identity.profile.update, identity.roles.create, identity.roles.delete, identity.roles.read, identity.roles.update, identity.signIns.read, identity.users.create, identity.users.delete, identity.users.read, identity.users.resetPassword, identity.users.update, ledger.entries.post, ledger.entries.read, ledger.periods.close, lists.views.share, reports.catalog.read, tenancy.access.read, tenancy.access.update, tenancy.branches.create, tenancy.branches.read, tenancy.branches.update, tenancy.companies.create, tenancy.companies.read, tenancy.companies.update, tenancy.tenant.read, tenancy.tenant.update, tenancy.workplace.read, tenancy.workplace.switch] only through a role in one company aimed at it: before 200 {"id":"01a1248a-bf93-7104-8c9b-7673f668519a","nameEn":"G2 285b2afye3 1","nameAr":"G2 285b2afye3 2","permissions":[],"isSystem":false,"userCount":1,"version":1937502273}; after 200 {"id":"01a1248a-bf93-7104-8c9b-7673f668519a","nameEn":"G2 285b2afye3 1","nameAr":"G2 285b2afye3 2","permissions":["ledger.entries.post","ledger.entries.read","ledger.periods.close"],"isSystem":false,"userCount":1,"version":3886122718}
PUT /api/identity/roles/{id:guid}: aimed at a record granting every ledger permission the caller lacks (none the caller holds), held in one company only, the other one than where the caller holds it, by a user holding [identity.profile.update, identity.roles.create, identity.roles.delete, identity.roles.read, identity.roles.update, identity.signIns.read, identity.users.create, identity.users.delete, identity.users.read, identity.users.resetPassword, identity.users.update, ledger.entries.post, ledger.entries.read, ledger.periods.close, lists.views.share, reports.catalog.read, tenancy.access.read, tenancy.access.update, tenancy.branches.create, tenancy.branches.read, tenancy.branches.update, tenancy.companies.create, tenancy.companies.read, tenancy.companies.update, tenancy.tenant.read, tenancy.tenant.update, tenancy.workplace.read, tenancy.workplace.switch] only through a role in one company answered 200 (expected 403): {"id":"01a1248a-c066-726a-a923-ad5e6f8d9483","nameEn":"Edited 285b2afyk4","nameAr":"G2 285b2afyr4 2","permissions":["ledger.entries.post","ledger.entries.read","ledger.periods.close"],"isSystem":false,"userCount":1,"version":565881146}
PUT /api/identity/roles/{id:guid}: a record granting every ledger permission the caller lacks (none the caller holds), held in one company only, the other one than where the caller holds it, changed when a user holding [identity.profile.update, identity.roles.create, identity.roles.delete, identity.roles.read, identity.roles.update, identity.signIns.read, identity.users.create, identity.users.delete, identity.users.read, identity.users.resetPassword, identity.users.update, ledger.entries.post, ledger.entries.read, ledger.periods.close, lists.views.share, reports.catalog.read, tenancy.access.read, tenancy.access.update, tenancy.branches.create, tenancy.branches.read, tenancy.branches.update, tenancy.companies.create, tenancy.companies.read, tenancy.companies.update, tenancy.tenant.read, tenancy.tenant.update, tenancy.workplace.read, tenancy.workplace.switch] only through a role in one company aimed at it: before 200 {"id":"01a1248a-c066-726a-a923-ad5e6f8d9483","nameEn":"G2 285b2afyr4 1","nameAr":"G2 285b2afyr4 2","permissions":["ledger.entries.post","ledger.entries.read","ledger.periods.close"],"isSystem":false,"userCount":1,"version":1135273808}; after 200 {"id":"01a1248a-c066-726a-a923-ad5e6f8d9483","nameEn":"Edited 285b2afyk4","nameAr":"G2 285b2afyr4 2","permissions":["ledger.entries.post","ledger.entries.read","ledger.periods.close"],"isSystem":false,"userCount":1,"version":565881146}
PUT /api/identity/roles/{id:guid} [permissions changed]: aimed at a record granting every ledger permission the caller lacks (none the caller holds), held in one company only, the other one than where the caller holds it, by a user holding [identity.profile.update, identity.roles.create, identity.roles.delete, identity.roles.read, identity.roles.update, identity.signIns.read, identity.users.create, identity.users.delete, identity.users.read, identity.users.resetPassword, identity.users.update, ledger.entries.post, ledger.entries.read, ledger.periods.close, lists.views.share, reports.catalog.read, tenancy.access.read, tenancy.access.update, tenancy.branches.create, tenancy.branches.read, tenancy.branches.update, tenancy.companies.create, tenancy.companies.read, tenancy.companies.update, tenancy.tenant.read, tenancy.tenant.update, tenancy.workplace.read, tenancy.workplace.switch] only through a role in one company answered 409 (expected 403): {"type":"urn:erp:problem:concurrency","title":"Someone else changed this record after you opened it. Reload it and try again.","status":409,"code":"concurrency","traceId":"0HNP6J440RU7J"}
PUT /api/identity/roles/{id:guid} [permissions changed]: aimed at a record granting nothing, held in one company only, the other one than where the caller holds it, given the permissions of a record granting every ledger permission the caller lacks (none the caller holds), by a user holding [identity.profile.update, identity.roles.create, identity.roles.delete, identity.roles.read, identity.roles.update, identity.signIns.read, identity.users.create, identity.users.delete, identity.users.read, identity.users.resetPassword, identity.users.update, ledger.entries.post, ledger.entries.read, ledger.periods.close, lists.views.share, reports.catalog.read, tenancy.access.read, tenancy.access.update, tenancy.branches.create, tenancy.branches.read, tenancy.branches.update, tenancy.companies.create, tenancy.companies.read, tenancy.companies.update, tenancy.tenant.read, tenancy.tenant.update, tenancy.workplace.read, tenancy.workplace.switch] only through a role in one company answered 200 (expected 403): {"id":"01a1248a-c100-7064-922a-85055be48bc3","nameEn":"G2 285b2afye4 1","nameAr":"G2 285b2afye4 2","permissions":["ledger.entries.post","ledger.entries.read","ledger.periods.close"],"isSystem":false,"userCount":1,"version":2633516269}
PUT /api/identity/roles/{id:guid} [permissions changed]: a record granting nothing, held in one company only, the other one than where the caller holds it, given the permissions of a record granting every ledger permission the caller lacks (none the caller holds), changed when a user holding [identity.profile.update, identity.roles.create, identity.roles.delete, identity.roles.read, identity.roles.update, identity.signIns.read, identity.users.create, identity.users.delete, identity.users.read, identity.users.resetPassword, identity.users.update, ledger.entries.post, ledger.entries.read, ledger.periods.close, lists.views.share, reports.catalog.read, tenancy.access.read, tenancy.access.update, tenancy.branches.create, tenancy.branches.read, tenancy.branches.update, tenancy.companies.create, tenancy.companies.read, tenancy.companies.update, tenancy.tenant.read, tenancy.tenant.update, tenancy.workplace.read, tenancy.workplace.switch] only through a role in one company aimed at it: before 200 {"id":"01a1248a-c100-7064-922a-85055be48bc3","nameEn":"G2 285b2afye4 1","nameAr":"G2 285b2afye4 2","permissions":[],"isSystem":false,"userCount":1,"version":3199397995}; after 200 {"id":"01a1248a-c100-7064-922a-85055be48bc3","nameEn":"G2 285b2afye4 1","nameAr":"G2 285b2afye4 2","permissions":["ledger.entries.post","ledger.entries.read","ledger.periods.close"],"isSystem":false,"userCount":1,"version":2633516269}
PUT /api/identity/roles/{id:guid}: aimed at a record granting only lists.views.share, held across the workspace, by a user holding [identity.profile.update, identity.roles.create, identity.roles.delete, identity.roles.read, identity.roles.update, identity.signIns.read, identity.users.create, identity.users.delete, identity.users.read, identity.users.resetPassword, identity.users.update, ledger.entries.post, ledger.entries.read, ledger.periods.close, lists.views.share, reports.catalog.read, tenancy.access.read, tenancy.access.update, tenancy.branches.create, tenancy.branches.read, tenancy.branches.update, tenancy.companies.create, tenancy.companies.read, tenancy.companies.update, tenancy.tenant.read, tenancy.tenant.update, tenancy.workplace.read, tenancy.workplace.switch] only through a role in one company answered 200 (expected 403): {"id":"01a1248a-c1cc-7b5f-af1c-64351a6f0cac","nameEn":"Edited 285b2afyk5","nameAr":"G2 285b2afyr5 2","permissions":["lists.views.share"],"isSystem":false,"userCount":1,"version":3065394424}
PUT /api/identity/roles/{id:guid}: a record granting only lists.views.share, held across the workspace, changed when a user holding [identity.profile.update, identity.roles.create, identity.roles.delete, identity.roles.read, identity.roles.update, identity.signIns.read, identity.users.create, identity.users.delete, identity.users.read, identity.users.resetPassword, identity.users.update, ledger.entries.post, ledger.entries.read, ledger.periods.close, lists.views.share, reports.catalog.read, tenancy.access.read, tenancy.access.update, tenancy.branches.create, tenancy.branches.read, tenancy.branches.update, tenancy.companies.create, tenancy.companies.read, tenancy.companies.update, tenancy.tenant.read, tenancy.tenant.update, tenancy.workplace.read, tenancy.workplace.switch] only through a role in one company aimed at it: before 200 {"id":"01a1248a-c1cc-7b5f-af1c-64351a6f0cac","nameEn":"G2 285b2afyr5 1","nameAr":"G2 285b2afyr5 2","permissions":["lists.views.share"],"isSystem":false,"userCount":1,"version":3239966378}; after 200 {"id":"01a1248a-c1cc-7b5f-af1c-64351a6f0cac","nameEn":"Edited 285b2afyk5","nameAr":"G2 285b2afyr5 2","permissions":["lists.views.share"],"isSystem":false,"userCount":1,"version":3065394424}
PUT /api/identity/roles/{id:guid} [permissions changed]: aimed at a record granting only lists.views.share, held across the workspace, by a user holding [identity.profile.update, identity.roles.create, identity.roles.delete, identity.roles.read, identity.roles.update, identity.signIns.read, identity.users.create, identity.users.delete, identity.users.read, identity.users.resetPassword, identity.users.update, ledger.entries.post, ledger.entries.read, ledger.periods.close, lists.views.share, reports.catalog.read, tenancy.access.read, tenancy.access.update, tenancy.branches.create, tenancy.branches.read, tenancy.branches.update, tenancy.companies.create, tenancy.companies.read, tenancy.companies.update, tenancy.tenant.read, tenancy.tenant.update, tenancy.workplace.read, tenancy.workplace.switch] only through a role in one company answered 409 (expected 403): {"type":"urn:erp:problem:concurrency","title":"Someone else changed this record after you opened it. Reload it and try again.","status":409,"code":"concurrency","traceId":"0HNP6J440RV72"}
PUT /api/identity/roles/{id:guid} [permissions changed]: aimed at a record granting nothing, held across the workspace, given the permissions of a record granting only lists.views.share, by a user holding [identity.profile.update, identity.roles.create, identity.roles.delete, identity.roles.read, identity.roles.update, identity.signIns.read, identity.users.create, identity.users.delete, identity.users.read, identity.users.resetPassword, identity.users.update, ledger.entries.post, ledger.entries.read, ledger.periods.close, lists.views.share, reports.catalog.read, tenancy.access.read, tenancy.access.update, tenancy.branches.create, tenancy.branches.read, tenancy.branches.update, tenancy.companies.create, tenancy.companies.read, tenancy.companies.update, tenancy.tenant.read, tenancy.tenant.update, tenancy.workplace.read, tenancy.workplace.switch] only through a role in one company answered 200 (expected 403): {"id":"01a1248a-c278-7c01-af55-6dd9577ad1b8","nameEn":"G2 285b2afye5 1","nameAr":"G2 285b2afye5 2","permissions":["lists.views.share"],"isSystem":false,"userCount":1,"version":3033607116}
PUT /api/identity/roles/{id:guid} [permissions changed]: a record granting nothing, held across the workspace, given the permissions of a record granting only lists.views.share, changed when a user holding [identity.profile.update, identity.roles.create, identity.roles.delete, identity.roles.read, identity.roles.update, identity.signIns.read, identity.users.create, identity.users.delete, identity.users.read, identity.users.resetPassword, identity.users.update, ledger.entries.post, ledger.entries.read, ledger.periods.close, lists.views.share, reports.catalog.read, tenancy.access.read, tenancy.access.update, tenancy.branches.create, tenancy.branches.read, tenancy.branches.update, tenancy.companies.create, tenancy.companies.read, tenancy.companies.update, tenancy.tenant.read, tenancy.tenant.update, tenancy.workplace.read, tenancy.workplace.switch] only through a role in one company aimed at it: before 200 {"id":"01a1248a-c278-7c01-af55-6dd9577ad1b8","nameEn":"G2 285b2afye5 1","nameAr":"G2 285b2afye5 2","permissions":[],"isSystem":false,"userCount":1,"version":1871028587}; after 200 {"id":"01a1248a-c278-7c01-af55-6dd9577ad1b8","nameEn":"G2 285b2afye5 1","nameAr":"G2 285b2afye5 2","permissions":["lists.views.share"],"isSystem":false,"userCount":1,"version":3033607116}
PUT /api/identity/roles/{id:guid}: aimed at a record granting only lists.views.share, held in one company only, the other one than where the caller holds it, by a user holding [identity.profile.update, identity.roles.create, identity.roles.delete, identity.roles.read, identity.roles.update, identity.signIns.read, identity.users.create, identity.users.delete, identity.users.read, identity.users.resetPassword, identity.users.update, ledger.entries.post, ledger.entries.read, ledger.periods.close, lists.views.share, reports.catalog.read, tenancy.access.read, tenancy.access.update, tenancy.branches.create, tenancy.branches.read, tenancy.branches.update, tenancy.companies.create, tenancy.companies.read, tenancy.companies.update, tenancy.tenant.read, tenancy.tenant.update, tenancy.workplace.read, tenancy.workplace.switch] only through a role in one company answered 200 (expected 403): {"id":"01a1248a-c31b-73cb-95ab-7fafe39a8fe2","nameEn":"Edited 285b2afyk6","nameAr":"G2 285b2afyr6 2","permissions":["lists.views.share"],"isSystem":false,"userCount":1,"version":2118533926}
PUT /api/identity/roles/{id:guid}: a record granting only lists.views.share, held in one company only, the other one than where the caller holds it, changed when a user holding [identity.profile.update, identity.roles.create, identity.roles.delete, identity.roles.read, identity.roles.update, identity.signIns.read, identity.users.create, identity.users.delete, identity.users.read, identity.users.resetPassword, identity.users.update, ledger.entries.post, ledger.entries.read, ledger.periods.close, lists.views.share, reports.catalog.read, tenancy.access.read, tenancy.access.update, tenancy.branches.create, tenancy.branches.read, tenancy.branches.update, tenancy.companies.create, tenancy.companies.read, tenancy.companies.update, tenancy.tenant.read, tenancy.tenant.update, tenancy.workplace.read, tenancy.workplace.switch] only through a role in one company aimed at it: before 200 {"id":"01a1248a-c31b-73cb-95ab-7fafe39a8fe2","nameEn":"G2 285b2afyr6 1","nameAr":"G2 285b2afyr6 2","permissions":["lists.views.share"],"isSystem":false,"userCount":1,"version":2538658580}; after 200 {"id":"01a1248a-c31b-73cb-95ab-7fafe39a8fe2","nameEn":"Edited 285b2afyk6","nameAr":"G2 285b2afyr6 2","permissions":["lists.views.share"],"isSystem":false,"userCount":1,"version":2118533926}
PUT /api/identity/roles/{id:guid} [permissions changed]: aimed at a record granting only lists.views.share, held in one company only, the other one than where the caller holds it, by a user holding [identity.profile.update, identity.roles.create, identity.roles.delete, identity.roles.read, identity.roles.update, identity.signIns.read, identity.users.create, identity.users.delete, identity.users.read, identity.users.resetPassword, identity.users.update, ledger.entries.post, ledger.entries.read, ledger.periods.close, lists.views.share, reports.catalog.read, tenancy.access.read, tenancy.access.update, tenancy.branches.create, tenancy.branches.read, tenancy.branches.update, tenancy.companies.create, tenancy.companies.read, tenancy.companies.update, tenancy.tenant.read, tenancy.tenant.update, tenancy.workplace.read, tenancy.workplace.switch] only through a role in one company answered 409 (expected 403): {"type":"urn:erp:problem:concurrency","title":"Someone else changed this record after you opened it. Reload it and try again.","status":409,"code":"concurrency","traceId":"0HNP6J440RVE3"}
PUT /api/identity/roles/{id:guid} [permissions changed]: aimed at a record granting nothing, held in one company only, the other one than where the caller holds it, given the permissions of a record granting only lists.views.share, by a user holding [identity.profile.update, identity.roles.create, identity.roles.delete, identity.roles.read, identity.roles.update, identity.signIns.read, identity.users.create, identity.users.delete, identity.users.read, identity.users.resetPassword, identity.users.update, ledger.entries.post, ledger.entries.read, ledger.periods.close, lists.views.share, reports.catalog.read, tenancy.access.read, tenancy.access.update, tenancy.branches.create, tenancy.branches.read, tenancy.branches.update, tenancy.companies.create, tenancy.companies.read, tenancy.companies.update, tenancy.tenant.read, tenancy.tenant.update, tenancy.workplace.read, tenancy.workplace.switch] only through a role in one company answered 200 (expected 403): {"id":"01a1248a-c396-754f-b0da-fc9f5ac07359","nameEn":"G2 285b2afye6 1","nameAr":"G2 285b2afye6 2","permissions":["lists.views.share"],"isSystem":false,"userCount":1,"version":1552116888}
PUT /api/identity/roles/{id:guid} [permissions changed]: a record granting nothing, held in one company only, the other one than where the caller holds it, given the permissions of a record granting only lists.views.share, changed when a user holding [identity.profile.update, identity.roles.create, identity.roles.delete, identity.roles.read, identity.roles.update, identity.signIns.read, identity.users.create, identity.users.delete, identity.users.read, identity.users.resetPassword, identity.users.update, ledger.entries.post, ledger.entries.read, ledger.periods.close, lists.views.share, reports.catalog.read, tenancy.access.read, tenancy.access.update, tenancy.branches.create, tenancy.branches.read, tenancy.branches.update, tenancy.companies.create, tenancy.companies.read, tenancy.companies.update, tenancy.tenant.read, tenancy.tenant.update, tenancy.workplace.read, tenancy.workplace.switch] only through a role in one company aimed at it: before 200 {"id":"01a1248a-c396-754f-b0da-fc9f5ac07359","nameEn":"G2 285b2afye6 1","nameAr":"G2 285b2afye6 2","permissions":[],"isSystem":false,"userCount":1,"version":3793960814}; after 200 {"id":"01a1248a-c396-754f-b0da-fc9f5ac07359","nameEn":"G2 285b2afye6 1","nameAr":"G2 285b2afye6 2","permissions":["lists.views.share"],"isSystem":false,"userCount":1,"version":1552116888}
PUT /api/identity/roles/{id:guid}: aimed at a record granting only reports.catalog.read, held across the workspace, by a user holding [identity.profile.update, identity.roles.create, identity.roles.delete, identity.roles.read, identity.roles.update, identity.signIns.read, identity.users.create, identity.users.delete, identity.users.read, identity.users.resetPassword, identity.users.update, ledger.entries.post, ledger.entries.read, ledger.periods.close, lists.views.share, reports.catalog.read, tenancy.access.read, tenancy.access.update, tenancy.branches.create, tenancy.branches.read, tenancy.branches.update, tenancy.companies.create, tenancy.companies.read, tenancy.companies.update, tenancy.tenant.read, tenancy.tenant.update, tenancy.workplace.read, tenancy.workplace.switch] only through a role in one company answered 200 (expected 403): {"id":"01a1248a-c425-7753-a572-e1b9d32d03cd","nameEn":"Edited 285b2afyk7","nameAr":"G2 285b2afyr7 2","permissions":["reports.catalog.read"],"isSystem":false,"userCount":1,"version":1197226638}
PUT /api/identity/roles/{id:guid}: a record granting only reports.catalog.read, held across the workspace, changed when a user holding [identity.profile.update, identity.roles.create, identity.roles.delete, identity.roles.read, identity.roles.update, identity.signIns.read, identity.users.create, identity.users.delete, identity.users.read, identity.users.resetPassword, identity.users.update, ledger.entries.post, ledger.entries.read, ledger.periods.close, lists.views.share, reports.catalog.read, tenancy.access.read, tenancy.access.update, tenancy.branches.create, tenancy.branches.read, tenancy.branches.update, tenancy.companies.create, tenancy.companies.read, tenancy.companies.update, tenancy.tenant.read, tenancy.tenant.update, tenancy.workplace.read, tenancy.workplace.switch] only through a role in one company aimed at it: before 200 {"id":"01a1248a-c425-7753-a572-e1b9d32d03cd","nameEn":"G2 285b2afyr7 1","nameAr":"G2 285b2afyr7 2","permissions":["reports.catalog.read"],"isSystem":false,"userCount":1,"version":3033181098}; after 200 {"id":"01a1248a-c425-7753-a572-e1b9d32d03cd","nameEn":"Edited 285b2afyk7","nameAr":"G2 285b2afyr7 2","permissions":["reports.catalog.read"],"isSystem":false,"userCount":1,"version":1197226638}
PUT /api/identity/roles/{id:guid} [permissions changed]: aimed at a record granting only reports.catalog.read, held across the workspace, by a user holding [identity.profile.update, identity.roles.create, identity.roles.delete, identity.roles.read, identity.roles.update, identity.signIns.read, identity.users.create, identity.users.delete, identity.users.read, identity.users.resetPassword, identity.users.update, ledger.entries.post, ledger.entries.read, ledger.periods.close, lists.views.share, reports.catalog.read, tenancy.access.read, tenancy.access.update, tenancy.branches.create, tenancy.branches.read, tenancy.branches.update, tenancy.companies.create, tenancy.companies.read, tenancy.companies.update, tenancy.tenant.read, tenancy.tenant.update, tenancy.workplace.read, tenancy.workplace.switch] only through a role in one company answered 409 (expected 403): {"type":"urn:erp:problem:concurrency","title":"Someone else changed this record after you opened it. Reload it and try again.","status":409,"code":"concurrency","traceId":"0HNP6J440S05T"}
PUT /api/identity/roles/{id:guid} [permissions changed]: aimed at a record granting nothing, held across the workspace, given the permissions of a record granting only reports.catalog.read, by a user holding [identity.profile.update, identity.roles.create, identity.roles.delete, identity.roles.read, identity.roles.update, identity.signIns.read, identity.users.create, identity.users.delete, identity.users.read, identity.users.resetPassword, identity.users.update, ledger.entries.post, ledger.entries.read, ledger.periods.close, lists.views.share, reports.catalog.read, tenancy.access.read, tenancy.access.update, tenancy.branches.create, tenancy.branches.read, tenancy.branches.update, tenancy.companies.create, tenancy.companies.read, tenancy.companies.update, tenancy.tenant.read, tenancy.tenant.update, tenancy.workplace.read, tenancy.workplace.switch] only through a role in one company answered 200 (expected 403): {"id":"01a1248a-c4a8-71be-aea7-0dfaad88c9f3","nameEn":"G2 285b2afye7 1","nameAr":"G2 285b2afye7 2","permissions":["reports.catalog.read"],"isSystem":false,"userCount":1,"version":3456840733}
PUT /api/identity/roles/{id:guid} [permissions changed]: a record granting nothing, held across the workspace, given the permissions of a record granting only reports.catalog.read, changed when a user holding [identity.profile.update, identity.roles.create, identity.roles.delete, identity.roles.read, identity.roles.update, identity.signIns.read, identity.users.create, identity.users.delete, identity.users.read, identity.users.resetPassword, identity.users.update, ledger.entries.post, ledger.entries.read, ledger.periods.close, lists.views.share, reports.catalog.read, tenancy.access.read, tenancy.access.update, tenancy.branches.create, tenancy.branches.read, tenancy.branches.update, tenancy.companies.create, tenancy.companies.read, tenancy.companies.update, tenancy.tenant.read, tenancy.tenant.update, tenancy.workplace.read, tenancy.workplace.switch] only through a role in one company aimed at it: before 200 {"id":"01a1248a-c4a8-71be-aea7-0dfaad88c9f3","nameEn":"G2 285b2afye7 1","nameAr":"G2 285b2afye7 2","permissions":[],"isSystem":false,"userCount":1,"version":848987363}; after 200 {"id":"01a1248a-c4a8-71be-aea7-0dfaad88c9f3","nameEn":"G2 285b2afye7 1","nameAr":"G2 285b2afye7 2","permissions":["reports.catalog.read"],"isSystem":false,"userCount":1,"version":3456840733}
PUT /api/identity/roles/{id:guid}: aimed at a record granting only reports.catalog.read, held in one company only, the other one than where the caller holds it, by a user holding [identity.profile.update, identity.roles.create, identity.roles.delete, identity.roles.read, identity.roles.update, identity.signIns.read, identity.users.create, identity.users.delete, identity.users.read, identity.users.resetPassword, identity.users.update, ledger.entries.post, ledger.entries.read, ledger.periods.close, lists.views.share, reports.catalog.read, tenancy.access.read, tenancy.access.update, tenancy.branches.create, tenancy.branches.read, tenancy.branches.update, tenancy.companies.create, tenancy.companies.read, tenancy.companies.update, tenancy.tenant.read, tenancy.tenant.update, tenancy.workplace.read, tenancy.workplace.switch] only through a role in one company answered 200 (expected 403): {"id":"01a1248a-c587-78bf-b07d-f5d3a55e65f7","nameEn":"Edited 285b2afyk8","nameAr":"G2 285b2afyr8 2","permissions":["reports.catalog.read"],"isSystem":false,"userCount":1,"version":1648285779}
PUT /api/identity/roles/{id:guid}: a record granting only reports.catalog.read, held in one company only, the other one than where the caller holds it, changed when a user holding [identity.profile.update, identity.roles.create, identity.roles.delete, identity.roles.read, identity.roles.update, identity.signIns.read, identity.users.create, identity.users.delete, identity.users.read, identity.users.resetPassword, identity.users.update, ledger.entries.post, ledger.entries.read, ledger.periods.close, lists.views.share, reports.catalog.read, tenancy.access.read, tenancy.access.update, tenancy.branches.create, tenancy.branches.read, tenancy.branches.update, tenancy.companies.create, tenancy.companies.read, tenancy.companies.update, tenancy.tenant.read, tenancy.tenant.update, tenancy.workplace.read, tenancy.workplace.switch] only through a role in one company aimed at it: before 200 {"id":"01a1248a-c587-78bf-b07d-f5d3a55e65f7","nameEn":"G2 285b2afyr8 1","nameAr":"G2 285b2afyr8 2","permissions":["reports.catalog.read"],"isSystem":false,"userCount":1,"version":3738819884}; after 200 {"id":"01a1248a-c587-78bf-b07d-f5d3a55e65f7","nameEn":"Edited 285b2afyk8","nameAr":"G2 285b2afyr8 2","permissions":["reports.catalog.read"],"isSystem":false,"userCount":1,"version":1648285779}
PUT /api/identity/roles/{id:guid} [permissions changed]: aimed at a record granting only reports.catalog.read, held in one company only, the other one than where the caller holds it, by a user holding [identity.profile.update, identity.roles.create, identity.roles.delete, identity.roles.read, identity.roles.update, identity.signIns.read, identity.users.create, identity.users.delete, identity.users.read, identity.users.resetPassword, identity.users.update, ledger.entries.post, ledger.entries.read, ledger.periods.close, lists.views.share, reports.catalog.read, tenancy.access.read, tenancy.access.update, tenancy.branches.create, tenancy.branches.read, tenancy.branches.update, tenancy.companies.create, tenancy.companies.read, tenancy.companies.update, tenancy.tenant.read, tenancy.tenant.update, tenancy.workplace.read, tenancy.workplace.switch] only through a role in one company answered 409 (expected 403): {"type":"urn:erp:problem:concurrency","title":"Someone else changed this record after you opened it. Reload it and try again.","status":409,"code":"concurrency","traceId":"0HNP6J440S17B"}
PUT /api/identity/roles/{id:guid} [permissions changed]: aimed at a record granting nothing, held in one company only, the other one than where the caller holds it, given the permissions of a record granting only reports.catalog.read, by a user holding [identity.profile.update, identity.roles.create, identity.roles.delete, identity.roles.read, identity.roles.update, identity.signIns.read, identity.users.create, identity.users.delete, identity.users.read, identity.users.resetPassword, identity.users.update, ledger.entries.post, ledger.entries.read, ledger.periods.close, lists.views.share, reports.catalog.read, tenancy.access.read, tenancy.access.update, tenancy.branches.create, tenancy.branches.read, tenancy.branches.update, tenancy.companies.create, tenancy.companies.read, tenancy.companies.update, tenancy.tenant.read, tenancy.tenant.update, tenancy.workplace.read, tenancy.workplace.switch] only through a role in one company answered 200 (expected 403): {"id":"01a1248a-c619-756c-a69c-b49fa3b0c01e","nameEn":"G2 285b2afye8 1","nameAr":"G2 285b2afye8 2","permissions":["reports.catalog.read"],"isSystem":false,"userCount":1,"version":1136821044}
PUT /api/identity/roles/{id:guid} [permissions changed]: a record granting nothing, held in one company only, the other one than where the caller holds it, given the permissions of a record granting only reports.catalog.read, changed when a user holding [identity.profile.update, identity.roles.create, identity.roles.delete, identity.roles.read, identity.roles.update, identity.signIns.read, identity.users.create, identity.users.delete, identity.users.read, identity.users.resetPassword, identity.users.update, ledger.entries.post, ledger.entries.read, ledger.periods.close, lists.views.share, reports.catalog.read, tenancy.access.read, tenancy.access.update, tenancy.branches.create, tenancy.branches.read, tenancy.branches.update, tenancy.companies.create, tenancy.companies.read, tenancy.companies.update, tenancy.tenant.read, tenancy.tenant.update, tenancy.workplace.read, tenancy.workplace.switch] only through a role in one company aimed at it: before 200 {"id":"01a1248a-c619-756c-a69c-b49fa3b0c01e","nameEn":"G2 285b2afye8 1","nameAr":"G2 285b2afye8 2","permissions":[],"isSystem":false,"userCount":1,"version":2736891965}; after 200 {"id":"01a1248a-c619-756c-a69c-b49fa3b0c01e","nameEn":"G2 285b2afye8 1","nameAr":"G2 285b2afye8 2","permissions":["reports.catalog.read"],"isSystem":false,"userCount":1,"version":1136821044}
PUT /api/identity/roles/{id:guid}: aimed at a record granting every tenancy permission the caller lacks (none the caller holds), held across the workspace, by a user holding [identity.profile.update, identity.roles.create, identity.roles.delete, identity.roles.read, identity.roles.update, identity.signIns.read, identity.users.create, identity.users.delete, identity.users.read, identity.users.resetPassword, identity.users.update, ledger.entries.post, ledger.entries.read, ledger.periods.close, lists.views.share, reports.catalog.read, tenancy.access.read, tenancy.access.update, tenancy.branches.create, tenancy.branches.read, tenancy.branches.update, tenancy.companies.create, tenancy.companies.read, tenancy.companies.update, tenancy.tenant.read, tenancy.tenant.update, tenancy.workplace.read, tenancy.workplace.switch] only through a role in one company answered 200 (expected 403): {"id":"01a1248a-c6e8-7257-9dad-efddfc886231","nameEn":"Edited 285b2afyk9","nameAr":"G2 285b2afyr9 2","permissions":["tenancy.access.read","tenancy.access.update","tenancy.branches.create","tenancy.branches.read","tenancy.branches.update","tenancy.companies.create","tenancy.companies.read","tenancy.c…
PUT /api/identity/roles/{id:guid}: a record granting every tenancy permission the caller lacks (none the caller holds), held across the workspace, changed when a user holding [identity.profile.update, identity.roles.create, identity.roles.delete, identity.roles.read, identity.roles.update, identity.signIns.read, identity.users.create, identity.users.delete, identity.users.read, identity.users.resetPassword, identity.users.update, ledger.entries.post, ledger.entries.read, ledger.periods.close, lists.views.share, reports.catalog.read, tenancy.access.read, tenancy.access.update, tenancy.branches.create, tenancy.branches.read, tenancy.branches.update, tenancy.companies.create, tenancy.companies.read, tenancy.companies.update, tenancy.tenant.read, tenancy.tenant.update, tenancy.workplace.read, tenancy.workplace.switch] only through a role in one company aimed at it: before 200 {"id":"01a1248a-c6e8-7257-9dad-efddfc886231","nameEn":"G2 285b2afyr9 1","nameAr":"G2 285b2afyr9 2","permissions":["tenancy.access.read","tenancy.access.update","tenancy.branches.create","tenancy.branches.read","tenancy.branches.update","tenancy.companies.create","tenancy.companies.read","tenancy…; after 200 {"id":"01a1248a-c6e8-7257-9dad-efddfc886231","nameEn":"Edited 285b2afyk9","nameAr":"G2 285b2afyr9 2","permissions":["tenancy.access.read","tenancy.access.update","tenancy.branches.create","tenancy.branches.read","tenancy.branches.update","tenancy.companies.create","tenancy.companies.read","tenan…
PUT /api/identity/roles/{id:guid} [permissions changed]: aimed at a record granting every tenancy permission the caller lacks (none the caller holds), held across the workspace, by a user holding [identity.profile.update, identity.roles.create, identity.roles.delete, identity.roles.read, identity.roles.update, identity.signIns.read, identity.users.create, identity.users.delete, identity.users.read, identity.users.resetPassword, identity.users.update, ledger.entries.post, ledger.entries.read, ledger.periods.close, lists.views.share, reports.catalog.read, tenancy.access.read, tenancy.access.update, tenancy.branches.create, tenancy.branches.read, tenancy.branches.update, tenancy.companies.create, tenancy.companies.read, tenancy.companies.update, tenancy.tenant.read, tenancy.tenant.update, tenancy.workplace.read, tenancy.workplace.switch] only through a role in one company answered 409 (expected 403): {"type":"urn:erp:problem:concurrency","title":"Someone else changed this record after you opened it. Reload it and try again.","status":409,"code":"concurrency","traceId":"0HNP6J440S2J4"}
PUT /api/identity/roles/{id:guid} [permissions changed]: aimed at a record granting nothing, held across the workspace, given the permissions of a record granting every tenancy permission the caller lacks (none the caller holds), by a user holding [identity.profile.update, identity.roles.create, identity.roles.delete, identity.roles.read, identity.roles.update, identity.signIns.read, identity.users.create, identity.users.delete, identity.users.read, identity.users.resetPassword, identity.users.update, ledger.entries.post, ledger.entries.read, ledger.periods.close, lists.views.share, reports.catalog.read, tenancy.access.read, tenancy.access.update, tenancy.branches.create, tenancy.branches.read, tenancy.branches.update, tenancy.companies.create, tenancy.companies.read, tenancy.companies.update, tenancy.tenant.read, tenancy.tenant.update, tenancy.workplace.read, tenancy.workplace.switch] only through a role in one company answered 200 (expected 403): {"id":"01a1248a-c783-702c-b036-21d85c5e02de","nameEn":"G2 285b2afye9 1","nameAr":"G2 285b2afye9 2","permissions":["tenancy.access.read","tenancy.access.update","tenancy.branches.create","tenancy.branches.read","tenancy.branches.update","tenancy.companies.create","tenancy.companies.read","tenancy.com…
PUT /api/identity/roles/{id:guid} [permissions changed]: a record granting nothing, held across the workspace, given the permissions of a record granting every tenancy permission the caller lacks (none the caller holds), changed when a user holding [identity.profile.update, identity.roles.create, identity.roles.delete, identity.roles.read, identity.roles.update, identity.signIns.read, identity.users.create, identity.users.delete, identity.users.read, identity.users.resetPassword, identity.users.update, ledger.entries.post, ledger.entries.read, ledger.periods.close, lists.views.share, reports.catalog.read, tenancy.access.read, tenancy.access.update, tenancy.branches.create, tenancy.branches.read, tenancy.branches.update, tenancy.companies.create, tenancy.companies.read, tenancy.companies.update, tenancy.tenant.read, tenancy.tenant.update, tenancy.workplace.read, tenancy.workplace.switch] only through a role in one company aimed at it: before 200 {"id":"01a1248a-c783-702c-b036-21d85c5e02de","nameEn":"G2 285b2afye9 1","nameAr":"G2 285b2afye9 2","permissions":[],"isSystem":false,"userCount":1,"version":2497399552}; after 200 {"id":"01a1248a-c783-702c-b036-21d85c5e02de","nameEn":"G2 285b2afye9 1","nameAr":"G2 285b2afye9 2","permissions":["tenancy.access.read","tenancy.access.update","tenancy.branches.create","tenancy.branches.read","tenancy.branches.update","tenancy.companies.create","tenancy.companies.read","tenancy…
PUT /api/identity/roles/{id:guid}: aimed at a record granting every tenancy permission the caller lacks (none the caller holds), held in one company only, the other one than where the caller holds it, by a user holding [identity.profile.update, identity.roles.create, identity.roles.delete, identity.roles.read, identity.roles.update, identity.signIns.read, identity.users.create, identity.users.delete, identity.users.read, identity.users.resetPassword, identity.users.update, ledger.entries.post, ledger.entries.read, ledger.periods.close, lists.views.share, reports.catalog.read, tenancy.access.read, tenancy.access.update, tenancy.branches.create, tenancy.branches.read, tenancy.branches.update, tenancy.companies.create, tenancy.companies.read, tenancy.companies.update, tenancy.tenant.read, tenancy.tenant.update, tenancy.workplace.read, tenancy.workplace.switch] only through a role in one company answered 200 (expected 403): {"id":"01a1248a-c854-719c-97f9-18496a330dd0","nameEn":"Edited 285b2afyk10","nameAr":"G2 285b2afyr10 2","permissions":["tenancy.access.read","tenancy.access.update","tenancy.branches.create","tenancy.branches.read","tenancy.branches.update","tenancy.companies.create","tenancy.companies.read","tenancy…
PUT /api/identity/roles/{id:guid}: a record granting every tenancy permission the caller lacks (none the caller holds), held in one company only, the other one than where the caller holds it, changed when a user holding [identity.profile.update, identity.roles.create, identity.roles.delete, identity.roles.read, identity.roles.update, identity.signIns.read, identity.users.create, identity.users.delete, identity.users.read, identity.users.resetPassword, identity.users.update, ledger.entries.post, ledger.entries.read, ledger.periods.close, lists.views.share, reports.catalog.read, tenancy.access.read, tenancy.access.update, tenancy.branches.create, tenancy.branches.read, tenancy.branches.update, tenancy.companies.create, tenancy.companies.read, tenancy.companies.update, tenancy.tenant.read, tenancy.tenant.update, tenancy.workplace.read, tenancy.workplace.switch] only through a role in one company aimed at it: before 200 {"id":"01a1248a-c854-719c-97f9-18496a330dd0","nameEn":"G2 285b2afyr10 1","nameAr":"G2 285b2afyr10 2","permissions":["tenancy.access.read","tenancy.access.update","tenancy.branches.create","tenancy.branches.read","tenancy.branches.update","tenancy.companies.create","tenancy.companies.read","tenan…; after 200 {"id":"01a1248a-c854-719c-97f9-18496a330dd0","nameEn":"Edited 285b2afyk10","nameAr":"G2 285b2afyr10 2","permissions":["tenancy.access.read","tenancy.access.update","tenancy.branches.create","tenancy.branches.read","tenancy.branches.update","tenancy.companies.create","tenancy.companies.read","ten…
PUT /api/identity/roles/{id:guid} [permissions changed]: aimed at a record granting every tenancy permission the caller lacks (none the caller holds), held in one company only, the other one than where the caller holds it, by a user holding [identity.profile.update, identity.roles.create, identity.roles.delete, identity.roles.read, identity.roles.update, identity.signIns.read, identity.users.create, identity.users.delete, identity.users.read, identity.users.resetPassword, identity.users.update, ledger.entries.post, ledger.entries.read, ledger.periods.close, lists.views.share, reports.catalog.read, tenancy.access.read, tenancy.access.update, tenancy.branches.create, tenancy.branches.read, tenancy.branches.update, tenancy.companies.create, tenancy.companies.read, tenancy.companies.update, tenancy.tenant.read, tenancy.tenant.update, tenancy.workplace.read, tenancy.workplace.switch] only through a role in one company answered 409 (expected 403): {"type":"urn:erp:problem:concurrency","title":"Someone else changed this record after you opened it. Reload it and try again.","status":409,"code":"concurrency","traceId":"0HNP6J440S3UU"}
PUT /api/identity/roles/{id:guid} [permissions changed]: aimed at a record granting nothing, held in one company only, the other one than where the caller holds it, given the permissions of a record granting every tenancy permission the caller lacks (none the caller holds), by a user holding [identity.profile.update, identity.roles.create, identity.roles.delete, identity.roles.read, identity.roles.update, identity.signIns.read, identity.users.create, identity.users.delete, identity.users.read, identity.users.resetPassword, identity.users.update, ledger.entries.post, ledger.entries.read, ledger.periods.close, lists.views.share, reports.catalog.read, tenancy.access.read, tenancy.access.update, tenancy.branches.create, tenancy.branches.read, tenancy.branches.update, tenancy.companies.create, tenancy.companies.read, tenancy.companies.update, tenancy.tenant.read, tenancy.tenant.update, tenancy.workplace.read, tenancy.workplace.switch] only through a role in one company answered 200 (expected 403): {"id":"01a1248a-c901-77b7-bf57-8f5090c7bd60","nameEn":"G2 285b2afye10 1","nameAr":"G2 285b2afye10 2","permissions":["tenancy.access.read","tenancy.access.update","tenancy.branches.create","tenancy.branches.read","tenancy.branches.update","tenancy.companies.create","tenancy.companies.read","tenancy.c…
PUT /api/identity/roles/{id:guid} [permissions changed]: a record granting nothing, held in one company only, the other one than where the caller holds it, given the permissions of a record granting every tenancy permission the caller lacks (none the caller holds), changed when a user holding [identity.profile.update, identity.roles.create, identity.roles.delete, identity.roles.read, identity.roles.update, identity.signIns.read, identity.users.create, identity.users.delete, identity.users.read, identity.users.resetPassword, identity.users.update, ledger.entries.post, ledger.entries.read, ledger.periods.close, lists.views.share, reports.catalog.read, tenancy.access.read, tenancy.access.update, tenancy.branches.create, tenancy.branches.read, tenancy.branches.update, tenancy.companies.create, tenancy.companies.read, tenancy.companies.update, tenancy.tenant.read, tenancy.tenant.update, tenancy.workplace.read, tenancy.workplace.switch] only through a role in one company aimed at it: before 200 {"id":"01a1248a-c901-77b7-bf57-8f5090c7bd60","nameEn":"G2 285b2afye10 1","nameAr":"G2 285b2afye10 2","permissions":[],"isSystem":false,"userCount":1,"version":1899523377}; after 200 {"id":"01a1248a-c901-77b7-bf57-8f5090c7bd60","nameEn":"G2 285b2afye10 1","nameAr":"G2 285b2afye10 2","permissions":["tenancy.access.read","tenancy.access.update","tenancy.branches.create","tenancy.branches.read","tenancy.branches.update","tenancy.companies.create","tenancy.companies.read","tenan…
  Stack Trace:
     at Erp.Gates.Tests.G2.G2AccountTakeoverTests.Acting_on_a_record_that_grants_access_needs_everything_it_grants() in /work/tests/Erp.Gates.Tests/G2/G2AccountTakeoverTests.cs:line 493
--- End of stack trace from previous location ---
  Standard Output Messages:
 10 endpoints acting on grant-bearing records checked: DELETE /api/identity/roles/{id:guid}, PUT /api/identity/roles/{id:guid}, POST /api/identity/roles/{id:guid}/copy, DELETE /api/identity/users/{id:guid}, PUT /api/identity/users/{id:guid}, PUT /api/identity/users/{id:guid}/default-company, DELETE /api/identity/users/{id:guid}/passkeys, POST /api/identity/users/{id:guid}/password, POST /api/identity/users/{id:guid}/sessions/revoke, POST /api/identity/users/{id:guid}/unblock


  Passed Erp.Gates.Tests.G2.G2AccountTakeoverTests.Nobody_resets_their_own_password_or_ends_their_own_access_through_administration [261 ms]
  Passed Erp.Gates.Tests.G1.G1SignInThrottleTests.Sign_in_failures_give_one_answer_that_states_no_policy [2 s]
  Passed Erp.Gates.Tests.G1.G1SignInThrottleTests.A_browser_that_signed_in_before_is_not_paused_by_failures_from_its_network_address [3 s]
  Passed Erp.Gates.Tests.G2.G2AccountTakeoverTests.Acting_on_users_chosen_by_a_search_or_filter_needs_every_permission_they_hold [16 s]
  Passed Erp.Gates.Tests.G1.G1BranchScopeAttackTests.A_user_limited_to_one_branch_cannot_reach_another_branch_of_the_company_through_any_endpoint [14 s]
  Passed Erp.Gates.Tests.G1.DifferentialNormalizationTests.One_pass_gives_what_two_passes_gave(body: "{\"items\":[{\"id\":\"0190a000-0000-7000-8000-0000"···) [1 ms]
  Passed Erp.Gates.Tests.G1.DifferentialNormalizationTests.One_pass_gives_what_two_passes_gave(body: "\"bravo trading\"") [< 1 ms]
  Passed Erp.Gates.Tests.G1.DifferentialNormalizationTests.One_pass_gives_what_two_passes_gave(body: "not json at all: bravo trading, admin@bravo.exampl"···) [< 1 ms]
  Passed Erp.Gates.Tests.G1.DifferentialNormalizationTests.One_pass_gives_what_two_passes_gave(body: "null") [< 1 ms]
  Passed Erp.Gates.Tests.G1.DifferentialNormalizationTests.One_pass_gives_what_two_passes_gave(body: "{\"type\":\"https://tools.ietf.org/html/rfc9110#se"···) [< 1 ms]
  Passed Erp.Gates.Tests.G1.DifferentialNormalizationTests.One_pass_gives_what_two_passes_gave(body: "42") [< 1 ms]
  Passed Erp.Gates.Tests.G1.DifferentialNormalizationTests.One_pass_gives_what_two_passes_gave(body: "  {\"spaced\" : [ 1 , 2 ] , \"s\" : \"admin@bravo."···) [< 1 ms]
  Passed Erp.Gates.Tests.G1.DifferentialNormalizationTests.One_pass_gives_what_two_passes_gave(body: "{\"bravo trading\":\"key is never scrubbed\",\"x\""···) [< 1 ms]
  Passed Erp.Gates.Tests.G1.DifferentialNormalizationTests.One_pass_gives_what_two_passes_gave(body: "[{\"a\":1.50,\"b\":1e3,\"c\":-0,\"d\":true,\"e\":f"···) [< 1 ms]
  Passed Erp.Gates.Tests.G1.DifferentialNormalizationTests.One_pass_gives_what_two_passes_gave(body: "{\"nested\":{\"traceId\":\"t\",\"deeper\":[{\"trac"···) [< 1 ms]
  Passed Erp.Gates.Tests.G1.DifferentialNormalizationTests.One_pass_gives_what_two_passes_gave(body: "{\"broken\": bravo}") [< 1 ms]
  Passed Erp.Gates.Tests.G1.DifferentialNormalizationTests.One_pass_gives_what_two_passes_gave(body: "{\"name\":\"شركة برافو\",\"note\":\"مرحبا bravo\","···) [< 1 ms]
  Passed Erp.Gates.Tests.G1.DifferentialNormalizationTests.One_pass_gives_what_two_passes_gave(body: "") [< 1 ms]
  Passed Erp.Gates.Tests.G1.DifferentialNormalizationTests.One_pass_gives_what_two_passes_gave(body: "{\"a\":1} {\"b\":2}") [< 1 ms]
  Passed Erp.Gates.Tests.G1.G1CompanyScopeTests.Every_company_table_carries_the_standard_company_scope_policy [11 ms]
  Passed Erp.Gates.Tests.G1.G1CompanyScopeTests.The_application_role_sees_and_changes_only_the_bound_companies_in_every_company_table [123 ms]
  Passed Erp.Gates.Tests.G1.G1CredentialTests.The_function_owner_writes_only_where_reviewed [18 ms]
  Passed Erp.Gates.Tests.G1.G1CredentialTests.The_sign_in_lookup_reveals_no_hash_and_no_account_before_the_password_is_proven [38 ms]
  Passed Erp.Gates.Tests.G1.G1CredentialTests.The_application_role_can_read_no_stored_credential [9 ms]
  Passed Erp.Gates.Tests.G1.G1CredentialTests.No_reviewed_function_returns_a_credential_column_or_a_whole_row [4 ms]
  Passed Erp.Gates.Tests.G1.G1DatabaseIsolationTests.Every_table_is_tenant_owned_or_a_reviewed_platform_table [2 ms]
  Passed Erp.Gates.Tests.G1.G1DatabaseIsolationTests.A_tenant_set_for_the_whole_connection_or_left_by_an_earlier_transaction_is_ignored [6 ms]
  Passed Erp.Gates.Tests.G1.G1DatabaseIsolationTests.Application_role_sees_and_changes_only_its_own_tenant_in_every_tenant_table [190 ms]
  Passed Erp.Gates.Tests.G1.G1DatabaseIsolationTests.Foreign_keys_between_tenant_tables_include_the_tenant [6 ms]
  Passed Erp.Gates.Tests.G1.G1DatabaseIsolationTests.Tenant_tables_have_an_id_primary_key [10 ms]
  Passed Erp.Gates.Tests.G1.G1DatabaseIsolationTests.Tenant_tables_enforce_row_level_security_with_the_standard_policy [17 ms]
  Passed Erp.Gates.Tests.G1.G1DatabaseIsolationTests.Security_definer_functions_are_exactly_the_reviewed_ones [6 ms]
  Passed Erp.Gates.Tests.G1.G1DatabaseIsolationTests.Leakproof_functions_are_postgres_defaults_or_reviewed [16 ms]
  Passed Erp.Gates.Tests.G1.G1DatabaseIsolationTests.Audit_trail_is_append_only_for_the_application [4 ms]
  Passed Erp.Gates.Tests.G1.G1DatabaseIsolationTests.Application_role_cannot_bypass_row_level_security_or_become_a_role_that_can [10 ms]
  Passed Erp.Gates.Tests.G1.G1PasskeyTests.Tenant_A_cannot_sign_in_to_or_reach_tenant_Bs_passkeys_and_learns_nothing_of_them [161 ms]
  Passed Erp.Gates.Tests.G1.G1ProcessStateTests.Process_wide_state_is_immutable_or_reviewed [117 ms]
  Passed Erp.Gates.Tests.G1.G1ReviewedLookupTests.Only_reviewed_source_files_name_a_reviewed_function [8 ms]
  Passed Erp.Gates.Tests.G1.G1ReviewedLookupTests.Every_reviewed_function_has_reviewed_callers_and_sources [1 ms]
  Passed Erp.Gates.Tests.G1.G1ReviewedLookupTests.Reviewed_lookups_answer_nothing_inside_a_tenant_bound_transaction [8 ms]
  Passed Erp.Gates.Tests.G1.G1RowVersionTests.A_record_version_is_never_a_database_transaction_id [433 ms]
  Passed Erp.Gates.Tests.G1.G1TenantSettingCodeTests.Only_reviewed_methods_name_the_tenant_setting [15 ms]
  Passed Erp.Gates.Tests.G1.G1TenantSettingCodeTests.The_scan_finds_a_helper_that_names_the_tenant_setting [29 ms]
  Passed Erp.Gates.Tests.G1.G1TenantSourceTests.Only_reviewed_files_choose_a_tenant_or_step_around_the_unit_of_work [54 ms]
  Passed Erp.Gates.Tests.G1.G1TenantSourceTests.The_scanner_catches_every_planted_bypass [1 ms]
  Passed Erp.Gates.Tests.G1.G1TenantValueRuleTests.Every_shape_of_setting_change_is_read_with_its_value [9 ms]
  Passed Erp.Gates.Tests.G1.G1TenantValueRuleTests.A_request_may_run_its_SQL_only_under_the_tenant_it_may_bind [2 ms]
  Passed Erp.Gates.Tests.G1.G1UniqueIndexTests.Unique_indexes_on_tenant_tables_include_the_tenant [21 ms]
  Passed Erp.Gates.Tests.G1.G1WriteOracleTests.Writes_answer_the_same_for_another_tenants_values_as_for_values_that_exist_nowhere [4 s]
  Passed Erp.Gates.Tests.G1.G1WriteOracleTests.Writes_answer_the_same_for_another_tenants_record_ids_as_for_ids_that_exist_nowhere [2 s]
  Passed Erp.Gates.Tests.G2.G2ReportDataTests.The_report_catalogue_lists_only_what_the_caller_may_run_and_see [789 ms]
  Passed Erp.Gates.Tests.G2.G2AccountTakeoverTests.Acting_on_a_user_needs_every_permission_that_user_holds [38 s]
  Passed Erp.Gates.Tests.G2.G2AccountTakeoverTests.Creating_from_a_role_cannot_grant_more_than_the_caller_holds [925 ms]
  Passed Erp.Gates.Tests.G2.G2CompanyAccessGrantTests.Company_access_is_given_and_taken_only_within_what_the_caller_holds_and_never_from_a_stronger_user [2 s]
  Passed Erp.Gates.Tests.G2.G2ReportDataTests.Every_report_prints_only_data_its_permissions_show_elsewhere [30 s]
  Passed Erp.Gates.Tests.G1.G1NonInterferenceTests.What_tenant_A_is_answered_never_depends_on_what_tenant_B_did [4 m 4 s]
  Passed Erp.Gates.Tests.G2.G2CompanyRoleTests.A_permission_held_in_one_company_is_denied_while_working_in_another [9 s]
  Passed Erp.Gates.Tests.Rules.AuditGateTests.Every_tenant_table_carries_the_audit_trigger_unless_reviewed_exempt [14 ms]
  Passed Erp.Gates.Tests.G2.G2CompanyRoleTests.An_administrator_of_one_company_grants_and_acts_only_within_it [1 s]
  Passed Erp.Gates.Tests.Rules.AuditGateTests.Changing_ones_own_interface_preferences_is_audited_field_by_field [430 ms]
  Passed Erp.Gates.Tests.Rules.LicenceGateTests.The_font_check_catches_an_unreviewed_font_changed_bytes_and_a_missing_licence [5 ms]
  Passed Erp.Gates.Tests.Rules.LicenceGateTests.Every_NuGet_package_has_an_allowed_licence [15 ms]
  Passed Erp.Gates.Tests.Rules.LicenceGateTests.Every_font_file_in_the_repository_is_reviewed_with_its_licence_beside_it [13 ms]
  Passed Erp.Gates.Tests.Rules.LicenceGateTests.Every_npm_package_has_an_allowed_licence [13 ms]
  Passed Erp.Gates.Tests.Rules.AuditGateTests.Writes_through_the_API_leave_field_level_audit_rows_attributed_to_the_user [130 ms]
  Passed Erp.Gates.Tests.Rules.AuditGateTests.Writes_that_bypass_the_ORM_are_audited_too [22 ms]
  Passed Erp.Gates.Tests.Rules.AuditGateTests.Passwords_are_redacted_in_the_audit_trail [175 ms]
  Passed Erp.Gates.Tests.Rules.ListIndexGateTests.Search_fields_and_sortable_columns_of_database_lists_are_indexed [37 ms]
  Passed Erp.Gates.Tests.Rules.ModuleBoundaryGateTests.Modules_use_one_another_only_through_their_contracts [6 ms]
  Passed Erp.Gates.Tests.Rules.ModuleBoundaryGateTests.The_boundary_check_catches_a_module_reaching_into_another_one [< 1 ms]
  Passed Erp.Gates.Tests.Rules.MoneyGateTests.No_floating_point_or_money_columns_in_the_database [1 ms]
  Passed Erp.Gates.Tests.Rules.MoneyGateTests.No_float_or_double_in_server_code [25 ms]
  Passed Erp.Gates.Tests.Rules.MoneyGateTests.No_parseFloat_in_front_end_code [6 ms]
  Passed Erp.Gates.Tests.Rules.BulkTimeoutGateTests.Only_the_seed_runner_and_the_platform_build_the_application_pools [11 ms]
  Passed Erp.Gates.Tests.Rules.BulkTimeoutGateTests.Bulk_code_never_sets_a_literal_command_timeout_or_opens_its_own_connection [14 ms]
  Passed Erp.Gates.Tests.Rules.BulkTimeoutGateTests.The_seed_runner_puts_every_tenant_seed_on_the_bulk_pool [< 1 ms]
  Passed Erp.Gates.Tests.Rules.RegistrationGateTests.Every_registered_list_is_served_as_a_page_whose_rows_carry_its_columns [47 ms]
  Passed Erp.Gates.Tests.Rules.RegistrationGateTests.Navigation_reaches_every_screen_and_every_menu_entry_opens_a_screen_with_its_permission [3 ms]
  Passed Erp.Gates.Tests.Rules.ListContractGateTests.Every_sortable_column_orders_its_list_both_ways_and_keyset_paging_matches_one_page [854 ms]
  Passed Erp.Gates.Tests.Rules.ReportGateTests.Every_report_and_printable_list_renders_in_every_format_and_both_languages [1 s]
  Passed Erp.Gates.Tests.Rules.ReportGateTests.Every_list_is_printable_and_every_report_is_well_formed [1 ms]
  Passed Erp.Gates.Tests.Rules.ShellGateTests.Screens_format_numbers_amounts_and_dates_through_the_kernel_formatter [12 ms]
  Passed Erp.Gates.Tests.Rules.ShellGateTests.Language_and_digit_fields_document_their_allowed_values [2 ms]
  Passed Erp.Gates.Tests.Rules.ShellGateTests.Stylesheets_and_inline_styles_use_logical_directions_only [53 ms]
  Passed Erp.Gates.Tests.Rules.ShellGateTests.Every_navigation_group_has_an_English_and_Arabic_heading [< 1 ms]
  Passed Erp.Gates.Tests.Rules.StringGateTests.Every_problem_and_validation_code_in_server_code_has_text [11 ms]
  Passed Erp.Gates.Tests.Rules.StringGateTests.Server_string_files_have_matching_English_and_Arabic_keys [5 ms]
  Passed Erp.Gates.Tests.Rules.StringGateTests.Web_string_files_have_matching_English_and_Arabic_keys [2 ms]
  Passed Erp.Gates.Tests.Rules.StringGateTests.Every_permission_module_and_menu_entry_has_labels [4 ms]
  Passed Erp.Gates.Tests.Rules.StringGateTests.Count_messages_use_plural_forms [2 ms]
  Passed Erp.Gates.Tests.Rules.ListContractGateTests.Every_filterable_column_filters_its_list_and_other_columns_are_refused [916 ms]
  Passed Erp.Gates.Tests.Rules.ListContractGateTests.Every_registered_list_documents_the_list_query_contract_and_its_definition [118 ms]
  Passed Erp.Gates.Tests.Rules.ListContractGateTests.Every_search_field_is_searched_word_by_word_and_grouping_counts_every_row_once [266 ms]
  Passed Erp.Gates.Tests.Rules.OpenApiGateTests.The_document_is_the_same_for_every_caller_and_never_repeats_the_host_it_was_asked_on [90 ms]
  Passed Erp.Gates.Tests.Rules.OpenApiGateTests.OpenApi_document_covers_every_endpoint_with_its_permission [2 ms]
  Passed Erp.Gates.Tests.Rules.OpenApiGateTests.Decimals_are_documented_as_strings [6 ms]
  Passed Erp.Gates.Tests.Rules.OpenApiGateTests.The_served_description_is_the_whole_current_document_the_same_for_every_caller [33 ms]
  Passed Erp.Gates.Tests.SelfTests.ReportPrintSelfTests.The_report_data_check_prints_with_every_documented_parameter_and_catches_what_only_a_searched_or_detailed_print_names [6 s]
  Passed Erp.Gates.Tests.G2.G2SubjectTests.An_action_on_the_caller_never_acts_on_another_user_the_request_names [16 s]
  Passed Erp.Gates.Tests.SelfTests.ReportPrintSelfTests.The_report_data_check_catches_exports_beyond_their_document_and_list_prints_beyond_their_list [5 s]
[xUnit.net 00:12:56.60]   Finished:    Erp.Gates.Tests (ID = 'd67f9af34c5c91feae69a31c7ab81956a411c8cd54ea4942d23c1fd06e059e25')
  Passed Erp.Gates.Tests.G1.G1HttpIsolationTests.Tenant_A_cannot_reach_tenant_B_through_any_endpoint [12 m 19 s]

Test Run Failed.
Total tests: 158
     Passed: 153
     Failed: 5
 Total time: 12.9574 Minutes
gates rc=1
