Test run for /work/tests/Erp.Gates.Tests/bin/Release/net10.0/Erp.Gates.Tests.dll (.NETCoreApp,Version=v10.0)
A total of 1 test files matched the specified pattern.
[xUnit.net 00:00:00.00] xUnit.net VSTest Adapter v3.1.5+1b188a7b0a (64-bit .NET 10.0.12)
[xUnit.net 00:00:00.15]   Discovering: Erp.Gates.Tests
[xUnit.net 00:00:00.37]   Discovered:  Erp.Gates.Tests
[xUnit.net 00:00:00.51]   Starting:    Erp.Gates.Tests
  Passed Erp.Gates.Tests.G2.G2PermissionTests.Every_declared_permission_is_in_the_catalogue_and_every_catalogue_permission_is_used [10 ms]
  Passed Erp.Gates.Tests.G2.G2PermissionTests.Every_permissioned_endpoint_is_enforced_by_a_policy_requiring_its_permission [< 1 ms]
  Passed Erp.Gates.Tests.G2.G2PermissionTests.Every_endpoint_declares_exactly_one_permission_or_is_reviewed_anonymous [2 ms]
  Passed Erp.Gates.Tests.G2.G2PermissionTests.A_user_whose_roles_grant_nothing_is_denied_everything_and_sees_no_menu [654 ms]
  Passed Erp.Gates.Tests.G2.G2PermissionTests.Every_list_endpoint_needs_the_lists_own_permission_and_shared_view_writes_need_sharing [3 s]
  Passed Erp.Gates.Tests.G2.G2PermissionTests.The_host_refuses_to_start_with_an_endpoint_whose_permission_is_not_in_the_catalogue [18 ms]
  Passed Erp.Gates.Tests.G2.G2PermissionTests.Users_cannot_escalate_their_own_privileges [334 ms]
  Passed Erp.Gates.Tests.G2.G2PermissionTests.The_host_refuses_a_permissioned_endpoint_that_also_allows_anonymous_callers [11 ms]
  Passed Erp.Gates.Tests.G2.G2PermissionTests.Creating_a_user_cannot_grant_more_than_the_caller_holds [633 ms]
  Passed Erp.Gates.Tests.G2.G2PermissionTests.Anonymous_callers_get_401_from_every_permissioned_endpoint [20 ms]
  Passed Erp.Gates.Tests.G2.G2PermissionTests.The_reviewed_permission_map_catches_a_weaker_permission_an_unreviewed_endpoint_and_a_stale_line [15 ms]
  Passed Erp.Gates.Tests.G2.G2PermissionTests.The_host_refuses_a_permission_declared_as_metadata_that_no_policy_enforces [26 ms]
  Passed Erp.Gates.Tests.G2.G2PermissionTests.Every_registered_list_is_readable_with_its_permission_alone [1 s]
  Passed Erp.Gates.Tests.G2.G2PermissionTests.The_host_refuses_a_list_whose_endpoint_declares_another_permission [27 ms]
  Passed Erp.Gates.Tests.G2.G2PermissionTests.Sharing_a_view_needs_the_share_permission_and_the_lists_own_permission [469 ms]
  Passed Erp.Gates.Tests.G2.G2PermissionTests.Undeclared_endpoints_fall_back_to_deny [1 ms]
  Passed Erp.Gates.Tests.G2.G2PermissionTests.The_host_refuses_to_start_with_an_endpoint_that_declares_no_permission [17 ms]
  Passed Erp.Gates.Tests.G2.G2PermissionTests.Requests_that_only_read_cannot_write [11 ms]
  Passed Erp.Gates.Tests.G2.G2PermissionTests.No_endpoint_grants_more_than_the_caller_holds [5 s]
  Passed Erp.Gates.Tests.G2.G2PermissionTests.Every_module_route_is_under_a_reviewed_map_or_derives_its_permission_from_its_list [4 ms]
  Passed Erp.Gates.Tests.G2.G2PermissionTests.Granting_exactly_one_permission_opens_exactly_the_endpoints_that_declare_it [19 s]
  Passed Erp.Gates.Tests.G2.G2PermissionTests.No_endpoint_that_changes_data_is_guarded_by_a_read_permission [3 ms]
  Passed Erp.Gates.Tests.G2.G2PermissionTests.Every_endpoint_under_a_reviewed_prefix_declares_exactly_its_reviewed_permission [1 ms]
  Passed Erp.Gates.Tests.G2.G2PermissionTests.The_declaration_check_catches_AllowAnonymous_stacked_on_a_permission [15 ms]
  Passed Erp.Gates.Tests.G1.G1SignInThrottleTests.Failed_sign_ins_from_one_client_never_lock_the_account_out_for_anyone_else [6 s]
  Passed Erp.Gates.Tests.G1.G1SignInThrottleTests.Sign_in_failures_give_one_answer_that_states_no_policy [3 s]
  Passed Erp.Gates.Tests.G1.G1SignInThrottleTests.A_browser_that_signed_in_before_is_not_paused_by_failures_from_its_network_address [4 s]
  Passed Erp.Gates.Tests.SelfTests.GateSelfTests.The_database_check_catches_a_unique_index_across_tenants [74 ms]
  Passed Erp.Gates.Tests.SelfTests.GateSelfTests.The_set_takeover_check_catches_all_that_match_letting_a_grant_held_in_one_company_cover_another [46 s]
  Passed Erp.Gates.Tests.SelfTests.GateSelfTests.The_subject_check_catches_me_endpoints_that_act_on_the_user_a_request_names [2 s]
  Passed Erp.Gates.Tests.SelfTests.GateSelfTests.The_company_grant_check_catches_access_given_without_checking_the_caller_or_the_user [8 s]
  Passed Erp.Gates.Tests.SelfTests.GateSelfTests.The_database_check_catches_a_table_without_row_level_security [30 ms]
  Passed Erp.Gates.Tests.SelfTests.GateSelfTests.The_reachable_state_walk_says_when_it_stopped_at_its_object_budget [208 ms]
  Passed Erp.Gates.Tests.G1.G1CompanyIsolationTests.A_user_of_company_X_cannot_reach_company_Y_through_any_endpoint [2 m 15 s]
  Passed Erp.Gates.Tests.SelfTests.GateSelfTests.The_report_data_check_catches_a_report_printing_data_its_permission_does_not_grant [21 s]
  Passed Erp.Gates.Tests.SelfTests.GateSelfTests.The_reachable_state_walk_judges_every_field_of_registration_objects [3 ms]
  Passed Erp.Gates.Tests.SelfTests.GateSelfTests.The_set_takeover_check_catches_all_that_match_judging_nothing_or_only_roles_held_everywhere [1 ms]
  Passed Erp.Gates.Tests.SelfTests.GateSelfTests.The_company_policy_check_catches_own_rows_writable_outside_the_scope [43 ms]
  Passed Erp.Gates.Tests.G2.G2AccountTakeoverTests.No_endpoint_grants_another_modules_permissions_the_caller_lacks [4 s]
  Passed Erp.Gates.Tests.SelfTests.GateSelfTests.The_grant_escalation_check_catches_grant_checks_that_compare_only_identity_permissions [9 s]
  Passed Erp.Gates.Tests.SelfTests.GateSelfTests.The_process_state_check_catches_a_static_cache_and_a_stateful_singleton [268 ms]
[xUnit.net 00:03:04.39]     Erp.Gates.Tests.G2.G2AccountTakeoverTests.Acting_on_a_record_that_grants_access_needs_everything_it_grants [FAIL]
[xUnit.net 00:03:04.39]       DELETE /api/identity/users/{id:guid}/passkeys: aimed at a record granting everything by a user holding only [identity.users.update, identity.roles.read, identity.users.read] answered 200 (expected 403): {"removed":0}
[xUnit.net 00:03:04.39]       DELETE /api/identity/users/{id:guid}/passkeys: aimed at a record granting only identity.profile.update by a user holding only [identity.users.update, identity.roles.read, identity.users.read] answered 200 (expected 403): {"removed":0}
[xUnit.net 00:03:04.39]       DELETE /api/identity/users/{id:guid}/passkeys: aimed at a record granting only identity.roles.create by a user holding only [identity.users.update, identity.roles.read, identity.users.read] answered 200 (expected 403): {"removed":0}
[xUnit.net 00:03:04.39]       DELETE /api/identity/users/{id:guid}/passkeys: aimed at a record granting only identity.roles.delete by a user holding only [identity.users.update, identity.roles.read, identity.users.read] answered 200 (expected 403): {"removed":0}
[xUnit.net 00:03:04.39]       DELETE /api/identity/users/{id:guid}/passkeys: aimed at a record granting only identity.roles.update by a user holding only [identity.users.update, identity.roles.read, identity.users.read] answered 200 (expected 403): {"removed":0}
[xUnit.net 00:03:04.39]       DELETE /api/identity/users/{id:guid}/passkeys: aimed at a record granting only identity.signIns.read by a user holding only [identity.users.update, identity.roles.read, identity.users.read] answered 200 (expected 403): {"removed":0}
[xUnit.net 00:03:04.39]       DELETE /api/identity/users/{id:guid}/passkeys: aimed at a record granting only identity.users.create by a user holding only [identity.users.update, identity.roles.read, identity.users.read] answered 200 (expected 403): {"removed":0}
[xUnit.net 00:03:04.39]       DELETE /api/identity/users/{id:guid}/passkeys: aimed at a record granting only identity.users.delete by a user holding only [identity.users.update, identity.roles.read, identity.users.read] answered 200 (expected 403): {"removed":0}
[xUnit.net 00:03:04.39]       DELETE /api/identity/users/{id:guid}/passkeys: aimed at a record granting only identity.users.resetPassword by a user holding only [identity.users.update, identity.roles.read, identity.users.read] answered 200 (expected 403): {"removed":0}
[xUnit.net 00:03:04.39]       DELETE /api/identity/users/{id:guid}/passkeys: aimed at a record granting only ledger.entries.post by a user holding only [identity.users.update, identity.roles.read, identity.users.read] answered 200 (expected 403): {"removed":0}
[xUnit.net 00:03:04.39]       DELETE /api/identity/users/{id:guid}/passkeys: aimed at a record granting only ledger.entries.read by a user holding only [identity.users.update, identity.roles.read, identity.users.read] answered 200 (expected 403): {"removed":0}
[xUnit.net 00:03:04.39]       DELETE /api/identity/users/{id:guid}/passkeys: aimed at a record granting only ledger.periods.close by a user holding only [identity.users.update, identity.roles.read, identity.users.read] answered 200 (expected 403): {"removed":0}
[xUnit.net 00:03:04.39]       DELETE /api/identity/users/{id:guid}/passkeys: aimed at a record granting only lists.views.share by a user holding only [identity.users.update, identity.roles.read, identity.users.read] answered 200 (expected 403): {"removed":0}
[xUnit.net 00:03:04.39]       DELETE /api/identity/users/{id:guid}/passkeys: aimed at a record granting only reports.catalog.read by a user holding only [identity.users.update, identity.roles.read, identity.users.read] answered 200 (expected 403): {"removed":0}
[xUnit.net 00:03:04.39]       DELETE /api/identity/users/{id:guid}/passkeys: aimed at a record granting only tenancy.access.read by a user holding only [identity.users.update, identity.roles.read, identity.users.read] answered 200 (expected 403): {"removed":0}
[xUnit.net 00:03:04.39]       DELETE /api/identity/users/{id:guid}/passkeys: aimed at a record granting only tenancy.access.update by a user holding only [identity.users.update, identity.roles.read, identity.users.read] answered 200 (expected 403): {"removed":0}
[xUnit.net 00:03:04.39]       DELETE /api/identity/users/{id:guid}/passkeys: aimed at a record granting only tenancy.branches.create by a user holding only [identity.users.update, identity.roles.read, identity.users.read] answered 200 (expected 403): {"removed":0}
[xUnit.net 00:03:04.39]       DELETE /api/identity/users/{id:guid}/passkeys: aimed at a record granting only tenancy.branches.read by a user holding only [identity.users.update, identity.roles.read, identity.users.read] answered 200 (expected 403): {"removed":0}
[xUnit.net 00:03:04.39]       DELETE /api/identity/users/{id:guid}/passkeys: aimed at a record granting only tenancy.branches.update by a user holding only [identity.users.update, identity.roles.read, identity.users.read] answered 200 (expected 403): {"removed":0}
[xUnit.net 00:03:04.39]       DELETE /api/identity/users/{id:guid}/passkeys: aimed at a record granting only tenancy.companies.create by a user holding only [identity.users.update, identity.roles.read, identity.users.read] answered 200 (expected 403): {"removed":0}
[xUnit.net 00:03:04.39]       DELETE /api/identity/users/{id:guid}/passkeys: aimed at a record granting only tenancy.companies.read by a user holding only [identity.users.update, identity.roles.read, identity.users.read] answered 200 (expected 403): {"removed":0}
[xUnit.net 00:03:04.39]       DELETE /api/identity/users/{id:guid}/passkeys: aimed at a record granting only tenancy.companies.update by a user holding only [identity.users.update, identity.roles.read, identity.users.read] answered 200 (expected 403): {"removed":0}
[xUnit.net 00:03:04.39]       DELETE /api/identity/users/{id:guid}/passkeys: aimed at a record granting only tenancy.tenant.read by a user holding only [identity.users.update, identity.roles.read, identity.users.read] answered 200 (expected 403): {"removed":0}
[xUnit.net 00:03:04.39]       DELETE /api/identity/users/{id:guid}/passkeys: aimed at a record granting only tenancy.tenant.update by a user holding only [identity.users.update, identity.roles.read, identity.users.read] answered 200 (expected 403): {"removed":0}
[xUnit.net 00:03:04.39]       DELETE /api/identity/users/{id:guid}/passkeys: aimed at a record granting only tenancy.workplace.read by a user holding only [identity.users.update, identity.roles.read, identity.users.read] answered 200 (expected 403): {"removed":0}
[xUnit.net 00:03:04.39]       DELETE /api/identity/users/{id:guid}/passkeys: aimed at a record granting only tenancy.workplace.switch by a user holding only [identity.users.update, identity.roles.read, identity.users.read] answered 200 (expected 403): {"removed":0}
[xUnit.net 00:03:04.39]       DELETE /api/identity/users/{id:guid}/passkeys: aimed at a record granting every identity permission the caller lacks (none the caller holds) by a user holding only [identity.users.update, identity.roles.read, identity.users.read] answered 200 (expected 403): {"removed":0}
[xUnit.net 00:03:04.39]       DELETE /api/identity/users/{id:guid}/passkeys: aimed at a record granting the caller's own permissions plus identity.profile.update by a user holding only [identity.users.update, identity.roles.read, identity.users.read] answered 200 (expected 403): {"removed":0}
[xUnit.net 00:03:04.39]       DELETE /api/identity/users/{id:guid}/passkeys: aimed at a record granting every ledger permission the caller lacks (none the caller holds) by a user holding only [identity.users.update, identity.roles.read, identity.users.read] answered 200 (expected 403): {"removed":0}
[xUnit.net 00:03:04.39]       DELETE /api/identity/users/{id:guid}/passkeys: aimed at a record granting the caller's own permissions plus ledger.entries.post by a user holding only [identity.users.update, identity.roles.read, identity.users.read] answered 200 (expected 403): {"removed":0}
[xUnit.net 00:03:04.39]       DELETE /api/identity/users/{id:guid}/passkeys: aimed at a record granting the caller's own permissions plus lists.views.share by a user holding only [identity.users.update, identity.roles.read, identity.users.read] answered 200 (expected 403): {"removed":0}
[xUnit.net 00:03:04.39]       DELETE /api/identity/users/{id:guid}/passkeys: aimed at a record granting the caller's own permissions plus reports.catalog.read by a user holding only [identity.users.update, identity.roles.read, identity.users.read] answered 200 (expected 403): {"removed":0}
[xUnit.net 00:03:04.39]       DELETE /api/identity/users/{id:guid}/passkeys: aimed at a record granting every tenancy permission the caller lacks (none the caller holds) by a user holding only [identity.users.update, identity.roles.read, identity.users.read] answered 200 (expected 403): {"removed":0}
[xUnit.net 00:03:04.39]       DELETE /api/identity/users/{id:guid}/passkeys: aimed at a record granting the caller's own permissions plus tenancy.access.read by a user holding only [identity.users.update, identity.roles.read, identity.users.read] answered 200 (expected 403): {"removed":0}
[xUnit.net 00:03:04.39]       Stack Trace:
[xUnit.net 00:03:04.39]         /work/tests/Erp.Gates.Tests/G2/G2AccountTakeoverTests.cs(493,0): at Erp.Gates.Tests.G2.G2AccountTakeoverTests.Acting_on_a_record_that_grants_access_needs_everything_it_grants()
[xUnit.net 00:03:04.39]         --- End of stack trace from previous location ---
[xUnit.net 00:03:04.39]       Output:
[xUnit.net 00:03:04.39]         10 endpoints acting on grant-bearing records checked: DELETE /api/identity/roles/{id:guid}, PUT /api/identity/roles/{id:guid}, POST /api/identity/roles/{id:guid}/copy, DELETE /api/identity/users/{id:guid}, PUT /api/identity/users/{id:guid}, PUT /api/identity/users/{id:guid}/default-company, DELETE /api/identity/users/{id:guid}/passkeys, POST /api/identity/users/{id:guid}/password, POST /api/identity/users/{id:guid}/sessions/revoke, POST /api/identity/users/{id:guid}/unblock
  Failed Erp.Gates.Tests.G2.G2AccountTakeoverTests.Acting_on_a_record_that_grants_access_needs_everything_it_grants [29 s]
  Error Message:
   DELETE /api/identity/users/{id:guid}/passkeys: aimed at a record granting everything by a user holding only [identity.users.update, identity.roles.read, identity.users.read] answered 200 (expected 403): {"removed":0}
DELETE /api/identity/users/{id:guid}/passkeys: aimed at a record granting only identity.profile.update by a user holding only [identity.users.update, identity.roles.read, identity.users.read] answered 200 (expected 403): {"removed":0}
DELETE /api/identity/users/{id:guid}/passkeys: aimed at a record granting only identity.roles.create by a user holding only [identity.users.update, identity.roles.read, identity.users.read] answered 200 (expected 403): {"removed":0}
DELETE /api/identity/users/{id:guid}/passkeys: aimed at a record granting only identity.roles.delete by a user holding only [identity.users.update, identity.roles.read, identity.users.read] answered 200 (expected 403): {"removed":0}
DELETE /api/identity/users/{id:guid}/passkeys: aimed at a record granting only identity.roles.update by a user holding only [identity.users.update, identity.roles.read, identity.users.read] answered 200 (expected 403): {"removed":0}
DELETE /api/identity/users/{id:guid}/passkeys: aimed at a record granting only identity.signIns.read by a user holding only [identity.users.update, identity.roles.read, identity.users.read] answered 200 (expected 403): {"removed":0}
DELETE /api/identity/users/{id:guid}/passkeys: aimed at a record granting only identity.users.create by a user holding only [identity.users.update, identity.roles.read, identity.users.read] answered 200 (expected 403): {"removed":0}
DELETE /api/identity/users/{id:guid}/passkeys: aimed at a record granting only identity.users.delete by a user holding only [identity.users.update, identity.roles.read, identity.users.read] answered 200 (expected 403): {"removed":0}
DELETE /api/identity/users/{id:guid}/passkeys: aimed at a record granting only identity.users.resetPassword by a user holding only [identity.users.update, identity.roles.read, identity.users.read] answered 200 (expected 403): {"removed":0}
DELETE /api/identity/users/{id:guid}/passkeys: aimed at a record granting only ledger.entries.post by a user holding only [identity.users.update, identity.roles.read, identity.users.read] answered 200 (expected 403): {"removed":0}
DELETE /api/identity/users/{id:guid}/passkeys: aimed at a record granting only ledger.entries.read by a user holding only [identity.users.update, identity.roles.read, identity.users.read] answered 200 (expected 403): {"removed":0}
DELETE /api/identity/users/{id:guid}/passkeys: aimed at a record granting only ledger.periods.close by a user holding only [identity.users.update, identity.roles.read, identity.users.read] answered 200 (expected 403): {"removed":0}
DELETE /api/identity/users/{id:guid}/passkeys: aimed at a record granting only lists.views.share by a user holding only [identity.users.update, identity.roles.read, identity.users.read] answered 200 (expected 403): {"removed":0}
DELETE /api/identity/users/{id:guid}/passkeys: aimed at a record granting only reports.catalog.read by a user holding only [identity.users.update, identity.roles.read, identity.users.read] answered 200 (expected 403): {"removed":0}
DELETE /api/identity/users/{id:guid}/passkeys: aimed at a record granting only tenancy.access.read by a user holding only [identity.users.update, identity.roles.read, identity.users.read] answered 200 (expected 403): {"removed":0}
DELETE /api/identity/users/{id:guid}/passkeys: aimed at a record granting only tenancy.access.update by a user holding only [identity.users.update, identity.roles.read, identity.users.read] answered 200 (expected 403): {"removed":0}
DELETE /api/identity/users/{id:guid}/passkeys: aimed at a record granting only tenancy.branches.create by a user holding only [identity.users.update, identity.roles.read, identity.users.read] answered 200 (expected 403): {"removed":0}
DELETE /api/identity/users/{id:guid}/passkeys: aimed at a record granting only tenancy.branches.read by a user holding only [identity.users.update, identity.roles.read, identity.users.read] answered 200 (expected 403): {"removed":0}
DELETE /api/identity/users/{id:guid}/passkeys: aimed at a record granting only tenancy.branches.update by a user holding only [identity.users.update, identity.roles.read, identity.users.read] answered 200 (expected 403): {"removed":0}
DELETE /api/identity/users/{id:guid}/passkeys: aimed at a record granting only tenancy.companies.create by a user holding only [identity.users.update, identity.roles.read, identity.users.read] answered 200 (expected 403): {"removed":0}
DELETE /api/identity/users/{id:guid}/passkeys: aimed at a record granting only tenancy.companies.read by a user holding only [identity.users.update, identity.roles.read, identity.users.read] answered 200 (expected 403): {"removed":0}
DELETE /api/identity/users/{id:guid}/passkeys: aimed at a record granting only tenancy.companies.update by a user holding only [identity.users.update, identity.roles.read, identity.users.read] answered 200 (expected 403): {"removed":0}
DELETE /api/identity/users/{id:guid}/passkeys: aimed at a record granting only tenancy.tenant.read by a user holding only [identity.users.update, identity.roles.read, identity.users.read] answered 200 (expected 403): {"removed":0}
DELETE /api/identity/users/{id:guid}/passkeys: aimed at a record granting only tenancy.tenant.update by a user holding only [identity.users.update, identity.roles.read, identity.users.read] answered 200 (expected 403): {"removed":0}
DELETE /api/identity/users/{id:guid}/passkeys: aimed at a record granting only tenancy.workplace.read by a user holding only [identity.users.update, identity.roles.read, identity.users.read] answered 200 (expected 403): {"removed":0}
DELETE /api/identity/users/{id:guid}/passkeys: aimed at a record granting only tenancy.workplace.switch by a user holding only [identity.users.update, identity.roles.read, identity.users.read] answered 200 (expected 403): {"removed":0}
DELETE /api/identity/users/{id:guid}/passkeys: aimed at a record granting every identity permission the caller lacks (none the caller holds) by a user holding only [identity.users.update, identity.roles.read, identity.users.read] answered 200 (expected 403): {"removed":0}
DELETE /api/identity/users/{id:guid}/passkeys: aimed at a record granting the caller's own permissions plus identity.profile.update by a user holding only [identity.users.update, identity.roles.read, identity.users.read] answered 200 (expected 403): {"removed":0}
DELETE /api/identity/users/{id:guid}/passkeys: aimed at a record granting every ledger permission the caller lacks (none the caller holds) by a user holding only [identity.users.update, identity.roles.read, identity.users.read] answered 200 (expected 403): {"removed":0}
DELETE /api/identity/users/{id:guid}/passkeys: aimed at a record granting the caller's own permissions plus ledger.entries.post by a user holding only [identity.users.update, identity.roles.read, identity.users.read] answered 200 (expected 403): {"removed":0}
DELETE /api/identity/users/{id:guid}/passkeys: aimed at a record granting the caller's own permissions plus lists.views.share by a user holding only [identity.users.update, identity.roles.read, identity.users.read] answered 200 (expected 403): {"removed":0}
DELETE /api/identity/users/{id:guid}/passkeys: aimed at a record granting the caller's own permissions plus reports.catalog.read by a user holding only [identity.users.update, identity.roles.read, identity.users.read] answered 200 (expected 403): {"removed":0}
DELETE /api/identity/users/{id:guid}/passkeys: aimed at a record granting every tenancy permission the caller lacks (none the caller holds) by a user holding only [identity.users.update, identity.roles.read, identity.users.read] answered 200 (expected 403): {"removed":0}
DELETE /api/identity/users/{id:guid}/passkeys: aimed at a record granting the caller's own permissions plus tenancy.access.read by a user holding only [identity.users.update, identity.roles.read, identity.users.read] answered 200 (expected 403): {"removed":0}
  Stack Trace:
     at Erp.Gates.Tests.G2.G2AccountTakeoverTests.Acting_on_a_record_that_grants_access_needs_everything_it_grants() in /work/tests/Erp.Gates.Tests/G2/G2AccountTakeoverTests.cs:line 493
--- End of stack trace from previous location ---
  Standard Output Messages:
 10 endpoints acting on grant-bearing records checked: DELETE /api/identity/roles/{id:guid}, PUT /api/identity/roles/{id:guid}, POST /api/identity/roles/{id:guid}/copy, DELETE /api/identity/users/{id:guid}, PUT /api/identity/users/{id:guid}, PUT /api/identity/users/{id:guid}/default-company, DELETE /api/identity/users/{id:guid}/passkeys, POST /api/identity/users/{id:guid}/password, POST /api/identity/users/{id:guid}/sessions/revoke, POST /api/identity/users/{id:guid}/unblock


  Passed Erp.Gates.Tests.G2.G2AccountTakeoverTests.Nobody_resets_their_own_password_or_ends_their_own_access_through_administration [428 ms]
  Passed Erp.Gates.Tests.G2.G2AccountTakeoverTests.Acting_on_users_chosen_by_a_search_or_filter_needs_every_permission_they_hold [15 s]
[xUnit.net 00:03:32.03]     Erp.Gates.Tests.SelfTests.GateSelfTests.The_grant_bearing_record_check_catches_access_checks_that_compare_only_identity_permissions [FAIL]
[xUnit.net 00:03:32.03]       Assert.DoesNotContain() Failure: Filter matched in collection
[xUnit.net 00:03:32.03]                    ↓ (pos 0)
[xUnit.net 00:03:32.03]       Collection: ["DELETE /api/identity/users/{id:guid}/passkeys: aim"···, "DELETE /api/identity/users/{id:guid}/passkeys: aim"···, "DELETE /api/identity/users/{id:guid}/passkeys: aim"···, "DELETE /api/identity/users/{id:guid}/passkeys: aim"···, "DELETE /api/identity/users/{id:guid}/passkeys: aim"···, ···]
[xUnit.net 00:03:32.03]       Stack Trace:
[xUnit.net 00:03:32.03]         /work/tests/Erp.Gates.Tests/SelfTests/GateSelfTests.cs(569,0): at Erp.Gates.Tests.SelfTests.GateSelfTests.The_grant_bearing_record_check_catches_access_checks_that_compare_only_identity_permissions()
[xUnit.net 00:03:32.03]         --- End of stack trace from previous location ---
  Failed Erp.Gates.Tests.SelfTests.GateSelfTests.The_grant_bearing_record_check_catches_access_checks_that_compare_only_identity_permissions [50 s]
  Error Message:
   Assert.DoesNotContain() Failure: Filter matched in collection
             ↓ (pos 0)
Collection: ["DELETE /api/identity/users/{id:guid}/passkeys: aim"···, "DELETE /api/identity/users/{id:guid}/passkeys: aim"···, "DELETE /api/identity/users/{id:guid}/passkeys: aim"···, "DELETE /api/identity/users/{id:guid}/passkeys: aim"···, "DELETE /api/identity/users/{id:guid}/passkeys: aim"···, ···]
  Stack Trace:
     at Erp.Gates.Tests.SelfTests.GateSelfTests.The_grant_bearing_record_check_catches_access_checks_that_compare_only_identity_permissions() in /work/tests/Erp.Gates.Tests/SelfTests/GateSelfTests.cs:line 569
--- End of stack trace from previous location ---
[xUnit.net 00:03:32.09]     Erp.Gates.Tests.SelfTests.GateSelfTests.The_grant_bearing_record_check_catches_a_role_delete_without_the_grant_check [FAIL]
[xUnit.net 00:03:32.09]       Assert.DoesNotContain() Failure: Filter matched in collection
[xUnit.net 00:03:32.09]                    ↓ (pos 0)
[xUnit.net 00:03:32.09]       Collection: ["DELETE /api/identity/users/{id:guid}/passkeys: aim"···, "DELETE /api/identity/users/{id:guid}/passkeys: aim"···, "DELETE /api/identity/users/{id:guid}/passkeys: aim"···, "DELETE /api/identity/users/{id:guid}/passkeys: aim"···, "DELETE /api/identity/users/{id:guid}/passkeys: aim"···, ···]
[xUnit.net 00:03:32.09]       Stack Trace:
[xUnit.net 00:03:32.09]         /work/tests/Erp.Gates.Tests/SelfTests/GateSelfTests.cs(523,0): at Erp.Gates.Tests.SelfTests.GateSelfTests.The_grant_bearing_record_check_catches_a_role_delete_without_the_grant_check()
[xUnit.net 00:03:32.09]         --- End of stack trace from previous location ---
[xUnit.net 00:03:32.09]     Erp.Gates.Tests.SelfTests.GateSelfTests.The_grant_bearing_record_check_catches_an_edit_that_skips_the_access_check_when_only_the_email_changes [FAIL]
[xUnit.net 00:03:32.09]       Assert.DoesNotContain() Failure: Filter matched in collection
[xUnit.net 00:03:32.09]                    ↓ (pos 0)
[xUnit.net 00:03:32.09]       Collection: ["DELETE /api/identity/users/{id:guid}/passkeys: aim"···, "DELETE /api/identity/users/{id:guid}/passkeys: aim"···, "DELETE /api/identity/users/{id:guid}/passkeys: aim"···, "DELETE /api/identity/users/{id:guid}/passkeys: aim"···, "DELETE /api/identity/users/{id:guid}/passkeys: aim"···, ···]
[xUnit.net 00:03:32.09]       Stack Trace:
[xUnit.net 00:03:32.09]         /work/tests/Erp.Gates.Tests/SelfTests/GateSelfTests.cs(539,0): at Erp.Gates.Tests.SelfTests.GateSelfTests.The_grant_bearing_record_check_catches_an_edit_that_skips_the_access_check_when_only_the_email_changes()
[xUnit.net 00:03:32.09]         --- End of stack trace from previous location ---
[xUnit.net 00:03:32.09]     Erp.Gates.Tests.SelfTests.GateSelfTests.The_grant_bearing_record_check_catches_role_checks_that_take_grants_held_in_one_company_as_held_everywhere [FAIL]
[xUnit.net 00:03:32.09]       Assert.DoesNotContain() Failure: Filter matched in collection
[xUnit.net 00:03:32.09]                    ↓ (pos 0)
[xUnit.net 00:03:32.09]       Collection: ["DELETE /api/identity/users/{id:guid}/passkeys: aim"···, "DELETE /api/identity/users/{id:guid}/passkeys: aim"···, "DELETE /api/identity/users/{id:guid}/passkeys: aim"···, "DELETE /api/identity/users/{id:guid}/passkeys: aim"···, "DELETE /api/identity/users/{id:guid}/passkeys: aim"···, ···]
[xUnit.net 00:03:32.09]       Stack Trace:
[xUnit.net 00:03:32.09]         /work/tests/Erp.Gates.Tests/SelfTests/GateSelfTests.cs(607,0): at Erp.Gates.Tests.SelfTests.GateSelfTests.The_grant_bearing_record_check_catches_role_checks_that_take_grants_held_in_one_company_as_held_everywhere()
[xUnit.net 00:03:32.09]         --- End of stack trace from previous location ---
[xUnit.net 00:03:32.09]       Output:
[xUnit.net 00:03:32.09]         DELETE /api/leaky/company-roles/{id:guid}: aimed at a record granting every identity permission the caller lacks (none the caller holds), held across the workspace, by a user holding [identity.profile.update, identity.roles.create, identity.roles.delete, identity.roles.read, identity.roles.update, identity.signIns.read, identity.users.create, identity.users.delete, identity.users.read, identity.users.resetPassword, identity.users.update, leaky.data.delete, leaky.data.read, leaky.data.update, lists.views.share, reports.catalog.read, tenancy.access.read, tenancy.access.update, tenancy.branches.create, tenancy.branches.read, tenancy.branches.update, tenancy.companies.create, tenancy.companies.read, tenancy.companies.update, tenancy.tenant.read, tenancy.tenant.update, tenancy.workplace.read, tenancy.workplace.switch] only through a role in one company answered 204 (expected 403): 
[xUnit.net 00:03:32.09]         DELETE /api/leaky/company-roles/{id:guid}: a record granting every identity permission the caller lacks (none the caller holds), held across the workspace, changed when a user holding [identity.profile.update, identity.roles.create, identity.roles.delete, identity.roles.read, identity.roles.update, identity.signIns.read, identity.users.create, identity.users.delete, identity.users.read, identity.users.resetPassword, identity.users.update, leaky.data.delete, leaky.data.read, leaky.data.update, lists.views.share, reports.catalog.read, tenancy.access.read, tenancy.access.update, tenancy.branches.create, tenancy.branches.read, tenancy.branches.update, tenancy.companies.create, tenancy.companies.read, tenancy.companies.update, tenancy.tenant.read, tenancy.tenant.update, tenancy.workplace.read, tenancy.workplace.switch] only through a role in one company aimed at it: before 200 {"id":"bb2ecf28-69eb-486c-94c7-6eea2b386acf","nameEn":"G2 11027481yr1 1","nameAr":"G2 11027481yr1 2","permissions":["identity.profile.update","identity.roles.create","identity.roles.delete","identity.roles.update","identity.signIns.read","identity.users.create","identity.users.delete","identity.…; after 404 
[xUnit.net 00:03:32.09]         DELETE /api/leaky/company-roles/{id:guid}: aimed at a record granting every identity permission the caller lacks (none the caller holds), held in one company only, the other one than where the caller holds it, by a user holding [identity.profile.update, identity.roles.create, identity.roles.delete, identity.roles.read, identity.roles.update, identity.signIns.read, identity.users.create, identity.users.delete, identity.users.read, identity.users.resetPassword, identity.users.update, leaky.data.delete, leaky.data.read, leaky.data.update, lists.views.share, reports.catalog.read, tenancy.access.read, tenancy.access.update, tenancy.branches.create, tenancy.branches.read, tenancy.branches.update, tenancy.companies.create, tenancy.companies.read, tenancy.companies.update, tenancy.tenant.read, tenancy.tenant.update, tenancy.workplace.read, tenancy.workplace.switch] only through a role in one company answered 204 (expected 403): 
[xUnit.net 00:03:32.09]         DELETE /api/leaky/company-roles/{id:guid}: a record granting every identity permission the caller lacks (none the caller holds), held in one company only, the other one than where the caller holds it, changed when a user holding [identity.profile.update, identity.roles.create, identity.roles.delete, identity.roles.read, identity.roles.update, identity.signIns.read, identity.users.create, identity.users.delete, identity.users.read, identity.users.resetPassword, identity.users.update, leaky.data.delete, leaky.data.read, leaky.data.update, lists.views.share, reports.catalog.read, tenancy.access.read, tenancy.access.update, tenancy.branches.create, tenancy.branches.read, tenancy.branches.update, tenancy.companies.create, tenancy.companies.read, tenancy.companies.update, tenancy.tenant.read, tenancy.tenant.update, tenancy.workplace.read, tenancy.workplace.switch] only through a role in one company aimed at it: before 200 {"id":"e07627ac-f4d9-4fca-a25c-c9cec7eefb5e","nameEn":"G2 11027481yr2 1","nameAr":"G2 11027481yr2 2","permissions":["identity.profile.update","identity.roles.create","identity.roles.delete","identity.roles.update","identity.signIns.read","identity.users.create","identity.users.delete","identity.…; after 404 
[xUnit.net 00:03:32.09]         DELETE /api/leaky/company-roles/{id:guid}: aimed at a record granting every leaky permission the caller lacks (none the caller holds), held across the workspace, by a user holding [identity.profile.update, identity.roles.create, identity.roles.delete, identity.roles.read, identity.roles.update, identity.signIns.read, identity.users.create, identity.users.delete, identity.users.read, identity.users.resetPassword, identity.users.update, leaky.data.delete, leaky.data.read, leaky.data.update, lists.views.share, reports.catalog.read, tenancy.access.read, tenancy.access.update, tenancy.branches.create, tenancy.branches.read, tenancy.branches.update, tenancy.companies.create, tenancy.companies.read, tenancy.companies.update, tenancy.tenant.read, tenancy.tenant.update, tenancy.workplace.read, tenancy.workplace.switch] only through a role in one company answered 204 (expected 403): 
[xUnit.net 00:03:32.09]         DELETE /api/leaky/company-roles/{id:guid}: a record granting every leaky permission the caller lacks (none the caller holds), held across the workspace, changed when a user holding [identity.profile.update, identity.roles.create, identity.roles.delete, identity.roles.read, identity.roles.update, identity.signIns.read, identity.users.create, identity.users.delete, identity.users.read, identity.users.resetPassword, identity.users.update, leaky.data.delete, leaky.data.read, leaky.data.update, lists.views.share, reports.catalog.read, tenancy.access.read, tenancy.access.update, tenancy.branches.create, tenancy.branches.read, tenancy.branches.update, tenancy.companies.create, tenancy.companies.read, tenancy.companies.update, tenancy.tenant.read, tenancy.tenant.update, tenancy.workplace.read, tenancy.workplace.switch] only through a role in one company aimed at it: before 200 {"id":"0740e5f3-0d1a-48c9-8bb7-1ca9cfef36d5","nameEn":"G2 11027481yr3 1","nameAr":"G2 11027481yr3 2","permissions":["leaky.data.read","leaky.data.update"],"isSystem":false}; after 404 
[xUnit.net 00:03:32.09]         DELETE /api/leaky/company-roles/{id:guid}: aimed at a record granting every leaky permission the caller lacks (none the caller holds), held in one company only, the other one than where the caller holds it, by a user holding [identity.profile.update, identity.roles.create, identity.roles.delete, identity.roles.read, identity.roles.update, identity.signIns.read, identity.users.create, identity.users.delete, identity.users.read, identity.users.resetPassword, identity.users.update, leaky.data.delete, leaky.data.read, leaky.data.update, lists.views.share, reports.catalog.read, tenancy.access.read, tenancy.access.update, tenancy.branches.create, tenancy.branches.read, tenancy.branches.update, tenancy.companies.create, tenancy.companies.read, tenancy.companies.update, tenancy.tenant.read, tenancy.tenant.update, tenancy.workplace.read, tenancy.workplace.switch] only through a role in one company answered 204 (expected 403): 
[xUnit.net 00:03:32.09]         DELETE /api/leaky/company-roles/{id:guid}: a record granting every leaky permission the caller lacks (none the caller holds), held in one company only, the other one than where the caller holds it, changed when a user holding [identity.profile.update, identity.roles.create, identity.roles.delete, identity.roles.read, identity.roles.update, identity.signIns.read, identity.users.create, identity.users.delete, identity.users.read, identity.users.resetPassword, identity.users.update, leaky.data.delete, leaky.data.read, leaky.data.update, lists.views.share, reports.catalog.read, tenancy.access.read, tenancy.access.update, tenancy.branches.create, tenancy.branches.read, tenancy.branches.update, tenancy.companies.create, tenancy.companies.read, tenancy.companies.update, tenancy.tenant.read, tenancy.tenant.update, tenancy.workplace.read, tenancy.workplace.switch] only through a role in one company aimed at it: before 200 {"id":"fb289e33-9044-4928-b99a-e871eaefba7c","nameEn":"G2 11027481yr4 1","nameAr":"G2 11027481yr4 2","permissions":["leaky.data.read","leaky.data.update"],"isSystem":false}; after 404 
  Passed Erp.Gates.Tests.SelfTests.GateSelfTests.The_company_policy_check_catches_a_company_table_without_the_company_scope [53 ms]
  Failed Erp.Gates.Tests.SelfTests.GateSelfTests.The_grant_bearing_record_check_catches_a_role_delete_without_the_grant_check [< 1 ms]
  Error Message:
   Assert.DoesNotContain() Failure: Filter matched in collection
             ↓ (pos 0)
Collection: ["DELETE /api/identity/users/{id:guid}/passkeys: aim"···, "DELETE /api/identity/users/{id:guid}/passkeys: aim"···, "DELETE /api/identity/users/{id:guid}/passkeys: aim"···, "DELETE /api/identity/users/{id:guid}/passkeys: aim"···, "DELETE /api/identity/users/{id:guid}/passkeys: aim"···, ···]
  Stack Trace:
     at Erp.Gates.Tests.SelfTests.GateSelfTests.The_grant_bearing_record_check_catches_a_role_delete_without_the_grant_check() in /work/tests/Erp.Gates.Tests/SelfTests/GateSelfTests.cs:line 523
--- End of stack trace from previous location ---
  Failed Erp.Gates.Tests.SelfTests.GateSelfTests.The_grant_bearing_record_check_catches_an_edit_that_skips_the_access_check_when_only_the_email_changes [< 1 ms]
  Error Message:
   Assert.DoesNotContain() Failure: Filter matched in collection
             ↓ (pos 0)
Collection: ["DELETE /api/identity/users/{id:guid}/passkeys: aim"···, "DELETE /api/identity/users/{id:guid}/passkeys: aim"···, "DELETE /api/identity/users/{id:guid}/passkeys: aim"···, "DELETE /api/identity/users/{id:guid}/passkeys: aim"···, "DELETE /api/identity/users/{id:guid}/passkeys: aim"···, ···]
  Stack Trace:
     at Erp.Gates.Tests.SelfTests.GateSelfTests.The_grant_bearing_record_check_catches_an_edit_that_skips_the_access_check_when_only_the_email_changes() in /work/tests/Erp.Gates.Tests/SelfTests/GateSelfTests.cs:line 539
--- End of stack trace from previous location ---
  Passed Erp.Gates.Tests.SelfTests.GateSelfTests.The_set_takeover_check_catches_all_that_match_leaving_out_where_users_work [< 1 ms]
  Passed Erp.Gates.Tests.SelfTests.GateSelfTests.The_grant_escalation_check_catches_an_endpoint_that_grants_any_role [< 1 ms]
  Failed Erp.Gates.Tests.SelfTests.GateSelfTests.The_grant_bearing_record_check_catches_role_checks_that_take_grants_held_in_one_company_as_held_everywhere [1 ms]
  Error Message:
   Assert.DoesNotContain() Failure: Filter matched in collection
             ↓ (pos 0)
Collection: ["DELETE /api/identity/users/{id:guid}/passkeys: aim"···, "DELETE /api/identity/users/{id:guid}/passkeys: aim"···, "DELETE /api/identity/users/{id:guid}/passkeys: aim"···, "DELETE /api/identity/users/{id:guid}/passkeys: aim"···, "DELETE /api/identity/users/{id:guid}/passkeys: aim"···, ···]
  Stack Trace:
     at Erp.Gates.Tests.SelfTests.GateSelfTests.The_grant_bearing_record_check_catches_role_checks_that_take_grants_held_in_one_company_as_held_everywhere() in /work/tests/Erp.Gates.Tests/SelfTests/GateSelfTests.cs:line 607
--- End of stack trace from previous location ---
  Standard Output Messages:
 DELETE /api/leaky/company-roles/{id:guid}: aimed at a record granting every identity permission the caller lacks (none the caller holds), held across the workspace, by a user holding [identity.profile.update, identity.roles.create, identity.roles.delete, identity.roles.read, identity.roles.update, identity.signIns.read, identity.users.create, identity.users.delete, identity.users.read, identity.users.resetPassword, identity.users.update, leaky.data.delete, leaky.data.read, leaky.data.update, lists.views.share, reports.catalog.read, tenancy.access.read, tenancy.access.update, tenancy.branches.create, tenancy.branches.read, tenancy.branches.update, tenancy.companies.create, tenancy.companies.read, tenancy.companies.update, tenancy.tenant.read, tenancy.tenant.update, tenancy.workplace.read, tenancy.workplace.switch] only through a role in one company answered 204 (expected 403): 
 DELETE /api/leaky/company-roles/{id:guid}: a record granting every identity permission the caller lacks (none the caller holds), held across the workspace, changed when a user holding [identity.profile.update, identity.roles.create, identity.roles.delete, identity.roles.read, identity.roles.update, identity.signIns.read, identity.users.create, identity.users.delete, identity.users.read, identity.users.resetPassword, identity.users.update, leaky.data.delete, leaky.data.read, leaky.data.update, lists.views.share, reports.catalog.read, tenancy.access.read, tenancy.access.update, tenancy.branches.create, tenancy.branches.read, tenancy.branches.update, tenancy.companies.create, tenancy.companies.read, tenancy.companies.update, tenancy.tenant.read, tenancy.tenant.update, tenancy.workplace.read, tenancy.workplace.switch] only through a role in one company aimed at it: before 200 {"id":"bb2ecf28-69eb-486c-94c7-6eea2b386acf","nameEn":"G2 11027481yr1 1","nameAr":"G2 11027481yr1 2","permissions":["identity.profile.update","identity.roles.create","identity.roles.delete","identity.roles.update","identity.signIns.read","identity.users.create","identity.users.delete","identity.…; after 404 
 DELETE /api/leaky/company-roles/{id:guid}: aimed at a record granting every identity permission the caller lacks (none the caller holds), held in one company only, the other one than where the caller holds it, by a user holding [identity.profile.update, identity.roles.create, identity.roles.delete, identity.roles.read, identity.roles.update, identity.signIns.read, identity.users.create, identity.users.delete, identity.users.read, identity.users.resetPassword, identity.users.update, leaky.data.delete, leaky.data.read, leaky.data.update, lists.views.share, reports.catalog.read, tenancy.access.read, tenancy.access.update, tenancy.branches.create, tenancy.branches.read, tenancy.branches.update, tenancy.companies.create, tenancy.companies.read, tenancy.companies.update, tenancy.tenant.read, tenancy.tenant.update, tenancy.workplace.read, tenancy.workplace.switch] only through a role in one company answered 204 (expected 403): 
 DELETE /api/leaky/company-roles/{id:guid}: a record granting every identity permission the caller lacks (none the caller holds), held in one company only, the other one than where the caller holds it, changed when a user holding [identity.profile.update, identity.roles.create, identity.roles.delete, identity.roles.read, identity.roles.update, identity.signIns.read, identity.users.create, identity.users.delete, identity.users.read, identity.users.resetPassword, identity.users.update, leaky.data.delete, leaky.data.read, leaky.data.update, lists.views.share, reports.catalog.read, tenancy.access.read, tenancy.access.update, tenancy.branches.create, tenancy.branches.read, tenancy.branches.update, tenancy.companies.create, tenancy.companies.read, tenancy.companies.update, tenancy.tenant.read, tenancy.tenant.update, tenancy.workplace.read, tenancy.workplace.switch] only through a role in one company aimed at it: before 200 {"id":"e07627ac-f4d9-4fca-a25c-c9cec7eefb5e","nameEn":"G2 11027481yr2 1","nameAr":"G2 11027481yr2 2","permissions":["identity.profile.update","identity.roles.create","identity.roles.delete","identity.roles.update","identity.signIns.read","identity.users.create","identity.users.delete","identity.…; after 404 
 DELETE /api/leaky/company-roles/{id:guid}: aimed at a record granting every leaky permission the caller lacks (none the caller holds), held across the workspace, by a user holding [identity.profile.update, identity.roles.create, identity.roles.delete, identity.roles.read, identity.roles.update, identity.signIns.read, identity.users.create, identity.users.delete, identity.users.read, identity.users.resetPassword, identity.users.update, leaky.data.delete, leaky.data.read, leaky.data.update, lists.views.share, reports.catalog.read, tenancy.access.read, tenancy.access.update, tenancy.branches.create, tenancy.branches.read, tenancy.branches.update, tenancy.companies.create, tenancy.companies.read, tenancy.companies.update, tenancy.tenant.read, tenancy.tenant.update, tenancy.workplace.read, tenancy.workplace.switch] only through a role in one company answered 204 (expected 403): 
 DELETE /api/leaky/company-roles/{id:guid}: a record granting every leaky permission the caller lacks (none the caller holds), held across the workspace, changed when a user holding [identity.profile.update, identity.roles.create, identity.roles.delete, identity.roles.read, identity.roles.update, identity.signIns.read, identity.users.create, identity.users.delete, identity.users.read, identity.users.resetPassword, identity.users.update, leaky.data.delete, leaky.data.read, leaky.data.update, lists.views.share, reports.catalog.read, tenancy.access.read, tenancy.access.update, tenancy.branches.create, tenancy.branches.read, tenancy.branches.update, tenancy.companies.create, tenancy.companies.read, tenancy.companies.update, tenancy.tenant.read, tenancy.tenant.update, tenancy.workplace.read, tenancy.workplace.switch] only through a role in one company aimed at it: before 200 {"id":"0740e5f3-0d1a-48c9-8bb7-1ca9cfef36d5","nameEn":"G2 11027481yr3 1","nameAr":"G2 11027481yr3 2","permissions":["leaky.data.read","leaky.data.update"],"isSystem":false}; after 404 
 DELETE /api/leaky/company-roles/{id:guid}: aimed at a record granting every leaky permission the caller lacks (none the caller holds), held in one company only, the other one than where the caller holds it, by a user holding [identity.profile.update, identity.roles.create, identity.roles.delete, identity.roles.read, identity.roles.update, identity.signIns.read, identity.users.create, identity.users.delete, identity.users.read, identity.users.resetPassword, identity.users.update, leaky.data.delete, leaky.data.read, leaky.data.update, lists.views.share, reports.catalog.read, tenancy.access.read, tenancy.access.update, tenancy.branches.create, tenancy.branches.read, tenancy.branches.update, tenancy.companies.create, tenancy.companies.read, tenancy.companies.update, tenancy.tenant.read, tenancy.tenant.update, tenancy.workplace.read, tenancy.workplace.switch] only through a role in one company answered 204 (expected 403): 
 DELETE /api/leaky/company-roles/{id:guid}: a record granting every leaky permission the caller lacks (none the caller holds), held in one company only, the other one than where the caller holds it, changed when a user holding [identity.profile.update, identity.roles.create, identity.roles.delete, identity.roles.read, identity.roles.update, identity.signIns.read, identity.users.create, identity.users.delete, identity.users.read, identity.users.resetPassword, identity.users.update, leaky.data.delete, leaky.data.read, leaky.data.update, lists.views.share, reports.catalog.read, tenancy.access.read, tenancy.access.update, tenancy.branches.create, tenancy.branches.read, tenancy.branches.update, tenancy.companies.create, tenancy.companies.read, tenancy.companies.update, tenancy.tenant.read, tenancy.tenant.update, tenancy.workplace.read, tenancy.workplace.switch] only through a role in one company aimed at it: before 200 {"id":"fb289e33-9044-4928-b99a-e871eaefba7c","nameEn":"G2 11027481yr4 1","nameAr":"G2 11027481yr4 2","permissions":["leaky.data.read","leaky.data.update"],"isSystem":false}; after 404 


  Passed Erp.Gates.Tests.SelfTests.GateSelfTests.The_permission_checks_catch_a_write_guarded_by_a_read_permission_and_a_read_that_writes [93 ms]
  Passed Erp.Gates.Tests.SelfTests.WriteOracleSelfTests.The_write_oracle_check_catches_a_write_telling_another_tenants_id_inside_a_list_of_objects_from_an_unknown_one [2 s]
  Passed Erp.Gates.Tests.SelfTests.WriteOracleSelfTests.The_write_oracle_check_catches_a_create_that_refuses_another_tenants_address [4 s]
  Passed Erp.Gates.Tests.G1.G1ClientStateTests.Every_use_of_a_carrier_that_outlives_the_document_is_reviewed [28 ms]
  Passed Erp.Gates.Tests.G1.G1ClientStateTests.Every_piece_of_module_level_state_in_the_web_sources_is_reviewed [21 ms]
  Passed Erp.Gates.Tests.G1.G1ClientStateTests.The_carrier_inventory_finds_the_planted_cookie_and_window_name [6 ms]
  Passed Erp.Gates.Tests.G1.G1ClientStateTests.The_inventory_finds_planted_module_state [1 ms]
  Passed Erp.Gates.Tests.G1.DifferentialNormalizationTests.One_pass_gives_what_two_passes_gave(body: "{\"items\":[{\"id\":\"0190a000-0000-7000-8000-0000"···) [1 ms]
  Passed Erp.Gates.Tests.G1.DifferentialNormalizationTests.One_pass_gives_what_two_passes_gave(body: "\"bravo trading\"") [< 1 ms]
  Passed Erp.Gates.Tests.G1.DifferentialNormalizationTests.One_pass_gives_what_two_passes_gave(body: "not json at all: bravo trading, admin@bravo.exampl"···) [< 1 ms]
  Passed Erp.Gates.Tests.G1.DifferentialNormalizationTests.One_pass_gives_what_two_passes_gave(body: "null") [< 1 ms]
  Passed Erp.Gates.Tests.G1.DifferentialNormalizationTests.One_pass_gives_what_two_passes_gave(body: "{\"type\":\"https://tools.ietf.org/html/rfc9110#se"···) [< 1 ms]
  Passed Erp.Gates.Tests.G1.DifferentialNormalizationTests.One_pass_gives_what_two_passes_gave(body: "42") [< 1 ms]
  Passed Erp.Gates.Tests.G1.DifferentialNormalizationTests.One_pass_gives_what_two_passes_gave(body: "  {\"spaced\" : [ 1 , 2 ] , \"s\" : \"admin@bravo."···) [< 1 ms]
  Passed Erp.Gates.Tests.G1.DifferentialNormalizationTests.One_pass_gives_what_two_passes_gave(body: "{\"bravo trading\":\"key is never scrubbed\",\"x\""···) [< 1 ms]
  Passed Erp.Gates.Tests.G1.DifferentialNormalizationTests.One_pass_gives_what_two_passes_gave(body: "[{\"a\":1.50,\"b\":1e3,\"c\":-0,\"d\":true,\"e\":f"···) [< 1 ms]
  Passed Erp.Gates.Tests.G1.DifferentialNormalizationTests.One_pass_gives_what_two_passes_gave(body: "{\"nested\":{\"traceId\":\"t\",\"deeper\":[{\"trac"···) [< 1 ms]
  Passed Erp.Gates.Tests.G1.DifferentialNormalizationTests.One_pass_gives_what_two_passes_gave(body: "{\"broken\": bravo}") [< 1 ms]
  Passed Erp.Gates.Tests.G1.DifferentialNormalizationTests.One_pass_gives_what_two_passes_gave(body: "{\"name\":\"شركة برافو\",\"note\":\"مرحبا bravo\","···) [< 1 ms]
  Passed Erp.Gates.Tests.G1.DifferentialNormalizationTests.One_pass_gives_what_two_passes_gave(body: "") [< 1 ms]
  Passed Erp.Gates.Tests.G1.DifferentialNormalizationTests.One_pass_gives_what_two_passes_gave(body: "{\"a\":1} {\"b\":2}") [< 1 ms]
  Passed Erp.Gates.Tests.SelfTests.ResponseTextSelfTests.Only_a_recent_instant_and_a_short_dated_text_are_scrubbed_as_the_print_stamp [< 1 ms]
  Passed Erp.Gates.Tests.SelfTests.ResponseTextSelfTests.A_compressed_pdf_and_a_zipped_workbook_are_read_for_their_text [24 ms]
  Passed Erp.Gates.Tests.SelfTests.ResponseTextSelfTests.Right_to_left_runs_are_also_given_in_logical_order [< 1 ms]
  Passed Erp.Gates.Tests.G1.G1BranchScopeAttackTests.A_user_limited_to_one_branch_cannot_reach_another_branch_of_the_company_through_any_endpoint [15 s]
[xUnit.net 00:04:01.97]     Erp.Gates.Tests.G2.G2AccountTakeoverTests.Acting_on_a_user_needs_every_permission_that_user_holds [FAIL]
[xUnit.net 00:04:01.97]       DELETE /api/identity/users/{id:guid}/passkeys: aimed at the Administrator by a user holding only [identity.users.update, identity.users.read, identity.roles.read] answered 200 (expected 403): {"removed":0}
[xUnit.net 00:04:01.97]       DELETE /api/identity/users/{id:guid}/passkeys: aimed at a user holding a record granting only identity.profile.update by a user holding only [identity.users.update, identity.users.read, identity.roles.read] answered 200 (expected 403): {"removed":0}
[xUnit.net 00:04:01.97]       DELETE /api/identity/users/{id:guid}/passkeys: aimed at a user holding a record granting only identity.roles.create by a user holding only [identity.users.update, identity.users.read, identity.roles.read] answered 200 (expected 403): {"removed":0}
[xUnit.net 00:04:01.97]       DELETE /api/identity/users/{id:guid}/passkeys: aimed at a user holding a record granting only identity.roles.delete by a user holding only [identity.users.update, identity.users.read, identity.roles.read] answered 200 (expected 403): {"removed":0}
[xUnit.net 00:04:01.97]       DELETE /api/identity/users/{id:guid}/passkeys: aimed at a user holding a record granting only identity.roles.update by a user holding only [identity.users.update, identity.users.read, identity.roles.read] answered 200 (expected 403): {"removed":0}
[xUnit.net 00:04:01.97]       DELETE /api/identity/users/{id:guid}/passkeys: aimed at a user holding a record granting only identity.signIns.read by a user holding only [identity.users.update, identity.users.read, identity.roles.read] answered 200 (expected 403): {"removed":0}
[xUnit.net 00:04:01.97]       DELETE /api/identity/users/{id:guid}/passkeys: aimed at a user holding a record granting only identity.users.create by a user holding only [identity.users.update, identity.users.read, identity.roles.read] answered 200 (expected 403): {"removed":0}
[xUnit.net 00:04:01.97]       DELETE /api/identity/users/{id:guid}/passkeys: aimed at a user holding a record granting only identity.users.delete by a user holding only [identity.users.update, identity.users.read, identity.roles.read] answered 200 (expected 403): {"removed":0}
[xUnit.net 00:04:01.97]       DELETE /api/identity/users/{id:guid}/passkeys: aimed at a user holding a record granting only identity.users.resetPassword by a user holding only [identity.users.update, identity.users.read, identity.roles.read] answered 200 (expected 403): {"removed":0}
[xUnit.net 00:04:01.97]       DELETE /api/identity/users/{id:guid}/passkeys: aimed at a user holding a record granting only ledger.entries.post by a user holding only [identity.users.update, identity.users.read, identity.roles.read] answered 200 (expected 403): {"removed":0}
[xUnit.net 00:04:01.97]       DELETE /api/identity/users/{id:guid}/passkeys: aimed at a user holding a record granting only ledger.entries.read by a user holding only [identity.users.update, identity.users.read, identity.roles.read] answered 200 (expected 403): {"removed":0}
[xUnit.net 00:04:01.97]       DELETE /api/identity/users/{id:guid}/passkeys: aimed at a user holding a record granting only ledger.periods.close by a user holding only [identity.users.update, identity.users.read, identity.roles.read] answered 200 (expected 403): {"removed":0}
[xUnit.net 00:04:01.97]       DELETE /api/identity/users/{id:guid}/passkeys: aimed at a user holding a record granting only lists.views.share by a user holding only [identity.users.update, identity.users.read, identity.roles.read] answered 200 (expected 403): {"removed":0}
[xUnit.net 00:04:01.97]       DELETE /api/identity/users/{id:guid}/passkeys: aimed at a user holding a record granting only reports.catalog.read by a user holding only [identity.users.update, identity.users.read, identity.roles.read] answered 200 (expected 403): {"removed":0}
[xUnit.net 00:04:01.97]       DELETE /api/identity/users/{id:guid}/passkeys: aimed at a user holding a record granting only tenancy.access.read by a user holding only [identity.users.update, identity.users.read, identity.roles.read] answered 200 (expected 403): {"removed":0}
[xUnit.net 00:04:01.97]       DELETE /api/identity/users/{id:guid}/passkeys: aimed at a user holding a record granting only tenancy.access.update by a user holding only [identity.users.update, identity.users.read, identity.roles.read] answered 200 (expected 403): {"removed":0}
[xUnit.net 00:04:01.97]       DELETE /api/identity/users/{id:guid}/passkeys: aimed at a user holding a record granting only tenancy.branches.create by a user holding only [identity.users.update, identity.users.read, identity.roles.read] answered 200 (expected 403): {"removed":0}
[xUnit.net 00:04:01.97]       DELETE /api/identity/users/{id:guid}/passkeys: aimed at a user holding a record granting only tenancy.branches.read by a user holding only [identity.users.update, identity.users.read, identity.roles.read] answered 200 (expected 403): {"removed":0}
[xUnit.net 00:04:01.97]       DELETE /api/identity/users/{id:guid}/passkeys: aimed at a user holding a record granting only tenancy.branches.update by a user holding only [identity.users.update, identity.users.read, identity.roles.read] answered 200 (expected 403): {"removed":0}
[xUnit.net 00:04:01.97]       DELETE /api/identity/users/{id:guid}/passkeys: aimed at a user holding a record granting only tenancy.companies.create by a user holding only [identity.users.update, identity.users.read, identity.roles.read] answered 200 (expected 403): {"removed":0}
[xUnit.net 00:04:01.97]       DELETE /api/identity/users/{id:guid}/passkeys: aimed at a user holding a record granting only tenancy.companies.read by a user holding only [identity.users.update, identity.users.read, identity.roles.read] answered 200 (expected 403): {"removed":0}
[xUnit.net 00:04:01.97]       DELETE /api/identity/users/{id:guid}/passkeys: aimed at a user holding a record granting only tenancy.companies.update by a user holding only [identity.users.update, identity.users.read, identity.roles.read] answered 200 (expected 403): {"removed":0}
[xUnit.net 00:04:01.97]       DELETE /api/identity/users/{id:guid}/passkeys: aimed at a user holding a record granting only tenancy.tenant.read by a user holding only [identity.users.update, identity.users.read, identity.roles.read] answered 200 (expected 403): {"removed":0}
[xUnit.net 00:04:01.97]       DELETE /api/identity/users/{id:guid}/passkeys: aimed at a user holding a record granting only tenancy.tenant.update by a user holding only [identity.users.update, identity.users.read, identity.roles.read] answered 200 (expected 403): {"removed":0}
[xUnit.net 00:04:01.97]       DELETE /api/identity/users/{id:guid}/passkeys: aimed at a user holding a record granting only tenancy.workplace.read by a user holding only [identity.users.update, identity.users.read, identity.roles.read] answered 200 (expected 403): {"removed":0}
[xUnit.net 00:04:01.97]       DELETE /api/identity/users/{id:guid}/passkeys: aimed at a user holding a record granting only tenancy.workplace.switch by a user holding only [identity.users.update, identity.users.read, identity.roles.read] answered 200 (expected 403): {"removed":0}
[xUnit.net 00:04:01.97]       DELETE /api/identity/users/{id:guid}/passkeys: aimed at a user holding a record granting every identity permission the caller lacks (none the caller holds) by a user holding only [identity.users.update, identity.users.read, identity.roles.read] answered 200 (expected 403): {"removed":0}
[xUnit.net 00:04:01.97]       DELETE /api/identity/users/{id:guid}/passkeys: aimed at a user holding a record granting the caller's own permissions plus identity.profile.update by a user holding only [identity.users.update, identity.users.read, identity.roles.read] answered 200 (expected 403): {"removed":0}
[xUnit.net 00:04:01.97]       DELETE /api/identity/users/{id:guid}/passkeys: aimed at a user holding a record granting every ledger permission the caller lacks (none the caller holds) by a user holding only [identity.users.update, identity.users.read, identity.roles.read] answered 200 (expected 403): {"removed":0}
[xUnit.net 00:04:01.97]       DELETE /api/identity/users/{id:guid}/passkeys: aimed at a user holding a record granting the caller's own permissions plus ledger.entries.post by a user holding only [identity.users.update, identity.users.read, identity.roles.read] answered 200 (expected 403): {"removed":0}
[xUnit.net 00:04:01.97]       DELETE /api/identity/users/{id:guid}/passkeys: aimed at a user holding a record granting the caller's own permissions plus lists.views.share by a user holding only [identity.users.update, identity.users.read, identity.roles.read] answered 200 (expected 403): {"removed":0}
[xUnit.net 00:04:01.97]       DELETE /api/identity/users/{id:guid}/passkeys: aimed at a user holding a record granting the caller's own permissions plus reports.catalog.read by a user holding only [identity.users.update, identity.users.read, identity.roles.read] answered 200 (expected 403): {"removed":0}
[xUnit.net 00:04:01.97]       DELETE /api/identity/users/{id:guid}/passkeys: aimed at a user holding a record granting every tenancy permission the caller lacks (none the caller holds) by a user holding only [identity.users.update, identity.users.read, identity.roles.read] answered 200 (expected 403): {"removed":0}
[xUnit.net 00:04:01.97]       DELETE /api/identity/users/{id:guid}/passkeys: aimed at a user holding a record granting the caller's own permissions plus tenancy.access.read by a user holding only [identity.users.update, identity.users.read, identity.roles.read] answered 200 (expected 403): {"removed":0}
[xUnit.net 00:04:01.97]       DELETE /api/identity/users/{id:guid}/passkeys: aimed at a user holding a record granting every identity permission the caller lacks (none the caller holds) in one company only by a user holding only [identity.users.update, identity.users.read, identity.roles.read] everywhere answered 200 (expected 403): {"removed":0}
[xUnit.net 00:04:01.97]       DELETE /api/identity/users/{id:guid}/passkeys: aimed at a user holding a record granting every ledger permission the caller lacks (none the caller holds) in one company only by a user holding only [identity.users.update, identity.users.read, identity.roles.read] everywhere answered 200 (expected 403): {"removed":0}
[xUnit.net 00:04:01.97]       DELETE /api/identity/users/{id:guid}/passkeys: aimed at a user holding a record granting only lists.views.share in one company only by a user holding only [identity.users.update, identity.users.read, identity.roles.read] everywhere answered 200 (expected 403): {"removed":0}
[xUnit.net 00:04:01.97]       DELETE /api/identity/users/{id:guid}/passkeys: aimed at a user holding a record granting only reports.catalog.read in one company only by a user holding only [identity.users.update, identity.users.read, identity.roles.read] everywhere answered 200 (expected 403): {"removed":0}
[xUnit.net 00:04:01.97]       DELETE /api/identity/users/{id:guid}/passkeys: aimed at a user holding a record granting every tenancy permission the caller lacks (none the caller holds) in one company only by a user holding only [identity.users.update, identity.users.read, identity.roles.read] everywhere answered 200 (expected 403): {"removed":0}
[xUnit.net 00:04:01.97]       DELETE /api/identity/users/{id:guid}/passkeys: aimed at a user who also works in a company the caller does not work in answered 200 (expected 403): {"removed":0}
[xUnit.net 00:04:01.97]       DELETE /api/identity/users/{id:guid}/passkeys: aimed at a user holding a role in a company the caller does not work in answered 200 (expected 403): {"removed":0}
[xUnit.net 00:04:01.97]       DELETE /api/identity/users/{id:guid}/passkeys: aimed at a user holding a record granting every identity permission the caller lacks (none the caller holds) in one company only, the other one than where the caller holds it by a user holding [identity.profile.update, identity.roles.create, identity.roles.delete, identity.roles.read, identity.roles.update, identity.signIns.read, identity.users.create, identity.users.delete, identity.users.read, identity.users.resetPassword, identity.users.update, ledger.entries.post, ledger.entries.read, ledger.periods.close, lists.views.share, reports.catalog.read, tenancy.access.read, tenancy.access.update, tenancy.branches.create, tenancy.branches.read, tenancy.branches.update, tenancy.companies.create, tenancy.companies.read, tenancy.companies.update, tenancy.tenant.read, tenancy.tenant.update, tenancy.workplace.read, tenancy.workplace.switch] only through a role in one company answered 200 (expected 403): {"removed":0}
[xUnit.net 00:04:01.97]       DELETE /api/identity/users/{id:guid}/passkeys: aimed at a user holding a record granting every identity permission the caller lacks (none the caller holds) in every company, which the caller holds in one company only by a user holding [identity.profile.update, identity.roles.create, identity.roles.delete, identity.roles.read, identity.roles.update, identity.signIns.read, identity.users.create, identity.users.delete, identity.users.read, identity.users.resetPassword, identity.users.update, ledger.entries.post, ledger.entries.read, ledger.periods.close, lists.views.share, reports.catalog.read, tenancy.access.read, tenancy.access.update, tenancy.branches.create, tenancy.branches.read, tenancy.branches.update, tenancy.companies.create, tenancy.companies.read, tenancy.companies.update, tenancy.tenant.read, tenancy.tenant.update, tenancy.workplace.read, tenancy.workplace.switch] only through a role in one company answered 200 (expected 403): {"removed":0}
[xUnit.net 00:04:01.97]       DELETE /api/identity/users/{id:guid}/passkeys: aimed at a user holding a record granting every ledger permission the caller lacks (none the caller holds) in one company only, the other one than where the caller holds it by a user holding [identity.profile.update, identity.roles.create, identity.roles.delete, identity.roles.read, identity.roles.update, identity.signIns.read, identity.users.create, identity.users.delete, identity.users.read, identity.users.resetPassword, identity.users.update, ledger.entries.post, ledger.entries.read, ledger.periods.close, lists.views.share, reports.catalog.read, tenancy.access.read, tenancy.access.update, tenancy.branches.create, tenancy.branches.read, tenancy.branches.update, tenancy.companies.create, tenancy.companies.read, tenancy.companies.update, tenancy.tenant.read, tenancy.tenant.update, tenancy.workplace.read, tenancy.workplace.switch] only through a role in one company answered 200 (expected 403): {"removed":0}
[xUnit.net 00:04:01.97]       DELETE /api/identity/users/{id:guid}/passkeys: aimed at a user holding a record granting every ledger permission the caller lacks (none the caller holds) in every company, which the caller holds in one company only by a user holding [identity.profile.update, identity.roles.create, identity.roles.delete, identity.roles.read, identity.roles.update, identity.signIns.read, identity.users.create, identity.users.delete, identity.users.read, identity.users.resetPassword, identity.users.update, ledger.entries.post, ledger.entries.read, ledger.periods.close, lists.views.share, reports.catalog.read, tenancy.access.read, tenancy.access.update, tenancy.branches.create, tenancy.branches.read, tenancy.branches.update, tenancy.companies.create, tenancy.companies.read, tenancy.companies.update, tenancy.tenant.read, tenancy.tenant.update, tenancy.workplace.read, tenancy.workplace.switch] only through a role in one company answered 200 (expected 403): {"removed":0}
[xUnit.net 00:04:01.97]       DELETE /api/identity/users/{id:guid}/passkeys: aimed at a user holding a record granting only lists.views.share in one company only, the other one than where the caller holds it by a user holding [identity.profile.update, identity.roles.create, identity.roles.delete, identity.roles.read, identity.roles.update, identity.signIns.read, identity.users.create, identity.users.delete, identity.users.read, identity.users.resetPassword, identity.users.update, ledger.entries.post, ledger.entries.read, ledger.periods.close, lists.views.share, reports.catalog.read, tenancy.access.read, tenancy.access.update, tenancy.branches.create, tenancy.branches.read, tenancy.branches.update, tenancy.companies.create, tenancy.companies.read, tenancy.companies.update, tenancy.tenant.read, tenancy.tenant.update, tenancy.workplace.read, tenancy.workplace.switch] only through a role in one company answered 200 (expected 403): {"removed":0}
[xUnit.net 00:04:01.97]       DELETE /api/identity/users/{id:guid}/passkeys: aimed at a user holding a record granting only lists.views.share in every company, which the caller holds in one company only by a user holding [identity.profile.update, identity.roles.create, identity.roles.delete, identity.roles.read, identity.roles.update, identity.signIns.read, identity.users.create, identity.users.delete, identity.users.read, identity.users.resetPassword, identity.users.update, ledger.entries.post, ledger.entries.read, ledger.periods.close, lists.views.share, reports.catalog.read, tenancy.access.read, tenancy.access.update, tenancy.branches.create, tenancy.branches.read, tenancy.branches.update, tenancy.companies.create, tenancy.companies.read, tenancy.companies.update, tenancy.tenant.read, tenancy.tenant.update, tenancy.workplace.read, tenancy.workplace.switch] only through a role in one company answered 200 (expected 403): {"removed":0}
[xUnit.net 00:04:01.97]       DELETE /api/identity/users/{id:guid}/passkeys: aimed at a user holding a record granting only reports.catalog.read in one company only, the other one than where the caller holds it by a user holding [identity.profile.update, identity.roles.create, identity.roles.delete, identity.roles.read, identity.roles.update, identity.signIns.read, identity.users.create, identity.users.delete, identity.users.read, identity.users.resetPassword, identity.users.update, ledger.entries.post, ledger.entries.read, ledger.periods.close, lists.views.share, reports.catalog.read, tenancy.access.read, tenancy.access.update, tenancy.branches.create, tenancy.branches.read, tenancy.branches.update, tenancy.companies.create, tenancy.companies.read, tenancy.companies.update, tenancy.tenant.read, tenancy.tenant.update, tenancy.workplace.read, tenancy.workplace.switch] only through a role in one company answered 200 (expected 403): {"removed":0}
[xUnit.net 00:04:01.97]       DELETE /api/identity/users/{id:guid}/passkeys: aimed at a user holding a record granting only reports.catalog.read in every company, which the caller holds in one company only by a user holding [identity.profile.update, identity.roles.create, identity.roles.delete, identity.roles.read, identity.roles.update, identity.signIns.read, identity.users.create, identity.users.delete, identity.users.read, identity.users.resetPassword, identity.users.update, ledger.entries.post, ledger.entries.read, ledger.periods.close, lists.views.share, reports.catalog.read, tenancy.access.read, tenancy.access.update, tenancy.branches.create, tenancy.branches.read, tenancy.branches.update, tenancy.companies.create, tenancy.companies.read, tenancy.companies.update, tenancy.tenant.read, tenancy.tenant.update, tenancy.workplace.read, tenancy.workplace.switch] only through a role in one company answered 200 (expected 403): {"removed":0}
[xUnit.net 00:04:01.97]       DELETE /api/identity/users/{id:guid}/passkeys: aimed at a user holding a record granting every tenancy permission the caller lacks (none the caller holds) in one company only, the other one than where the caller holds it by a user holding [identity.profile.update, identity.roles.create, identity.roles.delete, identity.roles.read, identity.roles.update, identity.signIns.read, identity.users.create, identity.users.delete, identity.users.read, identity.users.resetPassword, identity.users.update, ledger.entries.post, ledger.entries.read, ledger.periods.close, lists.views.share, reports.catalog.read, tenancy.access.read, tenancy.access.update, tenancy.branches.create, tenancy.branches.read, tenancy.branches.update, tenancy.companies.create, tenancy.companies.read, tenancy.companies.update, tenancy.tenant.read, tenancy.tenant.update, tenancy.workplace.read, tenancy.workplace.switch] only through a role in one company answered 200 (expected 403): {"removed":0}
[xUnit.net 00:04:01.97]       DELETE /api/identity/users/{id:guid}/passkeys: aimed at a user holding a record granting every tenancy permission the caller lacks (none the caller holds) in every company, which the caller holds in one company only by a user holding [identity.profile.update, identity.roles.create, identity.roles.delete, identity.roles.read, identity.roles.update, identity.signIns.read, identity.users.create, identity.users.delete, identity.users.read, identity.users.resetPassword, identity.users.update, ledger.entries.post, ledger.entries.read, ledger.periods.close, lists.views.share, reports.catalog.read, tenancy.access.read, tenancy.access.update, tenancy.branches.create, tenancy.branches.read, tenancy.branches.update, tenancy.companies.create, tenancy.companies.read, tenancy.companies.update, tenancy.tenant.read, tenancy.tenant.update, tenancy.workplace.read, tenancy.workplace.switch] only through a role in one company answered 200 (expected 403): {"removed":0}
[xUnit.net 00:04:01.97]       Stack Trace:
[xUnit.net 00:04:01.97]         /work/tests/Erp.Gates.Tests/G2/G2AccountTakeoverTests.cs(334,0): at Erp.Gates.Tests.G2.G2AccountTakeoverTests.Acting_on_a_user_needs_every_permission_that_user_holds()
[xUnit.net 00:04:01.97]         --- End of stack trace from previous location ---
[xUnit.net 00:04:01.97]       Output:
[xUnit.net 00:04:01.97]         7 endpoints acting on users, 20 single-field requests aimed at the Administrator, 231 requests aimed at users holding grants the caller lacks, 100 single-field requests aimed at them
[xUnit.net 00:04:01.97]         49 requests aimed at users whose roles are held in one company
[xUnit.net 00:04:01.97]         70 requests by callers whose grants come from a role in one company
  Passed Erp.Gates.Tests.G1.G1CompanyScopeTests.Every_company_table_carries_the_standard_company_scope_policy [11 ms]
  Passed Erp.Gates.Tests.G1.G1CompanyScopeTests.The_application_role_sees_and_changes_only_the_bound_companies_in_every_company_table [109 ms]
  Failed Erp.Gates.Tests.G2.G2AccountTakeoverTests.Acting_on_a_user_needs_every_permission_that_user_holds [41 s]
  Error Message:
   DELETE /api/identity/users/{id:guid}/passkeys: aimed at the Administrator by a user holding only [identity.users.update, identity.users.read, identity.roles.read] answered 200 (expected 403): {"removed":0}
DELETE /api/identity/users/{id:guid}/passkeys: aimed at a user holding a record granting only identity.profile.update by a user holding only [identity.users.update, identity.users.read, identity.roles.read] answered 200 (expected 403): {"removed":0}
DELETE /api/identity/users/{id:guid}/passkeys: aimed at a user holding a record granting only identity.roles.create by a user holding only [identity.users.update, identity.users.read, identity.roles.read] answered 200 (expected 403): {"removed":0}
DELETE /api/identity/users/{id:guid}/passkeys: aimed at a user holding a record granting only identity.roles.delete by a user holding only [identity.users.update, identity.users.read, identity.roles.read] answered 200 (expected 403): {"removed":0}
DELETE /api/identity/users/{id:guid}/passkeys: aimed at a user holding a record granting only identity.roles.update by a user holding only [identity.users.update, identity.users.read, identity.roles.read] answered 200 (expected 403): {"removed":0}
DELETE /api/identity/users/{id:guid}/passkeys: aimed at a user holding a record granting only identity.signIns.read by a user holding only [identity.users.update, identity.users.read, identity.roles.read] answered 200 (expected 403): {"removed":0}
DELETE /api/identity/users/{id:guid}/passkeys: aimed at a user holding a record granting only identity.users.create by a user holding only [identity.users.update, identity.users.read, identity.roles.read] answered 200 (expected 403): {"removed":0}
DELETE /api/identity/users/{id:guid}/passkeys: aimed at a user holding a record granting only identity.users.delete by a user holding only [identity.users.update, identity.users.read, identity.roles.read] answered 200 (expected 403): {"removed":0}
DELETE /api/identity/users/{id:guid}/passkeys: aimed at a user holding a record granting only identity.users.resetPassword by a user holding only [identity.users.update, identity.users.read, identity.roles.read] answered 200 (expected 403): {"removed":0}
DELETE /api/identity/users/{id:guid}/passkeys: aimed at a user holding a record granting only ledger.entries.post by a user holding only [identity.users.update, identity.users.read, identity.roles.read] answered 200 (expected 403): {"removed":0}
DELETE /api/identity/users/{id:guid}/passkeys: aimed at a user holding a record granting only ledger.entries.read by a user holding only [identity.users.update, identity.users.read, identity.roles.read] answered 200 (expected 403): {"removed":0}
DELETE /api/identity/users/{id:guid}/passkeys: aimed at a user holding a record granting only ledger.periods.close by a user holding only [identity.users.update, identity.users.read, identity.roles.read] answered 200 (expected 403): {"removed":0}
DELETE /api/identity/users/{id:guid}/passkeys: aimed at a user holding a record granting only lists.views.share by a user holding only [identity.users.update, identity.users.read, identity.roles.read] answered 200 (expected 403): {"removed":0}
DELETE /api/identity/users/{id:guid}/passkeys: aimed at a user holding a record granting only reports.catalog.read by a user holding only [identity.users.update, identity.users.read, identity.roles.read] answered 200 (expected 403): {"removed":0}
DELETE /api/identity/users/{id:guid}/passkeys: aimed at a user holding a record granting only tenancy.access.read by a user holding only [identity.users.update, identity.users.read, identity.roles.read] answered 200 (expected 403): {"removed":0}
DELETE /api/identity/users/{id:guid}/passkeys: aimed at a user holding a record granting only tenancy.access.update by a user holding only [identity.users.update, identity.users.read, identity.roles.read] answered 200 (expected 403): {"removed":0}
DELETE /api/identity/users/{id:guid}/passkeys: aimed at a user holding a record granting only tenancy.branches.create by a user holding only [identity.users.update, identity.users.read, identity.roles.read] answered 200 (expected 403): {"removed":0}
DELETE /api/identity/users/{id:guid}/passkeys: aimed at a user holding a record granting only tenancy.branches.read by a user holding only [identity.users.update, identity.users.read, identity.roles.read] answered 200 (expected 403): {"removed":0}
DELETE /api/identity/users/{id:guid}/passkeys: aimed at a user holding a record granting only tenancy.branches.update by a user holding only [identity.users.update, identity.users.read, identity.roles.read] answered 200 (expected 403): {"removed":0}
DELETE /api/identity/users/{id:guid}/passkeys: aimed at a user holding a record granting only tenancy.companies.create by a user holding only [identity.users.update, identity.users.read, identity.roles.read] answered 200 (expected 403): {"removed":0}
DELETE /api/identity/users/{id:guid}/passkeys: aimed at a user holding a record granting only tenancy.companies.read by a user holding only [identity.users.update, identity.users.read, identity.roles.read] answered 200 (expected 403): {"removed":0}
DELETE /api/identity/users/{id:guid}/passkeys: aimed at a user holding a record granting only tenancy.companies.update by a user holding only [identity.users.update, identity.users.read, identity.roles.read] answered 200 (expected 403): {"removed":0}
DELETE /api/identity/users/{id:guid}/passkeys: aimed at a user holding a record granting only tenancy.tenant.read by a user holding only [identity.users.update, identity.users.read, identity.roles.read] answered 200 (expected 403): {"removed":0}
DELETE /api/identity/users/{id:guid}/passkeys: aimed at a user holding a record granting only tenancy.tenant.update by a user holding only [identity.users.update, identity.users.read, identity.roles.read] answered 200 (expected 403): {"removed":0}
DELETE /api/identity/users/{id:guid}/passkeys: aimed at a user holding a record granting only tenancy.workplace.read by a user holding only [identity.users.update, identity.users.read, identity.roles.read] answered 200 (expected 403): {"removed":0}
DELETE /api/identity/users/{id:guid}/passkeys: aimed at a user holding a record granting only tenancy.workplace.switch by a user holding only [identity.users.update, identity.users.read, identity.roles.read] answered 200 (expected 403): {"removed":0}
DELETE /api/identity/users/{id:guid}/passkeys: aimed at a user holding a record granting every identity permission the caller lacks (none the caller holds) by a user holding only [identity.users.update, identity.users.read, identity.roles.read] answered 200 (expected 403): {"removed":0}
DELETE /api/identity/users/{id:guid}/passkeys: aimed at a user holding a record granting the caller's own permissions plus identity.profile.update by a user holding only [identity.users.update, identity.users.read, identity.roles.read] answered 200 (expected 403): {"removed":0}
DELETE /api/identity/users/{id:guid}/passkeys: aimed at a user holding a record granting every ledger permission the caller lacks (none the caller holds) by a user holding only [identity.users.update, identity.users.read, identity.roles.read] answered 200 (expected 403): {"removed":0}
DELETE /api/identity/users/{id:guid}/passkeys: aimed at a user holding a record granting the caller's own permissions plus ledger.entries.post by a user holding only [identity.users.update, identity.users.read, identity.roles.read] answered 200 (expected 403): {"removed":0}
DELETE /api/identity/users/{id:guid}/passkeys: aimed at a user holding a record granting the caller's own permissions plus lists.views.share by a user holding only [identity.users.update, identity.users.read, identity.roles.read] answered 200 (expected 403): {"removed":0}
DELETE /api/identity/users/{id:guid}/passkeys: aimed at a user holding a record granting the caller's own permissions plus reports.catalog.read by a user holding only [identity.users.update, identity.users.read, identity.roles.read] answered 200 (expected 403): {"removed":0}
DELETE /api/identity/users/{id:guid}/passkeys: aimed at a user holding a record granting every tenancy permission the caller lacks (none the caller holds) by a user holding only [identity.users.update, identity.users.read, identity.roles.read] answered 200 (expected 403): {"removed":0}
DELETE /api/identity/users/{id:guid}/passkeys: aimed at a user holding a record granting the caller's own permissions plus tenancy.access.read by a user holding only [identity.users.update, identity.users.read, identity.roles.read] answered 200 (expected 403): {"removed":0}
DELETE /api/identity/users/{id:guid}/passkeys: aimed at a user holding a record granting every identity permission the caller lacks (none the caller holds) in one company only by a user holding only [identity.users.update, identity.users.read, identity.roles.read] everywhere answered 200 (expected 403): {"removed":0}
DELETE /api/identity/users/{id:guid}/passkeys: aimed at a user holding a record granting every ledger permission the caller lacks (none the caller holds) in one company only by a user holding only [identity.users.update, identity.users.read, identity.roles.read] everywhere answered 200 (expected 403): {"removed":0}
DELETE /api/identity/users/{id:guid}/passkeys: aimed at a user holding a record granting only lists.views.share in one company only by a user holding only [identity.users.update, identity.users.read, identity.roles.read] everywhere answered 200 (expected 403): {"removed":0}
DELETE /api/identity/users/{id:guid}/passkeys: aimed at a user holding a record granting only reports.catalog.read in one company only by a user holding only [identity.users.update, identity.users.read, identity.roles.read] everywhere answered 200 (expected 403): {"removed":0}
DELETE /api/identity/users/{id:guid}/passkeys: aimed at a user holding a record granting every tenancy permission the caller lacks (none the caller holds) in one company only by a user holding only [identity.users.update, identity.users.read, identity.roles.read] everywhere answered 200 (expected 403): {"removed":0}
DELETE /api/identity/users/{id:guid}/passkeys: aimed at a user who also works in a company the caller does not work in answered 200 (expected 403): {"removed":0}
DELETE /api/identity/users/{id:guid}/passkeys: aimed at a user holding a role in a company the caller does not work in answered 200 (expected 403): {"removed":0}
DELETE /api/identity/users/{id:guid}/passkeys: aimed at a user holding a record granting every identity permission the caller lacks (none the caller holds) in one company only, the other one than where the caller holds it by a user holding [identity.profile.update, identity.roles.create, identity.roles.delete, identity.roles.read, identity.roles.update, identity.signIns.read, identity.users.create, identity.users.delete, identity.users.read, identity.users.resetPassword, identity.users.update, ledger.entries.post, ledger.entries.read, ledger.periods.close, lists.views.share, reports.catalog.read, tenancy.access.read, tenancy.access.update, tenancy.branches.create, tenancy.branches.read, tenancy.branches.update, tenancy.companies.create, tenancy.companies.read, tenancy.companies.update, tenancy.tenant.read, tenancy.tenant.update, tenancy.workplace.read, tenancy.workplace.switch] only through a role in one company answered 200 (expected 403): {"removed":0}
DELETE /api/identity/users/{id:guid}/passkeys: aimed at a user holding a record granting every identity permission the caller lacks (none the caller holds) in every company, which the caller holds in one company only by a user holding [identity.profile.update, identity.roles.create, identity.roles.delete, identity.roles.read, identity.roles.update, identity.signIns.read, identity.users.create, identity.users.delete, identity.users.read, identity.users.resetPassword, identity.users.update, ledger.entries.post, ledger.entries.read, ledger.periods.close, lists.views.share, reports.catalog.read, tenancy.access.read, tenancy.access.update, tenancy.branches.create, tenancy.branches.read, tenancy.branches.update, tenancy.companies.create, tenancy.companies.read, tenancy.companies.update, tenancy.tenant.read, tenancy.tenant.update, tenancy.workplace.read, tenancy.workplace.switch] only through a role in one company answered 200 (expected 403): {"removed":0}
DELETE /api/identity/users/{id:guid}/passkeys: aimed at a user holding a record granting every ledger permission the caller lacks (none the caller holds) in one company only, the other one than where the caller holds it by a user holding [identity.profile.update, identity.roles.create, identity.roles.delete, identity.roles.read, identity.roles.update, identity.signIns.read, identity.users.create, identity.users.delete, identity.users.read, identity.users.resetPassword, identity.users.update, ledger.entries.post, ledger.entries.read, ledger.periods.close, lists.views.share, reports.catalog.read, tenancy.access.read, tenancy.access.update, tenancy.branches.create, tenancy.branches.read, tenancy.branches.update, tenancy.companies.create, tenancy.companies.read, tenancy.companies.update, tenancy.tenant.read, tenancy.tenant.update, tenancy.workplace.read, tenancy.workplace.switch] only through a role in one company answered 200 (expected 403): {"removed":0}
DELETE /api/identity/users/{id:guid}/passkeys: aimed at a user holding a record granting every ledger permission the caller lacks (none the caller holds) in every company, which the caller holds in one company only by a user holding [identity.profile.update, identity.roles.create, identity.roles.delete, identity.roles.read, identity.roles.update, identity.signIns.read, identity.users.create, identity.users.delete, identity.users.read, identity.users.resetPassword, identity.users.update, ledger.entries.post, ledger.entries.read, ledger.periods.close, lists.views.share, reports.catalog.read, tenancy.access.read, tenancy.access.update, tenancy.branches.create, tenancy.branches.read, tenancy.branches.update, tenancy.companies.create, tenancy.companies.read, tenancy.companies.update, tenancy.tenant.read, tenancy.tenant.update, tenancy.workplace.read, tenancy.workplace.switch] only through a role in one company answered 200 (expected 403): {"removed":0}
DELETE /api/identity/users/{id:guid}/passkeys: aimed at a user holding a record granting only lists.views.share in one company only, the other one than where the caller holds it by a user holding [identity.profile.update, identity.roles.create, identity.roles.delete, identity.roles.read, identity.roles.update, identity.signIns.read, identity.users.create, identity.users.delete, identity.users.read, identity.users.resetPassword, identity.users.update, ledger.entries.post, ledger.entries.read, ledger.periods.close, lists.views.share, reports.catalog.read, tenancy.access.read, tenancy.access.update, tenancy.branches.create, tenancy.branches.read, tenancy.branches.update, tenancy.companies.create, tenancy.companies.read, tenancy.companies.update, tenancy.tenant.read, tenancy.tenant.update, tenancy.workplace.read, tenancy.workplace.switch] only through a role in one company answered 200 (expected 403): {"removed":0}
DELETE /api/identity/users/{id:guid}/passkeys: aimed at a user holding a record granting only lists.views.share in every company, which the caller holds in one company only by a user holding [identity.profile.update, identity.roles.create, identity.roles.delete, identity.roles.read, identity.roles.update, identity.signIns.read, identity.users.create, identity.users.delete, identity.users.read, identity.users.resetPassword, identity.users.update, ledger.entries.post, ledger.entries.read, ledger.periods.close, lists.views.share, reports.catalog.read, tenancy.access.read, tenancy.access.update, tenancy.branches.create, tenancy.branches.read, tenancy.branches.update, tenancy.companies.create, tenancy.companies.read, tenancy.companies.update, tenancy.tenant.read, tenancy.tenant.update, tenancy.workplace.read, tenancy.workplace.switch] only through a role in one company answered 200 (expected 403): {"removed":0}
DELETE /api/identity/users/{id:guid}/passkeys: aimed at a user holding a record granting only reports.catalog.read in one company only, the other one than where the caller holds it by a user holding [identity.profile.update, identity.roles.create, identity.roles.delete, identity.roles.read, identity.roles.update, identity.signIns.read, identity.users.create, identity.users.delete, identity.users.read, identity.users.resetPassword, identity.users.update, ledger.entries.post, ledger.entries.read, ledger.periods.close, lists.views.share, reports.catalog.read, tenancy.access.read, tenancy.access.update, tenancy.branches.create, tenancy.branches.read, tenancy.branches.update, tenancy.companies.create, tenancy.companies.read, tenancy.companies.update, tenancy.tenant.read, tenancy.tenant.update, tenancy.workplace.read, tenancy.workplace.switch] only through a role in one company answered 200 (expected 403): {"removed":0}
DELETE /api/identity/users/{id:guid}/passkeys: aimed at a user holding a record granting only reports.catalog.read in every company, which the caller holds in one company only by a user holding [identity.profile.update, identity.roles.create, identity.roles.delete, identity.roles.read, identity.roles.update, identity.signIns.read, identity.users.create, identity.users.delete, identity.users.read, identity.users.resetPassword, identity.users.update, ledger.entries.post, ledger.entries.read, ledger.periods.close, lists.views.share, reports.catalog.read, tenancy.access.read, tenancy.access.update, tenancy.branches.create, tenancy.branches.read, tenancy.branches.update, tenancy.companies.create, tenancy.companies.read, tenancy.companies.update, tenancy.tenant.read, tenancy.tenant.update, tenancy.workplace.read, tenancy.workplace.switch] only through a role in one company answered 200 (expected 403): {"removed":0}
DELETE /api/identity/users/{id:guid}/passkeys: aimed at a user holding a record granting every tenancy permission the caller lacks (none the caller holds) in one company only, the other one than where the caller holds it by a user holding [identity.profile.update, identity.roles.create, identity.roles.delete, identity.roles.read, identity.roles.update, identity.signIns.read, identity.users.create, identity.users.delete, identity.users.read, identity.users.resetPassword, identity.users.update, ledger.entries.post, ledger.entries.read, ledger.periods.close, lists.views.share, reports.catalog.read, tenancy.access.read, tenancy.access.update, tenancy.branches.create, tenancy.branches.read, tenancy.branches.update, tenancy.companies.create, tenancy.companies.read, tenancy.companies.update, tenancy.tenant.read, tenancy.tenant.update, tenancy.workplace.read, tenancy.workplace.switch] only through a role in one company answered 200 (expected 403): {"removed":0}
DELETE /api/identity/users/{id:guid}/passkeys: aimed at a user holding a record granting every tenancy permission the caller lacks (none the caller holds) in every company, which the caller holds in one company only by a user holding [identity.profile.update, identity.roles.create, identity.roles.delete, identity.roles.read, identity.roles.update, identity.signIns.read, identity.users.create, identity.users.delete, identity.users.read, identity.users.resetPassword, identity.users.update, ledger.entries.post, ledger.entries.read, ledger.periods.close, lists.views.share, reports.catalog.read, tenancy.access.read, tenancy.access.update, tenancy.branches.create, tenancy.branches.read, tenancy.branches.update, tenancy.companies.create, tenancy.companies.read, tenancy.companies.update, tenancy.tenant.read, tenancy.tenant.update, tenancy.workplace.read, tenancy.workplace.switch] only through a role in one company answered 200 (expected 403): {"removed":0}
  Stack Trace:
     at Erp.Gates.Tests.G2.G2AccountTakeoverTests.Acting_on_a_user_needs_every_permission_that_user_holds() in /work/tests/Erp.Gates.Tests/G2/G2AccountTakeoverTests.cs:line 334
--- End of stack trace from previous location ---
  Standard Output Messages:
 7 endpoints acting on users, 20 single-field requests aimed at the Administrator, 231 requests aimed at users holding grants the caller lacks, 100 single-field requests aimed at them
 49 requests aimed at users whose roles are held in one company
 70 requests by callers whose grants come from a role in one company


[xUnit.net 00:04:02.90]     Erp.Gates.Tests.G1.G1DatabaseIsolationTests.Application_role_sees_and_changes_only_its_own_tenant_in_every_tenant_table [FAIL]
[xUnit.net 00:04:02.90]       identity.passkeys: 2 rows visible without a tenant
[xUnit.net 00:04:02.90]       Stack Trace:
[xUnit.net 00:04:02.90]         /work/tests/Erp.Gates.Tests/G1/G1DatabaseIsolationTests.cs(356,0): at Erp.Gates.Tests.G1.G1DatabaseIsolationTests.Application_role_sees_and_changes_only_its_own_tenant_in_every_tenant_table()
[xUnit.net 00:04:02.90]         /work/tests/Erp.Gates.Tests/G1/G1DatabaseIsolationTests.cs(357,0): at Erp.Gates.Tests.G1.G1DatabaseIsolationTests.Application_role_sees_and_changes_only_its_own_tenant_in_every_tenant_table()
[xUnit.net 00:04:02.90]         --- End of stack trace from previous location ---
  Passed Erp.Gates.Tests.G1.G1CredentialTests.The_function_owner_writes_only_where_reviewed [23 ms]
  Passed Erp.Gates.Tests.G1.G1CredentialTests.The_sign_in_lookup_reveals_no_hash_and_no_account_before_the_password_is_proven [39 ms]
  Passed Erp.Gates.Tests.G1.G1CredentialTests.The_application_role_can_read_no_stored_credential [9 ms]
  Passed Erp.Gates.Tests.G1.G1CredentialTests.No_reviewed_function_returns_a_credential_column_or_a_whole_row [4 ms]
  Passed Erp.Gates.Tests.G1.G1DatabaseIsolationTests.Every_table_is_tenant_owned_or_a_reviewed_platform_table [3 ms]
  Passed Erp.Gates.Tests.G1.G1DatabaseIsolationTests.A_tenant_set_for_the_whole_connection_or_left_by_an_earlier_transaction_is_ignored [11 ms]
  Passed Erp.Gates.Tests.G2.G2AccountTakeoverTests.Creating_from_a_role_cannot_grant_more_than_the_caller_holds [808 ms]
  Failed Erp.Gates.Tests.G1.G1DatabaseIsolationTests.Application_role_sees_and_changes_only_its_own_tenant_in_every_tenant_table [163 ms]
  Error Message:
   identity.passkeys: 2 rows visible without a tenant
  Stack Trace:
     at Erp.Gates.Tests.G1.G1DatabaseIsolationTests.Application_role_sees_and_changes_only_its_own_tenant_in_every_tenant_table() in /work/tests/Erp.Gates.Tests/G1/G1DatabaseIsolationTests.cs:line 356
   at Erp.Gates.Tests.G1.G1DatabaseIsolationTests.Application_role_sees_and_changes_only_its_own_tenant_in_every_tenant_table() in /work/tests/Erp.Gates.Tests/G1/G1DatabaseIsolationTests.cs:line 357
--- End of stack trace from previous location ---
[xUnit.net 00:04:02.93]     Erp.Gates.Tests.G1.G1DatabaseIsolationTests.Tenant_tables_enforce_row_level_security_with_the_standard_policy [FAIL]
[xUnit.net 00:04:02.93]       identity.passkeys: unreviewed policy 'identity.passkeys passkeys_before_workspace r public' (add to tests/Gates/policy-allowlist.txt with a reason, only for read-only lookups by erp_auth)
[xUnit.net 00:04:02.93]       identity.passkeys: extra policy passkeys_before_workspace may only grant SELECT to erp_auth
[xUnit.net 00:04:02.93]       Stack Trace:
[xUnit.net 00:04:02.93]         /work/tests/Erp.Gates.Tests/G1/G1DatabaseIsolationTests.cs(43,0): at Erp.Gates.Tests.G1.G1DatabaseIsolationTests.Tenant_tables_enforce_row_level_security_with_the_standard_policy()
[xUnit.net 00:04:02.93]         --- End of stack trace from previous location ---
  Passed Erp.Gates.Tests.G1.G1DatabaseIsolationTests.Foreign_keys_between_tenant_tables_include_the_tenant [4 ms]
  Passed Erp.Gates.Tests.G1.G1DatabaseIsolationTests.Tenant_tables_have_an_id_primary_key [11 ms]
  Failed Erp.Gates.Tests.G1.G1DatabaseIsolationTests.Tenant_tables_enforce_row_level_security_with_the_standard_policy [13 ms]
  Error Message:
   identity.passkeys: unreviewed policy 'identity.passkeys passkeys_before_workspace r public' (add to tests/Gates/policy-allowlist.txt with a reason, only for read-only lookups by erp_auth)
identity.passkeys: extra policy passkeys_before_workspace may only grant SELECT to erp_auth
  Stack Trace:
     at Erp.Gates.Tests.G1.G1DatabaseIsolationTests.Tenant_tables_enforce_row_level_security_with_the_standard_policy() in /work/tests/Erp.Gates.Tests/G1/G1DatabaseIsolationTests.cs:line 43
--- End of stack trace from previous location ---
  Passed Erp.Gates.Tests.G1.G1DatabaseIsolationTests.Security_definer_functions_are_exactly_the_reviewed_ones [5 ms]
  Passed Erp.Gates.Tests.G1.G1DatabaseIsolationTests.Leakproof_functions_are_postgres_defaults_or_reviewed [13 ms]
  Passed Erp.Gates.Tests.G1.G1DatabaseIsolationTests.Audit_trail_is_append_only_for_the_application [4 ms]
  Passed Erp.Gates.Tests.G1.G1DatabaseIsolationTests.Application_role_cannot_bypass_row_level_security_or_become_a_role_that_can [11 ms]
  Passed Erp.Gates.Tests.G1.G1PasskeyTests.Tenant_A_cannot_sign_in_to_or_reach_tenant_Bs_passkeys_and_learns_nothing_of_them [188 ms]
[xUnit.net 00:04:03.10]     Erp.Gates.Tests.G1.G1ProcessStateTests.Process_wide_state_is_immutable_or_reviewed [FAIL]
[xUnit.net 00:04:03.10]       singleton Erp.Modules.Identity.Auth.Passkeys.PasskeyChallenges._offered: a read-only field that holds a mutable ConcurrentDictionary<String, List`1>. Make it immutable, scope it to the request, key it by tenant, or review it in tests/Gates/process-state-allowlist.txt.
[xUnit.net 00:04:03.10]       Stack Trace:
[xUnit.net 00:04:03.10]         /work/tests/Erp.Gates.Tests/G1/G1ProcessStateTests.cs(40,0): at Erp.Gates.Tests.G1.G1ProcessStateTests.Process_wide_state_is_immutable_or_reviewed()
[xUnit.net 00:04:03.10]            at System.RuntimeMethodHandle.InvokeMethod(ObjectHandleOnStack target, Void** arguments, ObjectHandleOnStack sig, BOOL isConstructor, ObjectHandleOnStack result)
[xUnit.net 00:04:03.10]            at System.RuntimeMethodHandle.InvokeMethod(ObjectHandleOnStack target, Void** arguments, ObjectHandleOnStack sig, BOOL isConstructor, ObjectHandleOnStack result)
[xUnit.net 00:04:03.10]            at System.Reflection.MethodBaseInvoker.InterpretedInvoke_Method(Object obj, IntPtr* args)
[xUnit.net 00:04:03.10]            at System.Reflection.RuntimeMethodInfo.Invoke(Object obj, BindingFlags invokeAttr, Binder binder, Object[] parameters, CultureInfo culture)
[xUnit.net 00:04:03.10]       Output:
[xUnit.net 00:04:03.10]         415 types, 85 fields, 14 singleton services inspected, 115 endpoint delegates walked (3322 objects) to 29 closures; 5 framework singletons over product types; 92 roots walked to 866 objects, 50 product types judged field by field; 29 reviewed findings
[xUnit.net 00:04:03.12]     Erp.Gates.Tests.G1.G1TenantSettingCodeTests.Only_reviewed_methods_name_the_tenant_setting [FAIL]
[xUnit.net 00:04:03.12]       Erp.Modules.Identity.Migrations.Passkeys.Up names the tenant setting (CREATE POLICY passkeys_before_workspace ON identity.passkeys AS PERMISSIVE FOR SELECT USING (NULLIF(current_setting('app…): only reviewed methods may; review it in tests/Gates/tenant-setting-methods.txt or let the kernel's session bind the tenant
[xUnit.net 00:04:03.12]       Stack Trace:
[xUnit.net 00:04:03.12]         /work/tests/Erp.Gates.Tests/G1/G1TenantSettingCodeTests.cs(30,0): at Erp.Gates.Tests.G1.G1TenantSettingCodeTests.Only_reviewed_methods_name_the_tenant_setting()
[xUnit.net 00:04:03.12]            at System.RuntimeMethodHandle.InvokeMethod(ObjectHandleOnStack target, Void** arguments, ObjectHandleOnStack sig, BOOL isConstructor, ObjectHandleOnStack result)
[xUnit.net 00:04:03.12]            at System.RuntimeMethodHandle.InvokeMethod(ObjectHandleOnStack target, Void** arguments, ObjectHandleOnStack sig, BOOL isConstructor, ObjectHandleOnStack result)
[xUnit.net 00:04:03.12]            at System.Reflection.MethodBaseInvoker.InterpretedInvoke_Method(Object obj, IntPtr* args)
[xUnit.net 00:04:03.12]            at System.Reflection.RuntimeMethodInfo.Invoke(Object obj, BindingFlags invokeAttr, Binder binder, Object[] parameters, CultureInfo culture)
[xUnit.net 00:04:03.12]       Output:
[xUnit.net 00:04:03.12]         8806 methods scanned; 8 name the tenant setting
  Passed Erp.Gates.Tests.G1.G1ReviewedLookupTests.Only_reviewed_source_files_name_a_reviewed_function [6 ms]
  Passed Erp.Gates.Tests.G1.G1ReviewedLookupTests.Every_reviewed_function_has_reviewed_callers_and_sources [1 ms]
  Passed Erp.Gates.Tests.G1.G1ReviewedLookupTests.Reviewed_lookups_answer_nothing_inside_a_tenant_bound_transaction [6 ms]
  Failed Erp.Gates.Tests.G1.G1ProcessStateTests.Process_wide_state_is_immutable_or_reviewed [125 ms]
  Error Message:
   singleton Erp.Modules.Identity.Auth.Passkeys.PasskeyChallenges._offered: a read-only field that holds a mutable ConcurrentDictionary<String, List`1>. Make it immutable, scope it to the request, key it by tenant, or review it in tests/Gates/process-state-allowlist.txt.
  Stack Trace:
     at Erp.Gates.Tests.G1.G1ProcessStateTests.Process_wide_state_is_immutable_or_reviewed() in /work/tests/Erp.Gates.Tests/G1/G1ProcessStateTests.cs:line 40
   at System.RuntimeMethodHandle.InvokeMethod(ObjectHandleOnStack target, Void** arguments, ObjectHandleOnStack sig, BOOL isConstructor, ObjectHandleOnStack result)
   at System.RuntimeMethodHandle.InvokeMethod(ObjectHandleOnStack target, Void** arguments, ObjectHandleOnStack sig, BOOL isConstructor, ObjectHandleOnStack result)
   at System.Reflection.MethodBaseInvoker.InterpretedInvoke_Method(Object obj, IntPtr* args)
   at System.Reflection.RuntimeMethodInfo.Invoke(Object obj, BindingFlags invokeAttr, Binder binder, Object[] parameters, CultureInfo culture)
  Standard Output Messages:
 415 types, 85 fields, 14 singleton services inspected, 115 endpoint delegates walked (3322 objects) to 29 closures; 5 framework singletons over product types; 92 roots walked to 866 objects, 50 product types judged field by field; 29 reviewed findings


  Failed Erp.Gates.Tests.G1.G1TenantSettingCodeTests.Only_reviewed_methods_name_the_tenant_setting [25 ms]
  Error Message:
   Erp.Modules.Identity.Migrations.Passkeys.Up names the tenant setting (CREATE POLICY passkeys_before_workspace ON identity.passkeys AS PERMISSIVE FOR SELECT USING (NULLIF(current_setting('app…): only reviewed methods may; review it in tests/Gates/tenant-setting-methods.txt or let the kernel's session bind the tenant
  Stack Trace:
     at Erp.Gates.Tests.G1.G1TenantSettingCodeTests.Only_reviewed_methods_name_the_tenant_setting() in /work/tests/Erp.Gates.Tests/G1/G1TenantSettingCodeTests.cs:line 30
   at System.RuntimeMethodHandle.InvokeMethod(ObjectHandleOnStack target, Void** arguments, ObjectHandleOnStack sig, BOOL isConstructor, ObjectHandleOnStack result)
   at System.RuntimeMethodHandle.InvokeMethod(ObjectHandleOnStack target, Void** arguments, ObjectHandleOnStack sig, BOOL isConstructor, ObjectHandleOnStack result)
   at System.Reflection.MethodBaseInvoker.InterpretedInvoke_Method(Object obj, IntPtr* args)
   at System.Reflection.RuntimeMethodInfo.Invoke(Object obj, BindingFlags invokeAttr, Binder binder, Object[] parameters, CultureInfo culture)
  Standard Output Messages:
 8806 methods scanned; 8 name the tenant setting


  Passed Erp.Gates.Tests.G1.G1TenantSettingCodeTests.The_scan_finds_a_helper_that_names_the_tenant_setting [17 ms]
  Passed Erp.Gates.Tests.G1.G1TenantValueRuleTests.Every_shape_of_setting_change_is_read_with_its_value [12 ms]
  Passed Erp.Gates.Tests.G1.G1TenantValueRuleTests.A_request_may_run_its_SQL_only_under_the_tenant_it_may_bind [2 ms]
[xUnit.net 00:04:03.25]     Erp.Gates.Tests.G1.G1TenantSourceTests.Only_reviewed_files_choose_a_tenant_or_step_around_the_unit_of_work [FAIL]
[xUnit.net 00:04:03.25]       src/Modules/Identity/Erp.Modules.Identity/Migrations/20261008144935_Passkeys.cs:74 names the tenant settings app.tenant_id / app.tenant_tx [tenant-setting]: only reviewed files may; review it in tests/Gates/tenant-bypass-sources.txt or let the session's tenant do the work
[xUnit.net 00:04:03.25]       Stack Trace:
[xUnit.net 00:04:03.25]         /work/tests/Erp.Gates.Tests/G1/G1TenantSourceTests.cs(31,0): at Erp.Gates.Tests.G1.G1TenantSourceTests.Only_reviewed_files_choose_a_tenant_or_step_around_the_unit_of_work()
[xUnit.net 00:04:03.25]            at System.RuntimeMethodHandle.InvokeMethod(ObjectHandleOnStack target, Void** arguments, ObjectHandleOnStack sig, BOOL isConstructor, ObjectHandleOnStack result)
[xUnit.net 00:04:03.25]            at System.RuntimeMethodHandle.InvokeMethod(ObjectHandleOnStack target, Void** arguments, ObjectHandleOnStack sig, BOOL isConstructor, ObjectHandleOnStack result)
[xUnit.net 00:04:03.25]            at System.Reflection.MethodBaseInvoker.InterpretedInvoke_Method(Object obj, IntPtr* args)
[xUnit.net 00:04:03.25]            at System.Reflection.RuntimeMethodInfo.Invoke(Object obj, BindingFlags invokeAttr, Binder binder, Object[] parameters, CultureInfo culture)
[xUnit.net 00:04:03.25]       Output:
[xUnit.net 00:04:03.25]         141 files scanned, 101 reviewed uses of 12 rules
  Passed Erp.Gates.Tests.G1.G1UniqueIndexTests.Unique_indexes_on_tenant_tables_include_the_tenant [29 ms]
  Failed Erp.Gates.Tests.G1.G1TenantSourceTests.Only_reviewed_files_choose_a_tenant_or_step_around_the_unit_of_work [61 ms]
  Error Message:
   src/Modules/Identity/Erp.Modules.Identity/Migrations/20261008144935_Passkeys.cs:74 names the tenant settings app.tenant_id / app.tenant_tx [tenant-setting]: only reviewed files may; review it in tests/Gates/tenant-bypass-sources.txt or let the session's tenant do the work
  Stack Trace:
     at Erp.Gates.Tests.G1.G1TenantSourceTests.Only_reviewed_files_choose_a_tenant_or_step_around_the_unit_of_work() in /work/tests/Erp.Gates.Tests/G1/G1TenantSourceTests.cs:line 31
   at System.RuntimeMethodHandle.InvokeMethod(ObjectHandleOnStack target, Void** arguments, ObjectHandleOnStack sig, BOOL isConstructor, ObjectHandleOnStack result)
   at System.RuntimeMethodHandle.InvokeMethod(ObjectHandleOnStack target, Void** arguments, ObjectHandleOnStack sig, BOOL isConstructor, ObjectHandleOnStack result)
   at System.Reflection.MethodBaseInvoker.InterpretedInvoke_Method(Object obj, IntPtr* args)
   at System.Reflection.RuntimeMethodInfo.Invoke(Object obj, BindingFlags invokeAttr, Binder binder, Object[] parameters, CultureInfo culture)
  Standard Output Messages:
 141 files scanned, 101 reviewed uses of 12 rules


  Passed Erp.Gates.Tests.G1.G1TenantSourceTests.The_scanner_catches_every_planted_bypass [1 ms]
  Passed Erp.Gates.Tests.G1.G1RowVersionTests.A_record_version_is_never_a_database_transaction_id [401 ms]
  Passed Erp.Gates.Tests.G2.G2CompanyAccessGrantTests.Company_access_is_given_and_taken_only_within_what_the_caller_holds_and_never_from_a_stronger_user [2 s]
  Passed Erp.Gates.Tests.G1.G1WriteOracleTests.Writes_answer_the_same_for_another_tenants_values_as_for_values_that_exist_nowhere [3 s]
  Passed Erp.Gates.Tests.G1.G1WriteOracleTests.Writes_answer_the_same_for_another_tenants_record_ids_as_for_ids_that_exist_nowhere [2 s]
  Passed Erp.Gates.Tests.G2.G2ReportDataTests.The_report_catalogue_lists_only_what_the_caller_may_run_and_see [816 ms]
  Passed Erp.Gates.Tests.SelfTests.ReportPrintSelfTests.The_report_data_check_prints_with_every_documented_parameter_and_catches_what_only_a_searched_or_detailed_print_names [7 s]
  Passed Erp.Gates.Tests.SelfTests.ReportPrintSelfTests.The_report_data_check_catches_exports_beyond_their_document_and_list_prints_beyond_their_list [6 s]
  Passed Erp.Gates.Tests.Rules.AuditGateTests.Every_tenant_table_carries_the_audit_trigger_unless_reviewed_exempt [15 ms]
  Passed Erp.Gates.Tests.Rules.AuditGateTests.Changing_ones_own_interface_preferences_is_audited_field_by_field [477 ms]
  Passed Erp.Gates.Tests.Rules.AuditGateTests.Writes_through_the_API_leave_field_level_audit_rows_attributed_to_the_user [168 ms]
  Passed Erp.Gates.Tests.Rules.AuditGateTests.Writes_that_bypass_the_ORM_are_audited_too [20 ms]
  Passed Erp.Gates.Tests.Rules.AuditGateTests.Passwords_are_redacted_in_the_audit_trail [183 ms]
  Passed Erp.Gates.Tests.G1.G1NonInterferenceTests.What_tenant_A_is_answered_never_depends_on_what_tenant_B_did [4 m 20 s]
  Passed Erp.Gates.Tests.G2.G2CompanyRoleTests.A_permission_held_in_one_company_is_denied_while_working_in_another [10 s]
  Passed Erp.Gates.Tests.G2.G2SubjectTests.An_action_on_the_caller_never_acts_on_another_user_the_request_names [17 s]
  Passed Erp.Gates.Tests.Rules.StringGateTests.Every_problem_and_validation_code_in_server_code_has_text [12 ms]
  Passed Erp.Gates.Tests.Rules.StringGateTests.Server_string_files_have_matching_English_and_Arabic_keys [6 ms]
  Passed Erp.Gates.Tests.Rules.StringGateTests.Web_string_files_have_matching_English_and_Arabic_keys [2 ms]
  Passed Erp.Gates.Tests.Rules.StringGateTests.Every_permission_module_and_menu_entry_has_labels [5 ms]
  Passed Erp.Gates.Tests.Rules.StringGateTests.Count_messages_use_plural_forms [3 ms]
  Passed Erp.Gates.Tests.G2.G2ReportDataTests.Every_report_prints_only_data_its_permissions_show_elsewhere [32 s]
  Passed Erp.Gates.Tests.Rules.ShellGateTests.Screens_format_numbers_amounts_and_dates_through_the_kernel_formatter [12 ms]
  Passed Erp.Gates.Tests.Rules.ShellGateTests.Language_and_digit_fields_document_their_allowed_values [53 ms]
  Passed Erp.Gates.Tests.Rules.ShellGateTests.Stylesheets_and_inline_styles_use_logical_directions_only [57 ms]
  Passed Erp.Gates.Tests.Rules.ShellGateTests.Every_navigation_group_has_an_English_and_Arabic_heading [< 1 ms]
  Passed Erp.Gates.Tests.Rules.ListContractGateTests.Every_sortable_column_orders_its_list_both_ways_and_keyset_paging_matches_one_page [873 ms]
  Passed Erp.Gates.Tests.Rules.LicenceGateTests.The_font_check_catches_an_unreviewed_font_changed_bytes_and_a_missing_licence [5 ms]
  Passed Erp.Gates.Tests.Rules.LicenceGateTests.Every_NuGet_package_has_an_allowed_licence [18 ms]
  Passed Erp.Gates.Tests.Rules.LicenceGateTests.Every_font_file_in_the_repository_is_reviewed_with_its_licence_beside_it [15 ms]
  Passed Erp.Gates.Tests.Rules.LicenceGateTests.Every_npm_package_has_an_allowed_licence [12 ms]
  Passed Erp.Gates.Tests.Rules.BulkTimeoutGateTests.Only_the_seed_runner_and_the_platform_build_the_application_pools [24 ms]
  Passed Erp.Gates.Tests.Rules.BulkTimeoutGateTests.Bulk_code_never_sets_a_literal_command_timeout_or_opens_its_own_connection [10 ms]
  Passed Erp.Gates.Tests.Rules.BulkTimeoutGateTests.The_seed_runner_puts_every_tenant_seed_on_the_bulk_pool [< 1 ms]
  Passed Erp.Gates.Tests.Rules.OpenApiGateTests.The_document_is_the_same_for_every_caller_and_never_repeats_the_host_it_was_asked_on [92 ms]
  Passed Erp.Gates.Tests.Rules.OpenApiGateTests.OpenApi_document_covers_every_endpoint_with_its_permission [2 ms]
  Passed Erp.Gates.Tests.Rules.OpenApiGateTests.Decimals_are_documented_as_strings [6 ms]
  Passed Erp.Gates.Tests.Rules.OpenApiGateTests.The_served_description_is_the_whole_current_document_the_same_for_every_caller [54 ms]
  Passed Erp.Gates.Tests.Rules.ModuleBoundaryGateTests.Modules_use_one_another_only_through_their_contracts [6 ms]
  Passed Erp.Gates.Tests.Rules.ModuleBoundaryGateTests.The_boundary_check_catches_a_module_reaching_into_another_one [< 1 ms]
  Passed Erp.Gates.Tests.G2.G2CompanyRoleTests.An_administrator_of_one_company_grants_and_acts_only_within_it [1 s]
  Passed Erp.Gates.Tests.Rules.ListIndexGateTests.Search_fields_and_sortable_columns_of_database_lists_are_indexed [42 ms]
  Passed Erp.Gates.Tests.Rules.RegistrationGateTests.Every_registered_list_is_served_as_a_page_whose_rows_carry_its_columns [3 ms]
  Passed Erp.Gates.Tests.Rules.RegistrationGateTests.Navigation_reaches_every_screen_and_every_menu_entry_opens_a_screen_with_its_permission [3 ms]
  Passed Erp.Gates.Tests.Rules.MoneyGateTests.No_floating_point_or_money_columns_in_the_database [1 ms]
  Passed Erp.Gates.Tests.Rules.MoneyGateTests.No_float_or_double_in_server_code [43 ms]
  Passed Erp.Gates.Tests.Rules.MoneyGateTests.No_parseFloat_in_front_end_code [16 ms]
  Passed Erp.Gates.Tests.Rules.ListContractGateTests.Every_filterable_column_filters_its_list_and_other_columns_are_refused [1 s]
  Passed Erp.Gates.Tests.Rules.ListContractGateTests.Every_registered_list_documents_the_list_query_contract_and_its_definition [104 ms]
  Passed Erp.Gates.Tests.Rules.ReportGateTests.Every_report_and_printable_list_renders_in_every_format_and_both_languages [998 ms]
  Passed Erp.Gates.Tests.Rules.ReportGateTests.Every_list_is_printable_and_every_report_is_well_formed [1 ms]
  Passed Erp.Gates.Tests.Rules.ListContractGateTests.Every_search_field_is_searched_word_by_word_and_grouping_counts_every_row_once [249 ms]
[xUnit.net 00:12:53.46]     Erp.Gates.Tests.G1.G1HttpIsolationTests.Tenant_A_cannot_reach_tenant_B_through_any_endpoint [FAIL]
[xUnit.net 00:12:53.46]       1 isolation checks failed:
[xUnit.net 00:12:53.46]       
[xUnit.net 00:12:53.46]       Process-wide state changed while the tenants used the app (83 lines):
[xUnit.net 00:12:53.46]       singleton Erp.Modules.Identity.Auth.Passkeys.PasskeyChallenges._offered: was System.Collections.Concurrent.ConcurrentDictionary`2 count=2, now System.Collections.Concurrent.ConcurrentDictionary`2 count=4
[xUnit.net 00:12:53.46]       singleton Erp.Modules.Identity.Auth.Passkeys.PasskeyChallenges._offered[admin@alpha.example]: was System.Collections.Generic.List`1 count=0, now System.Collections.Generic.List`1 count=4
[xUnit.net 00:12:53.46]       singleton Erp.Modules.Identity.Auth.Passkeys.PasskeyChallenges._offered[admin@bravo-cnryb8c5013477.example]: was System.Collections.Generic.List`1 count=2, now System.Collections.Generic.List`1 count=9
[xUnit.net 00:12:53.46]       singleton Erp.Modules.Identity.Auth.Passkeys.PasskeyChallenges._offered[admin@alpha.example][0]: new Erp.Modules.Identity.Auth.Passkeys.PasskeyDescriptor
[xUnit.net 00:12:53.46]       singleton Erp.Modules.Identity.Auth.Passkeys.PasskeyChallenges._offered[admin@alpha.example][0](Erp.Modules.Identity.Auth.Passkeys.PasskeyDescriptor).Type: new public-key
[xUnit.net 00:12:53.46]       singleton Erp.Modules.Identity.Auth.Passkeys.PasskeyChallenges._offered[admin@alpha.example][0](Erp.Modules.Identity.Auth.Passkeys.PasskeyDescriptor).Id: new wAzG9X1orp1MV3CIvO0FKigHGpWqdVbw6OTBlGBgRvw
[xUnit.net 00:12:53.46]       singleton Erp.Modules.Identity.Auth.Passkeys.PasskeyChallenges._offered[admin@alpha.example][0](Erp.Modules.Identity.Auth.Passkeys.PasskeyDescriptor).Transports: new System.Collections.Generic.List`1 count=2
[xUnit.net 00:12:53.46]       singleton Erp.Modules.Identity.Auth.Passkeys.PasskeyChallenges._offered[admin@alpha.example][0](Erp.Modules.Identity.Auth.Passkeys.PasskeyDescriptor).Transports[0]: new hybrid
[xUnit.net 00:12:53.46]       singleton Erp.Modules.Identity.Auth.Passkeys.PasskeyChallenges._offered[admin@alpha.example][0](Erp.Modules.Identity.Auth.Passkeys.PasskeyDescriptor).Transports[1]: new internal
[xUnit.net 00:12:53.46]       singleton Erp.Modules.Identity.Auth.Passkeys.PasskeyChallenges._offered[admin@alpha.example][1]: new Erp.Modules.Identity.Auth.Passkeys.PasskeyDescriptor
[xUnit.net 00:12:53.46]       singleton Erp.Modules.Identity.Auth.Passkeys.PasskeyChallenges._offered[admin@alpha.example][1](Erp.Modules.Identity.Auth.Passkeys.PasskeyDescriptor).Type: new public-key
[xUnit.net 00:12:53.46]       singleton Erp.Modules.Identity.Auth.Passkeys.PasskeyChallenges._offered[admin@alpha.example][1](Erp.Modules.Identity.Auth.Passkeys.PasskeyDescriptor).Id: new Zd-bI5-pgI5XCJol8EkfOEEv3ggWkmzdLG8jYHgYYWI
[xUnit.net 00:12:53.46]       singleton Erp.Modules.Identity.Auth.Passkeys.PasskeyChallenges._offered[admin@alpha.example][1](Erp.Modules.Identity.Auth.Passkeys.PasskeyDescriptor).Transports: new System.Collections.Generic.List`1 count=2
[xUnit.net 00:12:53.46]       singleton Erp.Modules.Identity.Auth.Passkeys.PasskeyChallenges._offered[admin@alpha.example][1](Erp.Modules.Identity.Auth.Passkeys.PasskeyDescriptor).Transports[0]: new hybrid
[xUnit.net 00:12:53.46]       singleton Erp.Modules.Identity.Auth.Passkeys.PasskeyChallenges._offered[admin@alpha.example][1](Erp.Modules.Identity.Auth.Passkeys.PasskeyDescriptor).Transports[1]: new internal
[xUnit.net 00:12:53.46]       singleton Erp.Modules.Identity.Auth.Passkeys.PasskeyChallenges._offered[admin@alpha.example][2]: new Erp.Modules.Identity.Auth.Passkeys.PasskeyDescriptor
[xUnit.net 00:12:53.46]       singleton Erp.Modules.Identity.Auth.Passkeys.PasskeyChallenges._offered[admin@alpha.example][2](Erp.Modules.Identity.Auth.Passkeys.PasskeyDescriptor).Type: new public-key
[xUnit.net 00:12:53.46]       singleton Erp.Modules.Identity.Auth.Passkeys.PasskeyChallenges._offered[admin@alpha.example][2](Erp.Modules.Identity.Auth.Passkeys.PasskeyDescriptor).Id: new 98sC9glOiiAtWXRNd-CAdKCMCu9EBGPCOWc4ZO9lMDY
[xUnit.net 00:12:53.46]       singleton Erp.Modules.Identity.Auth.Passkeys.PasskeyChallenges._offered[admin@alpha.example][2](Erp.Modules.Identity.Auth.Passkeys.PasskeyDescriptor).Transports: new System.Collections.Generic.List`1 count=2
[xUnit.net 00:12:53.46]       singleton Erp.Modules.Identity.Auth.Passkeys.PasskeyChallenges._offered[admin@alpha.example][2](Erp.Modules.Identity.Auth.Passkeys.PasskeyDescriptor).Transports[0]: new hybrid
[xUnit.net 00:12:53.46]       singleton Erp.Modules.Identity.Auth.Passkeys.PasskeyChallenges._offered[admin@alpha.example][2](Erp.Modules.Identity.Auth.Passkeys.PasskeyDescriptor).Transports[1]: new internal
[xUnit.net 00:12:53.46]       singleton Erp.Modules.Identity.Auth.Passkeys.PasskeyChallenges._offered[admin@alpha.example][3]: new Erp.Modules.Identity.Auth.Passkeys.PasskeyDescriptor
[xUnit.net 00:12:53.46]       singleton Erp.Modules.Identity.Auth.Passkeys.PasskeyChallenges._offered[admin@alpha.example][3](Erp.Modules.Identity.Auth.Passkeys.PasskeyDescriptor).Type: new public-key
[xUnit.net 00:12:53.46]       singleton Erp.Modules.Identity.Auth.Passkeys.PasskeyChallenges._offered[admin@alpha.example][3](Erp.Modules.Identity.Auth.Passkeys.PasskeyDescriptor).Id: new _wx7h1ayg0BvNrtzO-wnIlwhQpCQ5ZdCf7APuPK27O8
[xUnit.net 00:12:53.46]       singleton Erp.Modules.Identity.Auth.Passkeys.PasskeyChallenges._offered[admin@alpha.example][3](Erp.Modules.Identity.Auth.Passkeys.PasskeyDescriptor).Transports: new System.Collections.Generic.List`1 count=2
[xUnit.net 00:12:53.46]       singleton Erp.Modules.Identity.Auth.Passkeys.PasskeyChallenges._offered[admin@alpha.example][3](Erp.Modules.Identity.Auth.Passkeys.PasskeyDescriptor).Transports[0]: new hybrid
[xUnit.net 00:12:53.46]       singleton Erp.Modules.Identity.Auth.Passkeys.PasskeyChallenges._offered[admin@alpha.example][3](Erp.Modules.Identity.Auth.Passkeys.PasskeyDescriptor).Transports[1]: new internal
[xUnit.net 00:12:53.46]       singleton Erp.Modules.Identity.Auth.Passkeys.PasskeyChallenges._offered[admin.ar@bravo-cnryb8c5013477.example]: new System.Collections.Generic.List`1 count=1
[xUnit.net 00:12:53.46]       singleton Erp.Modules.Identity.Auth.Passkeys.PasskeyChallenges._offered[admin.ar@bravo-cnryb8c5013477.example][0]: new Erp.Modules.Identity.Auth.Passkeys.PasskeyDescriptor
[xUnit.net 00:12:53.46]       singleton Erp.Modules.Identity.Auth.Passkeys.PasskeyChallenges._offered[admin.ar@bravo-cnryb8c5013477.example][0](Erp.Modules.Identity.Auth.Passkeys.PasskeyDescriptor).Type: new public-key
[xUnit.net 00:12:53.46]       Stack Trace:
[xUnit.net 00:12:53.46]         /work/tests/Erp.Gates.Tests/G1/G1HttpIsolationTests.cs(170,0): at Erp.Gates.Tests.G1.G1HttpIsolationTests.Tenant_A_cannot_reach_tenant_B_through_any_endpoint()
[xUnit.net 00:12:53.46]         --- End of stack trace from previous location ---
[xUnit.net 00:12:53.46]       Output:
[xUnit.net 00:12:53.46]         routes, tenant headers and guessed queries: 218241 requests so far (18633 by tenant A's Arabic sessions; tenant B 52611, 13993 in Arabic), 145.1 s
[xUnit.net 00:12:53.46]         tenant switch inputs: 19 headers, 32 query names, 3 cookies, 34 body names: 230420 requests so far (18633 by tenant A's Arabic sessions; tenant B 53011, 14101 in Arabic), 169.6 s
[xUnit.net 00:12:53.46]         write after write: 199 pairs over 57 endpoints, 652 pairs with 209 documented values, 26365 tenant A requests: 230420 requests so far (18633 by tenant A's Arabic sessions; tenant B 64520, 18999 in Arabic), 357.4 s
[xUnit.net 00:12:53.46]         answer shapes: 10 endpoints, 664 shapes (51 documented values), 2292 tenant B and 1376 tenant A requests: 231807 requests so far (18633 by tenant A's Arabic sessions; tenant B 69872, 20019 in Arabic), 384.2 s
[xUnit.net 00:12:53.46]         tenant B values in route and query parameters: 523391 requests so far (93618 by tenant A's Arabic sessions; tenant B 92901, 25776 in Arabic), 545.6 s
[xUnit.net 00:12:53.46]         registered lists through their query contract: 17289 attacks, 31337 requests: 554728 requests so far (93618 by tenant A's Arabic sessions; tenant B 96483, 26671 in Arabic), 567.3 s
[xUnit.net 00:12:53.46]         list answers judged against each tenant's own rows: 2472 queries (1368 sorted), 992 with different true answers (622 sorted), 70818 rows walked; process-wide state fingerprinted in 104889 lines from 92 roots: 554728 requests so far (93618 by tenant A's Arabic sessions; tenant B 123792, 33499 in Arabic), 687.1 s
[xUnit.net 00:12:53.46]         tenant B values in body fields: 587956 requests so far (93618 by tenant A's Arabic sessions; tenant B 127687, 34472 in Arabic), 707.8 s
[xUnit.net 00:12:53.46]         tenant B activity: 156367 requests (57816 concurrent with the attack), 1980 successful own writes, 156115 responses judged for tenant A markers: 587956 requests so far (93618 by tenant A's Arabic sessions; tenant B 156367, 39561 in Arabic), 726.1 s
[xUnit.net 00:12:53.46]         tenant B: 285 ids (64 sampled), 156 text values, 109 extra markers, 45 probe values
[xUnit.net 00:12:53.46]         727339 tenant bindings and 1454522 setting statements judged among 7022277 statements; 727339 tenant values judged, 6639488 statements observed with their parameters; 12179 tenant switch inputs over 19 header names; 461573 responses judged on every header
[xUnit.net 00:12:53.46]         11979 tenant B route values replayed, 15627 tenant B opens of the routes A was about to attack
[xUnit.net 00:12:53.46]         209 documented enumeration values sent, 652 enumeration-variant write pairs
[xUnit.net 00:12:53.46]         120 endpoints, 614321 requests, 441 tenant B values, 194353 parameter attacks, 33228 body value attacks, 119473 differential checks (8431 values tenant A holds itself not compared), 727206 traced lookups
[xUnit.net 00:12:53.46]         in Arabic: 98516 tenant A requests, 39561 tenant B requests, 85 write pairs, 4 of 4 workspace-wide writes refused to the branch-limited Arabic administrator made by the workspace-wide one
  Failed Erp.Gates.Tests.G1.G1HttpIsolationTests.Tenant_A_cannot_reach_tenant_B_through_any_endpoint [12 m 41 s]
  Error Message:
   1 isolation checks failed:

Process-wide state changed while the tenants used the app (83 lines):
singleton Erp.Modules.Identity.Auth.Passkeys.PasskeyChallenges._offered: was System.Collections.Concurrent.ConcurrentDictionary`2 count=2, now System.Collections.Concurrent.ConcurrentDictionary`2 count=4
singleton Erp.Modules.Identity.Auth.Passkeys.PasskeyChallenges._offered[admin@alpha.example]: was System.Collections.Generic.List`1 count=0, now System.Collections.Generic.List`1 count=4
singleton Erp.Modules.Identity.Auth.Passkeys.PasskeyChallenges._offered[admin@bravo-cnryb8c5013477.example]: was System.Collections.Generic.List`1 count=2, now System.Collections.Generic.List`1 count=9
singleton Erp.Modules.Identity.Auth.Passkeys.PasskeyChallenges._offered[admin@alpha.example][0]: new Erp.Modules.Identity.Auth.Passkeys.PasskeyDescriptor
singleton Erp.Modules.Identity.Auth.Passkeys.PasskeyChallenges._offered[admin@alpha.example][0](Erp.Modules.Identity.Auth.Passkeys.PasskeyDescriptor).Type: new public-key
singleton Erp.Modules.Identity.Auth.Passkeys.PasskeyChallenges._offered[admin@alpha.example][0](Erp.Modules.Identity.Auth.Passkeys.PasskeyDescriptor).Id: new wAzG9X1orp1MV3CIvO0FKigHGpWqdVbw6OTBlGBgRvw
singleton Erp.Modules.Identity.Auth.Passkeys.PasskeyChallenges._offered[admin@alpha.example][0](Erp.Modules.Identity.Auth.Passkeys.PasskeyDescriptor).Transports: new System.Collections.Generic.List`1 count=2
singleton Erp.Modules.Identity.Auth.Passkeys.PasskeyChallenges._offered[admin@alpha.example][0](Erp.Modules.Identity.Auth.Passkeys.PasskeyDescriptor).Transports[0]: new hybrid
singleton Erp.Modules.Identity.Auth.Passkeys.PasskeyChallenges._offered[admin@alpha.example][0](Erp.Modules.Identity.Auth.Passkeys.PasskeyDescriptor).Transports[1]: new internal
singleton Erp.Modules.Identity.Auth.Passkeys.PasskeyChallenges._offered[admin@alpha.example][1]: new Erp.Modules.Identity.Auth.Passkeys.PasskeyDescriptor
singleton Erp.Modules.Identity.Auth.Passkeys.PasskeyChallenges._offered[admin@alpha.example][1](Erp.Modules.Identity.Auth.Passkeys.PasskeyDescriptor).Type: new public-key
singleton Erp.Modules.Identity.Auth.Passkeys.PasskeyChallenges._offered[admin@alpha.example][1](Erp.Modules.Identity.Auth.Passkeys.PasskeyDescriptor).Id: new Zd-bI5-pgI5XCJol8EkfOEEv3ggWkmzdLG8jYHgYYWI
singleton Erp.Modules.Identity.Auth.Passkeys.PasskeyChallenges._offered[admin@alpha.example][1](Erp.Modules.Identity.Auth.Passkeys.PasskeyDescriptor).Transports: new System.Collections.Generic.List`1 count=2
singleton Erp.Modules.Identity.Auth.Passkeys.PasskeyChallenges._offered[admin@alpha.example][1](Erp.Modules.Identity.Auth.Passkeys.PasskeyDescriptor).Transports[0]: new hybrid
singleton Erp.Modules.Identity.Auth.Passkeys.PasskeyChallenges._offered[admin@alpha.example][1](Erp.Modules.Identity.Auth.Passkeys.PasskeyDescriptor).Transports[1]: new internal
singleton Erp.Modules.Identity.Auth.Passkeys.PasskeyChallenges._offered[admin@alpha.example][2]: new Erp.Modules.Identity.Auth.Passkeys.PasskeyDescriptor
singleton Erp.Modules.Identity.Auth.Passkeys.PasskeyChallenges._offered[admin@alpha.example][2](Erp.Modules.Identity.Auth.Passkeys.PasskeyDescriptor).Type: new public-key
singleton Erp.Modules.Identity.Auth.Passkeys.PasskeyChallenges._offered[admin@alpha.example][2](Erp.Modules.Identity.Auth.Passkeys.PasskeyDescriptor).Id: new 98sC9glOiiAtWXRNd-CAdKCMCu9EBGPCOWc4ZO9lMDY
singleton Erp.Modules.Identity.Auth.Passkeys.PasskeyChallenges._offered[admin@alpha.example][2](Erp.Modules.Identity.Auth.Passkeys.PasskeyDescriptor).Transports: new System.Collections.Generic.List`1 count=2
singleton Erp.Modules.Identity.Auth.Passkeys.PasskeyChallenges._offered[admin@alpha.example][2](Erp.Modules.Identity.Auth.Passkeys.PasskeyDescriptor).Transports[0]: new hybrid
singleton Erp.Modules.Identity.Auth.Passkeys.PasskeyChallenges._offered[admin@alpha.example][2](Erp.Modules.Identity.Auth.Passkeys.PasskeyDescriptor).Transports[1]: new internal
singleton Erp.Modules.Identity.Auth.Passkeys.PasskeyChallenges._offered[admin@alpha.example][3]: new Erp.Modules.Identity.Auth.Passkeys.PasskeyDescriptor
singleton Erp.Modules.Identity.Auth.Passkeys.PasskeyChallenges._offered[admin@alpha.example][3](Erp.Modules.Identity.Auth.Passkeys.PasskeyDescriptor).Type: new public-key
singleton Erp.Modules.Identity.Auth.Passkeys.PasskeyChallenges._offered[admin@alpha.example][3](Erp.Modules.Identity.Auth.Passkeys.PasskeyDescriptor).Id: new _wx7h1ayg0BvNrtzO-wnIlwhQpCQ5ZdCf7APuPK27O8
singleton Erp.Modules.Identity.Auth.Passkeys.PasskeyChallenges._offered[admin@alpha.example][3](Erp.Modules.Identity.Auth.Passkeys.PasskeyDescriptor).Transports: new System.Collections.Generic.List`1 count=2
singleton Erp.Modules.Identity.Auth.Passkeys.PasskeyChallenges._offered[admin@alpha.example][3](Erp.Modules.Identity.Auth.Passkeys.PasskeyDescriptor).Transports[0]: new hybrid
singleton Erp.Modules.Identity.Auth.Passkeys.PasskeyChallenges._offered[admin@alpha.example][3](Erp.Modules.Identity.Auth.Passkeys.PasskeyDescriptor).Transports[1]: new internal
singleton Erp.Modules.Identity.Auth.Passkeys.PasskeyChallenges._offered[admin.ar@bravo-cnryb8c5013477.example]: new System.Collections.Generic.List`1 count=1
singleton Erp.Modules.Identity.Auth.Passkeys.PasskeyChallenges._offered[admin.ar@bravo-cnryb8c5013477.example][0]: new Erp.Modules.Identity.Auth.Passkeys.PasskeyDescriptor
singleton Erp.Modules.Identity.Auth.Passkeys.PasskeyChallenges._offered[admin.ar@bravo-cnryb8c5013477.example][0](Erp.Modules.Identity.Auth.Passkeys.PasskeyDescriptor).Type: new public-key
  Stack Trace:
     at Erp.Gates.Tests.G1.G1HttpIsolationTests.Tenant_A_cannot_reach_tenant_B_through_any_endpoint() in /work/tests/Erp.Gates.Tests/G1/G1HttpIsolationTests.cs:line 170
--- End of stack trace from previous location ---
  Standard Output Messages:
 routes, tenant headers and guessed queries: 218241 requests so far (18633 by tenant A's Arabic sessions; tenant B 52611, 13993 in Arabic), 145.1 s
 tenant switch inputs: 19 headers, 32 query names, 3 cookies, 34 body names: 230420 requests so far (18633 by tenant A's Arabic sessions; tenant B 53011, 14101 in Arabic), 169.6 s
 write after write: 199 pairs over 57 endpoints, 652 pairs with 209 documented values, 26365 tenant A requests: 230420 requests so far (18633 by tenant A's Arabic sessions; tenant B 64520, 18999 in Arabic), 357.4 s
 answer shapes: 10 endpoints, 664 shapes (51 documented values), 2292 tenant B and 1376 tenant A requests: 231807 requests so far (18633 by tenant A's Arabic sessions; tenant B 69872, 20019 in Arabic), 384.2 s
 tenant B values in route and query parameters: 523391 requests so far (93618 by tenant A's Arabic sessions; tenant B 92901, 25776 in Arabic), 545.6 s
 registered lists through their query contract: 17289 attacks, 31337 requests: 554728 requests so far (93618 by tenant A's Arabic sessions; tenant B 96483, 26671 in Arabic), 567.3 s
 list answers judged against each tenant's own rows: 2472 queries (1368 sorted), 992 with different true answers (622 sorted), 70818 rows walked; process-wide state fingerprinted in 104889 lines from 92 roots: 554728 requests so far (93618 by tenant A's Arabic sessions; tenant B 123792, 33499 in Arabic), 687.1 s
 tenant B values in body fields: 587956 requests so far (93618 by tenant A's Arabic sessions; tenant B 127687, 34472 in Arabic), 707.8 s
 tenant B activity: 156367 requests (57816 concurrent with the attack), 1980 successful own writes, 156115 responses judged for tenant A markers: 587956 requests so far (93618 by tenant A's Arabic sessions; tenant B 156367, 39561 in Arabic), 726.1 s
 tenant B: 285 ids (64 sampled), 156 text values, 109 extra markers, 45 probe values
 727339 tenant bindings and 1454522 setting statements judged among 7022277 statements; 727339 tenant values judged, 6639488 statements observed with their parameters; 12179 tenant switch inputs over 19 header names; 461573 responses judged on every header
 11979 tenant B route values replayed, 15627 tenant B opens of the routes A was about to attack
 209 documented enumeration values sent, 652 enumeration-variant write pairs
 120 endpoints, 614321 requests, 441 tenant B values, 194353 parameter attacks, 33228 body value attacks, 119473 differential checks (8431 values tenant A holds itself not compared), 727206 traced lookups
 in Arabic: 98516 tenant A requests, 39561 tenant B requests, 85 write pairs, 4 of 4 workspace-wide writes refused to the branch-limited Arabic administrator made by the workspace-wide one


[xUnit.net 00:12:53.60]   Finished:    Erp.Gates.Tests (ID = 'd67f9af34c5c91feae69a31c7ab81956a411c8cd54ea4942d23c1fd06e059e25')

Test Run Failed.
Total tests: 158
     Passed: 146
     Failed: 12
 Total time: 12.9079 Minutes
gates rc=1
