=== plant p3-no-permission
 .../Identity/Erp.Modules.Identity/Users/UserEndpoints.cs     | 12 ++++++++++++
 1 file changed, 12 insertions(+)
  Determining projects to restore...
  All projects are up-to-date for restore.
  Erp.Modules.Tenancy.Contracts -> /home/user/critic/p01-odoo-rig-r1-plant/src/Modules/Tenancy/Erp.Modules.Tenancy.Contracts/bin/Release/net10.0/Erp.Modules.Tenancy.Contracts.dll
  Erp.Kernel -> /home/user/critic/p01-odoo-rig-r1-plant/src/Kernel/Erp.Kernel/bin/Release/net10.0/Erp.Kernel.dll
  Erp.Modules.Identity.Contracts -> /home/user/critic/p01-odoo-rig-r1-plant/src/Modules/Identity/Erp.Modules.Identity.Contracts/bin/Release/net10.0/Erp.Modules.Identity.Contracts.dll
  Erp.Modules.Tenancy -> /home/user/critic/p01-odoo-rig-r1-plant/src/Modules/Tenancy/Erp.Modules.Tenancy/bin/Release/net10.0/Erp.Modules.Tenancy.dll
  Erp.Modules.Identity -> /home/user/critic/p01-odoo-rig-r1-plant/src/Modules/Identity/Erp.Modules.Identity/bin/Release/net10.0/Erp.Modules.Identity.dll
  Erp.Host -> /home/user/critic/p01-odoo-rig-r1-plant/src/Host/Erp.Host/bin/Release/net10.0/Erp.Host.dll
  Erp.Testing -> /home/user/critic/p01-odoo-rig-r1-plant/tests/Erp.Testing/bin/Release/net10.0/Erp.Testing.dll
  Erp.Gates.Tests -> /home/user/critic/p01-odoo-rig-r1-plant/tests/Erp.Gates.Tests/bin/Release/net10.0/Erp.Gates.Tests.dll
Test run for /home/user/critic/p01-odoo-rig-r1-plant/tests/Erp.Gates.Tests/bin/Release/net10.0/Erp.Gates.Tests.dll (.NETCoreApp,Version=v10.0)
A total of 1 test files matched the specified pattern.
[xUnit.net 00:00:04.98]     Erp.Gates.Tests.Rules.OpenApiGateTests.Decimals_are_documented_as_strings [FAIL]
[xUnit.net 00:00:04.99]     Erp.Gates.Tests.Rules.OpenApiGateTests.OpenApi_document_covers_every_endpoint_with_its_permission [FAIL]
[xUnit.net 00:00:04.99]     Erp.Gates.Tests.G1.G1ReviewedLookupTests.Reviewed_lookups_answer_nothing_inside_a_tenant_bound_transaction [FAIL]
[xUnit.net 00:00:04.99]     Erp.Gates.Tests.G1.G1ReviewedLookupTests.Only_reviewed_source_files_name_a_reviewed_function [FAIL]
[xUnit.net 00:00:05.00]     Erp.Gates.Tests.G1.G1ReviewedLookupTests.Every_reviewed_function_has_reviewed_callers_and_sources [FAIL]
[xUnit.net 00:00:05.00]     Erp.Gates.Tests.Rules.MoneyGateTests.No_parseFloat_in_front_end_code [FAIL]
[xUnit.net 00:00:05.00]     Erp.Gates.Tests.Rules.MoneyGateTests.No_float_or_double_in_server_code [FAIL]
[xUnit.net 00:00:05.00]     Erp.Gates.Tests.Rules.MoneyGateTests.No_floating_point_or_money_columns_in_the_database [FAIL]
[xUnit.net 00:00:05.00]     Erp.Gates.Tests.SelfTests.GateSelfTests.The_database_check_catches_a_table_without_row_level_security [FAIL]
  Failed Erp.Gates.Tests.Rules.OpenApiGateTests.Decimals_are_documented_as_strings [1 ms]
  Error Message:
   Assembly fixture type 'Erp.Gates.Tests.Infrastructure.GateFixture' threw in InitializeAsync
---- System.InvalidOperationException : Endpoint authorisation is incomplete:
HTTP: POST /api/identity/users/{id:guid}/deactivate: declares no permission
  Stack Trace:
  
----- Inner Stack Trace -----
   at Erp.Kernel.Hosting.ErpPlatform.ValidateEndpoints(WebApplication app) in /home/user/critic/p01-odoo-rig-r1-plant/src/Kernel/Erp.Kernel/Hosting/ErpPlatform.cs:line 247
   at Erp.Kernel.Hosting.ErpPlatform.UseErpPlatform(WebApplication app) in /home/user/critic/p01-odoo-rig-r1-plant/src/Kernel/Erp.Kernel/Hosting/ErpPlatform.cs:line 213
   at Program.<Main>$(String[] args) in /home/user/critic/p01-odoo-rig-r1-plant/src/Host/Erp.Host/Program.cs:line 8
   at Program.<Main>(String[] args)
   at System.Reflection.MethodBaseInvoker.InterpretedInvoke_Method(Object obj, IntPtr* args)
   at System.Reflection.MethodBaseInvoker.InvokeDirectByRefWithFewArgs(Object obj, Span`1 copyOfArgs, BindingFlags invokeAttr)
--- End of stack trace from previous location ---
   at Microsoft.AspNetCore.Mvc.Testing.DeferredHostBuilder.DeferredHost.StartAsync(CancellationToken cancellationToken)
   at Microsoft.Extensions.Hosting.HostingAbstractionsHostExtensions.Start(IHost host)
   at Microsoft.AspNetCore.Mvc.Testing.WebApplicationFactory`1.CreateHost(IHostBuilder builder)
   at Microsoft.AspNetCore.Mvc.Testing.WebApplicationFactory`1.ConfigureHostBuilder(IHostBuilder hostBuilder)
   at Microsoft.AspNetCore.Mvc.Testing.WebApplicationFactory`1.StartServer()
   at Microsoft.AspNetCore.Mvc.Testing.WebApplicationFactory`1.get_Services()
   at Erp.Testing.ErpTestEnvironment.StartAsync(SeedPlan plan, IDictionary`2 settings) in /home/user/critic/p01-odoo-rig-r1-plant/tests/Erp.Testing/ErpTestEnvironment.cs:line 97
   at Erp.Gates.Tests.Infrastructure.GateFixture.InitializeAsync() in /home/user/critic/p01-odoo-rig-r1-plant/tests/Erp.Gates.Tests/Infrastructure/GateFixture.cs:line 17
  Failed Erp.Gates.Tests.Rules.OpenApiGateTests.OpenApi_document_covers_every_endpoint_with_its_permission [1 ms]
  Error Message:
   Assembly fixture type 'Erp.Gates.Tests.Infrastructure.GateFixture' threw in InitializeAsync
---- System.InvalidOperationException : Endpoint authorisation is incomplete:
HTTP: POST /api/identity/users/{id:guid}/deactivate: declares no permission
  Stack Trace:
  
----- Inner Stack Trace -----
   at Erp.Kernel.Hosting.ErpPlatform.ValidateEndpoints(WebApplication app) in /home/user/critic/p01-odoo-rig-r1-plant/src/Kernel/Erp.Kernel/Hosting/ErpPlatform.cs:line 247
   at Erp.Kernel.Hosting.ErpPlatform.UseErpPlatform(WebApplication app) in /home/user/critic/p01-odoo-rig-r1-plant/src/Kernel/Erp.Kernel/Hosting/ErpPlatform.cs:line 213
   at Program.<Main>$(String[] args) in /home/user/critic/p01-odoo-rig-r1-plant/src/Host/Erp.Host/Program.cs:line 8
   at Program.<Main>(String[] args)
   at System.Reflection.MethodBaseInvoker.InterpretedInvoke_Method(Object obj, IntPtr* args)
   at System.Reflection.MethodBaseInvoker.InvokeDirectByRefWithFewArgs(Object obj, Span`1 copyOfArgs, BindingFlags invokeAttr)
--- End of stack trace from previous location ---
   at Microsoft.AspNetCore.Mvc.Testing.DeferredHostBuilder.DeferredHost.StartAsync(CancellationToken cancellationToken)
   at Microsoft.Extensions.Hosting.HostingAbstractionsHostExtensions.Start(IHost host)
   at Microsoft.AspNetCore.Mvc.Testing.WebApplicationFactory`1.CreateHost(IHostBuilder builder)
   at Microsoft.AspNetCore.Mvc.Testing.WebApplicationFactory`1.ConfigureHostBuilder(IHostBuilder hostBuilder)
   at Microsoft.AspNetCore.Mvc.Testing.WebApplicationFactory`1.StartServer()
   at Microsoft.AspNetCore.Mvc.Testing.WebApplicationFactory`1.get_Services()
   at Erp.Testing.ErpTestEnvironment.StartAsync(SeedPlan plan, IDictionary`2 settings) in /home/user/critic/p01-odoo-rig-r1-plant/tests/Erp.Testing/ErpTestEnvironment.cs:line 97
   at Erp.Gates.Tests.Infrastructure.GateFixture.InitializeAsync() in /home/user/critic/p01-odoo-rig-r1-plant/tests/Erp.Gates.Tests/Infrastructure/GateFixture.cs:line 17
  Failed Erp.Gates.Tests.G1.G1ReviewedLookupTests.Reviewed_lookups_answer_nothing_inside_a_tenant_bound_transaction [1 ms]
  Error Message:
   Assembly fixture type 'Erp.Gates.Tests.Infrastructure.GateFixture' threw in InitializeAsync
---- System.InvalidOperationException : Endpoint authorisation is incomplete:
HTTP: POST /api/identity/users/{id:guid}/deactivate: declares no permission
  Stack Trace:
  
----- Inner Stack Trace -----
   at Erp.Kernel.Hosting.ErpPlatform.ValidateEndpoints(WebApplication app) in /home/user/critic/p01-odoo-rig-r1-plant/src/Kernel/Erp.Kernel/Hosting/ErpPlatform.cs:line 247
   at Erp.Kernel.Hosting.ErpPlatform.UseErpPlatform(WebApplication app) in /home/user/critic/p01-odoo-rig-r1-plant/src/Kernel/Erp.Kernel/Hosting/ErpPlatform.cs:line 213
   at Program.<Main>$(String[] args) in /home/user/critic/p01-odoo-rig-r1-plant/src/Host/Erp.Host/Program.cs:line 8
   at Program.<Main>(String[] args)
   at System.Reflection.MethodBaseInvoker.InterpretedInvoke_Method(Object obj, IntPtr* args)
   at System.Reflection.MethodBaseInvoker.InvokeDirectByRefWithFewArgs(Object obj, Span`1 copyOfArgs, BindingFlags invokeAttr)
--- End of stack trace from previous location ---
   at Microsoft.AspNetCore.Mvc.Testing.DeferredHostBuilder.DeferredHost.StartAsync(CancellationToken cancellationToken)
   at Microsoft.Extensions.Hosting.HostingAbstractionsHostExtensions.Start(IHost host)
   at Microsoft.AspNetCore.Mvc.Testing.WebApplicationFactory`1.CreateHost(IHostBuilder builder)
   at Microsoft.AspNetCore.Mvc.Testing.WebApplicationFactory`1.ConfigureHostBuilder(IHostBuilder hostBuilder)
   at Microsoft.AspNetCore.Mvc.Testing.WebApplicationFactory`1.StartServer()
   at Microsoft.AspNetCore.Mvc.Testing.WebApplicationFactory`1.get_Services()
   at Erp.Testing.ErpTestEnvironment.StartAsync(SeedPlan plan, IDictionary`2 settings) in /home/user/critic/p01-odoo-rig-r1-plant/tests/Erp.Testing/ErpTestEnvironment.cs:line 97
   at Erp.Gates.Tests.Infrastructure.GateFixture.InitializeAsync() in /home/user/critic/p01-odoo-rig-r1-plant/tests/Erp.Gates.Tests/Infrastructure/GateFixture.cs:line 17
  Failed Erp.Gates.Tests.G1.G1ReviewedLookupTests.Only_reviewed_source_files_name_a_reviewed_function [1 ms]
  Error Message:
   Assembly fixture type 'Erp.Gates.Tests.Infrastructure.GateFixture' threw in InitializeAsync
---- System.InvalidOperationException : Endpoint authorisation is incomplete:
HTTP: POST /api/identity/users/{id:guid}/deactivate: declares no permission
  Stack Trace:
  
----- Inner Stack Trace -----
   at Erp.Kernel.Hosting.ErpPlatform.ValidateEndpoints(WebApplication app) in /home/user/critic/p01-odoo-rig-r1-plant/src/Kernel/Erp.Kernel/Hosting/ErpPlatform.cs:line 247
   at Erp.Kernel.Hosting.ErpPlatform.UseErpPlatform(WebApplication app) in /home/user/critic/p01-odoo-rig-r1-plant/src/Kernel/Erp.Kernel/Hosting/ErpPlatform.cs:line 213
   at Program.<Main>$(String[] args) in /home/user/critic/p01-odoo-rig-r1-plant/src/Host/Erp.Host/Program.cs:line 8
   at Program.<Main>(String[] args)
   at System.Reflection.MethodBaseInvoker.InterpretedInvoke_Method(Object obj, IntPtr* args)
   at System.Reflection.MethodBaseInvoker.InvokeDirectByRefWithFewArgs(Object obj, Span`1 copyOfArgs, BindingFlags invokeAttr)
--- End of stack trace from previous location ---
   at Microsoft.AspNetCore.Mvc.Testing.DeferredHostBuilder.DeferredHost.StartAsync(CancellationToken cancellationToken)
   at Microsoft.Extensions.Hosting.HostingAbstractionsHostExtensions.Start(IHost host)
   at Microsoft.AspNetCore.Mvc.Testing.WebApplicationFactory`1.CreateHost(IHostBuilder builder)
   at Microsoft.AspNetCore.Mvc.Testing.WebApplicationFactory`1.ConfigureHostBuilder(IHostBuilder hostBuilder)
   at Microsoft.AspNetCore.Mvc.Testing.WebApplicationFactory`1.StartServer()
   at Microsoft.AspNetCore.Mvc.Testing.WebApplicationFactory`1.get_Services()
   at Erp.Testing.ErpTestEnvironment.StartAsync(SeedPlan plan, IDictionary`2 settings) in /home/user/critic/p01-odoo-rig-r1-plant/tests/Erp.Testing/ErpTestEnvironment.cs:line 97
   at Erp.Gates.Tests.Infrastructure.GateFixture.InitializeAsync() in /home/user/critic/p01-odoo-rig-r1-plant/tests/Erp.Gates.Tests/Infrastructure/GateFixture.cs:line 17
  Failed Erp.Gates.Tests.G1.G1ReviewedLookupTests.Every_reviewed_function_has_reviewed_callers_and_sources [1 ms]
  Error Message:
   Assembly fixture type 'Erp.Gates.Tests.Infrastructure.GateFixture' threw in InitializeAsync
---- System.InvalidOperationException : Endpoint authorisation is incomplete:
HTTP: POST /api/identity/users/{id:guid}/deactivate: declares no permission
  Stack Trace:
  
----- Inner Stack Trace -----
   at Erp.Kernel.Hosting.ErpPlatform.ValidateEndpoints(WebApplication app) in /home/user/critic/p01-odoo-rig-r1-plant/src/Kernel/Erp.Kernel/Hosting/ErpPlatform.cs:line 247
   at Erp.Kernel.Hosting.ErpPlatform.UseErpPlatform(WebApplication app) in /home/user/critic/p01-odoo-rig-r1-plant/src/Kernel/Erp.Kernel/Hosting/ErpPlatform.cs:line 213
   at Program.<Main>$(String[] args) in /home/user/critic/p01-odoo-rig-r1-plant/src/Host/Erp.Host/Program.cs:line 8
   at Program.<Main>(String[] args)
   at System.Reflection.MethodBaseInvoker.InterpretedInvoke_Method(Object obj, IntPtr* args)
   at System.Reflection.MethodBaseInvoker.InvokeDirectByRefWithFewArgs(Object obj, Span`1 copyOfArgs, BindingFlags invokeAttr)
--- End of stack trace from previous location ---
   at Microsoft.AspNetCore.Mvc.Testing.DeferredHostBuilder.DeferredHost.StartAsync(CancellationToken cancellationToken)
   at Microsoft.Extensions.Hosting.HostingAbstractionsHostExtensions.Start(IHost host)
   at Microsoft.AspNetCore.Mvc.Testing.WebApplicationFactory`1.CreateHost(IHostBuilder builder)
   at Microsoft.AspNetCore.Mvc.Testing.WebApplicationFactory`1.ConfigureHostBuilder(IHostBuilder hostBuilder)
   at Microsoft.AspNetCore.Mvc.Testing.WebApplicationFactory`1.StartServer()
   at Microsoft.AspNetCore.Mvc.Testing.WebApplicationFactory`1.get_Services()
   at Erp.Testing.ErpTestEnvironment.StartAsync(SeedPlan plan, IDictionary`2 settings) in /home/user/critic/p01-odoo-rig-r1-plant/tests/Erp.Testing/ErpTestEnvironment.cs:line 97
   at Erp.Gates.Tests.Infrastructure.GateFixture.InitializeAsync() in /home/user/critic/p01-odoo-rig-r1-plant/tests/Erp.Gates.Tests/Infrastructure/GateFixture.cs:line 17
  Failed Erp.Gates.Tests.Rules.MoneyGateTests.No_parseFloat_in_front_end_code [1 ms]
  Error Message:
   Assembly fixture type 'Erp.Gates.Tests.Infrastructure.GateFixture' threw in InitializeAsync
---- System.InvalidOperationException : Endpoint authorisation is incomplete:
HTTP: POST /api/identity/users/{id:guid}/deactivate: declares no permission
  Stack Trace:
  
----- Inner Stack Trace -----
   at Erp.Kernel.Hosting.ErpPlatform.ValidateEndpoints(WebApplication app) in /home/user/critic/p01-odoo-rig-r1-plant/src/Kernel/Erp.Kernel/Hosting/ErpPlatform.cs:line 247
   at Erp.Kernel.Hosting.ErpPlatform.UseErpPlatform(WebApplication app) in /home/user/critic/p01-odoo-rig-r1-plant/src/Kernel/Erp.Kernel/Hosting/ErpPlatform.cs:line 213
   at Program.<Main>$(String[] args) in /home/user/critic/p01-odoo-rig-r1-plant/src/Host/Erp.Host/Program.cs:line 8
   at Program.<Main>(String[] args)
   at System.Reflection.MethodBaseInvoker.InterpretedInvoke_Method(Object obj, IntPtr* args)
   at System.Reflection.MethodBaseInvoker.InvokeDirectByRefWithFewArgs(Object obj, Span`1 copyOfArgs, BindingFlags invokeAttr)
--- End of stack trace from previous location ---
   at Microsoft.AspNetCore.Mvc.Testing.DeferredHostBuilder.DeferredHost.StartAsync(CancellationToken cancellationToken)
   at Microsoft.Extensions.Hosting.HostingAbstractionsHostExtensions.Start(IHost host)
   at Microsoft.AspNetCore.Mvc.Testing.WebApplicationFactory`1.CreateHost(IHostBuilder builder)
   at Microsoft.AspNetCore.Mvc.Testing.WebApplicationFactory`1.ConfigureHostBuilder(IHostBuilder hostBuilder)
   at Microsoft.AspNetCore.Mvc.Testing.WebApplicationFactory`1.StartServer()
   at Microsoft.AspNetCore.Mvc.Testing.WebApplicationFactory`1.get_Services()
   at Erp.Testing.ErpTestEnvironment.StartAsync(SeedPlan plan, IDictionary`2 settings) in /home/user/critic/p01-odoo-rig-r1-plant/tests/Erp.Testing/ErpTestEnvironment.cs:line 97
   at Erp.Gates.Tests.Infrastructure.GateFixture.InitializeAsync() in /home/user/critic/p01-odoo-rig-r1-plant/tests/Erp.Gates.Tests/Infrastructure/GateFixture.cs:line 17
  Failed Erp.Gates.Tests.Rules.MoneyGateTests.No_float_or_double_in_server_code [1 ms]
  Error Message:
   Assembly fixture type 'Erp.Gates.Tests.Infrastructure.GateFixture' threw in InitializeAsync
---- System.InvalidOperationException : Endpoint authorisation is incomplete:
HTTP: POST /api/identity/users/{id:guid}/deactivate: declares no permission
  Stack Trace:
  
----- Inner Stack Trace -----
   at Erp.Kernel.Hosting.ErpPlatform.ValidateEndpoints(WebApplication app) in /home/user/critic/p01-odoo-rig-r1-plant/src/Kernel/Erp.Kernel/Hosting/ErpPlatform.cs:line 247
   at Erp.Kernel.Hosting.ErpPlatform.UseErpPlatform(WebApplication app) in /home/user/critic/p01-odoo-rig-r1-plant/src/Kernel/Erp.Kernel/Hosting/ErpPlatform.cs:line 213
   at Program.<Main>$(String[] args) in /home/user/critic/p01-odoo-rig-r1-plant/src/Host/Erp.Host/Program.cs:line 8
   at Program.<Main>(String[] args)
   at System.Reflection.MethodBaseInvoker.InterpretedInvoke_Method(Object obj, IntPtr* args)
   at System.Reflection.MethodBaseInvoker.InvokeDirectByRefWithFewArgs(Object obj, Span`1 copyOfArgs, BindingFlags invokeAttr)
--- End of stack trace from previous location ---
   at Microsoft.AspNetCore.Mvc.Testing.DeferredHostBuilder.DeferredHost.StartAsync(CancellationToken cancellationToken)
   at Microsoft.Extensions.Hosting.HostingAbstractionsHostExtensions.Start(IHost host)
   at Microsoft.AspNetCore.Mvc.Testing.WebApplicationFactory`1.CreateHost(IHostBuilder builder)
   at Microsoft.AspNetCore.Mvc.Testing.WebApplicationFactory`1.ConfigureHostBuilder(IHostBuilder hostBuilder)
   at Microsoft.AspNetCore.Mvc.Testing.WebApplicationFactory`1.StartServer()
   at Microsoft.AspNetCore.Mvc.Testing.WebApplicationFactory`1.get_Services()
   at Erp.Testing.ErpTestEnvironment.StartAsync(SeedPlan plan, IDictionary`2 settings) in /home/user/critic/p01-odoo-rig-r1-plant/tests/Erp.Testing/ErpTestEnvironment.cs:line 97
   at Erp.Gates.Tests.Infrastructure.GateFixture.InitializeAsync() in /home/user/critic/p01-odoo-rig-r1-plant/tests/Erp.Gates.Tests/Infrastructure/GateFixture.cs:line 17
  Failed Erp.Gates.Tests.Rules.MoneyGateTests.No_floating_point_or_money_columns_in_the_database [1 ms]
  Error Message:
   Assembly fixture type 'Erp.Gates.Tests.Infrastructure.GateFixture' threw in InitializeAsync
---- System.InvalidOperationException : Endpoint authorisation is incomplete:
HTTP: POST /api/identity/users/{id:guid}/deactivate: declares no permission
  Stack Trace:
  
----- Inner Stack Trace -----
   at Erp.Kernel.Hosting.ErpPlatform.ValidateEndpoints(WebApplication app) in /home/user/critic/p01-odoo-rig-r1-plant/src/Kernel/Erp.Kernel/Hosting/ErpPlatform.cs:line 247
   at Erp.Kernel.Hosting.ErpPlatform.UseErpPlatform(WebApplication app) in /home/user/critic/p01-odoo-rig-r1-plant/src/Kernel/Erp.Kernel/Hosting/ErpPlatform.cs:line 213
   at Program.<Main>$(String[] args) in /home/user/critic/p01-odoo-rig-r1-plant/src/Host/Erp.Host/Program.cs:line 8
   at Program.<Main>(String[] args)
   at System.Reflection.MethodBaseInvoker.InterpretedInvoke_Method(Object obj, IntPtr* args)
   at System.Reflection.MethodBaseInvoker.InvokeDirectByRefWithFewArgs(Object obj, Span`1 copyOfArgs, BindingFlags invokeAttr)
--- End of stack trace from previous location ---
   at Microsoft.AspNetCore.Mvc.Testing.DeferredHostBuilder.DeferredHost.StartAsync(CancellationToken cancellationToken)
   at Microsoft.Extensions.Hosting.HostingAbstractionsHostExtensions.Start(IHost host)
   at Microsoft.AspNetCore.Mvc.Testing.WebApplicationFactory`1.CreateHost(IHostBuilder builder)
   at Microsoft.AspNetCore.Mvc.Testing.WebApplicationFactory`1.ConfigureHostBuilder(IHostBuilder hostBuilder)
   at Microsoft.AspNetCore.Mvc.Testing.WebApplicationFactory`1.StartServer()
   at Microsoft.AspNetCore.Mvc.Testing.WebApplicationFactory`1.get_Services()
   at Erp.Testing.ErpTestEnvironment.StartAsync(SeedPlan plan, IDictionary`2 settings) in /home/user/critic/p01-odoo-rig-r1-plant/tests/Erp.Testing/ErpTestEnvironment.cs:line 97
   at Erp.Gates.Tests.Infrastructure.GateFixture.InitializeAsync() in /home/user/critic/p01-odoo-rig-r1-plant/tests/Erp.Gates.Tests/Infrastructure/GateFixture.cs:line 17
  Failed Erp.Gates.Tests.SelfTests.GateSelfTests.The_database_check_catches_a_table_without_row_level_security [1 ms]
  Error Message:
   Assembly fixture type 'Erp.Gates.Tests.Infrastructure.GateFixture' threw in InitializeAsync
---- System.InvalidOperationException : Endpoint authorisation is incomplete:
HTTP: POST /api/identity/users/{id:guid}/deactivate: declares no permission
  Stack Trace:
  
----- Inner Stack Trace -----
   at Erp.Kernel.Hosting.ErpPlatform.ValidateEndpoints(WebApplication app) in /home/user/critic/p01-odoo-rig-r1-plant/src/Kernel/Erp.Kernel/Hosting/ErpPlatform.cs:line 247
   at Erp.Kernel.Hosting.ErpPlatform.UseErpPlatform(WebApplication app) in /home/user/critic/p01-odoo-rig-r1-plant/src/Kernel/Erp.Kernel/Hosting/ErpPlatform.cs:line 213
   at Program.<Main>$(String[] args) in /home/user/critic/p01-odoo-rig-r1-plant/src/Host/Erp.Host/Program.cs:line 8
   at Program.<Main>(String[] args)
   at System.Reflection.MethodBaseInvoker.InterpretedInvoke_Method(Object obj, IntPtr* args)
   at System.Reflection.MethodBaseInvoker.InvokeDirectByRefWithFewArgs(Object obj, Span`1 copyOfArgs, BindingFlags invokeAttr)
--- End of stack trace from previous location ---
   at Microsoft.AspNetCore.Mvc.Testing.DeferredHostBuilder.DeferredHost.StartAsync(CancellationToken cancellationToken)
   at Microsoft.Extensions.Hosting.HostingAbstractionsHostExtensions.Start(IHost host)
   at Microsoft.AspNetCore.Mvc.Testing.WebApplicationFactory`1.CreateHost(IHostBuilder builder)
   at Microsoft.AspNetCore.Mvc.Testing.WebApplicationFactory`1.ConfigureHostBuilder(IHostBuilder hostBuilder)
   at Microsoft.AspNetCore.Mvc.Testing.WebApplicationFactory`1.StartServer()
   at Microsoft.AspNetCore.Mvc.Testing.WebApplicationFactory`1.get_Services()
   at Erp.Testing.ErpTestEnvironment.StartAsync(SeedPlan plan, IDictionary`2 settings) in /home/user/critic/p01-odoo-rig-r1-plant/tests/Erp.Testing/ErpTestEnvironment.cs:line 97
   at Erp.Gates.Tests.Infrastructure.GateFixture.InitializeAsync() in /home/user/critic/p01-odoo-rig-r1-plant/tests/Erp.Gates.Tests/Infrastructure/GateFixture.cs:line 17
[xUnit.net 00:00:05.01]     Erp.Gates.Tests.SelfTests.GateSelfTests.The_grant_escalation_check_catches_an_endpoint_that_grants_any_role [FAIL]
[xUnit.net 00:00:05.01]     Erp.Gates.Tests.SelfTests.GateSelfTests.The_HTTP_attack_catches_planted_header_route_and_body_leaks [FAIL]
[xUnit.net 00:00:05.01]     Erp.Gates.Tests.G1.G1DatabaseIsolationTests.Audit_trail_is_append_only_for_the_application [FAIL]
[xUnit.net 00:00:05.01]     Erp.Gates.Tests.G1.G1DatabaseIsolationTests.A_tenant_set_for_the_whole_connection_or_left_by_an_earlier_transaction_is_ignored [FAIL]
[xUnit.net 00:00:05.02]     Erp.Gates.Tests.G1.G1DatabaseIsolationTests.Application_role_sees_and_changes_only_its_own_tenant_in_every_tenant_table [FAIL]
[xUnit.net 00:00:05.02]     Erp.Gates.Tests.G1.G1DatabaseIsolationTests.Tenant_tables_have_an_id_primary_key [FAIL]
[xUnit.net 00:00:05.02]     Erp.Gates.Tests.G1.G1DatabaseIsolationTests.Foreign_keys_between_tenant_tables_include_the_tenant [FAIL]
[xUnit.net 00:00:05.02]     Erp.Gates.Tests.G1.G1DatabaseIsolationTests.Security_definer_functions_are_exactly_the_reviewed_ones [FAIL]
[xUnit.net 00:00:05.02]     Erp.Gates.Tests.G1.G1DatabaseIsolationTests.Application_role_cannot_bypass_row_level_security_or_become_a_role_that_can [FAIL]
  Failed Erp.Gates.Tests.SelfTests.GateSelfTests.The_grant_escalation_check_catches_an_endpoint_that_grants_any_role [1 ms]
  Error Message:
   Assembly fixture type 'Erp.Gates.Tests.Infrastructure.GateFixture' threw in InitializeAsync
---- System.InvalidOperationException : Endpoint authorisation is incomplete:
HTTP: POST /api/identity/users/{id:guid}/deactivate: declares no permission
  Stack Trace:
  
----- Inner Stack Trace -----
   at Erp.Kernel.Hosting.ErpPlatform.ValidateEndpoints(WebApplication app) in /home/user/critic/p01-odoo-rig-r1-plant/src/Kernel/Erp.Kernel/Hosting/ErpPlatform.cs:line 247
   at Erp.Kernel.Hosting.ErpPlatform.UseErpPlatform(WebApplication app) in /home/user/critic/p01-odoo-rig-r1-plant/src/Kernel/Erp.Kernel/Hosting/ErpPlatform.cs:line 213
   at Program.<Main>$(String[] args) in /home/user/critic/p01-odoo-rig-r1-plant/src/Host/Erp.Host/Program.cs:line 8
   at Program.<Main>(String[] args)
   at System.Reflection.MethodBaseInvoker.InterpretedInvoke_Method(Object obj, IntPtr* args)
   at System.Reflection.MethodBaseInvoker.InvokeDirectByRefWithFewArgs(Object obj, Span`1 copyOfArgs, BindingFlags invokeAttr)
--- End of stack trace from previous location ---
   at Microsoft.AspNetCore.Mvc.Testing.DeferredHostBuilder.DeferredHost.StartAsync(CancellationToken cancellationToken)
   at Microsoft.Extensions.Hosting.HostingAbstractionsHostExtensions.Start(IHost host)
   at Microsoft.AspNetCore.Mvc.Testing.WebApplicationFactory`1.CreateHost(IHostBuilder builder)
   at Microsoft.AspNetCore.Mvc.Testing.WebApplicationFactory`1.ConfigureHostBuilder(IHostBuilder hostBuilder)
   at Microsoft.AspNetCore.Mvc.Testing.WebApplicationFactory`1.StartServer()
   at Microsoft.AspNetCore.Mvc.Testing.WebApplicationFactory`1.get_Services()
   at Erp.Testing.ErpTestEnvironment.StartAsync(SeedPlan plan, IDictionary`2 settings) in /home/user/critic/p01-odoo-rig-r1-plant/tests/Erp.Testing/ErpTestEnvironment.cs:line 97
   at Erp.Gates.Tests.Infrastructure.GateFixture.InitializeAsync() in /home/user/critic/p01-odoo-rig-r1-plant/tests/Erp.Gates.Tests/Infrastructure/GateFixture.cs:line 17
  Failed Erp.Gates.Tests.SelfTests.GateSelfTests.The_HTTP_attack_catches_planted_header_route_and_body_leaks [1 ms]
  Error Message:
   Assembly fixture type 'Erp.Gates.Tests.Infrastructure.GateFixture' threw in InitializeAsync
---- System.InvalidOperationException : Endpoint authorisation is incomplete:
HTTP: POST /api/identity/users/{id:guid}/deactivate: declares no permission
  Stack Trace:
  
----- Inner Stack Trace -----
   at Erp.Kernel.Hosting.ErpPlatform.ValidateEndpoints(WebApplication app) in /home/user/critic/p01-odoo-rig-r1-plant/src/Kernel/Erp.Kernel/Hosting/ErpPlatform.cs:line 247
   at Erp.Kernel.Hosting.ErpPlatform.UseErpPlatform(WebApplication app) in /home/user/critic/p01-odoo-rig-r1-plant/src/Kernel/Erp.Kernel/Hosting/ErpPlatform.cs:line 213
   at Program.<Main>$(String[] args) in /home/user/critic/p01-odoo-rig-r1-plant/src/Host/Erp.Host/Program.cs:line 8
   at Program.<Main>(String[] args)
   at System.Reflection.MethodBaseInvoker.InterpretedInvoke_Method(Object obj, IntPtr* args)
   at System.Reflection.MethodBaseInvoker.InvokeDirectByRefWithFewArgs(Object obj, Span`1 copyOfArgs, BindingFlags invokeAttr)
--- End of stack trace from previous location ---
   at Microsoft.AspNetCore.Mvc.Testing.DeferredHostBuilder.DeferredHost.StartAsync(CancellationToken cancellationToken)
   at Microsoft.Extensions.Hosting.HostingAbstractionsHostExtensions.Start(IHost host)
   at Microsoft.AspNetCore.Mvc.Testing.WebApplicationFactory`1.CreateHost(IHostBuilder builder)
   at Microsoft.AspNetCore.Mvc.Testing.WebApplicationFactory`1.ConfigureHostBuilder(IHostBuilder hostBuilder)
   at Microsoft.AspNetCore.Mvc.Testing.WebApplicationFactory`1.StartServer()
   at Microsoft.AspNetCore.Mvc.Testing.WebApplicationFactory`1.get_Services()
   at Erp.Testing.ErpTestEnvironment.StartAsync(SeedPlan plan, IDictionary`2 settings) in /home/user/critic/p01-odoo-rig-r1-plant/tests/Erp.Testing/ErpTestEnvironment.cs:line 97
   at Erp.Gates.Tests.Infrastructure.GateFixture.InitializeAsync() in /home/user/critic/p01-odoo-rig-r1-plant/tests/Erp.Gates.Tests/Infrastructure/GateFixture.cs:line 17
  Failed Erp.Gates.Tests.G1.G1DatabaseIsolationTests.Audit_trail_is_append_only_for_the_application [1 ms]
  Error Message:
   Assembly fixture type 'Erp.Gates.Tests.Infrastructure.GateFixture' threw in InitializeAsync
---- System.InvalidOperationException : Endpoint authorisation is incomplete:
HTTP: POST /api/identity/users/{id:guid}/deactivate: declares no permission
  Stack Trace:
  
----- Inner Stack Trace -----
   at Erp.Kernel.Hosting.ErpPlatform.ValidateEndpoints(WebApplication app) in /home/user/critic/p01-odoo-rig-r1-plant/src/Kernel/Erp.Kernel/Hosting/ErpPlatform.cs:line 247
   at Erp.Kernel.Hosting.ErpPlatform.UseErpPlatform(WebApplication app) in /home/user/critic/p01-odoo-rig-r1-plant/src/Kernel/Erp.Kernel/Hosting/ErpPlatform.cs:line 213
   at Program.<Main>$(String[] args) in /home/user/critic/p01-odoo-rig-r1-plant/src/Host/Erp.Host/Program.cs:line 8
   at Program.<Main>(String[] args)
   at System.Reflection.MethodBaseInvoker.InterpretedInvoke_Method(Object obj, IntPtr* args)
   at System.Reflection.MethodBaseInvoker.InvokeDirectByRefWithFewArgs(Object obj, Span`1 copyOfArgs, BindingFlags invokeAttr)
--- End of stack trace from previous location ---
   at Microsoft.AspNetCore.Mvc.Testing.DeferredHostBuilder.DeferredHost.StartAsync(CancellationToken cancellationToken)
   at Microsoft.Extensions.Hosting.HostingAbstractionsHostExtensions.Start(IHost host)
   at Microsoft.AspNetCore.Mvc.Testing.WebApplicationFactory`1.CreateHost(IHostBuilder builder)
   at Microsoft.AspNetCore.Mvc.Testing.WebApplicationFactory`1.ConfigureHostBuilder(IHostBuilder hostBuilder)
   at Microsoft.AspNetCore.Mvc.Testing.WebApplicationFactory`1.StartServer()
   at Microsoft.AspNetCore.Mvc.Testing.WebApplicationFactory`1.get_Services()
   at Erp.Testing.ErpTestEnvironment.StartAsync(SeedPlan plan, IDictionary`2 settings) in /home/user/critic/p01-odoo-rig-r1-plant/tests/Erp.Testing/ErpTestEnvironment.cs:line 97
   at Erp.Gates.Tests.Infrastructure.GateFixture.InitializeAsync() in /home/user/critic/p01-odoo-rig-r1-plant/tests/Erp.Gates.Tests/Infrastructure/GateFixture.cs:line 17
  Failed Erp.Gates.Tests.G1.G1DatabaseIsolationTests.A_tenant_set_for_the_whole_connection_or_left_by_an_earlier_transaction_is_ignored [1 ms]
  Error Message:
   Assembly fixture type 'Erp.Gates.Tests.Infrastructure.GateFixture' threw in InitializeAsync
---- System.InvalidOperationException : Endpoint authorisation is incomplete:
HTTP: POST /api/identity/users/{id:guid}/deactivate: declares no permission
  Stack Trace:
  
----- Inner Stack Trace -----
   at Erp.Kernel.Hosting.ErpPlatform.ValidateEndpoints(WebApplication app) in /home/user/critic/p01-odoo-rig-r1-plant/src/Kernel/Erp.Kernel/Hosting/ErpPlatform.cs:line 247
   at Erp.Kernel.Hosting.ErpPlatform.UseErpPlatform(WebApplication app) in /home/user/critic/p01-odoo-rig-r1-plant/src/Kernel/Erp.Kernel/Hosting/ErpPlatform.cs:line 213
   at Program.<Main>$(String[] args) in /home/user/critic/p01-odoo-rig-r1-plant/src/Host/Erp.Host/Program.cs:line 8
   at Program.<Main>(String[] args)
   at System.Reflection.MethodBaseInvoker.InterpretedInvoke_Method(Object obj, IntPtr* args)
   at System.Reflection.MethodBaseInvoker.InvokeDirectByRefWithFewArgs(Object obj, Span`1 copyOfArgs, BindingFlags invokeAttr)
--- End of stack trace from previous location ---
   at Microsoft.AspNetCore.Mvc.Testing.DeferredHostBuilder.DeferredHost.StartAsync(CancellationToken cancellationToken)
   at Microsoft.Extensions.Hosting.HostingAbstractionsHostExtensions.Start(IHost host)
   at Microsoft.AspNetCore.Mvc.Testing.WebApplicationFactory`1.CreateHost(IHostBuilder builder)
   at Microsoft.AspNetCore.Mvc.Testing.WebApplicationFactory`1.ConfigureHostBuilder(IHostBuilder hostBuilder)
   at Microsoft.AspNetCore.Mvc.Testing.WebApplicationFactory`1.StartServer()
   at Microsoft.AspNetCore.Mvc.Testing.WebApplicationFactory`1.get_Services()
   at Erp.Testing.ErpTestEnvironment.StartAsync(SeedPlan plan, IDictionary`2 settings) in /home/user/critic/p01-odoo-rig-r1-plant/tests/Erp.Testing/ErpTestEnvironment.cs:line 97
   at Erp.Gates.Tests.Infrastructure.GateFixture.InitializeAsync() in /home/user/critic/p01-odoo-rig-r1-plant/tests/Erp.Gates.Tests/Infrastructure/GateFixture.cs:line 17
  Failed Erp.Gates.Tests.G1.G1DatabaseIsolationTests.Application_role_sees_and_changes_only_its_own_tenant_in_every_tenant_table [1 ms]
  Error Message:
   Assembly fixture type 'Erp.Gates.Tests.Infrastructure.GateFixture' threw in InitializeAsync
---- System.InvalidOperationException : Endpoint authorisation is incomplete:
HTTP: POST /api/identity/users/{id:guid}/deactivate: declares no permission
  Stack Trace:
  
----- Inner Stack Trace -----
   at Erp.Kernel.Hosting.ErpPlatform.ValidateEndpoints(WebApplication app) in /home/user/critic/p01-odoo-rig-r1-plant/src/Kernel/Erp.Kernel/Hosting/ErpPlatform.cs:line 247
   at Erp.Kernel.Hosting.ErpPlatform.UseErpPlatform(WebApplication app) in /home/user/critic/p01-odoo-rig-r1-plant/src/Kernel/Erp.Kernel/Hosting/ErpPlatform.cs:line 213
   at Program.<Main>$(String[] args) in /home/user/critic/p01-odoo-rig-r1-plant/src/Host/Erp.Host/Program.cs:line 8
   at Program.<Main>(String[] args)
   at System.Reflection.MethodBaseInvoker.InterpretedInvoke_Method(Object obj, IntPtr* args)
   at System.Reflection.MethodBaseInvoker.InvokeDirectByRefWithFewArgs(Object obj, Span`1 copyOfArgs, BindingFlags invokeAttr)
--- End of stack trace from previous location ---
   at Microsoft.AspNetCore.Mvc.Testing.DeferredHostBuilder.DeferredHost.StartAsync(CancellationToken cancellationToken)
   at Microsoft.Extensions.Hosting.HostingAbstractionsHostExtensions.Start(IHost host)
   at Microsoft.AspNetCore.Mvc.Testing.WebApplicationFactory`1.CreateHost(IHostBuilder builder)
   at Microsoft.AspNetCore.Mvc.Testing.WebApplicationFactory`1.ConfigureHostBuilder(IHostBuilder hostBuilder)
   at Microsoft.AspNetCore.Mvc.Testing.WebApplicationFactory`1.StartServer()
   at Microsoft.AspNetCore.Mvc.Testing.WebApplicationFactory`1.get_Services()
   at Erp.Testing.ErpTestEnvironment.StartAsync(SeedPlan plan, IDictionary`2 settings) in /home/user/critic/p01-odoo-rig-r1-plant/tests/Erp.Testing/ErpTestEnvironment.cs:line 97
   at Erp.Gates.Tests.Infrastructure.GateFixture.InitializeAsync() in /home/user/critic/p01-odoo-rig-r1-plant/tests/Erp.Gates.Tests/Infrastructure/GateFixture.cs:line 17
  Failed Erp.Gates.Tests.G1.G1DatabaseIsolationTests.Tenant_tables_have_an_id_primary_key [1 ms]
  Error Message:
   Assembly fixture type 'Erp.Gates.Tests.Infrastructure.GateFixture' threw in InitializeAsync
---- System.InvalidOperationException : Endpoint authorisation is incomplete:
HTTP: POST /api/identity/users/{id:guid}/deactivate: declares no permission
  Stack Trace:
  
----- Inner Stack Trace -----
   at Erp.Kernel.Hosting.ErpPlatform.ValidateEndpoints(WebApplication app) in /home/user/critic/p01-odoo-rig-r1-plant/src/Kernel/Erp.Kernel/Hosting/ErpPlatform.cs:line 247
   at Erp.Kernel.Hosting.ErpPlatform.UseErpPlatform(WebApplication app) in /home/user/critic/p01-odoo-rig-r1-plant/src/Kernel/Erp.Kernel/Hosting/ErpPlatform.cs:line 213
   at Program.<Main>$(String[] args) in /home/user/critic/p01-odoo-rig-r1-plant/src/Host/Erp.Host/Program.cs:line 8
   at Program.<Main>(String[] args)
   at System.Reflection.MethodBaseInvoker.InterpretedInvoke_Method(Object obj, IntPtr* args)
   at System.Reflection.MethodBaseInvoker.InvokeDirectByRefWithFewArgs(Object obj, Span`1 copyOfArgs, BindingFlags invokeAttr)
--- End of stack trace from previous location ---
   at Microsoft.AspNetCore.Mvc.Testing.DeferredHostBuilder.DeferredHost.StartAsync(CancellationToken cancellationToken)
   at Microsoft.Extensions.Hosting.HostingAbstractionsHostExtensions.Start(IHost host)
   at Microsoft.AspNetCore.Mvc.Testing.WebApplicationFactory`1.CreateHost(IHostBuilder builder)
   at Microsoft.AspNetCore.Mvc.Testing.WebApplicationFactory`1.ConfigureHostBuilder(IHostBuilder hostBuilder)
   at Microsoft.AspNetCore.Mvc.Testing.WebApplicationFactory`1.StartServer()
   at Microsoft.AspNetCore.Mvc.Testing.WebApplicationFactory`1.get_Services()
   at Erp.Testing.ErpTestEnvironment.StartAsync(SeedPlan plan, IDictionary`2 settings) in /home/user/critic/p01-odoo-rig-r1-plant/tests/Erp.Testing/ErpTestEnvironment.cs:line 97
   at Erp.Gates.Tests.Infrastructure.GateFixture.InitializeAsync() in /home/user/critic/p01-odoo-rig-r1-plant/tests/Erp.Gates.Tests/Infrastructure/GateFixture.cs:line 17
  Failed Erp.Gates.Tests.G1.G1DatabaseIsolationTests.Foreign_keys_between_tenant_tables_include_the_tenant [1 ms]
  Error Message:
   Assembly fixture type 'Erp.Gates.Tests.Infrastructure.GateFixture' threw in InitializeAsync
---- System.InvalidOperationException : Endpoint authorisation is incomplete:
HTTP: POST /api/identity/users/{id:guid}/deactivate: declares no permission
  Stack Trace:
  
----- Inner Stack Trace -----
   at Erp.Kernel.Hosting.ErpPlatform.ValidateEndpoints(WebApplication app) in /home/user/critic/p01-odoo-rig-r1-plant/src/Kernel/Erp.Kernel/Hosting/ErpPlatform.cs:line 247
   at Erp.Kernel.Hosting.ErpPlatform.UseErpPlatform(WebApplication app) in /home/user/critic/p01-odoo-rig-r1-plant/src/Kernel/Erp.Kernel/Hosting/ErpPlatform.cs:line 213
   at Program.<Main>$(String[] args) in /home/user/critic/p01-odoo-rig-r1-plant/src/Host/Erp.Host/Program.cs:line 8
   at Program.<Main>(String[] args)
   at System.Reflection.MethodBaseInvoker.InterpretedInvoke_Method(Object obj, IntPtr* args)
   at System.Reflection.MethodBaseInvoker.InvokeDirectByRefWithFewArgs(Object obj, Span`1 copyOfArgs, BindingFlags invokeAttr)
--- End of stack trace from previous location ---
   at Microsoft.AspNetCore.Mvc.Testing.DeferredHostBuilder.DeferredHost.StartAsync(CancellationToken cancellationToken)
   at Microsoft.Extensions.Hosting.HostingAbstractionsHostExtensions.Start(IHost host)
   at Microsoft.AspNetCore.Mvc.Testing.WebApplicationFactory`1.CreateHost(IHostBuilder builder)
   at Microsoft.AspNetCore.Mvc.Testing.WebApplicationFactory`1.ConfigureHostBuilder(IHostBuilder hostBuilder)
   at Microsoft.AspNetCore.Mvc.Testing.WebApplicationFactory`1.StartServer()
   at Microsoft.AspNetCore.Mvc.Testing.WebApplicationFactory`1.get_Services()
   at Erp.Testing.ErpTestEnvironment.StartAsync(SeedPlan plan, IDictionary`2 settings) in /home/user/critic/p01-odoo-rig-r1-plant/tests/Erp.Testing/ErpTestEnvironment.cs:line 97
   at Erp.Gates.Tests.Infrastructure.GateFixture.InitializeAsync() in /home/user/critic/p01-odoo-rig-r1-plant/tests/Erp.Gates.Tests/Infrastructure/GateFixture.cs:line 17
  Failed Erp.Gates.Tests.G1.G1DatabaseIsolationTests.Security_definer_functions_are_exactly_the_reviewed_ones [1 ms]
  Error Message:
   Assembly fixture type 'Erp.Gates.Tests.Infrastructure.GateFixture' threw in InitializeAsync
---- System.InvalidOperationException : Endpoint authorisation is incomplete:
HTTP: POST /api/identity/users/{id:guid}/deactivate: declares no permission
  Stack Trace:
  
----- Inner Stack Trace -----
   at Erp.Kernel.Hosting.ErpPlatform.ValidateEndpoints(WebApplication app) in /home/user/critic/p01-odoo-rig-r1-plant/src/Kernel/Erp.Kernel/Hosting/ErpPlatform.cs:line 247
   at Erp.Kernel.Hosting.ErpPlatform.UseErpPlatform(WebApplication app) in /home/user/critic/p01-odoo-rig-r1-plant/src/Kernel/Erp.Kernel/Hosting/ErpPlatform.cs:line 213
   at Program.<Main>$(String[] args) in /home/user/critic/p01-odoo-rig-r1-plant/src/Host/Erp.Host/Program.cs:line 8
   at Program.<Main>(String[] args)
   at System.Reflection.MethodBaseInvoker.InterpretedInvoke_Method(Object obj, IntPtr* args)
   at System.Reflection.MethodBaseInvoker.InvokeDirectByRefWithFewArgs(Object obj, Span`1 copyOfArgs, BindingFlags invokeAttr)
--- End of stack trace from previous location ---
   at Microsoft.AspNetCore.Mvc.Testing.DeferredHostBuilder.DeferredHost.StartAsync(CancellationToken cancellationToken)
   at Microsoft.Extensions.Hosting.HostingAbstractionsHostExtensions.Start(IHost host)
   at Microsoft.AspNetCore.Mvc.Testing.WebApplicationFactory`1.CreateHost(IHostBuilder builder)
   at Microsoft.AspNetCore.Mvc.Testing.WebApplicationFactory`1.ConfigureHostBuilder(IHostBuilder hostBuilder)
   at Microsoft.AspNetCore.Mvc.Testing.WebApplicationFactory`1.StartServer()
   at Microsoft.AspNetCore.Mvc.Testing.WebApplicationFactory`1.get_Services()
   at Erp.Testing.ErpTestEnvironment.StartAsync(SeedPlan plan, IDictionary`2 settings) in /home/user/critic/p01-odoo-rig-r1-plant/tests/Erp.Testing/ErpTestEnvironment.cs:line 97
   at Erp.Gates.Tests.Infrastructure.GateFixture.InitializeAsync() in /home/user/critic/p01-odoo-rig-r1-plant/tests/Erp.Gates.Tests/Infrastructure/GateFixture.cs:line 17
  Failed Erp.Gates.Tests.G1.G1DatabaseIsolationTests.Application_role_cannot_bypass_row_level_security_or_become_a_role_that_can [1 ms]
  Error Message:
   Assembly fixture type 'Erp.Gates.Tests.Infrastructure.GateFixture' threw in InitializeAsync
---- System.InvalidOperationException : Endpoint authorisation is incomplete:
HTTP: POST /api/identity/users/{id:guid}/deactivate: declares no permission
  Stack Trace:
  
----- Inner Stack Trace -----
   at Erp.Kernel.Hosting.ErpPlatform.ValidateEndpoints(WebApplication app) in /home/user/critic/p01-odoo-rig-r1-plant/src/Kernel/Erp.Kernel/Hosting/ErpPlatform.cs:line 247
   at Erp.Kernel.Hosting.ErpPlatform.UseErpPlatform(WebApplication app) in /home/user/critic/p01-odoo-rig-r1-plant/src/Kernel/Erp.Kernel/Hosting/ErpPlatform.cs:line 213
   at Program.<Main>$(String[] args) in /home/user/critic/p01-odoo-rig-r1-plant/src/Host/Erp.Host/Program.cs:line 8
   at Program.<Main>(String[] args)
   at System.Reflection.MethodBaseInvoker.InterpretedInvoke_Method(Object obj, IntPtr* args)
   at System.Reflection.MethodBaseInvoker.InvokeDirectByRefWithFewArgs(Object obj, Span`1 copyOfArgs, BindingFlags invokeAttr)
--- End of stack trace from previous location ---
   at Microsoft.AspNetCore.Mvc.Testing.DeferredHostBuilder.DeferredHost.StartAsync(CancellationToken cancellationToken)
   at Microsoft.Extensions.Hosting.HostingAbstractionsHostExtensions.Start(IHost host)
   at Microsoft.AspNetCore.Mvc.Testing.WebApplicationFactory`1.CreateHost(IHostBuilder builder)
   at Microsoft.AspNetCore.Mvc.Testing.WebApplicationFactory`1.ConfigureHostBuilder(IHostBuilder hostBuilder)
   at Microsoft.AspNetCore.Mvc.Testing.WebApplicationFactory`1.StartServer()
   at Microsoft.AspNetCore.Mvc.Testing.WebApplicationFactory`1.get_Services()
   at Erp.Testing.ErpTestEnvironment.StartAsync(SeedPlan plan, IDictionary`2 settings) in /home/user/critic/p01-odoo-rig-r1-plant/tests/Erp.Testing/ErpTestEnvironment.cs:line 97
   at Erp.Gates.Tests.Infrastructure.GateFixture.InitializeAsync() in /home/user/critic/p01-odoo-rig-r1-plant/tests/Erp.Gates.Tests/Infrastructure/GateFixture.cs:line 17
[xUnit.net 00:00:05.02]     Erp.Gates.Tests.G1.G1DatabaseIsolationTests.Tenant_tables_enforce_row_level_security_with_the_standard_policy [FAIL]
[xUnit.net 00:00:05.02]     Erp.Gates.Tests.G1.G1DatabaseIsolationTests.Every_table_is_tenant_owned_or_a_reviewed_platform_table [FAIL]
[xUnit.net 00:00:05.02]     Erp.Gates.Tests.G1.G1HttpIsolationTests.Tenant_A_cannot_reach_tenant_B_through_any_endpoint [FAIL]
[xUnit.net 00:00:05.02]     Erp.Gates.Tests.Rules.StringGateTests.Count_messages_use_plural_forms [FAIL]
[xUnit.net 00:00:05.03]     Erp.Gates.Tests.Rules.StringGateTests.Every_problem_and_validation_code_in_server_code_has_text [FAIL]
[xUnit.net 00:00:05.03]     Erp.Gates.Tests.Rules.StringGateTests.Every_permission_module_and_menu_entry_has_labels [FAIL]
[xUnit.net 00:00:05.03]     Erp.Gates.Tests.Rules.StringGateTests.Web_string_files_have_matching_English_and_Arabic_keys [FAIL]
[xUnit.net 00:00:05.03]     Erp.Gates.Tests.Rules.StringGateTests.Server_string_files_have_matching_English_and_Arabic_keys [FAIL]
[xUnit.net 00:00:05.03]     Erp.Gates.Tests.Rules.AuditGateTests.Writes_that_bypass_the_ORM_are_audited_too [FAIL]
  Failed Erp.Gates.Tests.G1.G1DatabaseIsolationTests.Tenant_tables_enforce_row_level_security_with_the_standard_policy [1 ms]
  Error Message:
   Assembly fixture type 'Erp.Gates.Tests.Infrastructure.GateFixture' threw in InitializeAsync
---- System.InvalidOperationException : Endpoint authorisation is incomplete:
HTTP: POST /api/identity/users/{id:guid}/deactivate: declares no permission
  Stack Trace:
  
----- Inner Stack Trace -----
   at Erp.Kernel.Hosting.ErpPlatform.ValidateEndpoints(WebApplication app) in /home/user/critic/p01-odoo-rig-r1-plant/src/Kernel/Erp.Kernel/Hosting/ErpPlatform.cs:line 247
   at Erp.Kernel.Hosting.ErpPlatform.UseErpPlatform(WebApplication app) in /home/user/critic/p01-odoo-rig-r1-plant/src/Kernel/Erp.Kernel/Hosting/ErpPlatform.cs:line 213
   at Program.<Main>$(String[] args) in /home/user/critic/p01-odoo-rig-r1-plant/src/Host/Erp.Host/Program.cs:line 8
   at Program.<Main>(String[] args)
   at System.Reflection.MethodBaseInvoker.InterpretedInvoke_Method(Object obj, IntPtr* args)
   at System.Reflection.MethodBaseInvoker.InvokeDirectByRefWithFewArgs(Object obj, Span`1 copyOfArgs, BindingFlags invokeAttr)
--- End of stack trace from previous location ---
   at Microsoft.AspNetCore.Mvc.Testing.DeferredHostBuilder.DeferredHost.StartAsync(CancellationToken cancellationToken)
   at Microsoft.Extensions.Hosting.HostingAbstractionsHostExtensions.Start(IHost host)
   at Microsoft.AspNetCore.Mvc.Testing.WebApplicationFactory`1.CreateHost(IHostBuilder builder)
   at Microsoft.AspNetCore.Mvc.Testing.WebApplicationFactory`1.ConfigureHostBuilder(IHostBuilder hostBuilder)
   at Microsoft.AspNetCore.Mvc.Testing.WebApplicationFactory`1.StartServer()
   at Microsoft.AspNetCore.Mvc.Testing.WebApplicationFactory`1.get_Services()
   at Erp.Testing.ErpTestEnvironment.StartAsync(SeedPlan plan, IDictionary`2 settings) in /home/user/critic/p01-odoo-rig-r1-plant/tests/Erp.Testing/ErpTestEnvironment.cs:line 97
   at Erp.Gates.Tests.Infrastructure.GateFixture.InitializeAsync() in /home/user/critic/p01-odoo-rig-r1-plant/tests/Erp.Gates.Tests/Infrastructure/GateFixture.cs:line 17
  Failed Erp.Gates.Tests.G1.G1DatabaseIsolationTests.Every_table_is_tenant_owned_or_a_reviewed_platform_table [1 ms]
  Error Message:
   Assembly fixture type 'Erp.Gates.Tests.Infrastructure.GateFixture' threw in InitializeAsync
---- System.InvalidOperationException : Endpoint authorisation is incomplete:
HTTP: POST /api/identity/users/{id:guid}/deactivate: declares no permission
  Stack Trace:
  
----- Inner Stack Trace -----
   at Erp.Kernel.Hosting.ErpPlatform.ValidateEndpoints(WebApplication app) in /home/user/critic/p01-odoo-rig-r1-plant/src/Kernel/Erp.Kernel/Hosting/ErpPlatform.cs:line 247
   at Erp.Kernel.Hosting.ErpPlatform.UseErpPlatform(WebApplication app) in /home/user/critic/p01-odoo-rig-r1-plant/src/Kernel/Erp.Kernel/Hosting/ErpPlatform.cs:line 213
   at Program.<Main>$(String[] args) in /home/user/critic/p01-odoo-rig-r1-plant/src/Host/Erp.Host/Program.cs:line 8
   at Program.<Main>(String[] args)
   at System.Reflection.MethodBaseInvoker.InterpretedInvoke_Method(Object obj, IntPtr* args)
   at System.Reflection.MethodBaseInvoker.InvokeDirectByRefWithFewArgs(Object obj, Span`1 copyOfArgs, BindingFlags invokeAttr)
--- End of stack trace from previous location ---
   at Microsoft.AspNetCore.Mvc.Testing.DeferredHostBuilder.DeferredHost.StartAsync(CancellationToken cancellationToken)
   at Microsoft.Extensions.Hosting.HostingAbstractionsHostExtensions.Start(IHost host)
   at Microsoft.AspNetCore.Mvc.Testing.WebApplicationFactory`1.CreateHost(IHostBuilder builder)
   at Microsoft.AspNetCore.Mvc.Testing.WebApplicationFactory`1.ConfigureHostBuilder(IHostBuilder hostBuilder)
   at Microsoft.AspNetCore.Mvc.Testing.WebApplicationFactory`1.StartServer()
   at Microsoft.AspNetCore.Mvc.Testing.WebApplicationFactory`1.get_Services()
   at Erp.Testing.ErpTestEnvironment.StartAsync(SeedPlan plan, IDictionary`2 settings) in /home/user/critic/p01-odoo-rig-r1-plant/tests/Erp.Testing/ErpTestEnvironment.cs:line 97
   at Erp.Gates.Tests.Infrastructure.GateFixture.InitializeAsync() in /home/user/critic/p01-odoo-rig-r1-plant/tests/Erp.Gates.Tests/Infrastructure/GateFixture.cs:line 17
  Failed Erp.Gates.Tests.G1.G1HttpIsolationTests.Tenant_A_cannot_reach_tenant_B_through_any_endpoint [1 ms]
  Error Message:
   Assembly fixture type 'Erp.Gates.Tests.Infrastructure.GateFixture' threw in InitializeAsync
---- System.InvalidOperationException : Endpoint authorisation is incomplete:
HTTP: POST /api/identity/users/{id:guid}/deactivate: declares no permission
  Stack Trace:
  
----- Inner Stack Trace -----
   at Erp.Kernel.Hosting.ErpPlatform.ValidateEndpoints(WebApplication app) in /home/user/critic/p01-odoo-rig-r1-plant/src/Kernel/Erp.Kernel/Hosting/ErpPlatform.cs:line 247
   at Erp.Kernel.Hosting.ErpPlatform.UseErpPlatform(WebApplication app) in /home/user/critic/p01-odoo-rig-r1-plant/src/Kernel/Erp.Kernel/Hosting/ErpPlatform.cs:line 213
   at Program.<Main>$(String[] args) in /home/user/critic/p01-odoo-rig-r1-plant/src/Host/Erp.Host/Program.cs:line 8
   at Program.<Main>(String[] args)
   at System.Reflection.MethodBaseInvoker.InterpretedInvoke_Method(Object obj, IntPtr* args)
   at System.Reflection.MethodBaseInvoker.InvokeDirectByRefWithFewArgs(Object obj, Span`1 copyOfArgs, BindingFlags invokeAttr)
--- End of stack trace from previous location ---
   at Microsoft.AspNetCore.Mvc.Testing.DeferredHostBuilder.DeferredHost.StartAsync(CancellationToken cancellationToken)
   at Microsoft.Extensions.Hosting.HostingAbstractionsHostExtensions.Start(IHost host)
   at Microsoft.AspNetCore.Mvc.Testing.WebApplicationFactory`1.CreateHost(IHostBuilder builder)
   at Microsoft.AspNetCore.Mvc.Testing.WebApplicationFactory`1.ConfigureHostBuilder(IHostBuilder hostBuilder)
   at Microsoft.AspNetCore.Mvc.Testing.WebApplicationFactory`1.StartServer()
   at Microsoft.AspNetCore.Mvc.Testing.WebApplicationFactory`1.get_Services()
   at Erp.Testing.ErpTestEnvironment.StartAsync(SeedPlan plan, IDictionary`2 settings) in /home/user/critic/p01-odoo-rig-r1-plant/tests/Erp.Testing/ErpTestEnvironment.cs:line 97
   at Erp.Gates.Tests.Infrastructure.GateFixture.InitializeAsync() in /home/user/critic/p01-odoo-rig-r1-plant/tests/Erp.Gates.Tests/Infrastructure/GateFixture.cs:line 17
  Failed Erp.Gates.Tests.Rules.StringGateTests.Count_messages_use_plural_forms [1 ms]
  Error Message:
   Assembly fixture type 'Erp.Gates.Tests.Infrastructure.GateFixture' threw in InitializeAsync
---- System.InvalidOperationException : Endpoint authorisation is incomplete:
HTTP: POST /api/identity/users/{id:guid}/deactivate: declares no permission
  Stack Trace:
  
----- Inner Stack Trace -----
   at Erp.Kernel.Hosting.ErpPlatform.ValidateEndpoints(WebApplication app) in /home/user/critic/p01-odoo-rig-r1-plant/src/Kernel/Erp.Kernel/Hosting/ErpPlatform.cs:line 247
   at Erp.Kernel.Hosting.ErpPlatform.UseErpPlatform(WebApplication app) in /home/user/critic/p01-odoo-rig-r1-plant/src/Kernel/Erp.Kernel/Hosting/ErpPlatform.cs:line 213
   at Program.<Main>$(String[] args) in /home/user/critic/p01-odoo-rig-r1-plant/src/Host/Erp.Host/Program.cs:line 8
   at Program.<Main>(String[] args)
   at System.Reflection.MethodBaseInvoker.InterpretedInvoke_Method(Object obj, IntPtr* args)
   at System.Reflection.MethodBaseInvoker.InvokeDirectByRefWithFewArgs(Object obj, Span`1 copyOfArgs, BindingFlags invokeAttr)
--- End of stack trace from previous location ---
   at Microsoft.AspNetCore.Mvc.Testing.DeferredHostBuilder.DeferredHost.StartAsync(CancellationToken cancellationToken)
   at Microsoft.Extensions.Hosting.HostingAbstractionsHostExtensions.Start(IHost host)
   at Microsoft.AspNetCore.Mvc.Testing.WebApplicationFactory`1.CreateHost(IHostBuilder builder)
   at Microsoft.AspNetCore.Mvc.Testing.WebApplicationFactory`1.ConfigureHostBuilder(IHostBuilder hostBuilder)
   at Microsoft.AspNetCore.Mvc.Testing.WebApplicationFactory`1.StartServer()
   at Microsoft.AspNetCore.Mvc.Testing.WebApplicationFactory`1.get_Services()
   at Erp.Testing.ErpTestEnvironment.StartAsync(SeedPlan plan, IDictionary`2 settings) in /home/user/critic/p01-odoo-rig-r1-plant/tests/Erp.Testing/ErpTestEnvironment.cs:line 97
   at Erp.Gates.Tests.Infrastructure.GateFixture.InitializeAsync() in /home/user/critic/p01-odoo-rig-r1-plant/tests/Erp.Gates.Tests/Infrastructure/GateFixture.cs:line 17
  Failed Erp.Gates.Tests.Rules.StringGateTests.Every_problem_and_validation_code_in_server_code_has_text [1 ms]
  Error Message:
   Assembly fixture type 'Erp.Gates.Tests.Infrastructure.GateFixture' threw in InitializeAsync
---- System.InvalidOperationException : Endpoint authorisation is incomplete:
HTTP: POST /api/identity/users/{id:guid}/deactivate: declares no permission
  Stack Trace:
  
----- Inner Stack Trace -----
   at Erp.Kernel.Hosting.ErpPlatform.ValidateEndpoints(WebApplication app) in /home/user/critic/p01-odoo-rig-r1-plant/src/Kernel/Erp.Kernel/Hosting/ErpPlatform.cs:line 247
   at Erp.Kernel.Hosting.ErpPlatform.UseErpPlatform(WebApplication app) in /home/user/critic/p01-odoo-rig-r1-plant/src/Kernel/Erp.Kernel/Hosting/ErpPlatform.cs:line 213
   at Program.<Main>$(String[] args) in /home/user/critic/p01-odoo-rig-r1-plant/src/Host/Erp.Host/Program.cs:line 8
   at Program.<Main>(String[] args)
   at System.Reflection.MethodBaseInvoker.InterpretedInvoke_Method(Object obj, IntPtr* args)
   at System.Reflection.MethodBaseInvoker.InvokeDirectByRefWithFewArgs(Object obj, Span`1 copyOfArgs, BindingFlags invokeAttr)
--- End of stack trace from previous location ---
   at Microsoft.AspNetCore.Mvc.Testing.DeferredHostBuilder.DeferredHost.StartAsync(CancellationToken cancellationToken)
   at Microsoft.Extensions.Hosting.HostingAbstractionsHostExtensions.Start(IHost host)
   at Microsoft.AspNetCore.Mvc.Testing.WebApplicationFactory`1.CreateHost(IHostBuilder builder)
   at Microsoft.AspNetCore.Mvc.Testing.WebApplicationFactory`1.ConfigureHostBuilder(IHostBuilder hostBuilder)
   at Microsoft.AspNetCore.Mvc.Testing.WebApplicationFactory`1.StartServer()
   at Microsoft.AspNetCore.Mvc.Testing.WebApplicationFactory`1.get_Services()
   at Erp.Testing.ErpTestEnvironment.StartAsync(SeedPlan plan, IDictionary`2 settings) in /home/user/critic/p01-odoo-rig-r1-plant/tests/Erp.Testing/ErpTestEnvironment.cs:line 97
   at Erp.Gates.Tests.Infrastructure.GateFixture.InitializeAsync() in /home/user/critic/p01-odoo-rig-r1-plant/tests/Erp.Gates.Tests/Infrastructure/GateFixture.cs:line 17
  Failed Erp.Gates.Tests.Rules.StringGateTests.Every_permission_module_and_menu_entry_has_labels [1 ms]
  Error Message:
   Assembly fixture type 'Erp.Gates.Tests.Infrastructure.GateFixture' threw in InitializeAsync
---- System.InvalidOperationException : Endpoint authorisation is incomplete:
HTTP: POST /api/identity/users/{id:guid}/deactivate: declares no permission
  Stack Trace:
  
----- Inner Stack Trace -----
   at Erp.Kernel.Hosting.ErpPlatform.ValidateEndpoints(WebApplication app) in /home/user/critic/p01-odoo-rig-r1-plant/src/Kernel/Erp.Kernel/Hosting/ErpPlatform.cs:line 247
   at Erp.Kernel.Hosting.ErpPlatform.UseErpPlatform(WebApplication app) in /home/user/critic/p01-odoo-rig-r1-plant/src/Kernel/Erp.Kernel/Hosting/ErpPlatform.cs:line 213
   at Program.<Main>$(String[] args) in /home/user/critic/p01-odoo-rig-r1-plant/src/Host/Erp.Host/Program.cs:line 8
   at Program.<Main>(String[] args)
   at System.Reflection.MethodBaseInvoker.InterpretedInvoke_Method(Object obj, IntPtr* args)
   at System.Reflection.MethodBaseInvoker.InvokeDirectByRefWithFewArgs(Object obj, Span`1 copyOfArgs, BindingFlags invokeAttr)
--- End of stack trace from previous location ---
   at Microsoft.AspNetCore.Mvc.Testing.DeferredHostBuilder.DeferredHost.StartAsync(CancellationToken cancellationToken)
   at Microsoft.Extensions.Hosting.HostingAbstractionsHostExtensions.Start(IHost host)
   at Microsoft.AspNetCore.Mvc.Testing.WebApplicationFactory`1.CreateHost(IHostBuilder builder)
   at Microsoft.AspNetCore.Mvc.Testing.WebApplicationFactory`1.ConfigureHostBuilder(IHostBuilder hostBuilder)
   at Microsoft.AspNetCore.Mvc.Testing.WebApplicationFactory`1.StartServer()
   at Microsoft.AspNetCore.Mvc.Testing.WebApplicationFactory`1.get_Services()
   at Erp.Testing.ErpTestEnvironment.StartAsync(SeedPlan plan, IDictionary`2 settings) in /home/user/critic/p01-odoo-rig-r1-plant/tests/Erp.Testing/ErpTestEnvironment.cs:line 97
   at Erp.Gates.Tests.Infrastructure.GateFixture.InitializeAsync() in /home/user/critic/p01-odoo-rig-r1-plant/tests/Erp.Gates.Tests/Infrastructure/GateFixture.cs:line 17
  Failed Erp.Gates.Tests.Rules.StringGateTests.Web_string_files_have_matching_English_and_Arabic_keys [1 ms]
  Error Message:
   Assembly fixture type 'Erp.Gates.Tests.Infrastructure.GateFixture' threw in InitializeAsync
---- System.InvalidOperationException : Endpoint authorisation is incomplete:
HTTP: POST /api/identity/users/{id:guid}/deactivate: declares no permission
  Stack Trace:
  
----- Inner Stack Trace -----
   at Erp.Kernel.Hosting.ErpPlatform.ValidateEndpoints(WebApplication app) in /home/user/critic/p01-odoo-rig-r1-plant/src/Kernel/Erp.Kernel/Hosting/ErpPlatform.cs:line 247
   at Erp.Kernel.Hosting.ErpPlatform.UseErpPlatform(WebApplication app) in /home/user/critic/p01-odoo-rig-r1-plant/src/Kernel/Erp.Kernel/Hosting/ErpPlatform.cs:line 213
   at Program.<Main>$(String[] args) in /home/user/critic/p01-odoo-rig-r1-plant/src/Host/Erp.Host/Program.cs:line 8
   at Program.<Main>(String[] args)
   at System.Reflection.MethodBaseInvoker.InterpretedInvoke_Method(Object obj, IntPtr* args)
   at System.Reflection.MethodBaseInvoker.InvokeDirectByRefWithFewArgs(Object obj, Span`1 copyOfArgs, BindingFlags invokeAttr)
--- End of stack trace from previous location ---
   at Microsoft.AspNetCore.Mvc.Testing.DeferredHostBuilder.DeferredHost.StartAsync(CancellationToken cancellationToken)
   at Microsoft.Extensions.Hosting.HostingAbstractionsHostExtensions.Start(IHost host)
   at Microsoft.AspNetCore.Mvc.Testing.WebApplicationFactory`1.CreateHost(IHostBuilder builder)
   at Microsoft.AspNetCore.Mvc.Testing.WebApplicationFactory`1.ConfigureHostBuilder(IHostBuilder hostBuilder)
   at Microsoft.AspNetCore.Mvc.Testing.WebApplicationFactory`1.StartServer()
   at Microsoft.AspNetCore.Mvc.Testing.WebApplicationFactory`1.get_Services()
   at Erp.Testing.ErpTestEnvironment.StartAsync(SeedPlan plan, IDictionary`2 settings) in /home/user/critic/p01-odoo-rig-r1-plant/tests/Erp.Testing/ErpTestEnvironment.cs:line 97
   at Erp.Gates.Tests.Infrastructure.GateFixture.InitializeAsync() in /home/user/critic/p01-odoo-rig-r1-plant/tests/Erp.Gates.Tests/Infrastructure/GateFixture.cs:line 17
  Failed Erp.Gates.Tests.Rules.StringGateTests.Server_string_files_have_matching_English_and_Arabic_keys [1 ms]
  Error Message:
   Assembly fixture type 'Erp.Gates.Tests.Infrastructure.GateFixture' threw in InitializeAsync
---- System.InvalidOperationException : Endpoint authorisation is incomplete:
HTTP: POST /api/identity/users/{id:guid}/deactivate: declares no permission
  Stack Trace:
  
----- Inner Stack Trace -----
   at Erp.Kernel.Hosting.ErpPlatform.ValidateEndpoints(WebApplication app) in /home/user/critic/p01-odoo-rig-r1-plant/src/Kernel/Erp.Kernel/Hosting/ErpPlatform.cs:line 247
   at Erp.Kernel.Hosting.ErpPlatform.UseErpPlatform(WebApplication app) in /home/user/critic/p01-odoo-rig-r1-plant/src/Kernel/Erp.Kernel/Hosting/ErpPlatform.cs:line 213
   at Program.<Main>$(String[] args) in /home/user/critic/p01-odoo-rig-r1-plant/src/Host/Erp.Host/Program.cs:line 8
   at Program.<Main>(String[] args)
   at System.Reflection.MethodBaseInvoker.InterpretedInvoke_Method(Object obj, IntPtr* args)
   at System.Reflection.MethodBaseInvoker.InvokeDirectByRefWithFewArgs(Object obj, Span`1 copyOfArgs, BindingFlags invokeAttr)
--- End of stack trace from previous location ---
   at Microsoft.AspNetCore.Mvc.Testing.DeferredHostBuilder.DeferredHost.StartAsync(CancellationToken cancellationToken)
   at Microsoft.Extensions.Hosting.HostingAbstractionsHostExtensions.Start(IHost host)
   at Microsoft.AspNetCore.Mvc.Testing.WebApplicationFactory`1.CreateHost(IHostBuilder builder)
   at Microsoft.AspNetCore.Mvc.Testing.WebApplicationFactory`1.ConfigureHostBuilder(IHostBuilder hostBuilder)
   at Microsoft.AspNetCore.Mvc.Testing.WebApplicationFactory`1.StartServer()
   at Microsoft.AspNetCore.Mvc.Testing.WebApplicationFactory`1.get_Services()
   at Erp.Testing.ErpTestEnvironment.StartAsync(SeedPlan plan, IDictionary`2 settings) in /home/user/critic/p01-odoo-rig-r1-plant/tests/Erp.Testing/ErpTestEnvironment.cs:line 97
   at Erp.Gates.Tests.Infrastructure.GateFixture.InitializeAsync() in /home/user/critic/p01-odoo-rig-r1-plant/tests/Erp.Gates.Tests/Infrastructure/GateFixture.cs:line 17
  Failed Erp.Gates.Tests.Rules.AuditGateTests.Writes_that_bypass_the_ORM_are_audited_too [1 ms]
  Error Message:
   Assembly fixture type 'Erp.Gates.Tests.Infrastructure.GateFixture' threw in InitializeAsync
---- System.InvalidOperationException : Endpoint authorisation is incomplete:
HTTP: POST /api/identity/users/{id:guid}/deactivate: declares no permission
  Stack Trace:
  
----- Inner Stack Trace -----
   at Erp.Kernel.Hosting.ErpPlatform.ValidateEndpoints(WebApplication app) in /home/user/critic/p01-odoo-rig-r1-plant/src/Kernel/Erp.Kernel/Hosting/ErpPlatform.cs:line 247
   at Erp.Kernel.Hosting.ErpPlatform.UseErpPlatform(WebApplication app) in /home/user/critic/p01-odoo-rig-r1-plant/src/Kernel/Erp.Kernel/Hosting/ErpPlatform.cs:line 213
   at Program.<Main>$(String[] args) in /home/user/critic/p01-odoo-rig-r1-plant/src/Host/Erp.Host/Program.cs:line 8
   at Program.<Main>(String[] args)
   at System.Reflection.MethodBaseInvoker.InterpretedInvoke_Method(Object obj, IntPtr* args)
   at System.Reflection.MethodBaseInvoker.InvokeDirectByRefWithFewArgs(Object obj, Span`1 copyOfArgs, BindingFlags invokeAttr)
--- End of stack trace from previous location ---
   at Microsoft.AspNetCore.Mvc.Testing.DeferredHostBuilder.DeferredHost.StartAsync(CancellationToken cancellationToken)
   at Microsoft.Extensions.Hosting.HostingAbstractionsHostExtensions.Start(IHost host)
   at Microsoft.AspNetCore.Mvc.Testing.WebApplicationFactory`1.CreateHost(IHostBuilder builder)
   at Microsoft.AspNetCore.Mvc.Testing.WebApplicationFactory`1.ConfigureHostBuilder(IHostBuilder hostBuilder)
   at Microsoft.AspNetCore.Mvc.Testing.WebApplicationFactory`1.StartServer()
   at Microsoft.AspNetCore.Mvc.Testing.WebApplicationFactory`1.get_Services()
   at Erp.Testing.ErpTestEnvironment.StartAsync(SeedPlan plan, IDictionary`2 settings) in /home/user/critic/p01-odoo-rig-r1-plant/tests/Erp.Testing/ErpTestEnvironment.cs:line 97
   at Erp.Gates.Tests.Infrastructure.GateFixture.InitializeAsync() in /home/user/critic/p01-odoo-rig-r1-plant/tests/Erp.Gates.Tests/Infrastructure/GateFixture.cs:line 17
[xUnit.net 00:00:05.03]     Erp.Gates.Tests.Rules.AuditGateTests.Passwords_are_redacted_in_the_audit_trail [FAIL]
[xUnit.net 00:00:05.03]     Erp.Gates.Tests.Rules.AuditGateTests.Writes_through_the_API_leave_field_level_audit_rows_attributed_to_the_user [FAIL]
[xUnit.net 00:00:05.04]     Erp.Gates.Tests.Rules.AuditGateTests.Every_tenant_table_carries_the_audit_trigger_unless_reviewed_exempt [FAIL]
[xUnit.net 00:00:05.04]     Erp.Gates.Tests.G2.G2PermissionTests.Undeclared_endpoints_fall_back_to_deny [FAIL]
[xUnit.net 00:00:05.04]     Erp.Gates.Tests.G2.G2PermissionTests.Every_registered_list_is_readable_with_its_permission_alone [FAIL]
[xUnit.net 00:00:05.04]     Erp.Gates.Tests.G2.G2PermissionTests.The_host_refuses_a_list_whose_endpoint_declares_another_permission [FAIL]
[xUnit.net 00:00:05.04]     Erp.Gates.Tests.G2.G2PermissionTests.The_host_refuses_to_start_with_an_endpoint_whose_permission_is_not_in_the_catalogue [FAIL]
[xUnit.net 00:00:05.04]     Erp.Gates.Tests.G2.G2PermissionTests.The_host_refuses_to_start_with_an_endpoint_that_declares_no_permission [FAIL]
[xUnit.net 00:00:05.04]     Erp.Gates.Tests.G2.G2PermissionTests.No_endpoint_grants_more_than_the_caller_holds [FAIL]
  Failed Erp.Gates.Tests.Rules.AuditGateTests.Passwords_are_redacted_in_the_audit_trail [1 ms]
  Error Message:
   Assembly fixture type 'Erp.Gates.Tests.Infrastructure.GateFixture' threw in InitializeAsync
---- System.InvalidOperationException : Endpoint authorisation is incomplete:
HTTP: POST /api/identity/users/{id:guid}/deactivate: declares no permission
  Stack Trace:
  
----- Inner Stack Trace -----
   at Erp.Kernel.Hosting.ErpPlatform.ValidateEndpoints(WebApplication app) in /home/user/critic/p01-odoo-rig-r1-plant/src/Kernel/Erp.Kernel/Hosting/ErpPlatform.cs:line 247
   at Erp.Kernel.Hosting.ErpPlatform.UseErpPlatform(WebApplication app) in /home/user/critic/p01-odoo-rig-r1-plant/src/Kernel/Erp.Kernel/Hosting/ErpPlatform.cs:line 213
   at Program.<Main>$(String[] args) in /home/user/critic/p01-odoo-rig-r1-plant/src/Host/Erp.Host/Program.cs:line 8
   at Program.<Main>(String[] args)
   at System.Reflection.MethodBaseInvoker.InterpretedInvoke_Method(Object obj, IntPtr* args)
   at System.Reflection.MethodBaseInvoker.InvokeDirectByRefWithFewArgs(Object obj, Span`1 copyOfArgs, BindingFlags invokeAttr)
--- End of stack trace from previous location ---
   at Microsoft.AspNetCore.Mvc.Testing.DeferredHostBuilder.DeferredHost.StartAsync(CancellationToken cancellationToken)
   at Microsoft.Extensions.Hosting.HostingAbstractionsHostExtensions.Start(IHost host)
   at Microsoft.AspNetCore.Mvc.Testing.WebApplicationFactory`1.CreateHost(IHostBuilder builder)
   at Microsoft.AspNetCore.Mvc.Testing.WebApplicationFactory`1.ConfigureHostBuilder(IHostBuilder hostBuilder)
   at Microsoft.AspNetCore.Mvc.Testing.WebApplicationFactory`1.StartServer()
   at Microsoft.AspNetCore.Mvc.Testing.WebApplicationFactory`1.get_Services()
   at Erp.Testing.ErpTestEnvironment.StartAsync(SeedPlan plan, IDictionary`2 settings) in /home/user/critic/p01-odoo-rig-r1-plant/tests/Erp.Testing/ErpTestEnvironment.cs:line 97
   at Erp.Gates.Tests.Infrastructure.GateFixture.InitializeAsync() in /home/user/critic/p01-odoo-rig-r1-plant/tests/Erp.Gates.Tests/Infrastructure/GateFixture.cs:line 17
  Failed Erp.Gates.Tests.Rules.AuditGateTests.Writes_through_the_API_leave_field_level_audit_rows_attributed_to_the_user [1 ms]
  Error Message:
   Assembly fixture type 'Erp.Gates.Tests.Infrastructure.GateFixture' threw in InitializeAsync
---- System.InvalidOperationException : Endpoint authorisation is incomplete:
HTTP: POST /api/identity/users/{id:guid}/deactivate: declares no permission
  Stack Trace:
  
----- Inner Stack Trace -----
   at Erp.Kernel.Hosting.ErpPlatform.ValidateEndpoints(WebApplication app) in /home/user/critic/p01-odoo-rig-r1-plant/src/Kernel/Erp.Kernel/Hosting/ErpPlatform.cs:line 247
   at Erp.Kernel.Hosting.ErpPlatform.UseErpPlatform(WebApplication app) in /home/user/critic/p01-odoo-rig-r1-plant/src/Kernel/Erp.Kernel/Hosting/ErpPlatform.cs:line 213
   at Program.<Main>$(String[] args) in /home/user/critic/p01-odoo-rig-r1-plant/src/Host/Erp.Host/Program.cs:line 8
   at Program.<Main>(String[] args)
   at System.Reflection.MethodBaseInvoker.InterpretedInvoke_Method(Object obj, IntPtr* args)
   at System.Reflection.MethodBaseInvoker.InvokeDirectByRefWithFewArgs(Object obj, Span`1 copyOfArgs, BindingFlags invokeAttr)
--- End of stack trace from previous location ---
   at Microsoft.AspNetCore.Mvc.Testing.DeferredHostBuilder.DeferredHost.StartAsync(CancellationToken cancellationToken)
   at Microsoft.Extensions.Hosting.HostingAbstractionsHostExtensions.Start(IHost host)
   at Microsoft.AspNetCore.Mvc.Testing.WebApplicationFactory`1.CreateHost(IHostBuilder builder)
   at Microsoft.AspNetCore.Mvc.Testing.WebApplicationFactory`1.ConfigureHostBuilder(IHostBuilder hostBuilder)
   at Microsoft.AspNetCore.Mvc.Testing.WebApplicationFactory`1.StartServer()
   at Microsoft.AspNetCore.Mvc.Testing.WebApplicationFactory`1.get_Services()
   at Erp.Testing.ErpTestEnvironment.StartAsync(SeedPlan plan, IDictionary`2 settings) in /home/user/critic/p01-odoo-rig-r1-plant/tests/Erp.Testing/ErpTestEnvironment.cs:line 97
   at Erp.Gates.Tests.Infrastructure.GateFixture.InitializeAsync() in /home/user/critic/p01-odoo-rig-r1-plant/tests/Erp.Gates.Tests/Infrastructure/GateFixture.cs:line 17
  Failed Erp.Gates.Tests.Rules.AuditGateTests.Every_tenant_table_carries_the_audit_trigger_unless_reviewed_exempt [1 ms]
  Error Message:
   Assembly fixture type 'Erp.Gates.Tests.Infrastructure.GateFixture' threw in InitializeAsync
---- System.InvalidOperationException : Endpoint authorisation is incomplete:
HTTP: POST /api/identity/users/{id:guid}/deactivate: declares no permission
  Stack Trace:
  
----- Inner Stack Trace -----
   at Erp.Kernel.Hosting.ErpPlatform.ValidateEndpoints(WebApplication app) in /home/user/critic/p01-odoo-rig-r1-plant/src/Kernel/Erp.Kernel/Hosting/ErpPlatform.cs:line 247
   at Erp.Kernel.Hosting.ErpPlatform.UseErpPlatform(WebApplication app) in /home/user/critic/p01-odoo-rig-r1-plant/src/Kernel/Erp.Kernel/Hosting/ErpPlatform.cs:line 213
   at Program.<Main>$(String[] args) in /home/user/critic/p01-odoo-rig-r1-plant/src/Host/Erp.Host/Program.cs:line 8
   at Program.<Main>(String[] args)
   at System.Reflection.MethodBaseInvoker.InterpretedInvoke_Method(Object obj, IntPtr* args)
   at System.Reflection.MethodBaseInvoker.InvokeDirectByRefWithFewArgs(Object obj, Span`1 copyOfArgs, BindingFlags invokeAttr)
--- End of stack trace from previous location ---
   at Microsoft.AspNetCore.Mvc.Testing.DeferredHostBuilder.DeferredHost.StartAsync(CancellationToken cancellationToken)
   at Microsoft.Extensions.Hosting.HostingAbstractionsHostExtensions.Start(IHost host)
   at Microsoft.AspNetCore.Mvc.Testing.WebApplicationFactory`1.CreateHost(IHostBuilder builder)
   at Microsoft.AspNetCore.Mvc.Testing.WebApplicationFactory`1.ConfigureHostBuilder(IHostBuilder hostBuilder)
   at Microsoft.AspNetCore.Mvc.Testing.WebApplicationFactory`1.StartServer()
   at Microsoft.AspNetCore.Mvc.Testing.WebApplicationFactory`1.get_Services()
   at Erp.Testing.ErpTestEnvironment.StartAsync(SeedPlan plan, IDictionary`2 settings) in /home/user/critic/p01-odoo-rig-r1-plant/tests/Erp.Testing/ErpTestEnvironment.cs:line 97
   at Erp.Gates.Tests.Infrastructure.GateFixture.InitializeAsync() in /home/user/critic/p01-odoo-rig-r1-plant/tests/Erp.Gates.Tests/Infrastructure/GateFixture.cs:line 17
  Failed Erp.Gates.Tests.G2.G2PermissionTests.Undeclared_endpoints_fall_back_to_deny [1 ms]
  Error Message:
   Assembly fixture type 'Erp.Gates.Tests.Infrastructure.GateFixture' threw in InitializeAsync
---- System.InvalidOperationException : Endpoint authorisation is incomplete:
HTTP: POST /api/identity/users/{id:guid}/deactivate: declares no permission
  Stack Trace:
  
----- Inner Stack Trace -----
   at Erp.Kernel.Hosting.ErpPlatform.ValidateEndpoints(WebApplication app) in /home/user/critic/p01-odoo-rig-r1-plant/src/Kernel/Erp.Kernel/Hosting/ErpPlatform.cs:line 247
   at Erp.Kernel.Hosting.ErpPlatform.UseErpPlatform(WebApplication app) in /home/user/critic/p01-odoo-rig-r1-plant/src/Kernel/Erp.Kernel/Hosting/ErpPlatform.cs:line 213
   at Program.<Main>$(String[] args) in /home/user/critic/p01-odoo-rig-r1-plant/src/Host/Erp.Host/Program.cs:line 8
   at Program.<Main>(String[] args)
   at System.Reflection.MethodBaseInvoker.InterpretedInvoke_Method(Object obj, IntPtr* args)
   at System.Reflection.MethodBaseInvoker.InvokeDirectByRefWithFewArgs(Object obj, Span`1 copyOfArgs, BindingFlags invokeAttr)
--- End of stack trace from previous location ---
   at Microsoft.AspNetCore.Mvc.Testing.DeferredHostBuilder.DeferredHost.StartAsync(CancellationToken cancellationToken)
   at Microsoft.Extensions.Hosting.HostingAbstractionsHostExtensions.Start(IHost host)
   at Microsoft.AspNetCore.Mvc.Testing.WebApplicationFactory`1.CreateHost(IHostBuilder builder)
   at Microsoft.AspNetCore.Mvc.Testing.WebApplicationFactory`1.ConfigureHostBuilder(IHostBuilder hostBuilder)
   at Microsoft.AspNetCore.Mvc.Testing.WebApplicationFactory`1.StartServer()
   at Microsoft.AspNetCore.Mvc.Testing.WebApplicationFactory`1.get_Services()
   at Erp.Testing.ErpTestEnvironment.StartAsync(SeedPlan plan, IDictionary`2 settings) in /home/user/critic/p01-odoo-rig-r1-plant/tests/Erp.Testing/ErpTestEnvironment.cs:line 97
   at Erp.Gates.Tests.Infrastructure.GateFixture.InitializeAsync() in /home/user/critic/p01-odoo-rig-r1-plant/tests/Erp.Gates.Tests/Infrastructure/GateFixture.cs:line 17
  Failed Erp.Gates.Tests.G2.G2PermissionTests.Every_registered_list_is_readable_with_its_permission_alone [1 ms]
  Error Message:
   Assembly fixture type 'Erp.Gates.Tests.Infrastructure.GateFixture' threw in InitializeAsync
---- System.InvalidOperationException : Endpoint authorisation is incomplete:
HTTP: POST /api/identity/users/{id:guid}/deactivate: declares no permission
  Stack Trace:
  
----- Inner Stack Trace -----
   at Erp.Kernel.Hosting.ErpPlatform.ValidateEndpoints(WebApplication app) in /home/user/critic/p01-odoo-rig-r1-plant/src/Kernel/Erp.Kernel/Hosting/ErpPlatform.cs:line 247
   at Erp.Kernel.Hosting.ErpPlatform.UseErpPlatform(WebApplication app) in /home/user/critic/p01-odoo-rig-r1-plant/src/Kernel/Erp.Kernel/Hosting/ErpPlatform.cs:line 213
   at Program.<Main>$(String[] args) in /home/user/critic/p01-odoo-rig-r1-plant/src/Host/Erp.Host/Program.cs:line 8
   at Program.<Main>(String[] args)
   at System.Reflection.MethodBaseInvoker.InterpretedInvoke_Method(Object obj, IntPtr* args)
   at System.Reflection.MethodBaseInvoker.InvokeDirectByRefWithFewArgs(Object obj, Span`1 copyOfArgs, BindingFlags invokeAttr)
--- End of stack trace from previous location ---
   at Microsoft.AspNetCore.Mvc.Testing.DeferredHostBuilder.DeferredHost.StartAsync(CancellationToken cancellationToken)
   at Microsoft.Extensions.Hosting.HostingAbstractionsHostExtensions.Start(IHost host)
   at Microsoft.AspNetCore.Mvc.Testing.WebApplicationFactory`1.CreateHost(IHostBuilder builder)
   at Microsoft.AspNetCore.Mvc.Testing.WebApplicationFactory`1.ConfigureHostBuilder(IHostBuilder hostBuilder)
   at Microsoft.AspNetCore.Mvc.Testing.WebApplicationFactory`1.StartServer()
   at Microsoft.AspNetCore.Mvc.Testing.WebApplicationFactory`1.get_Services()
   at Erp.Testing.ErpTestEnvironment.StartAsync(SeedPlan plan, IDictionary`2 settings) in /home/user/critic/p01-odoo-rig-r1-plant/tests/Erp.Testing/ErpTestEnvironment.cs:line 97
   at Erp.Gates.Tests.Infrastructure.GateFixture.InitializeAsync() in /home/user/critic/p01-odoo-rig-r1-plant/tests/Erp.Gates.Tests/Infrastructure/GateFixture.cs:line 17
  Failed Erp.Gates.Tests.G2.G2PermissionTests.The_host_refuses_a_list_whose_endpoint_declares_another_permission [1 ms]
  Error Message:
   Assembly fixture type 'Erp.Gates.Tests.Infrastructure.GateFixture' threw in InitializeAsync
---- System.InvalidOperationException : Endpoint authorisation is incomplete:
HTTP: POST /api/identity/users/{id:guid}/deactivate: declares no permission
  Stack Trace:
  
----- Inner Stack Trace -----
   at Erp.Kernel.Hosting.ErpPlatform.ValidateEndpoints(WebApplication app) in /home/user/critic/p01-odoo-rig-r1-plant/src/Kernel/Erp.Kernel/Hosting/ErpPlatform.cs:line 247
   at Erp.Kernel.Hosting.ErpPlatform.UseErpPlatform(WebApplication app) in /home/user/critic/p01-odoo-rig-r1-plant/src/Kernel/Erp.Kernel/Hosting/ErpPlatform.cs:line 213
   at Program.<Main>$(String[] args) in /home/user/critic/p01-odoo-rig-r1-plant/src/Host/Erp.Host/Program.cs:line 8
   at Program.<Main>(String[] args)
   at System.Reflection.MethodBaseInvoker.InterpretedInvoke_Method(Object obj, IntPtr* args)
   at System.Reflection.MethodBaseInvoker.InvokeDirectByRefWithFewArgs(Object obj, Span`1 copyOfArgs, BindingFlags invokeAttr)
--- End of stack trace from previous location ---
   at Microsoft.AspNetCore.Mvc.Testing.DeferredHostBuilder.DeferredHost.StartAsync(CancellationToken cancellationToken)
   at Microsoft.Extensions.Hosting.HostingAbstractionsHostExtensions.Start(IHost host)
   at Microsoft.AspNetCore.Mvc.Testing.WebApplicationFactory`1.CreateHost(IHostBuilder builder)
   at Microsoft.AspNetCore.Mvc.Testing.WebApplicationFactory`1.ConfigureHostBuilder(IHostBuilder hostBuilder)
   at Microsoft.AspNetCore.Mvc.Testing.WebApplicationFactory`1.StartServer()
   at Microsoft.AspNetCore.Mvc.Testing.WebApplicationFactory`1.get_Services()
   at Erp.Testing.ErpTestEnvironment.StartAsync(SeedPlan plan, IDictionary`2 settings) in /home/user/critic/p01-odoo-rig-r1-plant/tests/Erp.Testing/ErpTestEnvironment.cs:line 97
   at Erp.Gates.Tests.Infrastructure.GateFixture.InitializeAsync() in /home/user/critic/p01-odoo-rig-r1-plant/tests/Erp.Gates.Tests/Infrastructure/GateFixture.cs:line 17
  Failed Erp.Gates.Tests.G2.G2PermissionTests.The_host_refuses_to_start_with_an_endpoint_whose_permission_is_not_in_the_catalogue [1 ms]
  Error Message:
   Assembly fixture type 'Erp.Gates.Tests.Infrastructure.GateFixture' threw in InitializeAsync
---- System.InvalidOperationException : Endpoint authorisation is incomplete:
HTTP: POST /api/identity/users/{id:guid}/deactivate: declares no permission
  Stack Trace:
  
----- Inner Stack Trace -----
   at Erp.Kernel.Hosting.ErpPlatform.ValidateEndpoints(WebApplication app) in /home/user/critic/p01-odoo-rig-r1-plant/src/Kernel/Erp.Kernel/Hosting/ErpPlatform.cs:line 247
   at Erp.Kernel.Hosting.ErpPlatform.UseErpPlatform(WebApplication app) in /home/user/critic/p01-odoo-rig-r1-plant/src/Kernel/Erp.Kernel/Hosting/ErpPlatform.cs:line 213
   at Program.<Main>$(String[] args) in /home/user/critic/p01-odoo-rig-r1-plant/src/Host/Erp.Host/Program.cs:line 8
   at Program.<Main>(String[] args)
   at System.Reflection.MethodBaseInvoker.InterpretedInvoke_Method(Object obj, IntPtr* args)
   at System.Reflection.MethodBaseInvoker.InvokeDirectByRefWithFewArgs(Object obj, Span`1 copyOfArgs, BindingFlags invokeAttr)
--- End of stack trace from previous location ---
   at Microsoft.AspNetCore.Mvc.Testing.DeferredHostBuilder.DeferredHost.StartAsync(CancellationToken cancellationToken)
   at Microsoft.Extensions.Hosting.HostingAbstractionsHostExtensions.Start(IHost host)
   at Microsoft.AspNetCore.Mvc.Testing.WebApplicationFactory`1.CreateHost(IHostBuilder builder)
   at Microsoft.AspNetCore.Mvc.Testing.WebApplicationFactory`1.ConfigureHostBuilder(IHostBuilder hostBuilder)
   at Microsoft.AspNetCore.Mvc.Testing.WebApplicationFactory`1.StartServer()
   at Microsoft.AspNetCore.Mvc.Testing.WebApplicationFactory`1.get_Services()
   at Erp.Testing.ErpTestEnvironment.StartAsync(SeedPlan plan, IDictionary`2 settings) in /home/user/critic/p01-odoo-rig-r1-plant/tests/Erp.Testing/ErpTestEnvironment.cs:line 97
   at Erp.Gates.Tests.Infrastructure.GateFixture.InitializeAsync() in /home/user/critic/p01-odoo-rig-r1-plant/tests/Erp.Gates.Tests/Infrastructure/GateFixture.cs:line 17
  Failed Erp.Gates.Tests.G2.G2PermissionTests.The_host_refuses_to_start_with_an_endpoint_that_declares_no_permission [1 ms]
  Error Message:
   Assembly fixture type 'Erp.Gates.Tests.Infrastructure.GateFixture' threw in InitializeAsync
---- System.InvalidOperationException : Endpoint authorisation is incomplete:
HTTP: POST /api/identity/users/{id:guid}/deactivate: declares no permission
  Stack Trace:
  
----- Inner Stack Trace -----
   at Erp.Kernel.Hosting.ErpPlatform.ValidateEndpoints(WebApplication app) in /home/user/critic/p01-odoo-rig-r1-plant/src/Kernel/Erp.Kernel/Hosting/ErpPlatform.cs:line 247
   at Erp.Kernel.Hosting.ErpPlatform.UseErpPlatform(WebApplication app) in /home/user/critic/p01-odoo-rig-r1-plant/src/Kernel/Erp.Kernel/Hosting/ErpPlatform.cs:line 213
   at Program.<Main>$(String[] args) in /home/user/critic/p01-odoo-rig-r1-plant/src/Host/Erp.Host/Program.cs:line 8
   at Program.<Main>(String[] args)
   at System.Reflection.MethodBaseInvoker.InterpretedInvoke_Method(Object obj, IntPtr* args)
   at System.Reflection.MethodBaseInvoker.InvokeDirectByRefWithFewArgs(Object obj, Span`1 copyOfArgs, BindingFlags invokeAttr)
--- End of stack trace from previous location ---
   at Microsoft.AspNetCore.Mvc.Testing.DeferredHostBuilder.DeferredHost.StartAsync(CancellationToken cancellationToken)
   at Microsoft.Extensions.Hosting.HostingAbstractionsHostExtensions.Start(IHost host)
   at Microsoft.AspNetCore.Mvc.Testing.WebApplicationFactory`1.CreateHost(IHostBuilder builder)
   at Microsoft.AspNetCore.Mvc.Testing.WebApplicationFactory`1.ConfigureHostBuilder(IHostBuilder hostBuilder)
   at Microsoft.AspNetCore.Mvc.Testing.WebApplicationFactory`1.StartServer()
   at Microsoft.AspNetCore.Mvc.Testing.WebApplicationFactory`1.get_Services()
   at Erp.Testing.ErpTestEnvironment.StartAsync(SeedPlan plan, IDictionary`2 settings) in /home/user/critic/p01-odoo-rig-r1-plant/tests/Erp.Testing/ErpTestEnvironment.cs:line 97
   at Erp.Gates.Tests.Infrastructure.GateFixture.InitializeAsync() in /home/user/critic/p01-odoo-rig-r1-plant/tests/Erp.Gates.Tests/Infrastructure/GateFixture.cs:line 17
  Failed Erp.Gates.Tests.G2.G2PermissionTests.No_endpoint_grants_more_than_the_caller_holds [1 ms]
  Error Message:
   Assembly fixture type 'Erp.Gates.Tests.Infrastructure.GateFixture' threw in InitializeAsync
---- System.InvalidOperationException : Endpoint authorisation is incomplete:
HTTP: POST /api/identity/users/{id:guid}/deactivate: declares no permission
  Stack Trace:
  
----- Inner Stack Trace -----
   at Erp.Kernel.Hosting.ErpPlatform.ValidateEndpoints(WebApplication app) in /home/user/critic/p01-odoo-rig-r1-plant/src/Kernel/Erp.Kernel/Hosting/ErpPlatform.cs:line 247
   at Erp.Kernel.Hosting.ErpPlatform.UseErpPlatform(WebApplication app) in /home/user/critic/p01-odoo-rig-r1-plant/src/Kernel/Erp.Kernel/Hosting/ErpPlatform.cs:line 213
   at Program.<Main>$(String[] args) in /home/user/critic/p01-odoo-rig-r1-plant/src/Host/Erp.Host/Program.cs:line 8
   at Program.<Main>(String[] args)
   at System.Reflection.MethodBaseInvoker.InterpretedInvoke_Method(Object obj, IntPtr* args)
   at System.Reflection.MethodBaseInvoker.InvokeDirectByRefWithFewArgs(Object obj, Span`1 copyOfArgs, BindingFlags invokeAttr)
--- End of stack trace from previous location ---
   at Microsoft.AspNetCore.Mvc.Testing.DeferredHostBuilder.DeferredHost.StartAsync(CancellationToken cancellationToken)
   at Microsoft.Extensions.Hosting.HostingAbstractionsHostExtensions.Start(IHost host)
   at Microsoft.AspNetCore.Mvc.Testing.WebApplicationFactory`1.CreateHost(IHostBuilder builder)
   at Microsoft.AspNetCore.Mvc.Testing.WebApplicationFactory`1.ConfigureHostBuilder(IHostBuilder hostBuilder)
   at Microsoft.AspNetCore.Mvc.Testing.WebApplicationFactory`1.StartServer()
   at Microsoft.AspNetCore.Mvc.Testing.WebApplicationFactory`1.get_Services()
   at Erp.Testing.ErpTestEnvironment.StartAsync(SeedPlan plan, IDictionary`2 settings) in /home/user/critic/p01-odoo-rig-r1-plant/tests/Erp.Testing/ErpTestEnvironment.cs:line 97
   at Erp.Gates.Tests.Infrastructure.GateFixture.InitializeAsync() in /home/user/critic/p01-odoo-rig-r1-plant/tests/Erp.Gates.Tests/Infrastructure/GateFixture.cs:line 17
[xUnit.net 00:00:05.04]     Erp.Gates.Tests.G2.G2PermissionTests.Creating_a_user_cannot_grant_more_than_the_caller_holds [FAIL]
[xUnit.net 00:00:05.05]     Erp.Gates.Tests.G2.G2PermissionTests.Users_cannot_escalate_their_own_privileges [FAIL]
[xUnit.net 00:00:05.05]     Erp.Gates.Tests.G2.G2PermissionTests.Granting_exactly_one_permission_opens_exactly_the_endpoints_that_declare_it [FAIL]
[xUnit.net 00:00:05.05]     Erp.Gates.Tests.G2.G2PermissionTests.A_user_whose_roles_grant_nothing_is_denied_everything_and_sees_no_menu [FAIL]
[xUnit.net 00:00:05.05]     Erp.Gates.Tests.G2.G2PermissionTests.Anonymous_callers_get_401_from_every_permissioned_endpoint [FAIL]
[xUnit.net 00:00:05.05]     Erp.Gates.Tests.G2.G2PermissionTests.Every_declared_permission_is_in_the_catalogue_and_every_catalogue_permission_is_used [FAIL]
[xUnit.net 00:00:05.05]     Erp.Gates.Tests.G2.G2PermissionTests.Every_endpoint_declares_exactly_one_permission_or_is_reviewed_anonymous [FAIL]
[xUnit.net 00:00:05.05]     Erp.Gates.Tests.Rules.LicenceGateTests.Every_npm_package_has_an_allowed_licence [FAIL]
[xUnit.net 00:00:05.06]     Erp.Gates.Tests.Rules.LicenceGateTests.Every_NuGet_package_has_an_allowed_licence [FAIL]
[xUnit.net 00:00:05.06]     [Test Assembly Cleanup Failure (/home/user/critic/p01-odoo-rig-r1-plant/tests/Erp.Gates.Tests/bin/Release/net10.0/Erp.Gates.Tests.dll)] Xunit.Sdk.TestPipelineException
  Failed Erp.Gates.Tests.G2.G2PermissionTests.Creating_a_user_cannot_grant_more_than_the_caller_holds [1 ms]
  Error Message:
   Assembly fixture type 'Erp.Gates.Tests.Infrastructure.GateFixture' threw in InitializeAsync
---- System.InvalidOperationException : Endpoint authorisation is incomplete:
HTTP: POST /api/identity/users/{id:guid}/deactivate: declares no permission
  Stack Trace:
  
----- Inner Stack Trace -----
   at Erp.Kernel.Hosting.ErpPlatform.ValidateEndpoints(WebApplication app) in /home/user/critic/p01-odoo-rig-r1-plant/src/Kernel/Erp.Kernel/Hosting/ErpPlatform.cs:line 247
   at Erp.Kernel.Hosting.ErpPlatform.UseErpPlatform(WebApplication app) in /home/user/critic/p01-odoo-rig-r1-plant/src/Kernel/Erp.Kernel/Hosting/ErpPlatform.cs:line 213
   at Program.<Main>$(String[] args) in /home/user/critic/p01-odoo-rig-r1-plant/src/Host/Erp.Host/Program.cs:line 8
   at Program.<Main>(String[] args)
   at System.Reflection.MethodBaseInvoker.InterpretedInvoke_Method(Object obj, IntPtr* args)
   at System.Reflection.MethodBaseInvoker.InvokeDirectByRefWithFewArgs(Object obj, Span`1 copyOfArgs, BindingFlags invokeAttr)
--- End of stack trace from previous location ---
   at Microsoft.AspNetCore.Mvc.Testing.DeferredHostBuilder.DeferredHost.StartAsync(CancellationToken cancellationToken)
   at Microsoft.Extensions.Hosting.HostingAbstractionsHostExtensions.Start(IHost host)
   at Microsoft.AspNetCore.Mvc.Testing.WebApplicationFactory`1.CreateHost(IHostBuilder builder)
   at Microsoft.AspNetCore.Mvc.Testing.WebApplicationFactory`1.ConfigureHostBuilder(IHostBuilder hostBuilder)
   at Microsoft.AspNetCore.Mvc.Testing.WebApplicationFactory`1.StartServer()
   at Microsoft.AspNetCore.Mvc.Testing.WebApplicationFactory`1.get_Services()
   at Erp.Testing.ErpTestEnvironment.StartAsync(SeedPlan plan, IDictionary`2 settings) in /home/user/critic/p01-odoo-rig-r1-plant/tests/Erp.Testing/ErpTestEnvironment.cs:line 97
   at Erp.Gates.Tests.Infrastructure.GateFixture.InitializeAsync() in /home/user/critic/p01-odoo-rig-r1-plant/tests/Erp.Gates.Tests/Infrastructure/GateFixture.cs:line 17
  Failed Erp.Gates.Tests.G2.G2PermissionTests.Users_cannot_escalate_their_own_privileges [1 ms]
  Error Message:
   Assembly fixture type 'Erp.Gates.Tests.Infrastructure.GateFixture' threw in InitializeAsync
---- System.InvalidOperationException : Endpoint authorisation is incomplete:
HTTP: POST /api/identity/users/{id:guid}/deactivate: declares no permission
  Stack Trace:
  
----- Inner Stack Trace -----
   at Erp.Kernel.Hosting.ErpPlatform.ValidateEndpoints(WebApplication app) in /home/user/critic/p01-odoo-rig-r1-plant/src/Kernel/Erp.Kernel/Hosting/ErpPlatform.cs:line 247
   at Erp.Kernel.Hosting.ErpPlatform.UseErpPlatform(WebApplication app) in /home/user/critic/p01-odoo-rig-r1-plant/src/Kernel/Erp.Kernel/Hosting/ErpPlatform.cs:line 213
   at Program.<Main>$(String[] args) in /home/user/critic/p01-odoo-rig-r1-plant/src/Host/Erp.Host/Program.cs:line 8
   at Program.<Main>(String[] args)
   at System.Reflection.MethodBaseInvoker.InterpretedInvoke_Method(Object obj, IntPtr* args)
   at System.Reflection.MethodBaseInvoker.InvokeDirectByRefWithFewArgs(Object obj, Span`1 copyOfArgs, BindingFlags invokeAttr)
--- End of stack trace from previous location ---
   at Microsoft.AspNetCore.Mvc.Testing.DeferredHostBuilder.DeferredHost.StartAsync(CancellationToken cancellationToken)
   at Microsoft.Extensions.Hosting.HostingAbstractionsHostExtensions.Start(IHost host)
   at Microsoft.AspNetCore.Mvc.Testing.WebApplicationFactory`1.CreateHost(IHostBuilder builder)
   at Microsoft.AspNetCore.Mvc.Testing.WebApplicationFactory`1.ConfigureHostBuilder(IHostBuilder hostBuilder)
   at Microsoft.AspNetCore.Mvc.Testing.WebApplicationFactory`1.StartServer()
   at Microsoft.AspNetCore.Mvc.Testing.WebApplicationFactory`1.get_Services()
   at Erp.Testing.ErpTestEnvironment.StartAsync(SeedPlan plan, IDictionary`2 settings) in /home/user/critic/p01-odoo-rig-r1-plant/tests/Erp.Testing/ErpTestEnvironment.cs:line 97
   at Erp.Gates.Tests.Infrastructure.GateFixture.InitializeAsync() in /home/user/critic/p01-odoo-rig-r1-plant/tests/Erp.Gates.Tests/Infrastructure/GateFixture.cs:line 17
  Failed Erp.Gates.Tests.G2.G2PermissionTests.Granting_exactly_one_permission_opens_exactly_the_endpoints_that_declare_it [1 ms]
  Error Message:
   Assembly fixture type 'Erp.Gates.Tests.Infrastructure.GateFixture' threw in InitializeAsync
---- System.InvalidOperationException : Endpoint authorisation is incomplete:
HTTP: POST /api/identity/users/{id:guid}/deactivate: declares no permission
  Stack Trace:
  
----- Inner Stack Trace -----
   at Erp.Kernel.Hosting.ErpPlatform.ValidateEndpoints(WebApplication app) in /home/user/critic/p01-odoo-rig-r1-plant/src/Kernel/Erp.Kernel/Hosting/ErpPlatform.cs:line 247
   at Erp.Kernel.Hosting.ErpPlatform.UseErpPlatform(WebApplication app) in /home/user/critic/p01-odoo-rig-r1-plant/src/Kernel/Erp.Kernel/Hosting/ErpPlatform.cs:line 213
   at Program.<Main>$(String[] args) in /home/user/critic/p01-odoo-rig-r1-plant/src/Host/Erp.Host/Program.cs:line 8
   at Program.<Main>(String[] args)
   at System.Reflection.MethodBaseInvoker.InterpretedInvoke_Method(Object obj, IntPtr* args)
   at System.Reflection.MethodBaseInvoker.InvokeDirectByRefWithFewArgs(Object obj, Span`1 copyOfArgs, BindingFlags invokeAttr)
--- End of stack trace from previous location ---
   at Microsoft.AspNetCore.Mvc.Testing.DeferredHostBuilder.DeferredHost.StartAsync(CancellationToken cancellationToken)
   at Microsoft.Extensions.Hosting.HostingAbstractionsHostExtensions.Start(IHost host)
   at Microsoft.AspNetCore.Mvc.Testing.WebApplicationFactory`1.CreateHost(IHostBuilder builder)
   at Microsoft.AspNetCore.Mvc.Testing.WebApplicationFactory`1.ConfigureHostBuilder(IHostBuilder hostBuilder)
   at Microsoft.AspNetCore.Mvc.Testing.WebApplicationFactory`1.StartServer()
   at Microsoft.AspNetCore.Mvc.Testing.WebApplicationFactory`1.get_Services()
   at Erp.Testing.ErpTestEnvironment.StartAsync(SeedPlan plan, IDictionary`2 settings) in /home/user/critic/p01-odoo-rig-r1-plant/tests/Erp.Testing/ErpTestEnvironment.cs:line 97
   at Erp.Gates.Tests.Infrastructure.GateFixture.InitializeAsync() in /home/user/critic/p01-odoo-rig-r1-plant/tests/Erp.Gates.Tests/Infrastructure/GateFixture.cs:line 17
  Failed Erp.Gates.Tests.G2.G2PermissionTests.A_user_whose_roles_grant_nothing_is_denied_everything_and_sees_no_menu [1 ms]
  Error Message:
   Assembly fixture type 'Erp.Gates.Tests.Infrastructure.GateFixture' threw in InitializeAsync
---- System.InvalidOperationException : Endpoint authorisation is incomplete:
HTTP: POST /api/identity/users/{id:guid}/deactivate: declares no permission
  Stack Trace:
  
----- Inner Stack Trace -----
   at Erp.Kernel.Hosting.ErpPlatform.ValidateEndpoints(WebApplication app) in /home/user/critic/p01-odoo-rig-r1-plant/src/Kernel/Erp.Kernel/Hosting/ErpPlatform.cs:line 247
   at Erp.Kernel.Hosting.ErpPlatform.UseErpPlatform(WebApplication app) in /home/user/critic/p01-odoo-rig-r1-plant/src/Kernel/Erp.Kernel/Hosting/ErpPlatform.cs:line 213
   at Program.<Main>$(String[] args) in /home/user/critic/p01-odoo-rig-r1-plant/src/Host/Erp.Host/Program.cs:line 8
   at Program.<Main>(String[] args)
   at System.Reflection.MethodBaseInvoker.InterpretedInvoke_Method(Object obj, IntPtr* args)
   at System.Reflection.MethodBaseInvoker.InvokeDirectByRefWithFewArgs(Object obj, Span`1 copyOfArgs, BindingFlags invokeAttr)
--- End of stack trace from previous location ---
   at Microsoft.AspNetCore.Mvc.Testing.DeferredHostBuilder.DeferredHost.StartAsync(CancellationToken cancellationToken)
   at Microsoft.Extensions.Hosting.HostingAbstractionsHostExtensions.Start(IHost host)
   at Microsoft.AspNetCore.Mvc.Testing.WebApplicationFactory`1.CreateHost(IHostBuilder builder)
   at Microsoft.AspNetCore.Mvc.Testing.WebApplicationFactory`1.ConfigureHostBuilder(IHostBuilder hostBuilder)
   at Microsoft.AspNetCore.Mvc.Testing.WebApplicationFactory`1.StartServer()
   at Microsoft.AspNetCore.Mvc.Testing.WebApplicationFactory`1.get_Services()
   at Erp.Testing.ErpTestEnvironment.StartAsync(SeedPlan plan, IDictionary`2 settings) in /home/user/critic/p01-odoo-rig-r1-plant/tests/Erp.Testing/ErpTestEnvironment.cs:line 97
   at Erp.Gates.Tests.Infrastructure.GateFixture.InitializeAsync() in /home/user/critic/p01-odoo-rig-r1-plant/tests/Erp.Gates.Tests/Infrastructure/GateFixture.cs:line 17
  Failed Erp.Gates.Tests.G2.G2PermissionTests.Anonymous_callers_get_401_from_every_permissioned_endpoint [1 ms]
  Error Message:
   Assembly fixture type 'Erp.Gates.Tests.Infrastructure.GateFixture' threw in InitializeAsync
---- System.InvalidOperationException : Endpoint authorisation is incomplete:
HTTP: POST /api/identity/users/{id:guid}/deactivate: declares no permission
  Stack Trace:
  
----- Inner Stack Trace -----
   at Erp.Kernel.Hosting.ErpPlatform.ValidateEndpoints(WebApplication app) in /home/user/critic/p01-odoo-rig-r1-plant/src/Kernel/Erp.Kernel/Hosting/ErpPlatform.cs:line 247
   at Erp.Kernel.Hosting.ErpPlatform.UseErpPlatform(WebApplication app) in /home/user/critic/p01-odoo-rig-r1-plant/src/Kernel/Erp.Kernel/Hosting/ErpPlatform.cs:line 213
   at Program.<Main>$(String[] args) in /home/user/critic/p01-odoo-rig-r1-plant/src/Host/Erp.Host/Program.cs:line 8
   at Program.<Main>(String[] args)
   at System.Reflection.MethodBaseInvoker.InterpretedInvoke_Method(Object obj, IntPtr* args)
   at System.Reflection.MethodBaseInvoker.InvokeDirectByRefWithFewArgs(Object obj, Span`1 copyOfArgs, BindingFlags invokeAttr)
--- End of stack trace from previous location ---
   at Microsoft.AspNetCore.Mvc.Testing.DeferredHostBuilder.DeferredHost.StartAsync(CancellationToken cancellationToken)
   at Microsoft.Extensions.Hosting.HostingAbstractionsHostExtensions.Start(IHost host)
   at Microsoft.AspNetCore.Mvc.Testing.WebApplicationFactory`1.CreateHost(IHostBuilder builder)
   at Microsoft.AspNetCore.Mvc.Testing.WebApplicationFactory`1.ConfigureHostBuilder(IHostBuilder hostBuilder)
   at Microsoft.AspNetCore.Mvc.Testing.WebApplicationFactory`1.StartServer()
   at Microsoft.AspNetCore.Mvc.Testing.WebApplicationFactory`1.get_Services()
   at Erp.Testing.ErpTestEnvironment.StartAsync(SeedPlan plan, IDictionary`2 settings) in /home/user/critic/p01-odoo-rig-r1-plant/tests/Erp.Testing/ErpTestEnvironment.cs:line 97
   at Erp.Gates.Tests.Infrastructure.GateFixture.InitializeAsync() in /home/user/critic/p01-odoo-rig-r1-plant/tests/Erp.Gates.Tests/Infrastructure/GateFixture.cs:line 17
  Failed Erp.Gates.Tests.G2.G2PermissionTests.Every_declared_permission_is_in_the_catalogue_and_every_catalogue_permission_is_used [1 ms]
  Error Message:
   Assembly fixture type 'Erp.Gates.Tests.Infrastructure.GateFixture' threw in InitializeAsync
---- System.InvalidOperationException : Endpoint authorisation is incomplete:
HTTP: POST /api/identity/users/{id:guid}/deactivate: declares no permission
  Stack Trace:
  
----- Inner Stack Trace -----
   at Erp.Kernel.Hosting.ErpPlatform.ValidateEndpoints(WebApplication app) in /home/user/critic/p01-odoo-rig-r1-plant/src/Kernel/Erp.Kernel/Hosting/ErpPlatform.cs:line 247
   at Erp.Kernel.Hosting.ErpPlatform.UseErpPlatform(WebApplication app) in /home/user/critic/p01-odoo-rig-r1-plant/src/Kernel/Erp.Kernel/Hosting/ErpPlatform.cs:line 213
   at Program.<Main>$(String[] args) in /home/user/critic/p01-odoo-rig-r1-plant/src/Host/Erp.Host/Program.cs:line 8
   at Program.<Main>(String[] args)
   at System.Reflection.MethodBaseInvoker.InterpretedInvoke_Method(Object obj, IntPtr* args)
   at System.Reflection.MethodBaseInvoker.InvokeDirectByRefWithFewArgs(Object obj, Span`1 copyOfArgs, BindingFlags invokeAttr)
--- End of stack trace from previous location ---
   at Microsoft.AspNetCore.Mvc.Testing.DeferredHostBuilder.DeferredHost.StartAsync(CancellationToken cancellationToken)
   at Microsoft.Extensions.Hosting.HostingAbstractionsHostExtensions.Start(IHost host)
   at Microsoft.AspNetCore.Mvc.Testing.WebApplicationFactory`1.CreateHost(IHostBuilder builder)
   at Microsoft.AspNetCore.Mvc.Testing.WebApplicationFactory`1.ConfigureHostBuilder(IHostBuilder hostBuilder)
   at Microsoft.AspNetCore.Mvc.Testing.WebApplicationFactory`1.StartServer()
   at Microsoft.AspNetCore.Mvc.Testing.WebApplicationFactory`1.get_Services()
   at Erp.Testing.ErpTestEnvironment.StartAsync(SeedPlan plan, IDictionary`2 settings) in /home/user/critic/p01-odoo-rig-r1-plant/tests/Erp.Testing/ErpTestEnvironment.cs:line 97
   at Erp.Gates.Tests.Infrastructure.GateFixture.InitializeAsync() in /home/user/critic/p01-odoo-rig-r1-plant/tests/Erp.Gates.Tests/Infrastructure/GateFixture.cs:line 17
  Failed Erp.Gates.Tests.G2.G2PermissionTests.Every_endpoint_declares_exactly_one_permission_or_is_reviewed_anonymous [1 ms]
  Error Message:
   Assembly fixture type 'Erp.Gates.Tests.Infrastructure.GateFixture' threw in InitializeAsync
---- System.InvalidOperationException : Endpoint authorisation is incomplete:
HTTP: POST /api/identity/users/{id:guid}/deactivate: declares no permission
  Stack Trace:
  
----- Inner Stack Trace -----
   at Erp.Kernel.Hosting.ErpPlatform.ValidateEndpoints(WebApplication app) in /home/user/critic/p01-odoo-rig-r1-plant/src/Kernel/Erp.Kernel/Hosting/ErpPlatform.cs:line 247
   at Erp.Kernel.Hosting.ErpPlatform.UseErpPlatform(WebApplication app) in /home/user/critic/p01-odoo-rig-r1-plant/src/Kernel/Erp.Kernel/Hosting/ErpPlatform.cs:line 213
   at Program.<Main>$(String[] args) in /home/user/critic/p01-odoo-rig-r1-plant/src/Host/Erp.Host/Program.cs:line 8
   at Program.<Main>(String[] args)
   at System.Reflection.MethodBaseInvoker.InterpretedInvoke_Method(Object obj, IntPtr* args)
   at System.Reflection.MethodBaseInvoker.InvokeDirectByRefWithFewArgs(Object obj, Span`1 copyOfArgs, BindingFlags invokeAttr)
--- End of stack trace from previous location ---
   at Microsoft.AspNetCore.Mvc.Testing.DeferredHostBuilder.DeferredHost.StartAsync(CancellationToken cancellationToken)
   at Microsoft.Extensions.Hosting.HostingAbstractionsHostExtensions.Start(IHost host)
   at Microsoft.AspNetCore.Mvc.Testing.WebApplicationFactory`1.CreateHost(IHostBuilder builder)
   at Microsoft.AspNetCore.Mvc.Testing.WebApplicationFactory`1.ConfigureHostBuilder(IHostBuilder hostBuilder)
   at Microsoft.AspNetCore.Mvc.Testing.WebApplicationFactory`1.StartServer()
   at Microsoft.AspNetCore.Mvc.Testing.WebApplicationFactory`1.get_Services()
   at Erp.Testing.ErpTestEnvironment.StartAsync(SeedPlan plan, IDictionary`2 settings) in /home/user/critic/p01-odoo-rig-r1-plant/tests/Erp.Testing/ErpTestEnvironment.cs:line 97
   at Erp.Gates.Tests.Infrastructure.GateFixture.InitializeAsync() in /home/user/critic/p01-odoo-rig-r1-plant/tests/Erp.Gates.Tests/Infrastructure/GateFixture.cs:line 17
  Failed Erp.Gates.Tests.Rules.LicenceGateTests.Every_npm_package_has_an_allowed_licence [1 ms]
  Error Message:
   Assembly fixture type 'Erp.Gates.Tests.Infrastructure.GateFixture' threw in InitializeAsync
---- System.InvalidOperationException : Endpoint authorisation is incomplete:
HTTP: POST /api/identity/users/{id:guid}/deactivate: declares no permission
  Stack Trace:
  
----- Inner Stack Trace -----
   at Erp.Kernel.Hosting.ErpPlatform.ValidateEndpoints(WebApplication app) in /home/user/critic/p01-odoo-rig-r1-plant/src/Kernel/Erp.Kernel/Hosting/ErpPlatform.cs:line 247
   at Erp.Kernel.Hosting.ErpPlatform.UseErpPlatform(WebApplication app) in /home/user/critic/p01-odoo-rig-r1-plant/src/Kernel/Erp.Kernel/Hosting/ErpPlatform.cs:line 213
   at Program.<Main>$(String[] args) in /home/user/critic/p01-odoo-rig-r1-plant/src/Host/Erp.Host/Program.cs:line 8
   at Program.<Main>(String[] args)
   at System.Reflection.MethodBaseInvoker.InterpretedInvoke_Method(Object obj, IntPtr* args)
   at System.Reflection.MethodBaseInvoker.InvokeDirectByRefWithFewArgs(Object obj, Span`1 copyOfArgs, BindingFlags invokeAttr)
--- End of stack trace from previous location ---
   at Microsoft.AspNetCore.Mvc.Testing.DeferredHostBuilder.DeferredHost.StartAsync(CancellationToken cancellationToken)
   at Microsoft.Extensions.Hosting.HostingAbstractionsHostExtensions.Start(IHost host)
   at Microsoft.AspNetCore.Mvc.Testing.WebApplicationFactory`1.CreateHost(IHostBuilder builder)
   at Microsoft.AspNetCore.Mvc.Testing.WebApplicationFactory`1.ConfigureHostBuilder(IHostBuilder hostBuilder)
   at Microsoft.AspNetCore.Mvc.Testing.WebApplicationFactory`1.StartServer()
   at Microsoft.AspNetCore.Mvc.Testing.WebApplicationFactory`1.get_Services()
   at Erp.Testing.ErpTestEnvironment.StartAsync(SeedPlan plan, IDictionary`2 settings) in /home/user/critic/p01-odoo-rig-r1-plant/tests/Erp.Testing/ErpTestEnvironment.cs:line 97
   at Erp.Gates.Tests.Infrastructure.GateFixture.InitializeAsync() in /home/user/critic/p01-odoo-rig-r1-plant/tests/Erp.Gates.Tests/Infrastructure/GateFixture.cs:line 17
  Failed Erp.Gates.Tests.Rules.LicenceGateTests.Every_NuGet_package_has_an_allowed_licence [1 ms]
  Error Message:
   Assembly fixture type 'Erp.Gates.Tests.Infrastructure.GateFixture' threw in InitializeAsync
---- System.InvalidOperationException : Endpoint authorisation is incomplete:
HTTP: POST /api/identity/users/{id:guid}/deactivate: declares no permission
  Stack Trace:
  
----- Inner Stack Trace -----
   at Erp.Kernel.Hosting.ErpPlatform.ValidateEndpoints(WebApplication app) in /home/user/critic/p01-odoo-rig-r1-plant/src/Kernel/Erp.Kernel/Hosting/ErpPlatform.cs:line 247
   at Erp.Kernel.Hosting.ErpPlatform.UseErpPlatform(WebApplication app) in /home/user/critic/p01-odoo-rig-r1-plant/src/Kernel/Erp.Kernel/Hosting/ErpPlatform.cs:line 213
   at Program.<Main>$(String[] args) in /home/user/critic/p01-odoo-rig-r1-plant/src/Host/Erp.Host/Program.cs:line 8
   at Program.<Main>(String[] args)
   at System.Reflection.MethodBaseInvoker.InterpretedInvoke_Method(Object obj, IntPtr* args)
   at System.Reflection.MethodBaseInvoker.InvokeDirectByRefWithFewArgs(Object obj, Span`1 copyOfArgs, BindingFlags invokeAttr)
--- End of stack trace from previous location ---
   at Microsoft.AspNetCore.Mvc.Testing.DeferredHostBuilder.DeferredHost.StartAsync(CancellationToken cancellationToken)
   at Microsoft.Extensions.Hosting.HostingAbstractionsHostExtensions.Start(IHost host)
   at Microsoft.AspNetCore.Mvc.Testing.WebApplicationFactory`1.CreateHost(IHostBuilder builder)
   at Microsoft.AspNetCore.Mvc.Testing.WebApplicationFactory`1.ConfigureHostBuilder(IHostBuilder hostBuilder)
   at Microsoft.AspNetCore.Mvc.Testing.WebApplicationFactory`1.StartServer()
   at Microsoft.AspNetCore.Mvc.Testing.WebApplicationFactory`1.get_Services()
   at Erp.Testing.ErpTestEnvironment.StartAsync(SeedPlan plan, IDictionary`2 settings) in /home/user/critic/p01-odoo-rig-r1-plant/tests/Erp.Testing/ErpTestEnvironment.cs:line 97
   at Erp.Gates.Tests.Infrastructure.GateFixture.InitializeAsync() in /home/user/critic/p01-odoo-rig-r1-plant/tests/Erp.Gates.Tests/Infrastructure/GateFixture.cs:line 17

Failed!  - Failed:    45, Passed:     0, Skipped:     0, Total:    45, Duration: 37 ms - Erp.Gates.Tests.dll (net10.0)
exit=1
