Test run for /work/tests/Erp.Gates.Tests/bin/Release/net10.0/Erp.Gates.Tests.dll (.NETCoreApp,Version=v10.0)
A total of 1 test files matched the specified pattern.
[xUnit.net 00:00:00.00] xUnit.net VSTest Adapter v3.1.5+1b188a7b0a (64-bit .NET 10.0.12)
[xUnit.net 00:00:00.30]   Discovering: Erp.Gates.Tests
[xUnit.net 00:00:00.77]   Discovered:  Erp.Gates.Tests
[xUnit.net 00:00:01.02]   Starting:    Erp.Gates.Tests
[xUnit.net 00:00:10.32]     Erp.Gates.Tests.G2.G2PermissionTests.Undeclared_endpoints_fall_back_to_deny [FAIL]
[xUnit.net 00:00:10.33]       Assembly fixture type 'Erp.Gates.Tests.Infrastructure.GateFixture' threw in InitializeAsync
[xUnit.net 00:00:10.33]       ---- System.InvalidOperationException : Endpoint authorisation is incomplete:
[xUnit.net 00:00:10.33]       HTTP: GET /api/tenancy/tenant => GetTenant: declares 'tenancy.tenant.read' but no authorization policy on it requires that permission; use RequirePermission
[xUnit.net 00:00:10.33]       HTTP: GET /api/tenancy/companies => List: declares 'tenancy.companies.read' but no authorization policy on it requires that permission; use RequirePermission
[xUnit.net 00:00:10.33]       HTTP: GET /api/tenancy/companies/{id:guid} => Get: declares 'tenancy.companies.read' but no authorization policy on it requires that permission; use RequirePermission
[xUnit.net 00:00:10.33]       HTTP: GET /api/tenancy/companies/{id:guid}/logo => GetLogo: declares 'tenancy.companies.read' but no authorization policy on it requires that permission; use RequirePermission
[xUnit.net 00:00:10.33]       HTTP: GET /api/tenancy/branches => List: declares 'tenancy.branches.read' but no authorization policy on it requires that permission; use RequirePermission
[xUnit.net 00:00:10.33]       HTTP: GET /api/tenancy/branches/{id:guid} => Get: declares 'tenancy.branches.read' but no authorization policy on it requires that permission; use RequirePermission
[xUnit.net 00:00:10.33]       HTTP: GET /api/tenancy/access => List: declares 'tenancy.access.read' but no authorization policy on it requires that permission; use RequirePermission
[xUnit.net 00:00:10.33]       HTTP: GET /api/tenancy/access/{userId:guid} => Get: declares 'tenancy.access.read' but no authorization policy on it requires that permission; use RequirePermission
[xUnit.net 00:00:10.33]       HTTP: GET /api/tenancy/workplace => Get: declares 'tenancy.workplace.read' but no authorization policy on it requires that permission; use RequirePermission
[xUnit.net 00:00:10.33]       HTTP: GET /api/identity/users => List: declares 'identity.users.read' but no authorization policy on it requires that permission; use RequirePermission
[xUnit.net 00:00:10.33]       HTTP: GET /api/identity/users/{id:guid} => Get: declares 'identity.users.read' but no authorization policy on it requires that permission; use RequirePermission
[xUnit.net 00:00:10.33]       HTTP: GET /api/identity/users/{id:guid}/access => Access: declares 'identity.users.read' but no authorization policy on it requires that permission; use RequirePermission
[xUnit.net 00:00:10.33]       HTTP: GET /api/identity/users/{id:guid}/default-company => GetDefaultCompany: declares 'identity.users.read' but no authorization policy on it requires that permission; use RequirePermission
[xUnit.net 00:00:10.33]       HTTP: GET /api/identity/companies => Companies: declares 'identity.users.read' but no authorization policy on it requires that permission; use RequirePermission
[xUnit.net 00:00:10.33]       HTTP: GET /api/identity/users/{id:guid}/sign-ins => SignIns: declares 'identity.signIns.read' but no authorization policy on it requires that permission; use RequirePermission
[xUnit.net 00:00:10.33]       HTTP: GET /api/identity/roles => List: declares 'identity.roles.read' but no authorization policy on it requires that permission; use RequirePermission
[xUnit.net 00:00:10.33]       HTTP: GET /api/identity/roles/{id:guid} => Get: declares 'identity.roles.read' but no authorization policy on it requires that permission; use RequirePermission
[xUnit.net 00:00:10.33]       HTTP: GET /api/identity/permissions => Permissions: declares 'identity.roles.read' but no authorization policy on it requires that permission; use RequirePermission
[xUnit.net 00:00:10.33]       HTTP: GET /api/identity/users/{id:guid}/passkeys => OfUser: declares 'identity.users.read' but no authorization policy on it requires that permission; use RequirePermission
[xUnit.net 00:00:10.33]       HTTP: GET /api/lists/tenancy.companies/definition: declares 'tenancy.companies.read' but no authorization policy on it requires that permission; use RequirePermission
[xUnit.net 00:00:10.33]       HTTP: GET /api/lists/tenancy.companies/views: declares 'tenancy.companies.read' but no authorization policy on it requires that permission; use RequirePermission
[xUnit.net 00:00:10.33]       HTTP: GET /api/lists/tenancy.companies/views/{id:guid}: declares 'tenancy.companies.read' but no authorization policy on it requires that permission; use RequirePermission
[xUnit.net 00:00:10.33]       HTTP: POST /api/lists/tenancy.companies/views: declares 'tenancy.companies.read' but no authorization policy on it requires that permission; use RequirePermission
[xUnit.net 00:00:10.33]       HTTP: PUT /api/lists/tenancy.companies/views/{id:guid}: declares 'tenancy.companies.read' but no authorization policy on it requires that permission; use RequirePermission
[xUnit.net 00:00:10.33]       HTTP: DELETE /api/lists/tenancy.companies/views/{id:guid}: declares 'tenancy.companies.read' but no authorization policy on it requires that permission; use RequirePermission
[xUnit.net 00:00:10.33]       HTTP: GET /api/lists/tenancy.companies/shared-views/{id:guid}: declares 'tenancy.companies.read' but no authorization policy on it requires that permission; use RequirePermission
[xUnit.net 00:00:10.33]       HTTP: GET /api/lists/tenancy.branches/definition: declares 'tenancy.branches.read' but no authorization policy on it requires that permission; use RequirePermission
[xUnit.net 00:00:10.33]       HTTP: GET /api/lists/tenancy.branches/views: declares 'tenancy.branches.read' but no authorization policy on it requires that permission; use RequirePermission
[xUnit.net 00:00:10.33]       HTTP: GET /api/lists/tenancy.branches/views/{id:guid}: declares 'tenancy.branches.read' but no authorization policy on it requires that permission; use RequirePermission
[xUnit.net 00:00:10.33]       HTTP: POST /api/lists/tenancy.branches/views: declares 'tenancy.branches.read' but no authorization policy on it requires that permission; use RequirePermission
[xUnit.net 00:00:10.33]       HTTP: PUT /api/lists/tenancy.branches/views/{id:guid}: declares 'tenancy.branches.read' but no authorization policy on it requires that permission; use RequirePermission
[xUnit.net 00:00:10.33]       HTTP: DELETE /api/lists/tenancy.branches/views/{id:guid}: declares 'tenancy.branches.read' but no authorization policy on it requires that permission; use RequirePermission
[xUnit.net 00:00:10.33]       HTTP: GET /api/lists/tenancy.branches/shared-views/{id:guid}: declares 'tenancy.branches.read' but no authorization policy on it requires that permission; use RequirePermission
[xUnit.net 00:00:10.33]       HTTP: GET /api/lists/tenancy.access/definition: declares 'tenancy.access.read' but no authorization policy on it requires that permission; use RequirePermission
[xUnit.net 00:00:10.33]       HTTP: GET /api/lists/tenancy.access/views: declares 'tenancy.access.read' but no authorization policy on it requires that permission; use RequirePermission
[xUnit.net 00:00:10.33]       HTTP: GET /api/lists/tenancy.access/views/{id:guid}: declares 'tenancy.access.read' but no authorization policy on it requires that permission; use RequirePermission
[xUnit.net 00:00:10.33]       HTTP: POST /api/lists/tenancy.access/views: declares 'tenancy.access.read' but no authorization policy on it requires that permission; use RequirePermission
[xUnit.net 00:00:10.33]       HTTP: PUT /api/lists/tenancy.access/views/{id:guid}: declares 'tenancy.access.read' but no authorization policy on it requires that permission; use RequirePermission
[xUnit.net 00:00:10.33]       HTTP: DELETE /api/lists/tenancy.access/views/{id:guid}: declares 'tenancy.access.read' but no authorization policy on it requires that permission; use RequirePermission
[xUnit.net 00:00:10.33]       HTTP: GET /api/lists/tenancy.access/shared-views/{id:guid}: declares 'tenancy.access.read' but no authorization policy on it requires that permission; use RequirePermission
[xUnit.net 00:00:10.33]       HTTP: GET /api/lists/identity.users/definition: declares 'identity.users.read' but no authorization policy on it requires that permission; use RequirePermission
[xUnit.net 00:00:10.33]       HTTP: GET /api/lists/identity.users/views: declares 'identity.users.read' but no authorization policy on it requires that permission; use RequirePermission
[xUnit.net 00:00:10.33]       HTTP: GET /api/lists/identity.users/views/{id:guid}: declares 'identity.users.read' but no authorization policy on it requires that permission; use RequirePermission
[xUnit.net 00:00:10.33]       HTTP: POST /api/lists/identity.users/views: declares 'identity.users.read' but no authorization policy on it requires that permission; use RequirePermission
[xUnit.net 00:00:10.33]       HTTP: PUT /api/lists/identity.users/views/{id:guid}: declares 'identity.users.read' but no authorization policy on it requires that permission; use RequirePermission
[xUnit.net 00:00:10.33]       HTTP: DELETE /api/lists/identity.users/views/{id:guid}: declares 'identity.users.read' but no authorization policy on it requires that permission; use RequirePermission
[xUnit.net 00:00:10.33]       HTTP: GET /api/lists/identity.users/shared-views/{id:guid}: declares 'identity.users.read' but no authorization policy on it requires that permission; use RequirePermission
[xUnit.net 00:00:10.33]       HTTP: GET /api/lists/identity.roles/definition: declares 'identity.roles.read' but no authorization policy on it requires that permission; use RequirePermission
[xUnit.net 00:00:10.33]       HTTP: GET /api/lists/identity.roles/views: declares 'identity.roles.read' but no authorization policy on it requires that permission; use RequirePermission
[xUnit.net 00:00:10.33]       HTTP: GET /api/lists/identity.roles/views/{id:guid}: declares 'identity.roles.read' but no authorization policy on it requires that permission; use RequirePermission
[xUnit.net 00:00:10.33]       HTTP: POST /api/lists/identity.roles/views: declares 'identity.roles.read' but no authorization policy on it requires that permission; use RequirePermission
[xUnit.net 00:00:10.33]       HTTP: PUT /api/lists/identity.roles/views/{id:guid}: declares 'identity.roles.read' but no authorization policy on it requires that permission; use RequirePermission
[xUnit.net 00:00:10.33]       HTTP: DELETE /api/lists/identity.roles/views/{id:guid}: declares 'identity.roles.read' but no authorization policy on it requires that permission; use RequirePermission
[xUnit.net 00:00:10.33]       HTTP: GET /api/lists/identity.roles/shared-views/{id:guid}: declares 'identity.roles.read' but no authorization policy on it requires that permission; use RequirePermission
[xUnit.net 00:00:10.33]       HTTP: GET /api/reports/catalog => Catalog: declares 'reports.catalog.read' but no authorization policy on it requires that permission; use RequirePermission
[xUnit.net 00:00:10.33]       HTTP: GET /api/reports/run/tenancy.companyProfile: declares 'tenancy.companies.read' but no authorization policy on it requires that permission; use RequirePermission
[xUnit.net 00:00:10.33]       HTTP: GET /api/reports/run/tenancy.branchDirectory: declares 'tenancy.branches.read' but no authorization policy on it requires that permission; use RequirePermission
[xUnit.net 00:00:10.33]       HTTP: GET /api/reports/run/identity.usersByRole: declares 'identity.users.read' but no authorization policy on it requires that permission; use RequirePermission
[xUnit.net 00:00:10.33]       HTTP: GET /api/reports/run/identity.roleSummary: declares 'identity.roles.read' but no authorization policy on it requires that permission; use RequirePermission
[xUnit.net 00:00:10.33]       HTTP: GET /api/reports/lists/tenancy.companies: declares 'tenancy.companies.read' but no authorization policy on it requires that permission; use RequirePermission
[xUnit.net 00:00:10.33]       HTTP: GET /api/reports/lists/tenancy.branches: declares 'tenancy.branches.read' but no authorization policy on it requires that permission; use RequirePermission
[xUnit.net 00:00:10.33]       HTTP: GET /api/reports/lists/tenancy.access: declares 'tenancy.access.read' but no authorization policy on it requires that permission; use RequirePermission
[xUnit.net 00:00:10.33]       HTTP: GET /api/reports/lists/identity.users: declares 'identity.users.read' but no authorization policy on it requires that permission; use RequirePermission
[xUnit.net 00:00:10.33]       HTTP: GET /api/reports/lists/identity.roles: declares 'identity.roles.read' but no authorization policy on it requires that permission; use RequirePermission
[xUnit.net 00:00:10.33]       Stack Trace:
[xUnit.net 00:00:10.33]         
[xUnit.net 00:00:10.33]         ----- Inner Stack Trace -----
[xUnit.net 00:00:10.33]         /work/src/Kernel/Erp.Kernel/Hosting/ErpPlatform.cs(251,0): at Erp.Kernel.Hosting.ErpPlatform.ValidateEndpoints(WebApplication app)
[xUnit.net 00:00:10.33]         /work/src/Kernel/Erp.Kernel/Hosting/ErpPlatform.cs(204,0): at Erp.Kernel.Hosting.ErpPlatform.UseErpPlatform(WebApplication app)
[xUnit.net 00:00:10.33]         /work/src/Host/Erp.Host/Program.cs(8,0): at Program.<Main>$(String[] args)
[xUnit.net 00:00:10.33]            at Program.<Main>(String[] args)
[xUnit.net 00:00:10.33]            at System.Reflection.MethodBaseInvoker.InterpretedInvoke_Method(Object obj, IntPtr* args)
[xUnit.net 00:00:10.33]            at System.Reflection.MethodBaseInvoker.InvokeDirectByRefWithFewArgs(Object obj, Span`1 copyOfArgs, BindingFlags invokeAttr)
[xUnit.net 00:00:10.33]         --- End of stack trace from previous location ---
[xUnit.net 00:00:10.33]            at Microsoft.AspNetCore.Mvc.Testing.DeferredHostBuilder.DeferredHost.StartAsync(CancellationToken cancellationToken)
[xUnit.net 00:00:10.33]            at Microsoft.Extensions.Hosting.HostingAbstractionsHostExtensions.Start(IHost host)
[xUnit.net 00:00:10.33]            at Microsoft.AspNetCore.Mvc.Testing.WebApplicationFactory`1.CreateHost(IHostBuilder builder)
[xUnit.net 00:00:10.33]            at Microsoft.AspNetCore.Mvc.Testing.WebApplicationFactory`1.ConfigureHostBuilder(IHostBuilder hostBuilder)
[xUnit.net 00:00:10.33]            at Microsoft.AspNetCore.Mvc.Testing.WebApplicationFactory`1.StartServer()
[xUnit.net 00:00:10.33]            at Microsoft.AspNetCore.Mvc.Testing.WebApplicationFactory`1.get_Services()
[xUnit.net 00:00:10.33]         /work/tests/Erp.Testing/ErpTestEnvironment.cs(129,0): at Erp.Testing.ErpTestEnvironment.SeedAsync(TestDatabaseServer server, String database, SeedPlan plan, IDictionary`2 settings)
[xUnit.net 00:00:10.33]         /work/tests/Erp.Testing/ErpTestEnvironment.cs(139,0): at Erp.Testing.ErpTestEnvironment.SeedAsync(TestDatabaseServer server, String database, SeedPlan plan, IDictionary`2 settings)
[xUnit.net 00:00:10.33]         /work/tests/Erp.Testing/ErpTestEnvironment.cs(91,0): at Erp.Testing.ErpTestEnvironment.<>c__DisplayClass34_0.<<StartGateAsync>b__0>d.MoveNext()
[xUnit.net 00:00:10.33]         --- End of stack trace from previous location ---
[xUnit.net 00:00:10.33]         /work/tests/Erp.Testing/TestDatabaseServer.cs(160,0): at Erp.Testing.TestDatabaseServer.<>c__DisplayClass25_0.<<GateTemplateAsync>b__3>d.MoveNext()
[xUnit.net 00:00:10.33]         --- End of stack trace from previous location ---
[xUnit.net 00:00:10.33]         /work/tests/Erp.Testing/TestDatabaseServer.cs(165,0): at Erp.Testing.TestDatabaseServer.GateTemplateAsync(IDictionary`2 settings, Func`2 seed)
[xUnit.net 00:00:10.33]         /work/tests/Erp.Testing/ErpTestEnvironment.cs(88,0): at Erp.Testing.ErpTestEnvironment.StartGateAsync(IDictionary`2 settings)
[xUnit.net 00:00:10.33]         /work/tests/Erp.Gates.Tests/Infrastructure/GateFixture.cs(17,0): at Erp.Gates.Tests.Infrastructure.GateFixture.InitializeAsync()
[xUnit.net 00:00:10.35]     Erp.Gates.Tests.G2.G2PermissionTests.Every_list_endpoint_needs_the_lists_own_permission_and_shared_view_writes_need_sharing [FAIL]
[xUnit.net 00:00:10.35]       Assembly fixture type 'Erp.Gates.Tests.Infrastructure.GateFixture' threw in InitializeAsync
[xUnit.net 00:00:10.35]       ---- System.InvalidOperationException : Endpoint authorisation is incomplete:
[xUnit.net 00:00:10.35]       HTTP: GET /api/tenancy/tenant => GetTenant: declares 'tenancy.tenant.read' but no authorization policy on it requires that permission; use RequirePermission
[xUnit.net 00:00:10.35]       HTTP: GET /api/tenancy/companies => List: declares 'tenancy.companies.read' but no authorization policy on it requires that permission; use RequirePermission
[xUnit.net 00:00:10.35]       HTTP: GET /api/tenancy/companies/{id:guid} => Get: declares 'tenancy.companies.read' but no authorization policy on it requires that permission; use RequirePermission
[xUnit.net 00:00:10.35]       HTTP: GET /api/tenancy/companies/{id:guid}/logo => GetLogo: declares 'tenancy.companies.read' but no authorization policy on it requires that permission; use RequirePermission
[xUnit.net 00:00:10.35]       HTTP: GET /api/tenancy/branches => List: declares 'tenancy.branches.read' but no authorization policy on it requires that permission; use RequirePermission
[xUnit.net 00:00:10.35]       HTTP: GET /api/tenancy/branches/{id:guid} => Get: declares 'tenancy.branches.read' but no authorization policy on it requires that permission; use RequirePermission
[xUnit.net 00:00:10.35]       HTTP: GET /api/tenancy/access => List: declares 'tenancy.access.read' but no authorization policy on it requires that permission; use RequirePermission
[xUnit.net 00:00:10.35]       HTTP: GET /api/tenancy/access/{userId:guid} => Get: declares 'tenancy.access.read' but no authorization policy on it requires that permission; use RequirePermission
[xUnit.net 00:00:10.35]       HTTP: GET /api/tenancy/workplace => Get: declares 'tenancy.workplace.read' but no authorization policy on it requires that permission; use RequirePermission
[xUnit.net 00:00:10.35]       HTTP: GET /api/identity/users => List: declares 'identity.users.read' but no authorization policy on it requires that permission; use RequirePermission
[xUnit.net 00:00:10.35]       HTTP: GET /api/identity/users/{id:guid} => Get: declares 'identity.users.read' but no authorization policy on it requires that permission; use RequirePermission
[xUnit.net 00:00:10.35]       HTTP: GET /api/identity/users/{id:guid}/access => Access: declares 'identity.users.read' but no authorization policy on it requires that permission; use RequirePermission
[xUnit.net 00:00:10.35]       HTTP: GET /api/identity/users/{id:guid}/default-company => GetDefaultCompany: declares 'identity.users.read' but no authorization policy on it requires that permission; use RequirePermission
[xUnit.net 00:00:10.35]       HTTP: GET /api/identity/companies => Companies: declares 'identity.users.read' but no authorization policy on it requires that permission; use RequirePermission
[xUnit.net 00:00:10.35]       HTTP: GET /api/identity/users/{id:guid}/sign-ins => SignIns: declares 'identity.signIns.read' but no authorization policy on it requires that permission; use RequirePermission
[xUnit.net 00:00:10.35]       HTTP: GET /api/identity/roles => List: declares 'identity.roles.read' but no authorization policy on it requires that permission; use RequirePermission
[xUnit.net 00:00:10.35]       HTTP: GET /api/identity/roles/{id:guid} => Get: declares 'identity.roles.read' but no authorization policy on it requires that permission; use RequirePermission
[xUnit.net 00:00:10.35]       HTTP: GET /api/identity/permissions => Permissions: declares 'identity.roles.read' but no authorization policy on it requires that permission; use RequirePermission
[xUnit.net 00:00:10.35]       HTTP: GET /api/identity/users/{id:guid}/passkeys => OfUser: declares 'identity.users.read' but no authorization policy on it requires that permission; use RequirePermission
[xUnit.net 00:00:10.35]       HTTP: GET /api/lists/tenancy.companies/definition: declares 'tenancy.companies.read' but no authorization policy on it requires that permission; use RequirePermission
[xUnit.net 00:00:10.35]       HTTP: GET /api/lists/tenancy.companies/views: declares 'tenancy.companies.read' but no authorization policy on it requires that permission; use RequirePermission
[xUnit.net 00:00:10.35]       HTTP: GET /api/lists/tenancy.companies/views/{id:guid}: declares 'tenancy.companies.read' but no authorization policy on it requires that permission; use RequirePermission
[xUnit.net 00:00:10.35]       HTTP: POST /api/lists/tenancy.companies/views: declares 'tenancy.companies.read' but no authorization policy on it requires that permission; use RequirePermission
[xUnit.net 00:00:10.35]       HTTP: PUT /api/lists/tenancy.companies/views/{id:guid}: declares 'tenancy.companies.read' but no authorization policy on it requires that permission; use RequirePermission
[xUnit.net 00:00:10.35]       HTTP: DELETE /api/lists/tenancy.companies/views/{id:guid}: declares 'tenancy.companies.read' but no authorization policy on it requires that permission; use RequirePermission
[xUnit.net 00:00:10.35]       HTTP: GET /api/lists/tenancy.companies/shared-views/{id:guid}: declares 'tenancy.companies.read' but no authorization policy on it requires that permission; use RequirePermission
[xUnit.net 00:00:10.35]       HTTP: GET /api/lists/tenancy.branches/definition: declares 'tenancy.branches.read' but no authorization policy on it requires that permission; use RequirePermission
[xUnit.net 00:00:10.35]       HTTP: GET /api/lists/tenancy.branches/views: declares 'tenancy.branches.read' but no authorization policy on it requires that permission; use RequirePermission
[xUnit.net 00:00:10.35]       HTTP: GET /api/lists/tenancy.branches/views/{id:guid}: declares 'tenancy.branches.read' but no authorization policy on it requires that permission; use RequirePermission
[xUnit.net 00:00:10.35]       HTTP: POST /api/lists/tenancy.branches/views: declares 'tenancy.branches.read' but no authorization policy on it requires that permission; use RequirePermission
[xUnit.net 00:00:10.35]       HTTP: PUT /api/lists/tenancy.branches/views/{id:guid}: declares 'tenancy.branches.read' but no authorization policy on it requires that permission; use RequirePermission
[xUnit.net 00:00:10.35]       HTTP: DELETE /api/lists/tenancy.branches/views/{id:guid}: declares 'tenancy.branches.read' but no authorization policy on it requires that permission; use RequirePermission
[xUnit.net 00:00:10.35]       HTTP: GET /api/lists/tenancy.branches/shared-views/{id:guid}: declares 'tenancy.branches.read' but no authorization policy on it requires that permission; use RequirePermission
[xUnit.net 00:00:10.35]       HTTP: GET /api/lists/tenancy.access/definition: declares 'tenancy.access.read' but no authorization policy on it requires that permission; use RequirePermission
[xUnit.net 00:00:10.35]       HTTP: GET /api/lists/tenancy.access/views: declares 'tenancy.access.read' but no authorization policy on it requires that permission; use RequirePermission
[xUnit.net 00:00:10.35]       HTTP: GET /api/lists/tenancy.access/views/{id:guid}: declares 'tenancy.access.read' but no authorization policy on it requires that permission; use RequirePermission
[xUnit.net 00:00:10.35]       HTTP: POST /api/lists/tenancy.access/views: declares 'tenancy.access.read' but no authorization policy on it requires that permission; use RequirePermission
[xUnit.net 00:00:10.35]       HTTP: PUT /api/lists/tenancy.access/views/{id:guid}: declares 'tenancy.access.read' but no authorization policy on it requires that permission; use RequirePermission
[xUnit.net 00:00:10.35]       HTTP: DELETE /api/lists/tenancy.access/views/{id:guid}: declares 'tenancy.access.read' but no authorization policy on it requires that permission; use RequirePermission
[xUnit.net 00:00:10.35]       HTTP: GET /api/lists/tenancy.access/shared-views/{id:guid}: declares 'tenancy.access.read' but no authorization policy on it requires that permission; use RequirePermission
[xUnit.net 00:00:10.35]       HTTP: GET /api/lists/identity.users/definition: declares 'identity.users.read' but no authorization policy on it requires that permission; use RequirePermission
[xUnit.net 00:00:10.35]       HTTP: GET /api/lists/identity.users/views: declares 'identity.users.read' but no authorization policy on it requires that permission; use RequirePermission
[xUnit.net 00:00:10.35]       HTTP: GET /api/lists/identity.users/views/{id:guid}: declares 'identity.users.read' but no authorization policy on it requires that permission; use RequirePermission
[xUnit.net 00:00:10.35]       HTTP: POST /api/lists/identity.users/views: declares 'identity.users.read' but no authorization policy on it requires that permission; use RequirePermission
[xUnit.net 00:00:10.35]       HTTP: PUT /api/lists/identity.users/views/{id:guid}: declares 'identity.users.read' but no authorization policy on it requires that permission; use RequirePermission
[xUnit.net 00:00:10.35]       HTTP: DELETE /api/lists/identity.users/views/{id:guid}: declares 'identity.users.read' but no authorization policy on it requires that permission; use RequirePermission
[xUnit.net 00:00:10.35]       HTTP: GET /api/lists/identity.users/shared-views/{id:guid}: declares 'identity.users.read' but no authorization policy on it requires that permission; use RequirePermission
[xUnit.net 00:00:10.35]       HTTP: GET /api/lists/identity.roles/definition: declares 'identity.roles.read' but no authorization policy on it requires that permission; use RequirePermission
[xUnit.net 00:00:10.35]       HTTP: GET /api/lists/identity.roles/views: declares 'identity.roles.read' but no authorization policy on it requires that permission; use RequirePermission
[xUnit.net 00:00:10.35]       HTTP: GET /api/lists/identity.roles/views/{id:guid}: declares 'identity.roles.read' but no authorization policy on it requires that permission; use RequirePermission
[xUnit.net 00:00:10.35]       HTTP: POST /api/lists/identity.roles/views: declares 'identity.roles.read' but no authorization policy on it requires that permission; use RequirePermission
[xUnit.net 00:00:10.35]       HTTP: PUT /api/lists/identity.roles/views/{id:guid}: declares 'identity.roles.read' but no authorization policy on it requires that permission; use RequirePermission
[xUnit.net 00:00:10.35]       HTTP: DELETE /api/lists/identity.roles/views/{id:guid}: declares 'identity.roles.read' but no authorization policy on it requires that permission; use RequirePermission
[xUnit.net 00:00:10.35]       HTTP: GET /api/lists/identity.roles/shared-views/{id:guid}: declares 'identity.roles.read' but no authorization policy on it requires that permission; use RequirePermission
[xUnit.net 00:00:10.35]       HTTP: GET /api/reports/catalog => Catalog: declares 'reports.catalog.read' but no authorization policy on it requires that permission; use RequirePermission
[xUnit.net 00:00:10.35]       HTTP: GET /api/reports/run/tenancy.companyProfile: declares 'tenancy.companies.read' but no authorization policy on it requires that permission; use RequirePermission
[xUnit.net 00:00:10.35]       HTTP: GET /api/reports/run/tenancy.branchDirectory: declares 'tenancy.branches.read' but no authorization policy on it requires that permission; use RequirePermission
[xUnit.net 00:00:10.35]       HTTP: GET /api/reports/run/identity.usersByRole: declares 'identity.users.read' but no authorization policy on it requires that permission; use RequirePermission
[xUnit.net 00:00:10.35]       HTTP: GET /api/reports/run/identity.roleSummary: declares 'identity.roles.read' but no authorization policy on it requires that permission; use RequirePermission
[xUnit.net 00:00:10.35]       HTTP: GET /api/reports/lists/tenancy.companies: declares 'tenancy.companies.read' but no authorization policy on it requires that permission; use RequirePermission
[xUnit.net 00:00:10.35]       HTTP: GET /api/reports/lists/tenancy.branches: declares 'tenancy.branches.read' but no authorization policy on it requires that permission; use RequirePermission
[xUnit.net 00:00:10.35]       HTTP: GET /api/reports/lists/tenancy.access: declares 'tenancy.access.read' but no authorization policy on it requires that permission; use RequirePermission
[xUnit.net 00:00:10.35]       HTTP: GET /api/reports/lists/identity.users: declares 'identity.users.read' but no authorization policy on it requires that permission; use RequirePermission
[xUnit.net 00:00:10.35]       HTTP: GET /api/reports/lists/identity.roles: declares 'identity.roles.read' but no authorization policy on it requires that permission; use RequirePermission
[xUnit.net 00:00:10.35]       Stack Trace:
[xUnit.net 00:00:10.35]         
[xUnit.net 00:00:10.35]         ----- Inner Stack Trace -----
[xUnit.net 00:00:10.35]         /work/src/Kernel/Erp.Kernel/Hosting/ErpPlatform.cs(251,0): at Erp.Kernel.Hosting.ErpPlatform.ValidateEndpoints(WebApplication app)
[xUnit.net 00:00:10.35]         /work/src/Kernel/Erp.Kernel/Hosting/ErpPlatform.cs(204,0): at Erp.Kernel.Hosting.ErpPlatform.UseErpPlatform(WebApplication app)
[xUnit.net 00:00:10.35]         /work/src/Host/Erp.Host/Program.cs(8,0): at Program.<Main>$(String[] args)
[xUnit.net 00:00:10.35]            at Program.<Main>(String[] args)
[xUnit.net 00:00:10.35]            at System.Reflection.MethodBaseInvoker.InterpretedInvoke_Method(Object obj, IntPtr* args)
[xUnit.net 00:00:10.35]            at System.Reflection.MethodBaseInvoker.InvokeDirectByRefWithFewArgs(Object obj, Span`1 copyOfArgs, BindingFlags invokeAttr)
[xUnit.net 00:00:10.35]         --- End of stack trace from previous location ---
[xUnit.net 00:00:10.35]            at Microsoft.AspNetCore.Mvc.Testing.DeferredHostBuilder.DeferredHost.StartAsync(CancellationToken cancellationToken)
[xUnit.net 00:00:10.35]            at Microsoft.Extensions.Hosting.HostingAbstractionsHostExtensions.Start(IHost host)
[xUnit.net 00:00:10.35]            at Microsoft.AspNetCore.Mvc.Testing.WebApplicationFactory`1.CreateHost(IHostBuilder builder)
[xUnit.net 00:00:10.35]            at Microsoft.AspNetCore.Mvc.Testing.WebApplicationFactory`1.ConfigureHostBuilder(IHostBuilder hostBuilder)
[xUnit.net 00:00:10.35]            at Microsoft.AspNetCore.Mvc.Testing.WebApplicationFactory`1.StartServer()
[xUnit.net 00:00:10.35]            at Microsoft.AspNetCore.Mvc.Testing.WebApplicationFactory`1.get_Services()
[xUnit.net 00:00:10.35]         /work/tests/Erp.Testing/ErpTestEnvironment.cs(129,0): at Erp.Testing.ErpTestEnvironment.SeedAsync(TestDatabaseServer server, String database, SeedPlan plan, IDictionary`2 settings)
[xUnit.net 00:00:10.35]         /work/tests/Erp.Testing/ErpTestEnvironment.cs(139,0): at Erp.Testing.ErpTestEnvironment.SeedAsync(TestDatabaseServer server, String database, SeedPlan plan, IDictionary`2 settings)
[xUnit.net 00:00:10.35]         /work/tests/Erp.Testing/ErpTestEnvironment.cs(91,0): at Erp.Testing.ErpTestEnvironment.<>c__DisplayClass34_0.<<StartGateAsync>b__0>d.MoveNext()
[xUnit.net 00:00:10.35]         --- End of stack trace from previous location ---
[xUnit.net 00:00:10.35]         /work/tests/Erp.Testing/TestDatabaseServer.cs(160,0): at Erp.Testing.TestDatabaseServer.<>c__DisplayClass25_0.<<GateTemplateAsync>b__3>d.MoveNext()
[xUnit.net 00:00:10.35]         --- End of stack trace from previous location ---
[xUnit.net 00:00:10.35]         /work/tests/Erp.Testing/TestDatabaseServer.cs(165,0): at Erp.Testing.TestDatabaseServer.GateTemplateAsync(IDictionary`2 settings, Func`2 seed)
[xUnit.net 00:00:10.35]         /work/tests/Erp.Testing/ErpTestEnvironment.cs(88,0): at Erp.Testing.ErpTestEnvironment.StartGateAsync(IDictionary`2 settings)
[xUnit.net 00:00:10.35]         /work/tests/Erp.Gates.Tests/Infrastructure/GateFixture.cs(17,0): at Erp.Gates.Tests.Infrastructure.GateFixture.InitializeAsync()
[xUnit.net 00:00:10.35]     Erp.Gates.Tests.G2.G2PermissionTests.Sharing_a_view_needs_the_share_permission_and_the_lists_own_permission [FAIL]
[xUnit.net 00:00:10.35]       Assembly fixture type 'Erp.Gates.Tests.Infrastructure.GateFixture' threw in InitializeAsync
[xUnit.net 00:00:10.35]       ---- System.InvalidOperationException : Endpoint authorisation is incomplete:
[xUnit.net 00:00:10.35]       HTTP: GET /api/tenancy/tenant => GetTenant: declares 'tenancy.tenant.read' but no authorization policy on it requires that permission; use RequirePermission
[xUnit.net 00:00:10.35]       HTTP: GET /api/tenancy/companies => List: declares 'tenancy.companies.read' but no authorization policy on it requires that permission; use RequirePermission
[xUnit.net 00:00:10.35]       HTTP: GET /api/tenancy/companies/{id:guid} => Get: declares 'tenancy.companies.read' but no authorization policy on it requires that permission; use RequirePermission
[xUnit.net 00:00:10.35]       HTTP: GET /api/tenancy/companies/{id:guid}/logo => GetLogo: declares 'tenancy.companies.read' but no authorization policy on it requires that permission; use RequirePermission
[xUnit.net 00:00:10.35]       HTTP: GET /api/tenancy/branches => List: declares 'tenancy.branches.read' but no authorization policy on it requires that permission; use RequirePermission
[xUnit.net 00:00:10.35]       HTTP: GET /api/tenancy/branches/{id:guid} => Get: declares 'tenancy.branches.read' but no authorization policy on it requires that permission; use RequirePermission
[xUnit.net 00:00:10.35]       HTTP: GET /api/tenancy/access => List: declares 'tenancy.access.read' but no authorization policy on it requires that permission; use RequirePermission
[xUnit.net 00:00:10.35]       HTTP: GET /api/tenancy/access/{userId:guid} => Get: declares 'tenancy.access.read' but no authorization policy on it requires that permission; use RequirePermission
[xUnit.net 00:00:10.35]       HTTP: GET /api/tenancy/workplace => Get: declares 'tenancy.workplace.read' but no authorization policy on it requires that permission; use RequirePermission
[xUnit.net 00:00:10.35]       HTTP: GET /api/identity/users => List: declares 'identity.users.read' but no authorization policy on it requires that permission; use RequirePermission
[xUnit.net 00:00:10.35]       HTTP: GET /api/identity/users/{id:guid} => Get: declares 'identity.users.read' but no authorization policy on it requires that permission; use RequirePermission
[xUnit.net 00:00:10.35]       HTTP: GET /api/identity/users/{id:guid}/access => Access: declares 'identity.users.read' but no authorization policy on it requires that permission; use RequirePermission
[xUnit.net 00:00:10.35]       HTTP: GET /api/identity/users/{id:guid}/default-company => GetDefaultCompany: declares 'identity.users.read' but no authorization policy on it requires that permission; use RequirePermission
[xUnit.net 00:00:10.36]       HTTP: GET /api/identity/companies => Companies: declares 'identity.users.read' but no authorization policy on it requires that permission; use RequirePermission
[xUnit.net 00:00:10.36]       HTTP: GET /api/identity/users/{id:guid}/sign-ins => SignIns: declares 'identity.signIns.read' but no authorization policy on it requires that permission; use RequirePermission
[xUnit.net 00:00:10.36]       HTTP: GET /api/identity/roles => List: declares 'identity.roles.read' but no authorization policy on it requires that permission; use RequirePermission
[xUnit.net 00:00:10.36]       HTTP: GET /api/identity/roles/{id:guid} => Get: declares 'identity.roles.read' but no authorization policy on it requires that permission; use RequirePermission
[xUnit.net 00:00:10.36]       HTTP: GET /api/identity/permissions => Permissions: declares 'identity.roles.read' but no authorization policy on it requires that permission; use RequirePermission
[xUnit.net 00:00:10.36]       HTTP: GET /api/identity/users/{id:guid}/passkeys => OfUser: declares 'identity.users.read' but no authorization policy on it requires that permission; use RequirePermission
[xUnit.net 00:00:10.36]       HTTP: GET /api/lists/tenancy.companies/definition: declares 'tenancy.companies.read' but no authorization policy on it requires that permission; use RequirePermission
[xUnit.net 00:00:10.36]       HTTP: GET /api/lists/tenancy.companies/views: declares 'tenancy.companies.read' but no authorization policy on it requires that permission; use RequirePermission
[xUnit.net 00:00:10.36]       HTTP: GET /api/lists/tenancy.companies/views/{id:guid}: declares 'tenancy.companies.read' but no authorization policy on it requires that permission; use RequirePermission
[xUnit.net 00:00:10.36]       HTTP: POST /api/lists/tenancy.companies/views: declares 'tenancy.companies.read' but no authorization policy on it requires that permission; use RequirePermission
[xUnit.net 00:00:10.36]       HTTP: PUT /api/lists/tenancy.companies/views/{id:guid}: declares 'tenancy.companies.read' but no authorization policy on it requires that permission; use RequirePermission
[xUnit.net 00:00:10.36]       HTTP: DELETE /api/lists/tenancy.companies/views/{id:guid}: declares 'tenancy.companies.read' but no authorization policy on it requires that permission; use RequirePermission
[xUnit.net 00:00:10.36]       HTTP: GET /api/lists/tenancy.companies/shared-views/{id:guid}: declares 'tenancy.companies.read' but no authorization policy on it requires that permission; use RequirePermission
[xUnit.net 00:00:10.36]       HTTP: GET /api/lists/tenancy.branches/definition: declares 'tenancy.branches.read' but no authorization policy on it requires that permission; use RequirePermission
[xUnit.net 00:00:10.36]       HTTP: GET /api/lists/tenancy.branches/views: declares 'tenancy.branches.read' but no authorization policy on it requires that permission; use RequirePermission
[xUnit.net 00:00:10.36]       HTTP: GET /api/lists/tenancy.branches/views/{id:guid}: declares 'tenancy.branches.read' but no authorization policy on it requires that permission; use RequirePermission
[xUnit.net 00:00:10.36]       HTTP: POST /api/lists/tenancy.branches/views: declares 'tenancy.branches.read' but no authorization policy on it requires that permission; use RequirePermission
[xUnit.net 00:00:10.36]       HTTP: PUT /api/lists/tenancy.branches/views/{id:guid}: declares 'tenancy.branches.read' but no authorization policy on it requires that permission; use RequirePermission
[xUnit.net 00:00:10.36]       HTTP: DELETE /api/lists/tenancy.branches/views/{id:guid}: declares 'tenancy.branches.read' but no authorization policy on it requires that permission; use RequirePermission
[xUnit.net 00:00:10.36]       HTTP: GET /api/lists/tenancy.branches/shared-views/{id:guid}: declares 'tenancy.branches.read' but no authorization policy on it requires that permission; use RequirePermission
[xUnit.net 00:00:10.36]       HTTP: GET /api/lists/tenancy.access/definition: declares 'tenancy.access.read' but no authorization policy on it requires that permission; use RequirePermission
[xUnit.net 00:00:10.36]       HTTP: GET /api/lists/tenancy.access/views: declares 'tenancy.access.read' but no authorization policy on it requires that permission; use RequirePermission
[xUnit.net 00:00:10.36]       HTTP: GET /api/lists/tenancy.access/views/{id:guid}: declares 'tenancy.access.read' but no authorization policy on it requires that permission; use RequirePermission
[xUnit.net 00:00:10.36]       HTTP: POST /api/lists/tenancy.access/views: declares 'tenancy.access.read' but no authorization policy on it requires that permission; use RequirePermission
[xUnit.net 00:00:10.36]       HTTP: PUT /api/lists/tenancy.access/views/{id:guid}: declares 'tenancy.access.read' but no authorization policy on it requires that permission; use RequirePermission
[xUnit.net 00:00:10.36]       HTTP: DELETE /api/lists/tenancy.access/views/{id:guid}: declares 'tenancy.access.read' but no authorization policy on it requires that permission; use RequirePermission
[xUnit.net 00:00:10.36]       HTTP: GET /api/lists/tenancy.access/shared-views/{id:guid}: declares 'tenancy.access.read' but no authorization policy on it requires that permission; use RequirePermission
[xUnit.net 00:00:10.36]       HTTP: GET /api/lists/identity.users/definition: declares 'identity.users.read' but no authorization policy on it requires that permission; use RequirePermission
[xUnit.net 00:00:10.36]       HTTP: GET /api/lists/identity.users/views: declares 'identity.users.read' but no authorization policy on it requires that permission; use RequirePermission
[xUnit.net 00:00:10.36]       HTTP: GET /api/lists/identity.users/views/{id:guid}: declares 'identity.users.read' but no authorization policy on it requires that permission; use RequirePermission
[xUnit.net 00:00:10.36]       HTTP: POST /api/lists/identity.users/views: declares 'identity.users.read' but no authorization policy on it requires that permission; use RequirePermission
[xUnit.net 00:00:10.36]       HTTP: PUT /api/lists/identity.users/views/{id:guid}: declares 'identity.users.read' but no authorization policy on it requires that permission; use RequirePermission
[xUnit.net 00:00:10.36]       HTTP: DELETE /api/lists/identity.users/views/{id:guid}: declares 'identity.users.read' but no authorization policy on it requires that permission; use RequirePermission
[xUnit.net 00:00:10.36]       HTTP: GET /api/lists/identity.users/shared-views/{id:guid}: declares 'identity.users.read' but no authorization policy on it requires that permission; use RequirePermission
[xUnit.net 00:00:10.36]       HTTP: GET /api/lists/identity.roles/definition: declares 'identity.roles.read' but no authorization policy on it requires that permission; use RequirePermission
[xUnit.net 00:00:10.36]       HTTP: GET /api/lists/identity.roles/views: declares 'identity.roles.read' but no authorization policy on it requires that permission; use RequirePermission
[xUnit.net 00:00:10.36]       HTTP: GET /api/lists/identity.roles/views/{id:guid}: declares 'identity.roles.read' but no authorization policy on it requires that permission; use RequirePermission
[xUnit.net 00:00:10.36]       HTTP: POST /api/lists/identity.roles/views: declares 'identity.roles.read' but no authorization policy on it requires that permission; use RequirePermission
[xUnit.net 00:00:10.36]       HTTP: PUT /api/lists/identity.roles/views/{id:guid}: declares 'identity.roles.read' but no authorization policy on it requires that permission; use RequirePermission
[xUnit.net 00:00:10.36]       HTTP: DELETE /api/lists/identity.roles/views/{id:guid}: declares 'identity.roles.read' but no authorization policy on it requires that permission; use RequirePermission
[xUnit.net 00:00:10.36]       HTTP: GET /api/lists/identity.roles/shared-views/{id:guid}: declares 'identity.roles.read' but no authorization policy on it requires that permission; use RequirePermission
[xUnit.net 00:00:10.36]       HTTP: GET /api/reports/catalog => Catalog: declares 'reports.catalog.read' but no authorization policy on it requires that permission; use RequirePermission
[xUnit.net 00:00:10.36]       HTTP: GET /api/reports/run/tenancy.companyProfile: declares 'tenancy.companies.read' but no authorization policy on it requires that permission; use RequirePermission
[xUnit.net 00:00:10.36]       HTTP: GET /api/reports/run/tenancy.branchDirectory: declares 'tenancy.branches.read' but no authorization policy on it requires that permission; use RequirePermission
[xUnit.net 00:00:10.36]       HTTP: GET /api/reports/run/identity.usersByRole: declares 'identity.users.read' but no authorization policy on it requires that permission; use RequirePermission
[xUnit.net 00:00:10.36]       HTTP: GET /api/reports/run/identity.roleSummary: declares 'identity.roles.read' but no authorization policy on it requires that permission; use RequirePermission
[xUnit.net 00:00:10.36]       HTTP: GET /api/reports/lists/tenancy.companies: declares 'tenancy.companies.read' but no authorization policy on it requires that permission; use RequirePermission
[xUnit.net 00:00:10.36]       HTTP: GET /api/reports/lists/tenancy.branches: declares 'tenancy.branches.read' but no authorization policy on it requires that permission; use RequirePermission
[xUnit.net 00:00:10.36]       HTTP: GET /api/reports/lists/tenancy.access: declares 'tenancy.access.read' but no authorization policy on it requires that permission; use RequirePermission
[xUnit.net 00:00:10.36]       HTTP: GET /api/reports/lists/identity.users: declares 'identity.users.read' but no authorization policy on it requires that permission; use RequirePermission
[xUnit.net 00:00:10.36]       HTTP: GET /api/reports/lists/identity.roles: declares 'identity.roles.read' but no authorization policy on it requires that permission; use RequirePermission
[xUnit.net 00:00:10.36]       Stack Trace:
[xUnit.net 00:00:10.36]         
[xUnit.net 00:00:10.36]         ----- Inner Stack Trace -----
[xUnit.net 00:00:10.36]         /work/src/Kernel/Erp.Kernel/Hosting/ErpPlatform.cs(251,0): at Erp.Kernel.Hosting.ErpPlatform.ValidateEndpoints(WebApplication app)
[xUnit.net 00:00:10.36]         /work/src/Kernel/Erp.Kernel/Hosting/ErpPlatform.cs(204,0): at Erp.Kernel.Hosting.ErpPlatform.UseErpPlatform(WebApplication app)
[xUnit.net 00:00:10.36]         /work/src/Host/Erp.Host/Program.cs(8,0): at Program.<Main>$(String[] args)
[xUnit.net 00:00:10.36]            at Program.<Main>(String[] args)
[xUnit.net 00:00:10.36]            at System.Reflection.MethodBaseInvoker.InterpretedInvoke_Method(Object obj, IntPtr* args)
[xUnit.net 00:00:10.36]            at System.Reflection.MethodBaseInvoker.InvokeDirectByRefWithFewArgs(Object obj, Span`1 copyOfArgs, BindingFlags invokeAttr)
[xUnit.net 00:00:10.36]         --- End of stack trace from previous location ---
[xUnit.net 00:00:10.36]            at Microsoft.AspNetCore.Mvc.Testing.DeferredHostBuilder.DeferredHost.StartAsync(CancellationToken cancellationToken)
[xUnit.net 00:00:10.36]            at Microsoft.Extensions.Hosting.HostingAbstractionsHostExtensions.Start(IHost host)
[xUnit.net 00:00:10.36]            at Microsoft.AspNetCore.Mvc.Testing.WebApplicationFactory`1.CreateHost(IHostBuilder builder)
[xUnit.net 00:00:10.36]            at Microsoft.AspNetCore.Mvc.Testing.WebApplicationFactory`1.ConfigureHostBuilder(IHostBuilder hostBuilder)
[xUnit.net 00:00:10.36]            at Microsoft.AspNetCore.Mvc.Testing.WebApplicationFactory`1.StartServer()
[xUnit.net 00:00:10.36]            at Microsoft.AspNetCore.Mvc.Testing.WebApplicationFactory`1.get_Services()
[xUnit.net 00:00:10.36]         /work/tests/Erp.Testing/ErpTestEnvironment.cs(129,0): at Erp.Testing.ErpTestEnvironment.SeedAsync(TestDatabaseServer server, String database, SeedPlan plan, IDictionary`2 settings)
[xUnit.net 00:00:10.36]         /work/tests/Erp.Testing/ErpTestEnvironment.cs(139,0): at Erp.Testing.ErpTestEnvironment.SeedAsync(TestDatabaseServer server, String database, SeedPlan plan, IDictionary`2 settings)
[xUnit.net 00:00:10.36]         /work/tests/Erp.Testing/ErpTestEnvironment.cs(91,0): at Erp.Testing.ErpTestEnvironment.<>c__DisplayClass34_0.<<StartGateAsync>b__0>d.MoveNext()
[xUnit.net 00:00:10.36]         --- End of stack trace from previous location ---
[xUnit.net 00:00:10.36]         /work/tests/Erp.Testing/TestDatabaseServer.cs(160,0): at Erp.Testing.TestDatabaseServer.<>c__DisplayClass25_0.<<GateTemplateAsync>b__3>d.MoveNext()
[xUnit.net 00:00:10.36]         --- End of stack trace from previous location ---
[xUnit.net 00:00:10.36]         /work/tests/Erp.Testing/TestDatabaseServer.cs(165,0): at Erp.Testing.TestDatabaseServer.GateTemplateAsync(IDictionary`2 settings, Func`2 seed)
[xUnit.net 00:00:10.36]         /work/tests/Erp.Testing/ErpTestEnvironment.cs(88,0): at Erp.Testing.ErpTestEnvironment.StartGateAsync(IDictionary`2 settings)
[xUnit.net 00:00:10.36]         /work/tests/Erp.Gates.Tests/Infrastructure/GateFixture.cs(17,0): at Erp.Gates.Tests.Infrastructure.GateFixture.InitializeAsync()
[xUnit.net 00:00:10.36]     Erp.Gates.Tests.G2.G2PermissionTests.Every_registered_list_is_readable_with_its_permission_alone [FAIL]
[xUnit.net 00:00:10.36]       Assembly fixture type 'Erp.Gates.Tests.Infrastructure.GateFixture' threw in InitializeAsync
[xUnit.net 00:00:10.36]       ---- System.InvalidOperationException : Endpoint authorisation is incomplete:
[xUnit.net 00:00:10.36]       HTTP: GET /api/tenancy/tenant => GetTenant: declares 'tenancy.tenant.read' but no authorization policy on it requires that permission; use RequirePermission
[xUnit.net 00:00:10.36]       HTTP: GET /api/tenancy/companies => List: declares 'tenancy.companies.read' but no authorization policy on it requires that permission; use RequirePermission
[xUnit.net 00:00:10.36]       HTTP: GET /api/tenancy/companies/{id:guid} => Get: declares 'tenancy.companies.read' but no authorization policy on it requires that permission; use RequirePermission
[xUnit.net 00:00:10.36]       HTTP: GET /api/tenancy/companies/{id:guid}/logo => GetLogo: declares 'tenancy.companies.read' but no authorization policy on it requires that permission; use RequirePermission
[xUnit.net 00:00:10.36]       HTTP: GET /api/tenancy/branches => List: declares 'tenancy.branches.read' but no authorization policy on it requires that permission; use RequirePermission
[xUnit.net 00:00:10.36]       HTTP: GET /api/tenancy/branches/{id:guid} => Get: declares 'tenancy.branches.read' but no authorization policy on it requires that permission; use RequirePermission
[xUnit.net 00:00:10.36]       HTTP: GET /api/tenancy/access => List: declares 'tenancy.access.read' but no authorization policy on it requires that permission; use RequirePermission
[xUnit.net 00:00:10.36]       HTTP: GET /api/tenancy/access/{userId:guid} => Get: declares 'tenancy.access.read' but no authorization policy on it requires that permission; use RequirePermission
[xUnit.net 00:00:10.36]       HTTP: GET /api/tenancy/workplace => Get: declares 'tenancy.workplace.read' but no authorization policy on it requires that permission; use RequirePermission
[xUnit.net 00:00:10.36]       HTTP: GET /api/identity/users => List: declares 'identity.users.read' but no authorization policy on it requires that permission; use RequirePermission
[xUnit.net 00:00:10.36]       HTTP: GET /api/identity/users/{id:guid} => Get: declares 'identity.users.read' but no authorization policy on it requires that permission; use RequirePermission
[xUnit.net 00:00:10.36]       HTTP: GET /api/identity/users/{id:guid}/access => Access: declares 'identity.users.read' but no authorization policy on it requires that permission; use RequirePermission
[xUnit.net 00:00:10.36]       HTTP: GET /api/identity/users/{id:guid}/default-company => GetDefaultCompany: declares 'identity.users.read' but no authorization policy on it requires that permission; use RequirePermission
[xUnit.net 00:00:10.36]       HTTP: GET /api/identity/companies => Companies: declares 'identity.users.read' but no authorization policy on it requires that permission; use RequirePermission
[xUnit.net 00:00:10.36]       HTTP: GET /api/identity/users/{id:guid}/sign-ins => SignIns: declares 'identity.signIns.read' but no authorization policy on it requires that permission; use RequirePermission
[xUnit.net 00:00:10.36]       HTTP: GET /api/identity/roles => List: declares 'identity.roles.read' but no authorization policy on it requires that permission; use RequirePermission
[xUnit.net 00:00:10.36]       HTTP: GET /api/identity/roles/{id:guid} => Get: declares 'identity.roles.read' but no authorization policy on it requires that permission; use RequirePermission
[xUnit.net 00:00:10.36]       HTTP: GET /api/identity/permissions => Permissions: declares 'identity.roles.read' but no authorization policy on it requires that permission; use RequirePermission
[xUnit.net 00:00:10.36]       HTTP: GET /api/identity/users/{id:guid}/passkeys => OfUser: declares 'identity.users.read' but no authorization policy on it requires that permission; use RequirePermission
[xUnit.net 00:00:10.36]       HTTP: GET /api/lists/tenancy.companies/definition: declares 'tenancy.companies.read' but no authorization policy on it requires that permission; use RequirePermission
[xUnit.net 00:00:10.36]       HTTP: GET /api/lists/tenancy.companies/views: declares 'tenancy.companies.read' but no authorization policy on it requires that permission; use RequirePermission
[xUnit.net 00:00:10.36]       HTTP: GET /api/lists/tenancy.companies/views/{id:guid}: declares 'tenancy.companies.read' but no authorization policy on it requires that permission; use RequirePermission
[xUnit.net 00:00:10.36]       HTTP: POST /api/lists/tenancy.companies/views: declares 'tenancy.companies.read' but no authorization policy on it requires that permission; use RequirePermission
[xUnit.net 00:00:10.36]       HTTP: PUT /api/lists/tenancy.companies/views/{id:guid}: declares 'tenancy.companies.read' but no authorization policy on it requires that permission; use RequirePermission
[xUnit.net 00:00:10.36]       HTTP: DELETE /api/lists/tenancy.companies/views/{id:guid}: declares 'tenancy.companies.read' but no authorization policy on it requires that permission; use RequirePermission
[xUnit.net 00:00:10.36]       HTTP: GET /api/lists/tenancy.companies/shared-views/{id:guid}: declares 'tenancy.companies.read' but no authorization policy on it requires that permission; use RequirePermission
[xUnit.net 00:00:10.36]       HTTP: GET /api/lists/tenancy.branches/definition: declares 'tenancy.branches.read' but no authorization policy on it requires that permission; use RequirePermission
[xUnit.net 00:00:10.36]       HTTP: GET /api/lists/tenancy.branches/views: declares 'tenancy.branches.read' but no authorization policy on it requires that permission; use RequirePermission
[xUnit.net 00:00:10.36]       HTTP: GET /api/lists/tenancy.branches/views/{id:guid}: declares 'tenancy.branches.read' but no authorization policy on it requires that permission; use RequirePermission
[xUnit.net 00:00:10.36]       HTTP: POST /api/lists/tenancy.branches/views: declares 'tenancy.branches.read' but no authorization policy on it requires that permission; use RequirePermission
[xUnit.net 00:00:10.36]       HTTP: PUT /api/lists/tenancy.branches/views/{id:guid}: declares 'tenancy.branches.read' but no authorization policy on it requires that permission; use RequirePermission
[xUnit.net 00:00:10.36]       HTTP: DELETE /api/lists/tenancy.branches/views/{id:guid}: declares 'tenancy.branches.read' but no authorization policy on it requires that permission; use RequirePermission
[xUnit.net 00:00:10.36]       HTTP: GET /api/lists/tenancy.branches/shared-views/{id:guid}: declares 'tenancy.branches.read' but no authorization policy on it requires that permission; use RequirePermission
[xUnit.net 00:00:10.36]       HTTP: GET /api/lists/tenancy.access/definition: declares 'tenancy.access.read' but no authorization policy on it requires that permission; use RequirePermission
[xUnit.net 00:00:10.36]       HTTP: GET /api/lists/tenancy.access/views: declares 'tenancy.access.read' but no authorization policy on it requires that permission; use RequirePermission
[xUnit.net 00:00:10.36]       HTTP: GET /api/lists/tenancy.access/views/{id:guid}: declares 'tenancy.access.read' but no authorization policy on it requires that permission; use RequirePermission
[xUnit.net 00:00:10.36]       HTTP: POST /api/lists/tenancy.access/views: declares 'tenancy.access.read' but no authorization policy on it requires that permission; use RequirePermission
[xUnit.net 00:00:10.36]       HTTP: PUT /api/lists/tenancy.access/views/{id:guid}: declares 'tenancy.access.read' but no authorization policy on it requires that permission; use RequirePermission
[xUnit.net 00:00:10.36]       HTTP: DELETE /api/lists/tenancy.access/views/{id:guid}: declares 'tenancy.access.read' but no authorization policy on it requires that permission; use RequirePermission
[xUnit.net 00:00:10.36]       HTTP: GET /api/lists/tenancy.access/shared-views/{id:guid}: declares 'tenancy.access.read' but no authorization policy on it requires that permission; use RequirePermission
[xUnit.net 00:00:10.36]       HTTP: GET /api/lists/identity.users/definition: declares 'identity.users.read' but no authorization policy on it requires that permission; use RequirePermission
[xUnit.net 00:00:10.36]       HTTP: GET /api/lists/identity.users/views: declares 'identity.users.read' but no authorization policy on it requires that permission; use RequirePermission
[xUnit.net 00:00:10.36]       HTTP: GET /api/lists/identity.users/views/{id:guid}: declares 'identity.users.read' but no authorization policy on it requires that permission; use RequirePermission
[xUnit.net 00:00:10.36]       HTTP: POST /api/lists/identity.users/views: declares 'identity.users.read' but no authorization policy on it requires that permission; use RequirePermission
[xUnit.net 00:00:10.36]       HTTP: PUT /api/lists/identity.users/views/{id:guid}: declares 'identity.users.read' but no authorization policy on it requires that permission; use RequirePermission
[xUnit.net 00:00:10.36]       HTTP: DELETE /api/lists/identity.users/views/{id:guid}: declares 'identity.users.read' but no authorization policy on it requires that permission; use RequirePermission
[xUnit.net 00:00:10.36]       HTTP: GET /api/lists/identity.users/shared-views/{id:guid}: declares 'identity.users.read' but no authorization policy on it requires that permission; use RequirePermission
[xUnit.net 00:00:10.36]       HTTP: GET /api/lists/identity.roles/definition: declares 'identity.roles.read' but no authorization policy on it requires that permission; use RequirePermission
[xUnit.net 00:00:10.36]       HTTP: GET /api/lists/identity.roles/views: declares 'identity.roles.read' but no authorization policy on it requires that permission; use RequirePermission
[xUnit.net 00:00:10.36]       HTTP: GET /api/lists/identity.roles/views/{id:guid}: declares 'identity.roles.read' but no authorization policy on it requires that permission; use RequirePermission
[xUnit.net 00:00:10.36]       HTTP: POST /api/lists/identity.roles/views: declares 'identity.roles.read' but no authorization policy on it requires that permission; use RequirePermission
[xUnit.net 00:00:10.36]       HTTP: PUT /api/lists/identity.roles/views/{id:guid}: declares 'identity.roles.read' but no authorization policy on it requires that permission; use RequirePermission
[xUnit.net 00:00:10.36]       HTTP: DELETE /api/lists/identity.roles/views/{id:guid}: declares 'identity.roles.read' but no authorization policy on it requires that permission; use RequirePermission
[xUnit.net 00:00:10.36]       HTTP: GET /api/lists/identity.roles/shared-views/{id:guid}: declares 'identity.roles.read' but no authorization policy on it requires that permission; use RequirePermission
[xUnit.net 00:00:10.36]       HTTP: GET /api/reports/catalog => Catalog: declares 'reports.catalog.read' but no authorization policy on it requires that permission; use RequirePermission
[xUnit.net 00:00:10.36]       HTTP: GET /api/reports/run/tenancy.companyProfile: declares 'tenancy.companies.read' but no authorization policy on it requires that permission; use RequirePermission
[xUnit.net 00:00:10.36]       HTTP: GET /api/reports/run/tenancy.branchDirectory: declares 'tenancy.branches.read' but no authorization policy on it requires that permission; use RequirePermission
[xUnit.net 00:00:10.36]       HTTP: GET /api/reports/run/identity.usersByRole: declares 'identity.users.read' but no authorization policy on it requires that permission; use RequirePermission
[xUnit.net 00:00:10.36]       HTTP: GET /api/reports/run/identity.roleSummary: declares 'identity.roles.read' but no authorization policy on it requires that permission; use RequirePermission
[xUnit.net 00:00:10.36]       HTTP: GET /api/reports/lists/tenancy.companies: declares 'tenancy.companies.read' but no authorization policy on it requires that permission; use RequirePermission
[xUnit.net 00:00:10.36]       HTTP: GET /api/reports/lists/tenancy.branches: declares 'tenancy.branches.read' but no authorization policy on it requires that permission; use RequirePermission
[xUnit.net 00:00:10.36]       HTTP: GET /api/reports/lists/tenancy.access: declares 'tenancy.access.read' but no authorization policy on it requires that permission; use RequirePermission
[xUnit.net 00:00:10.36]       HTTP: GET /api/reports/lists/identity.users: declares 'identity.users.read' but no authorization policy on it requires that permission; use RequirePermission
[xUnit.net 00:00:10.36]       HTTP: GET /api/reports/lists/identity.roles: declares 'identity.roles.read' but no authorization policy on it requires that permission; use RequirePermission
[xUnit.net 00:00:10.36]       Stack Trace:
[xUnit.net 00:00:10.36]         
[xUnit.net 00:00:10.36]         ----- Inner Stack Trace -----
[xUnit.net 00:00:10.36]         /work/src/Kernel/Erp.Kernel/Hosting/ErpPlatform.cs(251,0): at Erp.Kernel.Hosting.ErpPlatform.ValidateEndpoints(WebApplication app)
[xUnit.net 00:00:10.36]         /work/src/Kernel/Erp.Kernel/Hosting/ErpPlatform.cs(204,0): at Erp.Kernel.Hosting.ErpPlatform.UseErpPlatform(WebApplication app)
[xUnit.net 00:00:10.36]         /work/src/Host/Erp.Host/Program.cs(8,0): at Program.<Main>$(String[] args)
[xUnit.net 00:00:10.36]            at Program.<Main>(String[] args)
[xUnit.net 00:00:10.36]            at System.Reflection.MethodBaseInvoker.InterpretedInvoke_Method(Object obj, IntPtr* args)
[xUnit.net 00:00:10.36]            at System.Reflection.MethodBaseInvoker.InvokeDirectByRefWithFewArgs(Object obj, Span`1 copyOfArgs, BindingFlags invokeAttr)
[xUnit.net 00:00:10.36]         --- End of stack trace from previous location ---
[xUnit.net 00:00:10.36]            at Microsoft.AspNetCore.Mvc.Testing.DeferredHostBuilder.DeferredHost.StartAsync(CancellationToken cancellationToken)
[xUnit.net 00:00:10.36]            at Microsoft.Extensions.Hosting.HostingAbstractionsHostExtensions.Start(IHost host)
[xUnit.net 00:00:10.36]            at Microsoft.AspNetCore.Mvc.Testing.WebApplicationFactory`1.CreateHost(IHostBuilder builder)
[xUnit.net 00:00:10.36]            at Microsoft.AspNetCore.Mvc.Testing.WebApplicationFactory`1.ConfigureHostBuilder(IHostBuilder hostBuilder)
[xUnit.net 00:00:10.36]            at Microsoft.AspNetCore.Mvc.Testing.WebApplicationFactory`1.StartServer()
[xUnit.net 00:00:10.36]            at Microsoft.AspNetCore.Mvc.Testing.WebApplicationFactory`1.get_Services()
[xUnit.net 00:00:10.36]         /work/tests/Erp.Testing/ErpTestEnvironment.cs(129,0): at Erp.Testing.ErpTestEnvironment.SeedAsync(TestDatabaseServer server, String database, SeedPlan plan, IDictionary`2 settings)
[xUnit.net 00:00:10.36]         /work/tests/Erp.Testing/ErpTestEnvironment.cs(139,0): at Erp.Testing.ErpTestEnvironment.SeedAsync(TestDatabaseServer server, String database, SeedPlan plan, IDictionary`2 settings)
[xUnit.net 00:00:10.36]         /work/tests/Erp.Testing/ErpTestEnvironment.cs(91,0): at Erp.Testing.ErpTestEnvironment.<>c__DisplayClass34_0.<<StartGateAsync>b__0>d.MoveNext()
[xUnit.net 00:00:10.36]         --- End of stack trace from previous location ---
[xUnit.net 00:00:10.36]         /work/tests/Erp.Testing/TestDatabaseServer.cs(160,0): at Erp.Testing.TestDatabaseServer.<>c__DisplayClass25_0.<<GateTemplateAsync>b__3>d.MoveNext()
[xUnit.net 00:00:10.36]         --- End of stack trace from previous location ---
[xUnit.net 00:00:10.36]         /work/tests/Erp.Testing/TestDatabaseServer.cs(165,0): at Erp.Testing.TestDatabaseServer.GateTemplateAsync(IDictionary`2 settings, Func`2 seed)
[xUnit.net 00:00:10.36]         /work/tests/Erp.Testing/ErpTestEnvironment.cs(88,0): at Erp.Testing.ErpTestEnvironment.StartGateAsync(IDictionary`2 settings)
[xUnit.net 00:00:10.36]         /work/tests/Erp.Gates.Tests/Infrastructure/GateFixture.cs(17,0): at Erp.Gates.Tests.Infrastructure.GateFixture.InitializeAsync()
[xUnit.net 00:00:10.36]     Erp.Gates.Tests.G2.G2PermissionTests.The_host_refuses_a_list_whose_endpoint_declares_another_permission [FAIL]
[xUnit.net 00:00:10.36]       Assembly fixture type 'Erp.Gates.Tests.Infrastructure.GateFixture' threw in InitializeAsync
[xUnit.net 00:00:10.36]       ---- System.InvalidOperationException : Endpoint authorisation is incomplete:
[xUnit.net 00:00:10.36]       HTTP: GET /api/tenancy/tenant => GetTenant: declares 'tenancy.tenant.read' but no authorization policy on it requires that permission; use RequirePermission
[xUnit.net 00:00:10.36]       HTTP: GET /api/tenancy/companies => List: declares 'tenancy.companies.read' but no authorization policy on it requires that permission; use RequirePermission
[xUnit.net 00:00:10.36]       HTTP: GET /api/tenancy/companies/{id:guid} => Get: declares 'tenancy.companies.read' but no authorization policy on it requires that permission; use RequirePermission
[xUnit.net 00:00:10.36]       HTTP: GET /api/tenancy/companies/{id:guid}/logo => GetLogo: declares 'tenancy.companies.read' but no authorization policy on it requires that permission; use RequirePermission
[xUnit.net 00:00:10.36]       HTTP: GET /api/tenancy/branches => List: declares 'tenancy.branches.read' but no authorization policy on it requires that permission; use RequirePermission
[xUnit.net 00:00:10.36]       HTTP: GET /api/tenancy/branches/{id:guid} => Get: declares 'tenancy.branches.read' but no authorization policy on it requires that permission; use RequirePermission
[xUnit.net 00:00:10.36]       HTTP: GET /api/tenancy/access => List: declares 'tenancy.access.read' but no authorization policy on it requires that permission; use RequirePermission
[xUnit.net 00:00:10.36]       HTTP: GET /api/tenancy/access/{userId:guid} => Get: declares 'tenancy.access.read' but no authorization policy on it requires that permission; use RequirePermission
[xUnit.net 00:00:10.36]       HTTP: GET /api/tenancy/workplace => Get: declares 'tenancy.workplace.read' but no authorization policy on it requires that permission; use RequirePermission
[xUnit.net 00:00:10.36]       HTTP: GET /api/identity/users => List: declares 'identity.users.read' but no authorization policy on it requires that permission; use RequirePermission
[xUnit.net 00:00:10.36]       HTTP: GET /api/identity/users/{id:guid} => Get: declares 'identity.users.read' but no authorization policy on it requires that permission; use RequirePermission
[xUnit.net 00:00:10.36]       HTTP: GET /api/identity/users/{id:guid}/access => Access: declares 'identity.users.read' but no authorization policy on it requires that permission; use RequirePermission
[xUnit.net 00:00:10.36]       HTTP: GET /api/identity/users/{id:guid}/default-company => GetDefaultCompany: declares 'identity.users.read' but no authorization policy on it requires that permission; use RequirePermission
[xUnit.net 00:00:10.36]       HTTP: GET /api/identity/companies => Companies: declares 'identity.users.read' but no authorization policy on it requires that permission; use RequirePermission
[xUnit.net 00:00:10.36]       HTTP: GET /api/identity/users/{id:guid}/sign-ins => SignIns: declares 'identity.signIns.read' but no authorization policy on it requires that permission; use RequirePermission
[xUnit.net 00:00:10.36]       HTTP: GET /api/identity/roles => List: declares 'identity.roles.read' but no authorization policy on it requires that permission; use RequirePermission
[xUnit.net 00:00:10.36]       HTTP: GET /api/identity/roles/{id:guid} => Get: declares 'identity.roles.read' but no authorization policy on it requires that permission; use RequirePermission
[xUnit.net 00:00:10.36]       HTTP: GET /api/identity/permissions => Permissions: declares 'identity.roles.read' but no authorization policy on it requires that permission; use RequirePermission
[xUnit.net 00:00:10.36]       HTTP: GET /api/identity/users/{id:guid}/passkeys => OfUser: declares 'identity.users.read' but no authorization policy on it requires that permission; use RequirePermission
[xUnit.net 00:00:10.36]       HTTP: GET /api/lists/tenancy.companies/definition: declares 'tenancy.companies.read' but no authorization policy on it requires that permission; use RequirePermission
[xUnit.net 00:00:10.36]       HTTP: GET /api/lists/tenancy.companies/views: declares 'tenancy.companies.read' but no authorization policy on it requires that permission; use RequirePermission
[xUnit.net 00:00:10.36]       HTTP: GET /api/lists/tenancy.companies/views/{id:guid}: declares 'tenancy.companies.read' but no authorization policy on it requires that permission; use RequirePermission
[xUnit.net 00:00:10.36]       HTTP: POST /api/lists/tenancy.companies/views: declares 'tenancy.companies.read' but no authorization policy on it requires that permission; use RequirePermission
[xUnit.net 00:00:10.36]       HTTP: PUT /api/lists/tenancy.companies/views/{id:guid}: declares 'tenancy.companies.read' but no authorization policy on it requires that permission; use RequirePermission
[xUnit.net 00:00:10.36]       HTTP: DELETE /api/lists/tenancy.companies/views/{id:guid}: declares 'tenancy.companies.read' but no authorization policy on it requires that permission; use RequirePermission
[xUnit.net 00:00:10.36]       HTTP: GET /api/lists/tenancy.companies/shared-views/{id:guid}: declares 'tenancy.companies.read' but no authorization policy on it requires that permission; use RequirePermission
[xUnit.net 00:00:10.36]       HTTP: GET /api/lists/tenancy.branches/definition: declares 'tenancy.branches.read' but no authorization policy on it requires that permission; use RequirePermission
[xUnit.net 00:00:10.36]       HTTP: GET /api/lists/tenancy.branches/views: declares 'tenancy.branches.read' but no authorization policy on it requires that permission; use RequirePermission
[xUnit.net 00:00:10.36]       HTTP: GET /api/lists/tenancy.branches/views/{id:guid}: declares 'tenancy.branches.read' but no authorization policy on it requires that permission; use RequirePermission
[xUnit.net 00:00:10.36]       HTTP: POST /api/lists/tenancy.branches/views: declares 'tenancy.branches.read' but no authorization policy on it requires that permission; use RequirePermission
[xUnit.net 00:00:10.36]       HTTP: PUT /api/lists/tenancy.branches/views/{id:guid}: declares 'tenancy.branches.read' but no authorization policy on it requires that permission; use RequirePermission
[xUnit.net 00:00:10.36]       HTTP: DELETE /api/lists/tenancy.branches/views/{id:guid}: declares 'tenancy.branches.read' but no authorization policy on it requires that permission; use RequirePermission
[xUnit.net 00:00:10.36]       HTTP: GET /api/lists/tenancy.branches/shared-views/{id:guid}: declares 'tenancy.branches.read' but no authorization policy on it requires that permission; use RequirePermission
[xUnit.net 00:00:10.36]       HTTP: GET /api/lists/tenancy.access/definition: declares 'tenancy.access.read' but no authorization policy on it requires that permission; use RequirePermission
[xUnit.net 00:00:10.36]       HTTP: GET /api/lists/tenancy.access/views: declares 'tenancy.access.read' but no authorization policy on it requires that permission; use RequirePermission
[xUnit.net 00:00:10.36]       HTTP: GET /api/lists/tenancy.access/views/{id:guid}: declares 'tenancy.access.read' but no authorization policy on it requires that permission; use RequirePermission
[xUnit.net 00:00:10.36]       HTTP: POST /api/lists/tenancy.access/views: declares 'tenancy.access.read' but no authorization policy on it requires that permission; use RequirePermission
[xUnit.net 00:00:10.36]       HTTP: PUT /api/lists/tenancy.access/views/{id:guid}: declares 'tenancy.access.read' but no authorization policy on it requires that permission; use RequirePermission
[xUnit.net 00:00:10.36]       HTTP: DELETE /api/lists/tenancy.access/views/{id:guid}: declares 'tenancy.access.read' but no authorization policy on it requires that permission; use RequirePermission
[xUnit.net 00:00:10.36]       HTTP: GET /api/lists/tenancy.access/shared-views/{id:guid}: declares 'tenancy.access.read' but no authorization policy on it requires that permission; use RequirePermission
[xUnit.net 00:00:10.36]       HTTP: GET /api/lists/identity.users/definition: declares 'identity.users.read' but no authorization policy on it requires that permission; use RequirePermission
[xUnit.net 00:00:10.36]       HTTP: GET /api/lists/identity.users/views: declares 'identity.users.read' but no authorization policy on it requires that permission; use RequirePermission
[xUnit.net 00:00:10.36]       HTTP: GET /api/lists/identity.users/views/{id:guid}: declares 'identity.users.read' but no authorization policy on it requires that permission; use RequirePermission
[xUnit.net 00:00:10.36]       HTTP: POST /api/lists/identity.users/views: declares 'identity.users.read' but no authorization policy on it requires that permission; use RequirePermission
[xUnit.net 00:00:10.36]       HTTP: PUT /api/lists/identity.users/views/{id:guid}: declares 'identity.users.read' but no authorization policy on it requires that permission; use RequirePermission
[xUnit.net 00:00:10.36]       HTTP: DELETE /api/lists/identity.users/views/{id:guid}: declares 'identity.users.read' but no authorization policy on it requires that permission; use RequirePermission
[xUnit.net 00:00:10.36]       HTTP: GET /api/lists/identity.users/shared-views/{id:guid}: declares 'identity.users.read' but no authorization policy on it requires that permission; use RequirePermission
[xUnit.net 00:00:10.36]       HTTP: GET /api/lists/identity.roles/definition: declares 'identity.roles.read' but no authorization policy on it requires that permission; use RequirePermission
[xUnit.net 00:00:10.36]       HTTP: GET /api/lists/identity.roles/views: declares 'identity.roles.read' but no authorization policy on it requires that permission; use RequirePermission
[xUnit.net 00:00:10.36]       HTTP: GET /api/lists/identity.roles/views/{id:guid}: declares 'identity.roles.read' but no authorization policy on it requires that permission; use RequirePermission
[xUnit.net 00:00:10.36]       HTTP: POST /api/lists/identity.roles/views: declares 'identity.roles.read' but no authorization policy on it requires that permission; use RequirePermission
[xUnit.net 00:00:10.36]       HTTP: PUT /api/lists/identity.roles/views/{id:guid}: declares 'identity.roles.read' but no authorization policy on it requires that permission; use RequirePermission
[xUnit.net 00:00:10.36]       HTTP: DELETE /api/lists/identity.roles/views/{id:guid}: declares 'identity.roles.read' but no authorization policy on it requires that permission; use RequirePermission
[xUnit.net 00:00:10.36]       HTTP: GET /api/lists/identity.roles/shared-views/{id:guid}: declares 'identity.roles.read' but no authorization policy on it requires that permission; use RequirePermission
[xUnit.net 00:00:10.36]       HTTP: GET /api/reports/catalog => Catalog: declares 'reports.catalog.read' but no authorization policy on it requires that permission; use RequirePermission
[xUnit.net 00:00:10.36]       HTTP: GET /api/reports/run/tenancy.companyProfile: declares 'tenancy.companies.read' but no authorization policy on it requires that permission; use RequirePermission
[xUnit.net 00:00:10.36]       HTTP: GET /api/reports/run/tenancy.branchDirectory: declares 'tenancy.branches.read' but no authorization policy on it requires that permission; use RequirePermission
[xUnit.net 00:00:10.36]       HTTP: GET /api/reports/run/identity.usersByRole: declares 'identity.users.read' but no authorization policy on it requires that permission; use RequirePermission
[xUnit.net 00:00:10.36]       HTTP: GET /api/reports/run/identity.roleSummary: declares 'identity.roles.read' but no authorization policy on it requires that permission; use RequirePermission
[xUnit.net 00:00:10.36]       HTTP: GET /api/reports/lists/tenancy.companies: declares 'tenancy.companies.read' but no authorization policy on it requires that permission; use RequirePermission
[xUnit.net 00:00:10.36]       HTTP: GET /api/reports/lists/tenancy.branches: declares 'tenancy.branches.read' but no authorization policy on it requires that permission; use RequirePermission
[xUnit.net 00:00:10.36]       HTTP: GET /api/reports/lists/tenancy.access: declares 'tenancy.access.read' but no authorization policy on it requires that permission; use RequirePermission
[xUnit.net 00:00:10.36]       HTTP: GET /api/reports/lists/identity.users: declares 'identity.users.read' but no authorization policy on it requires that permission; use RequirePermission
[xUnit.net 00:00:10.36]       HTTP: GET /api/reports/lists/identity.roles: declares 'identity.roles.read' but no authorization policy on it requires that permission; use RequirePermission
[xUnit.net 00:00:10.36]       Stack Trace:
[xUnit.net 00:00:10.36]         
[xUnit.net 00:00:10.36]         ----- Inner Stack Trace -----
[xUnit.net 00:00:10.36]         /work/src/Kernel/Erp.Kernel/Hosting/ErpPlatform.cs(251,0): at Erp.Kernel.Hosting.ErpPlatform.ValidateEndpoints(WebApplication app)
[xUnit.net 00:00:10.36]         /work/src/Kernel/Erp.Kernel/Hosting/ErpPlatform.cs(204,0): at Erp.Kernel.Hosting.ErpPlatform.UseErpPlatform(WebApplication app)
[xUnit.net 00:00:10.36]         /work/src/Host/Erp.Host/Program.cs(8,0): at Program.<Main>$(String[] args)
[xUnit.net 00:00:10.36]            at Program.<Main>(String[] args)
[xUnit.net 00:00:10.36]            at System.Reflection.MethodBaseInvoker.InterpretedInvoke_Method(Object obj, IntPtr* args)
[xUnit.net 00:00:10.36]            at System.Reflection.MethodBaseInvoker.InvokeDirectByRefWithFewArgs(Object obj, Span`1 copyOfArgs, BindingFlags invokeAttr)
[xUnit.net 00:00:10.36]         --- End of stack trace from previous location ---
[xUnit.net 00:00:10.36]            at Microsoft.AspNetCore.Mvc.Testing.DeferredHostBuilder.DeferredHost.StartAsync(CancellationToken cancellationToken)
[xUnit.net 00:00:10.36]            at Microsoft.Extensions.Hosting.HostingAbstractionsHostExtensions.Start(IHost host)
[xUnit.net 00:00:10.36]            at Microsoft.AspNetCore.Mvc.Testing.WebApplicationFactory`1.CreateHost(IHostBuilder builder)
[xUnit.net 00:00:10.36]            at Microsoft.AspNetCore.Mvc.Testing.WebApplicationFactory`1.ConfigureHostBuilder(IHostBuilder hostBuilder)
[xUnit.net 00:00:10.36]            at Microsoft.AspNetCore.Mvc.Testing.WebApplicationFactory`1.StartServer()
[xUnit.net 00:00:10.36]            at Microsoft.AspNetCore.Mvc.Testing.WebApplicationFactory`1.get_Services()
[xUnit.net 00:00:10.36]         /work/tests/Erp.Testing/ErpTestEnvironment.cs(129,0): at Erp.Testing.ErpTestEnvironment.SeedAsync(TestDatabaseServer server, String database, SeedPlan plan, IDictionary`2 settings)
[xUnit.net 00:00:10.36]         /work/tests/Erp.Testing/ErpTestEnvironment.cs(139,0): at Erp.Testing.ErpTestEnvironment.SeedAsync(TestDatabaseServer server, String database, SeedPlan plan, IDictionary`2 settings)
[xUnit.net 00:00:10.36]         /work/tests/Erp.Testing/ErpTestEnvironment.cs(91,0): at Erp.Testing.ErpTestEnvironment.<>c__DisplayClass34_0.<<StartGateAsync>b__0>d.MoveNext()
[xUnit.net 00:00:10.36]         --- End of stack trace from previous location ---
[xUnit.net 00:00:10.36]         /work/tests/Erp.Testing/TestDatabaseServer.cs(160,0): at Erp.Testing.TestDatabaseServer.<>c__DisplayClass25_0.<<GateTemplateAsync>b__3>d.MoveNext()
[xUnit.net 00:00:10.36]         --- End of stack trace from previous location ---
[xUnit.net 00:00:10.36]         /work/tests/Erp.Testing/TestDatabaseServer.cs(165,0): at Erp.Testing.TestDatabaseServer.GateTemplateAsync(IDictionary`2 settings, Func`2 seed)
[xUnit.net 00:00:10.36]         /work/tests/Erp.Testing/ErpTestEnvironment.cs(88,0): at Erp.Testing.ErpTestEnvironment.StartGateAsync(IDictionary`2 settings)
[xUnit.net 00:00:10.36]         /work/tests/Erp.Gates.Tests/Infrastructure/GateFixture.cs(17,0): at Erp.Gates.Tests.Infrastructure.GateFixture.InitializeAsync()
[xUnit.net 00:00:10.36]     Erp.Gates.Tests.G2.G2PermissionTests.Every_permissioned_endpoint_is_enforced_by_a_policy_requiring_its_permission [FAIL]
[xUnit.net 00:00:10.36]       Assembly fixture type 'Erp.Gates.Tests.Infrastructure.GateFixture' threw in InitializeAsync
[xUnit.net 00:00:10.36]       ---- System.InvalidOperationException : Endpoint authorisation is incomplete:
[xUnit.net 00:00:10.36]       HTTP: GET /api/tenancy/tenant => GetTenant: declares 'tenancy.tenant.read' but no authorization policy on it requires that permission; use RequirePermission
[xUnit.net 00:00:10.36]       HTTP: GET /api/tenancy/companies => List: declares 'tenancy.companies.read' but no authorization policy on it requires that permission; use RequirePermission
[xUnit.net 00:00:10.36]       HTTP: GET /api/tenancy/companies/{id:guid} => Get: declares 'tenancy.companies.read' but no authorization policy on it requires that permission; use RequirePermission
[xUnit.net 00:00:10.36]       HTTP: GET /api/tenancy/companies/{id:guid}/logo => GetLogo: declares 'tenancy.companies.read' but no authorization policy on it requires that permission; use RequirePermission
[xUnit.net 00:00:10.36]       HTTP: GET /api/tenancy/branches => List: declares 'tenancy.branches.read' but no authorization policy on it requires that permission; use RequirePermission
[xUnit.net 00:00:10.36]       HTTP: GET /api/tenancy/branches/{id:guid} => Get: declares 'tenancy.branches.read' but no authorization policy on it requires that permission; use RequirePermission
[xUnit.net 00:00:10.36]       HTTP: GET /api/tenancy/access => List: declares 'tenancy.access.read' but no authorization policy on it requires that permission; use RequirePermission
[xUnit.net 00:00:10.36]       HTTP: GET /api/tenancy/access/{userId:guid} => Get: declares 'tenancy.access.read' but no authorization policy on it requires that permission; use RequirePermission
[xUnit.net 00:00:10.36]       HTTP: GET /api/tenancy/workplace => Get: declares 'tenancy.workplace.read' but no authorization policy on it requires that permission; use RequirePermission
[xUnit.net 00:00:10.36]       HTTP: GET /api/identity/users => List: declares 'identity.users.read' but no authorization policy on it requires that permission; use RequirePermission
[xUnit.net 00:00:10.36]       HTTP: GET /api/identity/users/{id:guid} => Get: declares 'identity.users.read' but no authorization policy on it requires that permission; use RequirePermission
[xUnit.net 00:00:10.36]       HTTP: GET /api/identity/users/{id:guid}/access => Access: declares 'identity.users.read' but no authorization policy on it requires that permission; use RequirePermission
[xUnit.net 00:00:10.36]       HTTP: GET /api/identity/users/{id:guid}/default-company => GetDefaultCompany: declares 'identity.users.read' but no authorization policy on it requires that permission; use RequirePermission
[xUnit.net 00:00:10.36]       HTTP: GET /api/identity/companies => Companies: declares 'identity.users.read' but no authorization policy on it requires that permission; use RequirePermission
[xUnit.net 00:00:10.36]       HTTP: GET /api/identity/users/{id:guid}/sign-ins => SignIns: declares 'identity.signIns.read' but no authorization policy on it requires that permission; use RequirePermission
[xUnit.net 00:00:10.36]       HTTP: GET /api/identity/roles => List: declares 'identity.roles.read' but no authorization policy on it requires that permission; use RequirePermission
[xUnit.net 00:00:10.36]       HTTP: GET /api/identity/roles/{id:guid} => Get: declares 'identity.roles.read' but no authorization policy on it requires that permission; use RequirePermission
[xUnit.net 00:00:10.36]       HTTP: GET /api/identity/permissions => Permissions: declares 'identity.roles.read' but no authorization policy on it requires that permission; use RequirePermission
[xUnit.net 00:00:10.36]       HTTP: GET /api/identity/users/{id:guid}/passkeys => OfUser: declares 'identity.users.read' but no authorization policy on it requires that permission; use RequirePermission
[xUnit.net 00:00:10.36]       HTTP: GET /api/lists/tenancy.companies/definition: declares 'tenancy.companies.read' but no authorization policy on it requires that permission; use RequirePermission
[xUnit.net 00:00:10.36]       HTTP: GET /api/lists/tenancy.companies/views: declares 'tenancy.companies.read' but no authorization policy on it requires that permission; use RequirePermission
[xUnit.net 00:00:10.36]       HTTP: GET /api/lists/tenancy.companies/views/{id:guid}: declares 'tenancy.companies.read' but no authorization policy on it requires that permission; use RequirePermission
[xUnit.net 00:00:10.36]       HTTP: POST /api/lists/tenancy.companies/views: declares 'tenancy.companies.read' but no authorization policy on it requires that permission; use RequirePermission
[xUnit.net 00:00:10.36]       HTTP: PUT /api/lists/tenancy.companies/views/{id:guid}: declares 'tenancy.companies.read' but no authorization policy on it requires that permission; use RequirePermission
[xUnit.net 00:00:10.36]       HTTP: DELETE /api/lists/tenancy.companies/views/{id:guid}: declares 'tenancy.companies.read' but no authorization policy on it requires that permission; use RequirePermission
[xUnit.net 00:00:10.36]       HTTP: GET /api/lists/tenancy.companies/shared-views/{id:guid}: declares 'tenancy.companies.read' but no authorization policy on it requires that permission; use RequirePermission
[xUnit.net 00:00:10.36]       HTTP: GET /api/lists/tenancy.branches/definition: declares 'tenancy.branches.read' but no authorization policy on it requires that permission; use RequirePermission
[xUnit.net 00:00:10.36]       HTTP: GET /api/lists/tenancy.branches/views: declares 'tenancy.branches.read' but no authorization policy on it requires that permission; use RequirePermission
[xUnit.net 00:00:10.36]       HTTP: GET /api/lists/tenancy.branches/views/{id:guid}: declares 'tenancy.branches.read' but no authorization policy on it requires that permission; use RequirePermission
[xUnit.net 00:00:10.36]       HTTP: POST /api/lists/tenancy.branches/views: declares 'tenancy.branches.read' but no authorization policy on it requires that permission; use RequirePermission
[xUnit.net 00:00:10.36]       HTTP: PUT /api/lists/tenancy.branches/views/{id:guid}: declares 'tenancy.branches.read' but no authorization policy on it requires that permission; use RequirePermission
[xUnit.net 00:00:10.36]       HTTP: DELETE /api/lists/tenancy.branches/views/{id:guid}: declares 'tenancy.branches.read' but no authorization policy on it requires that permission; use RequirePermission
[xUnit.net 00:00:10.36]       HTTP: GET /api/lists/tenancy.branches/shared-views/{id:guid}: declares 'tenancy.branches.read' but no authorization policy on it requires that permission; use RequirePermission
[xUnit.net 00:00:10.36]       HTTP: GET /api/lists/tenancy.access/definition: declares 'tenancy.access.read' but no authorization policy on it requires that permission; use RequirePermission
[xUnit.net 00:00:10.36]       HTTP: GET /api/lists/tenancy.access/views: declares 'tenancy.access.read' but no authorization policy on it requires that permission; use RequirePermission
[xUnit.net 00:00:10.36]       HTTP: GET /api/lists/tenancy.access/views/{id:guid}: declares 'tenancy.access.read' but no authorization policy on it requires that permission; use RequirePermission
[xUnit.net 00:00:10.36]       HTTP: POST /api/lists/tenancy.access/views: declares 'tenancy.access.read' but no authorization policy on it requires that permission; use RequirePermission
[xUnit.net 00:00:10.36]       HTTP: PUT /api/lists/tenancy.access/views/{id:guid}: declares 'tenancy.access.read' but no authorization policy on it requires that permission; use RequirePermission
[xUnit.net 00:00:10.36]       HTTP: DELETE /api/lists/tenancy.access/views/{id:guid}: declares 'tenancy.access.read' but no authorization policy on it requires that permission; use RequirePermission
[xUnit.net 00:00:10.36]       HTTP: GET /api/lists/tenancy.access/shared-views/{id:guid}: declares 'tenancy.access.read' but no authorization policy on it requires that permission; use RequirePermission
[xUnit.net 00:00:10.36]       HTTP: GET /api/lists/identity.users/definition: declares 'identity.users.read' but no authorization policy on it requires that permission; use RequirePermission
[xUnit.net 00:00:10.36]       HTTP: GET /api/lists/identity.users/views: declares 'identity.users.read' but no authorization policy on it requires that permission; use RequirePermission
[xUnit.net 00:00:10.36]       HTTP: GET /api/lists/identity.users/views/{id:guid}: declares 'identity.users.read' but no authorization policy on it requires that permission; use RequirePermission
[xUnit.net 00:00:10.36]       HTTP: POST /api/lists/identity.users/views: declares 'identity.users.read' but no authorization policy on it requires that permission; use RequirePermission
[xUnit.net 00:00:10.36]       HTTP: PUT /api/lists/identity.users/views/{id:guid}: declares 'identity.users.read' but no authorization policy on it requires that permission; use RequirePermission
[xUnit.net 00:00:10.36]       HTTP: DELETE /api/lists/identity.users/views/{id:guid}: declares 'identity.users.read' but no authorization policy on it requires that permission; use RequirePermission
[xUnit.net 00:00:10.36]       HTTP: GET /api/lists/identity.users/shared-views/{id:guid}: declares 'identity.users.read' but no authorization policy on it requires that permission; use RequirePermission
[xUnit.net 00:00:10.36]       HTTP: GET /api/lists/identity.roles/definition: declares 'identity.roles.read' but no authorization policy on it requires that permission; use RequirePermission
[xUnit.net 00:00:10.36]       HTTP: GET /api/lists/identity.roles/views: declares 'identity.roles.read' but no authorization policy on it requires that permission; use RequirePermission
[xUnit.net 00:00:10.36]       HTTP: GET /api/lists/identity.roles/views/{id:guid}: declares 'identity.roles.read' but no authorization policy on it requires that permission; use RequirePermission
[xUnit.net 00:00:10.36]       HTTP: POST /api/lists/identity.roles/views: declares 'identity.roles.read' but no authorization policy on it requires that permission; use RequirePermission
[xUnit.net 00:00:10.36]       HTTP: PUT /api/lists/identity.roles/views/{id:guid}: declares 'identity.roles.read' but no authorization policy on it requires that permission; use RequirePermission
[xUnit.net 00:00:10.36]       HTTP: DELETE /api/lists/identity.roles/views/{id:guid}: declares 'identity.roles.read' but no authorization policy on it requires that permission; use RequirePermission
[xUnit.net 00:00:10.36]       HTTP: GET /api/lists/identity.roles/shared-views/{id:guid}: declares 'identity.roles.read' but no authorization policy on it requires that permission; use RequirePermission
[xUnit.net 00:00:10.36]       HTTP: GET /api/reports/catalog => Catalog: declares 'reports.catalog.read' but no authorization policy on it requires that permission; use RequirePermission
[xUnit.net 00:00:10.36]       HTTP: GET /api/reports/run/tenancy.companyProfile: declares 'tenancy.companies.read' but no authorization policy on it requires that permission; use RequirePermission
[xUnit.net 00:00:10.36]       HTTP: GET /api/reports/run/tenancy.branchDirectory: declares 'tenancy.branches.read' but no authorization policy on it requires that permission; use RequirePermission
[xUnit.net 00:00:10.36]       HTTP: GET /api/reports/run/identity.usersByRole: declares 'identity.users.read' but no authorization policy on it requires that permission; use RequirePermission
[xUnit.net 00:00:10.36]       HTTP: GET /api/reports/run/identity.roleSummary: declares 'identity.roles.read' but no authorization policy on it requires that permission; use RequirePermission
[xUnit.net 00:00:10.36]       HTTP: GET /api/reports/lists/tenancy.companies: declares 'tenancy.companies.read' but no authorization policy on it requires that permission; use RequirePermission
[xUnit.net 00:00:10.36]       HTTP: GET /api/reports/lists/tenancy.branches: declares 'tenancy.branches.read' but no authorization policy on it requires that permission; use RequirePermission
[xUnit.net 00:00:10.36]       HTTP: GET /api/reports/lists/tenancy.access: declares 'tenancy.access.read' but no authorization policy on it requires that permission; use RequirePermission
[xUnit.net 00:00:10.36]       HTTP: GET /api/reports/lists/identity.users: declares 'identity.users.read' but no authorization policy on it requires that permission; use RequirePermission
[xUnit.net 00:00:10.36]       HTTP: GET /api/reports/lists/identity.roles: declares 'identity.roles.read' but no authorization policy on it requires that permission; use RequirePermission
[xUnit.net 00:00:10.36]       Stack Trace:
[xUnit.net 00:00:10.36]         
[xUnit.net 00:00:10.36]         ----- Inner Stack Trace -----
[xUnit.net 00:00:10.36]         /work/src/Kernel/Erp.Kernel/Hosting/ErpPlatform.cs(251,0): at Erp.Kernel.Hosting.ErpPlatform.ValidateEndpoints(WebApplication app)
[xUnit.net 00:00:10.36]         /work/src/Kernel/Erp.Kernel/Hosting/ErpPlatform.cs(204,0): at Erp.Kernel.Hosting.ErpPlatform.UseErpPlatform(WebApplication app)
[xUnit.net 00:00:10.36]         /work/src/Host/Erp.Host/Program.cs(8,0): at Program.<Main>$(String[] args)
[xUnit.net 00:00:10.36]            at Program.<Main>(String[] args)
[xUnit.net 00:00:10.36]            at System.Reflection.MethodBaseInvoker.InterpretedInvoke_Method(Object obj, IntPtr* args)
[xUnit.net 00:00:10.36]            at System.Reflection.MethodBaseInvoker.InvokeDirectByRefWithFewArgs(Object obj, Span`1 copyOfArgs, BindingFlags invokeAttr)
[xUnit.net 00:00:10.36]         --- End of stack trace from previous location ---
[xUnit.net 00:00:10.36]            at Microsoft.AspNetCore.Mvc.Testing.DeferredHostBuilder.DeferredHost.StartAsync(CancellationToken cancellationToken)
[xUnit.net 00:00:10.36]            at Microsoft.Extensions.Hosting.HostingAbstractionsHostExtensions.Start(IHost host)
[xUnit.net 00:00:10.36]            at Microsoft.AspNetCore.Mvc.Testing.WebApplicationFactory`1.CreateHost(IHostBuilder builder)
[xUnit.net 00:00:10.36]            at Microsoft.AspNetCore.Mvc.Testing.WebApplicationFactory`1.ConfigureHostBuilder(IHostBuilder hostBuilder)
[xUnit.net 00:00:10.36]            at Microsoft.AspNetCore.Mvc.Testing.WebApplicationFactory`1.StartServer()
[xUnit.net 00:00:10.36]            at Microsoft.AspNetCore.Mvc.Testing.WebApplicationFactory`1.get_Services()
[xUnit.net 00:00:10.36]         /work/tests/Erp.Testing/ErpTestEnvironment.cs(129,0): at Erp.Testing.ErpTestEnvironment.SeedAsync(TestDatabaseServer server, String database, SeedPlan plan, IDictionary`2 settings)
[xUnit.net 00:00:10.36]         /work/tests/Erp.Testing/ErpTestEnvironment.cs(139,0): at Erp.Testing.ErpTestEnvironment.SeedAsync(TestDatabaseServer server, String database, SeedPlan plan, IDictionary`2 settings)
[xUnit.net 00:00:10.36]         /work/tests/Erp.Testing/ErpTestEnvironment.cs(91,0): at Erp.Testing.ErpTestEnvironment.<>c__DisplayClass34_0.<<StartGateAsync>b__0>d.MoveNext()
[xUnit.net 00:00:10.36]         --- End of stack trace from previous location ---
[xUnit.net 00:00:10.36]         /work/tests/Erp.Testing/TestDatabaseServer.cs(160,0): at Erp.Testing.TestDatabaseServer.<>c__DisplayClass25_0.<<GateTemplateAsync>b__3>d.MoveNext()
[xUnit.net 00:00:10.36]         --- End of stack trace from previous location ---
[xUnit.net 00:00:10.36]         /work/tests/Erp.Testing/TestDatabaseServer.cs(165,0): at Erp.Testing.TestDatabaseServer.GateTemplateAsync(IDictionary`2 settings, Func`2 seed)
[xUnit.net 00:00:10.36]         /work/tests/Erp.Testing/ErpTestEnvironment.cs(88,0): at Erp.Testing.ErpTestEnvironment.StartGateAsync(IDictionary`2 settings)
[xUnit.net 00:00:10.37]         /work/tests/Erp.Gates.Tests/Infrastructure/GateFixture.cs(17,0): at Erp.Gates.Tests.Infrastructure.GateFixture.InitializeAsync()
[xUnit.net 00:00:10.37]     Erp.Gates.Tests.G2.G2PermissionTests.The_host_refuses_a_permissioned_endpoint_that_also_allows_anonymous_callers [FAIL]
[xUnit.net 00:00:10.37]       Assembly fixture type 'Erp.Gates.Tests.Infrastructure.GateFixture' threw in InitializeAsync
[xUnit.net 00:00:10.37]       ---- System.InvalidOperationException : Endpoint authorisation is incomplete:
[xUnit.net 00:00:10.37]       HTTP: GET /api/tenancy/tenant => GetTenant: declares 'tenancy.tenant.read' but no authorization policy on it requires that permission; use RequirePermission
[xUnit.net 00:00:10.37]       HTTP: GET /api/tenancy/companies => List: declares 'tenancy.companies.read' but no authorization policy on it requires that permission; use RequirePermission
[xUnit.net 00:00:10.37]       HTTP: GET /api/tenancy/companies/{id:guid} => Get: declares 'tenancy.companies.read' but no authorization policy on it requires that permission; use RequirePermission
[xUnit.net 00:00:10.37]       HTTP: GET /api/tenancy/companies/{id:guid}/logo => GetLogo: declares 'tenancy.companies.read' but no authorization policy on it requires that permission; use RequirePermission
[xUnit.net 00:00:10.37]       HTTP: GET /api/tenancy/branches => List: declares 'tenancy.branches.read' but no authorization policy on it requires that permission; use RequirePermission
[xUnit.net 00:00:10.37]       HTTP: GET /api/tenancy/branches/{id:guid} => Get: declares 'tenancy.branches.read' but no authorization policy on it requires that permission; use RequirePermission
[xUnit.net 00:00:10.37]       HTTP: GET /api/tenancy/access => List: declares 'tenancy.access.read' but no authorization policy on it requires that permission; use RequirePermission
[xUnit.net 00:00:10.37]       HTTP: GET /api/tenancy/access/{userId:guid} => Get: declares 'tenancy.access.read' but no authorization policy on it requires that permission; use RequirePermission
[xUnit.net 00:00:10.37]       HTTP: GET /api/tenancy/workplace => Get: declares 'tenancy.workplace.read' but no authorization policy on it requires that permission; use RequirePermission
[xUnit.net 00:00:10.37]       HTTP: GET /api/identity/users => List: declares 'identity.users.read' but no authorization policy on it requires that permission; use RequirePermission
[xUnit.net 00:00:10.37]       HTTP: GET /api/identity/users/{id:guid} => Get: declares 'identity.users.read' but no authorization policy on it requires that permission; use RequirePermission
[xUnit.net 00:00:10.37]       HTTP: GET /api/identity/users/{id:guid}/access => Access: declares 'identity.users.read' but no authorization policy on it requires that permission; use RequirePermission
[xUnit.net 00:00:10.37]       HTTP: GET /api/identity/users/{id:guid}/default-company => GetDefaultCompany: declares 'identity.users.read' but no authorization policy on it requires that permission; use RequirePermission
[xUnit.net 00:00:10.37]       HTTP: GET /api/identity/companies => Companies: declares 'identity.users.read' but no authorization policy on it requires that permission; use RequirePermission
[xUnit.net 00:00:10.37]       HTTP: GET /api/identity/users/{id:guid}/sign-ins => SignIns: declares 'identity.signIns.read' but no authorization policy on it requires that permission; use RequirePermission
[xUnit.net 00:00:10.37]       HTTP: GET /api/identity/roles => List: declares 'identity.roles.read' but no authorization policy on it requires that permission; use RequirePermission
[xUnit.net 00:00:10.37]       HTTP: GET /api/identity/roles/{id:guid} => Get: declares 'identity.roles.read' but no authorization policy on it requires that permission; use RequirePermission
[xUnit.net 00:00:10.37]       HTTP: GET /api/identity/permissions => Permissions: declares 'identity.roles.read' but no authorization policy on it requires that permission; use RequirePermission
[xUnit.net 00:00:10.37]       HTTP: GET /api/identity/users/{id:guid}/passkeys => OfUser: declares 'identity.users.read' but no authorization policy on it requires that permission; use RequirePermission
[xUnit.net 00:00:10.37]       HTTP: GET /api/lists/tenancy.companies/definition: declares 'tenancy.companies.read' but no authorization policy on it requires that permission; use RequirePermission
[xUnit.net 00:00:10.37]       HTTP: GET /api/lists/tenancy.companies/views: declares 'tenancy.companies.read' but no authorization policy on it requires that permission; use RequirePermission
[xUnit.net 00:00:10.37]       HTTP: GET /api/lists/tenancy.companies/views/{id:guid}: declares 'tenancy.companies.read' but no authorization policy on it requires that permission; use RequirePermission
[xUnit.net 00:00:10.37]       HTTP: POST /api/lists/tenancy.companies/views: declares 'tenancy.companies.read' but no authorization policy on it requires that permission; use RequirePermission
[xUnit.net 00:00:10.37]       HTTP: PUT /api/lists/tenancy.companies/views/{id:guid}: declares 'tenancy.companies.read' but no authorization policy on it requires that permission; use RequirePermission
[xUnit.net 00:00:10.37]       HTTP: DELETE /api/lists/tenancy.companies/views/{id:guid}: declares 'tenancy.companies.read' but no authorization policy on it requires that permission; use RequirePermission
[xUnit.net 00:00:10.37]       HTTP: GET /api/lists/tenancy.companies/shared-views/{id:guid}: declares 'tenancy.companies.read' but no authorization policy on it requires that permission; use RequirePermission
[xUnit.net 00:00:10.37]       HTTP: GET /api/lists/tenancy.branches/definition: declares 'tenancy.branches.read' but no authorization policy on it requires that permission; use RequirePermission
[xUnit.net 00:00:10.37]       HTTP: GET /api/lists/tenancy.branches/views: declares 'tenancy.branches.read' but no authorization policy on it requires that permission; use RequirePermission
[xUnit.net 00:00:10.37]       HTTP: GET /api/lists/tenancy.branches/views/{id:guid}: declares 'tenancy.branches.read' but no authorization policy on it requires that permission; use RequirePermission
[xUnit.net 00:00:10.37]       HTTP: POST /api/lists/tenancy.branches/views: declares 'tenancy.branches.read' but no authorization policy on it requires that permission; use RequirePermission
[xUnit.net 00:00:10.37]       HTTP: PUT /api/lists/tenancy.branches/views/{id:guid}: declares 'tenancy.branches.read' but no authorization policy on it requires that permission; use RequirePermission
[xUnit.net 00:00:10.37]       HTTP: DELETE /api/lists/tenancy.branches/views/{id:guid}: declares 'tenancy.branches.read' but no authorization policy on it requires that permission; use RequirePermission
[xUnit.net 00:00:10.37]       HTTP: GET /api/lists/tenancy.branches/shared-views/{id:guid}: declares 'tenancy.branches.read' but no authorization policy on it requires that permission; use RequirePermission
[xUnit.net 00:00:10.37]       HTTP: GET /api/lists/tenancy.access/definition: declares 'tenancy.access.read' but no authorization policy on it requires that permission; use RequirePermission
[xUnit.net 00:00:10.37]       HTTP: GET /api/lists/tenancy.access/views: declares 'tenancy.access.read' but no authorization policy on it requires that permission; use RequirePermission
[xUnit.net 00:00:10.37]       HTTP: GET /api/lists/tenancy.access/views/{id:guid}: declares 'tenancy.access.read' but no authorization policy on it requires that permission; use RequirePermission
[xUnit.net 00:00:10.37]       HTTP: POST /api/lists/tenancy.access/views: declares 'tenancy.access.read' but no authorization policy on it requires that permission; use RequirePermission
[xUnit.net 00:00:10.37]       HTTP: PUT /api/lists/tenancy.access/views/{id:guid}: declares 'tenancy.access.read' but no authorization policy on it requires that permission; use RequirePermission
[xUnit.net 00:00:10.37]       HTTP: DELETE /api/lists/tenancy.access/views/{id:guid}: declares 'tenancy.access.read' but no authorization policy on it requires that permission; use RequirePermission
[xUnit.net 00:00:10.37]       HTTP: GET /api/lists/tenancy.access/shared-views/{id:guid}: declares 'tenancy.access.read' but no authorization policy on it requires that permission; use RequirePermission
[xUnit.net 00:00:10.37]       HTTP: GET /api/lists/identity.users/definition: declares 'identity.users.read' but no authorization policy on it requires that permission; use RequirePermission
[xUnit.net 00:00:10.37]       HTTP: GET /api/lists/identity.users/views: declares 'identity.users.read' but no authorization policy on it requires that permission; use RequirePermission
[xUnit.net 00:00:10.37]       HTTP: GET /api/lists/identity.users/views/{id:guid}: declares 'identity.users.read' but no authorization policy on it requires that permission; use RequirePermission
[xUnit.net 00:00:10.37]       HTTP: POST /api/lists/identity.users/views: declares 'identity.users.read' but no authorization policy on it requires that permission; use RequirePermission
[xUnit.net 00:00:10.37]       HTTP: PUT /api/lists/identity.users/views/{id:guid}: declares 'identity.users.read' but no authorization policy on it requires that permission; use RequirePermission
[xUnit.net 00:00:10.37]       HTTP: DELETE /api/lists/identity.users/views/{id:guid}: declares 'identity.users.read' but no authorization policy on it requires that permission; use RequirePermission
[xUnit.net 00:00:10.37]       HTTP: GET /api/lists/identity.users/shared-views/{id:guid}: declares 'identity.users.read' but no authorization policy on it requires that permission; use RequirePermission
[xUnit.net 00:00:10.37]       HTTP: GET /api/lists/identity.roles/definition: declares 'identity.roles.read' but no authorization policy on it requires that permission; use RequirePermission
[xUnit.net 00:00:10.37]       HTTP: GET /api/lists/identity.roles/views: declares 'identity.roles.read' but no authorization policy on it requires that permission; use RequirePermission
[xUnit.net 00:00:10.37]       HTTP: GET /api/lists/identity.roles/views/{id:guid}: declares 'identity.roles.read' but no authorization policy on it requires that permission; use RequirePermission
[xUnit.net 00:00:10.37]       HTTP: POST /api/lists/identity.roles/views: declares 'identity.roles.read' but no authorization policy on it requires that permission; use RequirePermission
[xUnit.net 00:00:10.37]       HTTP: PUT /api/lists/identity.roles/views/{id:guid}: declares 'identity.roles.read' but no authorization policy on it requires that permission; use RequirePermission
[xUnit.net 00:00:10.37]       HTTP: DELETE /api/lists/identity.roles/views/{id:guid}: declares 'identity.roles.read' but no authorization policy on it requires that permission; use RequirePermission
[xUnit.net 00:00:10.37]       HTTP: GET /api/lists/identity.roles/shared-views/{id:guid}: declares 'identity.roles.read' but no authorization policy on it requires that permission; use RequirePermission
[xUnit.net 00:00:10.37]       HTTP: GET /api/reports/catalog => Catalog: declares 'reports.catalog.read' but no authorization policy on it requires that permission; use RequirePermission
[xUnit.net 00:00:10.37]       HTTP: GET /api/reports/run/tenancy.companyProfile: declares 'tenancy.companies.read' but no authorization policy on it requires that permission; use RequirePermission
[xUnit.net 00:00:10.37]       HTTP: GET /api/reports/run/tenancy.branchDirectory: declares 'tenancy.branches.read' but no authorization policy on it requires that permission; use RequirePermission
[xUnit.net 00:00:10.37]       HTTP: GET /api/reports/run/identity.usersByRole: declares 'identity.users.read' but no authorization policy on it requires that permission; use RequirePermission
[xUnit.net 00:00:10.37]       HTTP: GET /api/reports/run/identity.roleSummary: declares 'identity.roles.read' but no authorization policy on it requires that permission; use RequirePermission
[xUnit.net 00:00:10.37]       HTTP: GET /api/reports/lists/tenancy.companies: declares 'tenancy.companies.read' but no authorization policy on it requires that permission; use RequirePermission
[xUnit.net 00:00:10.37]       HTTP: GET /api/reports/lists/tenancy.branches: declares 'tenancy.branches.read' but no authorization policy on it requires that permission; use RequirePermission
[xUnit.net 00:00:10.37]       HTTP: GET /api/reports/lists/tenancy.access: declares 'tenancy.access.read' but no authorization policy on it requires that permission; use RequirePermission
[xUnit.net 00:00:10.37]       HTTP: GET /api/reports/lists/identity.users: declares 'identity.users.read' but no authorization policy on it requires that permission; use RequirePermission
[xUnit.net 00:00:10.37]       HTTP: GET /api/reports/lists/identity.roles: declares 'identity.roles.read' but no authorization policy on it requires that permission; use RequirePermission
[xUnit.net 00:00:10.37]       Stack Trace:
[xUnit.net 00:00:10.37]         
[xUnit.net 00:00:10.37]         ----- Inner Stack Trace -----
[xUnit.net 00:00:10.37]         /work/src/Kernel/Erp.Kernel/Hosting/ErpPlatform.cs(251,0): at Erp.Kernel.Hosting.ErpPlatform.ValidateEndpoints(WebApplication app)
[xUnit.net 00:00:10.37]         /work/src/Kernel/Erp.Kernel/Hosting/ErpPlatform.cs(204,0): at Erp.Kernel.Hosting.ErpPlatform.UseErpPlatform(WebApplication app)
[xUnit.net 00:00:10.37]         /work/src/Host/Erp.Host/Program.cs(8,0): at Program.<Main>$(String[] args)
[xUnit.net 00:00:10.37]            at Program.<Main>(String[] args)
[xUnit.net 00:00:10.37]            at System.Reflection.MethodBaseInvoker.InterpretedInvoke_Method(Object obj, IntPtr* args)
[xUnit.net 00:00:10.37]            at System.Reflection.MethodBaseInvoker.InvokeDirectByRefWithFewArgs(Object obj, Span`1 copyOfArgs, BindingFlags invokeAttr)
[xUnit.net 00:00:10.37]         --- End of stack trace from previous location ---
[xUnit.net 00:00:10.37]            at Microsoft.AspNetCore.Mvc.Testing.DeferredHostBuilder.DeferredHost.StartAsync(CancellationToken cancellationToken)
[xUnit.net 00:00:10.37]            at Microsoft.Extensions.Hosting.HostingAbstractionsHostExtensions.Start(IHost host)
[xUnit.net 00:00:10.37]            at Microsoft.AspNetCore.Mvc.Testing.WebApplicationFactory`1.CreateHost(IHostBuilder builder)
[xUnit.net 00:00:10.37]            at Microsoft.AspNetCore.Mvc.Testing.WebApplicationFactory`1.ConfigureHostBuilder(IHostBuilder hostBuilder)
[xUnit.net 00:00:10.37]            at Microsoft.AspNetCore.Mvc.Testing.WebApplicationFactory`1.StartServer()
[xUnit.net 00:00:10.37]            at Microsoft.AspNetCore.Mvc.Testing.WebApplicationFactory`1.get_Services()
[xUnit.net 00:00:10.37]         /work/tests/Erp.Testing/ErpTestEnvironment.cs(129,0): at Erp.Testing.ErpTestEnvironment.SeedAsync(TestDatabaseServer server, String database, SeedPlan plan, IDictionary`2 settings)
[xUnit.net 00:00:10.37]         /work/tests/Erp.Testing/ErpTestEnvironment.cs(139,0): at Erp.Testing.ErpTestEnvironment.SeedAsync(TestDatabaseServer server, String database, SeedPlan plan, IDictionary`2 settings)
[xUnit.net 00:00:10.37]         /work/tests/Erp.Testing/ErpTestEnvironment.cs(91,0): at Erp.Testing.ErpTestEnvironment.<>c__DisplayClass34_0.<<StartGateAsync>b__0>d.MoveNext()
[xUnit.net 00:00:10.37]         --- End of stack trace from previous location ---
[xUnit.net 00:00:10.37]         /work/tests/Erp.Testing/TestDatabaseServer.cs(160,0): at Erp.Testing.TestDatabaseServer.<>c__DisplayClass25_0.<<GateTemplateAsync>b__3>d.MoveNext()
[xUnit.net 00:00:10.37]         --- End of stack trace from previous location ---
[xUnit.net 00:00:10.37]         /work/tests/Erp.Testing/TestDatabaseServer.cs(165,0): at Erp.Testing.TestDatabaseServer.GateTemplateAsync(IDictionary`2 settings, Func`2 seed)
[xUnit.net 00:00:10.37]         /work/tests/Erp.Testing/ErpTestEnvironment.cs(88,0): at Erp.Testing.ErpTestEnvironment.StartGateAsync(IDictionary`2 settings)
[xUnit.net 00:00:10.37]         /work/tests/Erp.Gates.Tests/Infrastructure/GateFixture.cs(17,0): at Erp.Gates.Tests.Infrastructure.GateFixture.InitializeAsync()
[xUnit.net 00:00:10.37]     Erp.Gates.Tests.G2.G2PermissionTests.The_host_refuses_a_permission_declared_as_metadata_that_no_policy_enforces [FAIL]
[xUnit.net 00:00:10.37]       Assembly fixture type 'Erp.Gates.Tests.Infrastructure.GateFixture' threw in InitializeAsync
[xUnit.net 00:00:10.37]       ---- System.InvalidOperationException : Endpoint authorisation is incomplete:
[xUnit.net 00:00:10.37]       HTTP: GET /api/tenancy/tenant => GetTenant: declares 'tenancy.tenant.read' but no authorization policy on it requires that permission; use RequirePermission
[xUnit.net 00:00:10.37]       HTTP: GET /api/tenancy/companies => List: declares 'tenancy.companies.read' but no authorization policy on it requires that permission; use RequirePermission
[xUnit.net 00:00:10.37]       HTTP: GET /api/tenancy/companies/{id:guid} => Get: declares 'tenancy.companies.read' but no authorization policy on it requires that permission; use RequirePermission
[xUnit.net 00:00:10.37]       HTTP: GET /api/tenancy/companies/{id:guid}/logo => GetLogo: declares 'tenancy.companies.read' but no authorization policy on it requires that permission; use RequirePermission
[xUnit.net 00:00:10.37]       HTTP: GET /api/tenancy/branches => List: declares 'tenancy.branches.read' but no authorization policy on it requires that permission; use RequirePermission
[xUnit.net 00:00:10.37]       HTTP: GET /api/tenancy/branches/{id:guid} => Get: declares 'tenancy.branches.read' but no authorization policy on it requires that permission; use RequirePermission
[xUnit.net 00:00:10.37]       HTTP: GET /api/tenancy/access => List: declares 'tenancy.access.read' but no authorization policy on it requires that permission; use RequirePermission
[xUnit.net 00:00:10.37]       HTTP: GET /api/tenancy/access/{userId:guid} => Get: declares 'tenancy.access.read' but no authorization policy on it requires that permission; use RequirePermission
[xUnit.net 00:00:10.37]       HTTP: GET /api/tenancy/workplace => Get: declares 'tenancy.workplace.read' but no authorization policy on it requires that permission; use RequirePermission
[xUnit.net 00:00:10.37]       HTTP: GET /api/identity/users => List: declares 'identity.users.read' but no authorization policy on it requires that permission; use RequirePermission
[xUnit.net 00:00:10.37]       HTTP: GET /api/identity/users/{id:guid} => Get: declares 'identity.users.read' but no authorization policy on it requires that permission; use RequirePermission
[xUnit.net 00:00:10.37]       HTTP: GET /api/identity/users/{id:guid}/access => Access: declares 'identity.users.read' but no authorization policy on it requires that permission; use RequirePermission
[xUnit.net 00:00:10.37]       HTTP: GET /api/identity/users/{id:guid}/default-company => GetDefaultCompany: declares 'identity.users.read' but no authorization policy on it requires that permission; use RequirePermission
[xUnit.net 00:00:10.37]       HTTP: GET /api/identity/companies => Companies: declares 'identity.users.read' but no authorization policy on it requires that permission; use RequirePermission
[xUnit.net 00:00:10.37]       HTTP: GET /api/identity/users/{id:guid}/sign-ins => SignIns: declares 'identity.signIns.read' but no authorization policy on it requires that permission; use RequirePermission
[xUnit.net 00:00:10.37]       HTTP: GET /api/identity/roles => List: declares 'identity.roles.read' but no authorization policy on it requires that permission; use RequirePermission
[xUnit.net 00:00:10.37]       HTTP: GET /api/identity/roles/{id:guid} => Get: declares 'identity.roles.read' but no authorization policy on it requires that permission; use RequirePermission
[xUnit.net 00:00:10.37]       HTTP: GET /api/identity/permissions => Permissions: declares 'identity.roles.read' but no authorization policy on it requires that permission; use RequirePermission
[xUnit.net 00:00:10.37]       HTTP: GET /api/identity/users/{id:guid}/passkeys => OfUser: declares 'identity.users.read' but no authorization policy on it requires that permission; use RequirePermission
[xUnit.net 00:00:10.37]       HTTP: GET /api/lists/tenancy.companies/definition: declares 'tenancy.companies.read' but no authorization policy on it requires that permission; use RequirePermission
[xUnit.net 00:00:10.37]       HTTP: GET /api/lists/tenancy.companies/views: declares 'tenancy.companies.read' but no authorization policy on it requires that permission; use RequirePermission
[xUnit.net 00:00:10.37]       HTTP: GET /api/lists/tenancy.companies/views/{id:guid}: declares 'tenancy.companies.read' but no authorization policy on it requires that permission; use RequirePermission
[xUnit.net 00:00:10.37]       HTTP: POST /api/lists/tenancy.companies/views: declares 'tenancy.companies.read' but no authorization policy on it requires that permission; use RequirePermission
[xUnit.net 00:00:10.37]       HTTP: PUT /api/lists/tenancy.companies/views/{id:guid}: declares 'tenancy.companies.read' but no authorization policy on it requires that permission; use RequirePermission
[xUnit.net 00:00:10.37]       HTTP: DELETE /api/lists/tenancy.companies/views/{id:guid}: declares 'tenancy.companies.read' but no authorization policy on it requires that permission; use RequirePermission
[xUnit.net 00:00:10.37]       HTTP: GET /api/lists/tenancy.companies/shared-views/{id:guid}: declares 'tenancy.companies.read' but no authorization policy on it requires that permission; use RequirePermission
[xUnit.net 00:00:10.37]       HTTP: GET /api/lists/tenancy.branches/definition: declares 'tenancy.branches.read' but no authorization policy on it requires that permission; use RequirePermission
[xUnit.net 00:00:10.37]       HTTP: GET /api/lists/tenancy.branches/views: declares 'tenancy.branches.read' but no authorization policy on it requires that permission; use RequirePermission
[xUnit.net 00:00:10.37]       HTTP: GET /api/lists/tenancy.branches/views/{id:guid}: declares 'tenancy.branches.read' but no authorization policy on it requires that permission; use RequirePermission
[xUnit.net 00:00:10.37]       HTTP: POST /api/lists/tenancy.branches/views: declares 'tenancy.branches.read' but no authorization policy on it requires that permission; use RequirePermission
[xUnit.net 00:00:10.37]       HTTP: PUT /api/lists/tenancy.branches/views/{id:guid}: declares 'tenancy.branches.read' but no authorization policy on it requires that permission; use RequirePermission
[xUnit.net 00:00:10.37]       HTTP: DELETE /api/lists/tenancy.branches/views/{id:guid}: declares 'tenancy.branches.read' but no authorization policy on it requires that permission; use RequirePermission
[xUnit.net 00:00:10.37]       HTTP: GET /api/lists/tenancy.branches/shared-views/{id:guid}: declares 'tenancy.branches.read' but no authorization policy on it requires that permission; use RequirePermission
[xUnit.net 00:00:10.37]       HTTP: GET /api/lists/tenancy.access/definition: declares 'tenancy.access.read' but no authorization policy on it requires that permission; use RequirePermission
[xUnit.net 00:00:10.37]       HTTP: GET /api/lists/tenancy.access/views: declares 'tenancy.access.read' but no authorization policy on it requires that permission; use RequirePermission
[xUnit.net 00:00:10.37]       HTTP: GET /api/lists/tenancy.access/views/{id:guid}: declares 'tenancy.access.read' but no authorization policy on it requires that permission; use RequirePermission
[xUnit.net 00:00:10.37]       HTTP: POST /api/lists/tenancy.access/views: declares 'tenancy.access.read' but no authorization policy on it requires that permission; use RequirePermission
[xUnit.net 00:00:10.37]       HTTP: PUT /api/lists/tenancy.access/views/{id:guid}: declares 'tenancy.access.read' but no authorization policy on it requires that permission; use RequirePermission
[xUnit.net 00:00:10.37]       HTTP: DELETE /api/lists/tenancy.access/views/{id:guid}: declares 'tenancy.access.read' but no authorization policy on it requires that permission; use RequirePermission
[xUnit.net 00:00:10.37]       HTTP: GET /api/lists/tenancy.access/shared-views/{id:guid}: declares 'tenancy.access.read' but no authorization policy on it requires that permission; use RequirePermission
[xUnit.net 00:00:10.37]       HTTP: GET /api/lists/identity.users/definition: declares 'identity.users.read' but no authorization policy on it requires that permission; use RequirePermission
[xUnit.net 00:00:10.37]       HTTP: GET /api/lists/identity.users/views: declares 'identity.users.read' but no authorization policy on it requires that permission; use RequirePermission
[xUnit.net 00:00:10.37]       HTTP: GET /api/lists/identity.users/views/{id:guid}: declares 'identity.users.read' but no authorization policy on it requires that permission; use RequirePermission
[xUnit.net 00:00:10.37]       HTTP: POST /api/lists/identity.users/views: declares 'identity.users.read' but no authorization policy on it requires that permission; use RequirePermission
[xUnit.net 00:00:10.37]       HTTP: PUT /api/lists/identity.users/views/{id:guid}: declares 'identity.users.read' but no authorization policy on it requires that permission; use RequirePermission
[xUnit.net 00:00:10.37]       HTTP: DELETE /api/lists/identity.users/views/{id:guid}: declares 'identity.users.read' but no authorization policy on it requires that permission; use RequirePermission
[xUnit.net 00:00:10.37]       HTTP: GET /api/lists/identity.users/shared-views/{id:guid}: declares 'identity.users.read' but no authorization policy on it requires that permission; use RequirePermission
[xUnit.net 00:00:10.37]       HTTP: GET /api/lists/identity.roles/definition: declares 'identity.roles.read' but no authorization policy on it requires that permission; use RequirePermission
[xUnit.net 00:00:10.37]       HTTP: GET /api/lists/identity.roles/views: declares 'identity.roles.read' but no authorization policy on it requires that permission; use RequirePermission
[xUnit.net 00:00:10.37]       HTTP: GET /api/lists/identity.roles/views/{id:guid}: declares 'identity.roles.read' but no authorization policy on it requires that permission; use RequirePermission
[xUnit.net 00:00:10.37]       HTTP: POST /api/lists/identity.roles/views: declares 'identity.roles.read' but no authorization policy on it requires that permission; use RequirePermission
[xUnit.net 00:00:10.37]       HTTP: PUT /api/lists/identity.roles/views/{id:guid}: declares 'identity.roles.read' but no authorization policy on it requires that permission; use RequirePermission
[xUnit.net 00:00:10.37]       HTTP: DELETE /api/lists/identity.roles/views/{id:guid}: declares 'identity.roles.read' but no authorization policy on it requires that permission; use RequirePermission
[xUnit.net 00:00:10.37]       HTTP: GET /api/lists/identity.roles/shared-views/{id:guid}: declares 'identity.roles.read' but no authorization policy on it requires that permission; use RequirePermission
[xUnit.net 00:00:10.37]       HTTP: GET /api/reports/catalog => Catalog: declares 'reports.catalog.read' but no authorization policy on it requires that permission; use RequirePermission
[xUnit.net 00:00:10.37]       HTTP: GET /api/reports/run/tenancy.companyProfile: declares 'tenancy.companies.read' but no authorization policy on it requires that permission; use RequirePermission
[xUnit.net 00:00:10.37]       HTTP: GET /api/reports/run/tenancy.branchDirectory: declares 'tenancy.branches.read' but no authorization policy on it requires that permission; use RequirePermission
[xUnit.net 00:00:10.37]       HTTP: GET /api/reports/run/identity.usersByRole: declares 'identity.users.read' but no authorization policy on it requires that permission; use RequirePermission
[xUnit.net 00:00:10.37]       HTTP: GET /api/reports/run/identity.roleSummary: declares 'identity.roles.read' but no authorization policy on it requires that permission; use RequirePermission
[xUnit.net 00:00:10.37]       HTTP: GET /api/reports/lists/tenancy.companies: declares 'tenancy.companies.read' but no authorization policy on it requires that permission; use RequirePermission
[xUnit.net 00:00:10.37]       HTTP: GET /api/reports/lists/tenancy.branches: declares 'tenancy.branches.read' but no authorization policy on it requires that permission; use RequirePermission
[xUnit.net 00:00:10.37]       HTTP: GET /api/reports/lists/tenancy.access: declares 'tenancy.access.read' but no authorization policy on it requires that permission; use RequirePermission
[xUnit.net 00:00:10.37]       HTTP: GET /api/reports/lists/identity.users: declares 'identity.users.read' but no authorization policy on it requires that permission; use RequirePermission
[xUnit.net 00:00:10.37]       HTTP: GET /api/reports/lists/identity.roles: declares 'identity.roles.read' but no authorization policy on it requires that permission; use RequirePermission
[xUnit.net 00:00:10.37]       Stack Trace:
[xUnit.net 00:00:10.37]         
[xUnit.net 00:00:10.37]         ----- Inner Stack Trace -----
[xUnit.net 00:00:10.37]         /work/src/Kernel/Erp.Kernel/Hosting/ErpPlatform.cs(251,0): at Erp.Kernel.Hosting.ErpPlatform.ValidateEndpoints(WebApplication app)
[xUnit.net 00:00:10.37]         /work/src/Kernel/Erp.Kernel/Hosting/ErpPlatform.cs(204,0): at Erp.Kernel.Hosting.ErpPlatform.UseErpPlatform(WebApplication app)
[xUnit.net 00:00:10.37]         /work/src/Host/Erp.Host/Program.cs(8,0): at Program.<Main>$(String[] args)
[xUnit.net 00:00:10.37]            at Program.<Main>(String[] args)
[xUnit.net 00:00:10.37]            at System.Reflection.MethodBaseInvoker.InterpretedInvoke_Method(Object obj, IntPtr* args)
[xUnit.net 00:00:10.37]            at System.Reflection.MethodBaseInvoker.InvokeDirectByRefWithFewArgs(Object obj, Span`1 copyOfArgs, BindingFlags invokeAttr)
[xUnit.net 00:00:10.37]         --- End of stack trace from previous location ---
[xUnit.net 00:00:10.37]            at Microsoft.AspNetCore.Mvc.Testing.DeferredHostBuilder.DeferredHost.StartAsync(CancellationToken cancellationToken)
[xUnit.net 00:00:10.37]            at Microsoft.Extensions.Hosting.HostingAbstractionsHostExtensions.Start(IHost host)
[xUnit.net 00:00:10.37]            at Microsoft.AspNetCore.Mvc.Testing.WebApplicationFactory`1.CreateHost(IHostBuilder builder)
[xUnit.net 00:00:10.37]            at Microsoft.AspNetCore.Mvc.Testing.WebApplicationFactory`1.ConfigureHostBuilder(IHostBuilder hostBuilder)
[xUnit.net 00:00:10.37]            at Microsoft.AspNetCore.Mvc.Testing.WebApplicationFactory`1.StartServer()
[xUnit.net 00:00:10.37]            at Microsoft.AspNetCore.Mvc.Testing.WebApplicationFactory`1.get_Services()
[xUnit.net 00:00:10.37]         /work/tests/Erp.Testing/ErpTestEnvironment.cs(129,0): at Erp.Testing.ErpTestEnvironment.SeedAsync(TestDatabaseServer server, String database, SeedPlan plan, IDictionary`2 settings)
[xUnit.net 00:00:10.37]         /work/tests/Erp.Testing/ErpTestEnvironment.cs(139,0): at Erp.Testing.ErpTestEnvironment.SeedAsync(TestDatabaseServer server, String database, SeedPlan plan, IDictionary`2 settings)
[xUnit.net 00:00:10.37]         /work/tests/Erp.Testing/ErpTestEnvironment.cs(91,0): at Erp.Testing.ErpTestEnvironment.<>c__DisplayClass34_0.<<StartGateAsync>b__0>d.MoveNext()
[xUnit.net 00:00:10.37]         --- End of stack trace from previous location ---
[xUnit.net 00:00:10.37]         /work/tests/Erp.Testing/TestDatabaseServer.cs(160,0): at Erp.Testing.TestDatabaseServer.<>c__DisplayClass25_0.<<GateTemplateAsync>b__3>d.MoveNext()
[xUnit.net 00:00:10.37]         --- End of stack trace from previous location ---
[xUnit.net 00:00:10.37]         /work/tests/Erp.Testing/TestDatabaseServer.cs(165,0): at Erp.Testing.TestDatabaseServer.GateTemplateAsync(IDictionary`2 settings, Func`2 seed)
[xUnit.net 00:00:10.37]         /work/tests/Erp.Testing/ErpTestEnvironment.cs(88,0): at Erp.Testing.ErpTestEnvironment.StartGateAsync(IDictionary`2 settings)
[xUnit.net 00:00:10.37]         /work/tests/Erp.Gates.Tests/Infrastructure/GateFixture.cs(17,0): at Erp.Gates.Tests.Infrastructure.GateFixture.InitializeAsync()
[xUnit.net 00:00:10.37]     Erp.Gates.Tests.G2.G2PermissionTests.The_host_refuses_to_start_with_an_endpoint_whose_permission_is_not_in_the_catalogue [FAIL]
[xUnit.net 00:00:10.37]       Assembly fixture type 'Erp.Gates.Tests.Infrastructure.GateFixture' threw in InitializeAsync
[xUnit.net 00:00:10.37]       ---- System.InvalidOperationException : Endpoint authorisation is incomplete:
[xUnit.net 00:00:10.37]       HTTP: GET /api/tenancy/tenant => GetTenant: declares 'tenancy.tenant.read' but no authorization policy on it requires that permission; use RequirePermission
[xUnit.net 00:00:10.37]       HTTP: GET /api/tenancy/companies => List: declares 'tenancy.companies.read' but no authorization policy on it requires that permission; use RequirePermission
[xUnit.net 00:00:10.37]       HTTP: GET /api/tenancy/companies/{id:guid} => Get: declares 'tenancy.companies.read' but no authorization policy on it requires that permission; use RequirePermission
[xUnit.net 00:00:10.37]       HTTP: GET /api/tenancy/companies/{id:guid}/logo => GetLogo: declares 'tenancy.companies.read' but no authorization policy on it requires that permission; use RequirePermission
[xUnit.net 00:00:10.37]       HTTP: GET /api/tenancy/branches => List: declares 'tenancy.branches.read' but no authorization policy on it requires that permission; use RequirePermission
[xUnit.net 00:00:10.37]       HTTP: GET /api/tenancy/branches/{id:guid} => Get: declares 'tenancy.branches.read' but no authorization policy on it requires that permission; use RequirePermission
[xUnit.net 00:00:10.37]       HTTP: GET /api/tenancy/access => List: declares 'tenancy.access.read' but no authorization policy on it requires that permission; use RequirePermission
[xUnit.net 00:00:10.37]       HTTP: GET /api/tenancy/access/{userId:guid} => Get: declares 'tenancy.access.read' but no authorization policy on it requires that permission; use RequirePermission
[xUnit.net 00:00:10.37]       HTTP: GET /api/tenancy/workplace => Get: declares 'tenancy.workplace.read' but no authorization policy on it requires that permission; use RequirePermission
[xUnit.net 00:00:10.37]       HTTP: GET /api/identity/users => List: declares 'identity.users.read' but no authorization policy on it requires that permission; use RequirePermission
[xUnit.net 00:00:10.37]       HTTP: GET /api/identity/users/{id:guid} => Get: declares 'identity.users.read' but no authorization policy on it requires that permission; use RequirePermission
[xUnit.net 00:00:10.37]       HTTP: GET /api/identity/users/{id:guid}/access => Access: declares 'identity.users.read' but no authorization policy on it requires that permission; use RequirePermission
[xUnit.net 00:00:10.37]       HTTP: GET /api/identity/users/{id:guid}/default-company => GetDefaultCompany: declares 'identity.users.read' but no authorization policy on it requires that permission; use RequirePermission
[xUnit.net 00:00:10.37]       HTTP: GET /api/identity/companies => Companies: declares 'identity.users.read' but no authorization policy on it requires that permission; use RequirePermission
[xUnit.net 00:00:10.37]       HTTP: GET /api/identity/users/{id:guid}/sign-ins => SignIns: declares 'identity.signIns.read' but no authorization policy on it requires that permission; use RequirePermission
[xUnit.net 00:00:10.37]       HTTP: GET /api/identity/roles => List: declares 'identity.roles.read' but no authorization policy on it requires that permission; use RequirePermission
[xUnit.net 00:00:10.37]       HTTP: GET /api/identity/roles/{id:guid} => Get: declares 'identity.roles.read' but no authorization policy on it requires that permission; use RequirePermission
[xUnit.net 00:00:10.37]       HTTP: GET /api/identity/permissions => Permissions: declares 'identity.roles.read' but no authorization policy on it requires that permission; use RequirePermission
[xUnit.net 00:00:10.37]       HTTP: GET /api/identity/users/{id:guid}/passkeys => OfUser: declares 'identity.users.read' but no authorization policy on it requires that permission; use RequirePermission
[xUnit.net 00:00:10.37]       HTTP: GET /api/lists/tenancy.companies/definition: declares 'tenancy.companies.read' but no authorization policy on it requires that permission; use RequirePermission
[xUnit.net 00:00:10.37]       HTTP: GET /api/lists/tenancy.companies/views: declares 'tenancy.companies.read' but no authorization policy on it requires that permission; use RequirePermission
[xUnit.net 00:00:10.37]       HTTP: GET /api/lists/tenancy.companies/views/{id:guid}: declares 'tenancy.companies.read' but no authorization policy on it requires that permission; use RequirePermission
[xUnit.net 00:00:10.37]       HTTP: POST /api/lists/tenancy.companies/views: declares 'tenancy.companies.read' but no authorization policy on it requires that permission; use RequirePermission
[xUnit.net 00:00:10.37]       HTTP: PUT /api/lists/tenancy.companies/views/{id:guid}: declares 'tenancy.companies.read' but no authorization policy on it requires that permission; use RequirePermission
[xUnit.net 00:00:10.37]       HTTP: DELETE /api/lists/tenancy.companies/views/{id:guid}: declares 'tenancy.companies.read' but no authorization policy on it requires that permission; use RequirePermission
[xUnit.net 00:00:10.37]       HTTP: GET /api/lists/tenancy.companies/shared-views/{id:guid}: declares 'tenancy.companies.read' but no authorization policy on it requires that permission; use RequirePermission
[xUnit.net 00:00:10.37]       HTTP: GET /api/lists/tenancy.branches/definition: declares 'tenancy.branches.read' but no authorization policy on it requires that permission; use RequirePermission
[xUnit.net 00:00:10.37]       HTTP: GET /api/lists/tenancy.branches/views: declares 'tenancy.branches.read' but no authorization policy on it requires that permission; use RequirePermission
[xUnit.net 00:00:10.37]       HTTP: GET /api/lists/tenancy.branches/views/{id:guid}: declares 'tenancy.branches.read' but no authorization policy on it requires that permission; use RequirePermission
[xUnit.net 00:00:10.37]       HTTP: POST /api/lists/tenancy.branches/views: declares 'tenancy.branches.read' but no authorization policy on it requires that permission; use RequirePermission
[xUnit.net 00:00:10.37]       HTTP: PUT /api/lists/tenancy.branches/views/{id:guid}: declares 'tenancy.branches.read' but no authorization policy on it requires that permission; use RequirePermission
[xUnit.net 00:00:10.37]       HTTP: DELETE /api/lists/tenancy.branches/views/{id:guid}: declares 'tenancy.branches.read' but no authorization policy on it requires that permission; use RequirePermission
[xUnit.net 00:00:10.37]       HTTP: GET /api/lists/tenancy.branches/shared-views/{id:guid}: declares 'tenancy.branches.read' but no authorization policy on it requires that permission; use RequirePermission
[xUnit.net 00:00:10.37]       HTTP: GET /api/lists/tenancy.access/definition: declares 'tenancy.access.read' but no authorization policy on it requires that permission; use RequirePermission
[xUnit.net 00:00:10.37]       HTTP: GET /api/lists/tenancy.access/views: declares 'tenancy.access.read' but no authorization policy on it requires that permission; use RequirePermission
[xUnit.net 00:00:10.37]       HTTP: GET /api/lists/tenancy.access/views/{id:guid}: declares 'tenancy.access.read' but no authorization policy on it requires that permission; use RequirePermission
[xUnit.net 00:00:10.37]       HTTP: POST /api/lists/tenancy.access/views: declares 'tenancy.access.read' but no authorization policy on it requires that permission; use RequirePermission
[xUnit.net 00:00:10.37]       HTTP: PUT /api/lists/tenancy.access/views/{id:guid}: declares 'tenancy.access.read' but no authorization policy on it requires that permission; use RequirePermission
[xUnit.net 00:00:10.37]       HTTP: DELETE /api/lists/tenancy.access/views/{id:guid}: declares 'tenancy.access.read' but no authorization policy on it requires that permission; use RequirePermission
[xUnit.net 00:00:10.37]       HTTP: GET /api/lists/tenancy.access/shared-views/{id:guid}: declares 'tenancy.access.read' but no authorization policy on it requires that permission; use RequirePermission
[xUnit.net 00:00:10.37]       HTTP: GET /api/lists/identity.users/definition: declares 'identity.users.read' but no authorization policy on it requires that permission; use RequirePermission
[xUnit.net 00:00:10.37]       HTTP: GET /api/lists/identity.users/views: declares 'identity.users.read' but no authorization policy on it requires that permission; use RequirePermission
[xUnit.net 00:00:10.37]       HTTP: GET /api/lists/identity.users/views/{id:guid}: declares 'identity.users.read' but no authorization policy on it requires that permission; use RequirePermission
[xUnit.net 00:00:10.37]       HTTP: POST /api/lists/identity.users/views: declares 'identity.users.read' but no authorization policy on it requires that permission; use RequirePermission
[xUnit.net 00:00:10.37]       HTTP: PUT /api/lists/identity.users/views/{id:guid}: declares 'identity.users.read' but no authorization policy on it requires that permission; use RequirePermission
[xUnit.net 00:00:10.37]       HTTP: DELETE /api/lists/identity.users/views/{id:guid}: declares 'identity.users.read' but no authorization policy on it requires that permission; use RequirePermission
[xUnit.net 00:00:10.37]       HTTP: GET /api/lists/identity.users/shared-views/{id:guid}: declares 'identity.users.read' but no authorization policy on it requires that permission; use RequirePermission
[xUnit.net 00:00:10.37]       HTTP: GET /api/lists/identity.roles/definition: declares 'identity.roles.read' but no authorization policy on it requires that permission; use RequirePermission
[xUnit.net 00:00:10.37]       HTTP: GET /api/lists/identity.roles/views: declares 'identity.roles.read' but no authorization policy on it requires that permission; use RequirePermission
[xUnit.net 00:00:10.37]       HTTP: GET /api/lists/identity.roles/views/{id:guid}: declares 'identity.roles.read' but no authorization policy on it requires that permission; use RequirePermission
[xUnit.net 00:00:10.37]       HTTP: POST /api/lists/identity.roles/views: declares 'identity.roles.read' but no authorization policy on it requires that permission; use RequirePermission
[xUnit.net 00:00:10.37]       HTTP: PUT /api/lists/identity.roles/views/{id:guid}: declares 'identity.roles.read' but no authorization policy on it requires that permission; use RequirePermission
[xUnit.net 00:00:10.37]       HTTP: DELETE /api/lists/identity.roles/views/{id:guid}: declares 'identity.roles.read' but no authorization policy on it requires that permission; use RequirePermission
[xUnit.net 00:00:10.37]       HTTP: GET /api/lists/identity.roles/shared-views/{id:guid}: declares 'identity.roles.read' but no authorization policy on it requires that permission; use RequirePermission
[xUnit.net 00:00:10.37]       HTTP: GET /api/reports/catalog => Catalog: declares 'reports.catalog.read' but no authorization policy on it requires that permission; use RequirePermission
[xUnit.net 00:00:10.37]       HTTP: GET /api/reports/run/tenancy.companyProfile: declares 'tenancy.companies.read' but no authorization policy on it requires that permission; use RequirePermission
[xUnit.net 00:00:10.37]       HTTP: GET /api/reports/run/tenancy.branchDirectory: declares 'tenancy.branches.read' but no authorization policy on it requires that permission; use RequirePermission
[xUnit.net 00:00:10.37]       HTTP: GET /api/reports/run/identity.usersByRole: declares 'identity.users.read' but no authorization policy on it requires that permission; use RequirePermission
[xUnit.net 00:00:10.37]       HTTP: GET /api/reports/run/identity.roleSummary: declares 'identity.roles.read' but no authorization policy on it requires that permission; use RequirePermission
[xUnit.net 00:00:10.37]       HTTP: GET /api/reports/lists/tenancy.companies: declares 'tenancy.companies.read' but no authorization policy on it requires that permission; use RequirePermission
[xUnit.net 00:00:10.37]       HTTP: GET /api/reports/lists/tenancy.branches: declares 'tenancy.branches.read' but no authorization policy on it requires that permission; use RequirePermission
[xUnit.net 00:00:10.37]       HTTP: GET /api/reports/lists/tenancy.access: declares 'tenancy.access.read' but no authorization policy on it requires that permission; use RequirePermission
[xUnit.net 00:00:10.37]       HTTP: GET /api/reports/lists/identity.users: declares 'identity.users.read' but no authorization policy on it requires that permission; use RequirePermission
[xUnit.net 00:00:10.37]       HTTP: GET /api/reports/lists/identity.roles: declares 'identity.roles.read' but no authorization policy on it requires that permission; use RequirePermission
[xUnit.net 00:00:10.37]       Stack Trace:
[xUnit.net 00:00:10.37]         
[xUnit.net 00:00:10.37]         ----- Inner Stack Trace -----
[xUnit.net 00:00:10.37]         /work/src/Kernel/Erp.Kernel/Hosting/ErpPlatform.cs(251,0): at Erp.Kernel.Hosting.ErpPlatform.ValidateEndpoints(WebApplication app)
[xUnit.net 00:00:10.37]         /work/src/Kernel/Erp.Kernel/Hosting/ErpPlatform.cs(204,0): at Erp.Kernel.Hosting.ErpPlatform.UseErpPlatform(WebApplication app)
[xUnit.net 00:00:10.37]         /work/src/Host/Erp.Host/Program.cs(8,0): at Program.<Main>$(String[] args)
[xUnit.net 00:00:10.37]            at Program.<Main>(String[] args)
[xUnit.net 00:00:10.37]            at System.Reflection.MethodBaseInvoker.InterpretedInvoke_Method(Object obj, IntPtr* args)
[xUnit.net 00:00:10.37]            at System.Reflection.MethodBaseInvoker.InvokeDirectByRefWithFewArgs(Object obj, Span`1 copyOfArgs, BindingFlags invokeAttr)
[xUnit.net 00:00:10.37]         --- End of stack trace from previous location ---
[xUnit.net 00:00:10.37]            at Microsoft.AspNetCore.Mvc.Testing.DeferredHostBuilder.DeferredHost.StartAsync(CancellationToken cancellationToken)
[xUnit.net 00:00:10.37]            at Microsoft.Extensions.Hosting.HostingAbstractionsHostExtensions.Start(IHost host)
[xUnit.net 00:00:10.37]            at Microsoft.AspNetCore.Mvc.Testing.WebApplicationFactory`1.CreateHost(IHostBuilder builder)
[xUnit.net 00:00:10.37]            at Microsoft.AspNetCore.Mvc.Testing.WebApplicationFactory`1.ConfigureHostBuilder(IHostBuilder hostBuilder)
[xUnit.net 00:00:10.37]            at Microsoft.AspNetCore.Mvc.Testing.WebApplicationFactory`1.StartServer()
[xUnit.net 00:00:10.37]            at Microsoft.AspNetCore.Mvc.Testing.WebApplicationFactory`1.get_Services()
[xUnit.net 00:00:10.37]         /work/tests/Erp.Testing/ErpTestEnvironment.cs(129,0): at Erp.Testing.ErpTestEnvironment.SeedAsync(TestDatabaseServer server, String database, SeedPlan plan, IDictionary`2 settings)
[xUnit.net 00:00:10.37]         /work/tests/Erp.Testing/ErpTestEnvironment.cs(139,0): at Erp.Testing.ErpTestEnvironment.SeedAsync(TestDatabaseServer server, String database, SeedPlan plan, IDictionary`2 settings)
[xUnit.net 00:00:10.37]         /work/tests/Erp.Testing/ErpTestEnvironment.cs(91,0): at Erp.Testing.ErpTestEnvironment.<>c__DisplayClass34_0.<<StartGateAsync>b__0>d.MoveNext()
[xUnit.net 00:00:10.37]         --- End of stack trace from previous location ---
[xUnit.net 00:00:10.37]         /work/tests/Erp.Testing/TestDatabaseServer.cs(160,0): at Erp.Testing.TestDatabaseServer.<>c__DisplayClass25_0.<<GateTemplateAsync>b__3>d.MoveNext()
[xUnit.net 00:00:10.37]         --- End of stack trace from previous location ---
[xUnit.net 00:00:10.37]         /work/tests/Erp.Testing/TestDatabaseServer.cs(165,0): at Erp.Testing.TestDatabaseServer.GateTemplateAsync(IDictionary`2 settings, Func`2 seed)
[xUnit.net 00:00:10.37]         /work/tests/Erp.Testing/ErpTestEnvironment.cs(88,0): at Erp.Testing.ErpTestEnvironment.StartGateAsync(IDictionary`2 settings)
[xUnit.net 00:00:10.37]         /work/tests/Erp.Gates.Tests/Infrastructure/GateFixture.cs(17,0): at Erp.Gates.Tests.Infrastructure.GateFixture.InitializeAsync()
  Failed Erp.Gates.Tests.G2.G2PermissionTests.Undeclared_endpoints_fall_back_to_deny [1 ms]
  Error Message:
   Assembly fixture type 'Erp.Gates.Tests.Infrastructure.GateFixture' threw in InitializeAsync
---- System.InvalidOperationException : Endpoint authorisation is incomplete:
HTTP: GET /api/tenancy/tenant => GetTenant: declares 'tenancy.tenant.read' but no authorization policy on it requires that permission; use RequirePermission
HTTP: GET /api/tenancy/companies => List: declares 'tenancy.companies.read' but no authorization policy on it requires that permission; use RequirePermission
HTTP: GET /api/tenancy/companies/{id:guid} => Get: declares 'tenancy.companies.read' but no authorization policy on it requires that permission; use RequirePermission
HTTP: GET /api/tenancy/companies/{id:guid}/logo => GetLogo: declares 'tenancy.companies.read' but no authorization policy on it requires that permission; use RequirePermission
HTTP: GET /api/tenancy/branches => List: declares 'tenancy.branches.read' but no authorization policy on it requires that permission; use RequirePermission
HTTP: GET /api/tenancy/branches/{id:guid} => Get: declares 'tenancy.branches.read' but no authorization policy on it requires that permission; use RequirePermission
HTTP: GET /api/tenancy/access => List: declares 'tenancy.access.read' but no authorization policy on it requires that permission; use RequirePermission
HTTP: GET /api/tenancy/access/{userId:guid} => Get: declares 'tenancy.access.read' but no authorization policy on it requires that permission; use RequirePermission
HTTP: GET /api/tenancy/workplace => Get: declares 'tenancy.workplace.read' but no authorization policy on it requires that permission; use RequirePermission
HTTP: GET /api/identity/users => List: declares 'identity.users.read' but no authorization policy on it requires that permission; use RequirePermission
HTTP: GET /api/identity/users/{id:guid} => Get: declares 'identity.users.read' but no authorization policy on it requires that permission; use RequirePermission
HTTP: GET /api/identity/users/{id:guid}/access => Access: declares 'identity.users.read' but no authorization policy on it requires that permission; use RequirePermission
HTTP: GET /api/identity/users/{id:guid}/default-company => GetDefaultCompany: declares 'identity.users.read' but no authorization policy on it requires that permission; use RequirePermission
HTTP: GET /api/identity/companies => Companies: declares 'identity.users.read' but no authorization policy on it requires that permission; use RequirePermission
HTTP: GET /api/identity/users/{id:guid}/sign-ins => SignIns: declares 'identity.signIns.read' but no authorization policy on it requires that permission; use RequirePermission
HTTP: GET /api/identity/roles => List: declares 'identity.roles.read' but no authorization policy on it requires that permission; use RequirePermission
HTTP: GET /api/identity/roles/{id:guid} => Get: declares 'identity.roles.read' but no authorization policy on it requires that permission; use RequirePermission
HTTP: GET /api/identity/permissions => Permissions: declares 'identity.roles.read' but no authorization policy on it requires that permission; use RequirePermission
HTTP: GET /api/identity/users/{id:guid}/passkeys => OfUser: declares 'identity.users.read' but no authorization policy on it requires that permission; use RequirePermission
HTTP: GET /api/lists/tenancy.companies/definition: declares 'tenancy.companies.read' but no authorization policy on it requires that permission; use RequirePermission
HTTP: GET /api/lists/tenancy.companies/views: declares 'tenancy.companies.read' but no authorization policy on it requires that permission; use RequirePermission
HTTP: GET /api/lists/tenancy.companies/views/{id:guid}: declares 'tenancy.companies.read' but no authorization policy on it requires that permission; use RequirePermission
HTTP: POST /api/lists/tenancy.companies/views: declares 'tenancy.companies.read' but no authorization policy on it requires that permission; use RequirePermission
HTTP: PUT /api/lists/tenancy.companies/views/{id:guid}: declares 'tenancy.companies.read' but no authorization policy on it requires that permission; use RequirePermission
HTTP: DELETE /api/lists/tenancy.companies/views/{id:guid}: declares 'tenancy.companies.read' but no authorization policy on it requires that permission; use RequirePermission
HTTP: GET /api/lists/tenancy.companies/shared-views/{id:guid}: declares 'tenancy.companies.read' but no authorization policy on it requires that permission; use RequirePermission
HTTP: GET /api/lists/tenancy.branches/definition: declares 'tenancy.branches.read' but no authorization policy on it requires that permission; use RequirePermission
HTTP: GET /api/lists/tenancy.branches/views: declares 'tenancy.branches.read' but no authorization policy on it requires that permission; use RequirePermission
HTTP: GET /api/lists/tenancy.branches/views/{id:guid}: declares 'tenancy.branches.read' but no authorization policy on it requires that permission; use RequirePermission
HTTP: POST /api/lists/tenancy.branches/views: declares 'tenancy.branches.read' but no authorization policy on it requires that permission; use RequirePermission
HTTP: PUT /api/lists/tenancy.branches/views/{id:guid}: declares 'tenancy.branches.read' but no authorization policy on it requires that permission; use RequirePermission
HTTP: DELETE /api/lists/tenancy.branches/views/{id:guid}: declares 'tenancy.branches.read' but no authorization policy on it requires that permission; use RequirePermission
HTTP: GET /api/lists/tenancy.branches/shared-views/{id:guid}: declares 'tenancy.branches.read' but no authorization policy on it requires that permission; use RequirePermission
HTTP: GET /api/lists/tenancy.access/definition: declares 'tenancy.access.read' but no authorization policy on it requires that permission; use RequirePermission
HTTP: GET /api/lists/tenancy.access/views: declares 'tenancy.access.read' but no authorization policy on it requires that permission; use RequirePermission
HTTP: GET /api/lists/tenancy.access/views/{id:guid}: declares 'tenancy.access.read' but no authorization policy on it requires that permission; use RequirePermission
HTTP: POST /api/lists/tenancy.access/views: declares 'tenancy.access.read' but no authorization policy on it requires that permission; use RequirePermission
HTTP: PUT /api/lists/tenancy.access/views/{id:guid}: declares 'tenancy.access.read' but no authorization policy on it requires that permission; use RequirePermission
HTTP: DELETE /api/lists/tenancy.access/views/{id:guid}: declares 'tenancy.access.read' but no authorization policy on it requires that permission; use RequirePermission
HTTP: GET /api/lists/tenancy.access/shared-views/{id:guid}: declares 'tenancy.access.read' but no authorization policy on it requires that permission; use RequirePermission
HTTP: GET /api/lists/identity.users/definition: declares 'identity.users.read' but no authorization policy on it requires that permission; use RequirePermission
HTTP: GET /api/lists/identity.users/views: declares 'identity.users.read' but no authorization policy on it requires that permission; use RequirePermission
HTTP: GET /api/lists/identity.users/views/{id:guid}: declares 'identity.users.read' but no authorization policy on it requires that permission; use RequirePermission
HTTP: POST /api/lists/identity.users/views: declares 'identity.users.read' but no authorization policy on it requires that permission; use RequirePermission
HTTP: PUT /api/lists/identity.users/views/{id:guid}: declares 'identity.users.read' but no authorization policy on it requires that permission; use RequirePermission
HTTP: DELETE /api/lists/identity.users/views/{id:guid}: declares 'identity.users.read' but no authorization policy on it requires that permission; use RequirePermission
HTTP: GET /api/lists/identity.users/shared-views/{id:guid}: declares 'identity.users.read' but no authorization policy on it requires that permission; use RequirePermission
HTTP: GET /api/lists/identity.roles/definition: declares 'identity.roles.read' but no authorization policy on it requires that permission; use RequirePermission
HTTP: GET /api/lists/identity.roles/views: declares 'identity.roles.read' but no authorization policy on it requires that permission; use RequirePermission
HTTP: GET /api/lists/identity.roles/views/{id:guid}: declares 'identity.roles.read' but no authorization policy on it requires that permission; use RequirePermission
HTTP: POST /api/lists/identity.roles/views: declares 'identity.roles.read' but no authorization policy on it requires that permission; use RequirePermission
HTTP: PUT /api/lists/identity.roles/views/{id:guid}: declares 'identity.roles.read' but no authorization policy on it requires that permission; use RequirePermission
HTTP: DELETE /api/lists/identity.roles/views/{id:guid}: declares 'identity.roles.read' but no authorization policy on it requires that permission; use RequirePermission
HTTP: GET /api/lists/identity.roles/shared-views/{id:guid}: declares 'identity.roles.read' but no authorization policy on it requires that permission; use RequirePermission
HTTP: GET /api/reports/catalog => Catalog: declares 'reports.catalog.read' but no authorization policy on it requires that permission; use RequirePermission
HTTP: GET /api/reports/run/tenancy.companyProfile: declares 'tenancy.companies.read' but no authorization policy on it requires that permission; use RequirePermission
HTTP: GET /api/reports/run/tenancy.branchDirectory: declares 'tenancy.branches.read' but no authorization policy on it requires that permission; use RequirePermission
HTTP: GET /api/reports/run/identity.usersByRole: declares 'identity.users.read' but no authorization policy on it requires that permission; use RequirePermission
HTTP: GET /api/reports/run/identity.roleSummary: declares 'identity.roles.read' but no authorization policy on it requires that permission; use RequirePermission
HTTP: GET /api/reports/lists/tenancy.companies: declares 'tenancy.companies.read' but no authorization policy on it requires that permission; use RequirePermission
HTTP: GET /api/reports/lists/tenancy.branches: declares 'tenancy.branches.read' but no authorization policy on it requires that permission; use RequirePermission
HTTP: GET /api/reports/lists/tenancy.access: declares 'tenancy.access.read' but no authorization policy on it requires that permission; use RequirePermission
HTTP: GET /api/reports/lists/identity.users: declares 'identity.users.read' but no authorization policy on it requires that permission; use RequirePermission
HTTP: GET /api/reports/lists/identity.roles: declares 'identity.roles.read' but no authorization policy on it requires that permission; use RequirePermission
  Stack Trace:
  
----- Inner Stack Trace -----
   at Erp.Kernel.Hosting.ErpPlatform.ValidateEndpoints(WebApplication app) in /work/src/Kernel/Erp.Kernel/Hosting/ErpPlatform.cs:line 251
   at Erp.Kernel.Hosting.ErpPlatform.UseErpPlatform(WebApplication app) in /work/src/Kernel/Erp.Kernel/Hosting/ErpPlatform.cs:line 204
   at Program.<Main>$(String[] args) in /work/src/Host/Erp.Host/Program.cs:line 8
   at Program.<Main>(String[] args)
   at System.Reflection.MethodBaseInvoker.InterpretedInvoke_Method(Object obj, IntPtr* args)
   at System.Reflection.MethodBaseInvoker.InvokeDirectByRefWithFewArgs(Object obj, Span`1 copyOfArgs, BindingFlags invokeAttr)
--- End of stack trace from previous location ---
   at Microsoft.AspNetCore.Mvc.Testing.DeferredHostBuilder.DeferredHost.StartAsync(CancellationToken cancellationToken)
   at Microsoft.Extensions.Hosting.HostingAbstractionsHostExtensions.Start(IHost host)
   at Microsoft.AspNetCore.Mvc.Testing.WebApplicationFactory`1.CreateHost(IHostBuilder builder)
   at Microsoft.AspNetCore.Mvc.Testing.WebApplicationFactory`1.ConfigureHostBuilder(IHostBuilder hostBuilder)
   at Microsoft.AspNetCore.Mvc.Testing.WebApplicationFactory`1.StartServer()
   at Microsoft.AspNetCore.Mvc.Testing.WebApplicationFactory`1.get_Services()
   at Erp.Testing.ErpTestEnvironment.SeedAsync(TestDatabaseServer server, String database, SeedPlan plan, IDictionary`2 settings) in /work/tests/Erp.Testing/ErpTestEnvironment.cs:line 129
   at Erp.Testing.ErpTestEnvironment.SeedAsync(TestDatabaseServer server, String database, SeedPlan plan, IDictionary`2 settings) in /work/tests/Erp.Testing/ErpTestEnvironment.cs:line 139
   at Erp.Testing.ErpTestEnvironment.<>c__DisplayClass34_0.<<StartGateAsync>b__0>d.MoveNext() in /work/tests/Erp.Testing/ErpTestEnvironment.cs:line 91
--- End of stack trace from previous location ---
   at Erp.Testing.TestDatabaseServer.<>c__DisplayClass25_0.<<GateTemplateAsync>b__3>d.MoveNext() in /work/tests/Erp.Testing/TestDatabaseServer.cs:line 160
--- End of stack trace from previous location ---
   at Erp.Testing.TestDatabaseServer.GateTemplateAsync(IDictionary`2 settings, Func`2 seed) in /work/tests/Erp.Testing/TestDatabaseServer.cs:line 165
   at Erp.Testing.ErpTestEnvironment.StartGateAsync(IDictionary`2 settings) in /work/tests/Erp.Testing/ErpTestEnvironment.cs:line 88
   at Erp.Gates.Tests.Infrastructure.GateFixture.InitializeAsync() in /work/tests/Erp.Gates.Tests/Infrastructure/GateFixture.cs:line 17
  Failed Erp.Gates.Tests.G2.G2PermissionTests.Every_list_endpoint_needs_the_lists_own_permission_and_shared_view_writes_need_sharing [1 ms]
  Error Message:
   Assembly fixture type 'Erp.Gates.Tests.Infrastructure.GateFixture' threw in InitializeAsync
---- System.InvalidOperationException : Endpoint authorisation is incomplete:
HTTP: GET /api/tenancy/tenant => GetTenant: declares 'tenancy.tenant.read' but no authorization policy on it requires that permission; use RequirePermission
HTTP: GET /api/tenancy/companies => List: declares 'tenancy.companies.read' but no authorization policy on it requires that permission; use RequirePermission
HTTP: GET /api/tenancy/companies/{id:guid} => Get: declares 'tenancy.companies.read' but no authorization policy on it requires that permission; use RequirePermission
HTTP: GET /api/tenancy/companies/{id:guid}/logo => GetLogo: declares 'tenancy.companies.read' but no authorization policy on it requires that permission; use RequirePermission
HTTP: GET /api/tenancy/branches => List: declares 'tenancy.branches.read' but no authorization policy on it requires that permission; use RequirePermission
HTTP: GET /api/tenancy/branches/{id:guid} => Get: declares 'tenancy.branches.read' but no authorization policy on it requires that permission; use RequirePermission
HTTP: GET /api/tenancy/access => List: declares 'tenancy.access.read' but no authorization policy on it requires that permission; use RequirePermission
HTTP: GET /api/tenancy/access/{userId:guid} => Get: declares 'tenancy.access.read' but no authorization policy on it requires that permission; use RequirePermission
HTTP: GET /api/tenancy/workplace => Get: declares 'tenancy.workplace.read' but no authorization policy on it requires that permission; use RequirePermission
HTTP: GET /api/identity/users => List: declares 'identity.users.read' but no authorization policy on it requires that permission; use RequirePermission
HTTP: GET /api/identity/users/{id:guid} => Get: declares 'identity.users.read' but no authorization policy on it requires that permission; use RequirePermission
HTTP: GET /api/identity/users/{id:guid}/access => Access: declares 'identity.users.read' but no authorization policy on it requires that permission; use RequirePermission
HTTP: GET /api/identity/users/{id:guid}/default-company => GetDefaultCompany: declares 'identity.users.read' but no authorization policy on it requires that permission; use RequirePermission
HTTP: GET /api/identity/companies => Companies: declares 'identity.users.read' but no authorization policy on it requires that permission; use RequirePermission
HTTP: GET /api/identity/users/{id:guid}/sign-ins => SignIns: declares 'identity.signIns.read' but no authorization policy on it requires that permission; use RequirePermission
HTTP: GET /api/identity/roles => List: declares 'identity.roles.read' but no authorization policy on it requires that permission; use RequirePermission
HTTP: GET /api/identity/roles/{id:guid} => Get: declares 'identity.roles.read' but no authorization policy on it requires that permission; use RequirePermission
HTTP: GET /api/identity/permissions => Permissions: declares 'identity.roles.read' but no authorization policy on it requires that permission; use RequirePermission
HTTP: GET /api/identity/users/{id:guid}/passkeys => OfUser: declares 'identity.users.read' but no authorization policy on it requires that permission; use RequirePermission
HTTP: GET /api/lists/tenancy.companies/definition: declares 'tenancy.companies.read' but no authorization policy on it requires that permission; use RequirePermission
HTTP: GET /api/lists/tenancy.companies/views: declares 'tenancy.companies.read' but no authorization policy on it requires that permission; use RequirePermission
HTTP: GET /api/lists/tenancy.companies/views/{id:guid}: declares 'tenancy.companies.read' but no authorization policy on it requires that permission; use RequirePermission
HTTP: POST /api/lists/tenancy.companies/views: declares 'tenancy.companies.read' but no authorization policy on it requires that permission; use RequirePermission
HTTP: PUT /api/lists/tenancy.companies/views/{id:guid}: declares 'tenancy.companies.read' but no authorization policy on it requires that permission; use RequirePermission
HTTP: DELETE /api/lists/tenancy.companies/views/{id:guid}: declares 'tenancy.companies.read' but no authorization policy on it requires that permission; use RequirePermission
HTTP: GET /api/lists/tenancy.companies/shared-views/{id:guid}: declares 'tenancy.companies.read' but no authorization policy on it requires that permission; use RequirePermission
HTTP: GET /api/lists/tenancy.branches/definition: declares 'tenancy.branches.read' but no authorization policy on it requires that permission; use RequirePermission
HTTP: GET /api/lists/tenancy.branches/views: declares 'tenancy.branches.read' but no authorization policy on it requires that permission; use RequirePermission
HTTP: GET /api/lists/tenancy.branches/views/{id:guid}: declares 'tenancy.branches.read' but no authorization policy on it requires that permission; use RequirePermission
HTTP: POST /api/lists/tenancy.branches/views: declares 'tenancy.branches.read' but no authorization policy on it requires that permission; use RequirePermission
HTTP: PUT /api/lists/tenancy.branches/views/{id:guid}: declares 'tenancy.branches.read' but no authorization policy on it requires that permission; use RequirePermission
HTTP: DELETE /api/lists/tenancy.branches/views/{id:guid}: declares 'tenancy.branches.read' but no authorization policy on it requires that permission; use RequirePermission
HTTP: GET /api/lists/tenancy.branches/shared-views/{id:guid}: declares 'tenancy.branches.read' but no authorization policy on it requires that permission; use RequirePermission
HTTP: GET /api/lists/tenancy.access/definition: declares 'tenancy.access.read' but no authorization policy on it requires that permission; use RequirePermission
HTTP: GET /api/lists/tenancy.access/views: declares 'tenancy.access.read' but no authorization policy on it requires that permission; use RequirePermission
HTTP: GET /api/lists/tenancy.access/views/{id:guid}: declares 'tenancy.access.read' but no authorization policy on it requires that permission; use RequirePermission
HTTP: POST /api/lists/tenancy.access/views: declares 'tenancy.access.read' but no authorization policy on it requires that permission; use RequirePermission
HTTP: PUT /api/lists/tenancy.access/views/{id:guid}: declares 'tenancy.access.read' but no authorization policy on it requires that permission; use RequirePermission
HTTP: DELETE /api/lists/tenancy.access/views/{id:guid}: declares 'tenancy.access.read' but no authorization policy on it requires that permission; use RequirePermission
HTTP: GET /api/lists/tenancy.access/shared-views/{id:guid}: declares 'tenancy.access.read' but no authorization policy on it requires that permission; use RequirePermission
HTTP: GET /api/lists/identity.users/definition: declares 'identity.users.read' but no authorization policy on it requires that permission; use RequirePermission
HTTP: GET /api/lists/identity.users/views: declares 'identity.users.read' but no authorization policy on it requires that permission; use RequirePermission
HTTP: GET /api/lists/identity.users/views/{id:guid}: declares 'identity.users.read' but no authorization policy on it requires that permission; use RequirePermission
HTTP: POST /api/lists/identity.users/views: declares 'identity.users.read' but no authorization policy on it requires that permission; use RequirePermission
HTTP: PUT /api/lists/identity.users/views/{id:guid}: declares 'identity.users.read' but no authorization policy on it requires that permission; use RequirePermission
HTTP: DELETE /api/lists/identity.users/views/{id:guid}: declares 'identity.users.read' but no authorization policy on it requires that permission; use RequirePermission
HTTP: GET /api/lists/identity.users/shared-views/{id:guid}: declares 'identity.users.read' but no authorization policy on it requires that permission; use RequirePermission
HTTP: GET /api/lists/identity.roles/definition: declares 'identity.roles.read' but no authorization policy on it requires that permission; use RequirePermission
HTTP: GET /api/lists/identity.roles/views: declares 'identity.roles.read' but no authorization policy on it requires that permission; use RequirePermission
HTTP: GET /api/lists/identity.roles/views/{id:guid}: declares 'identity.roles.read' but no authorization policy on it requires that permission; use RequirePermission
HTTP: POST /api/lists/identity.roles/views: declares 'identity.roles.read' but no authorization policy on it requires that permission; use RequirePermission
HTTP: PUT /api/lists/identity.roles/views/{id:guid}: declares 'identity.roles.read' but no authorization policy on it requires that permission; use RequirePermission
HTTP: DELETE /api/lists/identity.roles/views/{id:guid}: declares 'identity.roles.read' but no authorization policy on it requires that permission; use RequirePermission
HTTP: GET /api/lists/identity.roles/shared-views/{id:guid}: declares 'identity.roles.read' but no authorization policy on it requires that permission; use RequirePermission
HTTP: GET /api/reports/catalog => Catalog: declares 'reports.catalog.read' but no authorization policy on it requires that permission; use RequirePermission
HTTP: GET /api/reports/run/tenancy.companyProfile: declares 'tenancy.companies.read' but no authorization policy on it requires that permission; use RequirePermission
HTTP: GET /api/reports/run/tenancy.branchDirectory: declares 'tenancy.branches.read' but no authorization policy on it requires that permission; use RequirePermission
HTTP: GET /api/reports/run/identity.usersByRole: declares 'identity.users.read' but no authorization policy on it requires that permission; use RequirePermission
HTTP: GET /api/reports/run/identity.roleSummary: declares 'identity.roles.read' but no authorization policy on it requires that permission; use RequirePermission
HTTP: GET /api/reports/lists/tenancy.companies: declares 'tenancy.companies.read' but no authorization policy on it requires that permission; use RequirePermission
HTTP: GET /api/reports/lists/tenancy.branches: declares 'tenancy.branches.read' but no authorization policy on it requires that permission; use RequirePermission
HTTP: GET /api/reports/lists/tenancy.access: declares 'tenancy.access.read' but no authorization policy on it requires that permission; use RequirePermission
HTTP: GET /api/reports/lists/identity.users: declares 'identity.users.read' but no authorization policy on it requires that permission; use RequirePermission
HTTP: GET /api/reports/lists/identity.roles: declares 'identity.roles.read' but no authorization policy on it requires that permission; use RequirePermission
  Stack Trace:
  
----- Inner Stack Trace -----
   at Erp.Kernel.Hosting.ErpPlatform.ValidateEndpoints(WebApplication app) in /work/src/Kernel/Erp.Kernel/Hosting/ErpPlatform.cs:line 251
   at Erp.Kernel.Hosting.ErpPlatform.UseErpPlatform(WebApplication app) in /work/src/Kernel/Erp.Kernel/Hosting/ErpPlatform.cs:line 204
   at Program.<Main>$(String[] args) in /work/src/Host/Erp.Host/Program.cs:line 8
   at Program.<Main>(String[] args)
   at System.Reflection.MethodBaseInvoker.InterpretedInvoke_Method(Object obj, IntPtr* args)
   at System.Reflection.MethodBaseInvoker.InvokeDirectByRefWithFewArgs(Object obj, Span`1 copyOfArgs, BindingFlags invokeAttr)
--- End of stack trace from previous location ---
   at Microsoft.AspNetCore.Mvc.Testing.DeferredHostBuilder.DeferredHost.StartAsync(CancellationToken cancellationToken)
   at Microsoft.Extensions.Hosting.HostingAbstractionsHostExtensions.Start(IHost host)
   at Microsoft.AspNetCore.Mvc.Testing.WebApplicationFactory`1.CreateHost(IHostBuilder builder)
   at Microsoft.AspNetCore.Mvc.Testing.WebApplicationFactory`1.ConfigureHostBuilder(IHostBuilder hostBuilder)
   at Microsoft.AspNetCore.Mvc.Testing.WebApplicationFactory`1.StartServer()
   at Microsoft.AspNetCore.Mvc.Testing.WebApplicationFactory`1.get_Services()
   at Erp.Testing.ErpTestEnvironment.SeedAsync(TestDatabaseServer server, String database, SeedPlan plan, IDictionary`2 settings) in /work/tests/Erp.Testing/ErpTestEnvironment.cs:line 129
   at Erp.Testing.ErpTestEnvironment.SeedAsync(TestDatabaseServer server, String database, SeedPlan plan, IDictionary`2 settings) in /work/tests/Erp.Testing/ErpTestEnvironment.cs:line 139
   at Erp.Testing.ErpTestEnvironment.<>c__DisplayClass34_0.<<StartGateAsync>b__0>d.MoveNext() in /work/tests/Erp.Testing/ErpTestEnvironment.cs:line 91
--- End of stack trace from previous location ---
   at Erp.Testing.TestDatabaseServer.<>c__DisplayClass25_0.<<GateTemplateAsync>b__3>d.MoveNext() in /work/tests/Erp.Testing/TestDatabaseServer.cs:line 160
--- End of stack trace from previous location ---
   at Erp.Testing.TestDatabaseServer.GateTemplateAsync(IDictionary`2 settings, Func`2 seed) in /work/tests/Erp.Testing/TestDatabaseServer.cs:line 165
   at Erp.Testing.ErpTestEnvironment.StartGateAsync(IDictionary`2 settings) in /work/tests/Erp.Testing/ErpTestEnvironment.cs:line 88
   at Erp.Gates.Tests.Infrastructure.GateFixture.InitializeAsync() in /work/tests/Erp.Gates.Tests/Infrastructure/GateFixture.cs:line 17
  Failed Erp.Gates.Tests.G2.G2PermissionTests.Sharing_a_view_needs_the_share_permission_and_the_lists_own_permission [1 ms]
  Error Message:
   Assembly fixture type 'Erp.Gates.Tests.Infrastructure.GateFixture' threw in InitializeAsync
---- System.InvalidOperationException : Endpoint authorisation is incomplete:
HTTP: GET /api/tenancy/tenant => GetTenant: declares 'tenancy.tenant.read' but no authorization policy on it requires that permission; use RequirePermission
HTTP: GET /api/tenancy/companies => List: declares 'tenancy.companies.read' but no authorization policy on it requires that permission; use RequirePermission
HTTP: GET /api/tenancy/companies/{id:guid} => Get: declares 'tenancy.companies.read' but no authorization policy on it requires that permission; use RequirePermission
HTTP: GET /api/tenancy/companies/{id:guid}/logo => GetLogo: declares 'tenancy.companies.read' but no authorization policy on it requires that permission; use RequirePermission
HTTP: GET /api/tenancy/branches => List: declares 'tenancy.branches.read' but no authorization policy on it requires that permission; use RequirePermission
HTTP: GET /api/tenancy/branches/{id:guid} => Get: declares 'tenancy.branches.read' but no authorization policy on it requires that permission; use RequirePermission
HTTP: GET /api/tenancy/access => List: declares 'tenancy.access.read' but no authorization policy on it requires that permission; use RequirePermission
HTTP: GET /api/tenancy/access/{userId:guid} => Get: declares 'tenancy.access.read' but no authorization policy on it requires that permission; use RequirePermission
HTTP: GET /api/tenancy/workplace => Get: declares 'tenancy.workplace.read' but no authorization policy on it requires that permission; use RequirePermission
HTTP: GET /api/identity/users => List: declares 'identity.users.read' but no authorization policy on it requires that permission; use RequirePermission
HTTP: GET /api/identity/users/{id:guid} => Get: declares 'identity.users.read' but no authorization policy on it requires that permission; use RequirePermission
HTTP: GET /api/identity/users/{id:guid}/access => Access: declares 'identity.users.read' but no authorization policy on it requires that permission; use RequirePermission
HTTP: GET /api/identity/users/{id:guid}/default-company => GetDefaultCompany: declares 'identity.users.read' but no authorization policy on it requires that permission; use RequirePermission
HTTP: GET /api/identity/companies => Companies: declares 'identity.users.read' but no authorization policy on it requires that permission; use RequirePermission
HTTP: GET /api/identity/users/{id:guid}/sign-ins => SignIns: declares 'identity.signIns.read' but no authorization policy on it requires that permission; use RequirePermission
HTTP: GET /api/identity/roles => List: declares 'identity.roles.read' but no authorization policy on it requires that permission; use RequirePermission
HTTP: GET /api/identity/roles/{id:guid} => Get: declares 'identity.roles.read' but no authorization policy on it requires that permission; use RequirePermission
HTTP: GET /api/identity/permissions => Permissions: declares 'identity.roles.read' but no authorization policy on it requires that permission; use RequirePermission
HTTP: GET /api/identity/users/{id:guid}/passkeys => OfUser: declares 'identity.users.read' but no authorization policy on it requires that permission; use RequirePermission
HTTP: GET /api/lists/tenancy.companies/definition: declares 'tenancy.companies.read' but no authorization policy on it requires that permission; use RequirePermission
HTTP: GET /api/lists/tenancy.companies/views: declares 'tenancy.companies.read' but no authorization policy on it requires that permission; use RequirePermission
HTTP: GET /api/lists/tenancy.companies/views/{id:guid}: declares 'tenancy.companies.read' but no authorization policy on it requires that permission; use RequirePermission
HTTP: POST /api/lists/tenancy.companies/views: declares 'tenancy.companies.read' but no authorization policy on it requires that permission; use RequirePermission
HTTP: PUT /api/lists/tenancy.companies/views/{id:guid}: declares 'tenancy.companies.read' but no authorization policy on it requires that permission; use RequirePermission
HTTP: DELETE /api/lists/tenancy.companies/views/{id:guid}: declares 'tenancy.companies.read' but no authorization policy on it requires that permission; use RequirePermission
HTTP: GET /api/lists/tenancy.companies/shared-views/{id:guid}: declares 'tenancy.companies.read' but no authorization policy on it requires that permission; use RequirePermission
HTTP: GET /api/lists/tenancy.branches/definition: declares 'tenancy.branches.read' but no authorization policy on it requires that permission; use RequirePermission
HTTP: GET /api/lists/tenancy.branches/views: declares 'tenancy.branches.read' but no authorization policy on it requires that permission; use RequirePermission
HTTP: GET /api/lists/tenancy.branches/views/{id:guid}: declares 'tenancy.branches.read' but no authorization policy on it requires that permission; use RequirePermission
HTTP: POST /api/lists/tenancy.branches/views: declares 'tenancy.branches.read' but no authorization policy on it requires that permission; use RequirePermission
HTTP: PUT /api/lists/tenancy.branches/views/{id:guid}: declares 'tenancy.branches.read' but no authorization policy on it requires that permission; use RequirePermission
HTTP: DELETE /api/lists/tenancy.branches/views/{id:guid}: declares 'tenancy.branches.read' but no authorization policy on it requires that permission; use RequirePermission
HTTP: GET /api/lists/tenancy.branches/shared-views/{id:guid}: declares 'tenancy.branches.read' but no authorization policy on it requires that permission; use RequirePermission
HTTP: GET /api/lists/tenancy.access/definition: declares 'tenancy.access.read' but no authorization policy on it requires that permission; use RequirePermission
HTTP: GET /api/lists/tenancy.access/views: declares 'tenancy.access.read' but no authorization policy on it requires that permission; use RequirePermission
HTTP: GET /api/lists/tenancy.access/views/{id:guid}: declares 'tenancy.access.read' but no authorization policy on it requires that permission; use RequirePermission
HTTP: POST /api/lists/tenancy.access/views: declares 'tenancy.access.read' but no authorization policy on it requires that permission; use RequirePermission
HTTP: PUT /api/lists/tenancy.access/views/{id:guid}: declares 'tenancy.access.read' but no authorization policy on it requires that permission; use RequirePermission
HTTP: DELETE /api/lists/tenancy.access/views/{id:guid}: declares 'tenancy.access.read' but no authorization policy on it requires that permission; use RequirePermission
HTTP: GET /api/lists/tenancy.access/shared-views/{id:guid}: declares 'tenancy.access.read' but no authorization policy on it requires that permission; use RequirePermission
HTTP: GET /api/lists/identity.users/definition: declares 'identity.users.read' but no authorization policy on it requires that permission; use RequirePermission
HTTP: GET /api/lists/identity.users/views: declares 'identity.users.read' but no authorization policy on it requires that permission; use RequirePermission
HTTP: GET /api/lists/identity.users/views/{id:guid}: declares 'identity.users.read' but no authorization policy on it requires that permission; use RequirePermission
HTTP: POST /api/lists/identity.users/views: declares 'identity.users.read' but no authorization policy on it requires that permission; use RequirePermission
HTTP: PUT /api/lists/identity.users/views/{id:guid}: declares 'identity.users.read' but no authorization policy on it requires that permission; use RequirePermission
HTTP: DELETE /api/lists/identity.users/views/{id:guid}: declares 'identity.users.read' but no authorization policy on it requires that permission; use RequirePermission
HTTP: GET /api/lists/identity.users/shared-views/{id:guid}: declares 'identity.users.read' but no authorization policy on it requires that permission; use RequirePermission
HTTP: GET /api/lists/identity.roles/definition: declares 'identity.roles.read' but no authorization policy on it requires that permission; use RequirePermission
HTTP: GET /api/lists/identity.roles/views: declares 'identity.roles.read' but no authorization policy on it requires that permission; use RequirePermission
HTTP: GET /api/lists/identity.roles/views/{id:guid}: declares 'identity.roles.read' but no authorization policy on it requires that permission; use RequirePermission
HTTP: POST /api/lists/identity.roles/views: declares 'identity.roles.read' but no authorization policy on it requires that permission; use RequirePermission
HTTP: PUT /api/lists/identity.roles/views/{id:guid}: declares 'identity.roles.read' but no authorization policy on it requires that permission; use RequirePermission
HTTP: DELETE /api/lists/identity.roles/views/{id:guid}: declares 'identity.roles.read' but no authorization policy on it requires that permission; use RequirePermission
HTTP: GET /api/lists/identity.roles/shared-views/{id:guid}: declares 'identity.roles.read' but no authorization policy on it requires that permission; use RequirePermission
HTTP: GET /api/reports/catalog => Catalog: declares 'reports.catalog.read' but no authorization policy on it requires that permission; use RequirePermission
HTTP: GET /api/reports/run/tenancy.companyProfile: declares 'tenancy.companies.read' but no authorization policy on it requires that permission; use RequirePermission
HTTP: GET /api/reports/run/tenancy.branchDirectory: declares 'tenancy.branches.read' but no authorization policy on it requires that permission; use RequirePermission
HTTP: GET /api/reports/run/identity.usersByRole: declares 'identity.users.read' but no authorization policy on it requires that permission; use RequirePermission
HTTP: GET /api/reports/run/identity.roleSummary: declares 'identity.roles.read' but no authorization policy on it requires that permission; use RequirePermission
HTTP: GET /api/reports/lists/tenancy.companies: declares 'tenancy.companies.read' but no authorization policy on it requires that permission; use RequirePermission
HTTP: GET /api/reports/lists/tenancy.branches: declares 'tenancy.branches.read' but no authorization policy on it requires that permission; use RequirePermission
HTTP: GET /api/reports/lists/tenancy.access: declares 'tenancy.access.read' but no authorization policy on it requires that permission; use RequirePermission
HTTP: GET /api/reports/lists/identity.users: declares 'identity.users.read' but no authorization policy on it requires that permission; use RequirePermission
HTTP: GET /api/reports/lists/identity.roles: declares 'identity.roles.read' but no authorization policy on it requires that permission; use RequirePermission
  Stack Trace:
  
----- Inner Stack Trace -----
   at Erp.Kernel.Hosting.ErpPlatform.ValidateEndpoints(WebApplication app) in /work/src/Kernel/Erp.Kernel/Hosting/ErpPlatform.cs:line 251
   at Erp.Kernel.Hosting.ErpPlatform.UseErpPlatform(WebApplication app) in /work/src/Kernel/Erp.Kernel/Hosting/ErpPlatform.cs:line 204
   at Program.<Main>$(String[] args) in /work/src/Host/Erp.Host/Program.cs:line 8
   at Program.<Main>(String[] args)
   at System.Reflection.MethodBaseInvoker.InterpretedInvoke_Method(Object obj, IntPtr* args)
   at System.Reflection.MethodBaseInvoker.InvokeDirectByRefWithFewArgs(Object obj, Span`1 copyOfArgs, BindingFlags invokeAttr)
--- End of stack trace from previous location ---
   at Microsoft.AspNetCore.Mvc.Testing.DeferredHostBuilder.DeferredHost.StartAsync(CancellationToken cancellationToken)
   at Microsoft.Extensions.Hosting.HostingAbstractionsHostExtensions.Start(IHost host)
   at Microsoft.AspNetCore.Mvc.Testing.WebApplicationFactory`1.CreateHost(IHostBuilder builder)
   at Microsoft.AspNetCore.Mvc.Testing.WebApplicationFactory`1.ConfigureHostBuilder(IHostBuilder hostBuilder)
   at Microsoft.AspNetCore.Mvc.Testing.WebApplicationFactory`1.StartServer()
   at Microsoft.AspNetCore.Mvc.Testing.WebApplicationFactory`1.get_Services()
   at Erp.Testing.ErpTestEnvironment.SeedAsync(TestDatabaseServer server, String database, SeedPlan plan, IDictionary`2 settings) in /work/tests/Erp.Testing/ErpTestEnvironment.cs:line 129
   at Erp.Testing.ErpTestEnvironment.SeedAsync(TestDatabaseServer server, String database, SeedPlan plan, IDictionary`2 settings) in /work/tests/Erp.Testing/ErpTestEnvironment.cs:line 139
   at Erp.Testing.ErpTestEnvironment.<>c__DisplayClass34_0.<<StartGateAsync>b__0>d.MoveNext() in /work/tests/Erp.Testing/ErpTestEnvironment.cs:line 91
--- End of stack trace from previous location ---
   at Erp.Testing.TestDatabaseServer.<>c__DisplayClass25_0.<<GateTemplateAsync>b__3>d.MoveNext() in /work/tests/Erp.Testing/TestDatabaseServer.cs:line 160
--- End of stack trace from previous location ---
   at Erp.Testing.TestDatabaseServer.GateTemplateAsync(IDictionary`2 settings, Func`2 seed) in /work/tests/Erp.Testing/TestDatabaseServer.cs:line 165
   at Erp.Testing.ErpTestEnvironment.StartGateAsync(IDictionary`2 settings) in /work/tests/Erp.Testing/ErpTestEnvironment.cs:line 88
   at Erp.Gates.Tests.Infrastructure.GateFixture.InitializeAsync() in /work/tests/Erp.Gates.Tests/Infrastructure/GateFixture.cs:line 17
  Failed Erp.Gates.Tests.G2.G2PermissionTests.Every_registered_list_is_readable_with_its_permission_alone [1 ms]
  Error Message:
   Assembly fixture type 'Erp.Gates.Tests.Infrastructure.GateFixture' threw in InitializeAsync
---- System.InvalidOperationException : Endpoint authorisation is incomplete:
HTTP: GET /api/tenancy/tenant => GetTenant: declares 'tenancy.tenant.read' but no authorization policy on it requires that permission; use RequirePermission
HTTP: GET /api/tenancy/companies => List: declares 'tenancy.companies.read' but no authorization policy on it requires that permission; use RequirePermission
HTTP: GET /api/tenancy/companies/{id:guid} => Get: declares 'tenancy.companies.read' but no authorization policy on it requires that permission; use RequirePermission
HTTP: GET /api/tenancy/companies/{id:guid}/logo => GetLogo: declares 'tenancy.companies.read' but no authorization policy on it requires that permission; use RequirePermission
HTTP: GET /api/tenancy/branches => List: declares 'tenancy.branches.read' but no authorization policy on it requires that permission; use RequirePermission
HTTP: GET /api/tenancy/branches/{id:guid} => Get: declares 'tenancy.branches.read' but no authorization policy on it requires that permission; use RequirePermission
HTTP: GET /api/tenancy/access => List: declares 'tenancy.access.read' but no authorization policy on it requires that permission; use RequirePermission
HTTP: GET /api/tenancy/access/{userId:guid} => Get: declares 'tenancy.access.read' but no authorization policy on it requires that permission; use RequirePermission
HTTP: GET /api/tenancy/workplace => Get: declares 'tenancy.workplace.read' but no authorization policy on it requires that permission; use RequirePermission
HTTP: GET /api/identity/users => List: declares 'identity.users.read' but no authorization policy on it requires that permission; use RequirePermission
HTTP: GET /api/identity/users/{id:guid} => Get: declares 'identity.users.read' but no authorization policy on it requires that permission; use RequirePermission
HTTP: GET /api/identity/users/{id:guid}/access => Access: declares 'identity.users.read' but no authorization policy on it requires that permission; use RequirePermission
HTTP: GET /api/identity/users/{id:guid}/default-company => GetDefaultCompany: declares 'identity.users.read' but no authorization policy on it requires that permission; use RequirePermission
HTTP: GET /api/identity/companies => Companies: declares 'identity.users.read' but no authorization policy on it requires that permission; use RequirePermission
HTTP: GET /api/identity/users/{id:guid}/sign-ins => SignIns: declares 'identity.signIns.read' but no authorization policy on it requires that permission; use RequirePermission
HTTP: GET /api/identity/roles => List: declares 'identity.roles.read' but no authorization policy on it requires that permission; use RequirePermission
HTTP: GET /api/identity/roles/{id:guid} => Get: declares 'identity.roles.read' but no authorization policy on it requires that permission; use RequirePermission
HTTP: GET /api/identity/permissions => Permissions: declares 'identity.roles.read' but no authorization policy on it requires that permission; use RequirePermission
HTTP: GET /api/identity/users/{id:guid}/passkeys => OfUser: declares 'identity.users.read' but no authorization policy on it requires that permission; use RequirePermission
HTTP: GET /api/lists/tenancy.companies/definition: declares 'tenancy.companies.read' but no authorization policy on it requires that permission; use RequirePermission
HTTP: GET /api/lists/tenancy.companies/views: declares 'tenancy.companies.read' but no authorization policy on it requires that permission; use RequirePermission
HTTP: GET /api/lists/tenancy.companies/views/{id:guid}: declares 'tenancy.companies.read' but no authorization policy on it requires that permission; use RequirePermission
HTTP: POST /api/lists/tenancy.companies/views: declares 'tenancy.companies.read' but no authorization policy on it requires that permission; use RequirePermission
HTTP: PUT /api/lists/tenancy.companies/views/{id:guid}: declares 'tenancy.companies.read' but no authorization policy on it requires that permission; use RequirePermission
HTTP: DELETE /api/lists/tenancy.companies/views/{id:guid}: declares 'tenancy.companies.read' but no authorization policy on it requires that permission; use RequirePermission
HTTP: GET /api/lists/tenancy.companies/shared-views/{id:guid}: declares 'tenancy.companies.read' but no authorization policy on it requires that permission; use RequirePermission
HTTP: GET /api/lists/tenancy.branches/definition: declares 'tenancy.branches.read' but no authorization policy on it requires that permission; use RequirePermission
HTTP: GET /api/lists/tenancy.branches/views: declares 'tenancy.branches.read' but no authorization policy on it requires that permission; use RequirePermission
HTTP: GET /api/lists/tenancy.branches/views/{id:guid}: declares 'tenancy.branches.read' but no authorization policy on it requires that permission; use RequirePermission
HTTP: POST /api/lists/tenancy.branches/views: declares 'tenancy.branches.read' but no authorization policy on it requires that permission; use RequirePermission
HTTP: PUT /api/lists/tenancy.branches/views/{id:guid}: declares 'tenancy.branches.read' but no authorization policy on it requires that permission; use RequirePermission
HTTP: DELETE /api/lists/tenancy.branches/views/{id:guid}: declares 'tenancy.branches.read' but no authorization policy on it requires that permission; use RequirePermission
HTTP: GET /api/lists/tenancy.branches/shared-views/{id:guid}: declares 'tenancy.branches.read' but no authorization policy on it requires that permission; use RequirePermission
HTTP: GET /api/lists/tenancy.access/definition: declares 'tenancy.access.read' but no authorization policy on it requires that permission; use RequirePermission
HTTP: GET /api/lists/tenancy.access/views: declares 'tenancy.access.read' but no authorization policy on it requires that permission; use RequirePermission
HTTP: GET /api/lists/tenancy.access/views/{id:guid}: declares 'tenancy.access.read' but no authorization policy on it requires that permission; use RequirePermission
HTTP: POST /api/lists/tenancy.access/views: declares 'tenancy.access.read' but no authorization policy on it requires that permission; use RequirePermission
HTTP: PUT /api/lists/tenancy.access/views/{id:guid}: declares 'tenancy.access.read' but no authorization policy on it requires that permission; use RequirePermission
HTTP: DELETE /api/lists/tenancy.access/views/{id:guid}: declares 'tenancy.access.read' but no authorization policy on it requires that permission; use RequirePermission
HTTP: GET /api/lists/tenancy.access/shared-views/{id:guid}: declares 'tenancy.access.read' but no authorization policy on it requires that permission; use RequirePermission
HTTP: GET /api/lists/identity.users/definition: declares 'identity.users.read' but no authorization policy on it requires that permission; use RequirePermission
HTTP: GET /api/lists/identity.users/views: declares 'identity.users.read' but no authorization policy on it requires that permission; use RequirePermission
HTTP: GET /api/lists/identity.users/views/{id:guid}: declares 'identity.users.read' but no authorization policy on it requires that permission; use RequirePermission
HTTP: POST /api/lists/identity.users/views: declares 'identity.users.read' but no authorization policy on it requires that permission; use RequirePermission
HTTP: PUT /api/lists/identity.users/views/{id:guid}: declares 'identity.users.read' but no authorization policy on it requires that permission; use RequirePermission
HTTP: DELETE /api/lists/identity.users/views/{id:guid}: declares 'identity.users.read' but no authorization policy on it requires that permission; use RequirePermission
HTTP: GET /api/lists/identity.users/shared-views/{id:guid}: declares 'identity.users.read' but no authorization policy on it requires that permission; use RequirePermission
HTTP: GET /api/lists/identity.roles/definition: declares 'identity.roles.read' but no authorization policy on it requires that permission; use RequirePermission
HTTP: GET /api/lists/identity.roles/views: declares 'identity.roles.read' but no authorization policy on it requires that permission; use RequirePermission
HTTP: GET /api/lists/identity.roles/views/{id:guid}: declares 'identity.roles.read' but no authorization policy on it requires that permission; use RequirePermission
HTTP: POST /api/lists/identity.roles/views: declares 'identity.roles.read' but no authorization policy on it requires that permission; use RequirePermission
HTTP: PUT /api/lists/identity.roles/views/{id:guid}: declares 'identity.roles.read' but no authorization policy on it requires that permission; use RequirePermission
HTTP: DELETE /api/lists/identity.roles/views/{id:guid}: declares 'identity.roles.read' but no authorization policy on it requires that permission; use RequirePermission
HTTP: GET /api/lists/identity.roles/shared-views/{id:guid}: declares 'identity.roles.read' but no authorization policy on it requires that permission; use RequirePermission
HTTP: GET /api/reports/catalog => Catalog: declares 'reports.catalog.read' but no authorization policy on it requires that permission; use RequirePermission
HTTP: GET /api/reports/run/tenancy.companyProfile: declares 'tenancy.companies.read' but no authorization policy on it requires that permission; use RequirePermission
HTTP: GET /api/reports/run/tenancy.branchDirectory: declares 'tenancy.branches.read' but no authorization policy on it requires that permission; use RequirePermission
HTTP: GET /api/reports/run/identity.usersByRole: declares 'identity.users.read' but no authorization policy on it requires that permission; use RequirePermission
HTTP: GET /api/reports/run/identity.roleSummary: declares 'identity.roles.read' but no authorization policy on it requires that permission; use RequirePermission
HTTP: GET /api/reports/lists/tenancy.companies: declares 'tenancy.companies.read' but no authorization policy on it requires that permission; use RequirePermission
HTTP: GET /api/reports/lists/tenancy.branches: declares 'tenancy.branches.read' but no authorization policy on it requires that permission; use RequirePermission
HTTP: GET /api/reports/lists/tenancy.access: declares 'tenancy.access.read' but no authorization policy on it requires that permission; use RequirePermission
HTTP: GET /api/reports/lists/identity.users: declares 'identity.users.read' but no authorization policy on it requires that permission; use RequirePermission
HTTP: GET /api/reports/lists/identity.roles: declares 'identity.roles.read' but no authorization policy on it requires that permission; use RequirePermission
  Stack Trace:
  
----- Inner Stack Trace -----
   at Erp.Kernel.Hosting.ErpPlatform.ValidateEndpoints(WebApplication app) in /work/src/Kernel/Erp.Kernel/Hosting/ErpPlatform.cs:line 251
   at Erp.Kernel.Hosting.ErpPlatform.UseErpPlatform(WebApplication app) in /work/src/Kernel/Erp.Kernel/Hosting/ErpPlatform.cs:line 204
   at Program.<Main>$(String[] args) in /work/src/Host/Erp.Host/Program.cs:line 8
   at Program.<Main>(String[] args)
   at System.Reflection.MethodBaseInvoker.InterpretedInvoke_Method(Object obj, IntPtr* args)
   at System.Reflection.MethodBaseInvoker.InvokeDirectByRefWithFewArgs(Object obj, Span`1 copyOfArgs, BindingFlags invokeAttr)
--- End of stack trace from previous location ---
   at Microsoft.AspNetCore.Mvc.Testing.DeferredHostBuilder.DeferredHost.StartAsync(CancellationToken cancellationToken)
   at Microsoft.Extensions.Hosting.HostingAbstractionsHostExtensions.Start(IHost host)
   at Microsoft.AspNetCore.Mvc.Testing.WebApplicationFactory`1.CreateHost(IHostBuilder builder)
   at Microsoft.AspNetCore.Mvc.Testing.WebApplicationFactory`1.ConfigureHostBuilder(IHostBuilder hostBuilder)
   at Microsoft.AspNetCore.Mvc.Testing.WebApplicationFactory`1.StartServer()
   at Microsoft.AspNetCore.Mvc.Testing.WebApplicationFactory`1.get_Services()
   at Erp.Testing.ErpTestEnvironment.SeedAsync(TestDatabaseServer server, String database, SeedPlan plan, IDictionary`2 settings) in /work/tests/Erp.Testing/ErpTestEnvironment.cs:line 129
   at Erp.Testing.ErpTestEnvironment.SeedAsync(TestDatabaseServer server, String database, SeedPlan plan, IDictionary`2 settings) in /work/tests/Erp.Testing/ErpTestEnvironment.cs:line 139
   at Erp.Testing.ErpTestEnvironment.<>c__DisplayClass34_0.<<StartGateAsync>b__0>d.MoveNext() in /work/tests/Erp.Testing/ErpTestEnvironment.cs:line 91
--- End of stack trace from previous location ---
   at Erp.Testing.TestDatabaseServer.<>c__DisplayClass25_0.<<GateTemplateAsync>b__3>d.MoveNext() in /work/tests/Erp.Testing/TestDatabaseServer.cs:line 160
--- End of stack trace from previous location ---
   at Erp.Testing.TestDatabaseServer.GateTemplateAsync(IDictionary`2 settings, Func`2 seed) in /work/tests/Erp.Testing/TestDatabaseServer.cs:line 165
   at Erp.Testing.ErpTestEnvironment.StartGateAsync(IDictionary`2 settings) in /work/tests/Erp.Testing/ErpTestEnvironment.cs:line 88
   at Erp.Gates.Tests.Infrastructure.GateFixture.InitializeAsync() in /work/tests/Erp.Gates.Tests/Infrastructure/GateFixture.cs:line 17
  Failed Erp.Gates.Tests.G2.G2PermissionTests.The_host_refuses_a_list_whose_endpoint_declares_another_permission [1 ms]
  Error Message:
   Assembly fixture type 'Erp.Gates.Tests.Infrastructure.GateFixture' threw in InitializeAsync
---- System.InvalidOperationException : Endpoint authorisation is incomplete:
HTTP: GET /api/tenancy/tenant => GetTenant: declares 'tenancy.tenant.read' but no authorization policy on it requires that permission; use RequirePermission
HTTP: GET /api/tenancy/companies => List: declares 'tenancy.companies.read' but no authorization policy on it requires that permission; use RequirePermission
HTTP: GET /api/tenancy/companies/{id:guid} => Get: declares 'tenancy.companies.read' but no authorization policy on it requires that permission; use RequirePermission
HTTP: GET /api/tenancy/companies/{id:guid}/logo => GetLogo: declares 'tenancy.companies.read' but no authorization policy on it requires that permission; use RequirePermission
HTTP: GET /api/tenancy/branches => List: declares 'tenancy.branches.read' but no authorization policy on it requires that permission; use RequirePermission
HTTP: GET /api/tenancy/branches/{id:guid} => Get: declares 'tenancy.branches.read' but no authorization policy on it requires that permission; use RequirePermission
HTTP: GET /api/tenancy/access => List: declares 'tenancy.access.read' but no authorization policy on it requires that permission; use RequirePermission
HTTP: GET /api/tenancy/access/{userId:guid} => Get: declares 'tenancy.access.read' but no authorization policy on it requires that permission; use RequirePermission
HTTP: GET /api/tenancy/workplace => Get: declares 'tenancy.workplace.read' but no authorization policy on it requires that permission; use RequirePermission
HTTP: GET /api/identity/users => List: declares 'identity.users.read' but no authorization policy on it requires that permission; use RequirePermission
HTTP: GET /api/identity/users/{id:guid} => Get: declares 'identity.users.read' but no authorization policy on it requires that permission; use RequirePermission
HTTP: GET /api/identity/users/{id:guid}/access => Access: declares 'identity.users.read' but no authorization policy on it requires that permission; use RequirePermission
HTTP: GET /api/identity/users/{id:guid}/default-company => GetDefaultCompany: declares 'identity.users.read' but no authorization policy on it requires that permission; use RequirePermission
HTTP: GET /api/identity/companies => Companies: declares 'identity.users.read' but no authorization policy on it requires that permission; use RequirePermission
HTTP: GET /api/identity/users/{id:guid}/sign-ins => SignIns: declares 'identity.signIns.read' but no authorization policy on it requires that permission; use RequirePermission
HTTP: GET /api/identity/roles => List: declares 'identity.roles.read' but no authorization policy on it requires that permission; use RequirePermission
HTTP: GET /api/identity/roles/{id:guid} => Get: declares 'identity.roles.read' but no authorization policy on it requires that permission; use RequirePermission
HTTP: GET /api/identity/permissions => Permissions: declares 'identity.roles.read' but no authorization policy on it requires that permission; use RequirePermission
HTTP: GET /api/identity/users/{id:guid}/passkeys => OfUser: declares 'identity.users.read' but no authorization policy on it requires that permission; use RequirePermission
HTTP: GET /api/lists/tenancy.companies/definition: declares 'tenancy.companies.read' but no authorization policy on it requires that permission; use RequirePermission
HTTP: GET /api/lists/tenancy.companies/views: declares 'tenancy.companies.read' but no authorization policy on it requires that permission; use RequirePermission
HTTP: GET /api/lists/tenancy.companies/views/{id:guid}: declares 'tenancy.companies.read' but no authorization policy on it requires that permission; use RequirePermission
HTTP: POST /api/lists/tenancy.companies/views: declares 'tenancy.companies.read' but no authorization policy on it requires that permission; use RequirePermission
HTTP: PUT /api/lists/tenancy.companies/views/{id:guid}: declares 'tenancy.companies.read' but no authorization policy on it requires that permission; use RequirePermission
HTTP: DELETE /api/lists/tenancy.companies/views/{id:guid}: declares 'tenancy.companies.read' but no authorization policy on it requires that permission; use RequirePermission
HTTP: GET /api/lists/tenancy.companies/shared-views/{id:guid}: declares 'tenancy.companies.read' but no authorization policy on it requires that permission; use RequirePermission
HTTP: GET /api/lists/tenancy.branches/definition: declares 'tenancy.branches.read' but no authorization policy on it requires that permission; use RequirePermission
HTTP: GET /api/lists/tenancy.branches/views: declares 'tenancy.branches.read' but no authorization policy on it requires that permission; use RequirePermission
HTTP: GET /api/lists/tenancy.branches/views/{id:guid}: declares 'tenancy.branches.read' but no authorization policy on it requires that permission; use RequirePermission
HTTP: POST /api/lists/tenancy.branches/views: declares 'tenancy.branches.read' but no authorization policy on it requires that permission; use RequirePermission
HTTP: PUT /api/lists/tenancy.branches/views/{id:guid}: declares 'tenancy.branches.read' but no authorization policy on it requires that permission; use RequirePermission
HTTP: DELETE /api/lists/tenancy.branches/views/{id:guid}: declares 'tenancy.branches.read' but no authorization policy on it requires that permission; use RequirePermission
HTTP: GET /api/lists/tenancy.branches/shared-views/{id:guid}: declares 'tenancy.branches.read' but no authorization policy on it requires that permission; use RequirePermission
HTTP: GET /api/lists/tenancy.access/definition: declares 'tenancy.access.read' but no authorization policy on it requires that permission; use RequirePermission
HTTP: GET /api/lists/tenancy.access/views: declares 'tenancy.access.read' but no authorization policy on it requires that permission; use RequirePermission
HTTP: GET /api/lists/tenancy.access/views/{id:guid}: declares 'tenancy.access.read' but no authorization policy on it requires that permission; use RequirePermission
HTTP: POST /api/lists/tenancy.access/views: declares 'tenancy.access.read' but no authorization policy on it requires that permission; use RequirePermission
HTTP: PUT /api/lists/tenancy.access/views/{id:guid}: declares 'tenancy.access.read' but no authorization policy on it requires that permission; use RequirePermission
HTTP: DELETE /api/lists/tenancy.access/views/{id:guid}: declares 'tenancy.access.read' but no authorization policy on it requires that permission; use RequirePermission
HTTP: GET /api/lists/tenancy.access/shared-views/{id:guid}: declares 'tenancy.access.read' but no authorization policy on it requires that permission; use RequirePermission
HTTP: GET /api/lists/identity.users/definition: declares 'identity.users.read' but no authorization policy on it requires that permission; use RequirePermission
HTTP: GET /api/lists/identity.users/views: declares 'identity.users.read' but no authorization policy on it requires that permission; use RequirePermission
HTTP: GET /api/lists/identity.users/views/{id:guid}: declares 'identity.users.read' but no authorization policy on it requires that permission; use RequirePermission
HTTP: POST /api/lists/identity.users/views: declares 'identity.users.read' but no authorization policy on it requires that permission; use RequirePermission
HTTP: PUT /api/lists/identity.users/views/{id:guid}: declares 'identity.users.read' but no authorization policy on it requires that permission; use RequirePermission
HTTP: DELETE /api/lists/identity.users/views/{id:guid}: declares 'identity.users.read' but no authorization policy on it requires that permission; use RequirePermission
HTTP: GET /api/lists/identity.users/shared-views/{id:guid}: declares 'identity.users.read' but no authorization policy on it requires that permission; use RequirePermission
HTTP: GET /api/lists/identity.roles/definition: declares 'identity.roles.read' but no authorization policy on it requires that permission; use RequirePermission
HTTP: GET /api/lists/identity.roles/views: declares 'identity.roles.read' but no authorization policy on it requires that permission; use RequirePermission
HTTP: GET /api/lists/identity.roles/views/{id:guid}: declares 'identity.roles.read' but no authorization policy on it requires that permission; use RequirePermission
HTTP: POST /api/lists/identity.roles/views: declares 'identity.roles.read' but no authorization policy on it requires that permission; use RequirePermission
HTTP: PUT /api/lists/identity.roles/views/{id:guid}: declares 'identity.roles.read' but no authorization policy on it requires that permission; use RequirePermission
HTTP: DELETE /api/lists/identity.roles/views/{id:guid}: declares 'identity.roles.read' but no authorization policy on it requires that permission; use RequirePermission
HTTP: GET /api/lists/identity.roles/shared-views/{id:guid}: declares 'identity.roles.read' but no authorization policy on it requires that permission; use RequirePermission
HTTP: GET /api/reports/catalog => Catalog: declares 'reports.catalog.read' but no authorization policy on it requires that permission; use RequirePermission
HTTP: GET /api/reports/run/tenancy.companyProfile: declares 'tenancy.companies.read' but no authorization policy on it requires that permission; use RequirePermission
HTTP: GET /api/reports/run/tenancy.branchDirectory: declares 'tenancy.branches.read' but no authorization policy on it requires that permission; use RequirePermission
HTTP: GET /api/reports/run/identity.usersByRole: declares 'identity.users.read' but no authorization policy on it requires that permission; use RequirePermission
HTTP: GET /api/reports/run/identity.roleSummary: declares 'identity.roles.read' but no authorization policy on it requires that permission; use RequirePermission
HTTP: GET /api/reports/lists/tenancy.companies: declares 'tenancy.companies.read' but no authorization policy on it requires that permission; use RequirePermission
HTTP: GET /api/reports/lists/tenancy.branches: declares 'tenancy.branches.read' but no authorization policy on it requires that permission; use RequirePermission
HTTP: GET /api/reports/lists/tenancy.access: declares 'tenancy.access.read' but no authorization policy on it requires that permission; use RequirePermission
HTTP: GET /api/reports/lists/identity.users: declares 'identity.users.read' but no authorization policy on it requires that permission; use RequirePermission
HTTP: GET /api/reports/lists/identity.roles: declares 'identity.roles.read' but no authorization policy on it requires that permission; use RequirePermission
  Stack Trace:
  
----- Inner Stack Trace -----
   at Erp.Kernel.Hosting.ErpPlatform.ValidateEndpoints(WebApplication app) in /work/src/Kernel/Erp.Kernel/Hosting/ErpPlatform.cs:line 251
   at Erp.Kernel.Hosting.ErpPlatform.UseErpPlatform(WebApplication app) in /work/src/Kernel/Erp.Kernel/Hosting/ErpPlatform.cs:line 204
   at Program.<Main>$(String[] args) in /work/src/Host/Erp.Host/Program.cs:line 8
   at Program.<Main>(String[] args)
   at System.Reflection.MethodBaseInvoker.InterpretedInvoke_Method(Object obj, IntPtr* args)
   at System.Reflection.MethodBaseInvoker.InvokeDirectByRefWithFewArgs(Object obj, Span`1 copyOfArgs, BindingFlags invokeAttr)
--- End of stack trace from previous location ---
   at Microsoft.AspNetCore.Mvc.Testing.DeferredHostBuilder.DeferredHost.StartAsync(CancellationToken cancellationToken)
   at Microsoft.Extensions.Hosting.HostingAbstractionsHostExtensions.Start(IHost host)
   at Microsoft.AspNetCore.Mvc.Testing.WebApplicationFactory`1.CreateHost(IHostBuilder builder)
   at Microsoft.AspNetCore.Mvc.Testing.WebApplicationFactory`1.ConfigureHostBuilder(IHostBuilder hostBuilder)
   at Microsoft.AspNetCore.Mvc.Testing.WebApplicationFactory`1.StartServer()
   at Microsoft.AspNetCore.Mvc.Testing.WebApplicationFactory`1.get_Services()
   at Erp.Testing.ErpTestEnvironment.SeedAsync(TestDatabaseServer server, String database, SeedPlan plan, IDictionary`2 settings) in /work/tests/Erp.Testing/ErpTestEnvironment.cs:line 129
   at Erp.Testing.ErpTestEnvironment.SeedAsync(TestDatabaseServer server, String database, SeedPlan plan, IDictionary`2 settings) in /work/tests/Erp.Testing/ErpTestEnvironment.cs:line 139
   at Erp.Testing.ErpTestEnvironment.<>c__DisplayClass34_0.<<StartGateAsync>b__0>d.MoveNext() in /work/tests/Erp.Testing/ErpTestEnvironment.cs:line 91
--- End of stack trace from previous location ---
   at Erp.Testing.TestDatabaseServer.<>c__DisplayClass25_0.<<GateTemplateAsync>b__3>d.MoveNext() in /work/tests/Erp.Testing/TestDatabaseServer.cs:line 160
--- End of stack trace from previous location ---
   at Erp.Testing.TestDatabaseServer.GateTemplateAsync(IDictionary`2 settings, Func`2 seed) in /work/tests/Erp.Testing/TestDatabaseServer.cs:line 165
   at Erp.Testing.ErpTestEnvironment.StartGateAsync(IDictionary`2 settings) in /work/tests/Erp.Testing/ErpTestEnvironment.cs:line 88
   at Erp.Gates.Tests.Infrastructure.GateFixture.InitializeAsync() in /work/tests/Erp.Gates.Tests/Infrastructure/GateFixture.cs:line 17
  Failed Erp.Gates.Tests.G2.G2PermissionTests.Every_permissioned_endpoint_is_enforced_by_a_policy_requiring_its_permission [1 ms]
  Error Message:
   Assembly fixture type 'Erp.Gates.Tests.Infrastructure.GateFixture' threw in InitializeAsync
---- System.InvalidOperationException : Endpoint authorisation is incomplete:
HTTP: GET /api/tenancy/tenant => GetTenant: declares 'tenancy.tenant.read' but no authorization policy on it requires that permission; use RequirePermission
HTTP: GET /api/tenancy/companies => List: declares 'tenancy.companies.read' but no authorization policy on it requires that permission; use RequirePermission
HTTP: GET /api/tenancy/companies/{id:guid} => Get: declares 'tenancy.companies.read' but no authorization policy on it requires that permission; use RequirePermission
HTTP: GET /api/tenancy/companies/{id:guid}/logo => GetLogo: declares 'tenancy.companies.read' but no authorization policy on it requires that permission; use RequirePermission
HTTP: GET /api/tenancy/branches => List: declares 'tenancy.branches.read' but no authorization policy on it requires that permission; use RequirePermission
HTTP: GET /api/tenancy/branches/{id:guid} => Get: declares 'tenancy.branches.read' but no authorization policy on it requires that permission; use RequirePermission
HTTP: GET /api/tenancy/access => List: declares 'tenancy.access.read' but no authorization policy on it requires that permission; use RequirePermission
HTTP: GET /api/tenancy/access/{userId:guid} => Get: declares 'tenancy.access.read' but no authorization policy on it requires that permission; use RequirePermission
HTTP: GET /api/tenancy/workplace => Get: declares 'tenancy.workplace.read' but no authorization policy on it requires that permission; use RequirePermission
HTTP: GET /api/identity/users => List: declares 'identity.users.read' but no authorization policy on it requires that permission; use RequirePermission
HTTP: GET /api/identity/users/{id:guid} => Get: declares 'identity.users.read' but no authorization policy on it requires that permission; use RequirePermission
HTTP: GET /api/identity/users/{id:guid}/access => Access: declares 'identity.users.read' but no authorization policy on it requires that permission; use RequirePermission
HTTP: GET /api/identity/users/{id:guid}/default-company => GetDefaultCompany: declares 'identity.users.read' but no authorization policy on it requires that permission; use RequirePermission
HTTP: GET /api/identity/companies => Companies: declares 'identity.users.read' but no authorization policy on it requires that permission; use RequirePermission
HTTP: GET /api/identity/users/{id:guid}/sign-ins => SignIns: declares 'identity.signIns.read' but no authorization policy on it requires that permission; use RequirePermission
HTTP: GET /api/identity/roles => List: declares 'identity.roles.read' but no authorization policy on it requires that permission; use RequirePermission
HTTP: GET /api/identity/roles/{id:guid} => Get: declares 'identity.roles.read' but no authorization policy on it requires that permission; use RequirePermission
HTTP: GET /api/identity/permissions => Permissions: declares 'identity.roles.read' but no authorization policy on it requires that permission; use RequirePermission
HTTP: GET /api/identity/users/{id:guid}/passkeys => OfUser: declares 'identity.users.read' but no authorization policy on it requires that permission; use RequirePermission
HTTP: GET /api/lists/tenancy.companies/definition: declares 'tenancy.companies.read' but no authorization policy on it requires that permission; use RequirePermission
HTTP: GET /api/lists/tenancy.companies/views: declares 'tenancy.companies.read' but no authorization policy on it requires that permission; use RequirePermission
HTTP: GET /api/lists/tenancy.companies/views/{id:guid}: declares 'tenancy.companies.read' but no authorization policy on it requires that permission; use RequirePermission
HTTP: POST /api/lists/tenancy.companies/views: declares 'tenancy.companies.read' but no authorization policy on it requires that permission; use RequirePermission
HTTP: PUT /api/lists/tenancy.companies/views/{id:guid}: declares 'tenancy.companies.read' but no authorization policy on it requires that permission; use RequirePermission
HTTP: DELETE /api/lists/tenancy.companies/views/{id:guid}: declares 'tenancy.companies.read' but no authorization policy on it requires that permission; use RequirePermission
HTTP: GET /api/lists/tenancy.companies/shared-views/{id:guid}: declares 'tenancy.companies.read' but no authorization policy on it requires that permission; use RequirePermission
HTTP: GET /api/lists/tenancy.branches/definition: declares 'tenancy.branches.read' but no authorization policy on it requires that permission; use RequirePermission
HTTP: GET /api/lists/tenancy.branches/views: declares 'tenancy.branches.read' but no authorization policy on it requires that permission; use RequirePermission
HTTP: GET /api/lists/tenancy.branches/views/{id:guid}: declares 'tenancy.branches.read' but no authorization policy on it requires that permission; use RequirePermission
HTTP: POST /api/lists/tenancy.branches/views: declares 'tenancy.branches.read' but no authorization policy on it requires that permission; use RequirePermission
HTTP: PUT /api/lists/tenancy.branches/views/{id:guid}: declares 'tenancy.branches.read' but no authorization policy on it requires that permission; use RequirePermission
HTTP: DELETE /api/lists/tenancy.branches/views/{id:guid}: declares 'tenancy.branches.read' but no authorization policy on it requires that permission; use RequirePermission
HTTP: GET /api/lists/tenancy.branches/shared-views/{id:guid}: declares 'tenancy.branches.read' but no authorization policy on it requires that permission; use RequirePermission
HTTP: GET /api/lists/tenancy.access/definition: declares 'tenancy.access.read' but no authorization policy on it requires that permission; use RequirePermission
HTTP: GET /api/lists/tenancy.access/views: declares 'tenancy.access.read' but no authorization policy on it requires that permission; use RequirePermission
HTTP: GET /api/lists/tenancy.access/views/{id:guid}: declares 'tenancy.access.read' but no authorization policy on it requires that permission; use RequirePermission
HTTP: POST /api/lists/tenancy.access/views: declares 'tenancy.access.read' but no authorization policy on it requires that permission; use RequirePermission
HTTP: PUT /api/lists/tenancy.access/views/{id:guid}: declares 'tenancy.access.read' but no authorization policy on it requires that permission; use RequirePermission
HTTP: DELETE /api/lists/tenancy.access/views/{id:guid}: declares 'tenancy.access.read' but no authorization policy on it requires that permission; use RequirePermission
HTTP: GET /api/lists/tenancy.access/shared-views/{id:guid}: declares 'tenancy.access.read' but no authorization policy on it requires that permission; use RequirePermission
HTTP: GET /api/lists/identity.users/definition: declares 'identity.users.read' but no authorization policy on it requires that permission; use RequirePermission
HTTP: GET /api/lists/identity.users/views: declares 'identity.users.read' but no authorization policy on it requires that permission; use RequirePermission
HTTP: GET /api/lists/identity.users/views/{id:guid}: declares 'identity.users.read' but no authorization policy on it requires that permission; use RequirePermission
HTTP: POST /api/lists/identity.users/views: declares 'identity.users.read' but no authorization policy on it requires that permission; use RequirePermission
HTTP: PUT /api/lists/identity.users/views/{id:guid}: declares 'identity.users.read' but no authorization policy on it requires that permission; use RequirePermission
HTTP: DELETE /api/lists/identity.users/views/{id:guid}: declares 'identity.users.read' but no authorization policy on it requires that permission; use RequirePermission
HTTP: GET /api/lists/identity.users/shared-views/{id:guid}: declares 'identity.users.read' but no authorization policy on it requires that permission; use RequirePermission
HTTP: GET /api/lists/identity.roles/definition: declares 'identity.roles.read' but no authorization policy on it requires that permission; use RequirePermission
HTTP: GET /api/lists/identity.roles/views: declares 'identity.roles.read' but no authorization policy on it requires that permission; use RequirePermission
HTTP: GET /api/lists/identity.roles/views/{id:guid}: declares 'identity.roles.read' but no authorization policy on it requires that permission; use RequirePermission
HTTP: POST /api/lists/identity.roles/views: declares 'identity.roles.read' but no authorization policy on it requires that permission; use RequirePermission
HTTP: PUT /api/lists/identity.roles/views/{id:guid}: declares 'identity.roles.read' but no authorization policy on it requires that permission; use RequirePermission
HTTP: DELETE /api/lists/identity.roles/views/{id:guid}: declares 'identity.roles.read' but no authorization policy on it requires that permission; use RequirePermission
HTTP: GET /api/lists/identity.roles/shared-views/{id:guid}: declares 'identity.roles.read' but no authorization policy on it requires that permission; use RequirePermission
HTTP: GET /api/reports/catalog => Catalog: declares 'reports.catalog.read' but no authorization policy on it requires that permission; use RequirePermission
HTTP: GET /api/reports/run/tenancy.companyProfile: declares 'tenancy.companies.read' but no authorization policy on it requires that permission; use RequirePermission
HTTP: GET /api/reports/run/tenancy.branchDirectory: declares 'tenancy.branches.read' but no authorization policy on it requires that permission; use RequirePermission
HTTP: GET /api/reports/run/identity.usersByRole: declares 'identity.users.read' but no authorization policy on it requires that permission; use RequirePermission
HTTP: GET /api/reports/run/identity.roleSummary: declares 'identity.roles.read' but no authorization policy on it requires that permission; use RequirePermission
HTTP: GET /api/reports/lists/tenancy.companies: declares 'tenancy.companies.read' but no authorization policy on it requires that permission; use RequirePermission
HTTP: GET /api/reports/lists/tenancy.branches: declares 'tenancy.branches.read' but no authorization policy on it requires that permission; use RequirePermission
HTTP: GET /api/reports/lists/tenancy.access: declares 'tenancy.access.read' but no authorization policy on it requires that permission; use RequirePermission
HTTP: GET /api/reports/lists/identity.users: declares 'identity.users.read' but no authorization policy on it requires that permission; use RequirePermission
HTTP: GET /api/reports/lists/identity.roles: declares 'identity.roles.read' but no authorization policy on it requires that permission; use RequirePermission
  Stack Trace:
  
----- Inner Stack Trace -----
   at Erp.Kernel.Hosting.ErpPlatform.ValidateEndpoints(WebApplication app) in /work/src/Kernel/Erp.Kernel/Hosting/ErpPlatform.cs:line 251
   at Erp.Kernel.Hosting.ErpPlatform.UseErpPlatform(WebApplication app) in /work/src/Kernel/Erp.Kernel/Hosting/ErpPlatform.cs:line 204
   at Program.<Main>$(String[] args) in /work/src/Host/Erp.Host/Program.cs:line 8
   at Program.<Main>(String[] args)
   at System.Reflection.MethodBaseInvoker.InterpretedInvoke_Method(Object obj, IntPtr* args)
   at System.Reflection.MethodBaseInvoker.InvokeDirectByRefWithFewArgs(Object obj, Span`1 copyOfArgs, BindingFlags invokeAttr)
--- End of stack trace from previous location ---
   at Microsoft.AspNetCore.Mvc.Testing.DeferredHostBuilder.DeferredHost.StartAsync(CancellationToken cancellationToken)
   at Microsoft.Extensions.Hosting.HostingAbstractionsHostExtensions.Start(IHost host)
   at Microsoft.AspNetCore.Mvc.Testing.WebApplicationFactory`1.CreateHost(IHostBuilder builder)
   at Microsoft.AspNetCore.Mvc.Testing.WebApplicationFactory`1.ConfigureHostBuilder(IHostBuilder hostBuilder)
   at Microsoft.AspNetCore.Mvc.Testing.WebApplicationFactory`1.StartServer()
   at Microsoft.AspNetCore.Mvc.Testing.WebApplicationFactory`1.get_Services()
   at Erp.Testing.ErpTestEnvironment.SeedAsync(TestDatabaseServer server, String database, SeedPlan plan, IDictionary`2 settings) in /work/tests/Erp.Testing/ErpTestEnvironment.cs:line 129
   at Erp.Testing.ErpTestEnvironment.SeedAsync(TestDatabaseServer server, String database, SeedPlan plan, IDictionary`2 settings) in /work/tests/Erp.Testing/ErpTestEnvironment.cs:line 139
   at Erp.Testing.ErpTestEnvironment.<>c__DisplayClass34_0.<<StartGateAsync>b__0>d.MoveNext() in /work/tests/Erp.Testing/ErpTestEnvironment.cs:line 91
--- End of stack trace from previous location ---
   at Erp.Testing.TestDatabaseServer.<>c__DisplayClass25_0.<<GateTemplateAsync>b__3>d.MoveNext() in /work/tests/Erp.Testing/TestDatabaseServer.cs:line 160
--- End of stack trace from previous location ---
   at Erp.Testing.TestDatabaseServer.GateTemplateAsync(IDictionary`2 settings, Func`2 seed) in /work/tests/Erp.Testing/TestDatabaseServer.cs:line 165
   at Erp.Testing.ErpTestEnvironment.StartGateAsync(IDictionary`2 settings) in /work/tests/Erp.Testing/ErpTestEnvironment.cs:line 88
   at Erp.Gates.Tests.Infrastructure.GateFixture.InitializeAsync() in /work/tests/Erp.Gates.Tests/Infrastructure/GateFixture.cs:line 17
  Failed Erp.Gates.Tests.G2.G2PermissionTests.The_host_refuses_a_permissioned_endpoint_that_also_allows_anonymous_callers [1 ms]
  Error Message:
   Assembly fixture type 'Erp.Gates.Tests.Infrastructure.GateFixture' threw in InitializeAsync
---- System.InvalidOperationException : Endpoint authorisation is incomplete:
HTTP: GET /api/tenancy/tenant => GetTenant: declares 'tenancy.tenant.read' but no authorization policy on it requires that permission; use RequirePermission
HTTP: GET /api/tenancy/companies => List: declares 'tenancy.companies.read' but no authorization policy on it requires that permission; use RequirePermission
HTTP: GET /api/tenancy/companies/{id:guid} => Get: declares 'tenancy.companies.read' but no authorization policy on it requires that permission; use RequirePermission
HTTP: GET /api/tenancy/companies/{id:guid}/logo => GetLogo: declares 'tenancy.companies.read' but no authorization policy on it requires that permission; use RequirePermission
HTTP: GET /api/tenancy/branches => List: declares 'tenancy.branches.read' but no authorization policy on it requires that permission; use RequirePermission
HTTP: GET /api/tenancy/branches/{id:guid} => Get: declares 'tenancy.branches.read' but no authorization policy on it requires that permission; use RequirePermission
HTTP: GET /api/tenancy/access => List: declares 'tenancy.access.read' but no authorization policy on it requires that permission; use RequirePermission
HTTP: GET /api/tenancy/access/{userId:guid} => Get: declares 'tenancy.access.read' but no authorization policy on it requires that permission; use RequirePermission
HTTP: GET /api/tenancy/workplace => Get: declares 'tenancy.workplace.read' but no authorization policy on it requires that permission; use RequirePermission
HTTP: GET /api/identity/users => List: declares 'identity.users.read' but no authorization policy on it requires that permission; use RequirePermission
HTTP: GET /api/identity/users/{id:guid} => Get: declares 'identity.users.read' but no authorization policy on it requires that permission; use RequirePermission
HTTP: GET /api/identity/users/{id:guid}/access => Access: declares 'identity.users.read' but no authorization policy on it requires that permission; use RequirePermission
HTTP: GET /api/identity/users/{id:guid}/default-company => GetDefaultCompany: declares 'identity.users.read' but no authorization policy on it requires that permission; use RequirePermission
HTTP: GET /api/identity/companies => Companies: declares 'identity.users.read' but no authorization policy on it requires that permission; use RequirePermission
HTTP: GET /api/identity/users/{id:guid}/sign-ins => SignIns: declares 'identity.signIns.read' but no authorization policy on it requires that permission; use RequirePermission
HTTP: GET /api/identity/roles => List: declares 'identity.roles.read' but no authorization policy on it requires that permission; use RequirePermission
HTTP: GET /api/identity/roles/{id:guid} => Get: declares 'identity.roles.read' but no authorization policy on it requires that permission; use RequirePermission
HTTP: GET /api/identity/permissions => Permissions: declares 'identity.roles.read' but no authorization policy on it requires that permission; use RequirePermission
HTTP: GET /api/identity/users/{id:guid}/passkeys => OfUser: declares 'identity.users.read' but no authorization policy on it requires that permission; use RequirePermission
HTTP: GET /api/lists/tenancy.companies/definition: declares 'tenancy.companies.read' but no authorization policy on it requires that permission; use RequirePermission
HTTP: GET /api/lists/tenancy.companies/views: declares 'tenancy.companies.read' but no authorization policy on it requires that permission; use RequirePermission
HTTP: GET /api/lists/tenancy.companies/views/{id:guid}: declares 'tenancy.companies.read' but no authorization policy on it requires that permission; use RequirePermission
HTTP: POST /api/lists/tenancy.companies/views: declares 'tenancy.companies.read' but no authorization policy on it requires that permission; use RequirePermission
HTTP: PUT /api/lists/tenancy.companies/views/{id:guid}: declares 'tenancy.companies.read' but no authorization policy on it requires that permission; use RequirePermission
HTTP: DELETE /api/lists/tenancy.companies/views/{id:guid}: declares 'tenancy.companies.read' but no authorization policy on it requires that permission; use RequirePermission
HTTP: GET /api/lists/tenancy.companies/shared-views/{id:guid}: declares 'tenancy.companies.read' but no authorization policy on it requires that permission; use RequirePermission
HTTP: GET /api/lists/tenancy.branches/definition: declares 'tenancy.branches.read' but no authorization policy on it requires that permission; use RequirePermission
HTTP: GET /api/lists/tenancy.branches/views: declares 'tenancy.branches.read' but no authorization policy on it requires that permission; use RequirePermission
HTTP: GET /api/lists/tenancy.branches/views/{id:guid}: declares 'tenancy.branches.read' but no authorization policy on it requires that permission; use RequirePermission
HTTP: POST /api/lists/tenancy.branches/views: declares 'tenancy.branches.read' but no authorization policy on it requires that permission; use RequirePermission
HTTP: PUT /api/lists/tenancy.branches/views/{id:guid}: declares 'tenancy.branches.read' but no authorization policy on it requires that permission; use RequirePermission
HTTP: DELETE /api/lists/tenancy.branches/views/{id:guid}: declares 'tenancy.branches.read' but no authorization policy on it requires that permission; use RequirePermission
HTTP: GET /api/lists/tenancy.branches/shared-views/{id:guid}: declares 'tenancy.branches.read' but no authorization policy on it requires that permission; use RequirePermission
HTTP: GET /api/lists/tenancy.access/definition: declares 'tenancy.access.read' but no authorization policy on it requires that permission; use RequirePermission
HTTP: GET /api/lists/tenancy.access/views: declares 'tenancy.access.read' but no authorization policy on it requires that permission; use RequirePermission
HTTP: GET /api/lists/tenancy.access/views/{id:guid}: declares 'tenancy.access.read' but no authorization policy on it requires that permission; use RequirePermission
HTTP: POST /api/lists/tenancy.access/views: declares 'tenancy.access.read' but no authorization policy on it requires that permission; use RequirePermission
HTTP: PUT /api/lists/tenancy.access/views/{id:guid}: declares 'tenancy.access.read' but no authorization policy on it requires that permission; use RequirePermission
HTTP: DELETE /api/lists/tenancy.access/views/{id:guid}: declares 'tenancy.access.read' but no authorization policy on it requires that permission; use RequirePermission
HTTP: GET /api/lists/tenancy.access/shared-views/{id:guid}: declares 'tenancy.access.read' but no authorization policy on it requires that permission; use RequirePermission
HTTP: GET /api/lists/identity.users/definition: declares 'identity.users.read' but no authorization policy on it requires that permission; use RequirePermission
HTTP: GET /api/lists/identity.users/views: declares 'identity.users.read' but no authorization policy on it requires that permission; use RequirePermission
HTTP: GET /api/lists/identity.users/views/{id:guid}: declares 'identity.users.read' but no authorization policy on it requires that permission; use RequirePermission
HTTP: POST /api/lists/identity.users/views: declares 'identity.users.read' but no authorization policy on it requires that permission; use RequirePermission
HTTP: PUT /api/lists/identity.users/views/{id:guid}: declares 'identity.users.read' but no authorization policy on it requires that permission; use RequirePermission
HTTP: DELETE /api/lists/identity.users/views/{id:guid}: declares 'identity.users.read' but no authorization policy on it requires that permission; use RequirePermission
HTTP: GET /api/lists/identity.users/shared-views/{id:guid}: declares 'identity.users.read' but no authorization policy on it requires that permission; use RequirePermission
HTTP: GET /api/lists/identity.roles/definition: declares 'identity.roles.read' but no authorization policy on it requires that permission; use RequirePermission
HTTP: GET /api/lists/identity.roles/views: declares 'identity.roles.read' but no authorization policy on it requires that permission; use RequirePermission
HTTP: GET /api/lists/identity.roles/views/{id:guid}: declares 'identity.roles.read' but no authorization policy on it requires that permission; use RequirePermission
HTTP: POST /api/lists/identity.roles/views: declares 'identity.roles.read' but no authorization policy on it requires that permission; use RequirePermission
HTTP: PUT /api/lists/identity.roles/views/{id:guid}: declares 'identity.roles.read' but no authorization policy on it requires that permission; use RequirePermission
HTTP: DELETE /api/lists/identity.roles/views/{id:guid}: declares 'identity.roles.read' but no authorization policy on it requires that permission; use RequirePermission
HTTP: GET /api/lists/identity.roles/shared-views/{id:guid}: declares 'identity.roles.read' but no authorization policy on it requires that permission; use RequirePermission
HTTP: GET /api/reports/catalog => Catalog: declares 'reports.catalog.read' but no authorization policy on it requires that permission; use RequirePermission
HTTP: GET /api/reports/run/tenancy.companyProfile: declares 'tenancy.companies.read' but no authorization policy on it requires that permission; use RequirePermission
HTTP: GET /api/reports/run/tenancy.branchDirectory: declares 'tenancy.branches.read' but no authorization policy on it requires that permission; use RequirePermission
HTTP: GET /api/reports/run/identity.usersByRole: declares 'identity.users.read' but no authorization policy on it requires that permission; use RequirePermission
HTTP: GET /api/reports/run/identity.roleSummary: declares 'identity.roles.read' but no authorization policy on it requires that permission; use RequirePermission
HTTP: GET /api/reports/lists/tenancy.companies: declares 'tenancy.companies.read' but no authorization policy on it requires that permission; use RequirePermission
HTTP: GET /api/reports/lists/tenancy.branches: declares 'tenancy.branches.read' but no authorization policy on it requires that permission; use RequirePermission
HTTP: GET /api/reports/lists/tenancy.access: declares 'tenancy.access.read' but no authorization policy on it requires that permission; use RequirePermission
HTTP: GET /api/reports/lists/identity.users: declares 'identity.users.read' but no authorization policy on it requires that permission; use RequirePermission
HTTP: GET /api/reports/lists/identity.roles: declares 'identity.roles.read' but no authorization policy on it requires that permission; use RequirePermission
  Stack Trace:
  
----- Inner Stack Trace -----
   at Erp.Kernel.Hosting.ErpPlatform.ValidateEndpoints(WebApplication app) in /work/src/Kernel/Erp.Kernel/Hosting/ErpPlatform.cs:line 251
   at Erp.Kernel.Hosting.ErpPlatform.UseErpPlatform(WebApplication app) in /work/src/Kernel/Erp.Kernel/Hosting/ErpPlatform.cs:line 204
   at Program.<Main>$(String[] args) in /work/src/Host/Erp.Host/Program.cs:line 8
   at Program.<Main>(String[] args)
   at System.Reflection.MethodBaseInvoker.InterpretedInvoke_Method(Object obj, IntPtr* args)
   at System.Reflection.MethodBaseInvoker.InvokeDirectByRefWithFewArgs(Object obj, Span`1 copyOfArgs, BindingFlags invokeAttr)
--- End of stack trace from previous location ---
   at Microsoft.AspNetCore.Mvc.Testing.DeferredHostBuilder.DeferredHost.StartAsync(CancellationToken cancellationToken)
   at Microsoft.Extensions.Hosting.HostingAbstractionsHostExtensions.Start(IHost host)
   at Microsoft.AspNetCore.Mvc.Testing.WebApplicationFactory`1.CreateHost(IHostBuilder builder)
   at Microsoft.AspNetCore.Mvc.Testing.WebApplicationFactory`1.ConfigureHostBuilder(IHostBuilder hostBuilder)
   at Microsoft.AspNetCore.Mvc.Testing.WebApplicationFactory`1.StartServer()
   at Microsoft.AspNetCore.Mvc.Testing.WebApplicationFactory`1.get_Services()
   at Erp.Testing.ErpTestEnvironment.SeedAsync(TestDatabaseServer server, String database, SeedPlan plan, IDictionary`2 settings) in /work/tests/Erp.Testing/ErpTestEnvironment.cs:line 129
   at Erp.Testing.ErpTestEnvironment.SeedAsync(TestDatabaseServer server, String database, SeedPlan plan, IDictionary`2 settings) in /work/tests/Erp.Testing/ErpTestEnvironment.cs:line 139
   at Erp.Testing.ErpTestEnvironment.<>c__DisplayClass34_0.<<StartGateAsync>b__0>d.MoveNext() in /work/tests/Erp.Testing/ErpTestEnvironment.cs:line 91
--- End of stack trace from previous location ---
   at Erp.Testing.TestDatabaseServer.<>c__DisplayClass25_0.<<GateTemplateAsync>b__3>d.MoveNext() in /work/tests/Erp.Testing/TestDatabaseServer.cs:line 160
--- End of stack trace from previous location ---
   at Erp.Testing.TestDatabaseServer.GateTemplateAsync(IDictionary`2 settings, Func`2 seed) in /work/tests/Erp.Testing/TestDatabaseServer.cs:line 165
   at Erp.Testing.ErpTestEnvironment.StartGateAsync(IDictionary`2 settings) in /work/tests/Erp.Testing/ErpTestEnvironment.cs:line 88
   at Erp.Gates.Tests.Infrastructure.GateFixture.InitializeAsync() in /work/tests/Erp.Gates.Tests/Infrastructure/GateFixture.cs:line 17
  Failed Erp.Gates.Tests.G2.G2PermissionTests.The_host_refuses_a_permission_declared_as_metadata_that_no_policy_enforces [1 ms]
  Error Message:
   Assembly fixture type 'Erp.Gates.Tests.Infrastructure.GateFixture' threw in InitializeAsync
---- System.InvalidOperationException : Endpoint authorisation is incomplete:
HTTP: GET /api/tenancy/tenant => GetTenant: declares 'tenancy.tenant.read' but no authorization policy on it requires that permission; use RequirePermission
HTTP: GET /api/tenancy/companies => List: declares 'tenancy.companies.read' but no authorization policy on it requires that permission; use RequirePermission
HTTP: GET /api/tenancy/companies/{id:guid} => Get: declares 'tenancy.companies.read' but no authorization policy on it requires that permission; use RequirePermission
HTTP: GET /api/tenancy/companies/{id:guid}/logo => GetLogo: declares 'tenancy.companies.read' but no authorization policy on it requires that permission; use RequirePermission
HTTP: GET /api/tenancy/branches => List: declares 'tenancy.branches.read' but no authorization policy on it requires that permission; use RequirePermission
HTTP: GET /api/tenancy/branches/{id:guid} => Get: declares 'tenancy.branches.read' but no authorization policy on it requires that permission; use RequirePermission
HTTP: GET /api/tenancy/access => List: declares 'tenancy.access.read' but no authorization policy on it requires that permission; use RequirePermission
HTTP: GET /api/tenancy/access/{userId:guid} => Get: declares 'tenancy.access.read' but no authorization policy on it requires that permission; use RequirePermission
HTTP: GET /api/tenancy/workplace => Get: declares 'tenancy.workplace.read' but no authorization policy on it requires that permission; use RequirePermission
HTTP: GET /api/identity/users => List: declares 'identity.users.read' but no authorization policy on it requires that permission; use RequirePermission
HTTP: GET /api/identity/users/{id:guid} => Get: declares 'identity.users.read' but no authorization policy on it requires that permission; use RequirePermission
HTTP: GET /api/identity/users/{id:guid}/access => Access: declares 'identity.users.read' but no authorization policy on it requires that permission; use RequirePermission
HTTP: GET /api/identity/users/{id:guid}/default-company => GetDefaultCompany: declares 'identity.users.read' but no authorization policy on it requires that permission; use RequirePermission
HTTP: GET /api/identity/companies => Companies: declares 'identity.users.read' but no authorization policy on it requires that permission; use RequirePermission
HTTP: GET /api/identity/users/{id:guid}/sign-ins => SignIns: declares 'identity.signIns.read' but no authorization policy on it requires that permission; use RequirePermission
HTTP: GET /api/identity/roles => List: declares 'identity.roles.read' but no authorization policy on it requires that permission; use RequirePermission
HTTP: GET /api/identity/roles/{id:guid} => Get: declares 'identity.roles.read' but no authorization policy on it requires that permission; use RequirePermission
HTTP: GET /api/identity/permissions => Permissions: declares 'identity.roles.read' but no authorization policy on it requires that permission; use RequirePermission
HTTP: GET /api/identity/users/{id:guid}/passkeys => OfUser: declares 'identity.users.read' but no authorization policy on it requires that permission; use RequirePermission
HTTP: GET /api/lists/tenancy.companies/definition: declares 'tenancy.companies.read' but no authorization policy on it requires that permission; use RequirePermission
HTTP: GET /api/lists/tenancy.companies/views: declares 'tenancy.companies.read' but no authorization policy on it requires that permission; use RequirePermission
HTTP: GET /api/lists/tenancy.companies/views/{id:guid}: declares 'tenancy.companies.read' but no authorization policy on it requires that permission; use RequirePermission
HTTP: POST /api/lists/tenancy.companies/views: declares 'tenancy.companies.read' but no authorization policy on it requires that permission; use RequirePermission
HTTP: PUT /api/lists/tenancy.companies/views/{id:guid}: declares 'tenancy.companies.read' but no authorization policy on it requires that permission; use RequirePermission
HTTP: DELETE /api/lists/tenancy.companies/views/{id:guid}: declares 'tenancy.companies.read' but no authorization policy on it requires that permission; use RequirePermission
HTTP: GET /api/lists/tenancy.companies/shared-views/{id:guid}: declares 'tenancy.companies.read' but no authorization policy on it requires that permission; use RequirePermission
HTTP: GET /api/lists/tenancy.branches/definition: declares 'tenancy.branches.read' but no authorization policy on it requires that permission; use RequirePermission
HTTP: GET /api/lists/tenancy.branches/views: declares 'tenancy.branches.read' but no authorization policy on it requires that permission; use RequirePermission
HTTP: GET /api/lists/tenancy.branches/views/{id:guid}: declares 'tenancy.branches.read' but no authorization policy on it requires that permission; use RequirePermission
HTTP: POST /api/lists/tenancy.branches/views: declares 'tenancy.branches.read' but no authorization policy on it requires that permission; use RequirePermission
HTTP: PUT /api/lists/tenancy.branches/views/{id:guid}: declares 'tenancy.branches.read' but no authorization policy on it requires that permission; use RequirePermission
HTTP: DELETE /api/lists/tenancy.branches/views/{id:guid}: declares 'tenancy.branches.read' but no authorization policy on it requires that permission; use RequirePermission
HTTP: GET /api/lists/tenancy.branches/shared-views/{id:guid}: declares 'tenancy.branches.read' but no authorization policy on it requires that permission; use RequirePermission
HTTP: GET /api/lists/tenancy.access/definition: declares 'tenancy.access.read' but no authorization policy on it requires that permission; use RequirePermission
HTTP: GET /api/lists/tenancy.access/views: declares 'tenancy.access.read' but no authorization policy on it requires that permission; use RequirePermission
HTTP: GET /api/lists/tenancy.access/views/{id:guid}: declares 'tenancy.access.read' but no authorization policy on it requires that permission; use RequirePermission
HTTP: POST /api/lists/tenancy.access/views: declares 'tenancy.access.read' but no authorization policy on it requires that permission; use RequirePermission
HTTP: PUT /api/lists/tenancy.access/views/{id:guid}: declares 'tenancy.access.read' but no authorization policy on it requires that permission; use RequirePermission
HTTP: DELETE /api/lists/tenancy.access/views/{id:guid}: declares 'tenancy.access.read' but no authorization policy on it requires that permission; use RequirePermission
HTTP: GET /api/lists/tenancy.access/shared-views/{id:guid}: declares 'tenancy.access.read' but no authorization policy on it requires that permission; use RequirePermission
HTTP: GET /api/lists/identity.users/definition: declares 'identity.users.read' but no authorization policy on it requires that permission; use RequirePermission
HTTP: GET /api/lists/identity.users/views: declares 'identity.users.read' but no authorization policy on it requires that permission; use RequirePermission
HTTP: GET /api/lists/identity.users/views/{id:guid}: declares 'identity.users.read' but no authorization policy on it requires that permission; use RequirePermission
HTTP: POST /api/lists/identity.users/views: declares 'identity.users.read' but no authorization policy on it requires that permission; use RequirePermission
HTTP: PUT /api/lists/identity.users/views/{id:guid}: declares 'identity.users.read' but no authorization policy on it requires that permission; use RequirePermission
HTTP: DELETE /api/lists/identity.users/views/{id:guid}: declares 'identity.users.read' but no authorization policy on it requires that permission; use RequirePermission
HTTP: GET /api/lists/identity.users/shared-views/{id:guid}: declares 'identity.users.read' but no authorization policy on it requires that permission; use RequirePermission
HTTP: GET /api/lists/identity.roles/definition: declares 'identity.roles.read' but no authorization policy on it requires that permission; use RequirePermission
HTTP: GET /api/lists/identity.roles/views: declares 'identity.roles.read' but no authorization policy on it requires that permission; use RequirePermission
HTTP: GET /api/lists/identity.roles/views/{id:guid}: declares 'identity.roles.read' but no authorization policy on it requires that permission; use RequirePermission
HTTP: POST /api/lists/identity.roles/views: declares 'identity.roles.read' but no authorization policy on it requires that permission; use RequirePermission
HTTP: PUT /api/lists/identity.roles/views/{id:guid}: declares 'identity.roles.read' but no authorization policy on it requires that permission; use RequirePermission
HTTP: DELETE /api/lists/identity.roles/views/{id:guid}: declares 'identity.roles.read' but no authorization policy on it requires that permission; use RequirePermission
HTTP: GET /api/lists/identity.roles/shared-views/{id:guid}: declares 'identity.roles.read' but no authorization policy on it requires that permission; use RequirePermission
HTTP: GET /api/reports/catalog => Catalog: declares 'reports.catalog.read' but no authorization policy on it requires that permission; use RequirePermission
HTTP: GET /api/reports/run/tenancy.companyProfile: declares 'tenancy.companies.read' but no authorization policy on it requires that permission; use RequirePermission
HTTP: GET /api/reports/run/tenancy.branchDirectory: declares 'tenancy.branches.read' but no authorization policy on it requires that permission; use RequirePermission
HTTP: GET /api/reports/run/identity.usersByRole: declares 'identity.users.read' but no authorization policy on it requires that permission; use RequirePermission
HTTP: GET /api/reports/run/identity.roleSummary: declares 'identity.roles.read' but no authorization policy on it requires that permission; use RequirePermission
HTTP: GET /api/reports/lists/tenancy.companies: declares 'tenancy.companies.read' but no authorization policy on it requires that permission; use RequirePermission
HTTP: GET /api/reports/lists/tenancy.branches: declares 'tenancy.branches.read' but no authorization policy on it requires that permission; use RequirePermission
HTTP: GET /api/reports/lists/tenancy.access: declares 'tenancy.access.read' but no authorization policy on it requires that permission; use RequirePermission
HTTP: GET /api/reports/lists/identity.users: declares 'identity.users.read' but no authorization policy on it requires that permission; use RequirePermission
HTTP: GET /api/reports/lists/identity.roles: declares 'identity.roles.read' but no authorization policy on it requires that permission; use RequirePermission
  Stack Trace:
  
----- Inner Stack Trace -----
   at Erp.Kernel.Hosting.ErpPlatform.ValidateEndpoints(WebApplication app) in /work/src/Kernel/Erp.Kernel/Hosting/ErpPlatform.cs:line 251
   at Erp.Kernel.Hosting.ErpPlatform.UseErpPlatform(WebApplication app) in /work/src/Kernel/Erp.Kernel/Hosting/ErpPlatform.cs:line 204
   at Program.<Main>$(String[] args) in /work/src/Host/Erp.Host/Program.cs:line 8
   at Program.<Main>(String[] args)
   at System.Reflection.MethodBaseInvoker.InterpretedInvoke_Method(Object obj, IntPtr* args)
   at System.Reflection.MethodBaseInvoker.InvokeDirectByRefWithFewArgs(Object obj, Span`1 copyOfArgs, BindingFlags invokeAttr)
--- End of stack trace from previous location ---
   at Microsoft.AspNetCore.Mvc.Testing.DeferredHostBuilder.DeferredHost.StartAsync(CancellationToken cancellationToken)
   at Microsoft.Extensions.Hosting.HostingAbstractionsHostExtensions.Start(IHost host)
   at Microsoft.AspNetCore.Mvc.Testing.WebApplicationFactory`1.CreateHost(IHostBuilder builder)
   at Microsoft.AspNetCore.Mvc.Testing.WebApplicationFactory`1.ConfigureHostBuilder(IHostBuilder hostBuilder)
   at Microsoft.AspNetCore.Mvc.Testing.WebApplicationFactory`1.StartServer()
   at Microsoft.AspNetCore.Mvc.Testing.WebApplicationFactory`1.get_Services()
   at Erp.Testing.ErpTestEnvironment.SeedAsync(TestDatabaseServer server, String database, SeedPlan plan, IDictionary`2 settings) in /work/tests/Erp.Testing/ErpTestEnvironment.cs:line 129
   at Erp.Testing.ErpTestEnvironment.SeedAsync(TestDatabaseServer server, String database, SeedPlan plan, IDictionary`2 settings) in /work/tests/Erp.Testing/ErpTestEnvironment.cs:line 139
   at Erp.Testing.ErpTestEnvironment.<>c__DisplayClass34_0.<<StartGateAsync>b__0>d.MoveNext() in /work/tests/Erp.Testing/ErpTestEnvironment.cs:line 91
--- End of stack trace from previous location ---
   at Erp.Testing.TestDatabaseServer.<>c__DisplayClass25_0.<<GateTemplateAsync>b__3>d.MoveNext() in /work/tests/Erp.Testing/TestDatabaseServer.cs:line 160
--- End of stack trace from previous location ---
   at Erp.Testing.TestDatabaseServer.GateTemplateAsync(IDictionary`2 settings, Func`2 seed) in /work/tests/Erp.Testing/TestDatabaseServer.cs:line 165
   at Erp.Testing.ErpTestEnvironment.StartGateAsync(IDictionary`2 settings) in /work/tests/Erp.Testing/ErpTestEnvironment.cs:line 88
   at Erp.Gates.Tests.Infrastructure.GateFixture.InitializeAsync() in /work/tests/Erp.Gates.Tests/Infrastructure/GateFixture.cs:line 17
  Failed Erp.Gates.Tests.G2.G2PermissionTests.The_host_refuses_to_start_with_an_endpoint_whose_permission_is_not_in_the_catalogue [1 ms]
  Error Message:
   Assembly fixture type 'Erp.Gates.Tests.Infrastructure.GateFixture' threw in InitializeAsync
---- System.InvalidOperationException : Endpoint authorisation is incomplete:
HTTP: GET /api/tenancy/tenant => GetTenant: declares 'tenancy.tenant.read' but no authorization policy on it requires that permission; use RequirePermission
HTTP: GET /api/tenancy/companies => List: declares 'tenancy.companies.read' but no authorization policy on it requires that permission; use RequirePermission
HTTP: GET /api/tenancy/companies/{id:guid} => Get: declares 'tenancy.companies.read' but no authorization policy on it requires that permission; use RequirePermission
HTTP: GET /api/tenancy/companies/{id:guid}/logo => GetLogo: declares 'tenancy.companies.read' but no authorization policy on it requires that permission; use RequirePermission
HTTP: GET /api/tenancy/branches => List: declares 'tenancy.branches.read' but no authorization policy on it requires that permission; use RequirePermission
HTTP: GET /api/tenancy/branches/{id:guid} => Get: declares 'tenancy.branches.read' but no authorization policy on it requires that permission; use RequirePermission
HTTP: GET /api/tenancy/access => List: declares 'tenancy.access.read' but no authorization policy on it requires that permission; use RequirePermission
HTTP: GET /api/tenancy/access/{userId:guid} => Get: declares 'tenancy.access.read' but no authorization policy on it requires that permission; use RequirePermission
HTTP: GET /api/tenancy/workplace => Get: declares 'tenancy.workplace.read' but no authorization policy on it requires that permission; use RequirePermission
HTTP: GET /api/identity/users => List: declares 'identity.users.read' but no authorization policy on it requires that permission; use RequirePermission
HTTP: GET /api/identity/users/{id:guid} => Get: declares 'identity.users.read' but no authorization policy on it requires that permission; use RequirePermission
HTTP: GET /api/identity/users/{id:guid}/access => Access: declares 'identity.users.read' but no authorization policy on it requires that permission; use RequirePermission
HTTP: GET /api/identity/users/{id:guid}/default-company => GetDefaultCompany: declares 'identity.users.read' but no authorization policy on it requires that permission; use RequirePermission
HTTP: GET /api/identity/companies => Companies: declares 'identity.users.read' but no authorization policy on it requires that permission; use RequirePermission
HTTP: GET /api/identity/users/{id:guid}/sign-ins => SignIns: declares 'identity.signIns.read' but no authorization policy on it requires that permission; use RequirePermission
HTTP: GET /api/identity/roles => List: declares 'identity.roles.read' but no authorization policy on it requires that permission; use RequirePermission
HTTP: GET /api/identity/roles/{id:guid} => Get: declares 'identity.roles.read' but no authorization policy on it requires that permission; use RequirePermission
HTTP: GET /api/identity/permissions => Permissions: declares 'identity.roles.read' but no authorization policy on it requires that permission; use RequirePermission
HTTP: GET /api/identity/users/{id:guid}/passkeys => OfUser: declares 'identity.users.read' but no authorization policy on it requires that permission; use RequirePermission
HTTP: GET /api/lists/tenancy.companies/definition: declares 'tenancy.companies.read' but no authorization policy on it requires that permission; use RequirePermission
HTTP: GET /api/lists/tenancy.companies/views: declares 'tenancy.companies.read' but no authorization policy on it requires that permission; use RequirePermission
HTTP: GET /api/lists/tenancy.companies/views/{id:guid}: declares 'tenancy.companies.read' but no authorization policy on it requires that permission; use RequirePermission
HTTP: POST /api/lists/tenancy.companies/views: declares 'tenancy.companies.read' but no authorization policy on it requires that permission; use RequirePermission
HTTP: PUT /api/lists/tenancy.companies/views/{id:guid}: declares 'tenancy.companies.read' but no authorization policy on it requires that permission; use RequirePermission
HTTP: DELETE /api/lists/tenancy.companies/views/{id:guid}: declares 'tenancy.companies.read' but no authorization policy on it requires that permission; use RequirePermission
HTTP: GET /api/lists/tenancy.companies/shared-views/{id:guid}: declares 'tenancy.companies.read' but no authorization policy on it requires that permission; use RequirePermission
HTTP: GET /api/lists/tenancy.branches/definition: declares 'tenancy.branches.read' but no authorization policy on it requires that permission; use RequirePermission
HTTP: GET /api/lists/tenancy.branches/views: declares 'tenancy.branches.read' but no authorization policy on it requires that permission; use RequirePermission
HTTP: GET /api/lists/tenancy.branches/views/{id:guid}: declares 'tenancy.branches.read' but no authorization policy on it requires that permission; use RequirePermission
HTTP: POST /api/lists/tenancy.branches/views: declares 'tenancy.branches.read' but no authorization policy on it requires that permission; use RequirePermission
HTTP: PUT /api/lists/tenancy.branches/views/{id:guid}: declares 'tenancy.branches.read' but no authorization policy on it requires that permission; use RequirePermission
HTTP: DELETE /api/lists/tenancy.branches/views/{id:guid}: declares 'tenancy.branches.read' but no authorization policy on it requires that permission; use RequirePermission
HTTP: GET /api/lists/tenancy.branches/shared-views/{id:guid}: declares 'tenancy.branches.read' but no authorization policy on it requires that permission; use RequirePermission
HTTP: GET /api/lists/tenancy.access/definition: declares 'tenancy.access.read' but no authorization policy on it requires that permission; use RequirePermission
HTTP: GET /api/lists/tenancy.access/views: declares 'tenancy.access.read' but no authorization policy on it requires that permission; use RequirePermission
HTTP: GET /api/lists/tenancy.access/views/{id:guid}: declares 'tenancy.access.read' but no authorization policy on it requires that permission; use RequirePermission
HTTP: POST /api/lists/tenancy.access/views: declares 'tenancy.access.read' but no authorization policy on it requires that permission; use RequirePermission
HTTP: PUT /api/lists/tenancy.access/views/{id:guid}: declares 'tenancy.access.read' but no authorization policy on it requires that permission; use RequirePermission
HTTP: DELETE /api/lists/tenancy.access/views/{id:guid}: declares 'tenancy.access.read' but no authorization policy on it requires that permission; use RequirePermission
HTTP: GET /api/lists/tenancy.access/shared-views/{id:guid}: declares 'tenancy.access.read' but no authorization policy on it requires that permission; use RequirePermission
HTTP: GET /api/lists/identity.users/definition: declares 'identity.users.read' but no authorization policy on it requires that permission; use RequirePermission
HTTP: GET /api/lists/identity.users/views: declares 'identity.users.read' but no authorization policy on it requires that permission; use RequirePermission
HTTP: GET /api/lists/identity.users/views/{id:guid}: declares 'identity.users.read' but no authorization policy on it requires that permission; use RequirePermission
HTTP: POST /api/lists/identity.users/views: declares 'identity.users.read' but no authorization policy on it requires that permission; use RequirePermission
HTTP: PUT /api/lists/identity.users/views/{id:guid}: declares 'identity.users.read' but no authorization policy on it requires that permission; use RequirePermission
HTTP: DELETE /api/lists/identity.users/views/{id:guid}: declares 'identity.users.read' but no authorization policy on it requires that permission; use RequirePermission
HTTP: GET /api/lists/identity.users/shared-views/{id:guid}: declares 'identity.users.read' but no authorization policy on it requires that permission; use RequirePermission
HTTP: GET /api/lists/identity.roles/definition: declares 'identity.roles.read' but no authorization policy on it requires that permission; use RequirePermission
HTTP: GET /api/lists/identity.roles/views: declares 'identity.roles.read' but no authorization policy on it requires that permission; use RequirePermission
HTTP: GET /api/lists/identity.roles/views/{id:guid}: declares 'identity.roles.read' but no authorization policy on it requires that permission; use RequirePermission
HTTP: POST /api/lists/identity.roles/views: declares 'identity.roles.read' but no authorization policy on it requires that permission; use RequirePermission
HTTP: PUT /api/lists/identity.roles/views/{id:guid}: declares 'identity.roles.read' but no authorization policy on it requires that permission; use RequirePermission
HTTP: DELETE /api/lists/identity.roles/views/{id:guid}: declares 'identity.roles.read' but no authorization policy on it requires that permission; use RequirePermission
HTTP: GET /api/lists/identity.roles/shared-views/{id:guid}: declares 'identity.roles.read' but no authorization policy on it requires that permission; use RequirePermission
HTTP: GET /api/reports/catalog => Catalog: declares 'reports.catalog.read' but no authorization policy on it requires that permission; use RequirePermission
HTTP: GET /api/reports/run/tenancy.companyProfile: declares 'tenancy.companies.read' but no authorization policy on it requires that permission; use RequirePermission
HTTP: GET /api/reports/run/tenancy.branchDirectory: declares 'tenancy.branches.read' but no authorization policy on it requires that permission; use RequirePermission
HTTP: GET /api/reports/run/identity.usersByRole: declares 'identity.users.read' but no authorization policy on it requires that permission; use RequirePermission
HTTP: GET /api/reports/run/identity.roleSummary: declares 'identity.roles.read' but no authorization policy on it requires that permission; use RequirePermission
HTTP: GET /api/reports/lists/tenancy.companies: declares 'tenancy.companies.read' but no authorization policy on it requires that permission; use RequirePermission
HTTP: GET /api/reports/lists/tenancy.branches: declares 'tenancy.branches.read' but no authorization policy on it requires that permission; use RequirePermission
HTTP: GET /api/reports/lists/tenancy.access: declares 'tenancy.access.read' but no authorization policy on it requires that permission; use RequirePermission
HTTP: GET /api/reports/lists/identity.users: declares 'identity.users.read' but no authorization policy on it requires that permission; use RequirePermission
HTTP: GET /api/reports/lists/identity.roles: declares 'identity.roles.read' but no authorization policy on it requires that permission; use RequirePermission
  Stack Trace:
  
----- Inner Stack Trace -----
   at Erp.Kernel.Hosting.ErpPlatform.ValidateEndpoints(WebApplication app) in /work/src/Kernel/Erp.Kernel/Hosting/ErpPlatform.cs:line 251
   at Erp.Kernel.Hosting.ErpPlatform.UseErpPlatform(WebApplication app) in /work/src/Kernel/Erp.Kernel/Hosting/ErpPlatform.cs:line 204
   at Program.<Main>$(String[] args) in /work/src/Host/Erp.Host/Program.cs:line 8
   at Program.<Main>(String[] args)
   at System.Reflection.MethodBaseInvoker.InterpretedInvoke_Method(Object obj, IntPtr* args)
   at System.Reflection.MethodBaseInvoker.InvokeDirectByRefWithFewArgs(Object obj, Span`1 copyOfArgs, BindingFlags invokeAttr)
--- End of stack trace from previous location ---
   at Microsoft.AspNetCore.Mvc.Testing.DeferredHostBuilder.DeferredHost.StartAsync(CancellationToken cancellationToken)
   at Microsoft.Extensions.Hosting.HostingAbstractionsHostExtensions.Start(IHost host)
   at Microsoft.AspNetCore.Mvc.Testing.WebApplicationFactory`1.CreateHost(IHostBuilder builder)
   at Microsoft.AspNetCore.Mvc.Testing.WebApplicationFactory`1.ConfigureHostBuilder(IHostBuilder hostBuilder)
   at Microsoft.AspNetCore.Mvc.Testing.WebApplicationFactory`1.StartServer()
   at Microsoft.AspNetCore.Mvc.Testing.WebApplicationFactory`1.get_Services()
   at Erp.Testing.ErpTestEnvironment.SeedAsync(TestDatabaseServer server, String database, SeedPlan plan, IDictionary`2 settings) in /work/tests/Erp.Testing/ErpTestEnvironment.cs:line 129
   at Erp.Testing.ErpTestEnvironment.SeedAsync(TestDatabaseServer server, String database, SeedPlan plan, IDictionary`2 settings) in /work/tests/Erp.Testing/ErpTestEnvironment.cs:line 139
   at Erp.Testing.ErpTestEnvironment.<>c__DisplayClass34_0.<<StartGateAsync>b__0>d.MoveNext() in /work/tests/Erp.Testing/ErpTestEnvironment.cs:line 91
--- End of stack trace from previous location ---
   at Erp.Testing.TestDatabaseServer.<>c__DisplayClass25_0.<<GateTemplateAsync>b__3>d.MoveNext() in /work/tests/Erp.Testing/TestDatabaseServer.cs:line 160
--- End of stack trace from previous location ---
   at Erp.Testing.TestDatabaseServer.GateTemplateAsync(IDictionary`2 settings, Func`2 seed) in /work/tests/Erp.Testing/TestDatabaseServer.cs:line 165
   at Erp.Testing.ErpTestEnvironment.StartGateAsync(IDictionary`2 settings) in /work/tests/Erp.Testing/ErpTestEnvironment.cs:line 88
   at Erp.Gates.Tests.Infrastructure.GateFixture.InitializeAsync() in /work/tests/Erp.Gates.Tests/Infrastructure/GateFixture.cs:line 17
[xUnit.net 00:00:10.39]     Erp.Gates.Tests.G2.G2PermissionTests.The_host_refuses_to_start_with_an_endpoint_that_declares_no_permission [FAIL]
[xUnit.net 00:00:10.39]       Assembly fixture type 'Erp.Gates.Tests.Infrastructure.GateFixture' threw in InitializeAsync
[xUnit.net 00:00:10.39]       ---- System.InvalidOperationException : Endpoint authorisation is incomplete:
[xUnit.net 00:00:10.39]       HTTP: GET /api/tenancy/tenant => GetTenant: declares 'tenancy.tenant.read' but no authorization policy on it requires that permission; use RequirePermission
[xUnit.net 00:00:10.39]       HTTP: GET /api/tenancy/companies => List: declares 'tenancy.companies.read' but no authorization policy on it requires that permission; use RequirePermission
[xUnit.net 00:00:10.39]       HTTP: GET /api/tenancy/companies/{id:guid} => Get: declares 'tenancy.companies.read' but no authorization policy on it requires that permission; use RequirePermission
[xUnit.net 00:00:10.39]       HTTP: GET /api/tenancy/companies/{id:guid}/logo => GetLogo: declares 'tenancy.companies.read' but no authorization policy on it requires that permission; use RequirePermission
[xUnit.net 00:00:10.39]       HTTP: GET /api/tenancy/branches => List: declares 'tenancy.branches.read' but no authorization policy on it requires that permission; use RequirePermission
[xUnit.net 00:00:10.39]       HTTP: GET /api/tenancy/branches/{id:guid} => Get: declares 'tenancy.branches.read' but no authorization policy on it requires that permission; use RequirePermission
[xUnit.net 00:00:10.39]       HTTP: GET /api/tenancy/access => List: declares 'tenancy.access.read' but no authorization policy on it requires that permission; use RequirePermission
[xUnit.net 00:00:10.39]       HTTP: GET /api/tenancy/access/{userId:guid} => Get: declares 'tenancy.access.read' but no authorization policy on it requires that permission; use RequirePermission
[xUnit.net 00:00:10.39]       HTTP: GET /api/tenancy/workplace => Get: declares 'tenancy.workplace.read' but no authorization policy on it requires that permission; use RequirePermission
[xUnit.net 00:00:10.39]       HTTP: GET /api/identity/users => List: declares 'identity.users.read' but no authorization policy on it requires that permission; use RequirePermission
[xUnit.net 00:00:10.39]       HTTP: GET /api/identity/users/{id:guid} => Get: declares 'identity.users.read' but no authorization policy on it requires that permission; use RequirePermission
[xUnit.net 00:00:10.39]       HTTP: GET /api/identity/users/{id:guid}/access => Access: declares 'identity.users.read' but no authorization policy on it requires that permission; use RequirePermission
[xUnit.net 00:00:10.39]       HTTP: GET /api/identity/users/{id:guid}/default-company => GetDefaultCompany: declares 'identity.users.read' but no authorization policy on it requires that permission; use RequirePermission
[xUnit.net 00:00:10.39]       HTTP: GET /api/identity/companies => Companies: declares 'identity.users.read' but no authorization policy on it requires that permission; use RequirePermission
[xUnit.net 00:00:10.39]       HTTP: GET /api/identity/users/{id:guid}/sign-ins => SignIns: declares 'identity.signIns.read' but no authorization policy on it requires that permission; use RequirePermission
[xUnit.net 00:00:10.39]       HTTP: GET /api/identity/roles => List: declares 'identity.roles.read' but no authorization policy on it requires that permission; use RequirePermission
[xUnit.net 00:00:10.39]       HTTP: GET /api/identity/roles/{id:guid} => Get: declares 'identity.roles.read' but no authorization policy on it requires that permission; use RequirePermission
[xUnit.net 00:00:10.39]       HTTP: GET /api/identity/permissions => Permissions: declares 'identity.roles.read' but no authorization policy on it requires that permission; use RequirePermission
[xUnit.net 00:00:10.39]       HTTP: GET /api/identity/users/{id:guid}/passkeys => OfUser: declares 'identity.users.read' but no authorization policy on it requires that permission; use RequirePermission
[xUnit.net 00:00:10.39]       HTTP: GET /api/lists/tenancy.companies/definition: declares 'tenancy.companies.read' but no authorization policy on it requires that permission; use RequirePermission
[xUnit.net 00:00:10.39]       HTTP: GET /api/lists/tenancy.companies/views: declares 'tenancy.companies.read' but no authorization policy on it requires that permission; use RequirePermission
[xUnit.net 00:00:10.39]       HTTP: GET /api/lists/tenancy.companies/views/{id:guid}: declares 'tenancy.companies.read' but no authorization policy on it requires that permission; use RequirePermission
[xUnit.net 00:00:10.39]       HTTP: POST /api/lists/tenancy.companies/views: declares 'tenancy.companies.read' but no authorization policy on it requires that permission; use RequirePermission
[xUnit.net 00:00:10.39]       HTTP: PUT /api/lists/tenancy.companies/views/{id:guid}: declares 'tenancy.companies.read' but no authorization policy on it requires that permission; use RequirePermission
[xUnit.net 00:00:10.39]       HTTP: DELETE /api/lists/tenancy.companies/views/{id:guid}: declares 'tenancy.companies.read' but no authorization policy on it requires that permission; use RequirePermission
[xUnit.net 00:00:10.39]       HTTP: GET /api/lists/tenancy.companies/shared-views/{id:guid}: declares 'tenancy.companies.read' but no authorization policy on it requires that permission; use RequirePermission
[xUnit.net 00:00:10.39]       HTTP: GET /api/lists/tenancy.branches/definition: declares 'tenancy.branches.read' but no authorization policy on it requires that permission; use RequirePermission
[xUnit.net 00:00:10.39]       HTTP: GET /api/lists/tenancy.branches/views: declares 'tenancy.branches.read' but no authorization policy on it requires that permission; use RequirePermission
[xUnit.net 00:00:10.39]       HTTP: GET /api/lists/tenancy.branches/views/{id:guid}: declares 'tenancy.branches.read' but no authorization policy on it requires that permission; use RequirePermission
[xUnit.net 00:00:10.39]       HTTP: POST /api/lists/tenancy.branches/views: declares 'tenancy.branches.read' but no authorization policy on it requires that permission; use RequirePermission
[xUnit.net 00:00:10.39]       HTTP: PUT /api/lists/tenancy.branches/views/{id:guid}: declares 'tenancy.branches.read' but no authorization policy on it requires that permission; use RequirePermission
[xUnit.net 00:00:10.39]       HTTP: DELETE /api/lists/tenancy.branches/views/{id:guid}: declares 'tenancy.branches.read' but no authorization policy on it requires that permission; use RequirePermission
[xUnit.net 00:00:10.39]       HTTP: GET /api/lists/tenancy.branches/shared-views/{id:guid}: declares 'tenancy.branches.read' but no authorization policy on it requires that permission; use RequirePermission
[xUnit.net 00:00:10.39]       HTTP: GET /api/lists/tenancy.access/definition: declares 'tenancy.access.read' but no authorization policy on it requires that permission; use RequirePermission
[xUnit.net 00:00:10.39]       HTTP: GET /api/lists/tenancy.access/views: declares 'tenancy.access.read' but no authorization policy on it requires that permission; use RequirePermission
[xUnit.net 00:00:10.39]       HTTP: GET /api/lists/tenancy.access/views/{id:guid}: declares 'tenancy.access.read' but no authorization policy on it requires that permission; use RequirePermission
[xUnit.net 00:00:10.39]       HTTP: POST /api/lists/tenancy.access/views: declares 'tenancy.access.read' but no authorization policy on it requires that permission; use RequirePermission
[xUnit.net 00:00:10.39]       HTTP: PUT /api/lists/tenancy.access/views/{id:guid}: declares 'tenancy.access.read' but no authorization policy on it requires that permission; use RequirePermission
[xUnit.net 00:00:10.39]       HTTP: DELETE /api/lists/tenancy.access/views/{id:guid}: declares 'tenancy.access.read' but no authorization policy on it requires that permission; use RequirePermission
[xUnit.net 00:00:10.39]       HTTP: GET /api/lists/tenancy.access/shared-views/{id:guid}: declares 'tenancy.access.read' but no authorization policy on it requires that permission; use RequirePermission
[xUnit.net 00:00:10.39]       HTTP: GET /api/lists/identity.users/definition: declares 'identity.users.read' but no authorization policy on it requires that permission; use RequirePermission
[xUnit.net 00:00:10.39]       HTTP: GET /api/lists/identity.users/views: declares 'identity.users.read' but no authorization policy on it requires that permission; use RequirePermission
[xUnit.net 00:00:10.39]       HTTP: GET /api/lists/identity.users/views/{id:guid}: declares 'identity.users.read' but no authorization policy on it requires that permission; use RequirePermission
[xUnit.net 00:00:10.39]       HTTP: POST /api/lists/identity.users/views: declares 'identity.users.read' but no authorization policy on it requires that permission; use RequirePermission
[xUnit.net 00:00:10.39]       HTTP: PUT /api/lists/identity.users/views/{id:guid}: declares 'identity.users.read' but no authorization policy on it requires that permission; use RequirePermission
[xUnit.net 00:00:10.39]       HTTP: DELETE /api/lists/identity.users/views/{id:guid}: declares 'identity.users.read' but no authorization policy on it requires that permission; use RequirePermission
[xUnit.net 00:00:10.39]       HTTP: GET /api/lists/identity.users/shared-views/{id:guid}: declares 'identity.users.read' but no authorization policy on it requires that permission; use RequirePermission
[xUnit.net 00:00:10.39]       HTTP: GET /api/lists/identity.roles/definition: declares 'identity.roles.read' but no authorization policy on it requires that permission; use RequirePermission
[xUnit.net 00:00:10.39]       HTTP: GET /api/lists/identity.roles/views: declares 'identity.roles.read' but no authorization policy on it requires that permission; use RequirePermission
[xUnit.net 00:00:10.39]       HTTP: GET /api/lists/identity.roles/views/{id:guid}: declares 'identity.roles.read' but no authorization policy on it requires that permission; use RequirePermission
[xUnit.net 00:00:10.39]       HTTP: POST /api/lists/identity.roles/views: declares 'identity.roles.read' but no authorization policy on it requires that permission; use RequirePermission
[xUnit.net 00:00:10.39]       HTTP: PUT /api/lists/identity.roles/views/{id:guid}: declares 'identity.roles.read' but no authorization policy on it requires that permission; use RequirePermission
[xUnit.net 00:00:10.39]       HTTP: DELETE /api/lists/identity.roles/views/{id:guid}: declares 'identity.roles.read' but no authorization policy on it requires that permission; use RequirePermission
[xUnit.net 00:00:10.39]       HTTP: GET /api/lists/identity.roles/shared-views/{id:guid}: declares 'identity.roles.read' but no authorization policy on it requires that permission; use RequirePermission
[xUnit.net 00:00:10.39]       HTTP: GET /api/reports/catalog => Catalog: declares 'reports.catalog.read' but no authorization policy on it requires that permission; use RequirePermission
[xUnit.net 00:00:10.39]       HTTP: GET /api/reports/run/tenancy.companyProfile: declares 'tenancy.companies.read' but no authorization policy on it requires that permission; use RequirePermission
[xUnit.net 00:00:10.39]       HTTP: GET /api/reports/run/tenancy.branchDirectory: declares 'tenancy.branches.read' but no authorization policy on it requires that permission; use RequirePermission
[xUnit.net 00:00:10.39]       HTTP: GET /api/reports/run/identity.usersByRole: declares 'identity.users.read' but no authorization policy on it requires that permission; use RequirePermission
[xUnit.net 00:00:10.39]       HTTP: GET /api/reports/run/identity.roleSummary: declares 'identity.roles.read' but no authorization policy on it requires that permission; use RequirePermission
[xUnit.net 00:00:10.39]       HTTP: GET /api/reports/lists/tenancy.companies: declares 'tenancy.companies.read' but no authorization policy on it requires that permission; use RequirePermission
[xUnit.net 00:00:10.39]       HTTP: GET /api/reports/lists/tenancy.branches: declares 'tenancy.branches.read' but no authorization policy on it requires that permission; use RequirePermission
[xUnit.net 00:00:10.39]       HTTP: GET /api/reports/lists/tenancy.access: declares 'tenancy.access.read' but no authorization policy on it requires that permission; use RequirePermission
[xUnit.net 00:00:10.39]       HTTP: GET /api/reports/lists/identity.users: declares 'identity.users.read' but no authorization policy on it requires that permission; use RequirePermission
[xUnit.net 00:00:10.39]       HTTP: GET /api/reports/lists/identity.roles: declares 'identity.roles.read' but no authorization policy on it requires that permission; use RequirePermission
[xUnit.net 00:00:10.39]       Stack Trace:
[xUnit.net 00:00:10.39]         
[xUnit.net 00:00:10.39]         ----- Inner Stack Trace -----
[xUnit.net 00:00:10.39]         /work/src/Kernel/Erp.Kernel/Hosting/ErpPlatform.cs(251,0): at Erp.Kernel.Hosting.ErpPlatform.ValidateEndpoints(WebApplication app)
[xUnit.net 00:00:10.39]         /work/src/Kernel/Erp.Kernel/Hosting/ErpPlatform.cs(204,0): at Erp.Kernel.Hosting.ErpPlatform.UseErpPlatform(WebApplication app)
[xUnit.net 00:00:10.39]         /work/src/Host/Erp.Host/Program.cs(8,0): at Program.<Main>$(String[] args)
[xUnit.net 00:00:10.39]            at Program.<Main>(String[] args)
[xUnit.net 00:00:10.39]            at System.Reflection.MethodBaseInvoker.InterpretedInvoke_Method(Object obj, IntPtr* args)
[xUnit.net 00:00:10.39]            at System.Reflection.MethodBaseInvoker.InvokeDirectByRefWithFewArgs(Object obj, Span`1 copyOfArgs, BindingFlags invokeAttr)
[xUnit.net 00:00:10.39]         --- End of stack trace from previous location ---
[xUnit.net 00:00:10.39]            at Microsoft.AspNetCore.Mvc.Testing.DeferredHostBuilder.DeferredHost.StartAsync(CancellationToken cancellationToken)
[xUnit.net 00:00:10.39]            at Microsoft.Extensions.Hosting.HostingAbstractionsHostExtensions.Start(IHost host)
[xUnit.net 00:00:10.39]            at Microsoft.AspNetCore.Mvc.Testing.WebApplicationFactory`1.CreateHost(IHostBuilder builder)
[xUnit.net 00:00:10.39]            at Microsoft.AspNetCore.Mvc.Testing.WebApplicationFactory`1.ConfigureHostBuilder(IHostBuilder hostBuilder)
[xUnit.net 00:00:10.39]            at Microsoft.AspNetCore.Mvc.Testing.WebApplicationFactory`1.StartServer()
[xUnit.net 00:00:10.39]            at Microsoft.AspNetCore.Mvc.Testing.WebApplicationFactory`1.get_Services()
[xUnit.net 00:00:10.39]         /work/tests/Erp.Testing/ErpTestEnvironment.cs(129,0): at Erp.Testing.ErpTestEnvironment.SeedAsync(TestDatabaseServer server, String database, SeedPlan plan, IDictionary`2 settings)
[xUnit.net 00:00:10.39]         /work/tests/Erp.Testing/ErpTestEnvironment.cs(139,0): at Erp.Testing.ErpTestEnvironment.SeedAsync(TestDatabaseServer server, String database, SeedPlan plan, IDictionary`2 settings)
[xUnit.net 00:00:10.39]         /work/tests/Erp.Testing/ErpTestEnvironment.cs(91,0): at Erp.Testing.ErpTestEnvironment.<>c__DisplayClass34_0.<<StartGateAsync>b__0>d.MoveNext()
[xUnit.net 00:00:10.39]         --- End of stack trace from previous location ---
[xUnit.net 00:00:10.39]         /work/tests/Erp.Testing/TestDatabaseServer.cs(160,0): at Erp.Testing.TestDatabaseServer.<>c__DisplayClass25_0.<<GateTemplateAsync>b__3>d.MoveNext()
[xUnit.net 00:00:10.39]         --- End of stack trace from previous location ---
[xUnit.net 00:00:10.39]         /work/tests/Erp.Testing/TestDatabaseServer.cs(165,0): at Erp.Testing.TestDatabaseServer.GateTemplateAsync(IDictionary`2 settings, Func`2 seed)
[xUnit.net 00:00:10.39]         /work/tests/Erp.Testing/ErpTestEnvironment.cs(88,0): at Erp.Testing.ErpTestEnvironment.StartGateAsync(IDictionary`2 settings)
[xUnit.net 00:00:10.39]         /work/tests/Erp.Gates.Tests/Infrastructure/GateFixture.cs(17,0): at Erp.Gates.Tests.Infrastructure.GateFixture.InitializeAsync()
[xUnit.net 00:00:10.40]     Erp.Gates.Tests.G2.G2PermissionTests.No_endpoint_grants_more_than_the_caller_holds [FAIL]
[xUnit.net 00:00:10.40]       Assembly fixture type 'Erp.Gates.Tests.Infrastructure.GateFixture' threw in InitializeAsync
[xUnit.net 00:00:10.40]       ---- System.InvalidOperationException : Endpoint authorisation is incomplete:
[xUnit.net 00:00:10.40]       HTTP: GET /api/tenancy/tenant => GetTenant: declares 'tenancy.tenant.read' but no authorization policy on it requires that permission; use RequirePermission
[xUnit.net 00:00:10.40]       HTTP: GET /api/tenancy/companies => List: declares 'tenancy.companies.read' but no authorization policy on it requires that permission; use RequirePermission
[xUnit.net 00:00:10.40]       HTTP: GET /api/tenancy/companies/{id:guid} => Get: declares 'tenancy.companies.read' but no authorization policy on it requires that permission; use RequirePermission
[xUnit.net 00:00:10.40]       HTTP: GET /api/tenancy/companies/{id:guid}/logo => GetLogo: declares 'tenancy.companies.read' but no authorization policy on it requires that permission; use RequirePermission
[xUnit.net 00:00:10.40]       HTTP: GET /api/tenancy/branches => List: declares 'tenancy.branches.read' but no authorization policy on it requires that permission; use RequirePermission
[xUnit.net 00:00:10.40]       HTTP: GET /api/tenancy/branches/{id:guid} => Get: declares 'tenancy.branches.read' but no authorization policy on it requires that permission; use RequirePermission
[xUnit.net 00:00:10.40]       HTTP: GET /api/tenancy/access => List: declares 'tenancy.access.read' but no authorization policy on it requires that permission; use RequirePermission
[xUnit.net 00:00:10.40]       HTTP: GET /api/tenancy/access/{userId:guid} => Get: declares 'tenancy.access.read' but no authorization policy on it requires that permission; use RequirePermission
[xUnit.net 00:00:10.40]       HTTP: GET /api/tenancy/workplace => Get: declares 'tenancy.workplace.read' but no authorization policy on it requires that permission; use RequirePermission
[xUnit.net 00:00:10.40]       HTTP: GET /api/identity/users => List: declares 'identity.users.read' but no authorization policy on it requires that permission; use RequirePermission
[xUnit.net 00:00:10.40]       HTTP: GET /api/identity/users/{id:guid} => Get: declares 'identity.users.read' but no authorization policy on it requires that permission; use RequirePermission
[xUnit.net 00:00:10.40]       HTTP: GET /api/identity/users/{id:guid}/access => Access: declares 'identity.users.read' but no authorization policy on it requires that permission; use RequirePermission
[xUnit.net 00:00:10.40]       HTTP: GET /api/identity/users/{id:guid}/default-company => GetDefaultCompany: declares 'identity.users.read' but no authorization policy on it requires that permission; use RequirePermission
[xUnit.net 00:00:10.40]       HTTP: GET /api/identity/companies => Companies: declares 'identity.users.read' but no authorization policy on it requires that permission; use RequirePermission
[xUnit.net 00:00:10.40]       HTTP: GET /api/identity/users/{id:guid}/sign-ins => SignIns: declares 'identity.signIns.read' but no authorization policy on it requires that permission; use RequirePermission
[xUnit.net 00:00:10.40]       HTTP: GET /api/identity/roles => List: declares 'identity.roles.read' but no authorization policy on it requires that permission; use RequirePermission
[xUnit.net 00:00:10.40]       HTTP: GET /api/identity/roles/{id:guid} => Get: declares 'identity.roles.read' but no authorization policy on it requires that permission; use RequirePermission
[xUnit.net 00:00:10.40]       HTTP: GET /api/identity/permissions => Permissions: declares 'identity.roles.read' but no authorization policy on it requires that permission; use RequirePermission
[xUnit.net 00:00:10.40]       HTTP: GET /api/identity/users/{id:guid}/passkeys => OfUser: declares 'identity.users.read' but no authorization policy on it requires that permission; use RequirePermission
[xUnit.net 00:00:10.40]       HTTP: GET /api/lists/tenancy.companies/definition: declares 'tenancy.companies.read' but no authorization policy on it requires that permission; use RequirePermission
[xUnit.net 00:00:10.40]       HTTP: GET /api/lists/tenancy.companies/views: declares 'tenancy.companies.read' but no authorization policy on it requires that permission; use RequirePermission
[xUnit.net 00:00:10.40]       HTTP: GET /api/lists/tenancy.companies/views/{id:guid}: declares 'tenancy.companies.read' but no authorization policy on it requires that permission; use RequirePermission
[xUnit.net 00:00:10.40]       HTTP: POST /api/lists/tenancy.companies/views: declares 'tenancy.companies.read' but no authorization policy on it requires that permission; use RequirePermission
[xUnit.net 00:00:10.40]       HTTP: PUT /api/lists/tenancy.companies/views/{id:guid}: declares 'tenancy.companies.read' but no authorization policy on it requires that permission; use RequirePermission
[xUnit.net 00:00:10.40]       HTTP: DELETE /api/lists/tenancy.companies/views/{id:guid}: declares 'tenancy.companies.read' but no authorization policy on it requires that permission; use RequirePermission
[xUnit.net 00:00:10.40]       HTTP: GET /api/lists/tenancy.companies/shared-views/{id:guid}: declares 'tenancy.companies.read' but no authorization policy on it requires that permission; use RequirePermission
[xUnit.net 00:00:10.40]       HTTP: GET /api/lists/tenancy.branches/definition: declares 'tenancy.branches.read' but no authorization policy on it requires that permission; use RequirePermission
[xUnit.net 00:00:10.40]       HTTP: GET /api/lists/tenancy.branches/views: declares 'tenancy.branches.read' but no authorization policy on it requires that permission; use RequirePermission
[xUnit.net 00:00:10.40]       HTTP: GET /api/lists/tenancy.branches/views/{id:guid}: declares 'tenancy.branches.read' but no authorization policy on it requires that permission; use RequirePermission
[xUnit.net 00:00:10.40]       HTTP: POST /api/lists/tenancy.branches/views: declares 'tenancy.branches.read' but no authorization policy on it requires that permission; use RequirePermission
[xUnit.net 00:00:10.40]       HTTP: PUT /api/lists/tenancy.branches/views/{id:guid}: declares 'tenancy.branches.read' but no authorization policy on it requires that permission; use RequirePermission
[xUnit.net 00:00:10.40]       HTTP: DELETE /api/lists/tenancy.branches/views/{id:guid}: declares 'tenancy.branches.read' but no authorization policy on it requires that permission; use RequirePermission
[xUnit.net 00:00:10.40]       HTTP: GET /api/lists/tenancy.branches/shared-views/{id:guid}: declares 'tenancy.branches.read' but no authorization policy on it requires that permission; use RequirePermission
[xUnit.net 00:00:10.40]       HTTP: GET /api/lists/tenancy.access/definition: declares 'tenancy.access.read' but no authorization policy on it requires that permission; use RequirePermission
[xUnit.net 00:00:10.40]       HTTP: GET /api/lists/tenancy.access/views: declares 'tenancy.access.read' but no authorization policy on it requires that permission; use RequirePermission
[xUnit.net 00:00:10.40]       HTTP: GET /api/lists/tenancy.access/views/{id:guid}: declares 'tenancy.access.read' but no authorization policy on it requires that permission; use RequirePermission
[xUnit.net 00:00:10.40]       HTTP: POST /api/lists/tenancy.access/views: declares 'tenancy.access.read' but no authorization policy on it requires that permission; use RequirePermission
[xUnit.net 00:00:10.40]       HTTP: PUT /api/lists/tenancy.access/views/{id:guid}: declares 'tenancy.access.read' but no authorization policy on it requires that permission; use RequirePermission
[xUnit.net 00:00:10.40]       HTTP: DELETE /api/lists/tenancy.access/views/{id:guid}: declares 'tenancy.access.read' but no authorization policy on it requires that permission; use RequirePermission
[xUnit.net 00:00:10.40]       HTTP: GET /api/lists/tenancy.access/shared-views/{id:guid}: declares 'tenancy.access.read' but no authorization policy on it requires that permission; use RequirePermission
[xUnit.net 00:00:10.40]       HTTP: GET /api/lists/identity.users/definition: declares 'identity.users.read' but no authorization policy on it requires that permission; use RequirePermission
[xUnit.net 00:00:10.40]       HTTP: GET /api/lists/identity.users/views: declares 'identity.users.read' but no authorization policy on it requires that permission; use RequirePermission
[xUnit.net 00:00:10.40]       HTTP: GET /api/lists/identity.users/views/{id:guid}: declares 'identity.users.read' but no authorization policy on it requires that permission; use RequirePermission
[xUnit.net 00:00:10.40]       HTTP: POST /api/lists/identity.users/views: declares 'identity.users.read' but no authorization policy on it requires that permission; use RequirePermission
[xUnit.net 00:00:10.40]       HTTP: PUT /api/lists/identity.users/views/{id:guid}: declares 'identity.users.read' but no authorization policy on it requires that permission; use RequirePermission
[xUnit.net 00:00:10.40]       HTTP: DELETE /api/lists/identity.users/views/{id:guid}: declares 'identity.users.read' but no authorization policy on it requires that permission; use RequirePermission
[xUnit.net 00:00:10.40]       HTTP: GET /api/lists/identity.users/shared-views/{id:guid}: declares 'identity.users.read' but no authorization policy on it requires that permission; use RequirePermission
[xUnit.net 00:00:10.40]       HTTP: GET /api/lists/identity.roles/definition: declares 'identity.roles.read' but no authorization policy on it requires that permission; use RequirePermission
[xUnit.net 00:00:10.40]       HTTP: GET /api/lists/identity.roles/views: declares 'identity.roles.read' but no authorization policy on it requires that permission; use RequirePermission
[xUnit.net 00:00:10.40]       HTTP: GET /api/lists/identity.roles/views/{id:guid}: declares 'identity.roles.read' but no authorization policy on it requires that permission; use RequirePermission
[xUnit.net 00:00:10.40]       HTTP: POST /api/lists/identity.roles/views: declares 'identity.roles.read' but no authorization policy on it requires that permission; use RequirePermission
[xUnit.net 00:00:10.40]       HTTP: PUT /api/lists/identity.roles/views/{id:guid}: declares 'identity.roles.read' but no authorization policy on it requires that permission; use RequirePermission
[xUnit.net 00:00:10.40]       HTTP: DELETE /api/lists/identity.roles/views/{id:guid}: declares 'identity.roles.read' but no authorization policy on it requires that permission; use RequirePermission
[xUnit.net 00:00:10.40]       HTTP: GET /api/lists/identity.roles/shared-views/{id:guid}: declares 'identity.roles.read' but no authorization policy on it requires that permission; use RequirePermission
[xUnit.net 00:00:10.40]       HTTP: GET /api/reports/catalog => Catalog: declares 'reports.catalog.read' but no authorization policy on it requires that permission; use RequirePermission
[xUnit.net 00:00:10.40]       HTTP: GET /api/reports/run/tenancy.companyProfile: declares 'tenancy.companies.read' but no authorization policy on it requires that permission; use RequirePermission
[xUnit.net 00:00:10.40]       HTTP: GET /api/reports/run/tenancy.branchDirectory: declares 'tenancy.branches.read' but no authorization policy on it requires that permission; use RequirePermission
[xUnit.net 00:00:10.40]       HTTP: GET /api/reports/run/identity.usersByRole: declares 'identity.users.read' but no authorization policy on it requires that permission; use RequirePermission
[xUnit.net 00:00:10.40]       HTTP: GET /api/reports/run/identity.roleSummary: declares 'identity.roles.read' but no authorization policy on it requires that permission; use RequirePermission
[xUnit.net 00:00:10.40]       HTTP: GET /api/reports/lists/tenancy.companies: declares 'tenancy.companies.read' but no authorization policy on it requires that permission; use RequirePermission
[xUnit.net 00:00:10.40]       HTTP: GET /api/reports/lists/tenancy.branches: declares 'tenancy.branches.read' but no authorization policy on it requires that permission; use RequirePermission
[xUnit.net 00:00:10.40]       HTTP: GET /api/reports/lists/tenancy.access: declares 'tenancy.access.read' but no authorization policy on it requires that permission; use RequirePermission
[xUnit.net 00:00:10.40]       HTTP: GET /api/reports/lists/identity.users: declares 'identity.users.read' but no authorization policy on it requires that permission; use RequirePermission
[xUnit.net 00:00:10.40]       HTTP: GET /api/reports/lists/identity.roles: declares 'identity.roles.read' but no authorization policy on it requires that permission; use RequirePermission
[xUnit.net 00:00:10.40]       Stack Trace:
[xUnit.net 00:00:10.40]         
[xUnit.net 00:00:10.40]         ----- Inner Stack Trace -----
[xUnit.net 00:00:10.40]         /work/src/Kernel/Erp.Kernel/Hosting/ErpPlatform.cs(251,0): at Erp.Kernel.Hosting.ErpPlatform.ValidateEndpoints(WebApplication app)
[xUnit.net 00:00:10.40]         /work/src/Kernel/Erp.Kernel/Hosting/ErpPlatform.cs(204,0): at Erp.Kernel.Hosting.ErpPlatform.UseErpPlatform(WebApplication app)
[xUnit.net 00:00:10.40]         /work/src/Host/Erp.Host/Program.cs(8,0): at Program.<Main>$(String[] args)
[xUnit.net 00:00:10.40]            at Program.<Main>(String[] args)
[xUnit.net 00:00:10.40]            at System.Reflection.MethodBaseInvoker.InterpretedInvoke_Method(Object obj, IntPtr* args)
[xUnit.net 00:00:10.40]            at System.Reflection.MethodBaseInvoker.InvokeDirectByRefWithFewArgs(Object obj, Span`1 copyOfArgs, BindingFlags invokeAttr)
[xUnit.net 00:00:10.40]         --- End of stack trace from previous location ---
[xUnit.net 00:00:10.40]            at Microsoft.AspNetCore.Mvc.Testing.DeferredHostBuilder.DeferredHost.StartAsync(CancellationToken cancellationToken)
[xUnit.net 00:00:10.40]            at Microsoft.Extensions.Hosting.HostingAbstractionsHostExtensions.Start(IHost host)
[xUnit.net 00:00:10.40]            at Microsoft.AspNetCore.Mvc.Testing.WebApplicationFactory`1.CreateHost(IHostBuilder builder)
[xUnit.net 00:00:10.40]            at Microsoft.AspNetCore.Mvc.Testing.WebApplicationFactory`1.ConfigureHostBuilder(IHostBuilder hostBuilder)
[xUnit.net 00:00:10.40]            at Microsoft.AspNetCore.Mvc.Testing.WebApplicationFactory`1.StartServer()
[xUnit.net 00:00:10.40]            at Microsoft.AspNetCore.Mvc.Testing.WebApplicationFactory`1.get_Services()
[xUnit.net 00:00:10.40]         /work/tests/Erp.Testing/ErpTestEnvironment.cs(129,0): at Erp.Testing.ErpTestEnvironment.SeedAsync(TestDatabaseServer server, String database, SeedPlan plan, IDictionary`2 settings)
[xUnit.net 00:00:10.40]         /work/tests/Erp.Testing/ErpTestEnvironment.cs(139,0): at Erp.Testing.ErpTestEnvironment.SeedAsync(TestDatabaseServer server, String database, SeedPlan plan, IDictionary`2 settings)
[xUnit.net 00:00:10.40]         /work/tests/Erp.Testing/ErpTestEnvironment.cs(91,0): at Erp.Testing.ErpTestEnvironment.<>c__DisplayClass34_0.<<StartGateAsync>b__0>d.MoveNext()
[xUnit.net 00:00:10.40]         --- End of stack trace from previous location ---
[xUnit.net 00:00:10.40]         /work/tests/Erp.Testing/TestDatabaseServer.cs(160,0): at Erp.Testing.TestDatabaseServer.<>c__DisplayClass25_0.<<GateTemplateAsync>b__3>d.MoveNext()
[xUnit.net 00:00:10.40]         --- End of stack trace from previous location ---
[xUnit.net 00:00:10.40]         /work/tests/Erp.Testing/TestDatabaseServer.cs(165,0): at Erp.Testing.TestDatabaseServer.GateTemplateAsync(IDictionary`2 settings, Func`2 seed)
[xUnit.net 00:00:10.40]         /work/tests/Erp.Testing/ErpTestEnvironment.cs(88,0): at Erp.Testing.ErpTestEnvironment.StartGateAsync(IDictionary`2 settings)
[xUnit.net 00:00:10.40]         /work/tests/Erp.Gates.Tests/Infrastructure/GateFixture.cs(17,0): at Erp.Gates.Tests.Infrastructure.GateFixture.InitializeAsync()
[xUnit.net 00:00:10.40]     Erp.Gates.Tests.G2.G2PermissionTests.Creating_a_user_cannot_grant_more_than_the_caller_holds [FAIL]
[xUnit.net 00:00:10.40]       Assembly fixture type 'Erp.Gates.Tests.Infrastructure.GateFixture' threw in InitializeAsync
[xUnit.net 00:00:10.40]       ---- System.InvalidOperationException : Endpoint authorisation is incomplete:
[xUnit.net 00:00:10.40]       HTTP: GET /api/tenancy/tenant => GetTenant: declares 'tenancy.tenant.read' but no authorization policy on it requires that permission; use RequirePermission
[xUnit.net 00:00:10.40]       HTTP: GET /api/tenancy/companies => List: declares 'tenancy.companies.read' but no authorization policy on it requires that permission; use RequirePermission
[xUnit.net 00:00:10.40]       HTTP: GET /api/tenancy/companies/{id:guid} => Get: declares 'tenancy.companies.read' but no authorization policy on it requires that permission; use RequirePermission
[xUnit.net 00:00:10.40]       HTTP: GET /api/tenancy/companies/{id:guid}/logo => GetLogo: declares 'tenancy.companies.read' but no authorization policy on it requires that permission; use RequirePermission
[xUnit.net 00:00:10.40]       HTTP: GET /api/tenancy/branches => List: declares 'tenancy.branches.read' but no authorization policy on it requires that permission; use RequirePermission
[xUnit.net 00:00:10.40]       HTTP: GET /api/tenancy/branches/{id:guid} => Get: declares 'tenancy.branches.read' but no authorization policy on it requires that permission; use RequirePermission
[xUnit.net 00:00:10.40]       HTTP: GET /api/tenancy/access => List: declares 'tenancy.access.read' but no authorization policy on it requires that permission; use RequirePermission
[xUnit.net 00:00:10.40]       HTTP: GET /api/tenancy/access/{userId:guid} => Get: declares 'tenancy.access.read' but no authorization policy on it requires that permission; use RequirePermission
[xUnit.net 00:00:10.40]       HTTP: GET /api/tenancy/workplace => Get: declares 'tenancy.workplace.read' but no authorization policy on it requires that permission; use RequirePermission
[xUnit.net 00:00:10.40]       HTTP: GET /api/identity/users => List: declares 'identity.users.read' but no authorization policy on it requires that permission; use RequirePermission
[xUnit.net 00:00:10.40]       HTTP: GET /api/identity/users/{id:guid} => Get: declares 'identity.users.read' but no authorization policy on it requires that permission; use RequirePermission
[xUnit.net 00:00:10.40]       HTTP: GET /api/identity/users/{id:guid}/access => Access: declares 'identity.users.read' but no authorization policy on it requires that permission; use RequirePermission
[xUnit.net 00:00:10.40]       HTTP: GET /api/identity/users/{id:guid}/default-company => GetDefaultCompany: declares 'identity.users.read' but no authorization policy on it requires that permission; use RequirePermission
[xUnit.net 00:00:10.40]       HTTP: GET /api/identity/companies => Companies: declares 'identity.users.read' but no authorization policy on it requires that permission; use RequirePermission
[xUnit.net 00:00:10.40]       HTTP: GET /api/identity/users/{id:guid}/sign-ins => SignIns: declares 'identity.signIns.read' but no authorization policy on it requires that permission; use RequirePermission
[xUnit.net 00:00:10.40]       HTTP: GET /api/identity/roles => List: declares 'identity.roles.read' but no authorization policy on it requires that permission; use RequirePermission
[xUnit.net 00:00:10.40]       HTTP: GET /api/identity/roles/{id:guid} => Get: declares 'identity.roles.read' but no authorization policy on it requires that permission; use RequirePermission
[xUnit.net 00:00:10.40]       HTTP: GET /api/identity/permissions => Permissions: declares 'identity.roles.read' but no authorization policy on it requires that permission; use RequirePermission
[xUnit.net 00:00:10.40]       HTTP: GET /api/identity/users/{id:guid}/passkeys => OfUser: declares 'identity.users.read' but no authorization policy on it requires that permission; use RequirePermission
[xUnit.net 00:00:10.40]       HTTP: GET /api/lists/tenancy.companies/definition: declares 'tenancy.companies.read' but no authorization policy on it requires that permission; use RequirePermission
[xUnit.net 00:00:10.40]       HTTP: GET /api/lists/tenancy.companies/views: declares 'tenancy.companies.read' but no authorization policy on it requires that permission; use RequirePermission
[xUnit.net 00:00:10.40]       HTTP: GET /api/lists/tenancy.companies/views/{id:guid}: declares 'tenancy.companies.read' but no authorization policy on it requires that permission; use RequirePermission
[xUnit.net 00:00:10.40]       HTTP: POST /api/lists/tenancy.companies/views: declares 'tenancy.companies.read' but no authorization policy on it requires that permission; use RequirePermission
[xUnit.net 00:00:10.40]       HTTP: PUT /api/lists/tenancy.companies/views/{id:guid}: declares 'tenancy.companies.read' but no authorization policy on it requires that permission; use RequirePermission
[xUnit.net 00:00:10.40]       HTTP: DELETE /api/lists/tenancy.companies/views/{id:guid}: declares 'tenancy.companies.read' but no authorization policy on it requires that permission; use RequirePermission
[xUnit.net 00:00:10.40]       HTTP: GET /api/lists/tenancy.companies/shared-views/{id:guid}: declares 'tenancy.companies.read' but no authorization policy on it requires that permission; use RequirePermission
[xUnit.net 00:00:10.40]       HTTP: GET /api/lists/tenancy.branches/definition: declares 'tenancy.branches.read' but no authorization policy on it requires that permission; use RequirePermission
[xUnit.net 00:00:10.40]       HTTP: GET /api/lists/tenancy.branches/views: declares 'tenancy.branches.read' but no authorization policy on it requires that permission; use RequirePermission
[xUnit.net 00:00:10.40]       HTTP: GET /api/lists/tenancy.branches/views/{id:guid}: declares 'tenancy.branches.read' but no authorization policy on it requires that permission; use RequirePermission
[xUnit.net 00:00:10.40]       HTTP: POST /api/lists/tenancy.branches/views: declares 'tenancy.branches.read' but no authorization policy on it requires that permission; use RequirePermission
[xUnit.net 00:00:10.40]       HTTP: PUT /api/lists/tenancy.branches/views/{id:guid}: declares 'tenancy.branches.read' but no authorization policy on it requires that permission; use RequirePermission
[xUnit.net 00:00:10.40]       HTTP: DELETE /api/lists/tenancy.branches/views/{id:guid}: declares 'tenancy.branches.read' but no authorization policy on it requires that permission; use RequirePermission
[xUnit.net 00:00:10.40]       HTTP: GET /api/lists/tenancy.branches/shared-views/{id:guid}: declares 'tenancy.branches.read' but no authorization policy on it requires that permission; use RequirePermission
[xUnit.net 00:00:10.40]       HTTP: GET /api/lists/tenancy.access/definition: declares 'tenancy.access.read' but no authorization policy on it requires that permission; use RequirePermission
[xUnit.net 00:00:10.40]       HTTP: GET /api/lists/tenancy.access/views: declares 'tenancy.access.read' but no authorization policy on it requires that permission; use RequirePermission
[xUnit.net 00:00:10.40]       HTTP: GET /api/lists/tenancy.access/views/{id:guid}: declares 'tenancy.access.read' but no authorization policy on it requires that permission; use RequirePermission
[xUnit.net 00:00:10.40]       HTTP: POST /api/lists/tenancy.access/views: declares 'tenancy.access.read' but no authorization policy on it requires that permission; use RequirePermission
[xUnit.net 00:00:10.40]       HTTP: PUT /api/lists/tenancy.access/views/{id:guid}: declares 'tenancy.access.read' but no authorization policy on it requires that permission; use RequirePermission
[xUnit.net 00:00:10.40]       HTTP: DELETE /api/lists/tenancy.access/views/{id:guid}: declares 'tenancy.access.read' but no authorization policy on it requires that permission; use RequirePermission
[xUnit.net 00:00:10.40]       HTTP: GET /api/lists/tenancy.access/shared-views/{id:guid}: declares 'tenancy.access.read' but no authorization policy on it requires that permission; use RequirePermission
[xUnit.net 00:00:10.40]       HTTP: GET /api/lists/identity.users/definition: declares 'identity.users.read' but no authorization policy on it requires that permission; use RequirePermission
[xUnit.net 00:00:10.40]       HTTP: GET /api/lists/identity.users/views: declares 'identity.users.read' but no authorization policy on it requires that permission; use RequirePermission
[xUnit.net 00:00:10.40]       HTTP: GET /api/lists/identity.users/views/{id:guid}: declares 'identity.users.read' but no authorization policy on it requires that permission; use RequirePermission
[xUnit.net 00:00:10.40]       HTTP: POST /api/lists/identity.users/views: declares 'identity.users.read' but no authorization policy on it requires that permission; use RequirePermission
[xUnit.net 00:00:10.40]       HTTP: PUT /api/lists/identity.users/views/{id:guid}: declares 'identity.users.read' but no authorization policy on it requires that permission; use RequirePermission
[xUnit.net 00:00:10.40]       HTTP: DELETE /api/lists/identity.users/views/{id:guid}: declares 'identity.users.read' but no authorization policy on it requires that permission; use RequirePermission
[xUnit.net 00:00:10.40]       HTTP: GET /api/lists/identity.users/shared-views/{id:guid}: declares 'identity.users.read' but no authorization policy on it requires that permission; use RequirePermission
[xUnit.net 00:00:10.40]       HTTP: GET /api/lists/identity.roles/definition: declares 'identity.roles.read' but no authorization policy on it requires that permission; use RequirePermission
[xUnit.net 00:00:10.40]       HTTP: GET /api/lists/identity.roles/views: declares 'identity.roles.read' but no authorization policy on it requires that permission; use RequirePermission
[xUnit.net 00:00:10.40]       HTTP: GET /api/lists/identity.roles/views/{id:guid}: declares 'identity.roles.read' but no authorization policy on it requires that permission; use RequirePermission
[xUnit.net 00:00:10.40]       HTTP: POST /api/lists/identity.roles/views: declares 'identity.roles.read' but no authorization policy on it requires that permission; use RequirePermission
[xUnit.net 00:00:10.40]       HTTP: PUT /api/lists/identity.roles/views/{id:guid}: declares 'identity.roles.read' but no authorization policy on it requires that permission; use RequirePermission
[xUnit.net 00:00:10.40]       HTTP: DELETE /api/lists/identity.roles/views/{id:guid}: declares 'identity.roles.read' but no authorization policy on it requires that permission; use RequirePermission
[xUnit.net 00:00:10.40]       HTTP: GET /api/lists/identity.roles/shared-views/{id:guid}: declares 'identity.roles.read' but no authorization policy on it requires that permission; use RequirePermission
[xUnit.net 00:00:10.40]       HTTP: GET /api/reports/catalog => Catalog: declares 'reports.catalog.read' but no authorization policy on it requires that permission; use RequirePermission
[xUnit.net 00:00:10.40]       HTTP: GET /api/reports/run/tenancy.companyProfile: declares 'tenancy.companies.read' but no authorization policy on it requires that permission; use RequirePermission
[xUnit.net 00:00:10.40]       HTTP: GET /api/reports/run/tenancy.branchDirectory: declares 'tenancy.branches.read' but no authorization policy on it requires that permission; use RequirePermission
[xUnit.net 00:00:10.40]       HTTP: GET /api/reports/run/identity.usersByRole: declares 'identity.users.read' but no authorization policy on it requires that permission; use RequirePermission
[xUnit.net 00:00:10.40]       HTTP: GET /api/reports/run/identity.roleSummary: declares 'identity.roles.read' but no authorization policy on it requires that permission; use RequirePermission
[xUnit.net 00:00:10.40]       HTTP: GET /api/reports/lists/tenancy.companies: declares 'tenancy.companies.read' but no authorization policy on it requires that permission; use RequirePermission
[xUnit.net 00:00:10.40]       HTTP: GET /api/reports/lists/tenancy.branches: declares 'tenancy.branches.read' but no authorization policy on it requires that permission; use RequirePermission
[xUnit.net 00:00:10.40]       HTTP: GET /api/reports/lists/tenancy.access: declares 'tenancy.access.read' but no authorization policy on it requires that permission; use RequirePermission
[xUnit.net 00:00:10.40]       HTTP: GET /api/reports/lists/identity.users: declares 'identity.users.read' but no authorization policy on it requires that permission; use RequirePermission
[xUnit.net 00:00:10.40]       HTTP: GET /api/reports/lists/identity.roles: declares 'identity.roles.read' but no authorization policy on it requires that permission; use RequirePermission
[xUnit.net 00:00:10.40]       Stack Trace:
[xUnit.net 00:00:10.40]         
[xUnit.net 00:00:10.40]         ----- Inner Stack Trace -----
[xUnit.net 00:00:10.40]         /work/src/Kernel/Erp.Kernel/Hosting/ErpPlatform.cs(251,0): at Erp.Kernel.Hosting.ErpPlatform.ValidateEndpoints(WebApplication app)
[xUnit.net 00:00:10.40]         /work/src/Kernel/Erp.Kernel/Hosting/ErpPlatform.cs(204,0): at Erp.Kernel.Hosting.ErpPlatform.UseErpPlatform(WebApplication app)
[xUnit.net 00:00:10.40]         /work/src/Host/Erp.Host/Program.cs(8,0): at Program.<Main>$(String[] args)
[xUnit.net 00:00:10.40]            at Program.<Main>(String[] args)
[xUnit.net 00:00:10.40]            at System.Reflection.MethodBaseInvoker.InterpretedInvoke_Method(Object obj, IntPtr* args)
[xUnit.net 00:00:10.40]            at System.Reflection.MethodBaseInvoker.InvokeDirectByRefWithFewArgs(Object obj, Span`1 copyOfArgs, BindingFlags invokeAttr)
[xUnit.net 00:00:10.40]         --- End of stack trace from previous location ---
[xUnit.net 00:00:10.40]            at Microsoft.AspNetCore.Mvc.Testing.DeferredHostBuilder.DeferredHost.StartAsync(CancellationToken cancellationToken)
[xUnit.net 00:00:10.40]            at Microsoft.Extensions.Hosting.HostingAbstractionsHostExtensions.Start(IHost host)
[xUnit.net 00:00:10.40]            at Microsoft.AspNetCore.Mvc.Testing.WebApplicationFactory`1.CreateHost(IHostBuilder builder)
[xUnit.net 00:00:10.40]            at Microsoft.AspNetCore.Mvc.Testing.WebApplicationFactory`1.ConfigureHostBuilder(IHostBuilder hostBuilder)
[xUnit.net 00:00:10.40]            at Microsoft.AspNetCore.Mvc.Testing.WebApplicationFactory`1.StartServer()
[xUnit.net 00:00:10.40]            at Microsoft.AspNetCore.Mvc.Testing.WebApplicationFactory`1.get_Services()
[xUnit.net 00:00:10.40]         /work/tests/Erp.Testing/ErpTestEnvironment.cs(129,0): at Erp.Testing.ErpTestEnvironment.SeedAsync(TestDatabaseServer server, String database, SeedPlan plan, IDictionary`2 settings)
[xUnit.net 00:00:10.40]         /work/tests/Erp.Testing/ErpTestEnvironment.cs(139,0): at Erp.Testing.ErpTestEnvironment.SeedAsync(TestDatabaseServer server, String database, SeedPlan plan, IDictionary`2 settings)
[xUnit.net 00:00:10.40]         /work/tests/Erp.Testing/ErpTestEnvironment.cs(91,0): at Erp.Testing.ErpTestEnvironment.<>c__DisplayClass34_0.<<StartGateAsync>b__0>d.MoveNext()
[xUnit.net 00:00:10.40]         --- End of stack trace from previous location ---
[xUnit.net 00:00:10.40]         /work/tests/Erp.Testing/TestDatabaseServer.cs(160,0): at Erp.Testing.TestDatabaseServer.<>c__DisplayClass25_0.<<GateTemplateAsync>b__3>d.MoveNext()
[xUnit.net 00:00:10.40]         --- End of stack trace from previous location ---
[xUnit.net 00:00:10.40]         /work/tests/Erp.Testing/TestDatabaseServer.cs(165,0): at Erp.Testing.TestDatabaseServer.GateTemplateAsync(IDictionary`2 settings, Func`2 seed)
[xUnit.net 00:00:10.40]         /work/tests/Erp.Testing/ErpTestEnvironment.cs(88,0): at Erp.Testing.ErpTestEnvironment.StartGateAsync(IDictionary`2 settings)
[xUnit.net 00:00:10.40]         /work/tests/Erp.Gates.Tests/Infrastructure/GateFixture.cs(17,0): at Erp.Gates.Tests.Infrastructure.GateFixture.InitializeAsync()
[xUnit.net 00:00:10.40]     Erp.Gates.Tests.G2.G2PermissionTests.Users_cannot_escalate_their_own_privileges [FAIL]
[xUnit.net 00:00:10.40]       Assembly fixture type 'Erp.Gates.Tests.Infrastructure.GateFixture' threw in InitializeAsync
[xUnit.net 00:00:10.40]       ---- System.InvalidOperationException : Endpoint authorisation is incomplete:
[xUnit.net 00:00:10.40]       HTTP: GET /api/tenancy/tenant => GetTenant: declares 'tenancy.tenant.read' but no authorization policy on it requires that permission; use RequirePermission
[xUnit.net 00:00:10.40]       HTTP: GET /api/tenancy/companies => List: declares 'tenancy.companies.read' but no authorization policy on it requires that permission; use RequirePermission
[xUnit.net 00:00:10.40]       HTTP: GET /api/tenancy/companies/{id:guid} => Get: declares 'tenancy.companies.read' but no authorization policy on it requires that permission; use RequirePermission
[xUnit.net 00:00:10.40]       HTTP: GET /api/tenancy/companies/{id:guid}/logo => GetLogo: declares 'tenancy.companies.read' but no authorization policy on it requires that permission; use RequirePermission
[xUnit.net 00:00:10.40]       HTTP: GET /api/tenancy/branches => List: declares 'tenancy.branches.read' but no authorization policy on it requires that permission; use RequirePermission
[xUnit.net 00:00:10.40]       HTTP: GET /api/tenancy/branches/{id:guid} => Get: declares 'tenancy.branches.read' but no authorization policy on it requires that permission; use RequirePermission
[xUnit.net 00:00:10.40]       HTTP: GET /api/tenancy/access => List: declares 'tenancy.access.read' but no authorization policy on it requires that permission; use RequirePermission
[xUnit.net 00:00:10.40]       HTTP: GET /api/tenancy/access/{userId:guid} => Get: declares 'tenancy.access.read' but no authorization policy on it requires that permission; use RequirePermission
[xUnit.net 00:00:10.40]       HTTP: GET /api/tenancy/workplace => Get: declares 'tenancy.workplace.read' but no authorization policy on it requires that permission; use RequirePermission
[xUnit.net 00:00:10.40]       HTTP: GET /api/identity/users => List: declares 'identity.users.read' but no authorization policy on it requires that permission; use RequirePermission
[xUnit.net 00:00:10.40]       HTTP: GET /api/identity/users/{id:guid} => Get: declares 'identity.users.read' but no authorization policy on it requires that permission; use RequirePermission
[xUnit.net 00:00:10.40]       HTTP: GET /api/identity/users/{id:guid}/access => Access: declares 'identity.users.read' but no authorization policy on it requires that permission; use RequirePermission
[xUnit.net 00:00:10.40]       HTTP: GET /api/identity/users/{id:guid}/default-company => GetDefaultCompany: declares 'identity.users.read' but no authorization policy on it requires that permission; use RequirePermission
[xUnit.net 00:00:10.40]       HTTP: GET /api/identity/companies => Companies: declares 'identity.users.read' but no authorization policy on it requires that permission; use RequirePermission
[xUnit.net 00:00:10.40]       HTTP: GET /api/identity/users/{id:guid}/sign-ins => SignIns: declares 'identity.signIns.read' but no authorization policy on it requires that permission; use RequirePermission
[xUnit.net 00:00:10.40]       HTTP: GET /api/identity/roles => List: declares 'identity.roles.read' but no authorization policy on it requires that permission; use RequirePermission
[xUnit.net 00:00:10.40]       HTTP: GET /api/identity/roles/{id:guid} => Get: declares 'identity.roles.read' but no authorization policy on it requires that permission; use RequirePermission
[xUnit.net 00:00:10.40]       HTTP: GET /api/identity/permissions => Permissions: declares 'identity.roles.read' but no authorization policy on it requires that permission; use RequirePermission
[xUnit.net 00:00:10.40]       HTTP: GET /api/identity/users/{id:guid}/passkeys => OfUser: declares 'identity.users.read' but no authorization policy on it requires that permission; use RequirePermission
[xUnit.net 00:00:10.40]       HTTP: GET /api/lists/tenancy.companies/definition: declares 'tenancy.companies.read' but no authorization policy on it requires that permission; use RequirePermission
[xUnit.net 00:00:10.40]       HTTP: GET /api/lists/tenancy.companies/views: declares 'tenancy.companies.read' but no authorization policy on it requires that permission; use RequirePermission
[xUnit.net 00:00:10.40]       HTTP: GET /api/lists/tenancy.companies/views/{id:guid}: declares 'tenancy.companies.read' but no authorization policy on it requires that permission; use RequirePermission
[xUnit.net 00:00:10.40]       HTTP: POST /api/lists/tenancy.companies/views: declares 'tenancy.companies.read' but no authorization policy on it requires that permission; use RequirePermission
[xUnit.net 00:00:10.40]       HTTP: PUT /api/lists/tenancy.companies/views/{id:guid}: declares 'tenancy.companies.read' but no authorization policy on it requires that permission; use RequirePermission
[xUnit.net 00:00:10.40]       HTTP: DELETE /api/lists/tenancy.companies/views/{id:guid}: declares 'tenancy.companies.read' but no authorization policy on it requires that permission; use RequirePermission
[xUnit.net 00:00:10.40]       HTTP: GET /api/lists/tenancy.companies/shared-views/{id:guid}: declares 'tenancy.companies.read' but no authorization policy on it requires that permission; use RequirePermission
[xUnit.net 00:00:10.40]       HTTP: GET /api/lists/tenancy.branches/definition: declares 'tenancy.branches.read' but no authorization policy on it requires that permission; use RequirePermission
[xUnit.net 00:00:10.40]       HTTP: GET /api/lists/tenancy.branches/views: declares 'tenancy.branches.read' but no authorization policy on it requires that permission; use RequirePermission
[xUnit.net 00:00:10.40]       HTTP: GET /api/lists/tenancy.branches/views/{id:guid}: declares 'tenancy.branches.read' but no authorization policy on it requires that permission; use RequirePermission
[xUnit.net 00:00:10.40]       HTTP: POST /api/lists/tenancy.branches/views: declares 'tenancy.branches.read' but no authorization policy on it requires that permission; use RequirePermission
[xUnit.net 00:00:10.40]       HTTP: PUT /api/lists/tenancy.branches/views/{id:guid}: declares 'tenancy.branches.read' but no authorization policy on it requires that permission; use RequirePermission
[xUnit.net 00:00:10.40]       HTTP: DELETE /api/lists/tenancy.branches/views/{id:guid}: declares 'tenancy.branches.read' but no authorization policy on it requires that permission; use RequirePermission
[xUnit.net 00:00:10.40]       HTTP: GET /api/lists/tenancy.branches/shared-views/{id:guid}: declares 'tenancy.branches.read' but no authorization policy on it requires that permission; use RequirePermission
[xUnit.net 00:00:10.40]       HTTP: GET /api/lists/tenancy.access/definition: declares 'tenancy.access.read' but no authorization policy on it requires that permission; use RequirePermission
[xUnit.net 00:00:10.40]       HTTP: GET /api/lists/tenancy.access/views: declares 'tenancy.access.read' but no authorization policy on it requires that permission; use RequirePermission
[xUnit.net 00:00:10.40]       HTTP: GET /api/lists/tenancy.access/views/{id:guid}: declares 'tenancy.access.read' but no authorization policy on it requires that permission; use RequirePermission
[xUnit.net 00:00:10.40]       HTTP: POST /api/lists/tenancy.access/views: declares 'tenancy.access.read' but no authorization policy on it requires that permission; use RequirePermission
[xUnit.net 00:00:10.40]       HTTP: PUT /api/lists/tenancy.access/views/{id:guid}: declares 'tenancy.access.read' but no authorization policy on it requires that permission; use RequirePermission
[xUnit.net 00:00:10.40]       HTTP: DELETE /api/lists/tenancy.access/views/{id:guid}: declares 'tenancy.access.read' but no authorization policy on it requires that permission; use RequirePermission
[xUnit.net 00:00:10.40]       HTTP: GET /api/lists/tenancy.access/shared-views/{id:guid}: declares 'tenancy.access.read' but no authorization policy on it requires that permission; use RequirePermission
[xUnit.net 00:00:10.40]       HTTP: GET /api/lists/identity.users/definition: declares 'identity.users.read' but no authorization policy on it requires that permission; use RequirePermission
[xUnit.net 00:00:10.40]       HTTP: GET /api/lists/identity.users/views: declares 'identity.users.read' but no authorization policy on it requires that permission; use RequirePermission
[xUnit.net 00:00:10.40]       HTTP: GET /api/lists/identity.users/views/{id:guid}: declares 'identity.users.read' but no authorization policy on it requires that permission; use RequirePermission
[xUnit.net 00:00:10.40]       HTTP: POST /api/lists/identity.users/views: declares 'identity.users.read' but no authorization policy on it requires that permission; use RequirePermission
[xUnit.net 00:00:10.40]       HTTP: PUT /api/lists/identity.users/views/{id:guid}: declares 'identity.users.read' but no authorization policy on it requires that permission; use RequirePermission
[xUnit.net 00:00:10.40]       HTTP: DELETE /api/lists/identity.users/views/{id:guid}: declares 'identity.users.read' but no authorization policy on it requires that permission; use RequirePermission
[xUnit.net 00:00:10.40]       HTTP: GET /api/lists/identity.users/shared-views/{id:guid}: declares 'identity.users.read' but no authorization policy on it requires that permission; use RequirePermission
[xUnit.net 00:00:10.40]       HTTP: GET /api/lists/identity.roles/definition: declares 'identity.roles.read' but no authorization policy on it requires that permission; use RequirePermission
[xUnit.net 00:00:10.40]       HTTP: GET /api/lists/identity.roles/views: declares 'identity.roles.read' but no authorization policy on it requires that permission; use RequirePermission
[xUnit.net 00:00:10.40]       HTTP: GET /api/lists/identity.roles/views/{id:guid}: declares 'identity.roles.read' but no authorization policy on it requires that permission; use RequirePermission
[xUnit.net 00:00:10.40]       HTTP: POST /api/lists/identity.roles/views: declares 'identity.roles.read' but no authorization policy on it requires that permission; use RequirePermission
[xUnit.net 00:00:10.40]       HTTP: PUT /api/lists/identity.roles/views/{id:guid}: declares 'identity.roles.read' but no authorization policy on it requires that permission; use RequirePermission
[xUnit.net 00:00:10.40]       HTTP: DELETE /api/lists/identity.roles/views/{id:guid}: declares 'identity.roles.read' but no authorization policy on it requires that permission; use RequirePermission
[xUnit.net 00:00:10.40]       HTTP: GET /api/lists/identity.roles/shared-views/{id:guid}: declares 'identity.roles.read' but no authorization policy on it requires that permission; use RequirePermission
[xUnit.net 00:00:10.40]       HTTP: GET /api/reports/catalog => Catalog: declares 'reports.catalog.read' but no authorization policy on it requires that permission; use RequirePermission
[xUnit.net 00:00:10.40]       HTTP: GET /api/reports/run/tenancy.companyProfile: declares 'tenancy.companies.read' but no authorization policy on it requires that permission; use RequirePermission
[xUnit.net 00:00:10.40]       HTTP: GET /api/reports/run/tenancy.branchDirectory: declares 'tenancy.branches.read' but no authorization policy on it requires that permission; use RequirePermission
[xUnit.net 00:00:10.40]       HTTP: GET /api/reports/run/identity.usersByRole: declares 'identity.users.read' but no authorization policy on it requires that permission; use RequirePermission
[xUnit.net 00:00:10.40]       HTTP: GET /api/reports/run/identity.roleSummary: declares 'identity.roles.read' but no authorization policy on it requires that permission; use RequirePermission
[xUnit.net 00:00:10.40]       HTTP: GET /api/reports/lists/tenancy.companies: declares 'tenancy.companies.read' but no authorization policy on it requires that permission; use RequirePermission
[xUnit.net 00:00:10.40]       HTTP: GET /api/reports/lists/tenancy.branches: declares 'tenancy.branches.read' but no authorization policy on it requires that permission; use RequirePermission
[xUnit.net 00:00:10.40]       HTTP: GET /api/reports/lists/tenancy.access: declares 'tenancy.access.read' but no authorization policy on it requires that permission; use RequirePermission
[xUnit.net 00:00:10.40]       HTTP: GET /api/reports/lists/identity.users: declares 'identity.users.read' but no authorization policy on it requires that permission; use RequirePermission
[xUnit.net 00:00:10.40]       HTTP: GET /api/reports/lists/identity.roles: declares 'identity.roles.read' but no authorization policy on it requires that permission; use RequirePermission
[xUnit.net 00:00:10.40]       Stack Trace:
[xUnit.net 00:00:10.40]         
[xUnit.net 00:00:10.40]         ----- Inner Stack Trace -----
[xUnit.net 00:00:10.40]         /work/src/Kernel/Erp.Kernel/Hosting/ErpPlatform.cs(251,0): at Erp.Kernel.Hosting.ErpPlatform.ValidateEndpoints(WebApplication app)
[xUnit.net 00:00:10.40]         /work/src/Kernel/Erp.Kernel/Hosting/ErpPlatform.cs(204,0): at Erp.Kernel.Hosting.ErpPlatform.UseErpPlatform(WebApplication app)
[xUnit.net 00:00:10.40]         /work/src/Host/Erp.Host/Program.cs(8,0): at Program.<Main>$(String[] args)
[xUnit.net 00:00:10.40]            at Program.<Main>(String[] args)
[xUnit.net 00:00:10.40]            at System.Reflection.MethodBaseInvoker.InterpretedInvoke_Method(Object obj, IntPtr* args)
[xUnit.net 00:00:10.40]            at System.Reflection.MethodBaseInvoker.InvokeDirectByRefWithFewArgs(Object obj, Span`1 copyOfArgs, BindingFlags invokeAttr)
[xUnit.net 00:00:10.40]         --- End of stack trace from previous location ---
[xUnit.net 00:00:10.40]            at Microsoft.AspNetCore.Mvc.Testing.DeferredHostBuilder.DeferredHost.StartAsync(CancellationToken cancellationToken)
[xUnit.net 00:00:10.40]            at Microsoft.Extensions.Hosting.HostingAbstractionsHostExtensions.Start(IHost host)
[xUnit.net 00:00:10.40]            at Microsoft.AspNetCore.Mvc.Testing.WebApplicationFactory`1.CreateHost(IHostBuilder builder)
[xUnit.net 00:00:10.40]            at Microsoft.AspNetCore.Mvc.Testing.WebApplicationFactory`1.ConfigureHostBuilder(IHostBuilder hostBuilder)
[xUnit.net 00:00:10.40]            at Microsoft.AspNetCore.Mvc.Testing.WebApplicationFactory`1.StartServer()
[xUnit.net 00:00:10.40]            at Microsoft.AspNetCore.Mvc.Testing.WebApplicationFactory`1.get_Services()
[xUnit.net 00:00:10.40]         /work/tests/Erp.Testing/ErpTestEnvironment.cs(129,0): at Erp.Testing.ErpTestEnvironment.SeedAsync(TestDatabaseServer server, String database, SeedPlan plan, IDictionary`2 settings)
[xUnit.net 00:00:10.40]         /work/tests/Erp.Testing/ErpTestEnvironment.cs(139,0): at Erp.Testing.ErpTestEnvironment.SeedAsync(TestDatabaseServer server, String database, SeedPlan plan, IDictionary`2 settings)
[xUnit.net 00:00:10.40]         /work/tests/Erp.Testing/ErpTestEnvironment.cs(91,0): at Erp.Testing.ErpTestEnvironment.<>c__DisplayClass34_0.<<StartGateAsync>b__0>d.MoveNext()
[xUnit.net 00:00:10.40]         --- End of stack trace from previous location ---
[xUnit.net 00:00:10.40]         /work/tests/Erp.Testing/TestDatabaseServer.cs(160,0): at Erp.Testing.TestDatabaseServer.<>c__DisplayClass25_0.<<GateTemplateAsync>b__3>d.MoveNext()
[xUnit.net 00:00:10.40]         --- End of stack trace from previous location ---
[xUnit.net 00:00:10.40]         /work/tests/Erp.Testing/TestDatabaseServer.cs(165,0): at Erp.Testing.TestDatabaseServer.GateTemplateAsync(IDictionary`2 settings, Func`2 seed)
[xUnit.net 00:00:10.40]         /work/tests/Erp.Testing/ErpTestEnvironment.cs(88,0): at Erp.Testing.ErpTestEnvironment.StartGateAsync(IDictionary`2 settings)
[xUnit.net 00:00:10.40]         /work/tests/Erp.Gates.Tests/Infrastructure/GateFixture.cs(17,0): at Erp.Gates.Tests.Infrastructure.GateFixture.InitializeAsync()
[xUnit.net 00:00:10.41]     Erp.Gates.Tests.G2.G2PermissionTests.Granting_exactly_one_permission_opens_exactly_the_endpoints_that_declare_it [FAIL]
[xUnit.net 00:00:10.41]       Assembly fixture type 'Erp.Gates.Tests.Infrastructure.GateFixture' threw in InitializeAsync
[xUnit.net 00:00:10.41]       ---- System.InvalidOperationException : Endpoint authorisation is incomplete:
[xUnit.net 00:00:10.41]       HTTP: GET /api/tenancy/tenant => GetTenant: declares 'tenancy.tenant.read' but no authorization policy on it requires that permission; use RequirePermission
[xUnit.net 00:00:10.41]       HTTP: GET /api/tenancy/companies => List: declares 'tenancy.companies.read' but no authorization policy on it requires that permission; use RequirePermission
[xUnit.net 00:00:10.41]       HTTP: GET /api/tenancy/companies/{id:guid} => Get: declares 'tenancy.companies.read' but no authorization policy on it requires that permission; use RequirePermission
[xUnit.net 00:00:10.41]       HTTP: GET /api/tenancy/companies/{id:guid}/logo => GetLogo: declares 'tenancy.companies.read' but no authorization policy on it requires that permission; use RequirePermission
[xUnit.net 00:00:10.41]       HTTP: GET /api/tenancy/branches => List: declares 'tenancy.branches.read' but no authorization policy on it requires that permission; use RequirePermission
[xUnit.net 00:00:10.41]       HTTP: GET /api/tenancy/branches/{id:guid} => Get: declares 'tenancy.branches.read' but no authorization policy on it requires that permission; use RequirePermission
[xUnit.net 00:00:10.41]       HTTP: GET /api/tenancy/access => List: declares 'tenancy.access.read' but no authorization policy on it requires that permission; use RequirePermission
[xUnit.net 00:00:10.41]       HTTP: GET /api/tenancy/access/{userId:guid} => Get: declares 'tenancy.access.read' but no authorization policy on it requires that permission; use RequirePermission
[xUnit.net 00:00:10.41]       HTTP: GET /api/tenancy/workplace => Get: declares 'tenancy.workplace.read' but no authorization policy on it requires that permission; use RequirePermission
[xUnit.net 00:00:10.41]       HTTP: GET /api/identity/users => List: declares 'identity.users.read' but no authorization policy on it requires that permission; use RequirePermission
[xUnit.net 00:00:10.41]       HTTP: GET /api/identity/users/{id:guid} => Get: declares 'identity.users.read' but no authorization policy on it requires that permission; use RequirePermission
[xUnit.net 00:00:10.41]       HTTP: GET /api/identity/users/{id:guid}/access => Access: declares 'identity.users.read' but no authorization policy on it requires that permission; use RequirePermission
[xUnit.net 00:00:10.41]       HTTP: GET /api/identity/users/{id:guid}/default-company => GetDefaultCompany: declares 'identity.users.read' but no authorization policy on it requires that permission; use RequirePermission
[xUnit.net 00:00:10.41]       HTTP: GET /api/identity/companies => Companies: declares 'identity.users.read' but no authorization policy on it requires that permission; use RequirePermission
[xUnit.net 00:00:10.41]       HTTP: GET /api/identity/users/{id:guid}/sign-ins => SignIns: declares 'identity.signIns.read' but no authorization policy on it requires that permission; use RequirePermission
[xUnit.net 00:00:10.41]       HTTP: GET /api/identity/roles => List: declares 'identity.roles.read' but no authorization policy on it requires that permission; use RequirePermission
[xUnit.net 00:00:10.41]       HTTP: GET /api/identity/roles/{id:guid} => Get: declares 'identity.roles.read' but no authorization policy on it requires that permission; use RequirePermission
[xUnit.net 00:00:10.41]       HTTP: GET /api/identity/permissions => Permissions: declares 'identity.roles.read' but no authorization policy on it requires that permission; use RequirePermission
[xUnit.net 00:00:10.41]       HTTP: GET /api/identity/users/{id:guid}/passkeys => OfUser: declares 'identity.users.read' but no authorization policy on it requires that permission; use RequirePermission
[xUnit.net 00:00:10.41]       HTTP: GET /api/lists/tenancy.companies/definition: declares 'tenancy.companies.read' but no authorization policy on it requires that permission; use RequirePermission
[xUnit.net 00:00:10.41]       HTTP: GET /api/lists/tenancy.companies/views: declares 'tenancy.companies.read' but no authorization policy on it requires that permission; use RequirePermission
[xUnit.net 00:00:10.41]       HTTP: GET /api/lists/tenancy.companies/views/{id:guid}: declares 'tenancy.companies.read' but no authorization policy on it requires that permission; use RequirePermission
[xUnit.net 00:00:10.41]       HTTP: POST /api/lists/tenancy.companies/views: declares 'tenancy.companies.read' but no authorization policy on it requires that permission; use RequirePermission
[xUnit.net 00:00:10.41]       HTTP: PUT /api/lists/tenancy.companies/views/{id:guid}: declares 'tenancy.companies.read' but no authorization policy on it requires that permission; use RequirePermission
[xUnit.net 00:00:10.41]       HTTP: DELETE /api/lists/tenancy.companies/views/{id:guid}: declares 'tenancy.companies.read' but no authorization policy on it requires that permission; use RequirePermission
[xUnit.net 00:00:10.41]       HTTP: GET /api/lists/tenancy.companies/shared-views/{id:guid}: declares 'tenancy.companies.read' but no authorization policy on it requires that permission; use RequirePermission
[xUnit.net 00:00:10.41]       HTTP: GET /api/lists/tenancy.branches/definition: declares 'tenancy.branches.read' but no authorization policy on it requires that permission; use RequirePermission
[xUnit.net 00:00:10.41]       HTTP: GET /api/lists/tenancy.branches/views: declares 'tenancy.branches.read' but no authorization policy on it requires that permission; use RequirePermission
[xUnit.net 00:00:10.41]       HTTP: GET /api/lists/tenancy.branches/views/{id:guid}: declares 'tenancy.branches.read' but no authorization policy on it requires that permission; use RequirePermission
[xUnit.net 00:00:10.41]       HTTP: POST /api/lists/tenancy.branches/views: declares 'tenancy.branches.read' but no authorization policy on it requires that permission; use RequirePermission
[xUnit.net 00:00:10.41]       HTTP: PUT /api/lists/tenancy.branches/views/{id:guid}: declares 'tenancy.branches.read' but no authorization policy on it requires that permission; use RequirePermission
[xUnit.net 00:00:10.41]       HTTP: DELETE /api/lists/tenancy.branches/views/{id:guid}: declares 'tenancy.branches.read' but no authorization policy on it requires that permission; use RequirePermission
[xUnit.net 00:00:10.41]       HTTP: GET /api/lists/tenancy.branches/shared-views/{id:guid}: declares 'tenancy.branches.read' but no authorization policy on it requires that permission; use RequirePermission
[xUnit.net 00:00:10.41]       HTTP: GET /api/lists/tenancy.access/definition: declares 'tenancy.access.read' but no authorization policy on it requires that permission; use RequirePermission
[xUnit.net 00:00:10.41]       HTTP: GET /api/lists/tenancy.access/views: declares 'tenancy.access.read' but no authorization policy on it requires that permission; use RequirePermission
[xUnit.net 00:00:10.41]       HTTP: GET /api/lists/tenancy.access/views/{id:guid}: declares 'tenancy.access.read' but no authorization policy on it requires that permission; use RequirePermission
[xUnit.net 00:00:10.41]       HTTP: POST /api/lists/tenancy.access/views: declares 'tenancy.access.read' but no authorization policy on it requires that permission; use RequirePermission
[xUnit.net 00:00:10.41]       HTTP: PUT /api/lists/tenancy.access/views/{id:guid}: declares 'tenancy.access.read' but no authorization policy on it requires that permission; use RequirePermission
[xUnit.net 00:00:10.41]       HTTP: DELETE /api/lists/tenancy.access/views/{id:guid}: declares 'tenancy.access.read' but no authorization policy on it requires that permission; use RequirePermission
[xUnit.net 00:00:10.41]       HTTP: GET /api/lists/tenancy.access/shared-views/{id:guid}: declares 'tenancy.access.read' but no authorization policy on it requires that permission; use RequirePermission
[xUnit.net 00:00:10.41]       HTTP: GET /api/lists/identity.users/definition: declares 'identity.users.read' but no authorization policy on it requires that permission; use RequirePermission
[xUnit.net 00:00:10.41]       HTTP: GET /api/lists/identity.users/views: declares 'identity.users.read' but no authorization policy on it requires that permission; use RequirePermission
[xUnit.net 00:00:10.41]       HTTP: GET /api/lists/identity.users/views/{id:guid}: declares 'identity.users.read' but no authorization policy on it requires that permission; use RequirePermission
[xUnit.net 00:00:10.41]       HTTP: POST /api/lists/identity.users/views: declares 'identity.users.read' but no authorization policy on it requires that permission; use RequirePermission
[xUnit.net 00:00:10.41]       HTTP: PUT /api/lists/identity.users/views/{id:guid}: declares 'identity.users.read' but no authorization policy on it requires that permission; use RequirePermission
[xUnit.net 00:00:10.41]       HTTP: DELETE /api/lists/identity.users/views/{id:guid}: declares 'identity.users.read' but no authorization policy on it requires that permission; use RequirePermission
[xUnit.net 00:00:10.41]       HTTP: GET /api/lists/identity.users/shared-views/{id:guid}: declares 'identity.users.read' but no authorization policy on it requires that permission; use RequirePermission
[xUnit.net 00:00:10.41]       HTTP: GET /api/lists/identity.roles/definition: declares 'identity.roles.read' but no authorization policy on it requires that permission; use RequirePermission
[xUnit.net 00:00:10.41]       HTTP: GET /api/lists/identity.roles/views: declares 'identity.roles.read' but no authorization policy on it requires that permission; use RequirePermission
[xUnit.net 00:00:10.41]       HTTP: GET /api/lists/identity.roles/views/{id:guid}: declares 'identity.roles.read' but no authorization policy on it requires that permission; use RequirePermission
[xUnit.net 00:00:10.41]       HTTP: POST /api/lists/identity.roles/views: declares 'identity.roles.read' but no authorization policy on it requires that permission; use RequirePermission
[xUnit.net 00:00:10.41]       HTTP: PUT /api/lists/identity.roles/views/{id:guid}: declares 'identity.roles.read' but no authorization policy on it requires that permission; use RequirePermission
[xUnit.net 00:00:10.41]       HTTP: DELETE /api/lists/identity.roles/views/{id:guid}: declares 'identity.roles.read' but no authorization policy on it requires that permission; use RequirePermission
[xUnit.net 00:00:10.41]       HTTP: GET /api/lists/identity.roles/shared-views/{id:guid}: declares 'identity.roles.read' but no authorization policy on it requires that permission; use RequirePermission
[xUnit.net 00:00:10.41]       HTTP: GET /api/reports/catalog => Catalog: declares 'reports.catalog.read' but no authorization policy on it requires that permission; use RequirePermission
[xUnit.net 00:00:10.41]       HTTP: GET /api/reports/run/tenancy.companyProfile: declares 'tenancy.companies.read' but no authorization policy on it requires that permission; use RequirePermission
[xUnit.net 00:00:10.41]       HTTP: GET /api/reports/run/tenancy.branchDirectory: declares 'tenancy.branches.read' but no authorization policy on it requires that permission; use RequirePermission
[xUnit.net 00:00:10.41]       HTTP: GET /api/reports/run/identity.usersByRole: declares 'identity.users.read' but no authorization policy on it requires that permission; use RequirePermission
[xUnit.net 00:00:10.41]       HTTP: GET /api/reports/run/identity.roleSummary: declares 'identity.roles.read' but no authorization policy on it requires that permission; use RequirePermission
[xUnit.net 00:00:10.41]       HTTP: GET /api/reports/lists/tenancy.companies: declares 'tenancy.companies.read' but no authorization policy on it requires that permission; use RequirePermission
[xUnit.net 00:00:10.41]       HTTP: GET /api/reports/lists/tenancy.branches: declares 'tenancy.branches.read' but no authorization policy on it requires that permission; use RequirePermission
[xUnit.net 00:00:10.41]       HTTP: GET /api/reports/lists/tenancy.access: declares 'tenancy.access.read' but no authorization policy on it requires that permission; use RequirePermission
[xUnit.net 00:00:10.41]       HTTP: GET /api/reports/lists/identity.users: declares 'identity.users.read' but no authorization policy on it requires that permission; use RequirePermission
[xUnit.net 00:00:10.41]       HTTP: GET /api/reports/lists/identity.roles: declares 'identity.roles.read' but no authorization policy on it requires that permission; use RequirePermission
[xUnit.net 00:00:10.41]       Stack Trace:
[xUnit.net 00:00:10.41]         
[xUnit.net 00:00:10.41]         ----- Inner Stack Trace -----
[xUnit.net 00:00:10.41]         /work/src/Kernel/Erp.Kernel/Hosting/ErpPlatform.cs(251,0): at Erp.Kernel.Hosting.ErpPlatform.ValidateEndpoints(WebApplication app)
[xUnit.net 00:00:10.41]         /work/src/Kernel/Erp.Kernel/Hosting/ErpPlatform.cs(204,0): at Erp.Kernel.Hosting.ErpPlatform.UseErpPlatform(WebApplication app)
[xUnit.net 00:00:10.41]         /work/src/Host/Erp.Host/Program.cs(8,0): at Program.<Main>$(String[] args)
[xUnit.net 00:00:10.41]            at Program.<Main>(String[] args)
[xUnit.net 00:00:10.41]            at System.Reflection.MethodBaseInvoker.InterpretedInvoke_Method(Object obj, IntPtr* args)
[xUnit.net 00:00:10.41]            at System.Reflection.MethodBaseInvoker.InvokeDirectByRefWithFewArgs(Object obj, Span`1 copyOfArgs, BindingFlags invokeAttr)
[xUnit.net 00:00:10.41]         --- End of stack trace from previous location ---
[xUnit.net 00:00:10.41]            at Microsoft.AspNetCore.Mvc.Testing.DeferredHostBuilder.DeferredHost.StartAsync(CancellationToken cancellationToken)
[xUnit.net 00:00:10.41]            at Microsoft.Extensions.Hosting.HostingAbstractionsHostExtensions.Start(IHost host)
[xUnit.net 00:00:10.41]            at Microsoft.AspNetCore.Mvc.Testing.WebApplicationFactory`1.CreateHost(IHostBuilder builder)
[xUnit.net 00:00:10.41]            at Microsoft.AspNetCore.Mvc.Testing.WebApplicationFactory`1.ConfigureHostBuilder(IHostBuilder hostBuilder)
[xUnit.net 00:00:10.41]            at Microsoft.AspNetCore.Mvc.Testing.WebApplicationFactory`1.StartServer()
[xUnit.net 00:00:10.41]            at Microsoft.AspNetCore.Mvc.Testing.WebApplicationFactory`1.get_Services()
[xUnit.net 00:00:10.41]         /work/tests/Erp.Testing/ErpTestEnvironment.cs(129,0): at Erp.Testing.ErpTestEnvironment.SeedAsync(TestDatabaseServer server, String database, SeedPlan plan, IDictionary`2 settings)
[xUnit.net 00:00:10.41]         /work/tests/Erp.Testing/ErpTestEnvironment.cs(139,0): at Erp.Testing.ErpTestEnvironment.SeedAsync(TestDatabaseServer server, String database, SeedPlan plan, IDictionary`2 settings)
[xUnit.net 00:00:10.41]         /work/tests/Erp.Testing/ErpTestEnvironment.cs(91,0): at Erp.Testing.ErpTestEnvironment.<>c__DisplayClass34_0.<<StartGateAsync>b__0>d.MoveNext()
[xUnit.net 00:00:10.41]         --- End of stack trace from previous location ---
[xUnit.net 00:00:10.41]         /work/tests/Erp.Testing/TestDatabaseServer.cs(160,0): at Erp.Testing.TestDatabaseServer.<>c__DisplayClass25_0.<<GateTemplateAsync>b__3>d.MoveNext()
[xUnit.net 00:00:10.41]         --- End of stack trace from previous location ---
[xUnit.net 00:00:10.41]         /work/tests/Erp.Testing/TestDatabaseServer.cs(165,0): at Erp.Testing.TestDatabaseServer.GateTemplateAsync(IDictionary`2 settings, Func`2 seed)
[xUnit.net 00:00:10.41]         /work/tests/Erp.Testing/ErpTestEnvironment.cs(88,0): at Erp.Testing.ErpTestEnvironment.StartGateAsync(IDictionary`2 settings)
[xUnit.net 00:00:10.41]         /work/tests/Erp.Gates.Tests/Infrastructure/GateFixture.cs(17,0): at Erp.Gates.Tests.Infrastructure.GateFixture.InitializeAsync()
[xUnit.net 00:00:10.41]     Erp.Gates.Tests.G2.G2PermissionTests.A_user_whose_roles_grant_nothing_is_denied_everything_and_sees_no_menu [FAIL]
[xUnit.net 00:00:10.41]       Assembly fixture type 'Erp.Gates.Tests.Infrastructure.GateFixture' threw in InitializeAsync
[xUnit.net 00:00:10.41]       ---- System.InvalidOperationException : Endpoint authorisation is incomplete:
[xUnit.net 00:00:10.41]       HTTP: GET /api/tenancy/tenant => GetTenant: declares 'tenancy.tenant.read' but no authorization policy on it requires that permission; use RequirePermission
[xUnit.net 00:00:10.41]       HTTP: GET /api/tenancy/companies => List: declares 'tenancy.companies.read' but no authorization policy on it requires that permission; use RequirePermission
[xUnit.net 00:00:10.41]       HTTP: GET /api/tenancy/companies/{id:guid} => Get: declares 'tenancy.companies.read' but no authorization policy on it requires that permission; use RequirePermission
[xUnit.net 00:00:10.41]       HTTP: GET /api/tenancy/companies/{id:guid}/logo => GetLogo: declares 'tenancy.companies.read' but no authorization policy on it requires that permission; use RequirePermission
[xUnit.net 00:00:10.41]       HTTP: GET /api/tenancy/branches => List: declares 'tenancy.branches.read' but no authorization policy on it requires that permission; use RequirePermission
[xUnit.net 00:00:10.41]       HTTP: GET /api/tenancy/branches/{id:guid} => Get: declares 'tenancy.branches.read' but no authorization policy on it requires that permission; use RequirePermission
[xUnit.net 00:00:10.41]       HTTP: GET /api/tenancy/access => List: declares 'tenancy.access.read' but no authorization policy on it requires that permission; use RequirePermission
[xUnit.net 00:00:10.41]       HTTP: GET /api/tenancy/access/{userId:guid} => Get: declares 'tenancy.access.read' but no authorization policy on it requires that permission; use RequirePermission
[xUnit.net 00:00:10.41]       HTTP: GET /api/tenancy/workplace => Get: declares 'tenancy.workplace.read' but no authorization policy on it requires that permission; use RequirePermission
[xUnit.net 00:00:10.41]       HTTP: GET /api/identity/users => List: declares 'identity.users.read' but no authorization policy on it requires that permission; use RequirePermission
[xUnit.net 00:00:10.41]       HTTP: GET /api/identity/users/{id:guid} => Get: declares 'identity.users.read' but no authorization policy on it requires that permission; use RequirePermission
[xUnit.net 00:00:10.41]       HTTP: GET /api/identity/users/{id:guid}/access => Access: declares 'identity.users.read' but no authorization policy on it requires that permission; use RequirePermission
[xUnit.net 00:00:10.41]       HTTP: GET /api/identity/users/{id:guid}/default-company => GetDefaultCompany: declares 'identity.users.read' but no authorization policy on it requires that permission; use RequirePermission
[xUnit.net 00:00:10.41]       HTTP: GET /api/identity/companies => Companies: declares 'identity.users.read' but no authorization policy on it requires that permission; use RequirePermission
[xUnit.net 00:00:10.41]       HTTP: GET /api/identity/users/{id:guid}/sign-ins => SignIns: declares 'identity.signIns.read' but no authorization policy on it requires that permission; use RequirePermission
[xUnit.net 00:00:10.41]       HTTP: GET /api/identity/roles => List: declares 'identity.roles.read' but no authorization policy on it requires that permission; use RequirePermission
[xUnit.net 00:00:10.41]       HTTP: GET /api/identity/roles/{id:guid} => Get: declares 'identity.roles.read' but no authorization policy on it requires that permission; use RequirePermission
[xUnit.net 00:00:10.41]       HTTP: GET /api/identity/permissions => Permissions: declares 'identity.roles.read' but no authorization policy on it requires that permission; use RequirePermission
[xUnit.net 00:00:10.41]       HTTP: GET /api/identity/users/{id:guid}/passkeys => OfUser: declares 'identity.users.read' but no authorization policy on it requires that permission; use RequirePermission
[xUnit.net 00:00:10.41]       HTTP: GET /api/lists/tenancy.companies/definition: declares 'tenancy.companies.read' but no authorization policy on it requires that permission; use RequirePermission
[xUnit.net 00:00:10.41]       HTTP: GET /api/lists/tenancy.companies/views: declares 'tenancy.companies.read' but no authorization policy on it requires that permission; use RequirePermission
[xUnit.net 00:00:10.41]       HTTP: GET /api/lists/tenancy.companies/views/{id:guid}: declares 'tenancy.companies.read' but no authorization policy on it requires that permission; use RequirePermission
[xUnit.net 00:00:10.41]       HTTP: POST /api/lists/tenancy.companies/views: declares 'tenancy.companies.read' but no authorization policy on it requires that permission; use RequirePermission
[xUnit.net 00:00:10.41]       HTTP: PUT /api/lists/tenancy.companies/views/{id:guid}: declares 'tenancy.companies.read' but no authorization policy on it requires that permission; use RequirePermission
[xUnit.net 00:00:10.41]       HTTP: DELETE /api/lists/tenancy.companies/views/{id:guid}: declares 'tenancy.companies.read' but no authorization policy on it requires that permission; use RequirePermission
[xUnit.net 00:00:10.41]       HTTP: GET /api/lists/tenancy.companies/shared-views/{id:guid}: declares 'tenancy.companies.read' but no authorization policy on it requires that permission; use RequirePermission
[xUnit.net 00:00:10.41]       HTTP: GET /api/lists/tenancy.branches/definition: declares 'tenancy.branches.read' but no authorization policy on it requires that permission; use RequirePermission
[xUnit.net 00:00:10.41]       HTTP: GET /api/lists/tenancy.branches/views: declares 'tenancy.branches.read' but no authorization policy on it requires that permission; use RequirePermission
[xUnit.net 00:00:10.41]       HTTP: GET /api/lists/tenancy.branches/views/{id:guid}: declares 'tenancy.branches.read' but no authorization policy on it requires that permission; use RequirePermission
[xUnit.net 00:00:10.41]       HTTP: POST /api/lists/tenancy.branches/views: declares 'tenancy.branches.read' but no authorization policy on it requires that permission; use RequirePermission
[xUnit.net 00:00:10.41]       HTTP: PUT /api/lists/tenancy.branches/views/{id:guid}: declares 'tenancy.branches.read' but no authorization policy on it requires that permission; use RequirePermission
[xUnit.net 00:00:10.41]       HTTP: DELETE /api/lists/tenancy.branches/views/{id:guid}: declares 'tenancy.branches.read' but no authorization policy on it requires that permission; use RequirePermission
[xUnit.net 00:00:10.41]       HTTP: GET /api/lists/tenancy.branches/shared-views/{id:guid}: declares 'tenancy.branches.read' but no authorization policy on it requires that permission; use RequirePermission
[xUnit.net 00:00:10.41]       HTTP: GET /api/lists/tenancy.access/definition: declares 'tenancy.access.read' but no authorization policy on it requires that permission; use RequirePermission
[xUnit.net 00:00:10.41]       HTTP: GET /api/lists/tenancy.access/views: declares 'tenancy.access.read' but no authorization policy on it requires that permission; use RequirePermission
[xUnit.net 00:00:10.41]       HTTP: GET /api/lists/tenancy.access/views/{id:guid}: declares 'tenancy.access.read' but no authorization policy on it requires that permission; use RequirePermission
[xUnit.net 00:00:10.41]       HTTP: POST /api/lists/tenancy.access/views: declares 'tenancy.access.read' but no authorization policy on it requires that permission; use RequirePermission
[xUnit.net 00:00:10.41]       HTTP: PUT /api/lists/tenancy.access/views/{id:guid}: declares 'tenancy.access.read' but no authorization policy on it requires that permission; use RequirePermission
[xUnit.net 00:00:10.41]       HTTP: DELETE /api/lists/tenancy.access/views/{id:guid}: declares 'tenancy.access.read' but no authorization policy on it requires that permission; use RequirePermission
[xUnit.net 00:00:10.41]       HTTP: GET /api/lists/tenancy.access/shared-views/{id:guid}: declares 'tenancy.access.read' but no authorization policy on it requires that permission; use RequirePermission
[xUnit.net 00:00:10.41]       HTTP: GET /api/lists/identity.users/definition: declares 'identity.users.read' but no authorization policy on it requires that permission; use RequirePermission
[xUnit.net 00:00:10.41]       HTTP: GET /api/lists/identity.users/views: declares 'identity.users.read' but no authorization policy on it requires that permission; use RequirePermission
[xUnit.net 00:00:10.41]       HTTP: GET /api/lists/identity.users/views/{id:guid}: declares 'identity.users.read' but no authorization policy on it requires that permission; use RequirePermission
[xUnit.net 00:00:10.41]       HTTP: POST /api/lists/identity.users/views: declares 'identity.users.read' but no authorization policy on it requires that permission; use RequirePermission
[xUnit.net 00:00:10.41]       HTTP: PUT /api/lists/identity.users/views/{id:guid}: declares 'identity.users.read' but no authorization policy on it requires that permission; use RequirePermission
[xUnit.net 00:00:10.41]       HTTP: DELETE /api/lists/identity.users/views/{id:guid}: declares 'identity.users.read' but no authorization policy on it requires that permission; use RequirePermission
[xUnit.net 00:00:10.41]       HTTP: GET /api/lists/identity.users/shared-views/{id:guid}: declares 'identity.users.read' but no authorization policy on it requires that permission; use RequirePermission
[xUnit.net 00:00:10.41]       HTTP: GET /api/lists/identity.roles/definition: declares 'identity.roles.read' but no authorization policy on it requires that permission; use RequirePermission
[xUnit.net 00:00:10.41]       HTTP: GET /api/lists/identity.roles/views: declares 'identity.roles.read' but no authorization policy on it requires that permission; use RequirePermission
[xUnit.net 00:00:10.41]       HTTP: GET /api/lists/identity.roles/views/{id:guid}: declares 'identity.roles.read' but no authorization policy on it requires that permission; use RequirePermission
[xUnit.net 00:00:10.41]       HTTP: POST /api/lists/identity.roles/views: declares 'identity.roles.read' but no authorization policy on it requires that permission; use RequirePermission
[xUnit.net 00:00:10.41]       HTTP: PUT /api/lists/identity.roles/views/{id:guid}: declares 'identity.roles.read' but no authorization policy on it requires that permission; use RequirePermission
[xUnit.net 00:00:10.41]       HTTP: DELETE /api/lists/identity.roles/views/{id:guid}: declares 'identity.roles.read' but no authorization policy on it requires that permission; use RequirePermission
[xUnit.net 00:00:10.41]       HTTP: GET /api/lists/identity.roles/shared-views/{id:guid}: declares 'identity.roles.read' but no authorization policy on it requires that permission; use RequirePermission
[xUnit.net 00:00:10.41]       HTTP: GET /api/reports/catalog => Catalog: declares 'reports.catalog.read' but no authorization policy on it requires that permission; use RequirePermission
[xUnit.net 00:00:10.41]       HTTP: GET /api/reports/run/tenancy.companyProfile: declares 'tenancy.companies.read' but no authorization policy on it requires that permission; use RequirePermission
[xUnit.net 00:00:10.41]       HTTP: GET /api/reports/run/tenancy.branchDirectory: declares 'tenancy.branches.read' but no authorization policy on it requires that permission; use RequirePermission
[xUnit.net 00:00:10.41]       HTTP: GET /api/reports/run/identity.usersByRole: declares 'identity.users.read' but no authorization policy on it requires that permission; use RequirePermission
[xUnit.net 00:00:10.41]       HTTP: GET /api/reports/run/identity.roleSummary: declares 'identity.roles.read' but no authorization policy on it requires that permission; use RequirePermission
[xUnit.net 00:00:10.41]       HTTP: GET /api/reports/lists/tenancy.companies: declares 'tenancy.companies.read' but no authorization policy on it requires that permission; use RequirePermission
[xUnit.net 00:00:10.41]       HTTP: GET /api/reports/lists/tenancy.branches: declares 'tenancy.branches.read' but no authorization policy on it requires that permission; use RequirePermission
[xUnit.net 00:00:10.41]       HTTP: GET /api/reports/lists/tenancy.access: declares 'tenancy.access.read' but no authorization policy on it requires that permission; use RequirePermission
[xUnit.net 00:00:10.41]       HTTP: GET /api/reports/lists/identity.users: declares 'identity.users.read' but no authorization policy on it requires that permission; use RequirePermission
[xUnit.net 00:00:10.41]       HTTP: GET /api/reports/lists/identity.roles: declares 'identity.roles.read' but no authorization policy on it requires that permission; use RequirePermission
[xUnit.net 00:00:10.41]       Stack Trace:
[xUnit.net 00:00:10.41]         
[xUnit.net 00:00:10.41]         ----- Inner Stack Trace -----
[xUnit.net 00:00:10.41]         /work/src/Kernel/Erp.Kernel/Hosting/ErpPlatform.cs(251,0): at Erp.Kernel.Hosting.ErpPlatform.ValidateEndpoints(WebApplication app)
[xUnit.net 00:00:10.41]         /work/src/Kernel/Erp.Kernel/Hosting/ErpPlatform.cs(204,0): at Erp.Kernel.Hosting.ErpPlatform.UseErpPlatform(WebApplication app)
[xUnit.net 00:00:10.41]         /work/src/Host/Erp.Host/Program.cs(8,0): at Program.<Main>$(String[] args)
[xUnit.net 00:00:10.41]            at Program.<Main>(String[] args)
[xUnit.net 00:00:10.41]            at System.Reflection.MethodBaseInvoker.InterpretedInvoke_Method(Object obj, IntPtr* args)
[xUnit.net 00:00:10.41]            at System.Reflection.MethodBaseInvoker.InvokeDirectByRefWithFewArgs(Object obj, Span`1 copyOfArgs, BindingFlags invokeAttr)
[xUnit.net 00:00:10.41]         --- End of stack trace from previous location ---
[xUnit.net 00:00:10.41]            at Microsoft.AspNetCore.Mvc.Testing.DeferredHostBuilder.DeferredHost.StartAsync(CancellationToken cancellationToken)
[xUnit.net 00:00:10.41]            at Microsoft.Extensions.Hosting.HostingAbstractionsHostExtensions.Start(IHost host)
[xUnit.net 00:00:10.41]            at Microsoft.AspNetCore.Mvc.Testing.WebApplicationFactory`1.CreateHost(IHostBuilder builder)
[xUnit.net 00:00:10.41]            at Microsoft.AspNetCore.Mvc.Testing.WebApplicationFactory`1.ConfigureHostBuilder(IHostBuilder hostBuilder)
[xUnit.net 00:00:10.41]            at Microsoft.AspNetCore.Mvc.Testing.WebApplicationFactory`1.StartServer()
[xUnit.net 00:00:10.41]            at Microsoft.AspNetCore.Mvc.Testing.WebApplicationFactory`1.get_Services()
[xUnit.net 00:00:10.41]         /work/tests/Erp.Testing/ErpTestEnvironment.cs(129,0): at Erp.Testing.ErpTestEnvironment.SeedAsync(TestDatabaseServer server, String database, SeedPlan plan, IDictionary`2 settings)
[xUnit.net 00:00:10.41]         /work/tests/Erp.Testing/ErpTestEnvironment.cs(139,0): at Erp.Testing.ErpTestEnvironment.SeedAsync(TestDatabaseServer server, String database, SeedPlan plan, IDictionary`2 settings)
[xUnit.net 00:00:10.41]         /work/tests/Erp.Testing/ErpTestEnvironment.cs(91,0): at Erp.Testing.ErpTestEnvironment.<>c__DisplayClass34_0.<<StartGateAsync>b__0>d.MoveNext()
[xUnit.net 00:00:10.41]         --- End of stack trace from previous location ---
[xUnit.net 00:00:10.41]         /work/tests/Erp.Testing/TestDatabaseServer.cs(160,0): at Erp.Testing.TestDatabaseServer.<>c__DisplayClass25_0.<<GateTemplateAsync>b__3>d.MoveNext()
[xUnit.net 00:00:10.41]         --- End of stack trace from previous location ---
[xUnit.net 00:00:10.41]         /work/tests/Erp.Testing/TestDatabaseServer.cs(165,0): at Erp.Testing.TestDatabaseServer.GateTemplateAsync(IDictionary`2 settings, Func`2 seed)
[xUnit.net 00:00:10.41]         /work/tests/Erp.Testing/ErpTestEnvironment.cs(88,0): at Erp.Testing.ErpTestEnvironment.StartGateAsync(IDictionary`2 settings)
[xUnit.net 00:00:10.41]         /work/tests/Erp.Gates.Tests/Infrastructure/GateFixture.cs(17,0): at Erp.Gates.Tests.Infrastructure.GateFixture.InitializeAsync()
[xUnit.net 00:00:10.41]     Erp.Gates.Tests.G2.G2PermissionTests.Anonymous_callers_get_401_from_every_permissioned_endpoint [FAIL]
[xUnit.net 00:00:10.41]       Assembly fixture type 'Erp.Gates.Tests.Infrastructure.GateFixture' threw in InitializeAsync
[xUnit.net 00:00:10.41]       ---- System.InvalidOperationException : Endpoint authorisation is incomplete:
[xUnit.net 00:00:10.41]       HTTP: GET /api/tenancy/tenant => GetTenant: declares 'tenancy.tenant.read' but no authorization policy on it requires that permission; use RequirePermission
[xUnit.net 00:00:10.41]       HTTP: GET /api/tenancy/companies => List: declares 'tenancy.companies.read' but no authorization policy on it requires that permission; use RequirePermission
[xUnit.net 00:00:10.41]       HTTP: GET /api/tenancy/companies/{id:guid} => Get: declares 'tenancy.companies.read' but no authorization policy on it requires that permission; use RequirePermission
[xUnit.net 00:00:10.41]       HTTP: GET /api/tenancy/companies/{id:guid}/logo => GetLogo: declares 'tenancy.companies.read' but no authorization policy on it requires that permission; use RequirePermission
[xUnit.net 00:00:10.41]       HTTP: GET /api/tenancy/branches => List: declares 'tenancy.branches.read' but no authorization policy on it requires that permission; use RequirePermission
[xUnit.net 00:00:10.41]       HTTP: GET /api/tenancy/branches/{id:guid} => Get: declares 'tenancy.branches.read' but no authorization policy on it requires that permission; use RequirePermission
[xUnit.net 00:00:10.41]       HTTP: GET /api/tenancy/access => List: declares 'tenancy.access.read' but no authorization policy on it requires that permission; use RequirePermission
[xUnit.net 00:00:10.41]       HTTP: GET /api/tenancy/access/{userId:guid} => Get: declares 'tenancy.access.read' but no authorization policy on it requires that permission; use RequirePermission
[xUnit.net 00:00:10.41]       HTTP: GET /api/tenancy/workplace => Get: declares 'tenancy.workplace.read' but no authorization policy on it requires that permission; use RequirePermission
[xUnit.net 00:00:10.41]       HTTP: GET /api/identity/users => List: declares 'identity.users.read' but no authorization policy on it requires that permission; use RequirePermission
[xUnit.net 00:00:10.41]       HTTP: GET /api/identity/users/{id:guid} => Get: declares 'identity.users.read' but no authorization policy on it requires that permission; use RequirePermission
[xUnit.net 00:00:10.41]       HTTP: GET /api/identity/users/{id:guid}/access => Access: declares 'identity.users.read' but no authorization policy on it requires that permission; use RequirePermission
[xUnit.net 00:00:10.41]       HTTP: GET /api/identity/users/{id:guid}/default-company => GetDefaultCompany: declares 'identity.users.read' but no authorization policy on it requires that permission; use RequirePermission
[xUnit.net 00:00:10.41]       HTTP: GET /api/identity/companies => Companies: declares 'identity.users.read' but no authorization policy on it requires that permission; use RequirePermission
[xUnit.net 00:00:10.41]       HTTP: GET /api/identity/users/{id:guid}/sign-ins => SignIns: declares 'identity.signIns.read' but no authorization policy on it requires that permission; use RequirePermission
[xUnit.net 00:00:10.41]       HTTP: GET /api/identity/roles => List: declares 'identity.roles.read' but no authorization policy on it requires that permission; use RequirePermission
[xUnit.net 00:00:10.41]       HTTP: GET /api/identity/roles/{id:guid} => Get: declares 'identity.roles.read' but no authorization policy on it requires that permission; use RequirePermission
[xUnit.net 00:00:10.41]       HTTP: GET /api/identity/permissions => Permissions: declares 'identity.roles.read' but no authorization policy on it requires that permission; use RequirePermission
[xUnit.net 00:00:10.41]       HTTP: GET /api/identity/users/{id:guid}/passkeys => OfUser: declares 'identity.users.read' but no authorization policy on it requires that permission; use RequirePermission
[xUnit.net 00:00:10.41]       HTTP: GET /api/lists/tenancy.companies/definition: declares 'tenancy.companies.read' but no authorization policy on it requires that permission; use RequirePermission
[xUnit.net 00:00:10.41]       HTTP: GET /api/lists/tenancy.companies/views: declares 'tenancy.companies.read' but no authorization policy on it requires that permission; use RequirePermission
[xUnit.net 00:00:10.41]       HTTP: GET /api/lists/tenancy.companies/views/{id:guid}: declares 'tenancy.companies.read' but no authorization policy on it requires that permission; use RequirePermission
[xUnit.net 00:00:10.41]       HTTP: POST /api/lists/tenancy.companies/views: declares 'tenancy.companies.read' but no authorization policy on it requires that permission; use RequirePermission
[xUnit.net 00:00:10.41]       HTTP: PUT /api/lists/tenancy.companies/views/{id:guid}: declares 'tenancy.companies.read' but no authorization policy on it requires that permission; use RequirePermission
[xUnit.net 00:00:10.41]       HTTP: DELETE /api/lists/tenancy.companies/views/{id:guid}: declares 'tenancy.companies.read' but no authorization policy on it requires that permission; use RequirePermission
[xUnit.net 00:00:10.41]       HTTP: GET /api/lists/tenancy.companies/shared-views/{id:guid}: declares 'tenancy.companies.read' but no authorization policy on it requires that permission; use RequirePermission
[xUnit.net 00:00:10.41]       HTTP: GET /api/lists/tenancy.branches/definition: declares 'tenancy.branches.read' but no authorization policy on it requires that permission; use RequirePermission
[xUnit.net 00:00:10.41]       HTTP: GET /api/lists/tenancy.branches/views: declares 'tenancy.branches.read' but no authorization policy on it requires that permission; use RequirePermission
[xUnit.net 00:00:10.41]       HTTP: GET /api/lists/tenancy.branches/views/{id:guid}: declares 'tenancy.branches.read' but no authorization policy on it requires that permission; use RequirePermission
[xUnit.net 00:00:10.41]       HTTP: POST /api/lists/tenancy.branches/views: declares 'tenancy.branches.read' but no authorization policy on it requires that permission; use RequirePermission
[xUnit.net 00:00:10.41]       HTTP: PUT /api/lists/tenancy.branches/views/{id:guid}: declares 'tenancy.branches.read' but no authorization policy on it requires that permission; use RequirePermission
[xUnit.net 00:00:10.41]       HTTP: DELETE /api/lists/tenancy.branches/views/{id:guid}: declares 'tenancy.branches.read' but no authorization policy on it requires that permission; use RequirePermission
[xUnit.net 00:00:10.41]       HTTP: GET /api/lists/tenancy.branches/shared-views/{id:guid}: declares 'tenancy.branches.read' but no authorization policy on it requires that permission; use RequirePermission
[xUnit.net 00:00:10.41]       HTTP: GET /api/lists/tenancy.access/definition: declares 'tenancy.access.read' but no authorization policy on it requires that permission; use RequirePermission
[xUnit.net 00:00:10.41]       HTTP: GET /api/lists/tenancy.access/views: declares 'tenancy.access.read' but no authorization policy on it requires that permission; use RequirePermission
[xUnit.net 00:00:10.41]       HTTP: GET /api/lists/tenancy.access/views/{id:guid}: declares 'tenancy.access.read' but no authorization policy on it requires that permission; use RequirePermission
[xUnit.net 00:00:10.41]       HTTP: POST /api/lists/tenancy.access/views: declares 'tenancy.access.read' but no authorization policy on it requires that permission; use RequirePermission
[xUnit.net 00:00:10.41]       HTTP: PUT /api/lists/tenancy.access/views/{id:guid}: declares 'tenancy.access.read' but no authorization policy on it requires that permission; use RequirePermission
[xUnit.net 00:00:10.41]       HTTP: DELETE /api/lists/tenancy.access/views/{id:guid}: declares 'tenancy.access.read' but no authorization policy on it requires that permission; use RequirePermission
[xUnit.net 00:00:10.41]       HTTP: GET /api/lists/tenancy.access/shared-views/{id:guid}: declares 'tenancy.access.read' but no authorization policy on it requires that permission; use RequirePermission
[xUnit.net 00:00:10.41]       HTTP: GET /api/lists/identity.users/definition: declares 'identity.users.read' but no authorization policy on it requires that permission; use RequirePermission
[xUnit.net 00:00:10.41]       HTTP: GET /api/lists/identity.users/views: declares 'identity.users.read' but no authorization policy on it requires that permission; use RequirePermission
[xUnit.net 00:00:10.41]       HTTP: GET /api/lists/identity.users/views/{id:guid}: declares 'identity.users.read' but no authorization policy on it requires that permission; use RequirePermission
[xUnit.net 00:00:10.41]       HTTP: POST /api/lists/identity.users/views: declares 'identity.users.read' but no authorization policy on it requires that permission; use RequirePermission
[xUnit.net 00:00:10.41]       HTTP: PUT /api/lists/identity.users/views/{id:guid}: declares 'identity.users.read' but no authorization policy on it requires that permission; use RequirePermission
[xUnit.net 00:00:10.41]       HTTP: DELETE /api/lists/identity.users/views/{id:guid}: declares 'identity.users.read' but no authorization policy on it requires that permission; use RequirePermission
[xUnit.net 00:00:10.41]       HTTP: GET /api/lists/identity.users/shared-views/{id:guid}: declares 'identity.users.read' but no authorization policy on it requires that permission; use RequirePermission
[xUnit.net 00:00:10.41]       HTTP: GET /api/lists/identity.roles/definition: declares 'identity.roles.read' but no authorization policy on it requires that permission; use RequirePermission
[xUnit.net 00:00:10.41]       HTTP: GET /api/lists/identity.roles/views: declares 'identity.roles.read' but no authorization policy on it requires that permission; use RequirePermission
[xUnit.net 00:00:10.41]       HTTP: GET /api/lists/identity.roles/views/{id:guid}: declares 'identity.roles.read' but no authorization policy on it requires that permission; use RequirePermission
[xUnit.net 00:00:10.41]       HTTP: POST /api/lists/identity.roles/views: declares 'identity.roles.read' but no authorization policy on it requires that permission; use RequirePermission
[xUnit.net 00:00:10.41]       HTTP: PUT /api/lists/identity.roles/views/{id:guid}: declares 'identity.roles.read' but no authorization policy on it requires that permission; use RequirePermission
[xUnit.net 00:00:10.41]       HTTP: DELETE /api/lists/identity.roles/views/{id:guid}: declares 'identity.roles.read' but no authorization policy on it requires that permission; use RequirePermission
[xUnit.net 00:00:10.41]       HTTP: GET /api/lists/identity.roles/shared-views/{id:guid}: declares 'identity.roles.read' but no authorization policy on it requires that permission; use RequirePermission
[xUnit.net 00:00:10.41]       HTTP: GET /api/reports/catalog => Catalog: declares 'reports.catalog.read' but no authorization policy on it requires that permission; use RequirePermission
[xUnit.net 00:00:10.41]       HTTP: GET /api/reports/run/tenancy.companyProfile: declares 'tenancy.companies.read' but no authorization policy on it requires that permission; use RequirePermission
[xUnit.net 00:00:10.41]       HTTP: GET /api/reports/run/tenancy.branchDirectory: declares 'tenancy.branches.read' but no authorization policy on it requires that permission; use RequirePermission
[xUnit.net 00:00:10.41]       HTTP: GET /api/reports/run/identity.usersByRole: declares 'identity.users.read' but no authorization policy on it requires that permission; use RequirePermission
[xUnit.net 00:00:10.41]       HTTP: GET /api/reports/run/identity.roleSummary: declares 'identity.roles.read' but no authorization policy on it requires that permission; use RequirePermission
[xUnit.net 00:00:10.41]       HTTP: GET /api/reports/lists/tenancy.companies: declares 'tenancy.companies.read' but no authorization policy on it requires that permission; use RequirePermission
[xUnit.net 00:00:10.41]       HTTP: GET /api/reports/lists/tenancy.branches: declares 'tenancy.branches.read' but no authorization policy on it requires that permission; use RequirePermission
[xUnit.net 00:00:10.41]       HTTP: GET /api/reports/lists/tenancy.access: declares 'tenancy.access.read' but no authorization policy on it requires that permission; use RequirePermission
[xUnit.net 00:00:10.41]       HTTP: GET /api/reports/lists/identity.users: declares 'identity.users.read' but no authorization policy on it requires that permission; use RequirePermission
[xUnit.net 00:00:10.41]       HTTP: GET /api/reports/lists/identity.roles: declares 'identity.roles.read' but no authorization policy on it requires that permission; use RequirePermission
[xUnit.net 00:00:10.41]       Stack Trace:
[xUnit.net 00:00:10.41]         
[xUnit.net 00:00:10.41]         ----- Inner Stack Trace -----
[xUnit.net 00:00:10.41]         /work/src/Kernel/Erp.Kernel/Hosting/ErpPlatform.cs(251,0): at Erp.Kernel.Hosting.ErpPlatform.ValidateEndpoints(WebApplication app)
[xUnit.net 00:00:10.41]         /work/src/Kernel/Erp.Kernel/Hosting/ErpPlatform.cs(204,0): at Erp.Kernel.Hosting.ErpPlatform.UseErpPlatform(WebApplication app)
[xUnit.net 00:00:10.41]         /work/src/Host/Erp.Host/Program.cs(8,0): at Program.<Main>$(String[] args)
[xUnit.net 00:00:10.41]            at Program.<Main>(String[] args)
[xUnit.net 00:00:10.41]            at System.Reflection.MethodBaseInvoker.InterpretedInvoke_Method(Object obj, IntPtr* args)
[xUnit.net 00:00:10.42]            at System.Reflection.MethodBaseInvoker.InvokeDirectByRefWithFewArgs(Object obj, Span`1 copyOfArgs, BindingFlags invokeAttr)
[xUnit.net 00:00:10.42]         --- End of stack trace from previous location ---
[xUnit.net 00:00:10.42]            at Microsoft.AspNetCore.Mvc.Testing.DeferredHostBuilder.DeferredHost.StartAsync(CancellationToken cancellationToken)
[xUnit.net 00:00:10.42]            at Microsoft.Extensions.Hosting.HostingAbstractionsHostExtensions.Start(IHost host)
[xUnit.net 00:00:10.42]            at Microsoft.AspNetCore.Mvc.Testing.WebApplicationFactory`1.CreateHost(IHostBuilder builder)
[xUnit.net 00:00:10.42]            at Microsoft.AspNetCore.Mvc.Testing.WebApplicationFactory`1.ConfigureHostBuilder(IHostBuilder hostBuilder)
[xUnit.net 00:00:10.42]            at Microsoft.AspNetCore.Mvc.Testing.WebApplicationFactory`1.StartServer()
[xUnit.net 00:00:10.42]            at Microsoft.AspNetCore.Mvc.Testing.WebApplicationFactory`1.get_Services()
[xUnit.net 00:00:10.42]         /work/tests/Erp.Testing/ErpTestEnvironment.cs(129,0): at Erp.Testing.ErpTestEnvironment.SeedAsync(TestDatabaseServer server, String database, SeedPlan plan, IDictionary`2 settings)
[xUnit.net 00:00:10.42]         /work/tests/Erp.Testing/ErpTestEnvironment.cs(139,0): at Erp.Testing.ErpTestEnvironment.SeedAsync(TestDatabaseServer server, String database, SeedPlan plan, IDictionary`2 settings)
[xUnit.net 00:00:10.42]         /work/tests/Erp.Testing/ErpTestEnvironment.cs(91,0): at Erp.Testing.ErpTestEnvironment.<>c__DisplayClass34_0.<<StartGateAsync>b__0>d.MoveNext()
[xUnit.net 00:00:10.42]         --- End of stack trace from previous location ---
[xUnit.net 00:00:10.42]         /work/tests/Erp.Testing/TestDatabaseServer.cs(160,0): at Erp.Testing.TestDatabaseServer.<>c__DisplayClass25_0.<<GateTemplateAsync>b__3>d.MoveNext()
[xUnit.net 00:00:10.42]         --- End of stack trace from previous location ---
[xUnit.net 00:00:10.42]         /work/tests/Erp.Testing/TestDatabaseServer.cs(165,0): at Erp.Testing.TestDatabaseServer.GateTemplateAsync(IDictionary`2 settings, Func`2 seed)
[xUnit.net 00:00:10.42]         /work/tests/Erp.Testing/ErpTestEnvironment.cs(88,0): at Erp.Testing.ErpTestEnvironment.StartGateAsync(IDictionary`2 settings)
[xUnit.net 00:00:10.42]         /work/tests/Erp.Gates.Tests/Infrastructure/GateFixture.cs(17,0): at Erp.Gates.Tests.Infrastructure.GateFixture.InitializeAsync()
[xUnit.net 00:00:10.42]     Erp.Gates.Tests.G2.G2PermissionTests.Every_declared_permission_is_in_the_catalogue_and_every_catalogue_permission_is_used [FAIL]
[xUnit.net 00:00:10.42]       Assembly fixture type 'Erp.Gates.Tests.Infrastructure.GateFixture' threw in InitializeAsync
[xUnit.net 00:00:10.42]       ---- System.InvalidOperationException : Endpoint authorisation is incomplete:
[xUnit.net 00:00:10.42]       HTTP: GET /api/tenancy/tenant => GetTenant: declares 'tenancy.tenant.read' but no authorization policy on it requires that permission; use RequirePermission
[xUnit.net 00:00:10.42]       HTTP: GET /api/tenancy/companies => List: declares 'tenancy.companies.read' but no authorization policy on it requires that permission; use RequirePermission
[xUnit.net 00:00:10.42]       HTTP: GET /api/tenancy/companies/{id:guid} => Get: declares 'tenancy.companies.read' but no authorization policy on it requires that permission; use RequirePermission
[xUnit.net 00:00:10.42]       HTTP: GET /api/tenancy/companies/{id:guid}/logo => GetLogo: declares 'tenancy.companies.read' but no authorization policy on it requires that permission; use RequirePermission
[xUnit.net 00:00:10.42]       HTTP: GET /api/tenancy/branches => List: declares 'tenancy.branches.read' but no authorization policy on it requires that permission; use RequirePermission
[xUnit.net 00:00:10.42]       HTTP: GET /api/tenancy/branches/{id:guid} => Get: declares 'tenancy.branches.read' but no authorization policy on it requires that permission; use RequirePermission
[xUnit.net 00:00:10.42]       HTTP: GET /api/tenancy/access => List: declares 'tenancy.access.read' but no authorization policy on it requires that permission; use RequirePermission
[xUnit.net 00:00:10.42]       HTTP: GET /api/tenancy/access/{userId:guid} => Get: declares 'tenancy.access.read' but no authorization policy on it requires that permission; use RequirePermission
[xUnit.net 00:00:10.42]       HTTP: GET /api/tenancy/workplace => Get: declares 'tenancy.workplace.read' but no authorization policy on it requires that permission; use RequirePermission
[xUnit.net 00:00:10.42]       HTTP: GET /api/identity/users => List: declares 'identity.users.read' but no authorization policy on it requires that permission; use RequirePermission
[xUnit.net 00:00:10.42]       HTTP: GET /api/identity/users/{id:guid} => Get: declares 'identity.users.read' but no authorization policy on it requires that permission; use RequirePermission
[xUnit.net 00:00:10.42]       HTTP: GET /api/identity/users/{id:guid}/access => Access: declares 'identity.users.read' but no authorization policy on it requires that permission; use RequirePermission
[xUnit.net 00:00:10.42]       HTTP: GET /api/identity/users/{id:guid}/default-company => GetDefaultCompany: declares 'identity.users.read' but no authorization policy on it requires that permission; use RequirePermission
[xUnit.net 00:00:10.42]       HTTP: GET /api/identity/companies => Companies: declares 'identity.users.read' but no authorization policy on it requires that permission; use RequirePermission
[xUnit.net 00:00:10.42]       HTTP: GET /api/identity/users/{id:guid}/sign-ins => SignIns: declares 'identity.signIns.read' but no authorization policy on it requires that permission; use RequirePermission
[xUnit.net 00:00:10.42]       HTTP: GET /api/identity/roles => List: declares 'identity.roles.read' but no authorization policy on it requires that permission; use RequirePermission
[xUnit.net 00:00:10.42]       HTTP: GET /api/identity/roles/{id:guid} => Get: declares 'identity.roles.read' but no authorization policy on it requires that permission; use RequirePermission
[xUnit.net 00:00:10.42]       HTTP: GET /api/identity/permissions => Permissions: declares 'identity.roles.read' but no authorization policy on it requires that permission; use RequirePermission
[xUnit.net 00:00:10.42]       HTTP: GET /api/identity/users/{id:guid}/passkeys => OfUser: declares 'identity.users.read' but no authorization policy on it requires that permission; use RequirePermission
[xUnit.net 00:00:10.42]       HTTP: GET /api/lists/tenancy.companies/definition: declares 'tenancy.companies.read' but no authorization policy on it requires that permission; use RequirePermission
[xUnit.net 00:00:10.42]       HTTP: GET /api/lists/tenancy.companies/views: declares 'tenancy.companies.read' but no authorization policy on it requires that permission; use RequirePermission
[xUnit.net 00:00:10.42]       HTTP: GET /api/lists/tenancy.companies/views/{id:guid}: declares 'tenancy.companies.read' but no authorization policy on it requires that permission; use RequirePermission
[xUnit.net 00:00:10.42]       HTTP: POST /api/lists/tenancy.companies/views: declares 'tenancy.companies.read' but no authorization policy on it requires that permission; use RequirePermission
[xUnit.net 00:00:10.42]       HTTP: PUT /api/lists/tenancy.companies/views/{id:guid}: declares 'tenancy.companies.read' but no authorization policy on it requires that permission; use RequirePermission
[xUnit.net 00:00:10.42]       HTTP: DELETE /api/lists/tenancy.companies/views/{id:guid}: declares 'tenancy.companies.read' but no authorization policy on it requires that permission; use RequirePermission
[xUnit.net 00:00:10.42]       HTTP: GET /api/lists/tenancy.companies/shared-views/{id:guid}: declares 'tenancy.companies.read' but no authorization policy on it requires that permission; use RequirePermission
[xUnit.net 00:00:10.42]       HTTP: GET /api/lists/tenancy.branches/definition: declares 'tenancy.branches.read' but no authorization policy on it requires that permission; use RequirePermission
[xUnit.net 00:00:10.42]       HTTP: GET /api/lists/tenancy.branches/views: declares 'tenancy.branches.read' but no authorization policy on it requires that permission; use RequirePermission
[xUnit.net 00:00:10.42]       HTTP: GET /api/lists/tenancy.branches/views/{id:guid}: declares 'tenancy.branches.read' but no authorization policy on it requires that permission; use RequirePermission
[xUnit.net 00:00:10.42]       HTTP: POST /api/lists/tenancy.branches/views: declares 'tenancy.branches.read' but no authorization policy on it requires that permission; use RequirePermission
[xUnit.net 00:00:10.42]       HTTP: PUT /api/lists/tenancy.branches/views/{id:guid}: declares 'tenancy.branches.read' but no authorization policy on it requires that permission; use RequirePermission
[xUnit.net 00:00:10.42]       HTTP: DELETE /api/lists/tenancy.branches/views/{id:guid}: declares 'tenancy.branches.read' but no authorization policy on it requires that permission; use RequirePermission
[xUnit.net 00:00:10.42]       HTTP: GET /api/lists/tenancy.branches/shared-views/{id:guid}: declares 'tenancy.branches.read' but no authorization policy on it requires that permission; use RequirePermission
[xUnit.net 00:00:10.42]       HTTP: GET /api/lists/tenancy.access/definition: declares 'tenancy.access.read' but no authorization policy on it requires that permission; use RequirePermission
[xUnit.net 00:00:10.42]       HTTP: GET /api/lists/tenancy.access/views: declares 'tenancy.access.read' but no authorization policy on it requires that permission; use RequirePermission
[xUnit.net 00:00:10.42]       HTTP: GET /api/lists/tenancy.access/views/{id:guid}: declares 'tenancy.access.read' but no authorization policy on it requires that permission; use RequirePermission
[xUnit.net 00:00:10.42]       HTTP: POST /api/lists/tenancy.access/views: declares 'tenancy.access.read' but no authorization policy on it requires that permission; use RequirePermission
[xUnit.net 00:00:10.42]       HTTP: PUT /api/lists/tenancy.access/views/{id:guid}: declares 'tenancy.access.read' but no authorization policy on it requires that permission; use RequirePermission
[xUnit.net 00:00:10.42]       HTTP: DELETE /api/lists/tenancy.access/views/{id:guid}: declares 'tenancy.access.read' but no authorization policy on it requires that permission; use RequirePermission
[xUnit.net 00:00:10.42]       HTTP: GET /api/lists/tenancy.access/shared-views/{id:guid}: declares 'tenancy.access.read' but no authorization policy on it requires that permission; use RequirePermission
[xUnit.net 00:00:10.42]       HTTP: GET /api/lists/identity.users/definition: declares 'identity.users.read' but no authorization policy on it requires that permission; use RequirePermission
[xUnit.net 00:00:10.42]       HTTP: GET /api/lists/identity.users/views: declares 'identity.users.read' but no authorization policy on it requires that permission; use RequirePermission
[xUnit.net 00:00:10.42]       HTTP: GET /api/lists/identity.users/views/{id:guid}: declares 'identity.users.read' but no authorization policy on it requires that permission; use RequirePermission
[xUnit.net 00:00:10.42]       HTTP: POST /api/lists/identity.users/views: declares 'identity.users.read' but no authorization policy on it requires that permission; use RequirePermission
[xUnit.net 00:00:10.42]       HTTP: PUT /api/lists/identity.users/views/{id:guid}: declares 'identity.users.read' but no authorization policy on it requires that permission; use RequirePermission
[xUnit.net 00:00:10.42]       HTTP: DELETE /api/lists/identity.users/views/{id:guid}: declares 'identity.users.read' but no authorization policy on it requires that permission; use RequirePermission
[xUnit.net 00:00:10.42]       HTTP: GET /api/lists/identity.users/shared-views/{id:guid}: declares 'identity.users.read' but no authorization policy on it requires that permission; use RequirePermission
[xUnit.net 00:00:10.42]       HTTP: GET /api/lists/identity.roles/definition: declares 'identity.roles.read' but no authorization policy on it requires that permission; use RequirePermission
[xUnit.net 00:00:10.42]       HTTP: GET /api/lists/identity.roles/views: declares 'identity.roles.read' but no authorization policy on it requires that permission; use RequirePermission
[xUnit.net 00:00:10.42]       HTTP: GET /api/lists/identity.roles/views/{id:guid}: declares 'identity.roles.read' but no authorization policy on it requires that permission; use RequirePermission
[xUnit.net 00:00:10.42]       HTTP: POST /api/lists/identity.roles/views: declares 'identity.roles.read' but no authorization policy on it requires that permission; use RequirePermission
[xUnit.net 00:00:10.42]       HTTP: PUT /api/lists/identity.roles/views/{id:guid}: declares 'identity.roles.read' but no authorization policy on it requires that permission; use RequirePermission
[xUnit.net 00:00:10.42]       HTTP: DELETE /api/lists/identity.roles/views/{id:guid}: declares 'identity.roles.read' but no authorization policy on it requires that permission; use RequirePermission
[xUnit.net 00:00:10.42]       HTTP: GET /api/lists/identity.roles/shared-views/{id:guid}: declares 'identity.roles.read' but no authorization policy on it requires that permission; use RequirePermission
[xUnit.net 00:00:10.42]       HTTP: GET /api/reports/catalog => Catalog: declares 'reports.catalog.read' but no authorization policy on it requires that permission; use RequirePermission
[xUnit.net 00:00:10.42]       HTTP: GET /api/reports/run/tenancy.companyProfile: declares 'tenancy.companies.read' but no authorization policy on it requires that permission; use RequirePermission
[xUnit.net 00:00:10.42]       HTTP: GET /api/reports/run/tenancy.branchDirectory: declares 'tenancy.branches.read' but no authorization policy on it requires that permission; use RequirePermission
[xUnit.net 00:00:10.42]       HTTP: GET /api/reports/run/identity.usersByRole: declares 'identity.users.read' but no authorization policy on it requires that permission; use RequirePermission
[xUnit.net 00:00:10.42]       HTTP: GET /api/reports/run/identity.roleSummary: declares 'identity.roles.read' but no authorization policy on it requires that permission; use RequirePermission
[xUnit.net 00:00:10.42]       HTTP: GET /api/reports/lists/tenancy.companies: declares 'tenancy.companies.read' but no authorization policy on it requires that permission; use RequirePermission
[xUnit.net 00:00:10.42]       HTTP: GET /api/reports/lists/tenancy.branches: declares 'tenancy.branches.read' but no authorization policy on it requires that permission; use RequirePermission
[xUnit.net 00:00:10.42]       HTTP: GET /api/reports/lists/tenancy.access: declares 'tenancy.access.read' but no authorization policy on it requires that permission; use RequirePermission
[xUnit.net 00:00:10.42]       HTTP: GET /api/reports/lists/identity.users: declares 'identity.users.read' but no authorization policy on it requires that permission; use RequirePermission
[xUnit.net 00:00:10.42]       HTTP: GET /api/reports/lists/identity.roles: declares 'identity.roles.read' but no authorization policy on it requires that permission; use RequirePermission
[xUnit.net 00:00:10.42]       Stack Trace:
[xUnit.net 00:00:10.42]         
[xUnit.net 00:00:10.42]         ----- Inner Stack Trace -----
[xUnit.net 00:00:10.42]         /work/src/Kernel/Erp.Kernel/Hosting/ErpPlatform.cs(251,0): at Erp.Kernel.Hosting.ErpPlatform.ValidateEndpoints(WebApplication app)
[xUnit.net 00:00:10.42]         /work/src/Kernel/Erp.Kernel/Hosting/ErpPlatform.cs(204,0): at Erp.Kernel.Hosting.ErpPlatform.UseErpPlatform(WebApplication app)
[xUnit.net 00:00:10.42]         /work/src/Host/Erp.Host/Program.cs(8,0): at Program.<Main>$(String[] args)
[xUnit.net 00:00:10.42]            at Program.<Main>(String[] args)
[xUnit.net 00:00:10.42]            at System.Reflection.MethodBaseInvoker.InterpretedInvoke_Method(Object obj, IntPtr* args)
[xUnit.net 00:00:10.42]            at System.Reflection.MethodBaseInvoker.InvokeDirectByRefWithFewArgs(Object obj, Span`1 copyOfArgs, BindingFlags invokeAttr)
[xUnit.net 00:00:10.42]         --- End of stack trace from previous location ---
[xUnit.net 00:00:10.42]            at Microsoft.AspNetCore.Mvc.Testing.DeferredHostBuilder.DeferredHost.StartAsync(CancellationToken cancellationToken)
[xUnit.net 00:00:10.42]            at Microsoft.Extensions.Hosting.HostingAbstractionsHostExtensions.Start(IHost host)
[xUnit.net 00:00:10.42]            at Microsoft.AspNetCore.Mvc.Testing.WebApplicationFactory`1.CreateHost(IHostBuilder builder)
[xUnit.net 00:00:10.42]            at Microsoft.AspNetCore.Mvc.Testing.WebApplicationFactory`1.ConfigureHostBuilder(IHostBuilder hostBuilder)
[xUnit.net 00:00:10.42]            at Microsoft.AspNetCore.Mvc.Testing.WebApplicationFactory`1.StartServer()
[xUnit.net 00:00:10.42]            at Microsoft.AspNetCore.Mvc.Testing.WebApplicationFactory`1.get_Services()
[xUnit.net 00:00:10.42]         /work/tests/Erp.Testing/ErpTestEnvironment.cs(129,0): at Erp.Testing.ErpTestEnvironment.SeedAsync(TestDatabaseServer server, String database, SeedPlan plan, IDictionary`2 settings)
[xUnit.net 00:00:10.42]         /work/tests/Erp.Testing/ErpTestEnvironment.cs(139,0): at Erp.Testing.ErpTestEnvironment.SeedAsync(TestDatabaseServer server, String database, SeedPlan plan, IDictionary`2 settings)
[xUnit.net 00:00:10.42]         /work/tests/Erp.Testing/ErpTestEnvironment.cs(91,0): at Erp.Testing.ErpTestEnvironment.<>c__DisplayClass34_0.<<StartGateAsync>b__0>d.MoveNext()
[xUnit.net 00:00:10.42]         --- End of stack trace from previous location ---
[xUnit.net 00:00:10.42]         /work/tests/Erp.Testing/TestDatabaseServer.cs(160,0): at Erp.Testing.TestDatabaseServer.<>c__DisplayClass25_0.<<GateTemplateAsync>b__3>d.MoveNext()
[xUnit.net 00:00:10.42]         --- End of stack trace from previous location ---
[xUnit.net 00:00:10.42]         /work/tests/Erp.Testing/TestDatabaseServer.cs(165,0): at Erp.Testing.TestDatabaseServer.GateTemplateAsync(IDictionary`2 settings, Func`2 seed)
[xUnit.net 00:00:10.42]         /work/tests/Erp.Testing/ErpTestEnvironment.cs(88,0): at Erp.Testing.ErpTestEnvironment.StartGateAsync(IDictionary`2 settings)
[xUnit.net 00:00:10.42]         /work/tests/Erp.Gates.Tests/Infrastructure/GateFixture.cs(17,0): at Erp.Gates.Tests.Infrastructure.GateFixture.InitializeAsync()
[xUnit.net 00:00:10.42]     Erp.Gates.Tests.G2.G2PermissionTests.Requests_that_only_read_cannot_write [FAIL]
[xUnit.net 00:00:10.42]       Assembly fixture type 'Erp.Gates.Tests.Infrastructure.GateFixture' threw in InitializeAsync
[xUnit.net 00:00:10.42]       ---- System.InvalidOperationException : Endpoint authorisation is incomplete:
[xUnit.net 00:00:10.42]       HTTP: GET /api/tenancy/tenant => GetTenant: declares 'tenancy.tenant.read' but no authorization policy on it requires that permission; use RequirePermission
[xUnit.net 00:00:10.42]       HTTP: GET /api/tenancy/companies => List: declares 'tenancy.companies.read' but no authorization policy on it requires that permission; use RequirePermission
[xUnit.net 00:00:10.42]       HTTP: GET /api/tenancy/companies/{id:guid} => Get: declares 'tenancy.companies.read' but no authorization policy on it requires that permission; use RequirePermission
[xUnit.net 00:00:10.42]       HTTP: GET /api/tenancy/companies/{id:guid}/logo => GetLogo: declares 'tenancy.companies.read' but no authorization policy on it requires that permission; use RequirePermission
[xUnit.net 00:00:10.42]       HTTP: GET /api/tenancy/branches => List: declares 'tenancy.branches.read' but no authorization policy on it requires that permission; use RequirePermission
[xUnit.net 00:00:10.42]       HTTP: GET /api/tenancy/branches/{id:guid} => Get: declares 'tenancy.branches.read' but no authorization policy on it requires that permission; use RequirePermission
[xUnit.net 00:00:10.42]       HTTP: GET /api/tenancy/access => List: declares 'tenancy.access.read' but no authorization policy on it requires that permission; use RequirePermission
[xUnit.net 00:00:10.42]       HTTP: GET /api/tenancy/access/{userId:guid} => Get: declares 'tenancy.access.read' but no authorization policy on it requires that permission; use RequirePermission
[xUnit.net 00:00:10.42]       HTTP: GET /api/tenancy/workplace => Get: declares 'tenancy.workplace.read' but no authorization policy on it requires that permission; use RequirePermission
[xUnit.net 00:00:10.42]       HTTP: GET /api/identity/users => List: declares 'identity.users.read' but no authorization policy on it requires that permission; use RequirePermission
[xUnit.net 00:00:10.42]       HTTP: GET /api/identity/users/{id:guid} => Get: declares 'identity.users.read' but no authorization policy on it requires that permission; use RequirePermission
[xUnit.net 00:00:10.42]       HTTP: GET /api/identity/users/{id:guid}/access => Access: declares 'identity.users.read' but no authorization policy on it requires that permission; use RequirePermission
[xUnit.net 00:00:10.42]       HTTP: GET /api/identity/users/{id:guid}/default-company => GetDefaultCompany: declares 'identity.users.read' but no authorization policy on it requires that permission; use RequirePermission
[xUnit.net 00:00:10.42]       HTTP: GET /api/identity/companies => Companies: declares 'identity.users.read' but no authorization policy on it requires that permission; use RequirePermission
[xUnit.net 00:00:10.42]       HTTP: GET /api/identity/users/{id:guid}/sign-ins => SignIns: declares 'identity.signIns.read' but no authorization policy on it requires that permission; use RequirePermission
[xUnit.net 00:00:10.42]       HTTP: GET /api/identity/roles => List: declares 'identity.roles.read' but no authorization policy on it requires that permission; use RequirePermission
[xUnit.net 00:00:10.42]       HTTP: GET /api/identity/roles/{id:guid} => Get: declares 'identity.roles.read' but no authorization policy on it requires that permission; use RequirePermission
[xUnit.net 00:00:10.42]       HTTP: GET /api/identity/permissions => Permissions: declares 'identity.roles.read' but no authorization policy on it requires that permission; use RequirePermission
[xUnit.net 00:00:10.42]       HTTP: GET /api/identity/users/{id:guid}/passkeys => OfUser: declares 'identity.users.read' but no authorization policy on it requires that permission; use RequirePermission
[xUnit.net 00:00:10.42]       HTTP: GET /api/lists/tenancy.companies/definition: declares 'tenancy.companies.read' but no authorization policy on it requires that permission; use RequirePermission
[xUnit.net 00:00:10.42]       HTTP: GET /api/lists/tenancy.companies/views: declares 'tenancy.companies.read' but no authorization policy on it requires that permission; use RequirePermission
[xUnit.net 00:00:10.42]       HTTP: GET /api/lists/tenancy.companies/views/{id:guid}: declares 'tenancy.companies.read' but no authorization policy on it requires that permission; use RequirePermission
[xUnit.net 00:00:10.42]       HTTP: POST /api/lists/tenancy.companies/views: declares 'tenancy.companies.read' but no authorization policy on it requires that permission; use RequirePermission
[xUnit.net 00:00:10.42]       HTTP: PUT /api/lists/tenancy.companies/views/{id:guid}: declares 'tenancy.companies.read' but no authorization policy on it requires that permission; use RequirePermission
[xUnit.net 00:00:10.42]       HTTP: DELETE /api/lists/tenancy.companies/views/{id:guid}: declares 'tenancy.companies.read' but no authorization policy on it requires that permission; use RequirePermission
[xUnit.net 00:00:10.42]       HTTP: GET /api/lists/tenancy.companies/shared-views/{id:guid}: declares 'tenancy.companies.read' but no authorization policy on it requires that permission; use RequirePermission
[xUnit.net 00:00:10.42]       HTTP: GET /api/lists/tenancy.branches/definition: declares 'tenancy.branches.read' but no authorization policy on it requires that permission; use RequirePermission
[xUnit.net 00:00:10.42]       HTTP: GET /api/lists/tenancy.branches/views: declares 'tenancy.branches.read' but no authorization policy on it requires that permission; use RequirePermission
[xUnit.net 00:00:10.42]       HTTP: GET /api/lists/tenancy.branches/views/{id:guid}: declares 'tenancy.branches.read' but no authorization policy on it requires that permission; use RequirePermission
[xUnit.net 00:00:10.42]       HTTP: POST /api/lists/tenancy.branches/views: declares 'tenancy.branches.read' but no authorization policy on it requires that permission; use RequirePermission
[xUnit.net 00:00:10.42]       HTTP: PUT /api/lists/tenancy.branches/views/{id:guid}: declares 'tenancy.branches.read' but no authorization policy on it requires that permission; use RequirePermission
[xUnit.net 00:00:10.42]       HTTP: DELETE /api/lists/tenancy.branches/views/{id:guid}: declares 'tenancy.branches.read' but no authorization policy on it requires that permission; use RequirePermission
[xUnit.net 00:00:10.42]       HTTP: GET /api/lists/tenancy.branches/shared-views/{id:guid}: declares 'tenancy.branches.read' but no authorization policy on it requires that permission; use RequirePermission
[xUnit.net 00:00:10.42]       HTTP: GET /api/lists/tenancy.access/definition: declares 'tenancy.access.read' but no authorization policy on it requires that permission; use RequirePermission
[xUnit.net 00:00:10.42]       HTTP: GET /api/lists/tenancy.access/views: declares 'tenancy.access.read' but no authorization policy on it requires that permission; use RequirePermission
[xUnit.net 00:00:10.42]       HTTP: GET /api/lists/tenancy.access/views/{id:guid}: declares 'tenancy.access.read' but no authorization policy on it requires that permission; use RequirePermission
[xUnit.net 00:00:10.42]       HTTP: POST /api/lists/tenancy.access/views: declares 'tenancy.access.read' but no authorization policy on it requires that permission; use RequirePermission
[xUnit.net 00:00:10.42]       HTTP: PUT /api/lists/tenancy.access/views/{id:guid}: declares 'tenancy.access.read' but no authorization policy on it requires that permission; use RequirePermission
[xUnit.net 00:00:10.42]       HTTP: DELETE /api/lists/tenancy.access/views/{id:guid}: declares 'tenancy.access.read' but no authorization policy on it requires that permission; use RequirePermission
[xUnit.net 00:00:10.42]       HTTP: GET /api/lists/tenancy.access/shared-views/{id:guid}: declares 'tenancy.access.read' but no authorization policy on it requires that permission; use RequirePermission
[xUnit.net 00:00:10.42]       HTTP: GET /api/lists/identity.users/definition: declares 'identity.users.read' but no authorization policy on it requires that permission; use RequirePermission
[xUnit.net 00:00:10.42]       HTTP: GET /api/lists/identity.users/views: declares 'identity.users.read' but no authorization policy on it requires that permission; use RequirePermission
[xUnit.net 00:00:10.42]       HTTP: GET /api/lists/identity.users/views/{id:guid}: declares 'identity.users.read' but no authorization policy on it requires that permission; use RequirePermission
[xUnit.net 00:00:10.42]       HTTP: POST /api/lists/identity.users/views: declares 'identity.users.read' but no authorization policy on it requires that permission; use RequirePermission
[xUnit.net 00:00:10.42]       HTTP: PUT /api/lists/identity.users/views/{id:guid}: declares 'identity.users.read' but no authorization policy on it requires that permission; use RequirePermission
[xUnit.net 00:00:10.42]       HTTP: DELETE /api/lists/identity.users/views/{id:guid}: declares 'identity.users.read' but no authorization policy on it requires that permission; use RequirePermission
[xUnit.net 00:00:10.42]       HTTP: GET /api/lists/identity.users/shared-views/{id:guid}: declares 'identity.users.read' but no authorization policy on it requires that permission; use RequirePermission
[xUnit.net 00:00:10.42]       HTTP: GET /api/lists/identity.roles/definition: declares 'identity.roles.read' but no authorization policy on it requires that permission; use RequirePermission
[xUnit.net 00:00:10.42]       HTTP: GET /api/lists/identity.roles/views: declares 'identity.roles.read' but no authorization policy on it requires that permission; use RequirePermission
[xUnit.net 00:00:10.42]       HTTP: GET /api/lists/identity.roles/views/{id:guid}: declares 'identity.roles.read' but no authorization policy on it requires that permission; use RequirePermission
[xUnit.net 00:00:10.42]       HTTP: POST /api/lists/identity.roles/views: declares 'identity.roles.read' but no authorization policy on it requires that permission; use RequirePermission
[xUnit.net 00:00:10.42]       HTTP: PUT /api/lists/identity.roles/views/{id:guid}: declares 'identity.roles.read' but no authorization policy on it requires that permission; use RequirePermission
[xUnit.net 00:00:10.42]       HTTP: DELETE /api/lists/identity.roles/views/{id:guid}: declares 'identity.roles.read' but no authorization policy on it requires that permission; use RequirePermission
[xUnit.net 00:00:10.42]       HTTP: GET /api/lists/identity.roles/shared-views/{id:guid}: declares 'identity.roles.read' but no authorization policy on it requires that permission; use RequirePermission
[xUnit.net 00:00:10.42]       HTTP: GET /api/reports/catalog => Catalog: declares 'reports.catalog.read' but no authorization policy on it requires that permission; use RequirePermission
[xUnit.net 00:00:10.42]       HTTP: GET /api/reports/run/tenancy.companyProfile: declares 'tenancy.companies.read' but no authorization policy on it requires that permission; use RequirePermission
[xUnit.net 00:00:10.42]       HTTP: GET /api/reports/run/tenancy.branchDirectory: declares 'tenancy.branches.read' but no authorization policy on it requires that permission; use RequirePermission
[xUnit.net 00:00:10.42]       HTTP: GET /api/reports/run/identity.usersByRole: declares 'identity.users.read' but no authorization policy on it requires that permission; use RequirePermission
[xUnit.net 00:00:10.42]       HTTP: GET /api/reports/run/identity.roleSummary: declares 'identity.roles.read' but no authorization policy on it requires that permission; use RequirePermission
[xUnit.net 00:00:10.42]       HTTP: GET /api/reports/lists/tenancy.companies: declares 'tenancy.companies.read' but no authorization policy on it requires that permission; use RequirePermission
[xUnit.net 00:00:10.42]       HTTP: GET /api/reports/lists/tenancy.branches: declares 'tenancy.branches.read' but no authorization policy on it requires that permission; use RequirePermission
[xUnit.net 00:00:10.42]       HTTP: GET /api/reports/lists/tenancy.access: declares 'tenancy.access.read' but no authorization policy on it requires that permission; use RequirePermission
[xUnit.net 00:00:10.42]       HTTP: GET /api/reports/lists/identity.users: declares 'identity.users.read' but no authorization policy on it requires that permission; use RequirePermission
[xUnit.net 00:00:10.42]       HTTP: GET /api/reports/lists/identity.roles: declares 'identity.roles.read' but no authorization policy on it requires that permission; use RequirePermission
[xUnit.net 00:00:10.42]       Stack Trace:
[xUnit.net 00:00:10.42]         
[xUnit.net 00:00:10.42]         ----- Inner Stack Trace -----
[xUnit.net 00:00:10.42]         /work/src/Kernel/Erp.Kernel/Hosting/ErpPlatform.cs(251,0): at Erp.Kernel.Hosting.ErpPlatform.ValidateEndpoints(WebApplication app)
[xUnit.net 00:00:10.42]         /work/src/Kernel/Erp.Kernel/Hosting/ErpPlatform.cs(204,0): at Erp.Kernel.Hosting.ErpPlatform.UseErpPlatform(WebApplication app)
[xUnit.net 00:00:10.42]         /work/src/Host/Erp.Host/Program.cs(8,0): at Program.<Main>$(String[] args)
[xUnit.net 00:00:10.42]            at Program.<Main>(String[] args)
[xUnit.net 00:00:10.42]            at System.Reflection.MethodBaseInvoker.InterpretedInvoke_Method(Object obj, IntPtr* args)
[xUnit.net 00:00:10.42]            at System.Reflection.MethodBaseInvoker.InvokeDirectByRefWithFewArgs(Object obj, Span`1 copyOfArgs, BindingFlags invokeAttr)
[xUnit.net 00:00:10.42]         --- End of stack trace from previous location ---
[xUnit.net 00:00:10.42]            at Microsoft.AspNetCore.Mvc.Testing.DeferredHostBuilder.DeferredHost.StartAsync(CancellationToken cancellationToken)
[xUnit.net 00:00:10.42]            at Microsoft.Extensions.Hosting.HostingAbstractionsHostExtensions.Start(IHost host)
[xUnit.net 00:00:10.42]            at Microsoft.AspNetCore.Mvc.Testing.WebApplicationFactory`1.CreateHost(IHostBuilder builder)
[xUnit.net 00:00:10.42]            at Microsoft.AspNetCore.Mvc.Testing.WebApplicationFactory`1.ConfigureHostBuilder(IHostBuilder hostBuilder)
[xUnit.net 00:00:10.42]            at Microsoft.AspNetCore.Mvc.Testing.WebApplicationFactory`1.StartServer()
[xUnit.net 00:00:10.42]            at Microsoft.AspNetCore.Mvc.Testing.WebApplicationFactory`1.get_Services()
[xUnit.net 00:00:10.42]         /work/tests/Erp.Testing/ErpTestEnvironment.cs(129,0): at Erp.Testing.ErpTestEnvironment.SeedAsync(TestDatabaseServer server, String database, SeedPlan plan, IDictionary`2 settings)
[xUnit.net 00:00:10.42]         /work/tests/Erp.Testing/ErpTestEnvironment.cs(139,0): at Erp.Testing.ErpTestEnvironment.SeedAsync(TestDatabaseServer server, String database, SeedPlan plan, IDictionary`2 settings)
[xUnit.net 00:00:10.42]         /work/tests/Erp.Testing/ErpTestEnvironment.cs(91,0): at Erp.Testing.ErpTestEnvironment.<>c__DisplayClass34_0.<<StartGateAsync>b__0>d.MoveNext()
[xUnit.net 00:00:10.42]         --- End of stack trace from previous location ---
[xUnit.net 00:00:10.42]         /work/tests/Erp.Testing/TestDatabaseServer.cs(160,0): at Erp.Testing.TestDatabaseServer.<>c__DisplayClass25_0.<<GateTemplateAsync>b__3>d.MoveNext()
[xUnit.net 00:00:10.42]         --- End of stack trace from previous location ---
[xUnit.net 00:00:10.42]         /work/tests/Erp.Testing/TestDatabaseServer.cs(165,0): at Erp.Testing.TestDatabaseServer.GateTemplateAsync(IDictionary`2 settings, Func`2 seed)
[xUnit.net 00:00:10.42]         /work/tests/Erp.Testing/ErpTestEnvironment.cs(88,0): at Erp.Testing.ErpTestEnvironment.StartGateAsync(IDictionary`2 settings)
[xUnit.net 00:00:10.42]         /work/tests/Erp.Gates.Tests/Infrastructure/GateFixture.cs(17,0): at Erp.Gates.Tests.Infrastructure.GateFixture.InitializeAsync()
  Failed Erp.Gates.Tests.G2.G2PermissionTests.The_host_refuses_to_start_with_an_endpoint_that_declares_no_permission [1 ms]
  Error Message:
   Assembly fixture type 'Erp.Gates.Tests.Infrastructure.GateFixture' threw in InitializeAsync
---- System.InvalidOperationException : Endpoint authorisation is incomplete:
HTTP: GET /api/tenancy/tenant => GetTenant: declares 'tenancy.tenant.read' but no authorization policy on it requires that permission; use RequirePermission
HTTP: GET /api/tenancy/companies => List: declares 'tenancy.companies.read' but no authorization policy on it requires that permission; use RequirePermission
HTTP: GET /api/tenancy/companies/{id:guid} => Get: declares 'tenancy.companies.read' but no authorization policy on it requires that permission; use RequirePermission
HTTP: GET /api/tenancy/companies/{id:guid}/logo => GetLogo: declares 'tenancy.companies.read' but no authorization policy on it requires that permission; use RequirePermission
HTTP: GET /api/tenancy/branches => List: declares 'tenancy.branches.read' but no authorization policy on it requires that permission; use RequirePermission
HTTP: GET /api/tenancy/branches/{id:guid} => Get: declares 'tenancy.branches.read' but no authorization policy on it requires that permission; use RequirePermission
HTTP: GET /api/tenancy/access => List: declares 'tenancy.access.read' but no authorization policy on it requires that permission; use RequirePermission
HTTP: GET /api/tenancy/access/{userId:guid} => Get: declares 'tenancy.access.read' but no authorization policy on it requires that permission; use RequirePermission
HTTP: GET /api/tenancy/workplace => Get: declares 'tenancy.workplace.read' but no authorization policy on it requires that permission; use RequirePermission
HTTP: GET /api/identity/users => List: declares 'identity.users.read' but no authorization policy on it requires that permission; use RequirePermission
HTTP: GET /api/identity/users/{id:guid} => Get: declares 'identity.users.read' but no authorization policy on it requires that permission; use RequirePermission
HTTP: GET /api/identity/users/{id:guid}/access => Access: declares 'identity.users.read' but no authorization policy on it requires that permission; use RequirePermission
HTTP: GET /api/identity/users/{id:guid}/default-company => GetDefaultCompany: declares 'identity.users.read' but no authorization policy on it requires that permission; use RequirePermission
HTTP: GET /api/identity/companies => Companies: declares 'identity.users.read' but no authorization policy on it requires that permission; use RequirePermission
HTTP: GET /api/identity/users/{id:guid}/sign-ins => SignIns: declares 'identity.signIns.read' but no authorization policy on it requires that permission; use RequirePermission
HTTP: GET /api/identity/roles => List: declares 'identity.roles.read' but no authorization policy on it requires that permission; use RequirePermission
HTTP: GET /api/identity/roles/{id:guid} => Get: declares 'identity.roles.read' but no authorization policy on it requires that permission; use RequirePermission
HTTP: GET /api/identity/permissions => Permissions: declares 'identity.roles.read' but no authorization policy on it requires that permission; use RequirePermission
HTTP: GET /api/identity/users/{id:guid}/passkeys => OfUser: declares 'identity.users.read' but no authorization policy on it requires that permission; use RequirePermission
HTTP: GET /api/lists/tenancy.companies/definition: declares 'tenancy.companies.read' but no authorization policy on it requires that permission; use RequirePermission
HTTP: GET /api/lists/tenancy.companies/views: declares 'tenancy.companies.read' but no authorization policy on it requires that permission; use RequirePermission
HTTP: GET /api/lists/tenancy.companies/views/{id:guid}: declares 'tenancy.companies.read' but no authorization policy on it requires that permission; use RequirePermission
HTTP: POST /api/lists/tenancy.companies/views: declares 'tenancy.companies.read' but no authorization policy on it requires that permission; use RequirePermission
HTTP: PUT /api/lists/tenancy.companies/views/{id:guid}: declares 'tenancy.companies.read' but no authorization policy on it requires that permission; use RequirePermission
HTTP: DELETE /api/lists/tenancy.companies/views/{id:guid}: declares 'tenancy.companies.read' but no authorization policy on it requires that permission; use RequirePermission
HTTP: GET /api/lists/tenancy.companies/shared-views/{id:guid}: declares 'tenancy.companies.read' but no authorization policy on it requires that permission; use RequirePermission
HTTP: GET /api/lists/tenancy.branches/definition: declares 'tenancy.branches.read' but no authorization policy on it requires that permission; use RequirePermission
HTTP: GET /api/lists/tenancy.branches/views: declares 'tenancy.branches.read' but no authorization policy on it requires that permission; use RequirePermission
HTTP: GET /api/lists/tenancy.branches/views/{id:guid}: declares 'tenancy.branches.read' but no authorization policy on it requires that permission; use RequirePermission
HTTP: POST /api/lists/tenancy.branches/views: declares 'tenancy.branches.read' but no authorization policy on it requires that permission; use RequirePermission
HTTP: PUT /api/lists/tenancy.branches/views/{id:guid}: declares 'tenancy.branches.read' but no authorization policy on it requires that permission; use RequirePermission
HTTP: DELETE /api/lists/tenancy.branches/views/{id:guid}: declares 'tenancy.branches.read' but no authorization policy on it requires that permission; use RequirePermission
HTTP: GET /api/lists/tenancy.branches/shared-views/{id:guid}: declares 'tenancy.branches.read' but no authorization policy on it requires that permission; use RequirePermission
HTTP: GET /api/lists/tenancy.access/definition: declares 'tenancy.access.read' but no authorization policy on it requires that permission; use RequirePermission
HTTP: GET /api/lists/tenancy.access/views: declares 'tenancy.access.read' but no authorization policy on it requires that permission; use RequirePermission
HTTP: GET /api/lists/tenancy.access/views/{id:guid}: declares 'tenancy.access.read' but no authorization policy on it requires that permission; use RequirePermission
HTTP: POST /api/lists/tenancy.access/views: declares 'tenancy.access.read' but no authorization policy on it requires that permission; use RequirePermission
HTTP: PUT /api/lists/tenancy.access/views/{id:guid}: declares 'tenancy.access.read' but no authorization policy on it requires that permission; use RequirePermission
HTTP: DELETE /api/lists/tenancy.access/views/{id:guid}: declares 'tenancy.access.read' but no authorization policy on it requires that permission; use RequirePermission
HTTP: GET /api/lists/tenancy.access/shared-views/{id:guid}: declares 'tenancy.access.read' but no authorization policy on it requires that permission; use RequirePermission
HTTP: GET /api/lists/identity.users/definition: declares 'identity.users.read' but no authorization policy on it requires that permission; use RequirePermission
HTTP: GET /api/lists/identity.users/views: declares 'identity.users.read' but no authorization policy on it requires that permission; use RequirePermission
HTTP: GET /api/lists/identity.users/views/{id:guid}: declares 'identity.users.read' but no authorization policy on it requires that permission; use RequirePermission
HTTP: POST /api/lists/identity.users/views: declares 'identity.users.read' but no authorization policy on it requires that permission; use RequirePermission
HTTP: PUT /api/lists/identity.users/views/{id:guid}: declares 'identity.users.read' but no authorization policy on it requires that permission; use RequirePermission
HTTP: DELETE /api/lists/identity.users/views/{id:guid}: declares 'identity.users.read' but no authorization policy on it requires that permission; use RequirePermission
HTTP: GET /api/lists/identity.users/shared-views/{id:guid}: declares 'identity.users.read' but no authorization policy on it requires that permission; use RequirePermission
HTTP: GET /api/lists/identity.roles/definition: declares 'identity.roles.read' but no authorization policy on it requires that permission; use RequirePermission
HTTP: GET /api/lists/identity.roles/views: declares 'identity.roles.read' but no authorization policy on it requires that permission; use RequirePermission
HTTP: GET /api/lists/identity.roles/views/{id:guid}: declares 'identity.roles.read' but no authorization policy on it requires that permission; use RequirePermission
HTTP: POST /api/lists/identity.roles/views: declares 'identity.roles.read' but no authorization policy on it requires that permission; use RequirePermission
HTTP: PUT /api/lists/identity.roles/views/{id:guid}: declares 'identity.roles.read' but no authorization policy on it requires that permission; use RequirePermission
HTTP: DELETE /api/lists/identity.roles/views/{id:guid}: declares 'identity.roles.read' but no authorization policy on it requires that permission; use RequirePermission
HTTP: GET /api/lists/identity.roles/shared-views/{id:guid}: declares 'identity.roles.read' but no authorization policy on it requires that permission; use RequirePermission
HTTP: GET /api/reports/catalog => Catalog: declares 'reports.catalog.read' but no authorization policy on it requires that permission; use RequirePermission
HTTP: GET /api/reports/run/tenancy.companyProfile: declares 'tenancy.companies.read' but no authorization policy on it requires that permission; use RequirePermission
HTTP: GET /api/reports/run/tenancy.branchDirectory: declares 'tenancy.branches.read' but no authorization policy on it requires that permission; use RequirePermission
HTTP: GET /api/reports/run/identity.usersByRole: declares 'identity.users.read' but no authorization policy on it requires that permission; use RequirePermission
HTTP: GET /api/reports/run/identity.roleSummary: declares 'identity.roles.read' but no authorization policy on it requires that permission; use RequirePermission
HTTP: GET /api/reports/lists/tenancy.companies: declares 'tenancy.companies.read' but no authorization policy on it requires that permission; use RequirePermission
HTTP: GET /api/reports/lists/tenancy.branches: declares 'tenancy.branches.read' but no authorization policy on it requires that permission; use RequirePermission
HTTP: GET /api/reports/lists/tenancy.access: declares 'tenancy.access.read' but no authorization policy on it requires that permission; use RequirePermission
HTTP: GET /api/reports/lists/identity.users: declares 'identity.users.read' but no authorization policy on it requires that permission; use RequirePermission
HTTP: GET /api/reports/lists/identity.roles: declares 'identity.roles.read' but no authorization policy on it requires that permission; use RequirePermission
  Stack Trace:
  
----- Inner Stack Trace -----
   at Erp.Kernel.Hosting.ErpPlatform.ValidateEndpoints(WebApplication app) in /work/src/Kernel/Erp.Kernel/Hosting/ErpPlatform.cs:line 251
   at Erp.Kernel.Hosting.ErpPlatform.UseErpPlatform(WebApplication app) in /work/src/Kernel/Erp.Kernel/Hosting/ErpPlatform.cs:line 204
   at Program.<Main>$(String[] args) in /work/src/Host/Erp.Host/Program.cs:line 8
   at Program.<Main>(String[] args)
   at System.Reflection.MethodBaseInvoker.InterpretedInvoke_Method(Object obj, IntPtr* args)
   at System.Reflection.MethodBaseInvoker.InvokeDirectByRefWithFewArgs(Object obj, Span`1 copyOfArgs, BindingFlags invokeAttr)
--- End of stack trace from previous location ---
   at Microsoft.AspNetCore.Mvc.Testing.DeferredHostBuilder.DeferredHost.StartAsync(CancellationToken cancellationToken)
   at Microsoft.Extensions.Hosting.HostingAbstractionsHostExtensions.Start(IHost host)
   at Microsoft.AspNetCore.Mvc.Testing.WebApplicationFactory`1.CreateHost(IHostBuilder builder)
   at Microsoft.AspNetCore.Mvc.Testing.WebApplicationFactory`1.ConfigureHostBuilder(IHostBuilder hostBuilder)
   at Microsoft.AspNetCore.Mvc.Testing.WebApplicationFactory`1.StartServer()
   at Microsoft.AspNetCore.Mvc.Testing.WebApplicationFactory`1.get_Services()
   at Erp.Testing.ErpTestEnvironment.SeedAsync(TestDatabaseServer server, String database, SeedPlan plan, IDictionary`2 settings) in /work/tests/Erp.Testing/ErpTestEnvironment.cs:line 129
   at Erp.Testing.ErpTestEnvironment.SeedAsync(TestDatabaseServer server, String database, SeedPlan plan, IDictionary`2 settings) in /work/tests/Erp.Testing/ErpTestEnvironment.cs:line 139
   at Erp.Testing.ErpTestEnvironment.<>c__DisplayClass34_0.<<StartGateAsync>b__0>d.MoveNext() in /work/tests/Erp.Testing/ErpTestEnvironment.cs:line 91
--- End of stack trace from previous location ---
   at Erp.Testing.TestDatabaseServer.<>c__DisplayClass25_0.<<GateTemplateAsync>b__3>d.MoveNext() in /work/tests/Erp.Testing/TestDatabaseServer.cs:line 160
--- End of stack trace from previous location ---
   at Erp.Testing.TestDatabaseServer.GateTemplateAsync(IDictionary`2 settings, Func`2 seed) in /work/tests/Erp.Testing/TestDatabaseServer.cs:line 165
   at Erp.Testing.ErpTestEnvironment.StartGateAsync(IDictionary`2 settings) in /work/tests/Erp.Testing/ErpTestEnvironment.cs:line 88
   at Erp.Gates.Tests.Infrastructure.GateFixture.InitializeAsync() in /work/tests/Erp.Gates.Tests/Infrastructure/GateFixture.cs:line 17
  Failed Erp.Gates.Tests.G2.G2PermissionTests.No_endpoint_grants_more_than_the_caller_holds [1 ms]
  Error Message:
   Assembly fixture type 'Erp.Gates.Tests.Infrastructure.GateFixture' threw in InitializeAsync
---- System.InvalidOperationException : Endpoint authorisation is incomplete:
HTTP: GET /api/tenancy/tenant => GetTenant: declares 'tenancy.tenant.read' but no authorization policy on it requires that permission; use RequirePermission
HTTP: GET /api/tenancy/companies => List: declares 'tenancy.companies.read' but no authorization policy on it requires that permission; use RequirePermission
HTTP: GET /api/tenancy/companies/{id:guid} => Get: declares 'tenancy.companies.read' but no authorization policy on it requires that permission; use RequirePermission
HTTP: GET /api/tenancy/companies/{id:guid}/logo => GetLogo: declares 'tenancy.companies.read' but no authorization policy on it requires that permission; use RequirePermission
HTTP: GET /api/tenancy/branches => List: declares 'tenancy.branches.read' but no authorization policy on it requires that permission; use RequirePermission
HTTP: GET /api/tenancy/branches/{id:guid} => Get: declares 'tenancy.branches.read' but no authorization policy on it requires that permission; use RequirePermission
HTTP: GET /api/tenancy/access => List: declares 'tenancy.access.read' but no authorization policy on it requires that permission; use RequirePermission
HTTP: GET /api/tenancy/access/{userId:guid} => Get: declares 'tenancy.access.read' but no authorization policy on it requires that permission; use RequirePermission
HTTP: GET /api/tenancy/workplace => Get: declares 'tenancy.workplace.read' but no authorization policy on it requires that permission; use RequirePermission
HTTP: GET /api/identity/users => List: declares 'identity.users.read' but no authorization policy on it requires that permission; use RequirePermission
HTTP: GET /api/identity/users/{id:guid} => Get: declares 'identity.users.read' but no authorization policy on it requires that permission; use RequirePermission
HTTP: GET /api/identity/users/{id:guid}/access => Access: declares 'identity.users.read' but no authorization policy on it requires that permission; use RequirePermission
HTTP: GET /api/identity/users/{id:guid}/default-company => GetDefaultCompany: declares 'identity.users.read' but no authorization policy on it requires that permission; use RequirePermission
HTTP: GET /api/identity/companies => Companies: declares 'identity.users.read' but no authorization policy on it requires that permission; use RequirePermission
HTTP: GET /api/identity/users/{id:guid}/sign-ins => SignIns: declares 'identity.signIns.read' but no authorization policy on it requires that permission; use RequirePermission
HTTP: GET /api/identity/roles => List: declares 'identity.roles.read' but no authorization policy on it requires that permission; use RequirePermission
HTTP: GET /api/identity/roles/{id:guid} => Get: declares 'identity.roles.read' but no authorization policy on it requires that permission; use RequirePermission
HTTP: GET /api/identity/permissions => Permissions: declares 'identity.roles.read' but no authorization policy on it requires that permission; use RequirePermission
HTTP: GET /api/identity/users/{id:guid}/passkeys => OfUser: declares 'identity.users.read' but no authorization policy on it requires that permission; use RequirePermission
HTTP: GET /api/lists/tenancy.companies/definition: declares 'tenancy.companies.read' but no authorization policy on it requires that permission; use RequirePermission
HTTP: GET /api/lists/tenancy.companies/views: declares 'tenancy.companies.read' but no authorization policy on it requires that permission; use RequirePermission
HTTP: GET /api/lists/tenancy.companies/views/{id:guid}: declares 'tenancy.companies.read' but no authorization policy on it requires that permission; use RequirePermission
HTTP: POST /api/lists/tenancy.companies/views: declares 'tenancy.companies.read' but no authorization policy on it requires that permission; use RequirePermission
HTTP: PUT /api/lists/tenancy.companies/views/{id:guid}: declares 'tenancy.companies.read' but no authorization policy on it requires that permission; use RequirePermission
HTTP: DELETE /api/lists/tenancy.companies/views/{id:guid}: declares 'tenancy.companies.read' but no authorization policy on it requires that permission; use RequirePermission
HTTP: GET /api/lists/tenancy.companies/shared-views/{id:guid}: declares 'tenancy.companies.read' but no authorization policy on it requires that permission; use RequirePermission
HTTP: GET /api/lists/tenancy.branches/definition: declares 'tenancy.branches.read' but no authorization policy on it requires that permission; use RequirePermission
HTTP: GET /api/lists/tenancy.branches/views: declares 'tenancy.branches.read' but no authorization policy on it requires that permission; use RequirePermission
HTTP: GET /api/lists/tenancy.branches/views/{id:guid}: declares 'tenancy.branches.read' but no authorization policy on it requires that permission; use RequirePermission
HTTP: POST /api/lists/tenancy.branches/views: declares 'tenancy.branches.read' but no authorization policy on it requires that permission; use RequirePermission
HTTP: PUT /api/lists/tenancy.branches/views/{id:guid}: declares 'tenancy.branches.read' but no authorization policy on it requires that permission; use RequirePermission
HTTP: DELETE /api/lists/tenancy.branches/views/{id:guid}: declares 'tenancy.branches.read' but no authorization policy on it requires that permission; use RequirePermission
HTTP: GET /api/lists/tenancy.branches/shared-views/{id:guid}: declares 'tenancy.branches.read' but no authorization policy on it requires that permission; use RequirePermission
HTTP: GET /api/lists/tenancy.access/definition: declares 'tenancy.access.read' but no authorization policy on it requires that permission; use RequirePermission
HTTP: GET /api/lists/tenancy.access/views: declares 'tenancy.access.read' but no authorization policy on it requires that permission; use RequirePermission
HTTP: GET /api/lists/tenancy.access/views/{id:guid}: declares 'tenancy.access.read' but no authorization policy on it requires that permission; use RequirePermission
HTTP: POST /api/lists/tenancy.access/views: declares 'tenancy.access.read' but no authorization policy on it requires that permission; use RequirePermission
HTTP: PUT /api/lists/tenancy.access/views/{id:guid}: declares 'tenancy.access.read' but no authorization policy on it requires that permission; use RequirePermission
HTTP: DELETE /api/lists/tenancy.access/views/{id:guid}: declares 'tenancy.access.read' but no authorization policy on it requires that permission; use RequirePermission
HTTP: GET /api/lists/tenancy.access/shared-views/{id:guid}: declares 'tenancy.access.read' but no authorization policy on it requires that permission; use RequirePermission
HTTP: GET /api/lists/identity.users/definition: declares 'identity.users.read' but no authorization policy on it requires that permission; use RequirePermission
HTTP: GET /api/lists/identity.users/views: declares 'identity.users.read' but no authorization policy on it requires that permission; use RequirePermission
HTTP: GET /api/lists/identity.users/views/{id:guid}: declares 'identity.users.read' but no authorization policy on it requires that permission; use RequirePermission
HTTP: POST /api/lists/identity.users/views: declares 'identity.users.read' but no authorization policy on it requires that permission; use RequirePermission
HTTP: PUT /api/lists/identity.users/views/{id:guid}: declares 'identity.users.read' but no authorization policy on it requires that permission; use RequirePermission
HTTP: DELETE /api/lists/identity.users/views/{id:guid}: declares 'identity.users.read' but no authorization policy on it requires that permission; use RequirePermission
HTTP: GET /api/lists/identity.users/shared-views/{id:guid}: declares 'identity.users.read' but no authorization policy on it requires that permission; use RequirePermission
HTTP: GET /api/lists/identity.roles/definition: declares 'identity.roles.read' but no authorization policy on it requires that permission; use RequirePermission
HTTP: GET /api/lists/identity.roles/views: declares 'identity.roles.read' but no authorization policy on it requires that permission; use RequirePermission
HTTP: GET /api/lists/identity.roles/views/{id:guid}: declares 'identity.roles.read' but no authorization policy on it requires that permission; use RequirePermission
HTTP: POST /api/lists/identity.roles/views: declares 'identity.roles.read' but no authorization policy on it requires that permission; use RequirePermission
HTTP: PUT /api/lists/identity.roles/views/{id:guid}: declares 'identity.roles.read' but no authorization policy on it requires that permission; use RequirePermission
HTTP: DELETE /api/lists/identity.roles/views/{id:guid}: declares 'identity.roles.read' but no authorization policy on it requires that permission; use RequirePermission
HTTP: GET /api/lists/identity.roles/shared-views/{id:guid}: declares 'identity.roles.read' but no authorization policy on it requires that permission; use RequirePermission
HTTP: GET /api/reports/catalog => Catalog: declares 'reports.catalog.read' but no authorization policy on it requires that permission; use RequirePermission
HTTP: GET /api/reports/run/tenancy.companyProfile: declares 'tenancy.companies.read' but no authorization policy on it requires that permission; use RequirePermission
HTTP: GET /api/reports/run/tenancy.branchDirectory: declares 'tenancy.branches.read' but no authorization policy on it requires that permission; use RequirePermission
HTTP: GET /api/reports/run/identity.usersByRole: declares 'identity.users.read' but no authorization policy on it requires that permission; use RequirePermission
HTTP: GET /api/reports/run/identity.roleSummary: declares 'identity.roles.read' but no authorization policy on it requires that permission; use RequirePermission
HTTP: GET /api/reports/lists/tenancy.companies: declares 'tenancy.companies.read' but no authorization policy on it requires that permission; use RequirePermission
HTTP: GET /api/reports/lists/tenancy.branches: declares 'tenancy.branches.read' but no authorization policy on it requires that permission; use RequirePermission
HTTP: GET /api/reports/lists/tenancy.access: declares 'tenancy.access.read' but no authorization policy on it requires that permission; use RequirePermission
HTTP: GET /api/reports/lists/identity.users: declares 'identity.users.read' but no authorization policy on it requires that permission; use RequirePermission
HTTP: GET /api/reports/lists/identity.roles: declares 'identity.roles.read' but no authorization policy on it requires that permission; use RequirePermission
  Stack Trace:
  
----- Inner Stack Trace -----
   at Erp.Kernel.Hosting.ErpPlatform.ValidateEndpoints(WebApplication app) in /work/src/Kernel/Erp.Kernel/Hosting/ErpPlatform.cs:line 251
   at Erp.Kernel.Hosting.ErpPlatform.UseErpPlatform(WebApplication app) in /work/src/Kernel/Erp.Kernel/Hosting/ErpPlatform.cs:line 204
   at Program.<Main>$(String[] args) in /work/src/Host/Erp.Host/Program.cs:line 8
   at Program.<Main>(String[] args)
   at System.Reflection.MethodBaseInvoker.InterpretedInvoke_Method(Object obj, IntPtr* args)
   at System.Reflection.MethodBaseInvoker.InvokeDirectByRefWithFewArgs(Object obj, Span`1 copyOfArgs, BindingFlags invokeAttr)
--- End of stack trace from previous location ---
   at Microsoft.AspNetCore.Mvc.Testing.DeferredHostBuilder.DeferredHost.StartAsync(CancellationToken cancellationToken)
   at Microsoft.Extensions.Hosting.HostingAbstractionsHostExtensions.Start(IHost host)
   at Microsoft.AspNetCore.Mvc.Testing.WebApplicationFactory`1.CreateHost(IHostBuilder builder)
   at Microsoft.AspNetCore.Mvc.Testing.WebApplicationFactory`1.ConfigureHostBuilder(IHostBuilder hostBuilder)
   at Microsoft.AspNetCore.Mvc.Testing.WebApplicationFactory`1.StartServer()
   at Microsoft.AspNetCore.Mvc.Testing.WebApplicationFactory`1.get_Services()
   at Erp.Testing.ErpTestEnvironment.SeedAsync(TestDatabaseServer server, String database, SeedPlan plan, IDictionary`2 settings) in /work/tests/Erp.Testing/ErpTestEnvironment.cs:line 129
   at Erp.Testing.ErpTestEnvironment.SeedAsync(TestDatabaseServer server, String database, SeedPlan plan, IDictionary`2 settings) in /work/tests/Erp.Testing/ErpTestEnvironment.cs:line 139
   at Erp.Testing.ErpTestEnvironment.<>c__DisplayClass34_0.<<StartGateAsync>b__0>d.MoveNext() in /work/tests/Erp.Testing/ErpTestEnvironment.cs:line 91
--- End of stack trace from previous location ---
   at Erp.Testing.TestDatabaseServer.<>c__DisplayClass25_0.<<GateTemplateAsync>b__3>d.MoveNext() in /work/tests/Erp.Testing/TestDatabaseServer.cs:line 160
--- End of stack trace from previous location ---
   at Erp.Testing.TestDatabaseServer.GateTemplateAsync(IDictionary`2 settings, Func`2 seed) in /work/tests/Erp.Testing/TestDatabaseServer.cs:line 165
   at Erp.Testing.ErpTestEnvironment.StartGateAsync(IDictionary`2 settings) in /work/tests/Erp.Testing/ErpTestEnvironment.cs:line 88
   at Erp.Gates.Tests.Infrastructure.GateFixture.InitializeAsync() in /work/tests/Erp.Gates.Tests/Infrastructure/GateFixture.cs:line 17
  Failed Erp.Gates.Tests.G2.G2PermissionTests.Creating_a_user_cannot_grant_more_than_the_caller_holds [1 ms]
  Error Message:
   Assembly fixture type 'Erp.Gates.Tests.Infrastructure.GateFixture' threw in InitializeAsync
---- System.InvalidOperationException : Endpoint authorisation is incomplete:
HTTP: GET /api/tenancy/tenant => GetTenant: declares 'tenancy.tenant.read' but no authorization policy on it requires that permission; use RequirePermission
HTTP: GET /api/tenancy/companies => List: declares 'tenancy.companies.read' but no authorization policy on it requires that permission; use RequirePermission
HTTP: GET /api/tenancy/companies/{id:guid} => Get: declares 'tenancy.companies.read' but no authorization policy on it requires that permission; use RequirePermission
HTTP: GET /api/tenancy/companies/{id:guid}/logo => GetLogo: declares 'tenancy.companies.read' but no authorization policy on it requires that permission; use RequirePermission
HTTP: GET /api/tenancy/branches => List: declares 'tenancy.branches.read' but no authorization policy on it requires that permission; use RequirePermission
HTTP: GET /api/tenancy/branches/{id:guid} => Get: declares 'tenancy.branches.read' but no authorization policy on it requires that permission; use RequirePermission
HTTP: GET /api/tenancy/access => List: declares 'tenancy.access.read' but no authorization policy on it requires that permission; use RequirePermission
HTTP: GET /api/tenancy/access/{userId:guid} => Get: declares 'tenancy.access.read' but no authorization policy on it requires that permission; use RequirePermission
HTTP: GET /api/tenancy/workplace => Get: declares 'tenancy.workplace.read' but no authorization policy on it requires that permission; use RequirePermission
HTTP: GET /api/identity/users => List: declares 'identity.users.read' but no authorization policy on it requires that permission; use RequirePermission
HTTP: GET /api/identity/users/{id:guid} => Get: declares 'identity.users.read' but no authorization policy on it requires that permission; use RequirePermission
HTTP: GET /api/identity/users/{id:guid}/access => Access: declares 'identity.users.read' but no authorization policy on it requires that permission; use RequirePermission
HTTP: GET /api/identity/users/{id:guid}/default-company => GetDefaultCompany: declares 'identity.users.read' but no authorization policy on it requires that permission; use RequirePermission
HTTP: GET /api/identity/companies => Companies: declares 'identity.users.read' but no authorization policy on it requires that permission; use RequirePermission
HTTP: GET /api/identity/users/{id:guid}/sign-ins => SignIns: declares 'identity.signIns.read' but no authorization policy on it requires that permission; use RequirePermission
HTTP: GET /api/identity/roles => List: declares 'identity.roles.read' but no authorization policy on it requires that permission; use RequirePermission
HTTP: GET /api/identity/roles/{id:guid} => Get: declares 'identity.roles.read' but no authorization policy on it requires that permission; use RequirePermission
HTTP: GET /api/identity/permissions => Permissions: declares 'identity.roles.read' but no authorization policy on it requires that permission; use RequirePermission
HTTP: GET /api/identity/users/{id:guid}/passkeys => OfUser: declares 'identity.users.read' but no authorization policy on it requires that permission; use RequirePermission
HTTP: GET /api/lists/tenancy.companies/definition: declares 'tenancy.companies.read' but no authorization policy on it requires that permission; use RequirePermission
HTTP: GET /api/lists/tenancy.companies/views: declares 'tenancy.companies.read' but no authorization policy on it requires that permission; use RequirePermission
HTTP: GET /api/lists/tenancy.companies/views/{id:guid}: declares 'tenancy.companies.read' but no authorization policy on it requires that permission; use RequirePermission
HTTP: POST /api/lists/tenancy.companies/views: declares 'tenancy.companies.read' but no authorization policy on it requires that permission; use RequirePermission
HTTP: PUT /api/lists/tenancy.companies/views/{id:guid}: declares 'tenancy.companies.read' but no authorization policy on it requires that permission; use RequirePermission
HTTP: DELETE /api/lists/tenancy.companies/views/{id:guid}: declares 'tenancy.companies.read' but no authorization policy on it requires that permission; use RequirePermission
HTTP: GET /api/lists/tenancy.companies/shared-views/{id:guid}: declares 'tenancy.companies.read' but no authorization policy on it requires that permission; use RequirePermission
HTTP: GET /api/lists/tenancy.branches/definition: declares 'tenancy.branches.read' but no authorization policy on it requires that permission; use RequirePermission
HTTP: GET /api/lists/tenancy.branches/views: declares 'tenancy.branches.read' but no authorization policy on it requires that permission; use RequirePermission
HTTP: GET /api/lists/tenancy.branches/views/{id:guid}: declares 'tenancy.branches.read' but no authorization policy on it requires that permission; use RequirePermission
HTTP: POST /api/lists/tenancy.branches/views: declares 'tenancy.branches.read' but no authorization policy on it requires that permission; use RequirePermission
HTTP: PUT /api/lists/tenancy.branches/views/{id:guid}: declares 'tenancy.branches.read' but no authorization policy on it requires that permission; use RequirePermission
HTTP: DELETE /api/lists/tenancy.branches/views/{id:guid}: declares 'tenancy.branches.read' but no authorization policy on it requires that permission; use RequirePermission
HTTP: GET /api/lists/tenancy.branches/shared-views/{id:guid}: declares 'tenancy.branches.read' but no authorization policy on it requires that permission; use RequirePermission
HTTP: GET /api/lists/tenancy.access/definition: declares 'tenancy.access.read' but no authorization policy on it requires that permission; use RequirePermission
HTTP: GET /api/lists/tenancy.access/views: declares 'tenancy.access.read' but no authorization policy on it requires that permission; use RequirePermission
HTTP: GET /api/lists/tenancy.access/views/{id:guid}: declares 'tenancy.access.read' but no authorization policy on it requires that permission; use RequirePermission
HTTP: POST /api/lists/tenancy.access/views: declares 'tenancy.access.read' but no authorization policy on it requires that permission; use RequirePermission
HTTP: PUT /api/lists/tenancy.access/views/{id:guid}: declares 'tenancy.access.read' but no authorization policy on it requires that permission; use RequirePermission
HTTP: DELETE /api/lists/tenancy.access/views/{id:guid}: declares 'tenancy.access.read' but no authorization policy on it requires that permission; use RequirePermission
HTTP: GET /api/lists/tenancy.access/shared-views/{id:guid}: declares 'tenancy.access.read' but no authorization policy on it requires that permission; use RequirePermission
HTTP: GET /api/lists/identity.users/definition: declares 'identity.users.read' but no authorization policy on it requires that permission; use RequirePermission
HTTP: GET /api/lists/identity.users/views: declares 'identity.users.read' but no authorization policy on it requires that permission; use RequirePermission
HTTP: GET /api/lists/identity.users/views/{id:guid}: declares 'identity.users.read' but no authorization policy on it requires that permission; use RequirePermission
HTTP: POST /api/lists/identity.users/views: declares 'identity.users.read' but no authorization policy on it requires that permission; use RequirePermission
HTTP: PUT /api/lists/identity.users/views/{id:guid}: declares 'identity.users.read' but no authorization policy on it requires that permission; use RequirePermission
HTTP: DELETE /api/lists/identity.users/views/{id:guid}: declares 'identity.users.read' but no authorization policy on it requires that permission; use RequirePermission
HTTP: GET /api/lists/identity.users/shared-views/{id:guid}: declares 'identity.users.read' but no authorization policy on it requires that permission; use RequirePermission
HTTP: GET /api/lists/identity.roles/definition: declares 'identity.roles.read' but no authorization policy on it requires that permission; use RequirePermission
HTTP: GET /api/lists/identity.roles/views: declares 'identity.roles.read' but no authorization policy on it requires that permission; use RequirePermission
HTTP: GET /api/lists/identity.roles/views/{id:guid}: declares 'identity.roles.read' but no authorization policy on it requires that permission; use RequirePermission
HTTP: POST /api/lists/identity.roles/views: declares 'identity.roles.read' but no authorization policy on it requires that permission; use RequirePermission
HTTP: PUT /api/lists/identity.roles/views/{id:guid}: declares 'identity.roles.read' but no authorization policy on it requires that permission; use RequirePermission
HTTP: DELETE /api/lists/identity.roles/views/{id:guid}: declares 'identity.roles.read' but no authorization policy on it requires that permission; use RequirePermission
HTTP: GET /api/lists/identity.roles/shared-views/{id:guid}: declares 'identity.roles.read' but no authorization policy on it requires that permission; use RequirePermission
HTTP: GET /api/reports/catalog => Catalog: declares 'reports.catalog.read' but no authorization policy on it requires that permission; use RequirePermission
HTTP: GET /api/reports/run/tenancy.companyProfile: declares 'tenancy.companies.read' but no authorization policy on it requires that permission; use RequirePermission
HTTP: GET /api/reports/run/tenancy.branchDirectory: declares 'tenancy.branches.read' but no authorization policy on it requires that permission; use RequirePermission
HTTP: GET /api/reports/run/identity.usersByRole: declares 'identity.users.read' but no authorization policy on it requires that permission; use RequirePermission
HTTP: GET /api/reports/run/identity.roleSummary: declares 'identity.roles.read' but no authorization policy on it requires that permission; use RequirePermission
HTTP: GET /api/reports/lists/tenancy.companies: declares 'tenancy.companies.read' but no authorization policy on it requires that permission; use RequirePermission
HTTP: GET /api/reports/lists/tenancy.branches: declares 'tenancy.branches.read' but no authorization policy on it requires that permission; use RequirePermission
HTTP: GET /api/reports/lists/tenancy.access: declares 'tenancy.access.read' but no authorization policy on it requires that permission; use RequirePermission
HTTP: GET /api/reports/lists/identity.users: declares 'identity.users.read' but no authorization policy on it requires that permission; use RequirePermission
HTTP: GET /api/reports/lists/identity.roles: declares 'identity.roles.read' but no authorization policy on it requires that permission; use RequirePermission
  Stack Trace:
  
----- Inner Stack Trace -----
   at Erp.Kernel.Hosting.ErpPlatform.ValidateEndpoints(WebApplication app) in /work/src/Kernel/Erp.Kernel/Hosting/ErpPlatform.cs:line 251
   at Erp.Kernel.Hosting.ErpPlatform.UseErpPlatform(WebApplication app) in /work/src/Kernel/Erp.Kernel/Hosting/ErpPlatform.cs:line 204
   at Program.<Main>$(String[] args) in /work/src/Host/Erp.Host/Program.cs:line 8
   at Program.<Main>(String[] args)
   at System.Reflection.MethodBaseInvoker.InterpretedInvoke_Method(Object obj, IntPtr* args)
   at System.Reflection.MethodBaseInvoker.InvokeDirectByRefWithFewArgs(Object obj, Span`1 copyOfArgs, BindingFlags invokeAttr)
--- End of stack trace from previous location ---
   at Microsoft.AspNetCore.Mvc.Testing.DeferredHostBuilder.DeferredHost.StartAsync(CancellationToken cancellationToken)
   at Microsoft.Extensions.Hosting.HostingAbstractionsHostExtensions.Start(IHost host)
   at Microsoft.AspNetCore.Mvc.Testing.WebApplicationFactory`1.CreateHost(IHostBuilder builder)
   at Microsoft.AspNetCore.Mvc.Testing.WebApplicationFactory`1.ConfigureHostBuilder(IHostBuilder hostBuilder)
   at Microsoft.AspNetCore.Mvc.Testing.WebApplicationFactory`1.StartServer()
   at Microsoft.AspNetCore.Mvc.Testing.WebApplicationFactory`1.get_Services()
   at Erp.Testing.ErpTestEnvironment.SeedAsync(TestDatabaseServer server, String database, SeedPlan plan, IDictionary`2 settings) in /work/tests/Erp.Testing/ErpTestEnvironment.cs:line 129
   at Erp.Testing.ErpTestEnvironment.SeedAsync(TestDatabaseServer server, String database, SeedPlan plan, IDictionary`2 settings) in /work/tests/Erp.Testing/ErpTestEnvironment.cs:line 139
   at Erp.Testing.ErpTestEnvironment.<>c__DisplayClass34_0.<<StartGateAsync>b__0>d.MoveNext() in /work/tests/Erp.Testing/ErpTestEnvironment.cs:line 91
--- End of stack trace from previous location ---
   at Erp.Testing.TestDatabaseServer.<>c__DisplayClass25_0.<<GateTemplateAsync>b__3>d.MoveNext() in /work/tests/Erp.Testing/TestDatabaseServer.cs:line 160
--- End of stack trace from previous location ---
   at Erp.Testing.TestDatabaseServer.GateTemplateAsync(IDictionary`2 settings, Func`2 seed) in /work/tests/Erp.Testing/TestDatabaseServer.cs:line 165
   at Erp.Testing.ErpTestEnvironment.StartGateAsync(IDictionary`2 settings) in /work/tests/Erp.Testing/ErpTestEnvironment.cs:line 88
   at Erp.Gates.Tests.Infrastructure.GateFixture.InitializeAsync() in /work/tests/Erp.Gates.Tests/Infrastructure/GateFixture.cs:line 17
  Failed Erp.Gates.Tests.G2.G2PermissionTests.Users_cannot_escalate_their_own_privileges [1 ms]
  Error Message:
   Assembly fixture type 'Erp.Gates.Tests.Infrastructure.GateFixture' threw in InitializeAsync
---- System.InvalidOperationException : Endpoint authorisation is incomplete:
HTTP: GET /api/tenancy/tenant => GetTenant: declares 'tenancy.tenant.read' but no authorization policy on it requires that permission; use RequirePermission
HTTP: GET /api/tenancy/companies => List: declares 'tenancy.companies.read' but no authorization policy on it requires that permission; use RequirePermission
HTTP: GET /api/tenancy/companies/{id:guid} => Get: declares 'tenancy.companies.read' but no authorization policy on it requires that permission; use RequirePermission
HTTP: GET /api/tenancy/companies/{id:guid}/logo => GetLogo: declares 'tenancy.companies.read' but no authorization policy on it requires that permission; use RequirePermission
HTTP: GET /api/tenancy/branches => List: declares 'tenancy.branches.read' but no authorization policy on it requires that permission; use RequirePermission
HTTP: GET /api/tenancy/branches/{id:guid} => Get: declares 'tenancy.branches.read' but no authorization policy on it requires that permission; use RequirePermission
HTTP: GET /api/tenancy/access => List: declares 'tenancy.access.read' but no authorization policy on it requires that permission; use RequirePermission
HTTP: GET /api/tenancy/access/{userId:guid} => Get: declares 'tenancy.access.read' but no authorization policy on it requires that permission; use RequirePermission
HTTP: GET /api/tenancy/workplace => Get: declares 'tenancy.workplace.read' but no authorization policy on it requires that permission; use RequirePermission
HTTP: GET /api/identity/users => List: declares 'identity.users.read' but no authorization policy on it requires that permission; use RequirePermission
HTTP: GET /api/identity/users/{id:guid} => Get: declares 'identity.users.read' but no authorization policy on it requires that permission; use RequirePermission
HTTP: GET /api/identity/users/{id:guid}/access => Access: declares 'identity.users.read' but no authorization policy on it requires that permission; use RequirePermission
HTTP: GET /api/identity/users/{id:guid}/default-company => GetDefaultCompany: declares 'identity.users.read' but no authorization policy on it requires that permission; use RequirePermission
HTTP: GET /api/identity/companies => Companies: declares 'identity.users.read' but no authorization policy on it requires that permission; use RequirePermission
HTTP: GET /api/identity/users/{id:guid}/sign-ins => SignIns: declares 'identity.signIns.read' but no authorization policy on it requires that permission; use RequirePermission
HTTP: GET /api/identity/roles => List: declares 'identity.roles.read' but no authorization policy on it requires that permission; use RequirePermission
HTTP: GET /api/identity/roles/{id:guid} => Get: declares 'identity.roles.read' but no authorization policy on it requires that permission; use RequirePermission
HTTP: GET /api/identity/permissions => Permissions: declares 'identity.roles.read' but no authorization policy on it requires that permission; use RequirePermission
HTTP: GET /api/identity/users/{id:guid}/passkeys => OfUser: declares 'identity.users.read' but no authorization policy on it requires that permission; use RequirePermission
HTTP: GET /api/lists/tenancy.companies/definition: declares 'tenancy.companies.read' but no authorization policy on it requires that permission; use RequirePermission
HTTP: GET /api/lists/tenancy.companies/views: declares 'tenancy.companies.read' but no authorization policy on it requires that permission; use RequirePermission
HTTP: GET /api/lists/tenancy.companies/views/{id:guid}: declares 'tenancy.companies.read' but no authorization policy on it requires that permission; use RequirePermission
HTTP: POST /api/lists/tenancy.companies/views: declares 'tenancy.companies.read' but no authorization policy on it requires that permission; use RequirePermission
HTTP: PUT /api/lists/tenancy.companies/views/{id:guid}: declares 'tenancy.companies.read' but no authorization policy on it requires that permission; use RequirePermission
HTTP: DELETE /api/lists/tenancy.companies/views/{id:guid}: declares 'tenancy.companies.read' but no authorization policy on it requires that permission; use RequirePermission
HTTP: GET /api/lists/tenancy.companies/shared-views/{id:guid}: declares 'tenancy.companies.read' but no authorization policy on it requires that permission; use RequirePermission
HTTP: GET /api/lists/tenancy.branches/definition: declares 'tenancy.branches.read' but no authorization policy on it requires that permission; use RequirePermission
HTTP: GET /api/lists/tenancy.branches/views: declares 'tenancy.branches.read' but no authorization policy on it requires that permission; use RequirePermission
HTTP: GET /api/lists/tenancy.branches/views/{id:guid}: declares 'tenancy.branches.read' but no authorization policy on it requires that permission; use RequirePermission
HTTP: POST /api/lists/tenancy.branches/views: declares 'tenancy.branches.read' but no authorization policy on it requires that permission; use RequirePermission
HTTP: PUT /api/lists/tenancy.branches/views/{id:guid}: declares 'tenancy.branches.read' but no authorization policy on it requires that permission; use RequirePermission
HTTP: DELETE /api/lists/tenancy.branches/views/{id:guid}: declares 'tenancy.branches.read' but no authorization policy on it requires that permission; use RequirePermission
HTTP: GET /api/lists/tenancy.branches/shared-views/{id:guid}: declares 'tenancy.branches.read' but no authorization policy on it requires that permission; use RequirePermission
HTTP: GET /api/lists/tenancy.access/definition: declares 'tenancy.access.read' but no authorization policy on it requires that permission; use RequirePermission
HTTP: GET /api/lists/tenancy.access/views: declares 'tenancy.access.read' but no authorization policy on it requires that permission; use RequirePermission
HTTP: GET /api/lists/tenancy.access/views/{id:guid}: declares 'tenancy.access.read' but no authorization policy on it requires that permission; use RequirePermission
HTTP: POST /api/lists/tenancy.access/views: declares 'tenancy.access.read' but no authorization policy on it requires that permission; use RequirePermission
HTTP: PUT /api/lists/tenancy.access/views/{id:guid}: declares 'tenancy.access.read' but no authorization policy on it requires that permission; use RequirePermission
HTTP: DELETE /api/lists/tenancy.access/views/{id:guid}: declares 'tenancy.access.read' but no authorization policy on it requires that permission; use RequirePermission
HTTP: GET /api/lists/tenancy.access/shared-views/{id:guid}: declares 'tenancy.access.read' but no authorization policy on it requires that permission; use RequirePermission
HTTP: GET /api/lists/identity.users/definition: declares 'identity.users.read' but no authorization policy on it requires that permission; use RequirePermission
HTTP: GET /api/lists/identity.users/views: declares 'identity.users.read' but no authorization policy on it requires that permission; use RequirePermission
HTTP: GET /api/lists/identity.users/views/{id:guid}: declares 'identity.users.read' but no authorization policy on it requires that permission; use RequirePermission
HTTP: POST /api/lists/identity.users/views: declares 'identity.users.read' but no authorization policy on it requires that permission; use RequirePermission
HTTP: PUT /api/lists/identity.users/views/{id:guid}: declares 'identity.users.read' but no authorization policy on it requires that permission; use RequirePermission
HTTP: DELETE /api/lists/identity.users/views/{id:guid}: declares 'identity.users.read' but no authorization policy on it requires that permission; use RequirePermission
HTTP: GET /api/lists/identity.users/shared-views/{id:guid}: declares 'identity.users.read' but no authorization policy on it requires that permission; use RequirePermission
HTTP: GET /api/lists/identity.roles/definition: declares 'identity.roles.read' but no authorization policy on it requires that permission; use RequirePermission
HTTP: GET /api/lists/identity.roles/views: declares 'identity.roles.read' but no authorization policy on it requires that permission; use RequirePermission
HTTP: GET /api/lists/identity.roles/views/{id:guid}: declares 'identity.roles.read' but no authorization policy on it requires that permission; use RequirePermission
HTTP: POST /api/lists/identity.roles/views: declares 'identity.roles.read' but no authorization policy on it requires that permission; use RequirePermission
HTTP: PUT /api/lists/identity.roles/views/{id:guid}: declares 'identity.roles.read' but no authorization policy on it requires that permission; use RequirePermission
HTTP: DELETE /api/lists/identity.roles/views/{id:guid}: declares 'identity.roles.read' but no authorization policy on it requires that permission; use RequirePermission
HTTP: GET /api/lists/identity.roles/shared-views/{id:guid}: declares 'identity.roles.read' but no authorization policy on it requires that permission; use RequirePermission
HTTP: GET /api/reports/catalog => Catalog: declares 'reports.catalog.read' but no authorization policy on it requires that permission; use RequirePermission
HTTP: GET /api/reports/run/tenancy.companyProfile: declares 'tenancy.companies.read' but no authorization policy on it requires that permission; use RequirePermission
HTTP: GET /api/reports/run/tenancy.branchDirectory: declares 'tenancy.branches.read' but no authorization policy on it requires that permission; use RequirePermission
HTTP: GET /api/reports/run/identity.usersByRole: declares 'identity.users.read' but no authorization policy on it requires that permission; use RequirePermission
HTTP: GET /api/reports/run/identity.roleSummary: declares 'identity.roles.read' but no authorization policy on it requires that permission; use RequirePermission
HTTP: GET /api/reports/lists/tenancy.companies: declares 'tenancy.companies.read' but no authorization policy on it requires that permission; use RequirePermission
HTTP: GET /api/reports/lists/tenancy.branches: declares 'tenancy.branches.read' but no authorization policy on it requires that permission; use RequirePermission
HTTP: GET /api/reports/lists/tenancy.access: declares 'tenancy.access.read' but no authorization policy on it requires that permission; use RequirePermission
HTTP: GET /api/reports/lists/identity.users: declares 'identity.users.read' but no authorization policy on it requires that permission; use RequirePermission
HTTP: GET /api/reports/lists/identity.roles: declares 'identity.roles.read' but no authorization policy on it requires that permission; use RequirePermission
  Stack Trace:
  
----- Inner Stack Trace -----
   at Erp.Kernel.Hosting.ErpPlatform.ValidateEndpoints(WebApplication app) in /work/src/Kernel/Erp.Kernel/Hosting/ErpPlatform.cs:line 251
   at Erp.Kernel.Hosting.ErpPlatform.UseErpPlatform(WebApplication app) in /work/src/Kernel/Erp.Kernel/Hosting/ErpPlatform.cs:line 204
   at Program.<Main>$(String[] args) in /work/src/Host/Erp.Host/Program.cs:line 8
   at Program.<Main>(String[] args)
   at System.Reflection.MethodBaseInvoker.InterpretedInvoke_Method(Object obj, IntPtr* args)
   at System.Reflection.MethodBaseInvoker.InvokeDirectByRefWithFewArgs(Object obj, Span`1 copyOfArgs, BindingFlags invokeAttr)
--- End of stack trace from previous location ---
   at Microsoft.AspNetCore.Mvc.Testing.DeferredHostBuilder.DeferredHost.StartAsync(CancellationToken cancellationToken)
   at Microsoft.Extensions.Hosting.HostingAbstractionsHostExtensions.Start(IHost host)
   at Microsoft.AspNetCore.Mvc.Testing.WebApplicationFactory`1.CreateHost(IHostBuilder builder)
   at Microsoft.AspNetCore.Mvc.Testing.WebApplicationFactory`1.ConfigureHostBuilder(IHostBuilder hostBuilder)
   at Microsoft.AspNetCore.Mvc.Testing.WebApplicationFactory`1.StartServer()
   at Microsoft.AspNetCore.Mvc.Testing.WebApplicationFactory`1.get_Services()
   at Erp.Testing.ErpTestEnvironment.SeedAsync(TestDatabaseServer server, String database, SeedPlan plan, IDictionary`2 settings) in /work/tests/Erp.Testing/ErpTestEnvironment.cs:line 129
   at Erp.Testing.ErpTestEnvironment.SeedAsync(TestDatabaseServer server, String database, SeedPlan plan, IDictionary`2 settings) in /work/tests/Erp.Testing/ErpTestEnvironment.cs:line 139
   at Erp.Testing.ErpTestEnvironment.<>c__DisplayClass34_0.<<StartGateAsync>b__0>d.MoveNext() in /work/tests/Erp.Testing/ErpTestEnvironment.cs:line 91
--- End of stack trace from previous location ---
   at Erp.Testing.TestDatabaseServer.<>c__DisplayClass25_0.<<GateTemplateAsync>b__3>d.MoveNext() in /work/tests/Erp.Testing/TestDatabaseServer.cs:line 160
--- End of stack trace from previous location ---
   at Erp.Testing.TestDatabaseServer.GateTemplateAsync(IDictionary`2 settings, Func`2 seed) in /work/tests/Erp.Testing/TestDatabaseServer.cs:line 165
   at Erp.Testing.ErpTestEnvironment.StartGateAsync(IDictionary`2 settings) in /work/tests/Erp.Testing/ErpTestEnvironment.cs:line 88
   at Erp.Gates.Tests.Infrastructure.GateFixture.InitializeAsync() in /work/tests/Erp.Gates.Tests/Infrastructure/GateFixture.cs:line 17
  Failed Erp.Gates.Tests.G2.G2PermissionTests.Granting_exactly_one_permission_opens_exactly_the_endpoints_that_declare_it [1 ms]
  Error Message:
   Assembly fixture type 'Erp.Gates.Tests.Infrastructure.GateFixture' threw in InitializeAsync
---- System.InvalidOperationException : Endpoint authorisation is incomplete:
HTTP: GET /api/tenancy/tenant => GetTenant: declares 'tenancy.tenant.read' but no authorization policy on it requires that permission; use RequirePermission
HTTP: GET /api/tenancy/companies => List: declares 'tenancy.companies.read' but no authorization policy on it requires that permission; use RequirePermission
HTTP: GET /api/tenancy/companies/{id:guid} => Get: declares 'tenancy.companies.read' but no authorization policy on it requires that permission; use RequirePermission
HTTP: GET /api/tenancy/companies/{id:guid}/logo => GetLogo: declares 'tenancy.companies.read' but no authorization policy on it requires that permission; use RequirePermission
HTTP: GET /api/tenancy/branches => List: declares 'tenancy.branches.read' but no authorization policy on it requires that permission; use RequirePermission
HTTP: GET /api/tenancy/branches/{id:guid} => Get: declares 'tenancy.branches.read' but no authorization policy on it requires that permission; use RequirePermission
HTTP: GET /api/tenancy/access => List: declares 'tenancy.access.read' but no authorization policy on it requires that permission; use RequirePermission
HTTP: GET /api/tenancy/access/{userId:guid} => Get: declares 'tenancy.access.read' but no authorization policy on it requires that permission; use RequirePermission
HTTP: GET /api/tenancy/workplace => Get: declares 'tenancy.workplace.read' but no authorization policy on it requires that permission; use RequirePermission
HTTP: GET /api/identity/users => List: declares 'identity.users.read' but no authorization policy on it requires that permission; use RequirePermission
HTTP: GET /api/identity/users/{id:guid} => Get: declares 'identity.users.read' but no authorization policy on it requires that permission; use RequirePermission
HTTP: GET /api/identity/users/{id:guid}/access => Access: declares 'identity.users.read' but no authorization policy on it requires that permission; use RequirePermission
HTTP: GET /api/identity/users/{id:guid}/default-company => GetDefaultCompany: declares 'identity.users.read' but no authorization policy on it requires that permission; use RequirePermission
HTTP: GET /api/identity/companies => Companies: declares 'identity.users.read' but no authorization policy on it requires that permission; use RequirePermission
HTTP: GET /api/identity/users/{id:guid}/sign-ins => SignIns: declares 'identity.signIns.read' but no authorization policy on it requires that permission; use RequirePermission
HTTP: GET /api/identity/roles => List: declares 'identity.roles.read' but no authorization policy on it requires that permission; use RequirePermission
HTTP: GET /api/identity/roles/{id:guid} => Get: declares 'identity.roles.read' but no authorization policy on it requires that permission; use RequirePermission
HTTP: GET /api/identity/permissions => Permissions: declares 'identity.roles.read' but no authorization policy on it requires that permission; use RequirePermission
HTTP: GET /api/identity/users/{id:guid}/passkeys => OfUser: declares 'identity.users.read' but no authorization policy on it requires that permission; use RequirePermission
HTTP: GET /api/lists/tenancy.companies/definition: declares 'tenancy.companies.read' but no authorization policy on it requires that permission; use RequirePermission
HTTP: GET /api/lists/tenancy.companies/views: declares 'tenancy.companies.read' but no authorization policy on it requires that permission; use RequirePermission
HTTP: GET /api/lists/tenancy.companies/views/{id:guid}: declares 'tenancy.companies.read' but no authorization policy on it requires that permission; use RequirePermission
HTTP: POST /api/lists/tenancy.companies/views: declares 'tenancy.companies.read' but no authorization policy on it requires that permission; use RequirePermission
HTTP: PUT /api/lists/tenancy.companies/views/{id:guid}: declares 'tenancy.companies.read' but no authorization policy on it requires that permission; use RequirePermission
HTTP: DELETE /api/lists/tenancy.companies/views/{id:guid}: declares 'tenancy.companies.read' but no authorization policy on it requires that permission; use RequirePermission
HTTP: GET /api/lists/tenancy.companies/shared-views/{id:guid}: declares 'tenancy.companies.read' but no authorization policy on it requires that permission; use RequirePermission
HTTP: GET /api/lists/tenancy.branches/definition: declares 'tenancy.branches.read' but no authorization policy on it requires that permission; use RequirePermission
HTTP: GET /api/lists/tenancy.branches/views: declares 'tenancy.branches.read' but no authorization policy on it requires that permission; use RequirePermission
HTTP: GET /api/lists/tenancy.branches/views/{id:guid}: declares 'tenancy.branches.read' but no authorization policy on it requires that permission; use RequirePermission
HTTP: POST /api/lists/tenancy.branches/views: declares 'tenancy.branches.read' but no authorization policy on it requires that permission; use RequirePermission
HTTP: PUT /api/lists/tenancy.branches/views/{id:guid}: declares 'tenancy.branches.read' but no authorization policy on it requires that permission; use RequirePermission
HTTP: DELETE /api/lists/tenancy.branches/views/{id:guid}: declares 'tenancy.branches.read' but no authorization policy on it requires that permission; use RequirePermission
HTTP: GET /api/lists/tenancy.branches/shared-views/{id:guid}: declares 'tenancy.branches.read' but no authorization policy on it requires that permission; use RequirePermission
HTTP: GET /api/lists/tenancy.access/definition: declares 'tenancy.access.read' but no authorization policy on it requires that permission; use RequirePermission
HTTP: GET /api/lists/tenancy.access/views: declares 'tenancy.access.read' but no authorization policy on it requires that permission; use RequirePermission
HTTP: GET /api/lists/tenancy.access/views/{id:guid}: declares 'tenancy.access.read' but no authorization policy on it requires that permission; use RequirePermission
HTTP: POST /api/lists/tenancy.access/views: declares 'tenancy.access.read' but no authorization policy on it requires that permission; use RequirePermission
HTTP: PUT /api/lists/tenancy.access/views/{id:guid}: declares 'tenancy.access.read' but no authorization policy on it requires that permission; use RequirePermission
HTTP: DELETE /api/lists/tenancy.access/views/{id:guid}: declares 'tenancy.access.read' but no authorization policy on it requires that permission; use RequirePermission
HTTP: GET /api/lists/tenancy.access/shared-views/{id:guid}: declares 'tenancy.access.read' but no authorization policy on it requires that permission; use RequirePermission
HTTP: GET /api/lists/identity.users/definition: declares 'identity.users.read' but no authorization policy on it requires that permission; use RequirePermission
HTTP: GET /api/lists/identity.users/views: declares 'identity.users.read' but no authorization policy on it requires that permission; use RequirePermission
HTTP: GET /api/lists/identity.users/views/{id:guid}: declares 'identity.users.read' but no authorization policy on it requires that permission; use RequirePermission
HTTP: POST /api/lists/identity.users/views: declares 'identity.users.read' but no authorization policy on it requires that permission; use RequirePermission
HTTP: PUT /api/lists/identity.users/views/{id:guid}: declares 'identity.users.read' but no authorization policy on it requires that permission; use RequirePermission
HTTP: DELETE /api/lists/identity.users/views/{id:guid}: declares 'identity.users.read' but no authorization policy on it requires that permission; use RequirePermission
HTTP: GET /api/lists/identity.users/shared-views/{id:guid}: declares 'identity.users.read' but no authorization policy on it requires that permission; use RequirePermission
HTTP: GET /api/lists/identity.roles/definition: declares 'identity.roles.read' but no authorization policy on it requires that permission; use RequirePermission
HTTP: GET /api/lists/identity.roles/views: declares 'identity.roles.read' but no authorization policy on it requires that permission; use RequirePermission
HTTP: GET /api/lists/identity.roles/views/{id:guid}: declares 'identity.roles.read' but no authorization policy on it requires that permission; use RequirePermission
HTTP: POST /api/lists/identity.roles/views: declares 'identity.roles.read' but no authorization policy on it requires that permission; use RequirePermission
HTTP: PUT /api/lists/identity.roles/views/{id:guid}: declares 'identity.roles.read' but no authorization policy on it requires that permission; use RequirePermission
HTTP: DELETE /api/lists/identity.roles/views/{id:guid}: declares 'identity.roles.read' but no authorization policy on it requires that permission; use RequirePermission
HTTP: GET /api/lists/identity.roles/shared-views/{id:guid}: declares 'identity.roles.read' but no authorization policy on it requires that permission; use RequirePermission
HTTP: GET /api/reports/catalog => Catalog: declares 'reports.catalog.read' but no authorization policy on it requires that permission; use RequirePermission
HTTP: GET /api/reports/run/tenancy.companyProfile: declares 'tenancy.companies.read' but no authorization policy on it requires that permission; use RequirePermission
HTTP: GET /api/reports/run/tenancy.branchDirectory: declares 'tenancy.branches.read' but no authorization policy on it requires that permission; use RequirePermission
HTTP: GET /api/reports/run/identity.usersByRole: declares 'identity.users.read' but no authorization policy on it requires that permission; use RequirePermission
HTTP: GET /api/reports/run/identity.roleSummary: declares 'identity.roles.read' but no authorization policy on it requires that permission; use RequirePermission
HTTP: GET /api/reports/lists/tenancy.companies: declares 'tenancy.companies.read' but no authorization policy on it requires that permission; use RequirePermission
HTTP: GET /api/reports/lists/tenancy.branches: declares 'tenancy.branches.read' but no authorization policy on it requires that permission; use RequirePermission
HTTP: GET /api/reports/lists/tenancy.access: declares 'tenancy.access.read' but no authorization policy on it requires that permission; use RequirePermission
HTTP: GET /api/reports/lists/identity.users: declares 'identity.users.read' but no authorization policy on it requires that permission; use RequirePermission
HTTP: GET /api/reports/lists/identity.roles: declares 'identity.roles.read' but no authorization policy on it requires that permission; use RequirePermission
  Stack Trace:
  
----- Inner Stack Trace -----
   at Erp.Kernel.Hosting.ErpPlatform.ValidateEndpoints(WebApplication app) in /work/src/Kernel/Erp.Kernel/Hosting/ErpPlatform.cs:line 251
   at Erp.Kernel.Hosting.ErpPlatform.UseErpPlatform(WebApplication app) in /work/src/Kernel/Erp.Kernel/Hosting/ErpPlatform.cs:line 204
   at Program.<Main>$(String[] args) in /work/src/Host/Erp.Host/Program.cs:line 8
   at Program.<Main>(String[] args)
   at System.Reflection.MethodBaseInvoker.InterpretedInvoke_Method(Object obj, IntPtr* args)
   at System.Reflection.MethodBaseInvoker.InvokeDirectByRefWithFewArgs(Object obj, Span`1 copyOfArgs, BindingFlags invokeAttr)
--- End of stack trace from previous location ---
   at Microsoft.AspNetCore.Mvc.Testing.DeferredHostBuilder.DeferredHost.StartAsync(CancellationToken cancellationToken)
   at Microsoft.Extensions.Hosting.HostingAbstractionsHostExtensions.Start(IHost host)
   at Microsoft.AspNetCore.Mvc.Testing.WebApplicationFactory`1.CreateHost(IHostBuilder builder)
   at Microsoft.AspNetCore.Mvc.Testing.WebApplicationFactory`1.ConfigureHostBuilder(IHostBuilder hostBuilder)
   at Microsoft.AspNetCore.Mvc.Testing.WebApplicationFactory`1.StartServer()
   at Microsoft.AspNetCore.Mvc.Testing.WebApplicationFactory`1.get_Services()
   at Erp.Testing.ErpTestEnvironment.SeedAsync(TestDatabaseServer server, String database, SeedPlan plan, IDictionary`2 settings) in /work/tests/Erp.Testing/ErpTestEnvironment.cs:line 129
   at Erp.Testing.ErpTestEnvironment.SeedAsync(TestDatabaseServer server, String database, SeedPlan plan, IDictionary`2 settings) in /work/tests/Erp.Testing/ErpTestEnvironment.cs:line 139
   at Erp.Testing.ErpTestEnvironment.<>c__DisplayClass34_0.<<StartGateAsync>b__0>d.MoveNext() in /work/tests/Erp.Testing/ErpTestEnvironment.cs:line 91
--- End of stack trace from previous location ---
   at Erp.Testing.TestDatabaseServer.<>c__DisplayClass25_0.<<GateTemplateAsync>b__3>d.MoveNext() in /work/tests/Erp.Testing/TestDatabaseServer.cs:line 160
--- End of stack trace from previous location ---
   at Erp.Testing.TestDatabaseServer.GateTemplateAsync(IDictionary`2 settings, Func`2 seed) in /work/tests/Erp.Testing/TestDatabaseServer.cs:line 165
   at Erp.Testing.ErpTestEnvironment.StartGateAsync(IDictionary`2 settings) in /work/tests/Erp.Testing/ErpTestEnvironment.cs:line 88
   at Erp.Gates.Tests.Infrastructure.GateFixture.InitializeAsync() in /work/tests/Erp.Gates.Tests/Infrastructure/GateFixture.cs:line 17
  Failed Erp.Gates.Tests.G2.G2PermissionTests.A_user_whose_roles_grant_nothing_is_denied_everything_and_sees_no_menu [1 ms]
  Error Message:
   Assembly fixture type 'Erp.Gates.Tests.Infrastructure.GateFixture' threw in InitializeAsync
---- System.InvalidOperationException : Endpoint authorisation is incomplete:
HTTP: GET /api/tenancy/tenant => GetTenant: declares 'tenancy.tenant.read' but no authorization policy on it requires that permission; use RequirePermission
HTTP: GET /api/tenancy/companies => List: declares 'tenancy.companies.read' but no authorization policy on it requires that permission; use RequirePermission
HTTP: GET /api/tenancy/companies/{id:guid} => Get: declares 'tenancy.companies.read' but no authorization policy on it requires that permission; use RequirePermission
HTTP: GET /api/tenancy/companies/{id:guid}/logo => GetLogo: declares 'tenancy.companies.read' but no authorization policy on it requires that permission; use RequirePermission
HTTP: GET /api/tenancy/branches => List: declares 'tenancy.branches.read' but no authorization policy on it requires that permission; use RequirePermission
HTTP: GET /api/tenancy/branches/{id:guid} => Get: declares 'tenancy.branches.read' but no authorization policy on it requires that permission; use RequirePermission
HTTP: GET /api/tenancy/access => List: declares 'tenancy.access.read' but no authorization policy on it requires that permission; use RequirePermission
HTTP: GET /api/tenancy/access/{userId:guid} => Get: declares 'tenancy.access.read' but no authorization policy on it requires that permission; use RequirePermission
HTTP: GET /api/tenancy/workplace => Get: declares 'tenancy.workplace.read' but no authorization policy on it requires that permission; use RequirePermission
HTTP: GET /api/identity/users => List: declares 'identity.users.read' but no authorization policy on it requires that permission; use RequirePermission
HTTP: GET /api/identity/users/{id:guid} => Get: declares 'identity.users.read' but no authorization policy on it requires that permission; use RequirePermission
HTTP: GET /api/identity/users/{id:guid}/access => Access: declares 'identity.users.read' but no authorization policy on it requires that permission; use RequirePermission
HTTP: GET /api/identity/users/{id:guid}/default-company => GetDefaultCompany: declares 'identity.users.read' but no authorization policy on it requires that permission; use RequirePermission
HTTP: GET /api/identity/companies => Companies: declares 'identity.users.read' but no authorization policy on it requires that permission; use RequirePermission
HTTP: GET /api/identity/users/{id:guid}/sign-ins => SignIns: declares 'identity.signIns.read' but no authorization policy on it requires that permission; use RequirePermission
HTTP: GET /api/identity/roles => List: declares 'identity.roles.read' but no authorization policy on it requires that permission; use RequirePermission
HTTP: GET /api/identity/roles/{id:guid} => Get: declares 'identity.roles.read' but no authorization policy on it requires that permission; use RequirePermission
HTTP: GET /api/identity/permissions => Permissions: declares 'identity.roles.read' but no authorization policy on it requires that permission; use RequirePermission
HTTP: GET /api/identity/users/{id:guid}/passkeys => OfUser: declares 'identity.users.read' but no authorization policy on it requires that permission; use RequirePermission
HTTP: GET /api/lists/tenancy.companies/definition: declares 'tenancy.companies.read' but no authorization policy on it requires that permission; use RequirePermission
HTTP: GET /api/lists/tenancy.companies/views: declares 'tenancy.companies.read' but no authorization policy on it requires that permission; use RequirePermission
HTTP: GET /api/lists/tenancy.companies/views/{id:guid}: declares 'tenancy.companies.read' but no authorization policy on it requires that permission; use RequirePermission
HTTP: POST /api/lists/tenancy.companies/views: declares 'tenancy.companies.read' but no authorization policy on it requires that permission; use RequirePermission
HTTP: PUT /api/lists/tenancy.companies/views/{id:guid}: declares 'tenancy.companies.read' but no authorization policy on it requires that permission; use RequirePermission
HTTP: DELETE /api/lists/tenancy.companies/views/{id:guid}: declares 'tenancy.companies.read' but no authorization policy on it requires that permission; use RequirePermission
HTTP: GET /api/lists/tenancy.companies/shared-views/{id:guid}: declares 'tenancy.companies.read' but no authorization policy on it requires that permission; use RequirePermission
HTTP: GET /api/lists/tenancy.branches/definition: declares 'tenancy.branches.read' but no authorization policy on it requires that permission; use RequirePermission
HTTP: GET /api/lists/tenancy.branches/views: declares 'tenancy.branches.read' but no authorization policy on it requires that permission; use RequirePermission
HTTP: GET /api/lists/tenancy.branches/views/{id:guid}: declares 'tenancy.branches.read' but no authorization policy on it requires that permission; use RequirePermission
HTTP: POST /api/lists/tenancy.branches/views: declares 'tenancy.branches.read' but no authorization policy on it requires that permission; use RequirePermission
HTTP: PUT /api/lists/tenancy.branches/views/{id:guid}: declares 'tenancy.branches.read' but no authorization policy on it requires that permission; use RequirePermission
HTTP: DELETE /api/lists/tenancy.branches/views/{id:guid}: declares 'tenancy.branches.read' but no authorization policy on it requires that permission; use RequirePermission
HTTP: GET /api/lists/tenancy.branches/shared-views/{id:guid}: declares 'tenancy.branches.read' but no authorization policy on it requires that permission; use RequirePermission
HTTP: GET /api/lists/tenancy.access/definition: declares 'tenancy.access.read' but no authorization policy on it requires that permission; use RequirePermission
HTTP: GET /api/lists/tenancy.access/views: declares 'tenancy.access.read' but no authorization policy on it requires that permission; use RequirePermission
HTTP: GET /api/lists/tenancy.access/views/{id:guid}: declares 'tenancy.access.read' but no authorization policy on it requires that permission; use RequirePermission
HTTP: POST /api/lists/tenancy.access/views: declares 'tenancy.access.read' but no authorization policy on it requires that permission; use RequirePermission
HTTP: PUT /api/lists/tenancy.access/views/{id:guid}: declares 'tenancy.access.read' but no authorization policy on it requires that permission; use RequirePermission
HTTP: DELETE /api/lists/tenancy.access/views/{id:guid}: declares 'tenancy.access.read' but no authorization policy on it requires that permission; use RequirePermission
HTTP: GET /api/lists/tenancy.access/shared-views/{id:guid}: declares 'tenancy.access.read' but no authorization policy on it requires that permission; use RequirePermission
HTTP: GET /api/lists/identity.users/definition: declares 'identity.users.read' but no authorization policy on it requires that permission; use RequirePermission
HTTP: GET /api/lists/identity.users/views: declares 'identity.users.read' but no authorization policy on it requires that permission; use RequirePermission
HTTP: GET /api/lists/identity.users/views/{id:guid}: declares 'identity.users.read' but no authorization policy on it requires that permission; use RequirePermission
HTTP: POST /api/lists/identity.users/views: declares 'identity.users.read' but no authorization policy on it requires that permission; use RequirePermission
HTTP: PUT /api/lists/identity.users/views/{id:guid}: declares 'identity.users.read' but no authorization policy on it requires that permission; use RequirePermission
HTTP: DELETE /api/lists/identity.users/views/{id:guid}: declares 'identity.users.read' but no authorization policy on it requires that permission; use RequirePermission
HTTP: GET /api/lists/identity.users/shared-views/{id:guid}: declares 'identity.users.read' but no authorization policy on it requires that permission; use RequirePermission
HTTP: GET /api/lists/identity.roles/definition: declares 'identity.roles.read' but no authorization policy on it requires that permission; use RequirePermission
HTTP: GET /api/lists/identity.roles/views: declares 'identity.roles.read' but no authorization policy on it requires that permission; use RequirePermission
HTTP: GET /api/lists/identity.roles/views/{id:guid}: declares 'identity.roles.read' but no authorization policy on it requires that permission; use RequirePermission
HTTP: POST /api/lists/identity.roles/views: declares 'identity.roles.read' but no authorization policy on it requires that permission; use RequirePermission
HTTP: PUT /api/lists/identity.roles/views/{id:guid}: declares 'identity.roles.read' but no authorization policy on it requires that permission; use RequirePermission
HTTP: DELETE /api/lists/identity.roles/views/{id:guid}: declares 'identity.roles.read' but no authorization policy on it requires that permission; use RequirePermission
HTTP: GET /api/lists/identity.roles/shared-views/{id:guid}: declares 'identity.roles.read' but no authorization policy on it requires that permission; use RequirePermission
HTTP: GET /api/reports/catalog => Catalog: declares 'reports.catalog.read' but no authorization policy on it requires that permission; use RequirePermission
HTTP: GET /api/reports/run/tenancy.companyProfile: declares 'tenancy.companies.read' but no authorization policy on it requires that permission; use RequirePermission
HTTP: GET /api/reports/run/tenancy.branchDirectory: declares 'tenancy.branches.read' but no authorization policy on it requires that permission; use RequirePermission
HTTP: GET /api/reports/run/identity.usersByRole: declares 'identity.users.read' but no authorization policy on it requires that permission; use RequirePermission
HTTP: GET /api/reports/run/identity.roleSummary: declares 'identity.roles.read' but no authorization policy on it requires that permission; use RequirePermission
HTTP: GET /api/reports/lists/tenancy.companies: declares 'tenancy.companies.read' but no authorization policy on it requires that permission; use RequirePermission
HTTP: GET /api/reports/lists/tenancy.branches: declares 'tenancy.branches.read' but no authorization policy on it requires that permission; use RequirePermission
HTTP: GET /api/reports/lists/tenancy.access: declares 'tenancy.access.read' but no authorization policy on it requires that permission; use RequirePermission
HTTP: GET /api/reports/lists/identity.users: declares 'identity.users.read' but no authorization policy on it requires that permission; use RequirePermission
HTTP: GET /api/reports/lists/identity.roles: declares 'identity.roles.read' but no authorization policy on it requires that permission; use RequirePermission
  Stack Trace:
  
----- Inner Stack Trace -----
   at Erp.Kernel.Hosting.ErpPlatform.ValidateEndpoints(WebApplication app) in /work/src/Kernel/Erp.Kernel/Hosting/ErpPlatform.cs:line 251
   at Erp.Kernel.Hosting.ErpPlatform.UseErpPlatform(WebApplication app) in /work/src/Kernel/Erp.Kernel/Hosting/ErpPlatform.cs:line 204
   at Program.<Main>$(String[] args) in /work/src/Host/Erp.Host/Program.cs:line 8
   at Program.<Main>(String[] args)
   at System.Reflection.MethodBaseInvoker.InterpretedInvoke_Method(Object obj, IntPtr* args)
   at System.Reflection.MethodBaseInvoker.InvokeDirectByRefWithFewArgs(Object obj, Span`1 copyOfArgs, BindingFlags invokeAttr)
--- End of stack trace from previous location ---
   at Microsoft.AspNetCore.Mvc.Testing.DeferredHostBuilder.DeferredHost.StartAsync(CancellationToken cancellationToken)
   at Microsoft.Extensions.Hosting.HostingAbstractionsHostExtensions.Start(IHost host)
   at Microsoft.AspNetCore.Mvc.Testing.WebApplicationFactory`1.CreateHost(IHostBuilder builder)
   at Microsoft.AspNetCore.Mvc.Testing.WebApplicationFactory`1.ConfigureHostBuilder(IHostBuilder hostBuilder)
   at Microsoft.AspNetCore.Mvc.Testing.WebApplicationFactory`1.StartServer()
   at Microsoft.AspNetCore.Mvc.Testing.WebApplicationFactory`1.get_Services()
   at Erp.Testing.ErpTestEnvironment.SeedAsync(TestDatabaseServer server, String database, SeedPlan plan, IDictionary`2 settings) in /work/tests/Erp.Testing/ErpTestEnvironment.cs:line 129
   at Erp.Testing.ErpTestEnvironment.SeedAsync(TestDatabaseServer server, String database, SeedPlan plan, IDictionary`2 settings) in /work/tests/Erp.Testing/ErpTestEnvironment.cs:line 139
   at Erp.Testing.ErpTestEnvironment.<>c__DisplayClass34_0.<<StartGateAsync>b__0>d.MoveNext() in /work/tests/Erp.Testing/ErpTestEnvironment.cs:line 91
--- End of stack trace from previous location ---
   at Erp.Testing.TestDatabaseServer.<>c__DisplayClass25_0.<<GateTemplateAsync>b__3>d.MoveNext() in /work/tests/Erp.Testing/TestDatabaseServer.cs:line 160
--- End of stack trace from previous location ---
   at Erp.Testing.TestDatabaseServer.GateTemplateAsync(IDictionary`2 settings, Func`2 seed) in /work/tests/Erp.Testing/TestDatabaseServer.cs:line 165
   at Erp.Testing.ErpTestEnvironment.StartGateAsync(IDictionary`2 settings) in /work/tests/Erp.Testing/ErpTestEnvironment.cs:line 88
   at Erp.Gates.Tests.Infrastructure.GateFixture.InitializeAsync() in /work/tests/Erp.Gates.Tests/Infrastructure/GateFixture.cs:line 17
  Failed Erp.Gates.Tests.G2.G2PermissionTests.Anonymous_callers_get_401_from_every_permissioned_endpoint [1 ms]
  Error Message:
   Assembly fixture type 'Erp.Gates.Tests.Infrastructure.GateFixture' threw in InitializeAsync
---- System.InvalidOperationException : Endpoint authorisation is incomplete:
HTTP: GET /api/tenancy/tenant => GetTenant: declares 'tenancy.tenant.read' but no authorization policy on it requires that permission; use RequirePermission
HTTP: GET /api/tenancy/companies => List: declares 'tenancy.companies.read' but no authorization policy on it requires that permission; use RequirePermission
HTTP: GET /api/tenancy/companies/{id:guid} => Get: declares 'tenancy.companies.read' but no authorization policy on it requires that permission; use RequirePermission
HTTP: GET /api/tenancy/companies/{id:guid}/logo => GetLogo: declares 'tenancy.companies.read' but no authorization policy on it requires that permission; use RequirePermission
HTTP: GET /api/tenancy/branches => List: declares 'tenancy.branches.read' but no authorization policy on it requires that permission; use RequirePermission
HTTP: GET /api/tenancy/branches/{id:guid} => Get: declares 'tenancy.branches.read' but no authorization policy on it requires that permission; use RequirePermission
HTTP: GET /api/tenancy/access => List: declares 'tenancy.access.read' but no authorization policy on it requires that permission; use RequirePermission
HTTP: GET /api/tenancy/access/{userId:guid} => Get: declares 'tenancy.access.read' but no authorization policy on it requires that permission; use RequirePermission
HTTP: GET /api/tenancy/workplace => Get: declares 'tenancy.workplace.read' but no authorization policy on it requires that permission; use RequirePermission
HTTP: GET /api/identity/users => List: declares 'identity.users.read' but no authorization policy on it requires that permission; use RequirePermission
HTTP: GET /api/identity/users/{id:guid} => Get: declares 'identity.users.read' but no authorization policy on it requires that permission; use RequirePermission
HTTP: GET /api/identity/users/{id:guid}/access => Access: declares 'identity.users.read' but no authorization policy on it requires that permission; use RequirePermission
HTTP: GET /api/identity/users/{id:guid}/default-company => GetDefaultCompany: declares 'identity.users.read' but no authorization policy on it requires that permission; use RequirePermission
HTTP: GET /api/identity/companies => Companies: declares 'identity.users.read' but no authorization policy on it requires that permission; use RequirePermission
HTTP: GET /api/identity/users/{id:guid}/sign-ins => SignIns: declares 'identity.signIns.read' but no authorization policy on it requires that permission; use RequirePermission
HTTP: GET /api/identity/roles => List: declares 'identity.roles.read' but no authorization policy on it requires that permission; use RequirePermission
HTTP: GET /api/identity/roles/{id:guid} => Get: declares 'identity.roles.read' but no authorization policy on it requires that permission; use RequirePermission
HTTP: GET /api/identity/permissions => Permissions: declares 'identity.roles.read' but no authorization policy on it requires that permission; use RequirePermission
HTTP: GET /api/identity/users/{id:guid}/passkeys => OfUser: declares 'identity.users.read' but no authorization policy on it requires that permission; use RequirePermission
HTTP: GET /api/lists/tenancy.companies/definition: declares 'tenancy.companies.read' but no authorization policy on it requires that permission; use RequirePermission
HTTP: GET /api/lists/tenancy.companies/views: declares 'tenancy.companies.read' but no authorization policy on it requires that permission; use RequirePermission
HTTP: GET /api/lists/tenancy.companies/views/{id:guid}: declares 'tenancy.companies.read' but no authorization policy on it requires that permission; use RequirePermission
HTTP: POST /api/lists/tenancy.companies/views: declares 'tenancy.companies.read' but no authorization policy on it requires that permission; use RequirePermission
HTTP: PUT /api/lists/tenancy.companies/views/{id:guid}: declares 'tenancy.companies.read' but no authorization policy on it requires that permission; use RequirePermission
HTTP: DELETE /api/lists/tenancy.companies/views/{id:guid}: declares 'tenancy.companies.read' but no authorization policy on it requires that permission; use RequirePermission
HTTP: GET /api/lists/tenancy.companies/shared-views/{id:guid}: declares 'tenancy.companies.read' but no authorization policy on it requires that permission; use RequirePermission
HTTP: GET /api/lists/tenancy.branches/definition: declares 'tenancy.branches.read' but no authorization policy on it requires that permission; use RequirePermission
HTTP: GET /api/lists/tenancy.branches/views: declares 'tenancy.branches.read' but no authorization policy on it requires that permission; use RequirePermission
HTTP: GET /api/lists/tenancy.branches/views/{id:guid}: declares 'tenancy.branches.read' but no authorization policy on it requires that permission; use RequirePermission
HTTP: POST /api/lists/tenancy.branches/views: declares 'tenancy.branches.read' but no authorization policy on it requires that permission; use RequirePermission
HTTP: PUT /api/lists/tenancy.branches/views/{id:guid}: declares 'tenancy.branches.read' but no authorization policy on it requires that permission; use RequirePermission
HTTP: DELETE /api/lists/tenancy.branches/views/{id:guid}: declares 'tenancy.branches.read' but no authorization policy on it requires that permission; use RequirePermission
HTTP: GET /api/lists/tenancy.branches/shared-views/{id:guid}: declares 'tenancy.branches.read' but no authorization policy on it requires that permission; use RequirePermission
HTTP: GET /api/lists/tenancy.access/definition: declares 'tenancy.access.read' but no authorization policy on it requires that permission; use RequirePermission
HTTP: GET /api/lists/tenancy.access/views: declares 'tenancy.access.read' but no authorization policy on it requires that permission; use RequirePermission
HTTP: GET /api/lists/tenancy.access/views/{id:guid}: declares 'tenancy.access.read' but no authorization policy on it requires that permission; use RequirePermission
HTTP: POST /api/lists/tenancy.access/views: declares 'tenancy.access.read' but no authorization policy on it requires that permission; use RequirePermission
HTTP: PUT /api/lists/tenancy.access/views/{id:guid}: declares 'tenancy.access.read' but no authorization policy on it requires that permission; use RequirePermission
HTTP: DELETE /api/lists/tenancy.access/views/{id:guid}: declares 'tenancy.access.read' but no authorization policy on it requires that permission; use RequirePermission
HTTP: GET /api/lists/tenancy.access/shared-views/{id:guid}: declares 'tenancy.access.read' but no authorization policy on it requires that permission; use RequirePermission
HTTP: GET /api/lists/identity.users/definition: declares 'identity.users.read' but no authorization policy on it requires that permission; use RequirePermission
HTTP: GET /api/lists/identity.users/views: declares 'identity.users.read' but no authorization policy on it requires that permission; use RequirePermission
HTTP: GET /api/lists/identity.users/views/{id:guid}: declares 'identity.users.read' but no authorization policy on it requires that permission; use RequirePermission
HTTP: POST /api/lists/identity.users/views: declares 'identity.users.read' but no authorization policy on it requires that permission; use RequirePermission
HTTP: PUT /api/lists/identity.users/views/{id:guid}: declares 'identity.users.read' but no authorization policy on it requires that permission; use RequirePermission
HTTP: DELETE /api/lists/identity.users/views/{id:guid}: declares 'identity.users.read' but no authorization policy on it requires that permission; use RequirePermission
HTTP: GET /api/lists/identity.users/shared-views/{id:guid}: declares 'identity.users.read' but no authorization policy on it requires that permission; use RequirePermission
HTTP: GET /api/lists/identity.roles/definition: declares 'identity.roles.read' but no authorization policy on it requires that permission; use RequirePermission
HTTP: GET /api/lists/identity.roles/views: declares 'identity.roles.read' but no authorization policy on it requires that permission; use RequirePermission
HTTP: GET /api/lists/identity.roles/views/{id:guid}: declares 'identity.roles.read' but no authorization policy on it requires that permission; use RequirePermission
HTTP: POST /api/lists/identity.roles/views: declares 'identity.roles.read' but no authorization policy on it requires that permission; use RequirePermission
HTTP: PUT /api/lists/identity.roles/views/{id:guid}: declares 'identity.roles.read' but no authorization policy on it requires that permission; use RequirePermission
HTTP: DELETE /api/lists/identity.roles/views/{id:guid}: declares 'identity.roles.read' but no authorization policy on it requires that permission; use RequirePermission
HTTP: GET /api/lists/identity.roles/shared-views/{id:guid}: declares 'identity.roles.read' but no authorization policy on it requires that permission; use RequirePermission
HTTP: GET /api/reports/catalog => Catalog: declares 'reports.catalog.read' but no authorization policy on it requires that permission; use RequirePermission
HTTP: GET /api/reports/run/tenancy.companyProfile: declares 'tenancy.companies.read' but no authorization policy on it requires that permission; use RequirePermission
HTTP: GET /api/reports/run/tenancy.branchDirectory: declares 'tenancy.branches.read' but no authorization policy on it requires that permission; use RequirePermission
HTTP: GET /api/reports/run/identity.usersByRole: declares 'identity.users.read' but no authorization policy on it requires that permission; use RequirePermission
HTTP: GET /api/reports/run/identity.roleSummary: declares 'identity.roles.read' but no authorization policy on it requires that permission; use RequirePermission
HTTP: GET /api/reports/lists/tenancy.companies: declares 'tenancy.companies.read' but no authorization policy on it requires that permission; use RequirePermission
HTTP: GET /api/reports/lists/tenancy.branches: declares 'tenancy.branches.read' but no authorization policy on it requires that permission; use RequirePermission
HTTP: GET /api/reports/lists/tenancy.access: declares 'tenancy.access.read' but no authorization policy on it requires that permission; use RequirePermission
HTTP: GET /api/reports/lists/identity.users: declares 'identity.users.read' but no authorization policy on it requires that permission; use RequirePermission
HTTP: GET /api/reports/lists/identity.roles: declares 'identity.roles.read' but no authorization policy on it requires that permission; use RequirePermission
  Stack Trace:
  
----- Inner Stack Trace -----
   at Erp.Kernel.Hosting.ErpPlatform.ValidateEndpoints(WebApplication app) in /work/src/Kernel/Erp.Kernel/Hosting/ErpPlatform.cs:line 251
   at Erp.Kernel.Hosting.ErpPlatform.UseErpPlatform(WebApplication app) in /work/src/Kernel/Erp.Kernel/Hosting/ErpPlatform.cs:line 204
   at Program.<Main>$(String[] args) in /work/src/Host/Erp.Host/Program.cs:line 8
   at Program.<Main>(String[] args)
   at System.Reflection.MethodBaseInvoker.InterpretedInvoke_Method(Object obj, IntPtr* args)
   at System.Reflection.MethodBaseInvoker.InvokeDirectByRefWithFewArgs(Object obj, Span`1 copyOfArgs, BindingFlags invokeAttr)
--- End of stack trace from previous location ---
   at Microsoft.AspNetCore.Mvc.Testing.DeferredHostBuilder.DeferredHost.StartAsync(CancellationToken cancellationToken)
   at Microsoft.Extensions.Hosting.HostingAbstractionsHostExtensions.Start(IHost host)
   at Microsoft.AspNetCore.Mvc.Testing.WebApplicationFactory`1.CreateHost(IHostBuilder builder)
   at Microsoft.AspNetCore.Mvc.Testing.WebApplicationFactory`1.ConfigureHostBuilder(IHostBuilder hostBuilder)
   at Microsoft.AspNetCore.Mvc.Testing.WebApplicationFactory`1.StartServer()
   at Microsoft.AspNetCore.Mvc.Testing.WebApplicationFactory`1.get_Services()
   at Erp.Testing.ErpTestEnvironment.SeedAsync(TestDatabaseServer server, String database, SeedPlan plan, IDictionary`2 settings) in /work/tests/Erp.Testing/ErpTestEnvironment.cs:line 129
   at Erp.Testing.ErpTestEnvironment.SeedAsync(TestDatabaseServer server, String database, SeedPlan plan, IDictionary`2 settings) in /work/tests/Erp.Testing/ErpTestEnvironment.cs:line 139
   at Erp.Testing.ErpTestEnvironment.<>c__DisplayClass34_0.<<StartGateAsync>b__0>d.MoveNext() in /work/tests/Erp.Testing/ErpTestEnvironment.cs:line 91
--- End of stack trace from previous location ---
   at Erp.Testing.TestDatabaseServer.<>c__DisplayClass25_0.<<GateTemplateAsync>b__3>d.MoveNext() in /work/tests/Erp.Testing/TestDatabaseServer.cs:line 160
--- End of stack trace from previous location ---
   at Erp.Testing.TestDatabaseServer.GateTemplateAsync(IDictionary`2 settings, Func`2 seed) in /work/tests/Erp.Testing/TestDatabaseServer.cs:line 165
   at Erp.Testing.ErpTestEnvironment.StartGateAsync(IDictionary`2 settings) in /work/tests/Erp.Testing/ErpTestEnvironment.cs:line 88
   at Erp.Gates.Tests.Infrastructure.GateFixture.InitializeAsync() in /work/tests/Erp.Gates.Tests/Infrastructure/GateFixture.cs:line 17
  Failed Erp.Gates.Tests.G2.G2PermissionTests.Every_declared_permission_is_in_the_catalogue_and_every_catalogue_permission_is_used [1 ms]
  Error Message:
   Assembly fixture type 'Erp.Gates.Tests.Infrastructure.GateFixture' threw in InitializeAsync
---- System.InvalidOperationException : Endpoint authorisation is incomplete:
HTTP: GET /api/tenancy/tenant => GetTenant: declares 'tenancy.tenant.read' but no authorization policy on it requires that permission; use RequirePermission
HTTP: GET /api/tenancy/companies => List: declares 'tenancy.companies.read' but no authorization policy on it requires that permission; use RequirePermission
HTTP: GET /api/tenancy/companies/{id:guid} => Get: declares 'tenancy.companies.read' but no authorization policy on it requires that permission; use RequirePermission
HTTP: GET /api/tenancy/companies/{id:guid}/logo => GetLogo: declares 'tenancy.companies.read' but no authorization policy on it requires that permission; use RequirePermission
HTTP: GET /api/tenancy/branches => List: declares 'tenancy.branches.read' but no authorization policy on it requires that permission; use RequirePermission
HTTP: GET /api/tenancy/branches/{id:guid} => Get: declares 'tenancy.branches.read' but no authorization policy on it requires that permission; use RequirePermission
HTTP: GET /api/tenancy/access => List: declares 'tenancy.access.read' but no authorization policy on it requires that permission; use RequirePermission
HTTP: GET /api/tenancy/access/{userId:guid} => Get: declares 'tenancy.access.read' but no authorization policy on it requires that permission; use RequirePermission
HTTP: GET /api/tenancy/workplace => Get: declares 'tenancy.workplace.read' but no authorization policy on it requires that permission; use RequirePermission
HTTP: GET /api/identity/users => List: declares 'identity.users.read' but no authorization policy on it requires that permission; use RequirePermission
HTTP: GET /api/identity/users/{id:guid} => Get: declares 'identity.users.read' but no authorization policy on it requires that permission; use RequirePermission
HTTP: GET /api/identity/users/{id:guid}/access => Access: declares 'identity.users.read' but no authorization policy on it requires that permission; use RequirePermission
HTTP: GET /api/identity/users/{id:guid}/default-company => GetDefaultCompany: declares 'identity.users.read' but no authorization policy on it requires that permission; use RequirePermission
HTTP: GET /api/identity/companies => Companies: declares 'identity.users.read' but no authorization policy on it requires that permission; use RequirePermission
HTTP: GET /api/identity/users/{id:guid}/sign-ins => SignIns: declares 'identity.signIns.read' but no authorization policy on it requires that permission; use RequirePermission
HTTP: GET /api/identity/roles => List: declares 'identity.roles.read' but no authorization policy on it requires that permission; use RequirePermission
HTTP: GET /api/identity/roles/{id:guid} => Get: declares 'identity.roles.read' but no authorization policy on it requires that permission; use RequirePermission
HTTP: GET /api/identity/permissions => Permissions: declares 'identity.roles.read' but no authorization policy on it requires that permission; use RequirePermission
HTTP: GET /api/identity/users/{id:guid}/passkeys => OfUser: declares 'identity.users.read' but no authorization policy on it requires that permission; use RequirePermission
HTTP: GET /api/lists/tenancy.companies/definition: declares 'tenancy.companies.read' but no authorization policy on it requires that permission; use RequirePermission
HTTP: GET /api/lists/tenancy.companies/views: declares 'tenancy.companies.read' but no authorization policy on it requires that permission; use RequirePermission
HTTP: GET /api/lists/tenancy.companies/views/{id:guid}: declares 'tenancy.companies.read' but no authorization policy on it requires that permission; use RequirePermission
HTTP: POST /api/lists/tenancy.companies/views: declares 'tenancy.companies.read' but no authorization policy on it requires that permission; use RequirePermission
HTTP: PUT /api/lists/tenancy.companies/views/{id:guid}: declares 'tenancy.companies.read' but no authorization policy on it requires that permission; use RequirePermission
HTTP: DELETE /api/lists/tenancy.companies/views/{id:guid}: declares 'tenancy.companies.read' but no authorization policy on it requires that permission; use RequirePermission
HTTP: GET /api/lists/tenancy.companies/shared-views/{id:guid}: declares 'tenancy.companies.read' but no authorization policy on it requires that permission; use RequirePermission
HTTP: GET /api/lists/tenancy.branches/definition: declares 'tenancy.branches.read' but no authorization policy on it requires that permission; use RequirePermission
HTTP: GET /api/lists/tenancy.branches/views: declares 'tenancy.branches.read' but no authorization policy on it requires that permission; use RequirePermission
HTTP: GET /api/lists/tenancy.branches/views/{id:guid}: declares 'tenancy.branches.read' but no authorization policy on it requires that permission; use RequirePermission
HTTP: POST /api/lists/tenancy.branches/views: declares 'tenancy.branches.read' but no authorization policy on it requires that permission; use RequirePermission
HTTP: PUT /api/lists/tenancy.branches/views/{id:guid}: declares 'tenancy.branches.read' but no authorization policy on it requires that permission; use RequirePermission
HTTP: DELETE /api/lists/tenancy.branches/views/{id:guid}: declares 'tenancy.branches.read' but no authorization policy on it requires that permission; use RequirePermission
HTTP: GET /api/lists/tenancy.branches/shared-views/{id:guid}: declares 'tenancy.branches.read' but no authorization policy on it requires that permission; use RequirePermission
HTTP: GET /api/lists/tenancy.access/definition: declares 'tenancy.access.read' but no authorization policy on it requires that permission; use RequirePermission
HTTP: GET /api/lists/tenancy.access/views: declares 'tenancy.access.read' but no authorization policy on it requires that permission; use RequirePermission
HTTP: GET /api/lists/tenancy.access/views/{id:guid}: declares 'tenancy.access.read' but no authorization policy on it requires that permission; use RequirePermission
HTTP: POST /api/lists/tenancy.access/views: declares 'tenancy.access.read' but no authorization policy on it requires that permission; use RequirePermission
HTTP: PUT /api/lists/tenancy.access/views/{id:guid}: declares 'tenancy.access.read' but no authorization policy on it requires that permission; use RequirePermission
HTTP: DELETE /api/lists/tenancy.access/views/{id:guid}: declares 'tenancy.access.read' but no authorization policy on it requires that permission; use RequirePermission
HTTP: GET /api/lists/tenancy.access/shared-views/{id:guid}: declares 'tenancy.access.read' but no authorization policy on it requires that permission; use RequirePermission
HTTP: GET /api/lists/identity.users/definition: declares 'identity.users.read' but no authorization policy on it requires that permission; use RequirePermission
HTTP: GET /api/lists/identity.users/views: declares 'identity.users.read' but no authorization policy on it requires that permission; use RequirePermission
HTTP: GET /api/lists/identity.users/views/{id:guid}: declares 'identity.users.read' but no authorization policy on it requires that permission; use RequirePermission
HTTP: POST /api/lists/identity.users/views: declares 'identity.users.read' but no authorization policy on it requires that permission; use RequirePermission
HTTP: PUT /api/lists/identity.users/views/{id:guid}: declares 'identity.users.read' but no authorization policy on it requires that permission; use RequirePermission
HTTP: DELETE /api/lists/identity.users/views/{id:guid}: declares 'identity.users.read' but no authorization policy on it requires that permission; use RequirePermission
HTTP: GET /api/lists/identity.users/shared-views/{id:guid}: declares 'identity.users.read' but no authorization policy on it requires that permission; use RequirePermission
HTTP: GET /api/lists/identity.roles/definition: declares 'identity.roles.read' but no authorization policy on it requires that permission; use RequirePermission
HTTP: GET /api/lists/identity.roles/views: declares 'identity.roles.read' but no authorization policy on it requires that permission; use RequirePermission
HTTP: GET /api/lists/identity.roles/views/{id:guid}: declares 'identity.roles.read' but no authorization policy on it requires that permission; use RequirePermission
HTTP: POST /api/lists/identity.roles/views: declares 'identity.roles.read' but no authorization policy on it requires that permission; use RequirePermission
HTTP: PUT /api/lists/identity.roles/views/{id:guid}: declares 'identity.roles.read' but no authorization policy on it requires that permission; use RequirePermission
HTTP: DELETE /api/lists/identity.roles/views/{id:guid}: declares 'identity.roles.read' but no authorization policy on it requires that permission; use RequirePermission
HTTP: GET /api/lists/identity.roles/shared-views/{id:guid}: declares 'identity.roles.read' but no authorization policy on it requires that permission; use RequirePermission
HTTP: GET /api/reports/catalog => Catalog: declares 'reports.catalog.read' but no authorization policy on it requires that permission; use RequirePermission
HTTP: GET /api/reports/run/tenancy.companyProfile: declares 'tenancy.companies.read' but no authorization policy on it requires that permission; use RequirePermission
HTTP: GET /api/reports/run/tenancy.branchDirectory: declares 'tenancy.branches.read' but no authorization policy on it requires that permission; use RequirePermission
HTTP: GET /api/reports/run/identity.usersByRole: declares 'identity.users.read' but no authorization policy on it requires that permission; use RequirePermission
HTTP: GET /api/reports/run/identity.roleSummary: declares 'identity.roles.read' but no authorization policy on it requires that permission; use RequirePermission
HTTP: GET /api/reports/lists/tenancy.companies: declares 'tenancy.companies.read' but no authorization policy on it requires that permission; use RequirePermission
HTTP: GET /api/reports/lists/tenancy.branches: declares 'tenancy.branches.read' but no authorization policy on it requires that permission; use RequirePermission
HTTP: GET /api/reports/lists/tenancy.access: declares 'tenancy.access.read' but no authorization policy on it requires that permission; use RequirePermission
HTTP: GET /api/reports/lists/identity.users: declares 'identity.users.read' but no authorization policy on it requires that permission; use RequirePermission
HTTP: GET /api/reports/lists/identity.roles: declares 'identity.roles.read' but no authorization policy on it requires that permission; use RequirePermission
  Stack Trace:
  
----- Inner Stack Trace -----
   at Erp.Kernel.Hosting.ErpPlatform.ValidateEndpoints(WebApplication app) in /work/src/Kernel/Erp.Kernel/Hosting/ErpPlatform.cs:line 251
   at Erp.Kernel.Hosting.ErpPlatform.UseErpPlatform(WebApplication app) in /work/src/Kernel/Erp.Kernel/Hosting/ErpPlatform.cs:line 204
   at Program.<Main>$(String[] args) in /work/src/Host/Erp.Host/Program.cs:line 8
   at Program.<Main>(String[] args)
   at System.Reflection.MethodBaseInvoker.InterpretedInvoke_Method(Object obj, IntPtr* args)
   at System.Reflection.MethodBaseInvoker.InvokeDirectByRefWithFewArgs(Object obj, Span`1 copyOfArgs, BindingFlags invokeAttr)
--- End of stack trace from previous location ---
   at Microsoft.AspNetCore.Mvc.Testing.DeferredHostBuilder.DeferredHost.StartAsync(CancellationToken cancellationToken)
   at Microsoft.Extensions.Hosting.HostingAbstractionsHostExtensions.Start(IHost host)
   at Microsoft.AspNetCore.Mvc.Testing.WebApplicationFactory`1.CreateHost(IHostBuilder builder)
   at Microsoft.AspNetCore.Mvc.Testing.WebApplicationFactory`1.ConfigureHostBuilder(IHostBuilder hostBuilder)
   at Microsoft.AspNetCore.Mvc.Testing.WebApplicationFactory`1.StartServer()
   at Microsoft.AspNetCore.Mvc.Testing.WebApplicationFactory`1.get_Services()
   at Erp.Testing.ErpTestEnvironment.SeedAsync(TestDatabaseServer server, String database, SeedPlan plan, IDictionary`2 settings) in /work/tests/Erp.Testing/ErpTestEnvironment.cs:line 129
   at Erp.Testing.ErpTestEnvironment.SeedAsync(TestDatabaseServer server, String database, SeedPlan plan, IDictionary`2 settings) in /work/tests/Erp.Testing/ErpTestEnvironment.cs:line 139
   at Erp.Testing.ErpTestEnvironment.<>c__DisplayClass34_0.<<StartGateAsync>b__0>d.MoveNext() in /work/tests/Erp.Testing/ErpTestEnvironment.cs:line 91
--- End of stack trace from previous location ---
   at Erp.Testing.TestDatabaseServer.<>c__DisplayClass25_0.<<GateTemplateAsync>b__3>d.MoveNext() in /work/tests/Erp.Testing/TestDatabaseServer.cs:line 160
--- End of stack trace from previous location ---
   at Erp.Testing.TestDatabaseServer.GateTemplateAsync(IDictionary`2 settings, Func`2 seed) in /work/tests/Erp.Testing/TestDatabaseServer.cs:line 165
   at Erp.Testing.ErpTestEnvironment.StartGateAsync(IDictionary`2 settings) in /work/tests/Erp.Testing/ErpTestEnvironment.cs:line 88
   at Erp.Gates.Tests.Infrastructure.GateFixture.InitializeAsync() in /work/tests/Erp.Gates.Tests/Infrastructure/GateFixture.cs:line 17
  Failed Erp.Gates.Tests.G2.G2PermissionTests.Requests_that_only_read_cannot_write [1 ms]
  Error Message:
   Assembly fixture type 'Erp.Gates.Tests.Infrastructure.GateFixture' threw in InitializeAsync
---- System.InvalidOperationException : Endpoint authorisation is incomplete:
HTTP: GET /api/tenancy/tenant => GetTenant: declares 'tenancy.tenant.read' but no authorization policy on it requires that permission; use RequirePermission
HTTP: GET /api/tenancy/companies => List: declares 'tenancy.companies.read' but no authorization policy on it requires that permission; use RequirePermission
HTTP: GET /api/tenancy/companies/{id:guid} => Get: declares 'tenancy.companies.read' but no authorization policy on it requires that permission; use RequirePermission
HTTP: GET /api/tenancy/companies/{id:guid}/logo => GetLogo: declares 'tenancy.companies.read' but no authorization policy on it requires that permission; use RequirePermission
HTTP: GET /api/tenancy/branches => List: declares 'tenancy.branches.read' but no authorization policy on it requires that permission; use RequirePermission
HTTP: GET /api/tenancy/branches/{id:guid} => Get: declares 'tenancy.branches.read' but no authorization policy on it requires that permission; use RequirePermission
HTTP: GET /api/tenancy/access => List: declares 'tenancy.access.read' but no authorization policy on it requires that permission; use RequirePermission
HTTP: GET /api/tenancy/access/{userId:guid} => Get: declares 'tenancy.access.read' but no authorization policy on it requires that permission; use RequirePermission
HTTP: GET /api/tenancy/workplace => Get: declares 'tenancy.workplace.read' but no authorization policy on it requires that permission; use RequirePermission
HTTP: GET /api/identity/users => List: declares 'identity.users.read' but no authorization policy on it requires that permission; use RequirePermission
HTTP: GET /api/identity/users/{id:guid} => Get: declares 'identity.users.read' but no authorization policy on it requires that permission; use RequirePermission
HTTP: GET /api/identity/users/{id:guid}/access => Access: declares 'identity.users.read' but no authorization policy on it requires that permission; use RequirePermission
HTTP: GET /api/identity/users/{id:guid}/default-company => GetDefaultCompany: declares 'identity.users.read' but no authorization policy on it requires that permission; use RequirePermission
HTTP: GET /api/identity/companies => Companies: declares 'identity.users.read' but no authorization policy on it requires that permission; use RequirePermission
HTTP: GET /api/identity/users/{id:guid}/sign-ins => SignIns: declares 'identity.signIns.read' but no authorization policy on it requires that permission; use RequirePermission
HTTP: GET /api/identity/roles => List: declares 'identity.roles.read' but no authorization policy on it requires that permission; use RequirePermission
HTTP: GET /api/identity/roles/{id:guid} => Get: declares 'identity.roles.read' but no authorization policy on it requires that permission; use RequirePermission
HTTP: GET /api/identity/permissions => Permissions: declares 'identity.roles.read' but no authorization policy on it requires that permission; use RequirePermission
HTTP: GET /api/identity/users/{id:guid}/passkeys => OfUser: declares 'identity.users.read' but no authorization policy on it requires that permission; use RequirePermission
HTTP: GET /api/lists/tenancy.companies/definition: declares 'tenancy.companies.read' but no authorization policy on it requires that permission; use RequirePermission
HTTP: GET /api/lists/tenancy.companies/views: declares 'tenancy.companies.read' but no authorization policy on it requires that permission; use RequirePermission
HTTP: GET /api/lists/tenancy.companies/views/{id:guid}: declares 'tenancy.companies.read' but no authorization policy on it requires that permission; use RequirePermission
HTTP: POST /api/lists/tenancy.companies/views: declares 'tenancy.companies.read' but no authorization policy on it requires that permission; use RequirePermission
HTTP: PUT /api/lists/tenancy.companies/views/{id:guid}: declares 'tenancy.companies.read' but no authorization policy on it requires that permission; use RequirePermission
HTTP: DELETE /api/lists/tenancy.companies/views/{id:guid}: declares 'tenancy.companies.read' but no authorization policy on it requires that permission; use RequirePermission
HTTP: GET /api/lists/tenancy.companies/shared-views/{id:guid}: declares 'tenancy.companies.read' but no authorization policy on it requires that permission; use RequirePermission
HTTP: GET /api/lists/tenancy.branches/definition: declares 'tenancy.branches.read' but no authorization policy on it requires that permission; use RequirePermission
HTTP: GET /api/lists/tenancy.branches/views: declares 'tenancy.branches.read' but no authorization policy on it requires that permission; use RequirePermission
HTTP: GET /api/lists/tenancy.branches/views/{id:guid}: declares 'tenancy.branches.read' but no authorization policy on it requires that permission; use RequirePermission
HTTP: POST /api/lists/tenancy.branches/views: declares 'tenancy.branches.read' but no authorization policy on it requires that permission; use RequirePermission
HTTP: PUT /api/lists/tenancy.branches/views/{id:guid}: declares 'tenancy.branches.read' but no authorization policy on it requires that permission; use RequirePermission
HTTP: DELETE /api/lists/tenancy.branches/views/{id:guid}: declares 'tenancy.branches.read' but no authorization policy on it requires that permission; use RequirePermission
HTTP: GET /api/lists/tenancy.branches/shared-views/{id:guid}: declares 'tenancy.branches.read' but no authorization policy on it requires that permission; use RequirePermission
HTTP: GET /api/lists/tenancy.access/definition: declares 'tenancy.access.read' but no authorization policy on it requires that permission; use RequirePermission
HTTP: GET /api/lists/tenancy.access/views: declares 'tenancy.access.read' but no authorization policy on it requires that permission; use RequirePermission
HTTP: GET /api/lists/tenancy.access/views/{id:guid}: declares 'tenancy.access.read' but no authorization policy on it requires that permission; use RequirePermission
HTTP: POST /api/lists/tenancy.access/views: declares 'tenancy.access.read' but no authorization policy on it requires that permission; use RequirePermission
HTTP: PUT /api/lists/tenancy.access/views/{id:guid}: declares 'tenancy.access.read' but no authorization policy on it requires that permission; use RequirePermission
HTTP: DELETE /api/lists/tenancy.access/views/{id:guid}: declares 'tenancy.access.read' but no authorization policy on it requires that permission; use RequirePermission
HTTP: GET /api/lists/tenancy.access/shared-views/{id:guid}: declares 'tenancy.access.read' but no authorization policy on it requires that permission; use RequirePermission
HTTP: GET /api/lists/identity.users/definition: declares 'identity.users.read' but no authorization policy on it requires that permission; use RequirePermission
HTTP: GET /api/lists/identity.users/views: declares 'identity.users.read' but no authorization policy on it requires that permission; use RequirePermission
HTTP: GET /api/lists/identity.users/views/{id:guid}: declares 'identity.users.read' but no authorization policy on it requires that permission; use RequirePermission
HTTP: POST /api/lists/identity.users/views: declares 'identity.users.read' but no authorization policy on it requires that permission; use RequirePermission
HTTP: PUT /api/lists/identity.users/views/{id:guid}: declares 'identity.users.read' but no authorization policy on it requires that permission; use RequirePermission
HTTP: DELETE /api/lists/identity.users/views/{id:guid}: declares 'identity.users.read' but no authorization policy on it requires that permission; use RequirePermission
HTTP: GET /api/lists/identity.users/shared-views/{id:guid}: declares 'identity.users.read' but no authorization policy on it requires that permission; use RequirePermission
HTTP: GET /api/lists/identity.roles/definition: declares 'identity.roles.read' but no authorization policy on it requires that permission; use RequirePermission
HTTP: GET /api/lists/identity.roles/views: declares 'identity.roles.read' but no authorization policy on it requires that permission; use RequirePermission
HTTP: GET /api/lists/identity.roles/views/{id:guid}: declares 'identity.roles.read' but no authorization policy on it requires that permission; use RequirePermission
HTTP: POST /api/lists/identity.roles/views: declares 'identity.roles.read' but no authorization policy on it requires that permission; use RequirePermission
HTTP: PUT /api/lists/identity.roles/views/{id:guid}: declares 'identity.roles.read' but no authorization policy on it requires that permission; use RequirePermission
HTTP: DELETE /api/lists/identity.roles/views/{id:guid}: declares 'identity.roles.read' but no authorization policy on it requires that permission; use RequirePermission
HTTP: GET /api/lists/identity.roles/shared-views/{id:guid}: declares 'identity.roles.read' but no authorization policy on it requires that permission; use RequirePermission
HTTP: GET /api/reports/catalog => Catalog: declares 'reports.catalog.read' but no authorization policy on it requires that permission; use RequirePermission
HTTP: GET /api/reports/run/tenancy.companyProfile: declares 'tenancy.companies.read' but no authorization policy on it requires that permission; use RequirePermission
HTTP: GET /api/reports/run/tenancy.branchDirectory: declares 'tenancy.branches.read' but no authorization policy on it requires that permission; use RequirePermission
HTTP: GET /api/reports/run/identity.usersByRole: declares 'identity.users.read' but no authorization policy on it requires that permission; use RequirePermission
HTTP: GET /api/reports/run/identity.roleSummary: declares 'identity.roles.read' but no authorization policy on it requires that permission; use RequirePermission
HTTP: GET /api/reports/lists/tenancy.companies: declares 'tenancy.companies.read' but no authorization policy on it requires that permission; use RequirePermission
HTTP: GET /api/reports/lists/tenancy.branches: declares 'tenancy.branches.read' but no authorization policy on it requires that permission; use RequirePermission
HTTP: GET /api/reports/lists/tenancy.access: declares 'tenancy.access.read' but no authorization policy on it requires that permission; use RequirePermission
HTTP: GET /api/reports/lists/identity.users: declares 'identity.users.read' but no authorization policy on it requires that permission; use RequirePermission
HTTP: GET /api/reports/lists/identity.roles: declares 'identity.roles.read' but no authorization policy on it requires that permission; use RequirePermission
  Stack Trace:
  
----- Inner Stack Trace -----
   at Erp.Kernel.Hosting.ErpPlatform.ValidateEndpoints(WebApplication app) in /work/src/Kernel/Erp.Kernel/Hosting/ErpPlatform.cs:line 251
   at Erp.Kernel.Hosting.ErpPlatform.UseErpPlatform(WebApplication app) in /work/src/Kernel/Erp.Kernel/Hosting/ErpPlatform.cs:line 204
   at Program.<Main>$(String[] args) in /work/src/Host/Erp.Host/Program.cs:line 8
   at Program.<Main>(String[] args)
   at System.Reflection.MethodBaseInvoker.InterpretedInvoke_Method(Object obj, IntPtr* args)
   at System.Reflection.MethodBaseInvoker.InvokeDirectByRefWithFewArgs(Object obj, Span`1 copyOfArgs, BindingFlags invokeAttr)
--- End of stack trace from previous location ---
   at Microsoft.AspNetCore.Mvc.Testing.DeferredHostBuilder.DeferredHost.StartAsync(CancellationToken cancellationToken)
   at Microsoft.Extensions.Hosting.HostingAbstractionsHostExtensions.Start(IHost host)
   at Microsoft.AspNetCore.Mvc.Testing.WebApplicationFactory`1.CreateHost(IHostBuilder builder)
   at Microsoft.AspNetCore.Mvc.Testing.WebApplicationFactory`1.ConfigureHostBuilder(IHostBuilder hostBuilder)
   at Microsoft.AspNetCore.Mvc.Testing.WebApplicationFactory`1.StartServer()
   at Microsoft.AspNetCore.Mvc.Testing.WebApplicationFactory`1.get_Services()
   at Erp.Testing.ErpTestEnvironment.SeedAsync(TestDatabaseServer server, String database, SeedPlan plan, IDictionary`2 settings) in /work/tests/Erp.Testing/ErpTestEnvironment.cs:line 129
   at Erp.Testing.ErpTestEnvironment.SeedAsync(TestDatabaseServer server, String database, SeedPlan plan, IDictionary`2 settings) in /work/tests/Erp.Testing/ErpTestEnvironment.cs:line 139
   at Erp.Testing.ErpTestEnvironment.<>c__DisplayClass34_0.<<StartGateAsync>b__0>d.MoveNext() in /work/tests/Erp.Testing/ErpTestEnvironment.cs:line 91
--- End of stack trace from previous location ---
   at Erp.Testing.TestDatabaseServer.<>c__DisplayClass25_0.<<GateTemplateAsync>b__3>d.MoveNext() in /work/tests/Erp.Testing/TestDatabaseServer.cs:line 160
--- End of stack trace from previous location ---
   at Erp.Testing.TestDatabaseServer.GateTemplateAsync(IDictionary`2 settings, Func`2 seed) in /work/tests/Erp.Testing/TestDatabaseServer.cs:line 165
   at Erp.Testing.ErpTestEnvironment.StartGateAsync(IDictionary`2 settings) in /work/tests/Erp.Testing/ErpTestEnvironment.cs:line 88
   at Erp.Gates.Tests.Infrastructure.GateFixture.InitializeAsync() in /work/tests/Erp.Gates.Tests/Infrastructure/GateFixture.cs:line 17
[xUnit.net 00:00:10.43]     Erp.Gates.Tests.G2.G2PermissionTests.No_endpoint_that_changes_data_is_guarded_by_a_read_permission [FAIL]
[xUnit.net 00:00:10.43]       Assembly fixture type 'Erp.Gates.Tests.Infrastructure.GateFixture' threw in InitializeAsync
[xUnit.net 00:00:10.43]       ---- System.InvalidOperationException : Endpoint authorisation is incomplete:
[xUnit.net 00:00:10.43]       HTTP: GET /api/tenancy/tenant => GetTenant: declares 'tenancy.tenant.read' but no authorization policy on it requires that permission; use RequirePermission
[xUnit.net 00:00:10.43]       HTTP: GET /api/tenancy/companies => List: declares 'tenancy.companies.read' but no authorization policy on it requires that permission; use RequirePermission
[xUnit.net 00:00:10.43]       HTTP: GET /api/tenancy/companies/{id:guid} => Get: declares 'tenancy.companies.read' but no authorization policy on it requires that permission; use RequirePermission
[xUnit.net 00:00:10.43]       HTTP: GET /api/tenancy/companies/{id:guid}/logo => GetLogo: declares 'tenancy.companies.read' but no authorization policy on it requires that permission; use RequirePermission
[xUnit.net 00:00:10.43]       HTTP: GET /api/tenancy/branches => List: declares 'tenancy.branches.read' but no authorization policy on it requires that permission; use RequirePermission
[xUnit.net 00:00:10.43]       HTTP: GET /api/tenancy/branches/{id:guid} => Get: declares 'tenancy.branches.read' but no authorization policy on it requires that permission; use RequirePermission
[xUnit.net 00:00:10.43]       HTTP: GET /api/tenancy/access => List: declares 'tenancy.access.read' but no authorization policy on it requires that permission; use RequirePermission
[xUnit.net 00:00:10.43]       HTTP: GET /api/tenancy/access/{userId:guid} => Get: declares 'tenancy.access.read' but no authorization policy on it requires that permission; use RequirePermission
[xUnit.net 00:00:10.43]       HTTP: GET /api/tenancy/workplace => Get: declares 'tenancy.workplace.read' but no authorization policy on it requires that permission; use RequirePermission
[xUnit.net 00:00:10.43]       HTTP: GET /api/identity/users => List: declares 'identity.users.read' but no authorization policy on it requires that permission; use RequirePermission
[xUnit.net 00:00:10.43]       HTTP: GET /api/identity/users/{id:guid} => Get: declares 'identity.users.read' but no authorization policy on it requires that permission; use RequirePermission
[xUnit.net 00:00:10.43]       HTTP: GET /api/identity/users/{id:guid}/access => Access: declares 'identity.users.read' but no authorization policy on it requires that permission; use RequirePermission
[xUnit.net 00:00:10.43]       HTTP: GET /api/identity/users/{id:guid}/default-company => GetDefaultCompany: declares 'identity.users.read' but no authorization policy on it requires that permission; use RequirePermission
[xUnit.net 00:00:10.43]       HTTP: GET /api/identity/companies => Companies: declares 'identity.users.read' but no authorization policy on it requires that permission; use RequirePermission
[xUnit.net 00:00:10.43]       HTTP: GET /api/identity/users/{id:guid}/sign-ins => SignIns: declares 'identity.signIns.read' but no authorization policy on it requires that permission; use RequirePermission
[xUnit.net 00:00:10.43]       HTTP: GET /api/identity/roles => List: declares 'identity.roles.read' but no authorization policy on it requires that permission; use RequirePermission
[xUnit.net 00:00:10.43]       HTTP: GET /api/identity/roles/{id:guid} => Get: declares 'identity.roles.read' but no authorization policy on it requires that permission; use RequirePermission
[xUnit.net 00:00:10.43]       HTTP: GET /api/identity/permissions => Permissions: declares 'identity.roles.read' but no authorization policy on it requires that permission; use RequirePermission
[xUnit.net 00:00:10.43]       HTTP: GET /api/identity/users/{id:guid}/passkeys => OfUser: declares 'identity.users.read' but no authorization policy on it requires that permission; use RequirePermission
[xUnit.net 00:00:10.43]       HTTP: GET /api/lists/tenancy.companies/definition: declares 'tenancy.companies.read' but no authorization policy on it requires that permission; use RequirePermission
[xUnit.net 00:00:10.43]       HTTP: GET /api/lists/tenancy.companies/views: declares 'tenancy.companies.read' but no authorization policy on it requires that permission; use RequirePermission
[xUnit.net 00:00:10.43]       HTTP: GET /api/lists/tenancy.companies/views/{id:guid}: declares 'tenancy.companies.read' but no authorization policy on it requires that permission; use RequirePermission
[xUnit.net 00:00:10.43]       HTTP: POST /api/lists/tenancy.companies/views: declares 'tenancy.companies.read' but no authorization policy on it requires that permission; use RequirePermission
[xUnit.net 00:00:10.43]       HTTP: PUT /api/lists/tenancy.companies/views/{id:guid}: declares 'tenancy.companies.read' but no authorization policy on it requires that permission; use RequirePermission
[xUnit.net 00:00:10.43]       HTTP: DELETE /api/lists/tenancy.companies/views/{id:guid}: declares 'tenancy.companies.read' but no authorization policy on it requires that permission; use RequirePermission
[xUnit.net 00:00:10.43]       HTTP: GET /api/lists/tenancy.companies/shared-views/{id:guid}: declares 'tenancy.companies.read' but no authorization policy on it requires that permission; use RequirePermission
[xUnit.net 00:00:10.43]       HTTP: GET /api/lists/tenancy.branches/definition: declares 'tenancy.branches.read' but no authorization policy on it requires that permission; use RequirePermission
[xUnit.net 00:00:10.43]       HTTP: GET /api/lists/tenancy.branches/views: declares 'tenancy.branches.read' but no authorization policy on it requires that permission; use RequirePermission
[xUnit.net 00:00:10.43]       HTTP: GET /api/lists/tenancy.branches/views/{id:guid}: declares 'tenancy.branches.read' but no authorization policy on it requires that permission; use RequirePermission
[xUnit.net 00:00:10.43]       HTTP: POST /api/lists/tenancy.branches/views: declares 'tenancy.branches.read' but no authorization policy on it requires that permission; use RequirePermission
[xUnit.net 00:00:10.43]       HTTP: PUT /api/lists/tenancy.branches/views/{id:guid}: declares 'tenancy.branches.read' but no authorization policy on it requires that permission; use RequirePermission
[xUnit.net 00:00:10.43]       HTTP: DELETE /api/lists/tenancy.branches/views/{id:guid}: declares 'tenancy.branches.read' but no authorization policy on it requires that permission; use RequirePermission
[xUnit.net 00:00:10.43]       HTTP: GET /api/lists/tenancy.branches/shared-views/{id:guid}: declares 'tenancy.branches.read' but no authorization policy on it requires that permission; use RequirePermission
[xUnit.net 00:00:10.43]       HTTP: GET /api/lists/tenancy.access/definition: declares 'tenancy.access.read' but no authorization policy on it requires that permission; use RequirePermission
[xUnit.net 00:00:10.43]       HTTP: GET /api/lists/tenancy.access/views: declares 'tenancy.access.read' but no authorization policy on it requires that permission; use RequirePermission
[xUnit.net 00:00:10.43]       HTTP: GET /api/lists/tenancy.access/views/{id:guid}: declares 'tenancy.access.read' but no authorization policy on it requires that permission; use RequirePermission
[xUnit.net 00:00:10.43]       HTTP: POST /api/lists/tenancy.access/views: declares 'tenancy.access.read' but no authorization policy on it requires that permission; use RequirePermission
[xUnit.net 00:00:10.43]       HTTP: PUT /api/lists/tenancy.access/views/{id:guid}: declares 'tenancy.access.read' but no authorization policy on it requires that permission; use RequirePermission
[xUnit.net 00:00:10.43]       HTTP: DELETE /api/lists/tenancy.access/views/{id:guid}: declares 'tenancy.access.read' but no authorization policy on it requires that permission; use RequirePermission
[xUnit.net 00:00:10.43]       HTTP: GET /api/lists/tenancy.access/shared-views/{id:guid}: declares 'tenancy.access.read' but no authorization policy on it requires that permission; use RequirePermission
[xUnit.net 00:00:10.43]       HTTP: GET /api/lists/identity.users/definition: declares 'identity.users.read' but no authorization policy on it requires that permission; use RequirePermission
[xUnit.net 00:00:10.43]       HTTP: GET /api/lists/identity.users/views: declares 'identity.users.read' but no authorization policy on it requires that permission; use RequirePermission
[xUnit.net 00:00:10.43]       HTTP: GET /api/lists/identity.users/views/{id:guid}: declares 'identity.users.read' but no authorization policy on it requires that permission; use RequirePermission
[xUnit.net 00:00:10.43]       HTTP: POST /api/lists/identity.users/views: declares 'identity.users.read' but no authorization policy on it requires that permission; use RequirePermission
[xUnit.net 00:00:10.43]       HTTP: PUT /api/lists/identity.users/views/{id:guid}: declares 'identity.users.read' but no authorization policy on it requires that permission; use RequirePermission
[xUnit.net 00:00:10.43]       HTTP: DELETE /api/lists/identity.users/views/{id:guid}: declares 'identity.users.read' but no authorization policy on it requires that permission; use RequirePermission
[xUnit.net 00:00:10.43]       HTTP: GET /api/lists/identity.users/shared-views/{id:guid}: declares 'identity.users.read' but no authorization policy on it requires that permission; use RequirePermission
[xUnit.net 00:00:10.43]       HTTP: GET /api/lists/identity.roles/definition: declares 'identity.roles.read' but no authorization policy on it requires that permission; use RequirePermission
[xUnit.net 00:00:10.43]       HTTP: GET /api/lists/identity.roles/views: declares 'identity.roles.read' but no authorization policy on it requires that permission; use RequirePermission
[xUnit.net 00:00:10.43]       HTTP: GET /api/lists/identity.roles/views/{id:guid}: declares 'identity.roles.read' but no authorization policy on it requires that permission; use RequirePermission
[xUnit.net 00:00:10.43]       HTTP: POST /api/lists/identity.roles/views: declares 'identity.roles.read' but no authorization policy on it requires that permission; use RequirePermission
[xUnit.net 00:00:10.43]       HTTP: PUT /api/lists/identity.roles/views/{id:guid}: declares 'identity.roles.read' but no authorization policy on it requires that permission; use RequirePermission
[xUnit.net 00:00:10.43]       HTTP: DELETE /api/lists/identity.roles/views/{id:guid}: declares 'identity.roles.read' but no authorization policy on it requires that permission; use RequirePermission
[xUnit.net 00:00:10.43]       HTTP: GET /api/lists/identity.roles/shared-views/{id:guid}: declares 'identity.roles.read' but no authorization policy on it requires that permission; use RequirePermission
[xUnit.net 00:00:10.43]       HTTP: GET /api/reports/catalog => Catalog: declares 'reports.catalog.read' but no authorization policy on it requires that permission; use RequirePermission
[xUnit.net 00:00:10.43]       HTTP: GET /api/reports/run/tenancy.companyProfile: declares 'tenancy.companies.read' but no authorization policy on it requires that permission; use RequirePermission
[xUnit.net 00:00:10.43]       HTTP: GET /api/reports/run/tenancy.branchDirectory: declares 'tenancy.branches.read' but no authorization policy on it requires that permission; use RequirePermission
[xUnit.net 00:00:10.43]       HTTP: GET /api/reports/run/identity.usersByRole: declares 'identity.users.read' but no authorization policy on it requires that permission; use RequirePermission
[xUnit.net 00:00:10.43]       HTTP: GET /api/reports/run/identity.roleSummary: declares 'identity.roles.read' but no authorization policy on it requires that permission; use RequirePermission
[xUnit.net 00:00:10.43]       HTTP: GET /api/reports/lists/tenancy.companies: declares 'tenancy.companies.read' but no authorization policy on it requires that permission; use RequirePermission
[xUnit.net 00:00:10.43]       HTTP: GET /api/reports/lists/tenancy.branches: declares 'tenancy.branches.read' but no authorization policy on it requires that permission; use RequirePermission
[xUnit.net 00:00:10.43]       HTTP: GET /api/reports/lists/tenancy.access: declares 'tenancy.access.read' but no authorization policy on it requires that permission; use RequirePermission
[xUnit.net 00:00:10.43]       HTTP: GET /api/reports/lists/identity.users: declares 'identity.users.read' but no authorization policy on it requires that permission; use RequirePermission
[xUnit.net 00:00:10.43]       HTTP: GET /api/reports/lists/identity.roles: declares 'identity.roles.read' but no authorization policy on it requires that permission; use RequirePermission
[xUnit.net 00:00:10.43]       Stack Trace:
[xUnit.net 00:00:10.43]         
[xUnit.net 00:00:10.43]         ----- Inner Stack Trace -----
[xUnit.net 00:00:10.43]         /work/src/Kernel/Erp.Kernel/Hosting/ErpPlatform.cs(251,0): at Erp.Kernel.Hosting.ErpPlatform.ValidateEndpoints(WebApplication app)
[xUnit.net 00:00:10.43]         /work/src/Kernel/Erp.Kernel/Hosting/ErpPlatform.cs(204,0): at Erp.Kernel.Hosting.ErpPlatform.UseErpPlatform(WebApplication app)
[xUnit.net 00:00:10.43]         /work/src/Host/Erp.Host/Program.cs(8,0): at Program.<Main>$(String[] args)
[xUnit.net 00:00:10.43]            at Program.<Main>(String[] args)
[xUnit.net 00:00:10.43]            at System.Reflection.MethodBaseInvoker.InterpretedInvoke_Method(Object obj, IntPtr* args)
[xUnit.net 00:00:10.43]            at System.Reflection.MethodBaseInvoker.InvokeDirectByRefWithFewArgs(Object obj, Span`1 copyOfArgs, BindingFlags invokeAttr)
[xUnit.net 00:00:10.43]         --- End of stack trace from previous location ---
[xUnit.net 00:00:10.43]            at Microsoft.AspNetCore.Mvc.Testing.DeferredHostBuilder.DeferredHost.StartAsync(CancellationToken cancellationToken)
[xUnit.net 00:00:10.43]            at Microsoft.Extensions.Hosting.HostingAbstractionsHostExtensions.Start(IHost host)
[xUnit.net 00:00:10.43]            at Microsoft.AspNetCore.Mvc.Testing.WebApplicationFactory`1.CreateHost(IHostBuilder builder)
[xUnit.net 00:00:10.43]            at Microsoft.AspNetCore.Mvc.Testing.WebApplicationFactory`1.ConfigureHostBuilder(IHostBuilder hostBuilder)
[xUnit.net 00:00:10.43]            at Microsoft.AspNetCore.Mvc.Testing.WebApplicationFactory`1.StartServer()
[xUnit.net 00:00:10.43]            at Microsoft.AspNetCore.Mvc.Testing.WebApplicationFactory`1.get_Services()
[xUnit.net 00:00:10.43]         /work/tests/Erp.Testing/ErpTestEnvironment.cs(129,0): at Erp.Testing.ErpTestEnvironment.SeedAsync(TestDatabaseServer server, String database, SeedPlan plan, IDictionary`2 settings)
[xUnit.net 00:00:10.43]         /work/tests/Erp.Testing/ErpTestEnvironment.cs(139,0): at Erp.Testing.ErpTestEnvironment.SeedAsync(TestDatabaseServer server, String database, SeedPlan plan, IDictionary`2 settings)
[xUnit.net 00:00:10.43]         /work/tests/Erp.Testing/ErpTestEnvironment.cs(91,0): at Erp.Testing.ErpTestEnvironment.<>c__DisplayClass34_0.<<StartGateAsync>b__0>d.MoveNext()
[xUnit.net 00:00:10.43]         --- End of stack trace from previous location ---
[xUnit.net 00:00:10.43]         /work/tests/Erp.Testing/TestDatabaseServer.cs(160,0): at Erp.Testing.TestDatabaseServer.<>c__DisplayClass25_0.<<GateTemplateAsync>b__3>d.MoveNext()
[xUnit.net 00:00:10.43]         --- End of stack trace from previous location ---
[xUnit.net 00:00:10.43]         /work/tests/Erp.Testing/TestDatabaseServer.cs(165,0): at Erp.Testing.TestDatabaseServer.GateTemplateAsync(IDictionary`2 settings, Func`2 seed)
[xUnit.net 00:00:10.43]         /work/tests/Erp.Testing/ErpTestEnvironment.cs(88,0): at Erp.Testing.ErpTestEnvironment.StartGateAsync(IDictionary`2 settings)
[xUnit.net 00:00:10.43]         /work/tests/Erp.Gates.Tests/Infrastructure/GateFixture.cs(17,0): at Erp.Gates.Tests.Infrastructure.GateFixture.InitializeAsync()
[xUnit.net 00:00:10.43]     Erp.Gates.Tests.G2.G2PermissionTests.The_declaration_check_catches_AllowAnonymous_stacked_on_a_permission [FAIL]
[xUnit.net 00:00:10.43]       Assembly fixture type 'Erp.Gates.Tests.Infrastructure.GateFixture' threw in InitializeAsync
[xUnit.net 00:00:10.43]       ---- System.InvalidOperationException : Endpoint authorisation is incomplete:
[xUnit.net 00:00:10.43]       HTTP: GET /api/tenancy/tenant => GetTenant: declares 'tenancy.tenant.read' but no authorization policy on it requires that permission; use RequirePermission
[xUnit.net 00:00:10.43]       HTTP: GET /api/tenancy/companies => List: declares 'tenancy.companies.read' but no authorization policy on it requires that permission; use RequirePermission
[xUnit.net 00:00:10.43]       HTTP: GET /api/tenancy/companies/{id:guid} => Get: declares 'tenancy.companies.read' but no authorization policy on it requires that permission; use RequirePermission
[xUnit.net 00:00:10.43]       HTTP: GET /api/tenancy/companies/{id:guid}/logo => GetLogo: declares 'tenancy.companies.read' but no authorization policy on it requires that permission; use RequirePermission
[xUnit.net 00:00:10.43]       HTTP: GET /api/tenancy/branches => List: declares 'tenancy.branches.read' but no authorization policy on it requires that permission; use RequirePermission
[xUnit.net 00:00:10.43]       HTTP: GET /api/tenancy/branches/{id:guid} => Get: declares 'tenancy.branches.read' but no authorization policy on it requires that permission; use RequirePermission
[xUnit.net 00:00:10.43]       HTTP: GET /api/tenancy/access => List: declares 'tenancy.access.read' but no authorization policy on it requires that permission; use RequirePermission
[xUnit.net 00:00:10.43]       HTTP: GET /api/tenancy/access/{userId:guid} => Get: declares 'tenancy.access.read' but no authorization policy on it requires that permission; use RequirePermission
[xUnit.net 00:00:10.43]       HTTP: GET /api/tenancy/workplace => Get: declares 'tenancy.workplace.read' but no authorization policy on it requires that permission; use RequirePermission
[xUnit.net 00:00:10.43]       HTTP: GET /api/identity/users => List: declares 'identity.users.read' but no authorization policy on it requires that permission; use RequirePermission
[xUnit.net 00:00:10.43]       HTTP: GET /api/identity/users/{id:guid} => Get: declares 'identity.users.read' but no authorization policy on it requires that permission; use RequirePermission
[xUnit.net 00:00:10.43]       HTTP: GET /api/identity/users/{id:guid}/access => Access: declares 'identity.users.read' but no authorization policy on it requires that permission; use RequirePermission
[xUnit.net 00:00:10.43]       HTTP: GET /api/identity/users/{id:guid}/default-company => GetDefaultCompany: declares 'identity.users.read' but no authorization policy on it requires that permission; use RequirePermission
[xUnit.net 00:00:10.43]       HTTP: GET /api/identity/companies => Companies: declares 'identity.users.read' but no authorization policy on it requires that permission; use RequirePermission
[xUnit.net 00:00:10.43]       HTTP: GET /api/identity/users/{id:guid}/sign-ins => SignIns: declares 'identity.signIns.read' but no authorization policy on it requires that permission; use RequirePermission
[xUnit.net 00:00:10.43]       HTTP: GET /api/identity/roles => List: declares 'identity.roles.read' but no authorization policy on it requires that permission; use RequirePermission
[xUnit.net 00:00:10.43]       HTTP: GET /api/identity/roles/{id:guid} => Get: declares 'identity.roles.read' but no authorization policy on it requires that permission; use RequirePermission
[xUnit.net 00:00:10.43]       HTTP: GET /api/identity/permissions => Permissions: declares 'identity.roles.read' but no authorization policy on it requires that permission; use RequirePermission
[xUnit.net 00:00:10.43]       HTTP: GET /api/identity/users/{id:guid}/passkeys => OfUser: declares 'identity.users.read' but no authorization policy on it requires that permission; use RequirePermission
[xUnit.net 00:00:10.43]       HTTP: GET /api/lists/tenancy.companies/definition: declares 'tenancy.companies.read' but no authorization policy on it requires that permission; use RequirePermission
[xUnit.net 00:00:10.43]       HTTP: GET /api/lists/tenancy.companies/views: declares 'tenancy.companies.read' but no authorization policy on it requires that permission; use RequirePermission
[xUnit.net 00:00:10.43]       HTTP: GET /api/lists/tenancy.companies/views/{id:guid}: declares 'tenancy.companies.read' but no authorization policy on it requires that permission; use RequirePermission
[xUnit.net 00:00:10.43]       HTTP: POST /api/lists/tenancy.companies/views: declares 'tenancy.companies.read' but no authorization policy on it requires that permission; use RequirePermission
[xUnit.net 00:00:10.43]       HTTP: PUT /api/lists/tenancy.companies/views/{id:guid}: declares 'tenancy.companies.read' but no authorization policy on it requires that permission; use RequirePermission
[xUnit.net 00:00:10.43]       HTTP: DELETE /api/lists/tenancy.companies/views/{id:guid}: declares 'tenancy.companies.read' but no authorization policy on it requires that permission; use RequirePermission
[xUnit.net 00:00:10.43]       HTTP: GET /api/lists/tenancy.companies/shared-views/{id:guid}: declares 'tenancy.companies.read' but no authorization policy on it requires that permission; use RequirePermission
[xUnit.net 00:00:10.43]       HTTP: GET /api/lists/tenancy.branches/definition: declares 'tenancy.branches.read' but no authorization policy on it requires that permission; use RequirePermission
[xUnit.net 00:00:10.43]       HTTP: GET /api/lists/tenancy.branches/views: declares 'tenancy.branches.read' but no authorization policy on it requires that permission; use RequirePermission
[xUnit.net 00:00:10.43]       HTTP: GET /api/lists/tenancy.branches/views/{id:guid}: declares 'tenancy.branches.read' but no authorization policy on it requires that permission; use RequirePermission
[xUnit.net 00:00:10.43]       HTTP: POST /api/lists/tenancy.branches/views: declares 'tenancy.branches.read' but no authorization policy on it requires that permission; use RequirePermission
[xUnit.net 00:00:10.43]       HTTP: PUT /api/lists/tenancy.branches/views/{id:guid}: declares 'tenancy.branches.read' but no authorization policy on it requires that permission; use RequirePermission
[xUnit.net 00:00:10.43]       HTTP: DELETE /api/lists/tenancy.branches/views/{id:guid}: declares 'tenancy.branches.read' but no authorization policy on it requires that permission; use RequirePermission
[xUnit.net 00:00:10.43]       HTTP: GET /api/lists/tenancy.branches/shared-views/{id:guid}: declares 'tenancy.branches.read' but no authorization policy on it requires that permission; use RequirePermission
[xUnit.net 00:00:10.43]       HTTP: GET /api/lists/tenancy.access/definition: declares 'tenancy.access.read' but no authorization policy on it requires that permission; use RequirePermission
[xUnit.net 00:00:10.43]       HTTP: GET /api/lists/tenancy.access/views: declares 'tenancy.access.read' but no authorization policy on it requires that permission; use RequirePermission
[xUnit.net 00:00:10.43]       HTTP: GET /api/lists/tenancy.access/views/{id:guid}: declares 'tenancy.access.read' but no authorization policy on it requires that permission; use RequirePermission
[xUnit.net 00:00:10.43]       HTTP: POST /api/lists/tenancy.access/views: declares 'tenancy.access.read' but no authorization policy on it requires that permission; use RequirePermission
[xUnit.net 00:00:10.43]       HTTP: PUT /api/lists/tenancy.access/views/{id:guid}: declares 'tenancy.access.read' but no authorization policy on it requires that permission; use RequirePermission
[xUnit.net 00:00:10.43]       HTTP: DELETE /api/lists/tenancy.access/views/{id:guid}: declares 'tenancy.access.read' but no authorization policy on it requires that permission; use RequirePermission
[xUnit.net 00:00:10.43]       HTTP: GET /api/lists/tenancy.access/shared-views/{id:guid}: declares 'tenancy.access.read' but no authorization policy on it requires that permission; use RequirePermission
[xUnit.net 00:00:10.43]       HTTP: GET /api/lists/identity.users/definition: declares 'identity.users.read' but no authorization policy on it requires that permission; use RequirePermission
[xUnit.net 00:00:10.43]       HTTP: GET /api/lists/identity.users/views: declares 'identity.users.read' but no authorization policy on it requires that permission; use RequirePermission
[xUnit.net 00:00:10.43]       HTTP: GET /api/lists/identity.users/views/{id:guid}: declares 'identity.users.read' but no authorization policy on it requires that permission; use RequirePermission
[xUnit.net 00:00:10.43]       HTTP: POST /api/lists/identity.users/views: declares 'identity.users.read' but no authorization policy on it requires that permission; use RequirePermission
[xUnit.net 00:00:10.43]       HTTP: PUT /api/lists/identity.users/views/{id:guid}: declares 'identity.users.read' but no authorization policy on it requires that permission; use RequirePermission
[xUnit.net 00:00:10.43]       HTTP: DELETE /api/lists/identity.users/views/{id:guid}: declares 'identity.users.read' but no authorization policy on it requires that permission; use RequirePermission
[xUnit.net 00:00:10.43]       HTTP: GET /api/lists/identity.users/shared-views/{id:guid}: declares 'identity.users.read' but no authorization policy on it requires that permission; use RequirePermission
[xUnit.net 00:00:10.43]       HTTP: GET /api/lists/identity.roles/definition: declares 'identity.roles.read' but no authorization policy on it requires that permission; use RequirePermission
[xUnit.net 00:00:10.43]       HTTP: GET /api/lists/identity.roles/views: declares 'identity.roles.read' but no authorization policy on it requires that permission; use RequirePermission
[xUnit.net 00:00:10.43]       HTTP: GET /api/lists/identity.roles/views/{id:guid}: declares 'identity.roles.read' but no authorization policy on it requires that permission; use RequirePermission
[xUnit.net 00:00:10.43]       HTTP: POST /api/lists/identity.roles/views: declares 'identity.roles.read' but no authorization policy on it requires that permission; use RequirePermission
[xUnit.net 00:00:10.43]       HTTP: PUT /api/lists/identity.roles/views/{id:guid}: declares 'identity.roles.read' but no authorization policy on it requires that permission; use RequirePermission
[xUnit.net 00:00:10.43]       HTTP: DELETE /api/lists/identity.roles/views/{id:guid}: declares 'identity.roles.read' but no authorization policy on it requires that permission; use RequirePermission
[xUnit.net 00:00:10.43]       HTTP: GET /api/lists/identity.roles/shared-views/{id:guid}: declares 'identity.roles.read' but no authorization policy on it requires that permission; use RequirePermission
[xUnit.net 00:00:10.43]       HTTP: GET /api/reports/catalog => Catalog: declares 'reports.catalog.read' but no authorization policy on it requires that permission; use RequirePermission
[xUnit.net 00:00:10.43]       HTTP: GET /api/reports/run/tenancy.companyProfile: declares 'tenancy.companies.read' but no authorization policy on it requires that permission; use RequirePermission
[xUnit.net 00:00:10.43]       HTTP: GET /api/reports/run/tenancy.branchDirectory: declares 'tenancy.branches.read' but no authorization policy on it requires that permission; use RequirePermission
[xUnit.net 00:00:10.43]       HTTP: GET /api/reports/run/identity.usersByRole: declares 'identity.users.read' but no authorization policy on it requires that permission; use RequirePermission
[xUnit.net 00:00:10.43]       HTTP: GET /api/reports/run/identity.roleSummary: declares 'identity.roles.read' but no authorization policy on it requires that permission; use RequirePermission
[xUnit.net 00:00:10.43]       HTTP: GET /api/reports/lists/tenancy.companies: declares 'tenancy.companies.read' but no authorization policy on it requires that permission; use RequirePermission
[xUnit.net 00:00:10.43]       HTTP: GET /api/reports/lists/tenancy.branches: declares 'tenancy.branches.read' but no authorization policy on it requires that permission; use RequirePermission
[xUnit.net 00:00:10.43]       HTTP: GET /api/reports/lists/tenancy.access: declares 'tenancy.access.read' but no authorization policy on it requires that permission; use RequirePermission
[xUnit.net 00:00:10.43]       HTTP: GET /api/reports/lists/identity.users: declares 'identity.users.read' but no authorization policy on it requires that permission; use RequirePermission
[xUnit.net 00:00:10.43]       HTTP: GET /api/reports/lists/identity.roles: declares 'identity.roles.read' but no authorization policy on it requires that permission; use RequirePermission
[xUnit.net 00:00:10.43]       Stack Trace:
[xUnit.net 00:00:10.43]         
[xUnit.net 00:00:10.43]         ----- Inner Stack Trace -----
[xUnit.net 00:00:10.43]         /work/src/Kernel/Erp.Kernel/Hosting/ErpPlatform.cs(251,0): at Erp.Kernel.Hosting.ErpPlatform.ValidateEndpoints(WebApplication app)
[xUnit.net 00:00:10.43]         /work/src/Kernel/Erp.Kernel/Hosting/ErpPlatform.cs(204,0): at Erp.Kernel.Hosting.ErpPlatform.UseErpPlatform(WebApplication app)
[xUnit.net 00:00:10.43]         /work/src/Host/Erp.Host/Program.cs(8,0): at Program.<Main>$(String[] args)
[xUnit.net 00:00:10.43]            at Program.<Main>(String[] args)
[xUnit.net 00:00:10.43]            at System.Reflection.MethodBaseInvoker.InterpretedInvoke_Method(Object obj, IntPtr* args)
[xUnit.net 00:00:10.43]            at System.Reflection.MethodBaseInvoker.InvokeDirectByRefWithFewArgs(Object obj, Span`1 copyOfArgs, BindingFlags invokeAttr)
[xUnit.net 00:00:10.43]         --- End of stack trace from previous location ---
[xUnit.net 00:00:10.43]            at Microsoft.AspNetCore.Mvc.Testing.DeferredHostBuilder.DeferredHost.StartAsync(CancellationToken cancellationToken)
[xUnit.net 00:00:10.43]            at Microsoft.Extensions.Hosting.HostingAbstractionsHostExtensions.Start(IHost host)
[xUnit.net 00:00:10.43]            at Microsoft.AspNetCore.Mvc.Testing.WebApplicationFactory`1.CreateHost(IHostBuilder builder)
[xUnit.net 00:00:10.43]            at Microsoft.AspNetCore.Mvc.Testing.WebApplicationFactory`1.ConfigureHostBuilder(IHostBuilder hostBuilder)
[xUnit.net 00:00:10.43]            at Microsoft.AspNetCore.Mvc.Testing.WebApplicationFactory`1.StartServer()
[xUnit.net 00:00:10.43]            at Microsoft.AspNetCore.Mvc.Testing.WebApplicationFactory`1.get_Services()
[xUnit.net 00:00:10.43]         /work/tests/Erp.Testing/ErpTestEnvironment.cs(129,0): at Erp.Testing.ErpTestEnvironment.SeedAsync(TestDatabaseServer server, String database, SeedPlan plan, IDictionary`2 settings)
[xUnit.net 00:00:10.43]         /work/tests/Erp.Testing/ErpTestEnvironment.cs(139,0): at Erp.Testing.ErpTestEnvironment.SeedAsync(TestDatabaseServer server, String database, SeedPlan plan, IDictionary`2 settings)
[xUnit.net 00:00:10.43]         /work/tests/Erp.Testing/ErpTestEnvironment.cs(91,0): at Erp.Testing.ErpTestEnvironment.<>c__DisplayClass34_0.<<StartGateAsync>b__0>d.MoveNext()
[xUnit.net 00:00:10.43]         --- End of stack trace from previous location ---
[xUnit.net 00:00:10.43]         /work/tests/Erp.Testing/TestDatabaseServer.cs(160,0): at Erp.Testing.TestDatabaseServer.<>c__DisplayClass25_0.<<GateTemplateAsync>b__3>d.MoveNext()
[xUnit.net 00:00:10.43]         --- End of stack trace from previous location ---
[xUnit.net 00:00:10.43]         /work/tests/Erp.Testing/TestDatabaseServer.cs(165,0): at Erp.Testing.TestDatabaseServer.GateTemplateAsync(IDictionary`2 settings, Func`2 seed)
[xUnit.net 00:00:10.43]         /work/tests/Erp.Testing/ErpTestEnvironment.cs(88,0): at Erp.Testing.ErpTestEnvironment.StartGateAsync(IDictionary`2 settings)
[xUnit.net 00:00:10.43]         /work/tests/Erp.Gates.Tests/Infrastructure/GateFixture.cs(17,0): at Erp.Gates.Tests.Infrastructure.GateFixture.InitializeAsync()
[xUnit.net 00:00:10.43]     Erp.Gates.Tests.G2.G2PermissionTests.The_reviewed_permission_map_catches_a_weaker_permission_an_unreviewed_endpoint_and_a_stale_line [FAIL]
[xUnit.net 00:00:10.45]       Assembly fixture type 'Erp.Gates.Tests.Infrastructure.GateFixture' threw in InitializeAsync
[xUnit.net 00:00:10.45]       ---- System.InvalidOperationException : Endpoint authorisation is incomplete:
[xUnit.net 00:00:10.45]       HTTP: GET /api/tenancy/tenant => GetTenant: declares 'tenancy.tenant.read' but no authorization policy on it requires that permission; use RequirePermission
[xUnit.net 00:00:10.45]       HTTP: GET /api/tenancy/companies => List: declares 'tenancy.companies.read' but no authorization policy on it requires that permission; use RequirePermission
[xUnit.net 00:00:10.45]       HTTP: GET /api/tenancy/companies/{id:guid} => Get: declares 'tenancy.companies.read' but no authorization policy on it requires that permission; use RequirePermission
[xUnit.net 00:00:10.45]       HTTP: GET /api/tenancy/companies/{id:guid}/logo => GetLogo: declares 'tenancy.companies.read' but no authorization policy on it requires that permission; use RequirePermission
[xUnit.net 00:00:10.45]       HTTP: GET /api/tenancy/branches => List: declares 'tenancy.branches.read' but no authorization policy on it requires that permission; use RequirePermission
[xUnit.net 00:00:10.45]       HTTP: GET /api/tenancy/branches/{id:guid} => Get: declares 'tenancy.branches.read' but no authorization policy on it requires that permission; use RequirePermission
[xUnit.net 00:00:10.45]       HTTP: GET /api/tenancy/access => List: declares 'tenancy.access.read' but no authorization policy on it requires that permission; use RequirePermission
[xUnit.net 00:00:10.45]       HTTP: GET /api/tenancy/access/{userId:guid} => Get: declares 'tenancy.access.read' but no authorization policy on it requires that permission; use RequirePermission
[xUnit.net 00:00:10.45]       HTTP: GET /api/tenancy/workplace => Get: declares 'tenancy.workplace.read' but no authorization policy on it requires that permission; use RequirePermission
[xUnit.net 00:00:10.45]       HTTP: GET /api/identity/users => List: declares 'identity.users.read' but no authorization policy on it requires that permission; use RequirePermission
[xUnit.net 00:00:10.45]       HTTP: GET /api/identity/users/{id:guid} => Get: declares 'identity.users.read' but no authorization policy on it requires that permission; use RequirePermission
[xUnit.net 00:00:10.45]       HTTP: GET /api/identity/users/{id:guid}/access => Access: declares 'identity.users.read' but no authorization policy on it requires that permission; use RequirePermission
[xUnit.net 00:00:10.45]       HTTP: GET /api/identity/users/{id:guid}/default-company => GetDefaultCompany: declares 'identity.users.read' but no authorization policy on it requires that permission; use RequirePermission
[xUnit.net 00:00:10.45]       HTTP: GET /api/identity/companies => Companies: declares 'identity.users.read' but no authorization policy on it requires that permission; use RequirePermission
[xUnit.net 00:00:10.45]       HTTP: GET /api/identity/users/{id:guid}/sign-ins => SignIns: declares 'identity.signIns.read' but no authorization policy on it requires that permission; use RequirePermission
[xUnit.net 00:00:10.45]       HTTP: GET /api/identity/roles => List: declares 'identity.roles.read' but no authorization policy on it requires that permission; use RequirePermission
[xUnit.net 00:00:10.45]       HTTP: GET /api/identity/roles/{id:guid} => Get: declares 'identity.roles.read' but no authorization policy on it requires that permission; use RequirePermission
[xUnit.net 00:00:10.45]       HTTP: GET /api/identity/permissions => Permissions: declares 'identity.roles.read' but no authorization policy on it requires that permission; use RequirePermission
[xUnit.net 00:00:10.45]       HTTP: GET /api/identity/users/{id:guid}/passkeys => OfUser: declares 'identity.users.read' but no authorization policy on it requires that permission; use RequirePermission
[xUnit.net 00:00:10.45]       HTTP: GET /api/lists/tenancy.companies/definition: declares 'tenancy.companies.read' but no authorization policy on it requires that permission; use RequirePermission
[xUnit.net 00:00:10.45]       HTTP: GET /api/lists/tenancy.companies/views: declares 'tenancy.companies.read' but no authorization policy on it requires that permission; use RequirePermission
[xUnit.net 00:00:10.45]       HTTP: GET /api/lists/tenancy.companies/views/{id:guid}: declares 'tenancy.companies.read' but no authorization policy on it requires that permission; use RequirePermission
[xUnit.net 00:00:10.45]       HTTP: POST /api/lists/tenancy.companies/views: declares 'tenancy.companies.read' but no authorization policy on it requires that permission; use RequirePermission
[xUnit.net 00:00:10.45]       HTTP: PUT /api/lists/tenancy.companies/views/{id:guid}: declares 'tenancy.companies.read' but no authorization policy on it requires that permission; use RequirePermission
[xUnit.net 00:00:10.45]       HTTP: DELETE /api/lists/tenancy.companies/views/{id:guid}: declares 'tenancy.companies.read' but no authorization policy on it requires that permission; use RequirePermission
[xUnit.net 00:00:10.45]       HTTP: GET /api/lists/tenancy.companies/shared-views/{id:guid}: declares 'tenancy.companies.read' but no authorization policy on it requires that permission; use RequirePermission
[xUnit.net 00:00:10.45]       HTTP: GET /api/lists/tenancy.branches/definition: declares 'tenancy.branches.read' but no authorization policy on it requires that permission; use RequirePermission
[xUnit.net 00:00:10.45]       HTTP: GET /api/lists/tenancy.branches/views: declares 'tenancy.branches.read' but no authorization policy on it requires that permission; use RequirePermission
[xUnit.net 00:00:10.45]       HTTP: GET /api/lists/tenancy.branches/views/{id:guid}: declares 'tenancy.branches.read' but no authorization policy on it requires that permission; use RequirePermission
[xUnit.net 00:00:10.45]       HTTP: POST /api/lists/tenancy.branches/views: declares 'tenancy.branches.read' but no authorization policy on it requires that permission; use RequirePermission
[xUnit.net 00:00:10.45]       HTTP: PUT /api/lists/tenancy.branches/views/{id:guid}: declares 'tenancy.branches.read' but no authorization policy on it requires that permission; use RequirePermission
[xUnit.net 00:00:10.45]       HTTP: DELETE /api/lists/tenancy.branches/views/{id:guid}: declares 'tenancy.branches.read' but no authorization policy on it requires that permission; use RequirePermission
[xUnit.net 00:00:10.45]       HTTP: GET /api/lists/tenancy.branches/shared-views/{id:guid}: declares 'tenancy.branches.read' but no authorization policy on it requires that permission; use RequirePermission
[xUnit.net 00:00:10.45]       HTTP: GET /api/lists/tenancy.access/definition: declares 'tenancy.access.read' but no authorization policy on it requires that permission; use RequirePermission
[xUnit.net 00:00:10.45]       HTTP: GET /api/lists/tenancy.access/views: declares 'tenancy.access.read' but no authorization policy on it requires that permission; use RequirePermission
[xUnit.net 00:00:10.45]       HTTP: GET /api/lists/tenancy.access/views/{id:guid}: declares 'tenancy.access.read' but no authorization policy on it requires that permission; use RequirePermission
[xUnit.net 00:00:10.45]       HTTP: POST /api/lists/tenancy.access/views: declares 'tenancy.access.read' but no authorization policy on it requires that permission; use RequirePermission
[xUnit.net 00:00:10.45]       HTTP: PUT /api/lists/tenancy.access/views/{id:guid}: declares 'tenancy.access.read' but no authorization policy on it requires that permission; use RequirePermission
[xUnit.net 00:00:10.45]       HTTP: DELETE /api/lists/tenancy.access/views/{id:guid}: declares 'tenancy.access.read' but no authorization policy on it requires that permission; use RequirePermission
[xUnit.net 00:00:10.45]       HTTP: GET /api/lists/tenancy.access/shared-views/{id:guid}: declares 'tenancy.access.read' but no authorization policy on it requires that permission; use RequirePermission
[xUnit.net 00:00:10.45]       HTTP: GET /api/lists/identity.users/definition: declares 'identity.users.read' but no authorization policy on it requires that permission; use RequirePermission
[xUnit.net 00:00:10.45]       HTTP: GET /api/lists/identity.users/views: declares 'identity.users.read' but no authorization policy on it requires that permission; use RequirePermission
[xUnit.net 00:00:10.45]       HTTP: GET /api/lists/identity.users/views/{id:guid}: declares 'identity.users.read' but no authorization policy on it requires that permission; use RequirePermission
[xUnit.net 00:00:10.45]       HTTP: POST /api/lists/identity.users/views: declares 'identity.users.read' but no authorization policy on it requires that permission; use RequirePermission
[xUnit.net 00:00:10.45]       HTTP: PUT /api/lists/identity.users/views/{id:guid}: declares 'identity.users.read' but no authorization policy on it requires that permission; use RequirePermission
[xUnit.net 00:00:10.45]       HTTP: DELETE /api/lists/identity.users/views/{id:guid}: declares 'identity.users.read' but no authorization policy on it requires that permission; use RequirePermission
[xUnit.net 00:00:10.45]       HTTP: GET /api/lists/identity.users/shared-views/{id:guid}: declares 'identity.users.read' but no authorization policy on it requires that permission; use RequirePermission
[xUnit.net 00:00:10.45]       HTTP: GET /api/lists/identity.roles/definition: declares 'identity.roles.read' but no authorization policy on it requires that permission; use RequirePermission
[xUnit.net 00:00:10.45]       HTTP: GET /api/lists/identity.roles/views: declares 'identity.roles.read' but no authorization policy on it requires that permission; use RequirePermission
[xUnit.net 00:00:10.45]       HTTP: GET /api/lists/identity.roles/views/{id:guid}: declares 'identity.roles.read' but no authorization policy on it requires that permission; use RequirePermission
[xUnit.net 00:00:10.45]       HTTP: POST /api/lists/identity.roles/views: declares 'identity.roles.read' but no authorization policy on it requires that permission; use RequirePermission
[xUnit.net 00:00:10.45]       HTTP: PUT /api/lists/identity.roles/views/{id:guid}: declares 'identity.roles.read' but no authorization policy on it requires that permission; use RequirePermission
[xUnit.net 00:00:10.45]       HTTP: DELETE /api/lists/identity.roles/views/{id:guid}: declares 'identity.roles.read' but no authorization policy on it requires that permission; use RequirePermission
[xUnit.net 00:00:10.45]       HTTP: GET /api/lists/identity.roles/shared-views/{id:guid}: declares 'identity.roles.read' but no authorization policy on it requires that permission; use RequirePermission
[xUnit.net 00:00:10.45]       HTTP: GET /api/reports/catalog => Catalog: declares 'reports.catalog.read' but no authorization policy on it requires that permission; use RequirePermission
[xUnit.net 00:00:10.45]       HTTP: GET /api/reports/run/tenancy.companyProfile: declares 'tenancy.companies.read' but no authorization policy on it requires that permission; use RequirePermission
[xUnit.net 00:00:10.45]       HTTP: GET /api/reports/run/tenancy.branchDirectory: declares 'tenancy.branches.read' but no authorization policy on it requires that permission; use RequirePermission
[xUnit.net 00:00:10.45]       HTTP: GET /api/reports/run/identity.usersByRole: declares 'identity.users.read' but no authorization policy on it requires that permission; use RequirePermission
[xUnit.net 00:00:10.45]       HTTP: GET /api/reports/run/identity.roleSummary: declares 'identity.roles.read' but no authorization policy on it requires that permission; use RequirePermission
[xUnit.net 00:00:10.45]       HTTP: GET /api/reports/lists/tenancy.companies: declares 'tenancy.companies.read' but no authorization policy on it requires that permission; use RequirePermission
[xUnit.net 00:00:10.45]       HTTP: GET /api/reports/lists/tenancy.branches: declares 'tenancy.branches.read' but no authorization policy on it requires that permission; use RequirePermission
[xUnit.net 00:00:10.45]       HTTP: GET /api/reports/lists/tenancy.access: declares 'tenancy.access.read' but no authorization policy on it requires that permission; use RequirePermission
[xUnit.net 00:00:10.45]       HTTP: GET /api/reports/lists/identity.users: declares 'identity.users.read' but no authorization policy on it requires that permission; use RequirePermission
[xUnit.net 00:00:10.45]       HTTP: GET /api/reports/lists/identity.roles: declares 'identity.roles.read' but no authorization policy on it requires that permission; use RequirePermission
[xUnit.net 00:00:10.45]       Stack Trace:
[xUnit.net 00:00:10.45]         
[xUnit.net 00:00:10.45]         ----- Inner Stack Trace -----
[xUnit.net 00:00:10.45]         /work/src/Kernel/Erp.Kernel/Hosting/ErpPlatform.cs(251,0): at Erp.Kernel.Hosting.ErpPlatform.ValidateEndpoints(WebApplication app)
[xUnit.net 00:00:10.45]         /work/src/Kernel/Erp.Kernel/Hosting/ErpPlatform.cs(204,0): at Erp.Kernel.Hosting.ErpPlatform.UseErpPlatform(WebApplication app)
[xUnit.net 00:00:10.45]         /work/src/Host/Erp.Host/Program.cs(8,0): at Program.<Main>$(String[] args)
[xUnit.net 00:00:10.45]            at Program.<Main>(String[] args)
[xUnit.net 00:00:10.45]            at System.Reflection.MethodBaseInvoker.InterpretedInvoke_Method(Object obj, IntPtr* args)
[xUnit.net 00:00:10.45]            at System.Reflection.MethodBaseInvoker.InvokeDirectByRefWithFewArgs(Object obj, Span`1 copyOfArgs, BindingFlags invokeAttr)
[xUnit.net 00:00:10.45]         --- End of stack trace from previous location ---
[xUnit.net 00:00:10.45]            at Microsoft.AspNetCore.Mvc.Testing.DeferredHostBuilder.DeferredHost.StartAsync(CancellationToken cancellationToken)
[xUnit.net 00:00:10.45]            at Microsoft.Extensions.Hosting.HostingAbstractionsHostExtensions.Start(IHost host)
[xUnit.net 00:00:10.45]            at Microsoft.AspNetCore.Mvc.Testing.WebApplicationFactory`1.CreateHost(IHostBuilder builder)
[xUnit.net 00:00:10.45]            at Microsoft.AspNetCore.Mvc.Testing.WebApplicationFactory`1.ConfigureHostBuilder(IHostBuilder hostBuilder)
[xUnit.net 00:00:10.45]            at Microsoft.AspNetCore.Mvc.Testing.WebApplicationFactory`1.StartServer()
[xUnit.net 00:00:10.45]            at Microsoft.AspNetCore.Mvc.Testing.WebApplicationFactory`1.get_Services()
[xUnit.net 00:00:10.45]         /work/tests/Erp.Testing/ErpTestEnvironment.cs(129,0): at Erp.Testing.ErpTestEnvironment.SeedAsync(TestDatabaseServer server, String database, SeedPlan plan, IDictionary`2 settings)
[xUnit.net 00:00:10.45]         /work/tests/Erp.Testing/ErpTestEnvironment.cs(139,0): at Erp.Testing.ErpTestEnvironment.SeedAsync(TestDatabaseServer server, String database, SeedPlan plan, IDictionary`2 settings)
[xUnit.net 00:00:10.45]         /work/tests/Erp.Testing/ErpTestEnvironment.cs(91,0): at Erp.Testing.ErpTestEnvironment.<>c__DisplayClass34_0.<<StartGateAsync>b__0>d.MoveNext()
[xUnit.net 00:00:10.45]         --- End of stack trace from previous location ---
[xUnit.net 00:00:10.45]         /work/tests/Erp.Testing/TestDatabaseServer.cs(160,0): at Erp.Testing.TestDatabaseServer.<>c__DisplayClass25_0.<<GateTemplateAsync>b__3>d.MoveNext()
[xUnit.net 00:00:10.45]         --- End of stack trace from previous location ---
[xUnit.net 00:00:10.45]         /work/tests/Erp.Testing/TestDatabaseServer.cs(165,0): at Erp.Testing.TestDatabaseServer.GateTemplateAsync(IDictionary`2 settings, Func`2 seed)
[xUnit.net 00:00:10.45]         /work/tests/Erp.Testing/ErpTestEnvironment.cs(88,0): at Erp.Testing.ErpTestEnvironment.StartGateAsync(IDictionary`2 settings)
[xUnit.net 00:00:10.45]         /work/tests/Erp.Gates.Tests/Infrastructure/GateFixture.cs(17,0): at Erp.Gates.Tests.Infrastructure.GateFixture.InitializeAsync()
[xUnit.net 00:00:10.45]     Erp.Gates.Tests.G2.G2PermissionTests.Every_module_route_is_under_a_reviewed_map_or_derives_its_permission_from_its_list [FAIL]
[xUnit.net 00:00:10.45]       Assembly fixture type 'Erp.Gates.Tests.Infrastructure.GateFixture' threw in InitializeAsync
[xUnit.net 00:00:10.45]       ---- System.InvalidOperationException : Endpoint authorisation is incomplete:
[xUnit.net 00:00:10.45]       HTTP: GET /api/tenancy/tenant => GetTenant: declares 'tenancy.tenant.read' but no authorization policy on it requires that permission; use RequirePermission
[xUnit.net 00:00:10.45]       HTTP: GET /api/tenancy/companies => List: declares 'tenancy.companies.read' but no authorization policy on it requires that permission; use RequirePermission
[xUnit.net 00:00:10.45]       HTTP: GET /api/tenancy/companies/{id:guid} => Get: declares 'tenancy.companies.read' but no authorization policy on it requires that permission; use RequirePermission
[xUnit.net 00:00:10.45]       HTTP: GET /api/tenancy/companies/{id:guid}/logo => GetLogo: declares 'tenancy.companies.read' but no authorization policy on it requires that permission; use RequirePermission
[xUnit.net 00:00:10.45]       HTTP: GET /api/tenancy/branches => List: declares 'tenancy.branches.read' but no authorization policy on it requires that permission; use RequirePermission
[xUnit.net 00:00:10.45]       HTTP: GET /api/tenancy/branches/{id:guid} => Get: declares 'tenancy.branches.read' but no authorization policy on it requires that permission; use RequirePermission
[xUnit.net 00:00:10.45]       HTTP: GET /api/tenancy/access => List: declares 'tenancy.access.read' but no authorization policy on it requires that permission; use RequirePermission
[xUnit.net 00:00:10.45]       HTTP: GET /api/tenancy/access/{userId:guid} => Get: declares 'tenancy.access.read' but no authorization policy on it requires that permission; use RequirePermission
[xUnit.net 00:00:10.45]       HTTP: GET /api/tenancy/workplace => Get: declares 'tenancy.workplace.read' but no authorization policy on it requires that permission; use RequirePermission
[xUnit.net 00:00:10.45]       HTTP: GET /api/identity/users => List: declares 'identity.users.read' but no authorization policy on it requires that permission; use RequirePermission
[xUnit.net 00:00:10.45]       HTTP: GET /api/identity/users/{id:guid} => Get: declares 'identity.users.read' but no authorization policy on it requires that permission; use RequirePermission
[xUnit.net 00:00:10.45]       HTTP: GET /api/identity/users/{id:guid}/access => Access: declares 'identity.users.read' but no authorization policy on it requires that permission; use RequirePermission
[xUnit.net 00:00:10.45]       HTTP: GET /api/identity/users/{id:guid}/default-company => GetDefaultCompany: declares 'identity.users.read' but no authorization policy on it requires that permission; use RequirePermission
[xUnit.net 00:00:10.45]       HTTP: GET /api/identity/companies => Companies: declares 'identity.users.read' but no authorization policy on it requires that permission; use RequirePermission
[xUnit.net 00:00:10.45]       HTTP: GET /api/identity/users/{id:guid}/sign-ins => SignIns: declares 'identity.signIns.read' but no authorization policy on it requires that permission; use RequirePermission
[xUnit.net 00:00:10.45]       HTTP: GET /api/identity/roles => List: declares 'identity.roles.read' but no authorization policy on it requires that permission; use RequirePermission
[xUnit.net 00:00:10.45]       HTTP: GET /api/identity/roles/{id:guid} => Get: declares 'identity.roles.read' but no authorization policy on it requires that permission; use RequirePermission
[xUnit.net 00:00:10.45]       HTTP: GET /api/identity/permissions => Permissions: declares 'identity.roles.read' but no authorization policy on it requires that permission; use RequirePermission
[xUnit.net 00:00:10.45]       HTTP: GET /api/identity/users/{id:guid}/passkeys => OfUser: declares 'identity.users.read' but no authorization policy on it requires that permission; use RequirePermission
[xUnit.net 00:00:10.45]       HTTP: GET /api/lists/tenancy.companies/definition: declares 'tenancy.companies.read' but no authorization policy on it requires that permission; use RequirePermission
[xUnit.net 00:00:10.45]       HTTP: GET /api/lists/tenancy.companies/views: declares 'tenancy.companies.read' but no authorization policy on it requires that permission; use RequirePermission
[xUnit.net 00:00:10.45]       HTTP: GET /api/lists/tenancy.companies/views/{id:guid}: declares 'tenancy.companies.read' but no authorization policy on it requires that permission; use RequirePermission
[xUnit.net 00:00:10.45]       HTTP: POST /api/lists/tenancy.companies/views: declares 'tenancy.companies.read' but no authorization policy on it requires that permission; use RequirePermission
[xUnit.net 00:00:10.45]       HTTP: PUT /api/lists/tenancy.companies/views/{id:guid}: declares 'tenancy.companies.read' but no authorization policy on it requires that permission; use RequirePermission
[xUnit.net 00:00:10.45]       HTTP: DELETE /api/lists/tenancy.companies/views/{id:guid}: declares 'tenancy.companies.read' but no authorization policy on it requires that permission; use RequirePermission
[xUnit.net 00:00:10.45]       HTTP: GET /api/lists/tenancy.companies/shared-views/{id:guid}: declares 'tenancy.companies.read' but no authorization policy on it requires that permission; use RequirePermission
[xUnit.net 00:00:10.45]       HTTP: GET /api/lists/tenancy.branches/definition: declares 'tenancy.branches.read' but no authorization policy on it requires that permission; use RequirePermission
[xUnit.net 00:00:10.45]       HTTP: GET /api/lists/tenancy.branches/views: declares 'tenancy.branches.read' but no authorization policy on it requires that permission; use RequirePermission
[xUnit.net 00:00:10.45]       HTTP: GET /api/lists/tenancy.branches/views/{id:guid}: declares 'tenancy.branches.read' but no authorization policy on it requires that permission; use RequirePermission
[xUnit.net 00:00:10.45]       HTTP: POST /api/lists/tenancy.branches/views: declares 'tenancy.branches.read' but no authorization policy on it requires that permission; use RequirePermission
[xUnit.net 00:00:10.45]       HTTP: PUT /api/lists/tenancy.branches/views/{id:guid}: declares 'tenancy.branches.read' but no authorization policy on it requires that permission; use RequirePermission
[xUnit.net 00:00:10.45]       HTTP: DELETE /api/lists/tenancy.branches/views/{id:guid}: declares 'tenancy.branches.read' but no authorization policy on it requires that permission; use RequirePermission
[xUnit.net 00:00:10.45]       HTTP: GET /api/lists/tenancy.branches/shared-views/{id:guid}: declares 'tenancy.branches.read' but no authorization policy on it requires that permission; use RequirePermission
[xUnit.net 00:00:10.45]       HTTP: GET /api/lists/tenancy.access/definition: declares 'tenancy.access.read' but no authorization policy on it requires that permission; use RequirePermission
[xUnit.net 00:00:10.45]       HTTP: GET /api/lists/tenancy.access/views: declares 'tenancy.access.read' but no authorization policy on it requires that permission; use RequirePermission
[xUnit.net 00:00:10.45]       HTTP: GET /api/lists/tenancy.access/views/{id:guid}: declares 'tenancy.access.read' but no authorization policy on it requires that permission; use RequirePermission
[xUnit.net 00:00:10.45]       HTTP: POST /api/lists/tenancy.access/views: declares 'tenancy.access.read' but no authorization policy on it requires that permission; use RequirePermission
[xUnit.net 00:00:10.45]       HTTP: PUT /api/lists/tenancy.access/views/{id:guid}: declares 'tenancy.access.read' but no authorization policy on it requires that permission; use RequirePermission
[xUnit.net 00:00:10.45]       HTTP: DELETE /api/lists/tenancy.access/views/{id:guid}: declares 'tenancy.access.read' but no authorization policy on it requires that permission; use RequirePermission
[xUnit.net 00:00:10.45]       HTTP: GET /api/lists/tenancy.access/shared-views/{id:guid}: declares 'tenancy.access.read' but no authorization policy on it requires that permission; use RequirePermission
[xUnit.net 00:00:10.45]       HTTP: GET /api/lists/identity.users/definition: declares 'identity.users.read' but no authorization policy on it requires that permission; use RequirePermission
[xUnit.net 00:00:10.45]       HTTP: GET /api/lists/identity.users/views: declares 'identity.users.read' but no authorization policy on it requires that permission; use RequirePermission
[xUnit.net 00:00:10.45]       HTTP: GET /api/lists/identity.users/views/{id:guid}: declares 'identity.users.read' but no authorization policy on it requires that permission; use RequirePermission
[xUnit.net 00:00:10.45]       HTTP: POST /api/lists/identity.users/views: declares 'identity.users.read' but no authorization policy on it requires that permission; use RequirePermission
[xUnit.net 00:00:10.45]       HTTP: PUT /api/lists/identity.users/views/{id:guid}: declares 'identity.users.read' but no authorization policy on it requires that permission; use RequirePermission
[xUnit.net 00:00:10.45]       HTTP: DELETE /api/lists/identity.users/views/{id:guid}: declares 'identity.users.read' but no authorization policy on it requires that permission; use RequirePermission
[xUnit.net 00:00:10.45]       HTTP: GET /api/lists/identity.users/shared-views/{id:guid}: declares 'identity.users.read' but no authorization policy on it requires that permission; use RequirePermission
[xUnit.net 00:00:10.45]       HTTP: GET /api/lists/identity.roles/definition: declares 'identity.roles.read' but no authorization policy on it requires that permission; use RequirePermission
[xUnit.net 00:00:10.45]       HTTP: GET /api/lists/identity.roles/views: declares 'identity.roles.read' but no authorization policy on it requires that permission; use RequirePermission
[xUnit.net 00:00:10.45]       HTTP: GET /api/lists/identity.roles/views/{id:guid}: declares 'identity.roles.read' but no authorization policy on it requires that permission; use RequirePermission
[xUnit.net 00:00:10.45]       HTTP: POST /api/lists/identity.roles/views: declares 'identity.roles.read' but no authorization policy on it requires that permission; use RequirePermission
[xUnit.net 00:00:10.45]       HTTP: PUT /api/lists/identity.roles/views/{id:guid}: declares 'identity.roles.read' but no authorization policy on it requires that permission; use RequirePermission
[xUnit.net 00:00:10.45]       HTTP: DELETE /api/lists/identity.roles/views/{id:guid}: declares 'identity.roles.read' but no authorization policy on it requires that permission; use RequirePermission
[xUnit.net 00:00:10.45]       HTTP: GET /api/lists/identity.roles/shared-views/{id:guid}: declares 'identity.roles.read' but no authorization policy on it requires that permission; use RequirePermission
[xUnit.net 00:00:10.45]       HTTP: GET /api/reports/catalog => Catalog: declares 'reports.catalog.read' but no authorization policy on it requires that permission; use RequirePermission
[xUnit.net 00:00:10.45]       HTTP: GET /api/reports/run/tenancy.companyProfile: declares 'tenancy.companies.read' but no authorization policy on it requires that permission; use RequirePermission
[xUnit.net 00:00:10.45]       HTTP: GET /api/reports/run/tenancy.branchDirectory: declares 'tenancy.branches.read' but no authorization policy on it requires that permission; use RequirePermission
[xUnit.net 00:00:10.45]       HTTP: GET /api/reports/run/identity.usersByRole: declares 'identity.users.read' but no authorization policy on it requires that permission; use RequirePermission
[xUnit.net 00:00:10.45]       HTTP: GET /api/reports/run/identity.roleSummary: declares 'identity.roles.read' but no authorization policy on it requires that permission; use RequirePermission
[xUnit.net 00:00:10.45]       HTTP: GET /api/reports/lists/tenancy.companies: declares 'tenancy.companies.read' but no authorization policy on it requires that permission; use RequirePermission
[xUnit.net 00:00:10.45]       HTTP: GET /api/reports/lists/tenancy.branches: declares 'tenancy.branches.read' but no authorization policy on it requires that permission; use RequirePermission
[xUnit.net 00:00:10.45]       HTTP: GET /api/reports/lists/tenancy.access: declares 'tenancy.access.read' but no authorization policy on it requires that permission; use RequirePermission
[xUnit.net 00:00:10.45]       HTTP: GET /api/reports/lists/identity.users: declares 'identity.users.read' but no authorization policy on it requires that permission; use RequirePermission
[xUnit.net 00:00:10.45]       HTTP: GET /api/reports/lists/identity.roles: declares 'identity.roles.read' but no authorization policy on it requires that permission; use RequirePermission
[xUnit.net 00:00:10.45]       Stack Trace:
[xUnit.net 00:00:10.45]         
[xUnit.net 00:00:10.45]         ----- Inner Stack Trace -----
[xUnit.net 00:00:10.45]         /work/src/Kernel/Erp.Kernel/Hosting/ErpPlatform.cs(251,0): at Erp.Kernel.Hosting.ErpPlatform.ValidateEndpoints(WebApplication app)
[xUnit.net 00:00:10.45]         /work/src/Kernel/Erp.Kernel/Hosting/ErpPlatform.cs(204,0): at Erp.Kernel.Hosting.ErpPlatform.UseErpPlatform(WebApplication app)
[xUnit.net 00:00:10.45]         /work/src/Host/Erp.Host/Program.cs(8,0): at Program.<Main>$(String[] args)
[xUnit.net 00:00:10.45]            at Program.<Main>(String[] args)
[xUnit.net 00:00:10.45]            at System.Reflection.MethodBaseInvoker.InterpretedInvoke_Method(Object obj, IntPtr* args)
[xUnit.net 00:00:10.45]            at System.Reflection.MethodBaseInvoker.InvokeDirectByRefWithFewArgs(Object obj, Span`1 copyOfArgs, BindingFlags invokeAttr)
[xUnit.net 00:00:10.45]         --- End of stack trace from previous location ---
[xUnit.net 00:00:10.45]            at Microsoft.AspNetCore.Mvc.Testing.DeferredHostBuilder.DeferredHost.StartAsync(CancellationToken cancellationToken)
[xUnit.net 00:00:10.45]            at Microsoft.Extensions.Hosting.HostingAbstractionsHostExtensions.Start(IHost host)
[xUnit.net 00:00:10.45]            at Microsoft.AspNetCore.Mvc.Testing.WebApplicationFactory`1.CreateHost(IHostBuilder builder)
[xUnit.net 00:00:10.45]            at Microsoft.AspNetCore.Mvc.Testing.WebApplicationFactory`1.ConfigureHostBuilder(IHostBuilder hostBuilder)
[xUnit.net 00:00:10.45]            at Microsoft.AspNetCore.Mvc.Testing.WebApplicationFactory`1.StartServer()
[xUnit.net 00:00:10.45]            at Microsoft.AspNetCore.Mvc.Testing.WebApplicationFactory`1.get_Services()
[xUnit.net 00:00:10.45]         /work/tests/Erp.Testing/ErpTestEnvironment.cs(129,0): at Erp.Testing.ErpTestEnvironment.SeedAsync(TestDatabaseServer server, String database, SeedPlan plan, IDictionary`2 settings)
[xUnit.net 00:00:10.45]         /work/tests/Erp.Testing/ErpTestEnvironment.cs(139,0): at Erp.Testing.ErpTestEnvironment.SeedAsync(TestDatabaseServer server, String database, SeedPlan plan, IDictionary`2 settings)
[xUnit.net 00:00:10.45]         /work/tests/Erp.Testing/ErpTestEnvironment.cs(91,0): at Erp.Testing.ErpTestEnvironment.<>c__DisplayClass34_0.<<StartGateAsync>b__0>d.MoveNext()
[xUnit.net 00:00:10.45]         --- End of stack trace from previous location ---
[xUnit.net 00:00:10.45]         /work/tests/Erp.Testing/TestDatabaseServer.cs(160,0): at Erp.Testing.TestDatabaseServer.<>c__DisplayClass25_0.<<GateTemplateAsync>b__3>d.MoveNext()
[xUnit.net 00:00:10.45]         --- End of stack trace from previous location ---
[xUnit.net 00:00:10.45]         /work/tests/Erp.Testing/TestDatabaseServer.cs(165,0): at Erp.Testing.TestDatabaseServer.GateTemplateAsync(IDictionary`2 settings, Func`2 seed)
[xUnit.net 00:00:10.45]         /work/tests/Erp.Testing/ErpTestEnvironment.cs(88,0): at Erp.Testing.ErpTestEnvironment.StartGateAsync(IDictionary`2 settings)
[xUnit.net 00:00:10.45]         /work/tests/Erp.Gates.Tests/Infrastructure/GateFixture.cs(17,0): at Erp.Gates.Tests.Infrastructure.GateFixture.InitializeAsync()
[xUnit.net 00:00:10.45]     Erp.Gates.Tests.G2.G2PermissionTests.Every_endpoint_under_a_reviewed_prefix_declares_exactly_its_reviewed_permission [FAIL]
[xUnit.net 00:00:10.45]       Assembly fixture type 'Erp.Gates.Tests.Infrastructure.GateFixture' threw in InitializeAsync
[xUnit.net 00:00:10.45]       ---- System.InvalidOperationException : Endpoint authorisation is incomplete:
[xUnit.net 00:00:10.45]       HTTP: GET /api/tenancy/tenant => GetTenant: declares 'tenancy.tenant.read' but no authorization policy on it requires that permission; use RequirePermission
[xUnit.net 00:00:10.45]       HTTP: GET /api/tenancy/companies => List: declares 'tenancy.companies.read' but no authorization policy on it requires that permission; use RequirePermission
[xUnit.net 00:00:10.45]       HTTP: GET /api/tenancy/companies/{id:guid} => Get: declares 'tenancy.companies.read' but no authorization policy on it requires that permission; use RequirePermission
[xUnit.net 00:00:10.45]       HTTP: GET /api/tenancy/companies/{id:guid}/logo => GetLogo: declares 'tenancy.companies.read' but no authorization policy on it requires that permission; use RequirePermission
[xUnit.net 00:00:10.45]       HTTP: GET /api/tenancy/branches => List: declares 'tenancy.branches.read' but no authorization policy on it requires that permission; use RequirePermission
[xUnit.net 00:00:10.45]       HTTP: GET /api/tenancy/branches/{id:guid} => Get: declares 'tenancy.branches.read' but no authorization policy on it requires that permission; use RequirePermission
[xUnit.net 00:00:10.45]       HTTP: GET /api/tenancy/access => List: declares 'tenancy.access.read' but no authorization policy on it requires that permission; use RequirePermission
[xUnit.net 00:00:10.45]       HTTP: GET /api/tenancy/access/{userId:guid} => Get: declares 'tenancy.access.read' but no authorization policy on it requires that permission; use RequirePermission
[xUnit.net 00:00:10.45]       HTTP: GET /api/tenancy/workplace => Get: declares 'tenancy.workplace.read' but no authorization policy on it requires that permission; use RequirePermission
[xUnit.net 00:00:10.45]       HTTP: GET /api/identity/users => List: declares 'identity.users.read' but no authorization policy on it requires that permission; use RequirePermission
[xUnit.net 00:00:10.45]       HTTP: GET /api/identity/users/{id:guid} => Get: declares 'identity.users.read' but no authorization policy on it requires that permission; use RequirePermission
[xUnit.net 00:00:10.45]       HTTP: GET /api/identity/users/{id:guid}/access => Access: declares 'identity.users.read' but no authorization policy on it requires that permission; use RequirePermission
[xUnit.net 00:00:10.45]       HTTP: GET /api/identity/users/{id:guid}/default-company => GetDefaultCompany: declares 'identity.users.read' but no authorization policy on it requires that permission; use RequirePermission
[xUnit.net 00:00:10.45]       HTTP: GET /api/identity/companies => Companies: declares 'identity.users.read' but no authorization policy on it requires that permission; use RequirePermission
[xUnit.net 00:00:10.45]       HTTP: GET /api/identity/users/{id:guid}/sign-ins => SignIns: declares 'identity.signIns.read' but no authorization policy on it requires that permission; use RequirePermission
[xUnit.net 00:00:10.45]       HTTP: GET /api/identity/roles => List: declares 'identity.roles.read' but no authorization policy on it requires that permission; use RequirePermission
[xUnit.net 00:00:10.45]       HTTP: GET /api/identity/roles/{id:guid} => Get: declares 'identity.roles.read' but no authorization policy on it requires that permission; use RequirePermission
[xUnit.net 00:00:10.45]       HTTP: GET /api/identity/permissions => Permissions: declares 'identity.roles.read' but no authorization policy on it requires that permission; use RequirePermission
[xUnit.net 00:00:10.45]       HTTP: GET /api/identity/users/{id:guid}/passkeys => OfUser: declares 'identity.users.read' but no authorization policy on it requires that permission; use RequirePermission
[xUnit.net 00:00:10.45]       HTTP: GET /api/lists/tenancy.companies/definition: declares 'tenancy.companies.read' but no authorization policy on it requires that permission; use RequirePermission
[xUnit.net 00:00:10.45]       HTTP: GET /api/lists/tenancy.companies/views: declares 'tenancy.companies.read' but no authorization policy on it requires that permission; use RequirePermission
[xUnit.net 00:00:10.45]       HTTP: GET /api/lists/tenancy.companies/views/{id:guid}: declares 'tenancy.companies.read' but no authorization policy on it requires that permission; use RequirePermission
[xUnit.net 00:00:10.45]       HTTP: POST /api/lists/tenancy.companies/views: declares 'tenancy.companies.read' but no authorization policy on it requires that permission; use RequirePermission
[xUnit.net 00:00:10.45]       HTTP: PUT /api/lists/tenancy.companies/views/{id:guid}: declares 'tenancy.companies.read' but no authorization policy on it requires that permission; use RequirePermission
[xUnit.net 00:00:10.45]       HTTP: DELETE /api/lists/tenancy.companies/views/{id:guid}: declares 'tenancy.companies.read' but no authorization policy on it requires that permission; use RequirePermission
[xUnit.net 00:00:10.45]       HTTP: GET /api/lists/tenancy.companies/shared-views/{id:guid}: declares 'tenancy.companies.read' but no authorization policy on it requires that permission; use RequirePermission
[xUnit.net 00:00:10.45]       HTTP: GET /api/lists/tenancy.branches/definition: declares 'tenancy.branches.read' but no authorization policy on it requires that permission; use RequirePermission
[xUnit.net 00:00:10.45]       HTTP: GET /api/lists/tenancy.branches/views: declares 'tenancy.branches.read' but no authorization policy on it requires that permission; use RequirePermission
[xUnit.net 00:00:10.45]       HTTP: GET /api/lists/tenancy.branches/views/{id:guid}: declares 'tenancy.branches.read' but no authorization policy on it requires that permission; use RequirePermission
[xUnit.net 00:00:10.45]       HTTP: POST /api/lists/tenancy.branches/views: declares 'tenancy.branches.read' but no authorization policy on it requires that permission; use RequirePermission
[xUnit.net 00:00:10.45]       HTTP: PUT /api/lists/tenancy.branches/views/{id:guid}: declares 'tenancy.branches.read' but no authorization policy on it requires that permission; use RequirePermission
[xUnit.net 00:00:10.45]       HTTP: DELETE /api/lists/tenancy.branches/views/{id:guid}: declares 'tenancy.branches.read' but no authorization policy on it requires that permission; use RequirePermission
[xUnit.net 00:00:10.45]       HTTP: GET /api/lists/tenancy.branches/shared-views/{id:guid}: declares 'tenancy.branches.read' but no authorization policy on it requires that permission; use RequirePermission
[xUnit.net 00:00:10.45]       HTTP: GET /api/lists/tenancy.access/definition: declares 'tenancy.access.read' but no authorization policy on it requires that permission; use RequirePermission
[xUnit.net 00:00:10.45]       HTTP: GET /api/lists/tenancy.access/views: declares 'tenancy.access.read' but no authorization policy on it requires that permission; use RequirePermission
[xUnit.net 00:00:10.45]       HTTP: GET /api/lists/tenancy.access/views/{id:guid}: declares 'tenancy.access.read' but no authorization policy on it requires that permission; use RequirePermission
[xUnit.net 00:00:10.45]       HTTP: POST /api/lists/tenancy.access/views: declares 'tenancy.access.read' but no authorization policy on it requires that permission; use RequirePermission
[xUnit.net 00:00:10.45]       HTTP: PUT /api/lists/tenancy.access/views/{id:guid}: declares 'tenancy.access.read' but no authorization policy on it requires that permission; use RequirePermission
[xUnit.net 00:00:10.45]       HTTP: DELETE /api/lists/tenancy.access/views/{id:guid}: declares 'tenancy.access.read' but no authorization policy on it requires that permission; use RequirePermission
[xUnit.net 00:00:10.45]       HTTP: GET /api/lists/tenancy.access/shared-views/{id:guid}: declares 'tenancy.access.read' but no authorization policy on it requires that permission; use RequirePermission
[xUnit.net 00:00:10.45]       HTTP: GET /api/lists/identity.users/definition: declares 'identity.users.read' but no authorization policy on it requires that permission; use RequirePermission
[xUnit.net 00:00:10.45]       HTTP: GET /api/lists/identity.users/views: declares 'identity.users.read' but no authorization policy on it requires that permission; use RequirePermission
[xUnit.net 00:00:10.45]       HTTP: GET /api/lists/identity.users/views/{id:guid}: declares 'identity.users.read' but no authorization policy on it requires that permission; use RequirePermission
[xUnit.net 00:00:10.45]       HTTP: POST /api/lists/identity.users/views: declares 'identity.users.read' but no authorization policy on it requires that permission; use RequirePermission
[xUnit.net 00:00:10.45]       HTTP: PUT /api/lists/identity.users/views/{id:guid}: declares 'identity.users.read' but no authorization policy on it requires that permission; use RequirePermission
[xUnit.net 00:00:10.45]       HTTP: DELETE /api/lists/identity.users/views/{id:guid}: declares 'identity.users.read' but no authorization policy on it requires that permission; use RequirePermission
[xUnit.net 00:00:10.45]       HTTP: GET /api/lists/identity.users/shared-views/{id:guid}: declares 'identity.users.read' but no authorization policy on it requires that permission; use RequirePermission
[xUnit.net 00:00:10.45]       HTTP: GET /api/lists/identity.roles/definition: declares 'identity.roles.read' but no authorization policy on it requires that permission; use RequirePermission
[xUnit.net 00:00:10.46]       HTTP: GET /api/lists/identity.roles/views: declares 'identity.roles.read' but no authorization policy on it requires that permission; use RequirePermission
[xUnit.net 00:00:10.46]       HTTP: GET /api/lists/identity.roles/views/{id:guid}: declares 'identity.roles.read' but no authorization policy on it requires that permission; use RequirePermission
[xUnit.net 00:00:10.46]       HTTP: POST /api/lists/identity.roles/views: declares 'identity.roles.read' but no authorization policy on it requires that permission; use RequirePermission
[xUnit.net 00:00:10.46]       HTTP: PUT /api/lists/identity.roles/views/{id:guid}: declares 'identity.roles.read' but no authorization policy on it requires that permission; use RequirePermission
[xUnit.net 00:00:10.46]       HTTP: DELETE /api/lists/identity.roles/views/{id:guid}: declares 'identity.roles.read' but no authorization policy on it requires that permission; use RequirePermission
[xUnit.net 00:00:10.46]       HTTP: GET /api/lists/identity.roles/shared-views/{id:guid}: declares 'identity.roles.read' but no authorization policy on it requires that permission; use RequirePermission
[xUnit.net 00:00:10.46]       HTTP: GET /api/reports/catalog => Catalog: declares 'reports.catalog.read' but no authorization policy on it requires that permission; use RequirePermission
[xUnit.net 00:00:10.46]       HTTP: GET /api/reports/run/tenancy.companyProfile: declares 'tenancy.companies.read' but no authorization policy on it requires that permission; use RequirePermission
[xUnit.net 00:00:10.46]       HTTP: GET /api/reports/run/tenancy.branchDirectory: declares 'tenancy.branches.read' but no authorization policy on it requires that permission; use RequirePermission
[xUnit.net 00:00:10.46]       HTTP: GET /api/reports/run/identity.usersByRole: declares 'identity.users.read' but no authorization policy on it requires that permission; use RequirePermission
[xUnit.net 00:00:10.46]       HTTP: GET /api/reports/run/identity.roleSummary: declares 'identity.roles.read' but no authorization policy on it requires that permission; use RequirePermission
[xUnit.net 00:00:10.46]       HTTP: GET /api/reports/lists/tenancy.companies: declares 'tenancy.companies.read' but no authorization policy on it requires that permission; use RequirePermission
[xUnit.net 00:00:10.46]       HTTP: GET /api/reports/lists/tenancy.branches: declares 'tenancy.branches.read' but no authorization policy on it requires that permission; use RequirePermission
[xUnit.net 00:00:10.46]       HTTP: GET /api/reports/lists/tenancy.access: declares 'tenancy.access.read' but no authorization policy on it requires that permission; use RequirePermission
[xUnit.net 00:00:10.46]       HTTP: GET /api/reports/lists/identity.users: declares 'identity.users.read' but no authorization policy on it requires that permission; use RequirePermission
[xUnit.net 00:00:10.46]       HTTP: GET /api/reports/lists/identity.roles: declares 'identity.roles.read' but no authorization policy on it requires that permission; use RequirePermission
[xUnit.net 00:00:10.46]       Stack Trace:
[xUnit.net 00:00:10.46]         
[xUnit.net 00:00:10.46]         ----- Inner Stack Trace -----
[xUnit.net 00:00:10.46]         /work/src/Kernel/Erp.Kernel/Hosting/ErpPlatform.cs(251,0): at Erp.Kernel.Hosting.ErpPlatform.ValidateEndpoints(WebApplication app)
[xUnit.net 00:00:10.46]         /work/src/Kernel/Erp.Kernel/Hosting/ErpPlatform.cs(204,0): at Erp.Kernel.Hosting.ErpPlatform.UseErpPlatform(WebApplication app)
[xUnit.net 00:00:10.46]         /work/src/Host/Erp.Host/Program.cs(8,0): at Program.<Main>$(String[] args)
[xUnit.net 00:00:10.46]            at Program.<Main>(String[] args)
[xUnit.net 00:00:10.46]            at System.Reflection.MethodBaseInvoker.InterpretedInvoke_Method(Object obj, IntPtr* args)
[xUnit.net 00:00:10.46]            at System.Reflection.MethodBaseInvoker.InvokeDirectByRefWithFewArgs(Object obj, Span`1 copyOfArgs, BindingFlags invokeAttr)
[xUnit.net 00:00:10.46]         --- End of stack trace from previous location ---
[xUnit.net 00:00:10.46]            at Microsoft.AspNetCore.Mvc.Testing.DeferredHostBuilder.DeferredHost.StartAsync(CancellationToken cancellationToken)
[xUnit.net 00:00:10.46]            at Microsoft.Extensions.Hosting.HostingAbstractionsHostExtensions.Start(IHost host)
[xUnit.net 00:00:10.46]            at Microsoft.AspNetCore.Mvc.Testing.WebApplicationFactory`1.CreateHost(IHostBuilder builder)
[xUnit.net 00:00:10.46]            at Microsoft.AspNetCore.Mvc.Testing.WebApplicationFactory`1.ConfigureHostBuilder(IHostBuilder hostBuilder)
[xUnit.net 00:00:10.46]            at Microsoft.AspNetCore.Mvc.Testing.WebApplicationFactory`1.StartServer()
[xUnit.net 00:00:10.46]            at Microsoft.AspNetCore.Mvc.Testing.WebApplicationFactory`1.get_Services()
[xUnit.net 00:00:10.46]         /work/tests/Erp.Testing/ErpTestEnvironment.cs(129,0): at Erp.Testing.ErpTestEnvironment.SeedAsync(TestDatabaseServer server, String database, SeedPlan plan, IDictionary`2 settings)
[xUnit.net 00:00:10.46]         /work/tests/Erp.Testing/ErpTestEnvironment.cs(139,0): at Erp.Testing.ErpTestEnvironment.SeedAsync(TestDatabaseServer server, String database, SeedPlan plan, IDictionary`2 settings)
[xUnit.net 00:00:10.46]         /work/tests/Erp.Testing/ErpTestEnvironment.cs(91,0): at Erp.Testing.ErpTestEnvironment.<>c__DisplayClass34_0.<<StartGateAsync>b__0>d.MoveNext()
[xUnit.net 00:00:10.46]         --- End of stack trace from previous location ---
[xUnit.net 00:00:10.46]         /work/tests/Erp.Testing/TestDatabaseServer.cs(160,0): at Erp.Testing.TestDatabaseServer.<>c__DisplayClass25_0.<<GateTemplateAsync>b__3>d.MoveNext()
[xUnit.net 00:00:10.46]         --- End of stack trace from previous location ---
[xUnit.net 00:00:10.46]         /work/tests/Erp.Testing/TestDatabaseServer.cs(165,0): at Erp.Testing.TestDatabaseServer.GateTemplateAsync(IDictionary`2 settings, Func`2 seed)
[xUnit.net 00:00:10.46]         /work/tests/Erp.Testing/ErpTestEnvironment.cs(88,0): at Erp.Testing.ErpTestEnvironment.StartGateAsync(IDictionary`2 settings)
[xUnit.net 00:00:10.46]         /work/tests/Erp.Gates.Tests/Infrastructure/GateFixture.cs(17,0): at Erp.Gates.Tests.Infrastructure.GateFixture.InitializeAsync()
[xUnit.net 00:00:10.46]     Erp.Gates.Tests.G2.G2PermissionTests.Every_endpoint_declares_exactly_one_permission_or_is_reviewed_anonymous [FAIL]
[xUnit.net 00:00:10.46]       Assembly fixture type 'Erp.Gates.Tests.Infrastructure.GateFixture' threw in InitializeAsync
[xUnit.net 00:00:10.46]       ---- System.InvalidOperationException : Endpoint authorisation is incomplete:
[xUnit.net 00:00:10.46]       HTTP: GET /api/tenancy/tenant => GetTenant: declares 'tenancy.tenant.read' but no authorization policy on it requires that permission; use RequirePermission
[xUnit.net 00:00:10.46]       HTTP: GET /api/tenancy/companies => List: declares 'tenancy.companies.read' but no authorization policy on it requires that permission; use RequirePermission
[xUnit.net 00:00:10.46]       HTTP: GET /api/tenancy/companies/{id:guid} => Get: declares 'tenancy.companies.read' but no authorization policy on it requires that permission; use RequirePermission
[xUnit.net 00:00:10.46]       HTTP: GET /api/tenancy/companies/{id:guid}/logo => GetLogo: declares 'tenancy.companies.read' but no authorization policy on it requires that permission; use RequirePermission
[xUnit.net 00:00:10.46]       HTTP: GET /api/tenancy/branches => List: declares 'tenancy.branches.read' but no authorization policy on it requires that permission; use RequirePermission
[xUnit.net 00:00:10.46]       HTTP: GET /api/tenancy/branches/{id:guid} => Get: declares 'tenancy.branches.read' but no authorization policy on it requires that permission; use RequirePermission
[xUnit.net 00:00:10.46]       HTTP: GET /api/tenancy/access => List: declares 'tenancy.access.read' but no authorization policy on it requires that permission; use RequirePermission
[xUnit.net 00:00:10.46]       HTTP: GET /api/tenancy/access/{userId:guid} => Get: declares 'tenancy.access.read' but no authorization policy on it requires that permission; use RequirePermission
[xUnit.net 00:00:10.46]       HTTP: GET /api/tenancy/workplace => Get: declares 'tenancy.workplace.read' but no authorization policy on it requires that permission; use RequirePermission
[xUnit.net 00:00:10.46]       HTTP: GET /api/identity/users => List: declares 'identity.users.read' but no authorization policy on it requires that permission; use RequirePermission
[xUnit.net 00:00:10.46]       HTTP: GET /api/identity/users/{id:guid} => Get: declares 'identity.users.read' but no authorization policy on it requires that permission; use RequirePermission
[xUnit.net 00:00:10.46]       HTTP: GET /api/identity/users/{id:guid}/access => Access: declares 'identity.users.read' but no authorization policy on it requires that permission; use RequirePermission
[xUnit.net 00:00:10.46]       HTTP: GET /api/identity/users/{id:guid}/default-company => GetDefaultCompany: declares 'identity.users.read' but no authorization policy on it requires that permission; use RequirePermission
[xUnit.net 00:00:10.46]       HTTP: GET /api/identity/companies => Companies: declares 'identity.users.read' but no authorization policy on it requires that permission; use RequirePermission
[xUnit.net 00:00:10.46]       HTTP: GET /api/identity/users/{id:guid}/sign-ins => SignIns: declares 'identity.signIns.read' but no authorization policy on it requires that permission; use RequirePermission
[xUnit.net 00:00:10.46]       HTTP: GET /api/identity/roles => List: declares 'identity.roles.read' but no authorization policy on it requires that permission; use RequirePermission
[xUnit.net 00:00:10.46]       HTTP: GET /api/identity/roles/{id:guid} => Get: declares 'identity.roles.read' but no authorization policy on it requires that permission; use RequirePermission
[xUnit.net 00:00:10.46]       HTTP: GET /api/identity/permissions => Permissions: declares 'identity.roles.read' but no authorization policy on it requires that permission; use RequirePermission
[xUnit.net 00:00:10.46]       HTTP: GET /api/identity/users/{id:guid}/passkeys => OfUser: declares 'identity.users.read' but no authorization policy on it requires that permission; use RequirePermission
[xUnit.net 00:00:10.46]       HTTP: GET /api/lists/tenancy.companies/definition: declares 'tenancy.companies.read' but no authorization policy on it requires that permission; use RequirePermission
[xUnit.net 00:00:10.46]       HTTP: GET /api/lists/tenancy.companies/views: declares 'tenancy.companies.read' but no authorization policy on it requires that permission; use RequirePermission
[xUnit.net 00:00:10.46]       HTTP: GET /api/lists/tenancy.companies/views/{id:guid}: declares 'tenancy.companies.read' but no authorization policy on it requires that permission; use RequirePermission
[xUnit.net 00:00:10.46]       HTTP: POST /api/lists/tenancy.companies/views: declares 'tenancy.companies.read' but no authorization policy on it requires that permission; use RequirePermission
[xUnit.net 00:00:10.46]       HTTP: PUT /api/lists/tenancy.companies/views/{id:guid}: declares 'tenancy.companies.read' but no authorization policy on it requires that permission; use RequirePermission
[xUnit.net 00:00:10.46]       HTTP: DELETE /api/lists/tenancy.companies/views/{id:guid}: declares 'tenancy.companies.read' but no authorization policy on it requires that permission; use RequirePermission
[xUnit.net 00:00:10.46]       HTTP: GET /api/lists/tenancy.companies/shared-views/{id:guid}: declares 'tenancy.companies.read' but no authorization policy on it requires that permission; use RequirePermission
[xUnit.net 00:00:10.46]       HTTP: GET /api/lists/tenancy.branches/definition: declares 'tenancy.branches.read' but no authorization policy on it requires that permission; use RequirePermission
[xUnit.net 00:00:10.46]       HTTP: GET /api/lists/tenancy.branches/views: declares 'tenancy.branches.read' but no authorization policy on it requires that permission; use RequirePermission
[xUnit.net 00:00:10.46]       HTTP: GET /api/lists/tenancy.branches/views/{id:guid}: declares 'tenancy.branches.read' but no authorization policy on it requires that permission; use RequirePermission
[xUnit.net 00:00:10.46]       HTTP: POST /api/lists/tenancy.branches/views: declares 'tenancy.branches.read' but no authorization policy on it requires that permission; use RequirePermission
[xUnit.net 00:00:10.46]       HTTP: PUT /api/lists/tenancy.branches/views/{id:guid}: declares 'tenancy.branches.read' but no authorization policy on it requires that permission; use RequirePermission
[xUnit.net 00:00:10.46]       HTTP: DELETE /api/lists/tenancy.branches/views/{id:guid}: declares 'tenancy.branches.read' but no authorization policy on it requires that permission; use RequirePermission
[xUnit.net 00:00:10.46]       HTTP: GET /api/lists/tenancy.branches/shared-views/{id:guid}: declares 'tenancy.branches.read' but no authorization policy on it requires that permission; use RequirePermission
[xUnit.net 00:00:10.46]       HTTP: GET /api/lists/tenancy.access/definition: declares 'tenancy.access.read' but no authorization policy on it requires that permission; use RequirePermission
[xUnit.net 00:00:10.46]       HTTP: GET /api/lists/tenancy.access/views: declares 'tenancy.access.read' but no authorization policy on it requires that permission; use RequirePermission
[xUnit.net 00:00:10.46]       HTTP: GET /api/lists/tenancy.access/views/{id:guid}: declares 'tenancy.access.read' but no authorization policy on it requires that permission; use RequirePermission
[xUnit.net 00:00:10.46]       HTTP: POST /api/lists/tenancy.access/views: declares 'tenancy.access.read' but no authorization policy on it requires that permission; use RequirePermission
[xUnit.net 00:00:10.46]       HTTP: PUT /api/lists/tenancy.access/views/{id:guid}: declares 'tenancy.access.read' but no authorization policy on it requires that permission; use RequirePermission
[xUnit.net 00:00:10.46]       HTTP: DELETE /api/lists/tenancy.access/views/{id:guid}: declares 'tenancy.access.read' but no authorization policy on it requires that permission; use RequirePermission
[xUnit.net 00:00:10.46]       HTTP: GET /api/lists/tenancy.access/shared-views/{id:guid}: declares 'tenancy.access.read' but no authorization policy on it requires that permission; use RequirePermission
[xUnit.net 00:00:10.46]       HTTP: GET /api/lists/identity.users/definition: declares 'identity.users.read' but no authorization policy on it requires that permission; use RequirePermission
[xUnit.net 00:00:10.46]       HTTP: GET /api/lists/identity.users/views: declares 'identity.users.read' but no authorization policy on it requires that permission; use RequirePermission
[xUnit.net 00:00:10.46]       HTTP: GET /api/lists/identity.users/views/{id:guid}: declares 'identity.users.read' but no authorization policy on it requires that permission; use RequirePermission
[xUnit.net 00:00:10.46]       HTTP: POST /api/lists/identity.users/views: declares 'identity.users.read' but no authorization policy on it requires that permission; use RequirePermission
[xUnit.net 00:00:10.46]       HTTP: PUT /api/lists/identity.users/views/{id:guid}: declares 'identity.users.read' but no authorization policy on it requires that permission; use RequirePermission
[xUnit.net 00:00:10.46]       HTTP: DELETE /api/lists/identity.users/views/{id:guid}: declares 'identity.users.read' but no authorization policy on it requires that permission; use RequirePermission
[xUnit.net 00:00:10.46]       HTTP: GET /api/lists/identity.users/shared-views/{id:guid}: declares 'identity.users.read' but no authorization policy on it requires that permission; use RequirePermission
[xUnit.net 00:00:10.46]       HTTP: GET /api/lists/identity.roles/definition: declares 'identity.roles.read' but no authorization policy on it requires that permission; use RequirePermission
[xUnit.net 00:00:10.46]       HTTP: GET /api/lists/identity.roles/views: declares 'identity.roles.read' but no authorization policy on it requires that permission; use RequirePermission
[xUnit.net 00:00:10.46]       HTTP: GET /api/lists/identity.roles/views/{id:guid}: declares 'identity.roles.read' but no authorization policy on it requires that permission; use RequirePermission
[xUnit.net 00:00:10.46]       HTTP: POST /api/lists/identity.roles/views: declares 'identity.roles.read' but no authorization policy on it requires that permission; use RequirePermission
[xUnit.net 00:00:10.46]       HTTP: PUT /api/lists/identity.roles/views/{id:guid}: declares 'identity.roles.read' but no authorization policy on it requires that permission; use RequirePermission
[xUnit.net 00:00:10.46]       HTTP: DELETE /api/lists/identity.roles/views/{id:guid}: declares 'identity.roles.read' but no authorization policy on it requires that permission; use RequirePermission
[xUnit.net 00:00:10.46]       HTTP: GET /api/lists/identity.roles/shared-views/{id:guid}: declares 'identity.roles.read' but no authorization policy on it requires that permission; use RequirePermission
[xUnit.net 00:00:10.46]       HTTP: GET /api/reports/catalog => Catalog: declares 'reports.catalog.read' but no authorization policy on it requires that permission; use RequirePermission
[xUnit.net 00:00:10.46]       HTTP: GET /api/reports/run/tenancy.companyProfile: declares 'tenancy.companies.read' but no authorization policy on it requires that permission; use RequirePermission
[xUnit.net 00:00:10.46]       HTTP: GET /api/reports/run/tenancy.branchDirectory: declares 'tenancy.branches.read' but no authorization policy on it requires that permission; use RequirePermission
[xUnit.net 00:00:10.46]       HTTP: GET /api/reports/run/identity.usersByRole: declares 'identity.users.read' but no authorization policy on it requires that permission; use RequirePermission
[xUnit.net 00:00:10.46]       HTTP: GET /api/reports/run/identity.roleSummary: declares 'identity.roles.read' but no authorization policy on it requires that permission; use RequirePermission
[xUnit.net 00:00:10.46]       HTTP: GET /api/reports/lists/tenancy.companies: declares 'tenancy.companies.read' but no authorization policy on it requires that permission; use RequirePermission
[xUnit.net 00:00:10.46]       HTTP: GET /api/reports/lists/tenancy.branches: declares 'tenancy.branches.read' but no authorization policy on it requires that permission; use RequirePermission
[xUnit.net 00:00:10.46]       HTTP: GET /api/reports/lists/tenancy.access: declares 'tenancy.access.read' but no authorization policy on it requires that permission; use RequirePermission
[xUnit.net 00:00:10.46]       HTTP: GET /api/reports/lists/identity.users: declares 'identity.users.read' but no authorization policy on it requires that permission; use RequirePermission
[xUnit.net 00:00:10.46]       HTTP: GET /api/reports/lists/identity.roles: declares 'identity.roles.read' but no authorization policy on it requires that permission; use RequirePermission
[xUnit.net 00:00:10.46]       Stack Trace:
[xUnit.net 00:00:10.46]         
[xUnit.net 00:00:10.46]         ----- Inner Stack Trace -----
[xUnit.net 00:00:10.46]         /work/src/Kernel/Erp.Kernel/Hosting/ErpPlatform.cs(251,0): at Erp.Kernel.Hosting.ErpPlatform.ValidateEndpoints(WebApplication app)
[xUnit.net 00:00:10.46]         /work/src/Kernel/Erp.Kernel/Hosting/ErpPlatform.cs(204,0): at Erp.Kernel.Hosting.ErpPlatform.UseErpPlatform(WebApplication app)
[xUnit.net 00:00:10.46]         /work/src/Host/Erp.Host/Program.cs(8,0): at Program.<Main>$(String[] args)
[xUnit.net 00:00:10.46]            at Program.<Main>(String[] args)
[xUnit.net 00:00:10.46]            at System.Reflection.MethodBaseInvoker.InterpretedInvoke_Method(Object obj, IntPtr* args)
[xUnit.net 00:00:10.46]            at System.Reflection.MethodBaseInvoker.InvokeDirectByRefWithFewArgs(Object obj, Span`1 copyOfArgs, BindingFlags invokeAttr)
[xUnit.net 00:00:10.46]         --- End of stack trace from previous location ---
[xUnit.net 00:00:10.46]            at Microsoft.AspNetCore.Mvc.Testing.DeferredHostBuilder.DeferredHost.StartAsync(CancellationToken cancellationToken)
[xUnit.net 00:00:10.46]            at Microsoft.Extensions.Hosting.HostingAbstractionsHostExtensions.Start(IHost host)
[xUnit.net 00:00:10.46]            at Microsoft.AspNetCore.Mvc.Testing.WebApplicationFactory`1.CreateHost(IHostBuilder builder)
[xUnit.net 00:00:10.46]            at Microsoft.AspNetCore.Mvc.Testing.WebApplicationFactory`1.ConfigureHostBuilder(IHostBuilder hostBuilder)
[xUnit.net 00:00:10.46]            at Microsoft.AspNetCore.Mvc.Testing.WebApplicationFactory`1.StartServer()
[xUnit.net 00:00:10.46]            at Microsoft.AspNetCore.Mvc.Testing.WebApplicationFactory`1.get_Services()
[xUnit.net 00:00:10.46]         /work/tests/Erp.Testing/ErpTestEnvironment.cs(129,0): at Erp.Testing.ErpTestEnvironment.SeedAsync(TestDatabaseServer server, String database, SeedPlan plan, IDictionary`2 settings)
[xUnit.net 00:00:10.46]         /work/tests/Erp.Testing/ErpTestEnvironment.cs(139,0): at Erp.Testing.ErpTestEnvironment.SeedAsync(TestDatabaseServer server, String database, SeedPlan plan, IDictionary`2 settings)
[xUnit.net 00:00:10.46]         /work/tests/Erp.Testing/ErpTestEnvironment.cs(91,0): at Erp.Testing.ErpTestEnvironment.<>c__DisplayClass34_0.<<StartGateAsync>b__0>d.MoveNext()
[xUnit.net 00:00:10.46]         --- End of stack trace from previous location ---
[xUnit.net 00:00:10.46]         /work/tests/Erp.Testing/TestDatabaseServer.cs(160,0): at Erp.Testing.TestDatabaseServer.<>c__DisplayClass25_0.<<GateTemplateAsync>b__3>d.MoveNext()
[xUnit.net 00:00:10.46]         --- End of stack trace from previous location ---
[xUnit.net 00:00:10.46]         /work/tests/Erp.Testing/TestDatabaseServer.cs(165,0): at Erp.Testing.TestDatabaseServer.GateTemplateAsync(IDictionary`2 settings, Func`2 seed)
[xUnit.net 00:00:10.46]         /work/tests/Erp.Testing/ErpTestEnvironment.cs(88,0): at Erp.Testing.ErpTestEnvironment.StartGateAsync(IDictionary`2 settings)
[xUnit.net 00:00:10.46]         /work/tests/Erp.Gates.Tests/Infrastructure/GateFixture.cs(17,0): at Erp.Gates.Tests.Infrastructure.GateFixture.InitializeAsync()
[xUnit.net 00:00:10.46]     [Test Assembly Cleanup Failure (/work/tests/Erp.Gates.Tests/bin/Release/net10.0/Erp.Gates.Tests.dll)] Xunit.Sdk.TestPipelineException
[xUnit.net 00:00:10.46]       Assembly fixture type 'Erp.Gates.Tests.Infrastructure.GateFixture' threw in DisposeAsync
[xUnit.net 00:00:10.46]       ---- System.NullReferenceException : Object reference not set to an instance of an object.
[xUnit.net 00:00:10.46]       Stack Trace:
[xUnit.net 00:00:10.46]         --- End of stack trace from previous location ---
[xUnit.net 00:00:10.46]         ----- Inner Stack Trace -----
[xUnit.net 00:00:10.46]         /work/tests/Erp.Gates.Tests/Infrastructure/GateFixture.cs(21,0): at Erp.Gates.Tests.Infrastructure.GateFixture.DisposeAsync()
[xUnit.net 00:00:10.46]   Finished:    Erp.Gates.Tests (ID = 'd67f9af34c5c91feae69a31c7ab81956a411c8cd54ea4942d23c1fd06e059e25')
  Failed Erp.Gates.Tests.G2.G2PermissionTests.No_endpoint_that_changes_data_is_guarded_by_a_read_permission [1 ms]
  Error Message:
   Assembly fixture type 'Erp.Gates.Tests.Infrastructure.GateFixture' threw in InitializeAsync
---- System.InvalidOperationException : Endpoint authorisation is incomplete:
HTTP: GET /api/tenancy/tenant => GetTenant: declares 'tenancy.tenant.read' but no authorization policy on it requires that permission; use RequirePermission
HTTP: GET /api/tenancy/companies => List: declares 'tenancy.companies.read' but no authorization policy on it requires that permission; use RequirePermission
HTTP: GET /api/tenancy/companies/{id:guid} => Get: declares 'tenancy.companies.read' but no authorization policy on it requires that permission; use RequirePermission
HTTP: GET /api/tenancy/companies/{id:guid}/logo => GetLogo: declares 'tenancy.companies.read' but no authorization policy on it requires that permission; use RequirePermission
HTTP: GET /api/tenancy/branches => List: declares 'tenancy.branches.read' but no authorization policy on it requires that permission; use RequirePermission
HTTP: GET /api/tenancy/branches/{id:guid} => Get: declares 'tenancy.branches.read' but no authorization policy on it requires that permission; use RequirePermission
HTTP: GET /api/tenancy/access => List: declares 'tenancy.access.read' but no authorization policy on it requires that permission; use RequirePermission
HTTP: GET /api/tenancy/access/{userId:guid} => Get: declares 'tenancy.access.read' but no authorization policy on it requires that permission; use RequirePermission
HTTP: GET /api/tenancy/workplace => Get: declares 'tenancy.workplace.read' but no authorization policy on it requires that permission; use RequirePermission
HTTP: GET /api/identity/users => List: declares 'identity.users.read' but no authorization policy on it requires that permission; use RequirePermission
HTTP: GET /api/identity/users/{id:guid} => Get: declares 'identity.users.read' but no authorization policy on it requires that permission; use RequirePermission
HTTP: GET /api/identity/users/{id:guid}/access => Access: declares 'identity.users.read' but no authorization policy on it requires that permission; use RequirePermission
HTTP: GET /api/identity/users/{id:guid}/default-company => GetDefaultCompany: declares 'identity.users.read' but no authorization policy on it requires that permission; use RequirePermission
HTTP: GET /api/identity/companies => Companies: declares 'identity.users.read' but no authorization policy on it requires that permission; use RequirePermission
HTTP: GET /api/identity/users/{id:guid}/sign-ins => SignIns: declares 'identity.signIns.read' but no authorization policy on it requires that permission; use RequirePermission
HTTP: GET /api/identity/roles => List: declares 'identity.roles.read' but no authorization policy on it requires that permission; use RequirePermission
HTTP: GET /api/identity/roles/{id:guid} => Get: declares 'identity.roles.read' but no authorization policy on it requires that permission; use RequirePermission
HTTP: GET /api/identity/permissions => Permissions: declares 'identity.roles.read' but no authorization policy on it requires that permission; use RequirePermission
HTTP: GET /api/identity/users/{id:guid}/passkeys => OfUser: declares 'identity.users.read' but no authorization policy on it requires that permission; use RequirePermission
HTTP: GET /api/lists/tenancy.companies/definition: declares 'tenancy.companies.read' but no authorization policy on it requires that permission; use RequirePermission
HTTP: GET /api/lists/tenancy.companies/views: declares 'tenancy.companies.read' but no authorization policy on it requires that permission; use RequirePermission
HTTP: GET /api/lists/tenancy.companies/views/{id:guid}: declares 'tenancy.companies.read' but no authorization policy on it requires that permission; use RequirePermission
HTTP: POST /api/lists/tenancy.companies/views: declares 'tenancy.companies.read' but no authorization policy on it requires that permission; use RequirePermission
HTTP: PUT /api/lists/tenancy.companies/views/{id:guid}: declares 'tenancy.companies.read' but no authorization policy on it requires that permission; use RequirePermission
HTTP: DELETE /api/lists/tenancy.companies/views/{id:guid}: declares 'tenancy.companies.read' but no authorization policy on it requires that permission; use RequirePermission
HTTP: GET /api/lists/tenancy.companies/shared-views/{id:guid}: declares 'tenancy.companies.read' but no authorization policy on it requires that permission; use RequirePermission
HTTP: GET /api/lists/tenancy.branches/definition: declares 'tenancy.branches.read' but no authorization policy on it requires that permission; use RequirePermission
HTTP: GET /api/lists/tenancy.branches/views: declares 'tenancy.branches.read' but no authorization policy on it requires that permission; use RequirePermission
HTTP: GET /api/lists/tenancy.branches/views/{id:guid}: declares 'tenancy.branches.read' but no authorization policy on it requires that permission; use RequirePermission
HTTP: POST /api/lists/tenancy.branches/views: declares 'tenancy.branches.read' but no authorization policy on it requires that permission; use RequirePermission
HTTP: PUT /api/lists/tenancy.branches/views/{id:guid}: declares 'tenancy.branches.read' but no authorization policy on it requires that permission; use RequirePermission
HTTP: DELETE /api/lists/tenancy.branches/views/{id:guid}: declares 'tenancy.branches.read' but no authorization policy on it requires that permission; use RequirePermission
HTTP: GET /api/lists/tenancy.branches/shared-views/{id:guid}: declares 'tenancy.branches.read' but no authorization policy on it requires that permission; use RequirePermission
HTTP: GET /api/lists/tenancy.access/definition: declares 'tenancy.access.read' but no authorization policy on it requires that permission; use RequirePermission
HTTP: GET /api/lists/tenancy.access/views: declares 'tenancy.access.read' but no authorization policy on it requires that permission; use RequirePermission
HTTP: GET /api/lists/tenancy.access/views/{id:guid}: declares 'tenancy.access.read' but no authorization policy on it requires that permission; use RequirePermission
HTTP: POST /api/lists/tenancy.access/views: declares 'tenancy.access.read' but no authorization policy on it requires that permission; use RequirePermission
HTTP: PUT /api/lists/tenancy.access/views/{id:guid}: declares 'tenancy.access.read' but no authorization policy on it requires that permission; use RequirePermission
HTTP: DELETE /api/lists/tenancy.access/views/{id:guid}: declares 'tenancy.access.read' but no authorization policy on it requires that permission; use RequirePermission
HTTP: GET /api/lists/tenancy.access/shared-views/{id:guid}: declares 'tenancy.access.read' but no authorization policy on it requires that permission; use RequirePermission
HTTP: GET /api/lists/identity.users/definition: declares 'identity.users.read' but no authorization policy on it requires that permission; use RequirePermission
HTTP: GET /api/lists/identity.users/views: declares 'identity.users.read' but no authorization policy on it requires that permission; use RequirePermission
HTTP: GET /api/lists/identity.users/views/{id:guid}: declares 'identity.users.read' but no authorization policy on it requires that permission; use RequirePermission
HTTP: POST /api/lists/identity.users/views: declares 'identity.users.read' but no authorization policy on it requires that permission; use RequirePermission
HTTP: PUT /api/lists/identity.users/views/{id:guid}: declares 'identity.users.read' but no authorization policy on it requires that permission; use RequirePermission
HTTP: DELETE /api/lists/identity.users/views/{id:guid}: declares 'identity.users.read' but no authorization policy on it requires that permission; use RequirePermission
HTTP: GET /api/lists/identity.users/shared-views/{id:guid}: declares 'identity.users.read' but no authorization policy on it requires that permission; use RequirePermission
HTTP: GET /api/lists/identity.roles/definition: declares 'identity.roles.read' but no authorization policy on it requires that permission; use RequirePermission
HTTP: GET /api/lists/identity.roles/views: declares 'identity.roles.read' but no authorization policy on it requires that permission; use RequirePermission
HTTP: GET /api/lists/identity.roles/views/{id:guid}: declares 'identity.roles.read' but no authorization policy on it requires that permission; use RequirePermission
HTTP: POST /api/lists/identity.roles/views: declares 'identity.roles.read' but no authorization policy on it requires that permission; use RequirePermission
HTTP: PUT /api/lists/identity.roles/views/{id:guid}: declares 'identity.roles.read' but no authorization policy on it requires that permission; use RequirePermission
HTTP: DELETE /api/lists/identity.roles/views/{id:guid}: declares 'identity.roles.read' but no authorization policy on it requires that permission; use RequirePermission
HTTP: GET /api/lists/identity.roles/shared-views/{id:guid}: declares 'identity.roles.read' but no authorization policy on it requires that permission; use RequirePermission
HTTP: GET /api/reports/catalog => Catalog: declares 'reports.catalog.read' but no authorization policy on it requires that permission; use RequirePermission
HTTP: GET /api/reports/run/tenancy.companyProfile: declares 'tenancy.companies.read' but no authorization policy on it requires that permission; use RequirePermission
HTTP: GET /api/reports/run/tenancy.branchDirectory: declares 'tenancy.branches.read' but no authorization policy on it requires that permission; use RequirePermission
HTTP: GET /api/reports/run/identity.usersByRole: declares 'identity.users.read' but no authorization policy on it requires that permission; use RequirePermission
HTTP: GET /api/reports/run/identity.roleSummary: declares 'identity.roles.read' but no authorization policy on it requires that permission; use RequirePermission
HTTP: GET /api/reports/lists/tenancy.companies: declares 'tenancy.companies.read' but no authorization policy on it requires that permission; use RequirePermission
HTTP: GET /api/reports/lists/tenancy.branches: declares 'tenancy.branches.read' but no authorization policy on it requires that permission; use RequirePermission
HTTP: GET /api/reports/lists/tenancy.access: declares 'tenancy.access.read' but no authorization policy on it requires that permission; use RequirePermission
HTTP: GET /api/reports/lists/identity.users: declares 'identity.users.read' but no authorization policy on it requires that permission; use RequirePermission
HTTP: GET /api/reports/lists/identity.roles: declares 'identity.roles.read' but no authorization policy on it requires that permission; use RequirePermission
  Stack Trace:
  
----- Inner Stack Trace -----
   at Erp.Kernel.Hosting.ErpPlatform.ValidateEndpoints(WebApplication app) in /work/src/Kernel/Erp.Kernel/Hosting/ErpPlatform.cs:line 251
   at Erp.Kernel.Hosting.ErpPlatform.UseErpPlatform(WebApplication app) in /work/src/Kernel/Erp.Kernel/Hosting/ErpPlatform.cs:line 204
   at Program.<Main>$(String[] args) in /work/src/Host/Erp.Host/Program.cs:line 8
   at Program.<Main>(String[] args)
   at System.Reflection.MethodBaseInvoker.InterpretedInvoke_Method(Object obj, IntPtr* args)
   at System.Reflection.MethodBaseInvoker.InvokeDirectByRefWithFewArgs(Object obj, Span`1 copyOfArgs, BindingFlags invokeAttr)
--- End of stack trace from previous location ---
   at Microsoft.AspNetCore.Mvc.Testing.DeferredHostBuilder.DeferredHost.StartAsync(CancellationToken cancellationToken)
   at Microsoft.Extensions.Hosting.HostingAbstractionsHostExtensions.Start(IHost host)
   at Microsoft.AspNetCore.Mvc.Testing.WebApplicationFactory`1.CreateHost(IHostBuilder builder)
   at Microsoft.AspNetCore.Mvc.Testing.WebApplicationFactory`1.ConfigureHostBuilder(IHostBuilder hostBuilder)
   at Microsoft.AspNetCore.Mvc.Testing.WebApplicationFactory`1.StartServer()
   at Microsoft.AspNetCore.Mvc.Testing.WebApplicationFactory`1.get_Services()
   at Erp.Testing.ErpTestEnvironment.SeedAsync(TestDatabaseServer server, String database, SeedPlan plan, IDictionary`2 settings) in /work/tests/Erp.Testing/ErpTestEnvironment.cs:line 129
   at Erp.Testing.ErpTestEnvironment.SeedAsync(TestDatabaseServer server, String database, SeedPlan plan, IDictionary`2 settings) in /work/tests/Erp.Testing/ErpTestEnvironment.cs:line 139
   at Erp.Testing.ErpTestEnvironment.<>c__DisplayClass34_0.<<StartGateAsync>b__0>d.MoveNext() in /work/tests/Erp.Testing/ErpTestEnvironment.cs:line 91
--- End of stack trace from previous location ---
   at Erp.Testing.TestDatabaseServer.<>c__DisplayClass25_0.<<GateTemplateAsync>b__3>d.MoveNext() in /work/tests/Erp.Testing/TestDatabaseServer.cs:line 160
--- End of stack trace from previous location ---
   at Erp.Testing.TestDatabaseServer.GateTemplateAsync(IDictionary`2 settings, Func`2 seed) in /work/tests/Erp.Testing/TestDatabaseServer.cs:line 165
   at Erp.Testing.ErpTestEnvironment.StartGateAsync(IDictionary`2 settings) in /work/tests/Erp.Testing/ErpTestEnvironment.cs:line 88
   at Erp.Gates.Tests.Infrastructure.GateFixture.InitializeAsync() in /work/tests/Erp.Gates.Tests/Infrastructure/GateFixture.cs:line 17
  Failed Erp.Gates.Tests.G2.G2PermissionTests.The_declaration_check_catches_AllowAnonymous_stacked_on_a_permission [1 ms]
  Error Message:
   Assembly fixture type 'Erp.Gates.Tests.Infrastructure.GateFixture' threw in InitializeAsync
---- System.InvalidOperationException : Endpoint authorisation is incomplete:
HTTP: GET /api/tenancy/tenant => GetTenant: declares 'tenancy.tenant.read' but no authorization policy on it requires that permission; use RequirePermission
HTTP: GET /api/tenancy/companies => List: declares 'tenancy.companies.read' but no authorization policy on it requires that permission; use RequirePermission
HTTP: GET /api/tenancy/companies/{id:guid} => Get: declares 'tenancy.companies.read' but no authorization policy on it requires that permission; use RequirePermission
HTTP: GET /api/tenancy/companies/{id:guid}/logo => GetLogo: declares 'tenancy.companies.read' but no authorization policy on it requires that permission; use RequirePermission
HTTP: GET /api/tenancy/branches => List: declares 'tenancy.branches.read' but no authorization policy on it requires that permission; use RequirePermission
HTTP: GET /api/tenancy/branches/{id:guid} => Get: declares 'tenancy.branches.read' but no authorization policy on it requires that permission; use RequirePermission
HTTP: GET /api/tenancy/access => List: declares 'tenancy.access.read' but no authorization policy on it requires that permission; use RequirePermission
HTTP: GET /api/tenancy/access/{userId:guid} => Get: declares 'tenancy.access.read' but no authorization policy on it requires that permission; use RequirePermission
HTTP: GET /api/tenancy/workplace => Get: declares 'tenancy.workplace.read' but no authorization policy on it requires that permission; use RequirePermission
HTTP: GET /api/identity/users => List: declares 'identity.users.read' but no authorization policy on it requires that permission; use RequirePermission
HTTP: GET /api/identity/users/{id:guid} => Get: declares 'identity.users.read' but no authorization policy on it requires that permission; use RequirePermission
HTTP: GET /api/identity/users/{id:guid}/access => Access: declares 'identity.users.read' but no authorization policy on it requires that permission; use RequirePermission
HTTP: GET /api/identity/users/{id:guid}/default-company => GetDefaultCompany: declares 'identity.users.read' but no authorization policy on it requires that permission; use RequirePermission
HTTP: GET /api/identity/companies => Companies: declares 'identity.users.read' but no authorization policy on it requires that permission; use RequirePermission
HTTP: GET /api/identity/users/{id:guid}/sign-ins => SignIns: declares 'identity.signIns.read' but no authorization policy on it requires that permission; use RequirePermission
HTTP: GET /api/identity/roles => List: declares 'identity.roles.read' but no authorization policy on it requires that permission; use RequirePermission
HTTP: GET /api/identity/roles/{id:guid} => Get: declares 'identity.roles.read' but no authorization policy on it requires that permission; use RequirePermission
HTTP: GET /api/identity/permissions => Permissions: declares 'identity.roles.read' but no authorization policy on it requires that permission; use RequirePermission
HTTP: GET /api/identity/users/{id:guid}/passkeys => OfUser: declares 'identity.users.read' but no authorization policy on it requires that permission; use RequirePermission
HTTP: GET /api/lists/tenancy.companies/definition: declares 'tenancy.companies.read' but no authorization policy on it requires that permission; use RequirePermission
HTTP: GET /api/lists/tenancy.companies/views: declares 'tenancy.companies.read' but no authorization policy on it requires that permission; use RequirePermission
HTTP: GET /api/lists/tenancy.companies/views/{id:guid}: declares 'tenancy.companies.read' but no authorization policy on it requires that permission; use RequirePermission
HTTP: POST /api/lists/tenancy.companies/views: declares 'tenancy.companies.read' but no authorization policy on it requires that permission; use RequirePermission
HTTP: PUT /api/lists/tenancy.companies/views/{id:guid}: declares 'tenancy.companies.read' but no authorization policy on it requires that permission; use RequirePermission
HTTP: DELETE /api/lists/tenancy.companies/views/{id:guid}: declares 'tenancy.companies.read' but no authorization policy on it requires that permission; use RequirePermission
HTTP: GET /api/lists/tenancy.companies/shared-views/{id:guid}: declares 'tenancy.companies.read' but no authorization policy on it requires that permission; use RequirePermission
HTTP: GET /api/lists/tenancy.branches/definition: declares 'tenancy.branches.read' but no authorization policy on it requires that permission; use RequirePermission
HTTP: GET /api/lists/tenancy.branches/views: declares 'tenancy.branches.read' but no authorization policy on it requires that permission; use RequirePermission
HTTP: GET /api/lists/tenancy.branches/views/{id:guid}: declares 'tenancy.branches.read' but no authorization policy on it requires that permission; use RequirePermission
HTTP: POST /api/lists/tenancy.branches/views: declares 'tenancy.branches.read' but no authorization policy on it requires that permission; use RequirePermission
HTTP: PUT /api/lists/tenancy.branches/views/{id:guid}: declares 'tenancy.branches.read' but no authorization policy on it requires that permission; use RequirePermission
HTTP: DELETE /api/lists/tenancy.branches/views/{id:guid}: declares 'tenancy.branches.read' but no authorization policy on it requires that permission; use RequirePermission
HTTP: GET /api/lists/tenancy.branches/shared-views/{id:guid}: declares 'tenancy.branches.read' but no authorization policy on it requires that permission; use RequirePermission
HTTP: GET /api/lists/tenancy.access/definition: declares 'tenancy.access.read' but no authorization policy on it requires that permission; use RequirePermission
HTTP: GET /api/lists/tenancy.access/views: declares 'tenancy.access.read' but no authorization policy on it requires that permission; use RequirePermission
HTTP: GET /api/lists/tenancy.access/views/{id:guid}: declares 'tenancy.access.read' but no authorization policy on it requires that permission; use RequirePermission
HTTP: POST /api/lists/tenancy.access/views: declares 'tenancy.access.read' but no authorization policy on it requires that permission; use RequirePermission
HTTP: PUT /api/lists/tenancy.access/views/{id:guid}: declares 'tenancy.access.read' but no authorization policy on it requires that permission; use RequirePermission
HTTP: DELETE /api/lists/tenancy.access/views/{id:guid}: declares 'tenancy.access.read' but no authorization policy on it requires that permission; use RequirePermission
HTTP: GET /api/lists/tenancy.access/shared-views/{id:guid}: declares 'tenancy.access.read' but no authorization policy on it requires that permission; use RequirePermission
HTTP: GET /api/lists/identity.users/definition: declares 'identity.users.read' but no authorization policy on it requires that permission; use RequirePermission
HTTP: GET /api/lists/identity.users/views: declares 'identity.users.read' but no authorization policy on it requires that permission; use RequirePermission
HTTP: GET /api/lists/identity.users/views/{id:guid}: declares 'identity.users.read' but no authorization policy on it requires that permission; use RequirePermission
HTTP: POST /api/lists/identity.users/views: declares 'identity.users.read' but no authorization policy on it requires that permission; use RequirePermission
HTTP: PUT /api/lists/identity.users/views/{id:guid}: declares 'identity.users.read' but no authorization policy on it requires that permission; use RequirePermission
HTTP: DELETE /api/lists/identity.users/views/{id:guid}: declares 'identity.users.read' but no authorization policy on it requires that permission; use RequirePermission
HTTP: GET /api/lists/identity.users/shared-views/{id:guid}: declares 'identity.users.read' but no authorization policy on it requires that permission; use RequirePermission
HTTP: GET /api/lists/identity.roles/definition: declares 'identity.roles.read' but no authorization policy on it requires that permission; use RequirePermission
HTTP: GET /api/lists/identity.roles/views: declares 'identity.roles.read' but no authorization policy on it requires that permission; use RequirePermission
HTTP: GET /api/lists/identity.roles/views/{id:guid}: declares 'identity.roles.read' but no authorization policy on it requires that permission; use RequirePermission
HTTP: POST /api/lists/identity.roles/views: declares 'identity.roles.read' but no authorization policy on it requires that permission; use RequirePermission
HTTP: PUT /api/lists/identity.roles/views/{id:guid}: declares 'identity.roles.read' but no authorization policy on it requires that permission; use RequirePermission
HTTP: DELETE /api/lists/identity.roles/views/{id:guid}: declares 'identity.roles.read' but no authorization policy on it requires that permission; use RequirePermission
HTTP: GET /api/lists/identity.roles/shared-views/{id:guid}: declares 'identity.roles.read' but no authorization policy on it requires that permission; use RequirePermission
HTTP: GET /api/reports/catalog => Catalog: declares 'reports.catalog.read' but no authorization policy on it requires that permission; use RequirePermission
HTTP: GET /api/reports/run/tenancy.companyProfile: declares 'tenancy.companies.read' but no authorization policy on it requires that permission; use RequirePermission
HTTP: GET /api/reports/run/tenancy.branchDirectory: declares 'tenancy.branches.read' but no authorization policy on it requires that permission; use RequirePermission
HTTP: GET /api/reports/run/identity.usersByRole: declares 'identity.users.read' but no authorization policy on it requires that permission; use RequirePermission
HTTP: GET /api/reports/run/identity.roleSummary: declares 'identity.roles.read' but no authorization policy on it requires that permission; use RequirePermission
HTTP: GET /api/reports/lists/tenancy.companies: declares 'tenancy.companies.read' but no authorization policy on it requires that permission; use RequirePermission
HTTP: GET /api/reports/lists/tenancy.branches: declares 'tenancy.branches.read' but no authorization policy on it requires that permission; use RequirePermission
HTTP: GET /api/reports/lists/tenancy.access: declares 'tenancy.access.read' but no authorization policy on it requires that permission; use RequirePermission
HTTP: GET /api/reports/lists/identity.users: declares 'identity.users.read' but no authorization policy on it requires that permission; use RequirePermission
HTTP: GET /api/reports/lists/identity.roles: declares 'identity.roles.read' but no authorization policy on it requires that permission; use RequirePermission
  Stack Trace:
  
----- Inner Stack Trace -----
   at Erp.Kernel.Hosting.ErpPlatform.ValidateEndpoints(WebApplication app) in /work/src/Kernel/Erp.Kernel/Hosting/ErpPlatform.cs:line 251
   at Erp.Kernel.Hosting.ErpPlatform.UseErpPlatform(WebApplication app) in /work/src/Kernel/Erp.Kernel/Hosting/ErpPlatform.cs:line 204
   at Program.<Main>$(String[] args) in /work/src/Host/Erp.Host/Program.cs:line 8
   at Program.<Main>(String[] args)
   at System.Reflection.MethodBaseInvoker.InterpretedInvoke_Method(Object obj, IntPtr* args)
   at System.Reflection.MethodBaseInvoker.InvokeDirectByRefWithFewArgs(Object obj, Span`1 copyOfArgs, BindingFlags invokeAttr)
--- End of stack trace from previous location ---
   at Microsoft.AspNetCore.Mvc.Testing.DeferredHostBuilder.DeferredHost.StartAsync(CancellationToken cancellationToken)
   at Microsoft.Extensions.Hosting.HostingAbstractionsHostExtensions.Start(IHost host)
   at Microsoft.AspNetCore.Mvc.Testing.WebApplicationFactory`1.CreateHost(IHostBuilder builder)
   at Microsoft.AspNetCore.Mvc.Testing.WebApplicationFactory`1.ConfigureHostBuilder(IHostBuilder hostBuilder)
   at Microsoft.AspNetCore.Mvc.Testing.WebApplicationFactory`1.StartServer()
   at Microsoft.AspNetCore.Mvc.Testing.WebApplicationFactory`1.get_Services()
   at Erp.Testing.ErpTestEnvironment.SeedAsync(TestDatabaseServer server, String database, SeedPlan plan, IDictionary`2 settings) in /work/tests/Erp.Testing/ErpTestEnvironment.cs:line 129
   at Erp.Testing.ErpTestEnvironment.SeedAsync(TestDatabaseServer server, String database, SeedPlan plan, IDictionary`2 settings) in /work/tests/Erp.Testing/ErpTestEnvironment.cs:line 139
   at Erp.Testing.ErpTestEnvironment.<>c__DisplayClass34_0.<<StartGateAsync>b__0>d.MoveNext() in /work/tests/Erp.Testing/ErpTestEnvironment.cs:line 91
--- End of stack trace from previous location ---
   at Erp.Testing.TestDatabaseServer.<>c__DisplayClass25_0.<<GateTemplateAsync>b__3>d.MoveNext() in /work/tests/Erp.Testing/TestDatabaseServer.cs:line 160
--- End of stack trace from previous location ---
   at Erp.Testing.TestDatabaseServer.GateTemplateAsync(IDictionary`2 settings, Func`2 seed) in /work/tests/Erp.Testing/TestDatabaseServer.cs:line 165
   at Erp.Testing.ErpTestEnvironment.StartGateAsync(IDictionary`2 settings) in /work/tests/Erp.Testing/ErpTestEnvironment.cs:line 88
   at Erp.Gates.Tests.Infrastructure.GateFixture.InitializeAsync() in /work/tests/Erp.Gates.Tests/Infrastructure/GateFixture.cs:line 17
  Failed Erp.Gates.Tests.G2.G2PermissionTests.The_reviewed_permission_map_catches_a_weaker_permission_an_unreviewed_endpoint_and_a_stale_line [1 ms]
  Error Message:
   Assembly fixture type 'Erp.Gates.Tests.Infrastructure.GateFixture' threw in InitializeAsync
---- System.InvalidOperationException : Endpoint authorisation is incomplete:
HTTP: GET /api/tenancy/tenant => GetTenant: declares 'tenancy.tenant.read' but no authorization policy on it requires that permission; use RequirePermission
HTTP: GET /api/tenancy/companies => List: declares 'tenancy.companies.read' but no authorization policy on it requires that permission; use RequirePermission
HTTP: GET /api/tenancy/companies/{id:guid} => Get: declares 'tenancy.companies.read' but no authorization policy on it requires that permission; use RequirePermission
HTTP: GET /api/tenancy/companies/{id:guid}/logo => GetLogo: declares 'tenancy.companies.read' but no authorization policy on it requires that permission; use RequirePermission
HTTP: GET /api/tenancy/branches => List: declares 'tenancy.branches.read' but no authorization policy on it requires that permission; use RequirePermission
HTTP: GET /api/tenancy/branches/{id:guid} => Get: declares 'tenancy.branches.read' but no authorization policy on it requires that permission; use RequirePermission
HTTP: GET /api/tenancy/access => List: declares 'tenancy.access.read' but no authorization policy on it requires that permission; use RequirePermission
HTTP: GET /api/tenancy/access/{userId:guid} => Get: declares 'tenancy.access.read' but no authorization policy on it requires that permission; use RequirePermission
HTTP: GET /api/tenancy/workplace => Get: declares 'tenancy.workplace.read' but no authorization policy on it requires that permission; use RequirePermission
HTTP: GET /api/identity/users => List: declares 'identity.users.read' but no authorization policy on it requires that permission; use RequirePermission
HTTP: GET /api/identity/users/{id:guid} => Get: declares 'identity.users.read' but no authorization policy on it requires that permission; use RequirePermission
HTTP: GET /api/identity/users/{id:guid}/access => Access: declares 'identity.users.read' but no authorization policy on it requires that permission; use RequirePermission
HTTP: GET /api/identity/users/{id:guid}/default-company => GetDefaultCompany: declares 'identity.users.read' but no authorization policy on it requires that permission; use RequirePermission
HTTP: GET /api/identity/companies => Companies: declares 'identity.users.read' but no authorization policy on it requires that permission; use RequirePermission
HTTP: GET /api/identity/users/{id:guid}/sign-ins => SignIns: declares 'identity.signIns.read' but no authorization policy on it requires that permission; use RequirePermission
HTTP: GET /api/identity/roles => List: declares 'identity.roles.read' but no authorization policy on it requires that permission; use RequirePermission
HTTP: GET /api/identity/roles/{id:guid} => Get: declares 'identity.roles.read' but no authorization policy on it requires that permission; use RequirePermission
HTTP: GET /api/identity/permissions => Permissions: declares 'identity.roles.read' but no authorization policy on it requires that permission; use RequirePermission
HTTP: GET /api/identity/users/{id:guid}/passkeys => OfUser: declares 'identity.users.read' but no authorization policy on it requires that permission; use RequirePermission
HTTP: GET /api/lists/tenancy.companies/definition: declares 'tenancy.companies.read' but no authorization policy on it requires that permission; use RequirePermission
HTTP: GET /api/lists/tenancy.companies/views: declares 'tenancy.companies.read' but no authorization policy on it requires that permission; use RequirePermission
HTTP: GET /api/lists/tenancy.companies/views/{id:guid}: declares 'tenancy.companies.read' but no authorization policy on it requires that permission; use RequirePermission
HTTP: POST /api/lists/tenancy.companies/views: declares 'tenancy.companies.read' but no authorization policy on it requires that permission; use RequirePermission
HTTP: PUT /api/lists/tenancy.companies/views/{id:guid}: declares 'tenancy.companies.read' but no authorization policy on it requires that permission; use RequirePermission
HTTP: DELETE /api/lists/tenancy.companies/views/{id:guid}: declares 'tenancy.companies.read' but no authorization policy on it requires that permission; use RequirePermission
HTTP: GET /api/lists/tenancy.companies/shared-views/{id:guid}: declares 'tenancy.companies.read' but no authorization policy on it requires that permission; use RequirePermission
HTTP: GET /api/lists/tenancy.branches/definition: declares 'tenancy.branches.read' but no authorization policy on it requires that permission; use RequirePermission
HTTP: GET /api/lists/tenancy.branches/views: declares 'tenancy.branches.read' but no authorization policy on it requires that permission; use RequirePermission
HTTP: GET /api/lists/tenancy.branches/views/{id:guid}: declares 'tenancy.branches.read' but no authorization policy on it requires that permission; use RequirePermission
HTTP: POST /api/lists/tenancy.branches/views: declares 'tenancy.branches.read' but no authorization policy on it requires that permission; use RequirePermission
HTTP: PUT /api/lists/tenancy.branches/views/{id:guid}: declares 'tenancy.branches.read' but no authorization policy on it requires that permission; use RequirePermission
HTTP: DELETE /api/lists/tenancy.branches/views/{id:guid}: declares 'tenancy.branches.read' but no authorization policy on it requires that permission; use RequirePermission
HTTP: GET /api/lists/tenancy.branches/shared-views/{id:guid}: declares 'tenancy.branches.read' but no authorization policy on it requires that permission; use RequirePermission
HTTP: GET /api/lists/tenancy.access/definition: declares 'tenancy.access.read' but no authorization policy on it requires that permission; use RequirePermission
HTTP: GET /api/lists/tenancy.access/views: declares 'tenancy.access.read' but no authorization policy on it requires that permission; use RequirePermission
HTTP: GET /api/lists/tenancy.access/views/{id:guid}: declares 'tenancy.access.read' but no authorization policy on it requires that permission; use RequirePermission
HTTP: POST /api/lists/tenancy.access/views: declares 'tenancy.access.read' but no authorization policy on it requires that permission; use RequirePermission
HTTP: PUT /api/lists/tenancy.access/views/{id:guid}: declares 'tenancy.access.read' but no authorization policy on it requires that permission; use RequirePermission
HTTP: DELETE /api/lists/tenancy.access/views/{id:guid}: declares 'tenancy.access.read' but no authorization policy on it requires that permission; use RequirePermission
HTTP: GET /api/lists/tenancy.access/shared-views/{id:guid}: declares 'tenancy.access.read' but no authorization policy on it requires that permission; use RequirePermission
HTTP: GET /api/lists/identity.users/definition: declares 'identity.users.read' but no authorization policy on it requires that permission; use RequirePermission
HTTP: GET /api/lists/identity.users/views: declares 'identity.users.read' but no authorization policy on it requires that permission; use RequirePermission
HTTP: GET /api/lists/identity.users/views/{id:guid}: declares 'identity.users.read' but no authorization policy on it requires that permission; use RequirePermission
HTTP: POST /api/lists/identity.users/views: declares 'identity.users.read' but no authorization policy on it requires that permission; use RequirePermission
HTTP: PUT /api/lists/identity.users/views/{id:guid}: declares 'identity.users.read' but no authorization policy on it requires that permission; use RequirePermission
HTTP: DELETE /api/lists/identity.users/views/{id:guid}: declares 'identity.users.read' but no authorization policy on it requires that permission; use RequirePermission
HTTP: GET /api/lists/identity.users/shared-views/{id:guid}: declares 'identity.users.read' but no authorization policy on it requires that permission; use RequirePermission
HTTP: GET /api/lists/identity.roles/definition: declares 'identity.roles.read' but no authorization policy on it requires that permission; use RequirePermission
HTTP: GET /api/lists/identity.roles/views: declares 'identity.roles.read' but no authorization policy on it requires that permission; use RequirePermission
HTTP: GET /api/lists/identity.roles/views/{id:guid}: declares 'identity.roles.read' but no authorization policy on it requires that permission; use RequirePermission
HTTP: POST /api/lists/identity.roles/views: declares 'identity.roles.read' but no authorization policy on it requires that permission; use RequirePermission
HTTP: PUT /api/lists/identity.roles/views/{id:guid}: declares 'identity.roles.read' but no authorization policy on it requires that permission; use RequirePermission
HTTP: DELETE /api/lists/identity.roles/views/{id:guid}: declares 'identity.roles.read' but no authorization policy on it requires that permission; use RequirePermission
HTTP: GET /api/lists/identity.roles/shared-views/{id:guid}: declares 'identity.roles.read' but no authorization policy on it requires that permission; use RequirePermission
HTTP: GET /api/reports/catalog => Catalog: declares 'reports.catalog.read' but no authorization policy on it requires that permission; use RequirePermission
HTTP: GET /api/reports/run/tenancy.companyProfile: declares 'tenancy.companies.read' but no authorization policy on it requires that permission; use RequirePermission
HTTP: GET /api/reports/run/tenancy.branchDirectory: declares 'tenancy.branches.read' but no authorization policy on it requires that permission; use RequirePermission
HTTP: GET /api/reports/run/identity.usersByRole: declares 'identity.users.read' but no authorization policy on it requires that permission; use RequirePermission
HTTP: GET /api/reports/run/identity.roleSummary: declares 'identity.roles.read' but no authorization policy on it requires that permission; use RequirePermission
HTTP: GET /api/reports/lists/tenancy.companies: declares 'tenancy.companies.read' but no authorization policy on it requires that permission; use RequirePermission
HTTP: GET /api/reports/lists/tenancy.branches: declares 'tenancy.branches.read' but no authorization policy on it requires that permission; use RequirePermission
HTTP: GET /api/reports/lists/tenancy.access: declares 'tenancy.access.read' but no authorization policy on it requires that permission; use RequirePermission
HTTP: GET /api/reports/lists/identity.users: declares 'identity.users.read' but no authorization policy on it requires that permission; use RequirePermission
HTTP: GET /api/reports/lists/identity.roles: declares 'identity.roles.read' but no authorization policy on it requires that permission; use RequirePermission
  Stack Trace:
  
----- Inner Stack Trace -----
   at Erp.Kernel.Hosting.ErpPlatform.ValidateEndpoints(WebApplication app) in /work/src/Kernel/Erp.Kernel/Hosting/ErpPlatform.cs:line 251
   at Erp.Kernel.Hosting.ErpPlatform.UseErpPlatform(WebApplication app) in /work/src/Kernel/Erp.Kernel/Hosting/ErpPlatform.cs:line 204
   at Program.<Main>$(String[] args) in /work/src/Host/Erp.Host/Program.cs:line 8
   at Program.<Main>(String[] args)
   at System.Reflection.MethodBaseInvoker.InterpretedInvoke_Method(Object obj, IntPtr* args)
   at System.Reflection.MethodBaseInvoker.InvokeDirectByRefWithFewArgs(Object obj, Span`1 copyOfArgs, BindingFlags invokeAttr)
--- End of stack trace from previous location ---
   at Microsoft.AspNetCore.Mvc.Testing.DeferredHostBuilder.DeferredHost.StartAsync(CancellationToken cancellationToken)
   at Microsoft.Extensions.Hosting.HostingAbstractionsHostExtensions.Start(IHost host)
   at Microsoft.AspNetCore.Mvc.Testing.WebApplicationFactory`1.CreateHost(IHostBuilder builder)
   at Microsoft.AspNetCore.Mvc.Testing.WebApplicationFactory`1.ConfigureHostBuilder(IHostBuilder hostBuilder)
   at Microsoft.AspNetCore.Mvc.Testing.WebApplicationFactory`1.StartServer()
   at Microsoft.AspNetCore.Mvc.Testing.WebApplicationFactory`1.get_Services()
   at Erp.Testing.ErpTestEnvironment.SeedAsync(TestDatabaseServer server, String database, SeedPlan plan, IDictionary`2 settings) in /work/tests/Erp.Testing/ErpTestEnvironment.cs:line 129
   at Erp.Testing.ErpTestEnvironment.SeedAsync(TestDatabaseServer server, String database, SeedPlan plan, IDictionary`2 settings) in /work/tests/Erp.Testing/ErpTestEnvironment.cs:line 139
   at Erp.Testing.ErpTestEnvironment.<>c__DisplayClass34_0.<<StartGateAsync>b__0>d.MoveNext() in /work/tests/Erp.Testing/ErpTestEnvironment.cs:line 91
--- End of stack trace from previous location ---
   at Erp.Testing.TestDatabaseServer.<>c__DisplayClass25_0.<<GateTemplateAsync>b__3>d.MoveNext() in /work/tests/Erp.Testing/TestDatabaseServer.cs:line 160
--- End of stack trace from previous location ---
   at Erp.Testing.TestDatabaseServer.GateTemplateAsync(IDictionary`2 settings, Func`2 seed) in /work/tests/Erp.Testing/TestDatabaseServer.cs:line 165
   at Erp.Testing.ErpTestEnvironment.StartGateAsync(IDictionary`2 settings) in /work/tests/Erp.Testing/ErpTestEnvironment.cs:line 88
   at Erp.Gates.Tests.Infrastructure.GateFixture.InitializeAsync() in /work/tests/Erp.Gates.Tests/Infrastructure/GateFixture.cs:line 17
  Failed Erp.Gates.Tests.G2.G2PermissionTests.Every_module_route_is_under_a_reviewed_map_or_derives_its_permission_from_its_list [1 ms]
  Error Message:
   Assembly fixture type 'Erp.Gates.Tests.Infrastructure.GateFixture' threw in InitializeAsync
---- System.InvalidOperationException : Endpoint authorisation is incomplete:
HTTP: GET /api/tenancy/tenant => GetTenant: declares 'tenancy.tenant.read' but no authorization policy on it requires that permission; use RequirePermission
HTTP: GET /api/tenancy/companies => List: declares 'tenancy.companies.read' but no authorization policy on it requires that permission; use RequirePermission
HTTP: GET /api/tenancy/companies/{id:guid} => Get: declares 'tenancy.companies.read' but no authorization policy on it requires that permission; use RequirePermission
HTTP: GET /api/tenancy/companies/{id:guid}/logo => GetLogo: declares 'tenancy.companies.read' but no authorization policy on it requires that permission; use RequirePermission
HTTP: GET /api/tenancy/branches => List: declares 'tenancy.branches.read' but no authorization policy on it requires that permission; use RequirePermission
HTTP: GET /api/tenancy/branches/{id:guid} => Get: declares 'tenancy.branches.read' but no authorization policy on it requires that permission; use RequirePermission
HTTP: GET /api/tenancy/access => List: declares 'tenancy.access.read' but no authorization policy on it requires that permission; use RequirePermission
HTTP: GET /api/tenancy/access/{userId:guid} => Get: declares 'tenancy.access.read' but no authorization policy on it requires that permission; use RequirePermission
HTTP: GET /api/tenancy/workplace => Get: declares 'tenancy.workplace.read' but no authorization policy on it requires that permission; use RequirePermission
HTTP: GET /api/identity/users => List: declares 'identity.users.read' but no authorization policy on it requires that permission; use RequirePermission
HTTP: GET /api/identity/users/{id:guid} => Get: declares 'identity.users.read' but no authorization policy on it requires that permission; use RequirePermission
HTTP: GET /api/identity/users/{id:guid}/access => Access: declares 'identity.users.read' but no authorization policy on it requires that permission; use RequirePermission
HTTP: GET /api/identity/users/{id:guid}/default-company => GetDefaultCompany: declares 'identity.users.read' but no authorization policy on it requires that permission; use RequirePermission
HTTP: GET /api/identity/companies => Companies: declares 'identity.users.read' but no authorization policy on it requires that permission; use RequirePermission
HTTP: GET /api/identity/users/{id:guid}/sign-ins => SignIns: declares 'identity.signIns.read' but no authorization policy on it requires that permission; use RequirePermission
HTTP: GET /api/identity/roles => List: declares 'identity.roles.read' but no authorization policy on it requires that permission; use RequirePermission
HTTP: GET /api/identity/roles/{id:guid} => Get: declares 'identity.roles.read' but no authorization policy on it requires that permission; use RequirePermission
HTTP: GET /api/identity/permissions => Permissions: declares 'identity.roles.read' but no authorization policy on it requires that permission; use RequirePermission
HTTP: GET /api/identity/users/{id:guid}/passkeys => OfUser: declares 'identity.users.read' but no authorization policy on it requires that permission; use RequirePermission
HTTP: GET /api/lists/tenancy.companies/definition: declares 'tenancy.companies.read' but no authorization policy on it requires that permission; use RequirePermission
HTTP: GET /api/lists/tenancy.companies/views: declares 'tenancy.companies.read' but no authorization policy on it requires that permission; use RequirePermission
HTTP: GET /api/lists/tenancy.companies/views/{id:guid}: declares 'tenancy.companies.read' but no authorization policy on it requires that permission; use RequirePermission
HTTP: POST /api/lists/tenancy.companies/views: declares 'tenancy.companies.read' but no authorization policy on it requires that permission; use RequirePermission
HTTP: PUT /api/lists/tenancy.companies/views/{id:guid}: declares 'tenancy.companies.read' but no authorization policy on it requires that permission; use RequirePermission
HTTP: DELETE /api/lists/tenancy.companies/views/{id:guid}: declares 'tenancy.companies.read' but no authorization policy on it requires that permission; use RequirePermission
HTTP: GET /api/lists/tenancy.companies/shared-views/{id:guid}: declares 'tenancy.companies.read' but no authorization policy on it requires that permission; use RequirePermission
HTTP: GET /api/lists/tenancy.branches/definition: declares 'tenancy.branches.read' but no authorization policy on it requires that permission; use RequirePermission
HTTP: GET /api/lists/tenancy.branches/views: declares 'tenancy.branches.read' but no authorization policy on it requires that permission; use RequirePermission
HTTP: GET /api/lists/tenancy.branches/views/{id:guid}: declares 'tenancy.branches.read' but no authorization policy on it requires that permission; use RequirePermission
HTTP: POST /api/lists/tenancy.branches/views: declares 'tenancy.branches.read' but no authorization policy on it requires that permission; use RequirePermission
HTTP: PUT /api/lists/tenancy.branches/views/{id:guid}: declares 'tenancy.branches.read' but no authorization policy on it requires that permission; use RequirePermission
HTTP: DELETE /api/lists/tenancy.branches/views/{id:guid}: declares 'tenancy.branches.read' but no authorization policy on it requires that permission; use RequirePermission
HTTP: GET /api/lists/tenancy.branches/shared-views/{id:guid}: declares 'tenancy.branches.read' but no authorization policy on it requires that permission; use RequirePermission
HTTP: GET /api/lists/tenancy.access/definition: declares 'tenancy.access.read' but no authorization policy on it requires that permission; use RequirePermission
HTTP: GET /api/lists/tenancy.access/views: declares 'tenancy.access.read' but no authorization policy on it requires that permission; use RequirePermission
HTTP: GET /api/lists/tenancy.access/views/{id:guid}: declares 'tenancy.access.read' but no authorization policy on it requires that permission; use RequirePermission
HTTP: POST /api/lists/tenancy.access/views: declares 'tenancy.access.read' but no authorization policy on it requires that permission; use RequirePermission
HTTP: PUT /api/lists/tenancy.access/views/{id:guid}: declares 'tenancy.access.read' but no authorization policy on it requires that permission; use RequirePermission
HTTP: DELETE /api/lists/tenancy.access/views/{id:guid}: declares 'tenancy.access.read' but no authorization policy on it requires that permission; use RequirePermission
HTTP: GET /api/lists/tenancy.access/shared-views/{id:guid}: declares 'tenancy.access.read' but no authorization policy on it requires that permission; use RequirePermission
HTTP: GET /api/lists/identity.users/definition: declares 'identity.users.read' but no authorization policy on it requires that permission; use RequirePermission
HTTP: GET /api/lists/identity.users/views: declares 'identity.users.read' but no authorization policy on it requires that permission; use RequirePermission
HTTP: GET /api/lists/identity.users/views/{id:guid}: declares 'identity.users.read' but no authorization policy on it requires that permission; use RequirePermission
HTTP: POST /api/lists/identity.users/views: declares 'identity.users.read' but no authorization policy on it requires that permission; use RequirePermission
HTTP: PUT /api/lists/identity.users/views/{id:guid}: declares 'identity.users.read' but no authorization policy on it requires that permission; use RequirePermission
HTTP: DELETE /api/lists/identity.users/views/{id:guid}: declares 'identity.users.read' but no authorization policy on it requires that permission; use RequirePermission
HTTP: GET /api/lists/identity.users/shared-views/{id:guid}: declares 'identity.users.read' but no authorization policy on it requires that permission; use RequirePermission
HTTP: GET /api/lists/identity.roles/definition: declares 'identity.roles.read' but no authorization policy on it requires that permission; use RequirePermission
HTTP: GET /api/lists/identity.roles/views: declares 'identity.roles.read' but no authorization policy on it requires that permission; use RequirePermission
HTTP: GET /api/lists/identity.roles/views/{id:guid}: declares 'identity.roles.read' but no authorization policy on it requires that permission; use RequirePermission
HTTP: POST /api/lists/identity.roles/views: declares 'identity.roles.read' but no authorization policy on it requires that permission; use RequirePermission
HTTP: PUT /api/lists/identity.roles/views/{id:guid}: declares 'identity.roles.read' but no authorization policy on it requires that permission; use RequirePermission
HTTP: DELETE /api/lists/identity.roles/views/{id:guid}: declares 'identity.roles.read' but no authorization policy on it requires that permission; use RequirePermission
HTTP: GET /api/lists/identity.roles/shared-views/{id:guid}: declares 'identity.roles.read' but no authorization policy on it requires that permission; use RequirePermission
HTTP: GET /api/reports/catalog => Catalog: declares 'reports.catalog.read' but no authorization policy on it requires that permission; use RequirePermission
HTTP: GET /api/reports/run/tenancy.companyProfile: declares 'tenancy.companies.read' but no authorization policy on it requires that permission; use RequirePermission
HTTP: GET /api/reports/run/tenancy.branchDirectory: declares 'tenancy.branches.read' but no authorization policy on it requires that permission; use RequirePermission
HTTP: GET /api/reports/run/identity.usersByRole: declares 'identity.users.read' but no authorization policy on it requires that permission; use RequirePermission
HTTP: GET /api/reports/run/identity.roleSummary: declares 'identity.roles.read' but no authorization policy on it requires that permission; use RequirePermission
HTTP: GET /api/reports/lists/tenancy.companies: declares 'tenancy.companies.read' but no authorization policy on it requires that permission; use RequirePermission
HTTP: GET /api/reports/lists/tenancy.branches: declares 'tenancy.branches.read' but no authorization policy on it requires that permission; use RequirePermission
HTTP: GET /api/reports/lists/tenancy.access: declares 'tenancy.access.read' but no authorization policy on it requires that permission; use RequirePermission
HTTP: GET /api/reports/lists/identity.users: declares 'identity.users.read' but no authorization policy on it requires that permission; use RequirePermission
HTTP: GET /api/reports/lists/identity.roles: declares 'identity.roles.read' but no authorization policy on it requires that permission; use RequirePermission
  Stack Trace:
  
----- Inner Stack Trace -----
   at Erp.Kernel.Hosting.ErpPlatform.ValidateEndpoints(WebApplication app) in /work/src/Kernel/Erp.Kernel/Hosting/ErpPlatform.cs:line 251
   at Erp.Kernel.Hosting.ErpPlatform.UseErpPlatform(WebApplication app) in /work/src/Kernel/Erp.Kernel/Hosting/ErpPlatform.cs:line 204
   at Program.<Main>$(String[] args) in /work/src/Host/Erp.Host/Program.cs:line 8
   at Program.<Main>(String[] args)
   at System.Reflection.MethodBaseInvoker.InterpretedInvoke_Method(Object obj, IntPtr* args)
   at System.Reflection.MethodBaseInvoker.InvokeDirectByRefWithFewArgs(Object obj, Span`1 copyOfArgs, BindingFlags invokeAttr)
--- End of stack trace from previous location ---
   at Microsoft.AspNetCore.Mvc.Testing.DeferredHostBuilder.DeferredHost.StartAsync(CancellationToken cancellationToken)
   at Microsoft.Extensions.Hosting.HostingAbstractionsHostExtensions.Start(IHost host)
   at Microsoft.AspNetCore.Mvc.Testing.WebApplicationFactory`1.CreateHost(IHostBuilder builder)
   at Microsoft.AspNetCore.Mvc.Testing.WebApplicationFactory`1.ConfigureHostBuilder(IHostBuilder hostBuilder)
   at Microsoft.AspNetCore.Mvc.Testing.WebApplicationFactory`1.StartServer()
   at Microsoft.AspNetCore.Mvc.Testing.WebApplicationFactory`1.get_Services()
   at Erp.Testing.ErpTestEnvironment.SeedAsync(TestDatabaseServer server, String database, SeedPlan plan, IDictionary`2 settings) in /work/tests/Erp.Testing/ErpTestEnvironment.cs:line 129
   at Erp.Testing.ErpTestEnvironment.SeedAsync(TestDatabaseServer server, String database, SeedPlan plan, IDictionary`2 settings) in /work/tests/Erp.Testing/ErpTestEnvironment.cs:line 139
   at Erp.Testing.ErpTestEnvironment.<>c__DisplayClass34_0.<<StartGateAsync>b__0>d.MoveNext() in /work/tests/Erp.Testing/ErpTestEnvironment.cs:line 91
--- End of stack trace from previous location ---
   at Erp.Testing.TestDatabaseServer.<>c__DisplayClass25_0.<<GateTemplateAsync>b__3>d.MoveNext() in /work/tests/Erp.Testing/TestDatabaseServer.cs:line 160
--- End of stack trace from previous location ---
   at Erp.Testing.TestDatabaseServer.GateTemplateAsync(IDictionary`2 settings, Func`2 seed) in /work/tests/Erp.Testing/TestDatabaseServer.cs:line 165
   at Erp.Testing.ErpTestEnvironment.StartGateAsync(IDictionary`2 settings) in /work/tests/Erp.Testing/ErpTestEnvironment.cs:line 88
   at Erp.Gates.Tests.Infrastructure.GateFixture.InitializeAsync() in /work/tests/Erp.Gates.Tests/Infrastructure/GateFixture.cs:line 17
  Failed Erp.Gates.Tests.G2.G2PermissionTests.Every_endpoint_under_a_reviewed_prefix_declares_exactly_its_reviewed_permission [1 ms]
  Error Message:
   Assembly fixture type 'Erp.Gates.Tests.Infrastructure.GateFixture' threw in InitializeAsync
---- System.InvalidOperationException : Endpoint authorisation is incomplete:
HTTP: GET /api/tenancy/tenant => GetTenant: declares 'tenancy.tenant.read' but no authorization policy on it requires that permission; use RequirePermission
HTTP: GET /api/tenancy/companies => List: declares 'tenancy.companies.read' but no authorization policy on it requires that permission; use RequirePermission
HTTP: GET /api/tenancy/companies/{id:guid} => Get: declares 'tenancy.companies.read' but no authorization policy on it requires that permission; use RequirePermission
HTTP: GET /api/tenancy/companies/{id:guid}/logo => GetLogo: declares 'tenancy.companies.read' but no authorization policy on it requires that permission; use RequirePermission
HTTP: GET /api/tenancy/branches => List: declares 'tenancy.branches.read' but no authorization policy on it requires that permission; use RequirePermission
HTTP: GET /api/tenancy/branches/{id:guid} => Get: declares 'tenancy.branches.read' but no authorization policy on it requires that permission; use RequirePermission
HTTP: GET /api/tenancy/access => List: declares 'tenancy.access.read' but no authorization policy on it requires that permission; use RequirePermission
HTTP: GET /api/tenancy/access/{userId:guid} => Get: declares 'tenancy.access.read' but no authorization policy on it requires that permission; use RequirePermission
HTTP: GET /api/tenancy/workplace => Get: declares 'tenancy.workplace.read' but no authorization policy on it requires that permission; use RequirePermission
HTTP: GET /api/identity/users => List: declares 'identity.users.read' but no authorization policy on it requires that permission; use RequirePermission
HTTP: GET /api/identity/users/{id:guid} => Get: declares 'identity.users.read' but no authorization policy on it requires that permission; use RequirePermission
HTTP: GET /api/identity/users/{id:guid}/access => Access: declares 'identity.users.read' but no authorization policy on it requires that permission; use RequirePermission
HTTP: GET /api/identity/users/{id:guid}/default-company => GetDefaultCompany: declares 'identity.users.read' but no authorization policy on it requires that permission; use RequirePermission
HTTP: GET /api/identity/companies => Companies: declares 'identity.users.read' but no authorization policy on it requires that permission; use RequirePermission
HTTP: GET /api/identity/users/{id:guid}/sign-ins => SignIns: declares 'identity.signIns.read' but no authorization policy on it requires that permission; use RequirePermission
HTTP: GET /api/identity/roles => List: declares 'identity.roles.read' but no authorization policy on it requires that permission; use RequirePermission
HTTP: GET /api/identity/roles/{id:guid} => Get: declares 'identity.roles.read' but no authorization policy on it requires that permission; use RequirePermission
HTTP: GET /api/identity/permissions => Permissions: declares 'identity.roles.read' but no authorization policy on it requires that permission; use RequirePermission
HTTP: GET /api/identity/users/{id:guid}/passkeys => OfUser: declares 'identity.users.read' but no authorization policy on it requires that permission; use RequirePermission
HTTP: GET /api/lists/tenancy.companies/definition: declares 'tenancy.companies.read' but no authorization policy on it requires that permission; use RequirePermission
HTTP: GET /api/lists/tenancy.companies/views: declares 'tenancy.companies.read' but no authorization policy on it requires that permission; use RequirePermission
HTTP: GET /api/lists/tenancy.companies/views/{id:guid}: declares 'tenancy.companies.read' but no authorization policy on it requires that permission; use RequirePermission
HTTP: POST /api/lists/tenancy.companies/views: declares 'tenancy.companies.read' but no authorization policy on it requires that permission; use RequirePermission
HTTP: PUT /api/lists/tenancy.companies/views/{id:guid}: declares 'tenancy.companies.read' but no authorization policy on it requires that permission; use RequirePermission
HTTP: DELETE /api/lists/tenancy.companies/views/{id:guid}: declares 'tenancy.companies.read' but no authorization policy on it requires that permission; use RequirePermission
HTTP: GET /api/lists/tenancy.companies/shared-views/{id:guid}: declares 'tenancy.companies.read' but no authorization policy on it requires that permission; use RequirePermission
HTTP: GET /api/lists/tenancy.branches/definition: declares 'tenancy.branches.read' but no authorization policy on it requires that permission; use RequirePermission
HTTP: GET /api/lists/tenancy.branches/views: declares 'tenancy.branches.read' but no authorization policy on it requires that permission; use RequirePermission
HTTP: GET /api/lists/tenancy.branches/views/{id:guid}: declares 'tenancy.branches.read' but no authorization policy on it requires that permission; use RequirePermission
HTTP: POST /api/lists/tenancy.branches/views: declares 'tenancy.branches.read' but no authorization policy on it requires that permission; use RequirePermission
HTTP: PUT /api/lists/tenancy.branches/views/{id:guid}: declares 'tenancy.branches.read' but no authorization policy on it requires that permission; use RequirePermission
HTTP: DELETE /api/lists/tenancy.branches/views/{id:guid}: declares 'tenancy.branches.read' but no authorization policy on it requires that permission; use RequirePermission
HTTP: GET /api/lists/tenancy.branches/shared-views/{id:guid}: declares 'tenancy.branches.read' but no authorization policy on it requires that permission; use RequirePermission
HTTP: GET /api/lists/tenancy.access/definition: declares 'tenancy.access.read' but no authorization policy on it requires that permission; use RequirePermission
HTTP: GET /api/lists/tenancy.access/views: declares 'tenancy.access.read' but no authorization policy on it requires that permission; use RequirePermission
HTTP: GET /api/lists/tenancy.access/views/{id:guid}: declares 'tenancy.access.read' but no authorization policy on it requires that permission; use RequirePermission
HTTP: POST /api/lists/tenancy.access/views: declares 'tenancy.access.read' but no authorization policy on it requires that permission; use RequirePermission
HTTP: PUT /api/lists/tenancy.access/views/{id:guid}: declares 'tenancy.access.read' but no authorization policy on it requires that permission; use RequirePermission
HTTP: DELETE /api/lists/tenancy.access/views/{id:guid}: declares 'tenancy.access.read' but no authorization policy on it requires that permission; use RequirePermission
HTTP: GET /api/lists/tenancy.access/shared-views/{id:guid}: declares 'tenancy.access.read' but no authorization policy on it requires that permission; use RequirePermission
HTTP: GET /api/lists/identity.users/definition: declares 'identity.users.read' but no authorization policy on it requires that permission; use RequirePermission
HTTP: GET /api/lists/identity.users/views: declares 'identity.users.read' but no authorization policy on it requires that permission; use RequirePermission
HTTP: GET /api/lists/identity.users/views/{id:guid}: declares 'identity.users.read' but no authorization policy on it requires that permission; use RequirePermission
HTTP: POST /api/lists/identity.users/views: declares 'identity.users.read' but no authorization policy on it requires that permission; use RequirePermission
HTTP: PUT /api/lists/identity.users/views/{id:guid}: declares 'identity.users.read' but no authorization policy on it requires that permission; use RequirePermission
HTTP: DELETE /api/lists/identity.users/views/{id:guid}: declares 'identity.users.read' but no authorization policy on it requires that permission; use RequirePermission
HTTP: GET /api/lists/identity.users/shared-views/{id:guid}: declares 'identity.users.read' but no authorization policy on it requires that permission; use RequirePermission
HTTP: GET /api/lists/identity.roles/definition: declares 'identity.roles.read' but no authorization policy on it requires that permission; use RequirePermission
HTTP: GET /api/lists/identity.roles/views: declares 'identity.roles.read' but no authorization policy on it requires that permission; use RequirePermission
HTTP: GET /api/lists/identity.roles/views/{id:guid}: declares 'identity.roles.read' but no authorization policy on it requires that permission; use RequirePermission
HTTP: POST /api/lists/identity.roles/views: declares 'identity.roles.read' but no authorization policy on it requires that permission; use RequirePermission
HTTP: PUT /api/lists/identity.roles/views/{id:guid}: declares 'identity.roles.read' but no authorization policy on it requires that permission; use RequirePermission
HTTP: DELETE /api/lists/identity.roles/views/{id:guid}: declares 'identity.roles.read' but no authorization policy on it requires that permission; use RequirePermission
HTTP: GET /api/lists/identity.roles/shared-views/{id:guid}: declares 'identity.roles.read' but no authorization policy on it requires that permission; use RequirePermission
HTTP: GET /api/reports/catalog => Catalog: declares 'reports.catalog.read' but no authorization policy on it requires that permission; use RequirePermission
HTTP: GET /api/reports/run/tenancy.companyProfile: declares 'tenancy.companies.read' but no authorization policy on it requires that permission; use RequirePermission
HTTP: GET /api/reports/run/tenancy.branchDirectory: declares 'tenancy.branches.read' but no authorization policy on it requires that permission; use RequirePermission
HTTP: GET /api/reports/run/identity.usersByRole: declares 'identity.users.read' but no authorization policy on it requires that permission; use RequirePermission
HTTP: GET /api/reports/run/identity.roleSummary: declares 'identity.roles.read' but no authorization policy on it requires that permission; use RequirePermission
HTTP: GET /api/reports/lists/tenancy.companies: declares 'tenancy.companies.read' but no authorization policy on it requires that permission; use RequirePermission
HTTP: GET /api/reports/lists/tenancy.branches: declares 'tenancy.branches.read' but no authorization policy on it requires that permission; use RequirePermission
HTTP: GET /api/reports/lists/tenancy.access: declares 'tenancy.access.read' but no authorization policy on it requires that permission; use RequirePermission
HTTP: GET /api/reports/lists/identity.users: declares 'identity.users.read' but no authorization policy on it requires that permission; use RequirePermission
HTTP: GET /api/reports/lists/identity.roles: declares 'identity.roles.read' but no authorization policy on it requires that permission; use RequirePermission
  Stack Trace:
  
----- Inner Stack Trace -----
   at Erp.Kernel.Hosting.ErpPlatform.ValidateEndpoints(WebApplication app) in /work/src/Kernel/Erp.Kernel/Hosting/ErpPlatform.cs:line 251
   at Erp.Kernel.Hosting.ErpPlatform.UseErpPlatform(WebApplication app) in /work/src/Kernel/Erp.Kernel/Hosting/ErpPlatform.cs:line 204
   at Program.<Main>$(String[] args) in /work/src/Host/Erp.Host/Program.cs:line 8
   at Program.<Main>(String[] args)
   at System.Reflection.MethodBaseInvoker.InterpretedInvoke_Method(Object obj, IntPtr* args)
   at System.Reflection.MethodBaseInvoker.InvokeDirectByRefWithFewArgs(Object obj, Span`1 copyOfArgs, BindingFlags invokeAttr)
--- End of stack trace from previous location ---
   at Microsoft.AspNetCore.Mvc.Testing.DeferredHostBuilder.DeferredHost.StartAsync(CancellationToken cancellationToken)
   at Microsoft.Extensions.Hosting.HostingAbstractionsHostExtensions.Start(IHost host)
   at Microsoft.AspNetCore.Mvc.Testing.WebApplicationFactory`1.CreateHost(IHostBuilder builder)
   at Microsoft.AspNetCore.Mvc.Testing.WebApplicationFactory`1.ConfigureHostBuilder(IHostBuilder hostBuilder)
   at Microsoft.AspNetCore.Mvc.Testing.WebApplicationFactory`1.StartServer()
   at Microsoft.AspNetCore.Mvc.Testing.WebApplicationFactory`1.get_Services()
   at Erp.Testing.ErpTestEnvironment.SeedAsync(TestDatabaseServer server, String database, SeedPlan plan, IDictionary`2 settings) in /work/tests/Erp.Testing/ErpTestEnvironment.cs:line 129
   at Erp.Testing.ErpTestEnvironment.SeedAsync(TestDatabaseServer server, String database, SeedPlan plan, IDictionary`2 settings) in /work/tests/Erp.Testing/ErpTestEnvironment.cs:line 139
   at Erp.Testing.ErpTestEnvironment.<>c__DisplayClass34_0.<<StartGateAsync>b__0>d.MoveNext() in /work/tests/Erp.Testing/ErpTestEnvironment.cs:line 91
--- End of stack trace from previous location ---
   at Erp.Testing.TestDatabaseServer.<>c__DisplayClass25_0.<<GateTemplateAsync>b__3>d.MoveNext() in /work/tests/Erp.Testing/TestDatabaseServer.cs:line 160
--- End of stack trace from previous location ---
   at Erp.Testing.TestDatabaseServer.GateTemplateAsync(IDictionary`2 settings, Func`2 seed) in /work/tests/Erp.Testing/TestDatabaseServer.cs:line 165
   at Erp.Testing.ErpTestEnvironment.StartGateAsync(IDictionary`2 settings) in /work/tests/Erp.Testing/ErpTestEnvironment.cs:line 88
   at Erp.Gates.Tests.Infrastructure.GateFixture.InitializeAsync() in /work/tests/Erp.Gates.Tests/Infrastructure/GateFixture.cs:line 17
  Failed Erp.Gates.Tests.G2.G2PermissionTests.Every_endpoint_declares_exactly_one_permission_or_is_reviewed_anonymous [1 ms]
  Error Message:
   Assembly fixture type 'Erp.Gates.Tests.Infrastructure.GateFixture' threw in InitializeAsync
---- System.InvalidOperationException : Endpoint authorisation is incomplete:
HTTP: GET /api/tenancy/tenant => GetTenant: declares 'tenancy.tenant.read' but no authorization policy on it requires that permission; use RequirePermission
HTTP: GET /api/tenancy/companies => List: declares 'tenancy.companies.read' but no authorization policy on it requires that permission; use RequirePermission
HTTP: GET /api/tenancy/companies/{id:guid} => Get: declares 'tenancy.companies.read' but no authorization policy on it requires that permission; use RequirePermission
HTTP: GET /api/tenancy/companies/{id:guid}/logo => GetLogo: declares 'tenancy.companies.read' but no authorization policy on it requires that permission; use RequirePermission
HTTP: GET /api/tenancy/branches => List: declares 'tenancy.branches.read' but no authorization policy on it requires that permission; use RequirePermission
HTTP: GET /api/tenancy/branches/{id:guid} => Get: declares 'tenancy.branches.read' but no authorization policy on it requires that permission; use RequirePermission
HTTP: GET /api/tenancy/access => List: declares 'tenancy.access.read' but no authorization policy on it requires that permission; use RequirePermission
HTTP: GET /api/tenancy/access/{userId:guid} => Get: declares 'tenancy.access.read' but no authorization policy on it requires that permission; use RequirePermission
HTTP: GET /api/tenancy/workplace => Get: declares 'tenancy.workplace.read' but no authorization policy on it requires that permission; use RequirePermission
HTTP: GET /api/identity/users => List: declares 'identity.users.read' but no authorization policy on it requires that permission; use RequirePermission
HTTP: GET /api/identity/users/{id:guid} => Get: declares 'identity.users.read' but no authorization policy on it requires that permission; use RequirePermission
HTTP: GET /api/identity/users/{id:guid}/access => Access: declares 'identity.users.read' but no authorization policy on it requires that permission; use RequirePermission
HTTP: GET /api/identity/users/{id:guid}/default-company => GetDefaultCompany: declares 'identity.users.read' but no authorization policy on it requires that permission; use RequirePermission
HTTP: GET /api/identity/companies => Companies: declares 'identity.users.read' but no authorization policy on it requires that permission; use RequirePermission
HTTP: GET /api/identity/users/{id:guid}/sign-ins => SignIns: declares 'identity.signIns.read' but no authorization policy on it requires that permission; use RequirePermission
HTTP: GET /api/identity/roles => List: declares 'identity.roles.read' but no authorization policy on it requires that permission; use RequirePermission
HTTP: GET /api/identity/roles/{id:guid} => Get: declares 'identity.roles.read' but no authorization policy on it requires that permission; use RequirePermission
HTTP: GET /api/identity/permissions => Permissions: declares 'identity.roles.read' but no authorization policy on it requires that permission; use RequirePermission
HTTP: GET /api/identity/users/{id:guid}/passkeys => OfUser: declares 'identity.users.read' but no authorization policy on it requires that permission; use RequirePermission
HTTP: GET /api/lists/tenancy.companies/definition: declares 'tenancy.companies.read' but no authorization policy on it requires that permission; use RequirePermission
HTTP: GET /api/lists/tenancy.companies/views: declares 'tenancy.companies.read' but no authorization policy on it requires that permission; use RequirePermission
HTTP: GET /api/lists/tenancy.companies/views/{id:guid}: declares 'tenancy.companies.read' but no authorization policy on it requires that permission; use RequirePermission
HTTP: POST /api/lists/tenancy.companies/views: declares 'tenancy.companies.read' but no authorization policy on it requires that permission; use RequirePermission
HTTP: PUT /api/lists/tenancy.companies/views/{id:guid}: declares 'tenancy.companies.read' but no authorization policy on it requires that permission; use RequirePermission
HTTP: DELETE /api/lists/tenancy.companies/views/{id:guid}: declares 'tenancy.companies.read' but no authorization policy on it requires that permission; use RequirePermission
HTTP: GET /api/lists/tenancy.companies/shared-views/{id:guid}: declares 'tenancy.companies.read' but no authorization policy on it requires that permission; use RequirePermission
HTTP: GET /api/lists/tenancy.branches/definition: declares 'tenancy.branches.read' but no authorization policy on it requires that permission; use RequirePermission
HTTP: GET /api/lists/tenancy.branches/views: declares 'tenancy.branches.read' but no authorization policy on it requires that permission; use RequirePermission
HTTP: GET /api/lists/tenancy.branches/views/{id:guid}: declares 'tenancy.branches.read' but no authorization policy on it requires that permission; use RequirePermission
HTTP: POST /api/lists/tenancy.branches/views: declares 'tenancy.branches.read' but no authorization policy on it requires that permission; use RequirePermission
HTTP: PUT /api/lists/tenancy.branches/views/{id:guid}: declares 'tenancy.branches.read' but no authorization policy on it requires that permission; use RequirePermission
HTTP: DELETE /api/lists/tenancy.branches/views/{id:guid}: declares 'tenancy.branches.read' but no authorization policy on it requires that permission; use RequirePermission
HTTP: GET /api/lists/tenancy.branches/shared-views/{id:guid}: declares 'tenancy.branches.read' but no authorization policy on it requires that permission; use RequirePermission
HTTP: GET /api/lists/tenancy.access/definition: declares 'tenancy.access.read' but no authorization policy on it requires that permission; use RequirePermission
HTTP: GET /api/lists/tenancy.access/views: declares 'tenancy.access.read' but no authorization policy on it requires that permission; use RequirePermission
HTTP: GET /api/lists/tenancy.access/views/{id:guid}: declares 'tenancy.access.read' but no authorization policy on it requires that permission; use RequirePermission
HTTP: POST /api/lists/tenancy.access/views: declares 'tenancy.access.read' but no authorization policy on it requires that permission; use RequirePermission
HTTP: PUT /api/lists/tenancy.access/views/{id:guid}: declares 'tenancy.access.read' but no authorization policy on it requires that permission; use RequirePermission
HTTP: DELETE /api/lists/tenancy.access/views/{id:guid}: declares 'tenancy.access.read' but no authorization policy on it requires that permission; use RequirePermission
HTTP: GET /api/lists/tenancy.access/shared-views/{id:guid}: declares 'tenancy.access.read' but no authorization policy on it requires that permission; use RequirePermission
HTTP: GET /api/lists/identity.users/definition: declares 'identity.users.read' but no authorization policy on it requires that permission; use RequirePermission
HTTP: GET /api/lists/identity.users/views: declares 'identity.users.read' but no authorization policy on it requires that permission; use RequirePermission
HTTP: GET /api/lists/identity.users/views/{id:guid}: declares 'identity.users.read' but no authorization policy on it requires that permission; use RequirePermission
HTTP: POST /api/lists/identity.users/views: declares 'identity.users.read' but no authorization policy on it requires that permission; use RequirePermission
HTTP: PUT /api/lists/identity.users/views/{id:guid}: declares 'identity.users.read' but no authorization policy on it requires that permission; use RequirePermission
HTTP: DELETE /api/lists/identity.users/views/{id:guid}: declares 'identity.users.read' but no authorization policy on it requires that permission; use RequirePermission
HTTP: GET /api/lists/identity.users/shared-views/{id:guid}: declares 'identity.users.read' but no authorization policy on it requires that permission; use RequirePermission
HTTP: GET /api/lists/identity.roles/definition: declares 'identity.roles.read' but no authorization policy on it requires that permission; use RequirePermission
HTTP: GET /api/lists/identity.roles/views: declares 'identity.roles.read' but no authorization policy on it requires that permission; use RequirePermission
HTTP: GET /api/lists/identity.roles/views/{id:guid}: declares 'identity.roles.read' but no authorization policy on it requires that permission; use RequirePermission
HTTP: POST /api/lists/identity.roles/views: declares 'identity.roles.read' but no authorization policy on it requires that permission; use RequirePermission
HTTP: PUT /api/lists/identity.roles/views/{id:guid}: declares 'identity.roles.read' but no authorization policy on it requires that permission; use RequirePermission
HTTP: DELETE /api/lists/identity.roles/views/{id:guid}: declares 'identity.roles.read' but no authorization policy on it requires that permission; use RequirePermission
HTTP: GET /api/lists/identity.roles/shared-views/{id:guid}: declares 'identity.roles.read' but no authorization policy on it requires that permission; use RequirePermission
HTTP: GET /api/reports/catalog => Catalog: declares 'reports.catalog.read' but no authorization policy on it requires that permission; use RequirePermission
HTTP: GET /api/reports/run/tenancy.companyProfile: declares 'tenancy.companies.read' but no authorization policy on it requires that permission; use RequirePermission
HTTP: GET /api/reports/run/tenancy.branchDirectory: declares 'tenancy.branches.read' but no authorization policy on it requires that permission; use RequirePermission
HTTP: GET /api/reports/run/identity.usersByRole: declares 'identity.users.read' but no authorization policy on it requires that permission; use RequirePermission
HTTP: GET /api/reports/run/identity.roleSummary: declares 'identity.roles.read' but no authorization policy on it requires that permission; use RequirePermission
HTTP: GET /api/reports/lists/tenancy.companies: declares 'tenancy.companies.read' but no authorization policy on it requires that permission; use RequirePermission
HTTP: GET /api/reports/lists/tenancy.branches: declares 'tenancy.branches.read' but no authorization policy on it requires that permission; use RequirePermission
HTTP: GET /api/reports/lists/tenancy.access: declares 'tenancy.access.read' but no authorization policy on it requires that permission; use RequirePermission
HTTP: GET /api/reports/lists/identity.users: declares 'identity.users.read' but no authorization policy on it requires that permission; use RequirePermission
HTTP: GET /api/reports/lists/identity.roles: declares 'identity.roles.read' but no authorization policy on it requires that permission; use RequirePermission
  Stack Trace:
  
----- Inner Stack Trace -----
   at Erp.Kernel.Hosting.ErpPlatform.ValidateEndpoints(WebApplication app) in /work/src/Kernel/Erp.Kernel/Hosting/ErpPlatform.cs:line 251
   at Erp.Kernel.Hosting.ErpPlatform.UseErpPlatform(WebApplication app) in /work/src/Kernel/Erp.Kernel/Hosting/ErpPlatform.cs:line 204
   at Program.<Main>$(String[] args) in /work/src/Host/Erp.Host/Program.cs:line 8
   at Program.<Main>(String[] args)
   at System.Reflection.MethodBaseInvoker.InterpretedInvoke_Method(Object obj, IntPtr* args)
   at System.Reflection.MethodBaseInvoker.InvokeDirectByRefWithFewArgs(Object obj, Span`1 copyOfArgs, BindingFlags invokeAttr)
--- End of stack trace from previous location ---
   at Microsoft.AspNetCore.Mvc.Testing.DeferredHostBuilder.DeferredHost.StartAsync(CancellationToken cancellationToken)
   at Microsoft.Extensions.Hosting.HostingAbstractionsHostExtensions.Start(IHost host)
   at Microsoft.AspNetCore.Mvc.Testing.WebApplicationFactory`1.CreateHost(IHostBuilder builder)
   at Microsoft.AspNetCore.Mvc.Testing.WebApplicationFactory`1.ConfigureHostBuilder(IHostBuilder hostBuilder)
   at Microsoft.AspNetCore.Mvc.Testing.WebApplicationFactory`1.StartServer()
   at Microsoft.AspNetCore.Mvc.Testing.WebApplicationFactory`1.get_Services()
   at Erp.Testing.ErpTestEnvironment.SeedAsync(TestDatabaseServer server, String database, SeedPlan plan, IDictionary`2 settings) in /work/tests/Erp.Testing/ErpTestEnvironment.cs:line 129
   at Erp.Testing.ErpTestEnvironment.SeedAsync(TestDatabaseServer server, String database, SeedPlan plan, IDictionary`2 settings) in /work/tests/Erp.Testing/ErpTestEnvironment.cs:line 139
   at Erp.Testing.ErpTestEnvironment.<>c__DisplayClass34_0.<<StartGateAsync>b__0>d.MoveNext() in /work/tests/Erp.Testing/ErpTestEnvironment.cs:line 91
--- End of stack trace from previous location ---
   at Erp.Testing.TestDatabaseServer.<>c__DisplayClass25_0.<<GateTemplateAsync>b__3>d.MoveNext() in /work/tests/Erp.Testing/TestDatabaseServer.cs:line 160
--- End of stack trace from previous location ---
   at Erp.Testing.TestDatabaseServer.GateTemplateAsync(IDictionary`2 settings, Func`2 seed) in /work/tests/Erp.Testing/TestDatabaseServer.cs:line 165
   at Erp.Testing.ErpTestEnvironment.StartGateAsync(IDictionary`2 settings) in /work/tests/Erp.Testing/ErpTestEnvironment.cs:line 88
   at Erp.Gates.Tests.Infrastructure.GateFixture.InitializeAsync() in /work/tests/Erp.Gates.Tests/Infrastructure/GateFixture.cs:line 17

Test Run Failed.
Total tests: 24
     Failed: 24
 Total time: 11.0947 Seconds
