verify-slot: slot 1 of 2 taken at 2026-10-07T18:19:34Z after waiting 0 s; time the run from here
[1m[1/3] Side by side: .NET build and tests | web and comparison harness | clean stack, then end-to-end[0m
[e2e] [1mClean stack: build, migrate, seed, serve (project c-p01-odoo-rig-r6-verify, port 20160)[0m
[e2e] [1mBuilding the application image[0m
[e2e]  Image erp-app:c-p01-odoo-rig-r6-verify Building 
[e2e] #1 [internal] load local bake definitions
[e2e] #1 reading from stdin 669B done
[e2e] #1 DONE 0.0s
[dotnet] 
[dotnet] [1m== Copying sources (without build output)[0m
[web] 
[web] [1m== Copying sources (without build output)[0m
[e2e] 
[e2e] #2 [internal] load build definition from Dockerfile
[e2e] #2 transferring dockerfile: 2.14kB done
[e2e] #2 DONE 0.1s
[e2e] 
[e2e] #3 resolve image config for docker-image://docker.io/docker/dockerfile:1
[dotnet] 
[dotnet] [1m== .NET: restore and build (warnings are errors)[0m
[e2e] #3 DONE 0.4s
[web] 
[web] [1m== Web: install, type-check, string gate, unit tests, build[0m
[e2e] 
[e2e] #4 docker-image://docker.io/docker/dockerfile:1@sha256:4edf897a3ffa55b89f906fc8cc78afdb3f1834cc9c7083565e611a8a7d5fe99e
[e2e] #4 resolve docker.io/docker/dockerfile:1@sha256:4edf897a3ffa55b89f906fc8cc78afdb3f1834cc9c7083565e611a8a7d5fe99e 0.0s done
[e2e] #4 CACHED
[e2e] 
[e2e] #5 [internal] load metadata for mcr.microsoft.com/dotnet/sdk:10.0
[e2e] #5 DONE 0.2s
[e2e] 
[e2e] #6 [internal] load metadata for docker.io/library/node:22-alpine
[e2e] #6 DONE 0.3s
[e2e] 
[e2e] #7 [internal] load metadata for mcr.microsoft.com/dotnet/aspnet:10.0
[e2e] #7 DONE 0.2s
[e2e] 
[e2e] #8 [build 1/7] FROM mcr.microsoft.com/dotnet/sdk:10.0@sha256:e70cdb7f80b0348f5cb85f19a8f670fca061f033d57eed12fa003d58b0e06317
[e2e] #8 resolve mcr.microsoft.com/dotnet/sdk:10.0@sha256:e70cdb7f80b0348f5cb85f19a8f670fca061f033d57eed12fa003d58b0e06317 0.1s done
[e2e] #8 DONE 0.1s
[e2e] 
[e2e] #9 [web 1/6] FROM docker.io/library/node:22-alpine@sha256:0a7108bf6c7bf5de370ffb1a3ed6be93d405b43ff159f681a8d18c0e2bc2e402
[e2e] #9 resolve docker.io/library/node:22-alpine@sha256:0a7108bf6c7bf5de370ffb1a3ed6be93d405b43ff159f681a8d18c0e2bc2e402 0.1s done
[e2e] #9 DONE 0.1s
[e2e] 
[e2e] #10 [stage-3 1/4] FROM mcr.microsoft.com/dotnet/aspnet:10.0@sha256:222759b391a1aaf241166672c8f99b2d4ada452e7b5319f3c6e8f265a37b5ad4
[e2e] #10 resolve mcr.microsoft.com/dotnet/aspnet:10.0@sha256:222759b391a1aaf241166672c8f99b2d4ada452e7b5319f3c6e8f265a37b5ad4 0.1s done
[e2e] #10 DONE 0.1s
[e2e] 
[e2e] #11 [internal] load .dockerignore
[e2e] #11 transferring context: 187B done
[e2e] #11 DONE 0.0s
[e2e] 
[e2e] #12 [internal] load build context
[e2e] #12 transferring context: 2.46MB 0.0s done
[e2e] #12 DONE 0.1s
[e2e] 
[e2e] #13 [build 2/7] WORKDIR /src
[e2e] #13 CACHED
[e2e] 
[e2e] #14 [build 3/7] COPY global.json Directory.Build.props Directory.Packages.props ./
[e2e] #14 CACHED
[e2e] 
[e2e] #15 [stage-3 3/4] COPY --from=build /app ./
[e2e] #15 CACHED
[e2e] 
[e2e] #16 [build 3/7] COPY global.json Directory.Build.props Directory.Packages.props ./
[e2e] #16 CACHED
[e2e] 
[e2e] #17 [build 5/7] RUN --mount=type=secret,id=extra_ca,target=/run/secrets/extra_ca --mount=type=cache,target=/root/.nuget/packages     if [ -s /run/secrets/extra_ca ]; then cat /run/secrets/extra_ca >>/etc/ssl/certs/ca-certificates.crt; fi;     dotnet restore src/Host/Erp.Host/Erp.Host.csproj
[e2e] #17 CACHED
[e2e] 
[e2e] #18 [web 2/6] WORKDIR /web
[e2e] #18 CACHED
[e2e] 
[e2e] #19 [web 3/6] COPY web/package.json web/package-lock.json ./
[e2e] #19 CACHED
[e2e] 
[e2e] #20 [web 5/6] COPY web/ ./
[e2e] #20 CACHED
[e2e] 
[e2e] #21 [build 4/7] COPY src/ src/
[e2e] #21 CACHED
[e2e] 
[e2e] #22 [strings 3/3] RUN cd /modules && mkdir /strings && for d in */i18n; do mkdir -p "/strings/$d" && cp "$d"/*.json "/strings/$d/"; done
[e2e] #22 CACHED
[e2e] 
[e2e] #23 [strings 2/3] COPY web/src/modules/ /modules/
[e2e] #23 CACHED
[e2e] 
[e2e] #24 [stage-3 2/4] WORKDIR /app
[e2e] #24 CACHED
[e2e] 
[e2e] #25 [build 6/7] COPY --from=strings /strings/ web/src/modules/
[e2e] #25 CACHED
[e2e] 
[e2e] #26 [web 4/6] RUN --mount=type=secret,id=extra_ca,target=/run/secrets/extra_ca --mount=type=cache,target=/root/.npm     if [ -s /run/secrets/extra_ca ]; then export NODE_EXTRA_CA_CERTS=/run/secrets/extra_ca; fi;     npm ci --no-audit --no-fund
[e2e] #26 CACHED
[e2e] 
[e2e] #27 [web 6/6] RUN npm run check && npm run build
[e2e] #27 CACHED
[e2e] 
[e2e] #28 [build 7/7] RUN --mount=type=cache,target=/root/.nuget/packages dotnet publish src/Host/Erp.Host/Erp.Host.csproj -c Release -o /app --no-restore
[e2e] #28 CACHED
[e2e] 
[e2e] #29 [stage-3 4/4] COPY --from=web /web/dist ./wwwroot
[e2e] #29 CACHED
[e2e] 
[e2e] #30 exporting to image
[e2e] #30 exporting layers done
[e2e] #30 exporting manifest sha256:733a5c8decf7ca8385a8fc2cec71fe9cb414b0476217cdb45a28b9a8f35f08ad 0.0s done
[e2e] #30 exporting config sha256:44f310472f3c81695e2a4015b83024470c2bc4f10c91240991dff367b8742dbc
[e2e] #30 exporting config sha256:44f310472f3c81695e2a4015b83024470c2bc4f10c91240991dff367b8742dbc 0.0s done
[e2e] #30 exporting attestation manifest sha256:31c707f691f1cafdf7483d2a25571643c4742ab1c141098691f89f97d10c9270 0.1s done
[e2e] #30 exporting manifest list sha256:f5115800ddcc27ed4768ada385d0eb095d3e2f933f61d3aab2e2715c8882ca26 0.0s done
[e2e] #30 naming to docker.io/library/erp-app:c-p01-odoo-rig-r6-verify done
[e2e] #30 unpacking to docker.io/library/erp-app:c-p01-odoo-rig-r6-verify 0.0s done
[e2e] #30 DONE 0.3s
[e2e] 
[e2e] #31 resolving provenance for metadata file
[e2e] #31 DONE 0.0s
[e2e]  Image erp-app:c-p01-odoo-rig-r6-verify Built 
[e2e] [1mStarting PostgreSQL, setting up the database (roles, migrations, seed: 2000 users) and serving[0m
[e2e]  Network c-p01-odoo-rig-r6-verify_default Creating 
[e2e]  Network c-p01-odoo-rig-r6-verify_default Created 
[e2e]  Volume c-p01-odoo-rig-r6-verify_db-data Creating 
[e2e]  Volume c-p01-odoo-rig-r6-verify_db-data Created 
[e2e]  Container c-p01-odoo-rig-r6-verify-db-1 Creating 
[e2e]  Container c-p01-odoo-rig-r6-verify-db-1 Created 
[e2e]  Container c-p01-odoo-rig-r6-verify-db-1 Starting 
[e2e]  Container c-p01-odoo-rig-r6-verify-db-1 Started 
[e2e]  Container c-p01-odoo-rig-r6-verify-db-1 Waiting 
[web] 
[web] added 59 packages in 3s
[e2e]  Container c-p01-odoo-rig-r6-verify-db-1 Healthy 
[e2e]  Container c-p01-odoo-rig-r6-verify-db-1 Running 
[e2e]  Container c-p01-odoo-rig-r6-verify-setup-1 Creating 
[e2e]  Container c-p01-odoo-rig-r6-verify-setup-1 Created 
[e2e] Attaching to setup-1
[e2e]  Container c-p01-odoo-rig-r6-verify-db-1 Waiting 
[e2e]  Container c-p01-odoo-rig-r6-verify-db-1 Healthy 
[e2e]  Container c-p01-odoo-rig-r6-verify-setup-1 Starting 
[e2e]  Container c-p01-odoo-rig-r6-verify-setup-1 Started 
[web] String check passed: 66 source files, 618 keys in English and Arabic, 58 plural messages.
[e2e] setup-1  | info: Erp.Kernel.Data.DatabaseBootstrap[0]
[e2e] setup-1  |       Creating database erp
[web] Accessibility check passed: 925 JSX elements checked.
[e2e] setup-1  | info: Erp.Kernel.Data.DatabaseMigrator[0]
[e2e] setup-1  |       Migrating KernelDbContext: 4 pending
[web] 
[web] [1m[46m RUN [49m[22m [36mv4.0.18 [39m[90m/work/web[39m
[web] 
[e2e] setup-1  | info: Erp.Kernel.Data.DatabaseMigrator[0]
[e2e] setup-1  |       Migrating TenancyDbContext: 4 pending
[web]  [32m✓[39m src/kernel/historyGuard.test.ts [2m([22m[2m13 tests[22m[2m)[22m[32m 8[2mms[22m[39m
[e2e] setup-1  | info: Erp.Kernel.Data.DatabaseMigrator[0]
[e2e] setup-1  |       Migrating IdentityDbContext: 6 pending
[web]  [32m✓[39m src/kernel/lists/model.test.ts [2m([22m[2m12 tests[22m[2m)[22m[32m 7[2mms[22m[39m
[web]  [32m✓[39m src/modules/identity/model.test.ts [2m([22m[2m12 tests[22m[2m)[22m[32m 14[2mms[22m[39m
[e2e] setup-1  | info: Erp.Kernel.Data.DatabaseMigrator[0]
[e2e] setup-1  |       Migrating ListsDbContext: 1 pending
[web]  [32m✓[39m src/kernel/shortcuts.test.tsx [2m([22m[2m8 tests[22m[2m)[22m[32m 75[2mms[22m[39m
[web]  [32m✓[39m src/kernel/format.test.ts [2m([22m[2m8 tests[22m[2m)[22m[32m 54[2mms[22m[39m
[web]  [32m✓[39m src/modules/reports/ReportsPage.test.tsx [2m([22m[2m6 tests[22m[2m)[22m[32m 182[2mms[22m[39m
[web]  [32m✓[39m src/kernel/preferences.test.ts [2m([22m[2m8 tests[22m[2m)[22m[33m 302[2mms[22m[39m
[web]  [32m✓[39m src/kernel/i18n.test.ts [2m([22m[2m7 tests[22m[2m)[22m[32m 21[2mms[22m[39m
[web]  [32m✓[39m src/kernel/print.test.tsx [2m([22m[2m3 tests[22m[2m)[22m[32m 103[2mms[22m[39m
[web]  [32m✓[39m src/kernel/router.test.ts [2m([22m[2m2 tests[22m[2m)[22m[32m 9[2mms[22m[39m
[web]  [32m✓[39m src/kernel/forms/forms.test.tsx [2m([22m[2m11 tests[22m[2m)[22m[33m 326[2mms[22m[39m
[web]  [32m✓[39m src/kernel/extensions.test.ts [2m([22m[2m4 tests[22m[2m)[22m[32m 5[2mms[22m[39m
[web]  [32m✓[39m src/modules/tenancy/WorkplaceSwitcher.test.tsx [2m([22m[2m4 tests[22m[2m)[22m[32m 255[2mms[22m[39m
[web]  [32m✓[39m src/kernel/messageFormat.test.ts [2m([22m[2m5 tests[22m[2m)[22m[32m 39[2mms[22m[39m
[web]  [32m✓[39m src/modules/tenancy/BranchesPage.test.tsx [2m([22m[2m3 tests[22m[2m)[22m[33m 344[2mms[22m[39m
[web]  [32m✓[39m src/modules/shell/SignInPage.test.tsx [2m([22m[2m8 tests[22m[2m)[22m[33m 357[2mms[22m[39m
[web]  [32m✓[39m src/modules/shell/paletteSearch.test.ts [2m([22m[2m4 tests[22m[2m)[22m[32m 6[2mms[22m[39m
[web]  [32m✓[39m src/modules/tenancy/AccessPage.test.tsx [2m([22m[2m3 tests[22m[2m)[22m[33m 507[2mms[22m[39m
[web]  [32m✓[39m src/kernel/session.test.ts [2m([22m[2m2 tests[22m[2m)[22m[32m 6[2mms[22m[39m
[web]  [32m✓[39m src/kernel/api.test.ts [2m([22m[2m2 tests[22m[2m)[22m[32m 4[2mms[22m[39m
[web]  [32m✓[39m src/modules/tenancy/CompaniesPage.test.tsx [2m([22m[2m5 tests[22m[2m)[22m[33m 853[2mms[22m[39m
[web]      [33m[2m✓[22m[39m creates a company from the keyboard (Alt+N, type, Ctrl+S), shows server validation, then adds its first branch with Enter [33m 458[2mms[22m[39m
[e2e] setup-1  | info: Erp.Kernel.Seeding.SeedRunner[0]
[e2e] setup-1  |       Seeded tenant alnoor (Demo) in 2466 ms
[web] [90mstderr[2m | src/modules/identity/screens.test.tsx[2m > [22m[2mscreens hide exactly what a missing permission refuses[2m > [22m[2mroles: without identity.roles.delete there is no "Delete role", and the other role actions remain
[web] [22m[39mEncountered two children with the same key, `r-clerk`. Keys should be unique so that components maintain their identity across updates. Non-unique keys may cause children to be duplicated and/or omitted — the behavior is unsupported and could change in a future version.
[web] 
[web] [90mstderr[2m | src/modules/identity/screens.test.tsx[2m > [22m[2mscreens hide exactly what a missing permission refuses[2m > [22m[2mroles: without identity.roles.delete there is no "Delete role", and the other role actions remain
[web] [22m[39mEncountered two children with the same key, `r-clerk`. Keys should be unique so that components maintain their identity across updates. Non-unique keys may cause children to be duplicated and/or omitted — the behavior is unsupported and could change in a future version.
[web] 
[web] [90mstderr[2m | src/modules/identity/screens.test.tsx[2m > [22m[2mscreens hide exactly what a missing permission refuses[2m > [22m[2mroles: without identity.roles.delete there is no "Delete role", and the other role actions remain
[web] [22m[39mEncountered two children with the same key, `r-clerk`. Keys should be unique so that components maintain their identity across updates. Non-unique keys may cause children to be duplicated and/or omitted — the behavior is unsupported and could change in a future version.
[web] 
[web] [90mstderr[2m | src/modules/identity/screens.test.tsx[2m > [22m[2mscreens hide exactly what a missing permission refuses[2m > [22m[2mroles: without identity.roles.delete there is no "Delete role", and the other role actions remain
[web] [22m[39mEncountered two children with the same key, `r-clerk`. Keys should be unique so that components maintain their identity across updates. Non-unique keys may cause children to be duplicated and/or omitted — the behavior is unsupported and could change in a future version.
[web] 
[web] [90mstderr[2m | src/modules/identity/screens.test.tsx[2m > [22m[2mscreens hide exactly what a missing permission refuses[2m > [22m[2mroles: without identity.roles.delete there is no "Delete role", and the other role actions remain
[web] [22m[39mEncountered two children with the same key, `r-clerk`. Keys should be unique so that components maintain their identity across updates. Non-unique keys may cause children to be duplicated and/or omitted — the behavior is unsupported and could change in a future version.
[web] 
[web] [90mstderr[2m | src/modules/identity/screens.test.tsx[2m > [22m[2mscreens hide exactly what a missing permission refuses[2m > [22m[2mroles: without identity.roles.delete there is no "Delete role", and the other role actions remain
[web] [22m[39mEncountered two children with the same key, `r-clerk`. Keys should be unique so that components maintain their identity across updates. Non-unique keys may cause children to be duplicated and/or omitted — the behavior is unsupported and could change in a future version.
[web] 
[web] [90mstderr[2m | src/modules/identity/screens.test.tsx[2m > [22m[2mscreens hide exactly what a missing permission refuses[2m > [22m[2mroles: without identity.roles.update there is no "Save", and the other role actions remain
[web] [22m[39mEncountered two children with the same key, `r-clerk`. Keys should be unique so that components maintain their identity across updates. Non-unique keys may cause children to be duplicated and/or omitted — the behavior is unsupported and could change in a future version.
[web] 
[web] [90mstderr[2m | src/modules/identity/screens.test.tsx[2m > [22m[2mscreens hide exactly what a missing permission refuses[2m > [22m[2mroles: without identity.roles.update there is no "Save", and the other role actions remain
[web] [22m[39mEncountered two children with the same key, `r-clerk`. Keys should be unique so that components maintain their identity across updates. Non-unique keys may cause children to be duplicated and/or omitted — the behavior is unsupported and could change in a future version.
[web] 
[web] [90mstderr[2m | src/modules/identity/screens.test.tsx[2m > [22m[2mscreens hide exactly what a missing permission refuses[2m > [22m[2mroles: without identity.roles.update there is no "Save", and the other role actions remain
[web] [22m[39mEncountered two children with the same key, `r-clerk`. Keys should be unique so that components maintain their identity across updates. Non-unique keys may cause children to be duplicated and/or omitted — the behavior is unsupported and could change in a future version.
[web] 
[web] [90mstderr[2m | src/modules/identity/screens.test.tsx[2m > [22m[2mscreens hide exactly what a missing permission refuses[2m > [22m[2mroles: without identity.roles.update there is no "Save", and the other role actions remain
[web] [22m[39mEncountered two children with the same key, `r-clerk`. Keys should be unique so that components maintain their identity across updates. Non-unique keys may cause children to be duplicated and/or omitted — the behavior is unsupported and could change in a future version.
[web] 
[web] [90mstderr[2m | src/modules/identity/screens.test.tsx[2m > [22m[2mscreens hide exactly what a missing permission refuses[2m > [22m[2mroles: without identity.roles.update there is no "Save", and the other role actions remain
[web] [22m[39mEncountered two children with the same key, `r-clerk`. Keys should be unique so that components maintain their identity across updates. Non-unique keys may cause children to be duplicated and/or omitted — the behavior is unsupported and could change in a future version.
[web] 
[web] [90mstderr[2m | src/modules/identity/screens.test.tsx[2m > [22m[2mscreens hide exactly what a missing permission refuses[2m > [22m[2mroles: without identity.roles.update there is no "Save", and the other role actions remain
[web] [22m[39mEncountered two children with the same key, `r-clerk`. Keys should be unique so that components maintain their identity across updates. Non-unique keys may cause children to be duplicated and/or omitted — the behavior is unsupported and could change in a future version.
[web] 
[web] [90mstderr[2m | src/modules/identity/screens.test.tsx[2m > [22m[2mscreens hide exactly what a missing permission refuses[2m > [22m[2mroles: without identity.roles.create there is no "Copy role", and the other role actions remain
[web] [22m[39mEncountered two children with the same key, `r-clerk`. Keys should be unique so that components maintain their identity across updates. Non-unique keys may cause children to be duplicated and/or omitted — the behavior is unsupported and could change in a future version.
[web] 
[web] [90mstderr[2m | src/modules/identity/screens.test.tsx[2m > [22m[2mscreens hide exactly what a missing permission refuses[2m > [22m[2mroles: without identity.roles.create there is no "Copy role", and the other role actions remain
[web] [22m[39mEncountered two children with the same key, `r-clerk`. Keys should be unique so that components maintain their identity across updates. Non-unique keys may cause children to be duplicated and/or omitted — the behavior is unsupported and could change in a future version.
[web] 
[web] [90mstderr[2m | src/modules/identity/screens.test.tsx[2m > [22m[2mscreens hide exactly what a missing permission refuses[2m > [22m[2mroles: without identity.roles.create there is no "Copy role", and the other role actions remain
[web] [22m[39mEncountered two children with the same key, `r-clerk`. Keys should be unique so that components maintain their identity across updates. Non-unique keys may cause children to be duplicated and/or omitted — the behavior is unsupported and could change in a future version.
[web] 
[e2e] setup-1  | info: Erp.Kernel.Seeding.SeedRunner[0]
[e2e] setup-1  |       Seeded tenant gulfsteel (Demo) in 558 ms
[web] [90mstderr[2m | src/modules/identity/screens.test.tsx[2m > [22m[2mscreens hide exactly what a missing permission refuses[2m > [22m[2mroles: without identity.roles.create there is no "Copy role", and the other role actions remain
[web] [22m[39mEncountered two children with the same key, `r-clerk`. Keys should be unique so that components maintain their identity across updates. Non-unique keys may cause children to be duplicated and/or omitted — the behavior is unsupported and could change in a future version.
[web] 
[web] [90mstderr[2m | src/modules/identity/screens.test.tsx[2m > [22m[2mscreens hide exactly what a missing permission refuses[2m > [22m[2mroles: without identity.roles.create there is no "Copy role", and the other role actions remain
[web] [22m[39mEncountered two children with the same key, `r-clerk`. Keys should be unique so that components maintain their identity across updates. Non-unique keys may cause children to be duplicated and/or omitted — the behavior is unsupported and could change in a future version.
[web] 
[web] [90mstderr[2m | src/modules/identity/screens.test.tsx[2m > [22m[2mscreens hide exactly what a missing permission refuses[2m > [22m[2mroles: without identity.roles.create there is no "Copy role", and the other role actions remain
[web] [22m[39mEncountered two children with the same key, `r-clerk`. Keys should be unique so that components maintain their identity across updates. Non-unique keys may cause children to be duplicated and/or omitted — the behavior is unsupported and could change in a future version.
[web] 
[web]  [32m✓[39m src/modules/shell/AppShell.test.tsx [2m([22m[2m17 tests[22m[2m)[22m[33m 2089[2mms[22m[39m
[web]      [33m[2m✓[22m[39m finds an English screen by its Arabic name and records through module sources [33m 404[2mms[22m[39m
[web]      [33m[2m✓[22m[39m ends a source's records with 'show all matches', which opens the list narrowed to the query [33m 305[2mms[22m[39m
[web]      [33m[2m✓[22m[39m shows Arabic-Indic digits on Arabic screens when the user chooses them [33m 328[2mms[22m[39m
[e2e] setup-1  | info: Erp.Kernel.Data.DatabaseMigrator[0]
[e2e] setup-1  |       Refreshed statistics and index lists in 404 ms
[web]  [32m✓[39m src/kernel/lists/ListView.test.tsx [2m([22m[2m15 tests[22m[2m)[22m[33m 2910[2mms[22m[39m
[web]      [33m[2m✓[22m[39m searches as the user types and opens the only match with Enter [33m 415[2mms[22m[39m
[web]      [33m[2m✓[22m[39m closes an open record with Escape wherever the focus is on the page [33m 401[2mms[22m[39m
[web]      [33m[2m✓[22m[39m lists a search best match first and opens the best match with Enter [33m 341[2mms[22m[39m
[web]      [33m[2m✓[22m[39m keeps the default order and Enter's usual meaning when the server did not rank a broad search [33m 308[2mms[22m[39m
[web]      [33m[2m✓[22m[39m keeps a sort chosen from the header while searching [33m 362[2mms[22m[39m
[e2e] [Ksetup-1 exited with code 0
[e2e]  Compose Stopping Aborting on container exit...
[e2e]  Container c-p01-odoo-rig-r6-verify-setup-1 Stopping 
[e2e]  Container c-p01-odoo-rig-r6-verify-setup-1 Stopped 
[e2e]  Container c-p01-odoo-rig-r6-verify-db-1 Running 
[e2e]  Container c-p01-odoo-rig-r6-verify-app-1 Creating 
[e2e]  Container c-p01-odoo-rig-r6-verify-app-1 Created 
[e2e]  Container c-p01-odoo-rig-r6-verify-db-1 Waiting 
[e2e]  Container c-p01-odoo-rig-r6-verify-db-1 Healthy 
[e2e]  Container c-p01-odoo-rig-r6-verify-setup-1 Starting 
[e2e]  Container c-p01-odoo-rig-r6-verify-setup-1 Started 
[e2e]  Container c-p01-odoo-rig-r6-verify-setup-1 Waiting 
[web]  [32m✓[39m src/modules/identity/screens.test.tsx [2m([22m[2m45 tests[22m[2m)[22m[33m 4227[2mms[22m[39m
[web]      [33m[2m✓[22m[39m creates an invited user from the keyboard: n, local part only, a role by filter, Ctrl+Enter, and shows the set-up code once [33m 531[2mms[22m[39m
[web]  [32m✓[39m src/modules/tenancy/screens.test.tsx [2m([22m[2m55 tests[22m[2m)[22m[33m 4724[2mms[22m[39m
[dotnet] 
[dotnet] Build succeeded.
[dotnet]     0 Warning(s)
[dotnet]     0 Error(s)
[dotnet] 
[dotnet] Time Elapsed 00:00:15.35
[dotnet] 
[dotnet] [1m== .NET: unit, integration (Testcontainers PostgreSQL) and gate tests[0m
[e2e]  Container c-p01-odoo-rig-r6-verify-setup-1 Exited 
[e2e]  Container c-p01-odoo-rig-r6-verify-app-1 Starting 
[e2e]  Container c-p01-odoo-rig-r6-verify-app-1 Started 
[web]  [32m✓[39m src/modules/shell/clientIsolation.test.tsx [2m([22m[2m6 tests[22m[2m)[22m[33m 18904[2mms[22m[39m
[web]      [33m[2m✓[22m[39m tenant A sees, and the tab keeps, nothing of tenant B after B signs out [33m 17618[2mms[22m[39m
[web]      [33m[2m✓[22m[39m an address someone types or follows is kept, and stamped for the person in the tab [33m 331[2mms[22m[39m
[web]      [33m[2m✓[22m[39m signing out forgets every cookie the document can read, whatever its path, and the tab's window name [33m 411[2mms[22m[39m
[web]      [33m[2m✓[22m[39m a session that ends by itself (401) starts over and forgets the person, keeping only the e-mail [33m 337[2mms[22m[39m
[web] 
[web] [2m Test Files [22m [1m[32m26 passed[39m[22m[90m (26)[39m
[web] [2m      Tests [22m [1m[32m268 passed[39m[22m[90m (268)[39m
[web] [2m   Start at [22m 18:19:47
[web] [2m   Duration [22m 21.84s[2m (transform 14.41s, setup 897ms, import 25.27s, tests 36.33s, environment 10.61s)[22m
[web] 
[web] JSON report written to /out/vitest.json
[web] control: the gate passes on the unplanted product
[web] P9-storage: caught (signing out leaves the person's localStorage entries behind)
[web] P9-email: caught (signing out keeps the signed-out person's e-mail on the sign-in screen)
[web] P9: caught (palette answers cached at module level by query, never cleared at sign-out)
[web] C2: caught (the last record opened from the palette kept in a cookie (path=/), and signing out does not forget cookies)
[web] P9-scoped: caught (identity-scoped caches are not emptied when the identity ends)
[web] P9-session-storage: caught (signing out leaves sessionStorage behind)
[web] C1: caught (palette answers kept in the tab's window.name, and signing out does not reset it)
[web] C2-path: caught (the record cookie scoped to the screen's path (/identity), and signing out forgets cookies only at /)
[web] H1: caught (the history guard trusts every entry: Back into the signed-out person's address opens it)
[web] H2: caught (Back and reload are trusted like a typed address)
[web] H3: caught (the history epoch survives the end of an identity (sessionStorage cleared except the epoch))
[web] H4: caught (inside a document, Back to an entry of another identity is not checked)
[web] client isolation gate self-test: 12 plants, all caught
[web] control: the gate passes on the unplanted product
[web] U1: caught (New role offered without identity.roles.create)
[web] U1-users: caught (New user offered without identity.users.create)
[web] U1-shortcut: caught (Alt+N opens a new role without identity.roles.create)
[web] U-delete: caught (Delete role offered without identity.roles.delete (critic p03 round 1))
[web] U-copy: caught (Copy role offered for a role granting more than the user holds)
[web] identity screens permission gate self-test: 5 plants, all caught
[web] control: the gate passes on the unplanted product
[web] U1: caught (company logo upload and remove offered without tenancy.companies.update)
[web] U2: caught (the company's branch line offered without tenancy.branches.create)
[web] U2-new: caught (New branch (button and Alt+N) offered without tenancy.branches.create)
[web] U-company-new: caught (New company (button and Alt+N) offered without tenancy.companies.create)
[web] P3b: caught (the company form editable for everyone (critic p06 round 1's plant: canEdit true))
[web] U-company-save: caught (the company form editable and saved without tenancy.companies.update)
[web] U-company-address: caught (the company's address editable without tenancy.companies.update (its fields ignore the form's read-only state))
[web] U-company-some-branches: caught (the company record editable by someone who works in only some of its branches)
[web] U-logo-some-branches: caught (the company logo changeable by someone who works in only some of its branches)
[web] P3b-branch: caught (the branch form editable for everyone (P3b on the branch screen))
[web] U-branch-save: caught (the branch form editable and saved without tenancy.branches.update)
[web] P3b-access: caught (the company access form saveable for everyone (P3b on the access screen))
[web] U-access-save: caught (company access editable and saved without tenancy.access.update)
[web] U-access-stronger: caught (company access of a user the server marks read-only offered for change)
[web] U-access-boxes: caught (the company and branch boxes of a read-only access form left changeable)
[web] U-tenant-save: caught (workspace settings editable and saved without tenancy.tenant.update)
[web] P3b-tenant: caught (the workspace settings form shown and editable for everyone (P3b on the workspace screen))
[web] tenancy screens permission gate self-test: 17 plants, all caught
[web] vite v7.3.6 building client environment for production...
[web] transforming...
[web] ✓ 108 modules transformed.
[web] rendering chunks...
[web] computing gzip size...
[web] dist/index.html                                                   0.49 kB │ gzip:   0.30 kB
[web] dist/assets/noto-sans-arabic-arabic-wght-normal-BhzieyvS.woff2  165.96 kB
[web] dist/assets/index-Co7B9ABo.css                                   33.06 kB │ gzip:   7.12 kB
[web] dist/assets/index-C5sh70dX.js                                   482.14 kB │ gzip: 140.36 kB
[web] ✓ built in 4.25s
[web] 
[web] (!) Some chunks are larger than 400 kB after minification. Consider:
[web] - Using dynamic import() to code-split the application
[web] - Use build.rollupOptions.output.manualChunks to improve chunking: https://rollupjs.org/configuration-options/#output-manualchunks
[web] - Adjust chunk size limit for this warning via build.chunkSizeWarningLimit.
[web] 
[web] [1m== Comparison harness (gauntlet/compare): install and unit tests[0m
[web] 
[web] added 2 packages in 1s
[web] ✔ add-rate: the Odoo baseline was produced by the current driver and its counts follow from its steps (19.691544ms)
[web] ✔ api-update-user: the Odoo baseline was produced by the current driver and its counts follow from its steps (3.394504ms)
[web] ✔ arabic-report: the Odoo baseline was produced by the current driver and its counts follow from its steps (3.836387ms)
[web] ✔ attach-file: the Odoo baseline was produced by the current driver and its counts follow from its steps (5.96532ms)
[web] ✔ configure-sequence: the Odoo baseline was produced by the current driver and its counts follow from its steps (5.677521ms)
[web] ✔ create-company-branch: the Odoo baseline was produced by the current driver and its counts follow from its steps (21.541898ms)
[web] ✔ create-restricted-user: the Odoo baseline was produced by the current driver and its counts follow from its steps (3.648205ms)
[web] ✔ custom-field-filter: the Odoo baseline was produced by the current driver and its counts follow from its steps (7.402244ms)
[web] ✔ edit-and-save: the Odoo baseline was produced by the current driver and its counts follow from its steps (9.729408ms)
[web] ✔ export-filtered-list: the Odoo baseline was produced by the current driver and its counts follow from its steps (9.852104ms)
[web] ✔ find-record: the Odoo baseline was produced by the current driver and its counts follow from its steps (4.200186ms)
[web] ✔ find-user: the Odoo baseline was produced by the current driver and its counts follow from its steps (13.096858ms)
[web] ✔ follow-approval: the Odoo baseline was produced by the current driver and its counts follow from its steps (29.704267ms)
[web] ✔ import-5000: the Odoo baseline was produced by the current driver and its counts follow from its steps (4.425289ms)
[web] ✔ keyboard-navigation: the Odoo baseline was produced by the current driver and its counts follow from its steps (5.916998ms)
[web] ✔ print-list-arabic: the Odoo baseline was produced by the current driver and its counts follow from its steps (7.150319ms)
[web] ✔ reach-screen-keyboard: the Odoo baseline was produced by the current driver and its counts follow from its steps (7.674907ms)
[web] ✔ see-and-rerun-job: the Odoo baseline was produced by the current driver and its counts follow from its steps (6.787742ms)
[web] ✔ sign-in: the Odoo baseline was produced by the current driver and its counts follow from its steps (7.715526ms)
[web] ✔ switch-company: the Odoo baseline was produced by the current driver and its counts follow from its steps (8.184107ms)
[web] ✔ switch-to-arabic: the Odoo baseline was produced by the current driver and its counts follow from its steps (14.793917ms)
[web] ✔ who-changed-field: the Odoo baseline was produced by the current driver and its counts follow from its steps (5.096039ms)
[web] ✔ screenshot names are random and never name a product (17.129207ms)
[web] ✔ revealsProduct catches product names in any case (1.243982ms)
[web] ✔ both products have a branding profile; extra brand words are added (0.646203ms)
[web] ✔ the demo data's company names and codes are masked in both products (round 3 blindness finding) (0.188052ms)
[web] ✔ letters A and B are assigned at random (1.623852ms)
[web] ✔ committed Odoo baseline screenshots have neutral names and the key lives outside the shots folder (1.962494ms)
[web] ✔ the blind review page shows neutral captions, never the moments a driver named (11.974536ms)
[web] ✔ a placeholder naming the vendor is cleared, not painted over (0.23926ms)
[web] ✔ a side-by-side folder keeps the blind part (shots, review page) apart from the key and results (320.955256ms)
[web] ✔ side by side, the products run in a random order per task (1.616578ms)
[web] ✔ identity codes are masked wherever they stand in a text: a workspace label, an e-mail domain (round 5 blindness finding) (1848.819008ms)
[web] ✔ --list prints every task (606.986543ms)
[web] ✔ bad arguments fail with usage (1012.469495ms)
[web] ✔ one command runs a task on our product and writes a result JSON (3544.616332ms)
[web] ✔ the blind review page shows A and B only and keeps the mapping in key.json (15.093226ms)
[web] ✔ ours wins only when strictly lower on every metric (1.042791ms)
[web] ✔ a tie is a loss (0.294424ms)
[web] ✔ a tie at zero is still a tie and a loss, and is reported plainly (owner question pending) (1.451687ms)
[web] ✔ an unbuilt or failed product is never a win (0.211051ms)
[web] ✔ median of repeated runs uses the median machine seconds (0.488462ms)
[web] ✔ the generator is deterministic: a fresh run reproduces the shared files byte for byte (2975.564643ms)
[web] ✔ volumes match the bar: 100,000 contacts, users and rates; 5,000 import rows (294.601733ms)
[web] ✔ the needle name occurs exactly once and the import file has plain headers (113.207498ms)
[web] ✔ the generator keeps rates as fixed six-decimal strings (8.924182ms)
[web] ✔ the random source is seeded (0.22312ms)
[web] ✔ every driver imports only the fixture clients and Node file helpers, and runs no unreadable code (23.493538ms)
[web] ✔ the driver lint catches planted escapes (0.577231ms)
[web] ✔ control: an honest driver verifies; reading and locating are allowed while measured (3045.200081ms)
[web] ✔ plant: typing through ctx.page.keyboard -> the run is invalid, never verified (2962.825043ms)
[web] ✔ plant: pressing a key through op.page.keyboard -> the run is invalid, never verified (2295.980412ms)
[web] ✔ plant: clicking a locator directly -> the run is invalid, never verified (2405.431612ms)
[web] ✔ plant: filling a field directly -> the run is invalid, never verified (2527.721955ms)
[web] ✔ plant: the mouse -> the run is invalid, never verified (2496.137547ms)
[web] ✔ plant: a deep link (goto) -> the run is invalid, never verified (2261.896949ms)
[web] ✔ plant: a reload -> the run is invalid, never verified (2785.475644ms)
[web] ✔ plant: page script that clicks (evaluate) -> the run is invalid, never verified (2218.677232ms)
[web] ✔ plant: locator script that clicks (locator.evaluate) -> the run is invalid, never verified (2307.433963ms)
[web] ✔ plant: a condition that clicks -> the run is invalid, never verified (2373.381204ms)
[web] ✔ plant: a condition that sets a value -> the run is invalid, never verified (2376.724543ms)
[web] ✔ plant: a condition that changes the page -> the run is invalid, never verified (2388.494204ms)
[web] ✔ plant: a condition that defers an action (setTimeout) -> the run is invalid, never verified (4025.555847ms)
[web] ✔ plant: an asynchronous condition -> the run is invalid, never verified (2964.438306ms)
[web] ✔ plant: a condition that navigates -> the run is invalid, never verified (2923.83085ms)
[web] ✔ plant: a condition that calls the back end from the page -> the run is invalid, never verified (2862.523803ms)
[web] ✔ plant: a back-end call from the harness (fetch) -> the run is invalid, never verified (2725.471361ms)
[web] ✔ plant: a back-end call from the harness (http.request) -> the run is invalid, never verified (2441.727976ms)
[web] ✔ plant: a second page in the same context -> the run is invalid, never verified (2302.467597ms)
[web] ✔ plant: a new browser context -> the run is invalid, never verified (2319.48044ms)
[web] ✔ plant: the page request context (page.request) -> the run is invalid, never verified (2734.44482ms)
[web] ✔ plant: reaching a browser-driver internal (_mainFrame) -> the run is invalid, never verified (2509.676797ms)
[web] ✔ plant: closing the page (Symbol.asyncDispose) -> the run is invalid, never verified (2543.358443ms)
[web] ✔ plant: an action whose refusal the driver swallows -> the run is invalid, never verified (2471.543462ms)
[web] ✔ plant: a keyboard kept from set-up and used while measured is refused (2620.914618ms)
[web] ✔ plant: an internal channel kept from set-up is refused there too (2405.851876ms)
[web] ✔ plant: a driver cannot stop the clock, drop steps or reach the raw page (2615.297781ms)
[web] ✔ plant: browserKey refuses an action passed by the driver (2161.447888ms)
[web] ✔ plant: the guard controls cannot be claimed by a driver (1.411579ms)
[web] ✔ set-up may act on the product but never run page script; verify() only reads (2643.940493ms)
[web] ✔ plant U1 (round 3): page script installed during sign-in to act in the measured part -> invalid (4880.418976ms)
[web] ✔ plant U1b (round 3): a listener installed through a locator in set-up -> invalid (2608.667081ms)
[web] ✔ plant U2 (round 3): an init script added to the context in set-up (an F9 that does the task) -> invalid (5206.290837ms)
[web] ✔ plant U2b (round 3): exposed functions, routes and extra headers made in set-up -> invalid (10712.979421ms)
[web] ✔ plant U3 (round 3): even a script that escaped the guard would not survive: the start page is a fresh context (4230.594144ms)
[web] ✔ plant H2 (round 3): the start state is checked: a field the product refills from what sign-in typed -> invalid (2047.39712ms)
[web] ✔ plant H2b (round 3): a start screen that carries state in its address -> invalid (789.300483ms)
[web] ✔ plant H2c (round 3): a task already done by set-up before the clock -> invalid (1871.780143ms)
[web] ✔ plant V1 (round 3): verify() that acts on the page -> invalid (2461.645734ms)
[web] ✔ plant V2 (round 3): verify() that changes the product through the back end -> invalid (2268.490642ms)
[web] ✔ plant S1 (round 3): a newline inside op.type (Enter without a step) -> invalid (2136.634119ms)
[web] ✔ plant K1 (round 3): a driver that declares chain to drop mental preparation -> invalid (2368.362871ms)
[web] ✔ plant T1 (round 3): screenshots while the product works neither hide its time nor go undeclared (7590.207785ms)
[web] ✔ the real ours sign-in driver verifies on a stand-in sign-in page (4987.240698ms)
[web] ✔ plant H1 (round 2): the ours sign-in driver types the password through ctx.page.keyboard -> invalid (4638.172992ms)
[web] ✔ plant K1 (round 3, the real driver): the ours sign-in driver with every step declared chained -> invalid (4286.111756ms)
[web] ✔ the real ours find-user driver verifies on a stand-in users screen (2763.112794ms)
[web] ✔ plant H2 (round 3, the real driver): ours find-user signs in, opens Users and types the name before the clock -> never a 1-step win (10721.706276ms)
[web] ✔ an API task counts each request, and its screenshots show the neutral request transcript (2286.952801ms)
[web] ✔ plant: signing in to the API inside the measured part is refused (1292.712447ms)
[web] ✔ plant P1 (round 4): an action left pending in a second browser context from set-up -> never verified (6886.705024ms)
[web] ✔ plant P2 (round 4): launching another browser in set-up -> invalid (973.734762ms)
[web] ✔ plant P3 (round 4): a browser-wide debugging session or trace from set-up -> invalid (1592.769515ms)
[web] ✔ plant L1 (round 4): set-up changes where the product opens (a home preference) -> invalid (1595.022085ms)
[web] ✔ plant L2 (round 4): a list start whose address names the task's data -> invalid (3562.058487ms)
[web] ✔ control (round 4): a home start that lands on the home, with set-up contexts of its own, still verifies (2299.140944ms)
[web] ✔ plant C1 (round 4): text copied to the clipboard in set-up and pasted while measured -> invalid (8463.585831ms)
[web] ✔ control (round 4): text copied inside the measured part may be pasted (2233.616735ms)
[web] ✔ control (round 5): the honest path on the slow page waits for the 2 s answer (4215.842939ms)
[web] ✔ plant T2 (round 5): run() returns after the click and verify() waits for the end state -> invalid (2488.599748ms)
[web] ✔ plant T2b (round 5): run() returns after the click and verify() reads once -> the screen is frozen as the clock stopped (7833.96069ms)
[web] ✔ plant T2g (round 5): run() returns while a save is still under way and verify() reads the back end -> the save is on the clock (4189.008762ms)
[web] ✔ control (round 5): images and reads still loading when run() returns are not waited for (2852.345375ms)
[web] ✔ plant T2c (round 5): a save committed after its answer, and verify() polls the back end until it shows -> invalid (2851.140189ms)
[web] ✔ plant T2d (round 5): a request the page sends 600 ms after the click cannot finish after the clock stops (7984.186716ms)
[web] ✔ plant T2h (round 6): verify() that polls is refused on arrival, before the clock as well as after it -> invalid, quickly (3390.364115ms)
[web] ✔ plant T2f (round 5): verify() that sleeps on a timer, or polls a slow read with varied requests -> invalid (9424.386849ms)
[web] ✔ plant T2e (round 5): verify() that waits with ctx.until or waitForURL -> invalid (6223.127972ms)
[web] ✔ plant U4 (round 5): a fetch captured when the driver module loads, used while measured -> invalid (2884.100046ms)
[web] ✔ plant U5 (round 5): process.getBuiltinModule reaches child_process or net while measured -> invalid, nothing sent (9396.522598ms)
[web] ✔ plant U5b (round 5): every other way out of the driver process is refused, in set-up too -> invalid (25164.603735ms)
[web] ✔ plant U5c (round 5): the driver process cannot write outside its scratch folder, itself or through the harness (5881.324663ms)
[web] ✔ plant U5d (round 5): a timer left by set-up that calls the back end while measured -> invalid (6322.624562ms)
[web] ✔ plant U5h (round 5): a slow back-end call set-up leaves running lands before the clock, never inside it -> invalid (3459.549579ms)
[web] ✔ plant U5i (round 5): page script smuggled as a crafted function text cannot run outside the sentinel -> invalid (5155.744256ms)
[web] ✔ plant U5j (round 5): set-up leaves a request of Playwright's own HTTP client running -> invalid (2972.735128ms)
[web] ✔ plant U5k (round 5): an API session with a header that changes what a typed request does -> invalid (1208.332611ms)
[web] ✔ plant U5e (round 5): no driver module runs in the harness process, and its clock is out of the driver's reach (5122.749046ms)
[web] ✔ plant U5f (round 5): a driver object handed straight to execute() is refused, never measured (0.80908ms)
[web] ✔ plant U5g (round 5, the real driver): ours api-update-user sends its PUT through a child process -> invalid, nothing sent (4198.725844ms)
[web] ✔ plant C2 (round 5): ControlOrMeta+v: text copied in set-up is pasted while measured -> invalid (2950.332321ms)
[web] ✔ plant C3 (round 5): an empty copy, then Control+v: text copied in set-up is pasted while measured -> invalid (2904.346923ms)
[web] ✔ plant C4 (round 5): Control+KeyV: text copied in set-up is pasted while measured -> invalid (2882.464685ms)
[web] ✔ plant C5 (round 5): control+V written in other cases: text copied in set-up is pasted while measured -> invalid (3040.969324ms)
[web] ✔ plant C6 (round 5): Shift+Control+v: text copied in set-up is pasted while measured -> invalid (2614.533083ms)
[web] ✔ control (round 5): the clipboard is empty at the start, whatever set-up copied (2993.391448ms)
[web] ✔ KLM (round 5): typing right after an Enter that opened a new screen starts with a mental step (3494.308315ms)
[web] ✔ operator times are the published Card, Moran and Newell averages (1.803365ms)
[web] ✔ typing counts one key per character plus Shift for capitals and symbols (1.288543ms)
[web] ✔ a chord counts each key in it (0.242797ms)
[web] ✔ a click is M + P + BB, with homing when the hand comes from the keyboard (0.348151ms)
[web] ✔ a chained step has no mental preparation (0.17631ms)
[web] ✔ the operator starts with the hand on the mouse (0.165208ms)
[web] ✔ file picks are modelled as a double click (0.183514ms)
[web] ✔ totals for a short path add up (0.431421ms)
[web] ✔ unknown step kinds are rejected (0.983285ms)
[web] ✔ a scroll is a mouse step modelled like a click (1.633348ms)
[web] ✔ continuation is derived from the steps: typing after a click on its field, after a key; Enter after typing or an arrow (0.508881ms)
[web] ✔ plant K1 (round 3): a chain flag written on a step changes nothing; only the sequence counts (0.291241ms)
[web] ✔ round 5: no step continues one that began on another screen (a key that opened a new screen, then typing) (0.515563ms)
[web] ✔ every npm dependency of the harness is under an allowed licence (1.496444ms)
[web] ✔ dependencies are pinned to exact versions (0.586901ms)
[web] ✔ steps, keystrokes and waits are counted the same way every time (1898.7274ms)
[web] ✔ choosing a file counts the dialog click and the pick (529.437449ms)
[web] ✔ a step before start() is refused (514.677824ms)
[web] ✔ blind screenshots paint branding over, go grey, and leave title and favicon neutral (1333.210179ms)
[web] ✔ a screenshot after the end of a task never shortens the measured time (574.973785ms)
[web] ✔ round 3 fault T1: a screenshot taken while measuring stays on the clock (it cannot hide the product working) (959.263079ms)
[web] ✔ round 2 fault: the done screenshot after finish() leaves machine seconds unchanged (1493.590161ms)
[web] ✔ while measuring, only the moments the task declares are shot, each once; their time stays on the clock (796.806053ms)
[web] ✔ round 3 fault S1: op.type refuses control characters (a newline would press Enter without a step) (800.988407ms)
[web] ✔ round 3 fault K1: a driver cannot declare continuation (chain) or pass options that act uncounted (707.126221ms)
[web] ✔ an API request is one step whose keystrokes are the request typed plus Enter (483.386557ms)
[web] ✔ a wait condition works on a page whose content security policy forbids eval (our product) (665.445808ms)
[web] ✔ round 5: paste and copy chords are read as the keys they press, whatever their spelling (0.836871ms)
[web] ✔ a screenshot the browser fails to take ends the run: it is tried once, never again on the clock (round 6) (387.492256ms)
[web] ✔ ratchet.json has every comparison minimum (1.798602ms)
[web] ✔ tasks and named tasks never go below their minimum (149.624307ms)
[web] ✔ built Odoo drivers never go below their minimum (58.827008ms)
[web] ✔ built drivers for our product never go below their minimum (37.499664ms)
[web] ✔ verified Odoo baselines never go below their minimum, and each is complete (12.528217ms)
[web] ✔ the recorded reference volume never goes below the minimum per main list (1.614798ms)
[web] ✔ harness tests never go below their minimum (live rig checks counted apart) (10.346617ms)
[web] ✔ planted uncounted-action drivers never go below their minimum (1.1375ms)
[web] ✔ API tasks never go below their minimum (8.332029ms)
[web] ✔ the driver process starts under the permission model with the network lockdown preloaded (9.621842ms)
[web] ✔ inside the driver process: no child process, no worker, no writes outside the scratch folder, no socket (3132.987079ms)
[web] ✔ the stand-ins a driver holds behave like Playwright objects: sync reads, locators, listeners, ready (2970.505924ms)
[web] ✔ the harness reads drivers and tasks through the driver process and never imports them (3.761726ms)
[web] ✔ a driver process that stops answering is stopped, and the next run gets a new one (7988.230368ms)
[web] ✔ plant X1 (round 6): every run has a driver process of its own, so a driver cannot slow or steer the next run (the other product's included) (34941.137498ms)
[web] ✔ our product declares its sign-in limit; Odoo has none (9.530732ms)
[web] ✔ an API sign-in from the driver process is paced by the harness and waits out a 429 (3732.313824ms)
[web] ✔ a browser sign-in refused with 429 is tried again in a fresh context, after the abandoned one ended (3417.148727ms)
[web] ✔ a browser sign-in refused every time ends the run in an error, never a measurement (2697.320987ms)
[web] ✔ a sign-in the harness paces inside verify() is not charged to the pass (the meter reports it apart) (12756.084099ms)
[web] ✔ every task the bar names is defined and marked as named (124.134419ms)
[web] ✔ task definitions are product-neutral and complete (5.535591ms)
[web] ✔ every task declares where the runner starts it and the moments every driver shoots (instrument 4) (67.713329ms)
[web] ✔ every task has a driver for each product (15.395618ms)
[web] ✔ every Odoo driver is built; placeholders in task text resolve from the dataset (152.094776ms)
[web] ✔ an unbuilt driver reports "not built" without touching a browser (184.880622ms)
[web] ✔ print-list-arabic (routed from p06): the ours driver takes its menu words from the product's own strings, which hold them in both languages (7.370342ms)
[web] ℹ tests 193
[web] ℹ suites 0
[web] ℹ pass 193
[web] ℹ fail 0
[web] ℹ cancelled 0
[web] ℹ skipped 0
[web] ℹ todo 0
[web] ℹ duration_ms 443794.525899
[dotnet] == suite: passed
[dotnet] == self-http: passed
[dotnet] == self-company: passed
[dotnet] == self-noninterference: passed
[dotnet] 
[dotnet] [1m-- .NET tests: suite[0m
[dotnet] Test run for /work/tests/Erp.Gates.Tests/bin/Release/net10.0/Erp.Gates.Tests.dll (.NETCoreApp,Version=v10.0)
[dotnet] Test run for /work/tests/Erp.Modules.Identity.Tests/bin/Release/net10.0/Erp.Modules.Identity.Tests.dll (.NETCoreApp,Version=v10.0)
[dotnet] Test run for /work/tests/Erp.Modules.Lists.Tests/bin/Release/net10.0/Erp.Modules.Lists.Tests.dll (.NETCoreApp,Version=v10.0)
[dotnet] Test run for /work/tests/Erp.Modules.Tenancy.Tests/bin/Release/net10.0/Erp.Modules.Tenancy.Tests.dll (.NETCoreApp,Version=v10.0)
[dotnet] Test run for /work/tests/Erp.Kernel.Tests/bin/Release/net10.0/Erp.Kernel.Tests.dll (.NETCoreApp,Version=v10.0)
[dotnet] A total of 1 test files matched the specified pattern.
[dotnet] Test run for /work/tests/Erp.Modules.Reports.Tests/bin/Release/net10.0/Erp.Modules.Reports.Tests.dll (.NETCoreApp,Version=v10.0)
[dotnet] A total of 1 test files matched the specified pattern.
[dotnet] A total of 1 test files matched the specified pattern.
[dotnet] A total of 1 test files matched the specified pattern.
[dotnet] A total of 1 test files matched the specified pattern.
[dotnet] A total of 1 test files matched the specified pattern.
[dotnet] [xUnit.net 00:00:00.00] xUnit.net VSTest Adapter v3.1.5+1b188a7b0a (64-bit .NET 10.0.12)
[dotnet] [xUnit.net 00:00:00.00] xUnit.net VSTest Adapter v3.1.5+1b188a7b0a (64-bit .NET 10.0.12)
[dotnet] [xUnit.net 00:00:00.00] xUnit.net VSTest Adapter v3.1.5+1b188a7b0a (64-bit .NET 10.0.12)
[dotnet] [xUnit.net 00:00:00.00] xUnit.net VSTest Adapter v3.1.5+1b188a7b0a (64-bit .NET 10.0.12)
[dotnet] [xUnit.net 00:00:00.00] xUnit.net VSTest Adapter v3.1.5+1b188a7b0a (64-bit .NET 10.0.12)
[dotnet] [xUnit.net 00:00:00.00] xUnit.net VSTest Adapter v3.1.5+1b188a7b0a (64-bit .NET 10.0.12)
[dotnet] [xUnit.net 00:00:00.20]   Discovering: Erp.Modules.Identity.Tests
[dotnet] [xUnit.net 00:00:00.19]   Discovering: Erp.Modules.Tenancy.Tests
[dotnet] [xUnit.net 00:00:00.26]   Discovering: Erp.Gates.Tests
[dotnet] [xUnit.net 00:00:00.20]   Discovering: Erp.Modules.Lists.Tests
[dotnet] [xUnit.net 00:00:00.20]   Discovering: Erp.Kernel.Tests
[dotnet] [xUnit.net 00:00:00.17]   Discovering: Erp.Modules.Reports.Tests
[dotnet] [xUnit.net 00:00:00.41]   Discovered:  Erp.Modules.Lists.Tests
[dotnet] [xUnit.net 00:00:00.42]   Discovered:  Erp.Modules.Tenancy.Tests
[dotnet] [xUnit.net 00:00:00.48]   Discovered:  Erp.Modules.Identity.Tests
[dotnet] [xUnit.net 00:00:00.62]   Discovered:  Erp.Gates.Tests
[dotnet] [xUnit.net 00:00:00.41]   Discovered:  Erp.Modules.Reports.Tests
[dotnet] [xUnit.net 00:00:00.56]   Discovered:  Erp.Kernel.Tests
[dotnet] [xUnit.net 00:00:00.59]   Starting:    Erp.Modules.Lists.Tests
[dotnet] [xUnit.net 00:00:00.67]   Starting:    Erp.Modules.Tenancy.Tests
[dotnet] [xUnit.net 00:00:00.75]   Starting:    Erp.Modules.Identity.Tests
[dotnet] [xUnit.net 00:00:00.62]   Starting:    Erp.Modules.Reports.Tests
[dotnet] [xUnit.net 00:00:00.87]   Starting:    Erp.Gates.Tests
[dotnet] [xUnit.net 00:00:00.82]   Starting:    Erp.Kernel.Tests
[dotnet]   Passed Erp.Kernel.Tests.SecurityTests.Email_validation(value: "a@.example", valid: False) [25 ms]
[dotnet]   Passed Erp.Kernel.Tests.MoneyTests.Currency_codes_are_three_upper_case_letters(code: "A1D") [25 ms]
[dotnet]   Passed Erp.Kernel.Tests.SecurityTests.Email_validation(value: "a b@c.example", valid: False) [1 ms]
[dotnet]   Passed Erp.Kernel.Tests.UnitOfWorkTests.Problems_inside_typed_unions_count_as_failures [32 ms]
[dotnet]   Passed Erp.Kernel.Tests.SecurityTests.Email_validation(value: "a@@b.example", valid: False) [< 1 ms]
[dotnet]   Passed Erp.Kernel.Tests.SecurityTests.Email_validation(value: "a@b.example", valid: True) [< 1 ms]
[dotnet]   Passed Erp.Kernel.Tests.UnitOfWorkTests.Plain_results_report_their_own_status [< 1 ms]
[dotnet]   Passed Erp.Kernel.Tests.MoneyTests.Currency_codes_are_three_upper_case_letters(code: "AEDX") [6 ms]
[dotnet]   Passed Erp.Kernel.Tests.ProblemMappingTests.Database_errors_map_the_same_whether_EF_wraps_them_or_not(sqlState: "23505", status: 409, code: "duplicate") [45 ms]
[dotnet]   Passed Erp.Kernel.Tests.LocalizationTests.Plural_categories_follow_the_CLDR_rules(language: "en", number: 1, expected: "one") [39 ms]
[dotnet]   Passed Erp.Kernel.Tests.MoneyTests.Currency_codes_are_three_upper_case_letters(code: "aed") [< 1 ms]
[dotnet]   Passed Erp.Kernel.Tests.SecurityTests.Email_validation(value: "first.last+tag@sub.domain.ae", valid: True) [< 1 ms]
[dotnet]   Passed Erp.Kernel.Tests.MoneyTests.Currency_codes_are_three_upper_case_letters(code: "AE") [< 1 ms]
[dotnet]   Passed Erp.Kernel.Tests.SecurityTests.Email_validation(value: "no-at.example", valid: False) [< 1 ms]
[dotnet]   Passed Erp.Kernel.Tests.SecurityTests.Email_validation(value: "a@b", valid: False) [< 1 ms]
[dotnet]   Passed Erp.Kernel.Tests.SecurityTests.Permission_keys_are_module_resource_action(key: "identity.users", valid: False) [1 ms]
[dotnet]   Passed Erp.Kernel.Tests.SecurityTests.Permission_keys_are_module_resource_action(key: "identity.users.read", valid: True) [< 1 ms]
[dotnet]   Passed Erp.Kernel.Tests.SecurityTests.Permission_keys_are_module_resource_action(key: "identity..read", valid: False) [< 1 ms]
[dotnet]   Passed Erp.Kernel.Tests.SecurityTests.Permission_keys_are_module_resource_action(key: "identity.userRoles.assignAll", valid: True) [< 1 ms]
[dotnet]   Passed Erp.Kernel.Tests.SecurityTests.Permission_keys_are_module_resource_action(key: "Identity.users.read", valid: False) [< 1 ms]
[dotnet]   Passed Erp.Kernel.Tests.SecurityTests.Permission_keys_are_module_resource_action(key: "identity.users.read.extra", valid: False) [< 1 ms]
[dotnet]   Passed Erp.Kernel.Tests.LocalizationTests.Plural_categories_follow_the_CLDR_rules(language: "ar", number: 99, expected: "many") [< 1 ms]
[dotnet]   Passed Erp.Kernel.Tests.LocalizationTests.Plural_categories_follow_the_CLDR_rules(language: "ar", number: 10, expected: "few") [< 1 ms]
[dotnet]   Passed Erp.Kernel.Tests.LocalizationTests.Plural_categories_follow_the_CLDR_rules(language: "en", number: 0, expected: "other") [< 1 ms]
[dotnet]   Passed Erp.Kernel.Tests.LocalizationTests.Plural_categories_follow_the_CLDR_rules(language: "en", number: 2, expected: "other") [< 1 ms]
[dotnet]   Passed Erp.Kernel.Tests.LocalizationTests.Plural_categories_follow_the_CLDR_rules(language: "ar", number: 3, expected: "few") [< 1 ms]
[dotnet]   Passed Erp.Kernel.Tests.LocalizationTests.Plural_categories_follow_the_CLDR_rules(language: "ar", number: 100, expected: "other") [< 1 ms]
[dotnet]   Passed Erp.Kernel.Tests.LocalizationTests.Plural_categories_follow_the_CLDR_rules(language: "ar", number: 103, expected: "few") [< 1 ms]
[dotnet]   Passed Erp.Kernel.Tests.LocalizationTests.Plural_categories_follow_the_CLDR_rules(language: "ar", number: 11, expected: "many") [< 1 ms]
[dotnet]   Passed Erp.Kernel.Tests.LocalizationTests.Plural_categories_follow_the_CLDR_rules(language: "ar", number: 0, expected: "zero") [< 1 ms]
[dotnet]   Passed Erp.Kernel.Tests.LocalizationTests.Plural_categories_follow_the_CLDR_rules(language: "ar", number: 1, expected: "one") [< 1 ms]
[dotnet]   Passed Erp.Kernel.Tests.LocalizationTests.Plural_categories_follow_the_CLDR_rules(language: "ar", number: 2, expected: "two") [< 1 ms]
[dotnet]   Passed Erp.Kernel.Tests.LocalizationTests.Plural_categories_follow_the_CLDR_rules(language: "ar", number: 102, expected: "other") [< 1 ms]
[dotnet]   Passed Erp.Kernel.Tests.LocalizationTests.Plural_categories_follow_the_CLDR_rules(language: "ar", number: 1.5, expected: "other") [< 1 ms]
[dotnet]   Passed Erp.Kernel.Tests.ProblemMappingTests.Database_errors_map_the_same_whether_EF_wraps_them_or_not(sqlState: "23503", status: 404, code: "notFound") [< 1 ms]
[dotnet]   Passed Erp.Kernel.Tests.ProblemMappingTests.Database_errors_map_the_same_whether_EF_wraps_them_or_not(sqlState: "55P03", status: 409, code: "concurrency") [< 1 ms]
[dotnet]   Passed Erp.Kernel.Tests.ProblemMappingTests.Database_errors_map_the_same_whether_EF_wraps_them_or_not(sqlState: "40P01", status: 409, code: "concurrency") [< 1 ms]
[dotnet]   Passed Erp.Kernel.Tests.MoneyTests.Money_records_its_base_currency_and_only_adds_against_the_same_base [15 ms]
[dotnet]   Passed Erp.Kernel.Tests.ProblemMappingTests.Database_errors_map_the_same_whether_EF_wraps_them_or_not(sqlState: "42501", status: 404, code: "notFound") [< 1 ms]
[dotnet]   Passed Erp.Kernel.Tests.ProblemMappingTests.Database_errors_map_the_same_whether_EF_wraps_them_or_not(sqlState: "22012", status: 500, code: "internal") [< 1 ms]
[dotnet]   Passed Erp.Kernel.Tests.ProblemMappingTests.Database_errors_map_the_same_whether_EF_wraps_them_or_not(sqlState: "40001", status: 409, code: "concurrency") [< 1 ms]
[dotnet]   Passed Erp.Kernel.Tests.ProblemMappingTests.Anything_unknown_is_an_internal_error_and_a_concurrent_save_is_a_conflict [< 1 ms]
[dotnet]   Passed Erp.Kernel.Tests.LocalizationTests.Request_language_comes_from_accept_language_when_not_signed_in(header: "de", expected: "en") [15 ms]
[dotnet]   Passed Erp.Kernel.Tests.LocalizationTests.Request_language_comes_from_accept_language_when_not_signed_in(header: "", expected: "en") [4 ms]
[dotnet]   Passed Erp.Kernel.Tests.LocalizationTests.Request_language_comes_from_accept_language_when_not_signed_in(header: "ar-AE,ar;q=0.9,en;q=0.8", expected: "ar") [< 1 ms]
[dotnet]   Passed Erp.Kernel.Tests.LocalizationTests.Request_language_comes_from_accept_language_when_not_signed_in(header: "fr-FR,ar;q=0.5", expected: "ar") [< 1 ms]
[dotnet]   Passed Erp.Kernel.Tests.LocalizationTests.Request_language_comes_from_accept_language_when_not_signed_in(header: "en-GB,en;q=0.9", expected: "en") [< 1 ms]
[dotnet]   Passed Erp.Kernel.Tests.ModuleListTests.A_valid_list_has_no_problems [86 ms]
[dotnet]   Passed Erp.Kernel.Tests.ModuleListTests.A_list_must_belong_to_its_module_and_name_real_columns [20 ms]
[dotnet]   Passed Erp.Kernel.Tests.TenantBindingTests.A_principal_without_a_tenant_claim_may_bind_nothing [114 ms]
[dotnet]   Passed Erp.Kernel.Tests.TenantBindingTests.A_permissioned_request_may_bind_only_the_principals_tenant [2 ms]
[dotnet]   Passed Erp.Kernel.Tests.ListArabicSearchFieldsTests.A_word_matches_the_Arabic_search_fields_when_it_has_an_Arabic_letter(word: "omar", fields: ["name", "email"]) [140 ms]
[dotnet]   Passed Erp.Kernel.Tests.TenantBindingTests.Reads_and_read_only_operations_run_read_only(method: "HEAD", marked: False, readOnly: True) [10 ms]
[dotnet]   Passed Erp.Kernel.Tests.ListArabicSearchFieldsTests.A_word_matches_the_Arabic_search_fields_when_it_has_an_Arabic_letter(word: "فاطمه", fields: ["name", "nameAr"]) [< 1 ms]
[dotnet]   Passed Erp.Kernel.Tests.ListArabicSearchFieldsTests.A_word_matches_the_Arabic_search_fields_when_it_has_an_Arabic_letter(word: "١٢٣", fields: ["name", "email"]) [< 1 ms]
[dotnet]   Passed Erp.Kernel.Tests.ListArabicSearchFieldsTests.A_word_matches_the_Arabic_search_fields_when_it_has_an_Arabic_letter(word: "x@مثال", fields: ["name", "nameAr"]) [< 1 ms]
[dotnet]   Passed Erp.Kernel.Tests.ListArabicSearchFieldsTests.A_word_matches_the_Arabic_search_fields_when_it_has_an_Arabic_letter(word: "o'neil-2", fields: ["name", "email"]) [< 1 ms]
[dotnet]   Passed Erp.Kernel.Tests.ListArabicSearchFieldsTests.A_word_matches_the_Arabic_search_fields_when_it_has_an_Arabic_letter(word: "ﻓﺎﻃﻤﺔ", fields: ["name", "nameAr"]) [< 1 ms]
[dotnet]   Passed Erp.Kernel.Tests.ListArabicSearchFieldsTests.A_word_has_an_Arabic_letter_when_it_contains_one(word: "x@مثال", arabic: True) [< 1 ms]
[dotnet]   Passed Erp.Kernel.Tests.LocalizationTests.Messages_fill_named_placeholders_and_exact_plural_branches [73 ms]
[dotnet]   Passed Erp.Kernel.Tests.SecurityTests.Forwarded_headers_are_trusted_only_from_configured_proxies [104 ms]
[dotnet]   Passed Erp.Kernel.Tests.TenantBindingTests.Reads_and_read_only_operations_run_read_only(method: "GET", marked: False, readOnly: True) [22 ms]
[dotnet]   Passed Erp.Kernel.Tests.TenantBindingTests.Reads_and_read_only_operations_run_read_only(method: "POST", marked: True, readOnly: True) [< 1 ms]
[dotnet]   Passed Erp.Kernel.Tests.TenantBindingTests.Reads_and_read_only_operations_run_read_only(method: "POST", marked: False, readOnly: False) [< 1 ms]
[dotnet]   Passed Erp.Kernel.Tests.TenantBindingTests.Reads_and_read_only_operations_run_read_only(method: "DELETE", marked: False, readOnly: False) [< 1 ms]
[dotnet]   Passed Erp.Kernel.Tests.TenantBindingTests.Reads_and_read_only_operations_run_read_only(method: "PUT", marked: False, readOnly: False) [< 1 ms]
[dotnet]   Passed Erp.Kernel.Tests.TenantBindingTests.Requests_without_a_principal_or_a_permission_bind_what_they_resolved [< 1 ms]
[dotnet]   Passed Erp.Kernel.Tests.ListArabicSearchFieldsTests.A_word_has_an_Arabic_letter_when_it_contains_one(word: "o'neil-2", arabic: False) [27 ms]
[dotnet]   Passed Erp.Kernel.Tests.ListArabicSearchFieldsTests.A_word_has_an_Arabic_letter_when_it_contains_one(word: "omar", arabic: False) [< 1 ms]
[dotnet]   Passed Erp.Kernel.Tests.ListArabicSearchFieldsTests.A_word_has_an_Arabic_letter_when_it_contains_one(word: "١٢٣", arabic: False) [< 1 ms]
[dotnet]   Passed Erp.Kernel.Tests.ListArabicSearchFieldsTests.A_word_has_an_Arabic_letter_when_it_contains_one(word: "ﻓﺎﻃﻤﺔ", arabic: True) [< 1 ms]
[dotnet]   Passed Erp.Kernel.Tests.ListArabicSearchFieldsTests.A_word_has_an_Arabic_letter_when_it_contains_one(word: "فاطمه", arabic: True) [< 1 ms]
[dotnet]   Passed Erp.Kernel.Tests.LocalizationTests.A_key_without_a_translation_stops_the_catalog_from_loading [51 ms]
[dotnet]   Passed Erp.Kernel.Tests.LocalizationTests.Kernel_strings_exist_in_both_languages_and_format_arguments [13 ms]
[dotnet]   Passed Erp.Kernel.Tests.SecurityTests.Weaker_hashes_still_verify_and_ask_to_be_upgraded [81 ms]
[dotnet]   Passed Erp.Kernel.Tests.MoneyTests.Money_travels_as_decimal_strings_in_json [177 ms]
[dotnet]   Passed Erp.Kernel.Tests.MoneyTests.Only_same_currency_and_rate_can_be_added [< 1 ms]
[dotnet]   Passed Erp.Kernel.Tests.MoneyTests.Amount_must_fit_the_currency_minor_units [10 ms]
[dotnet]   Passed Erp.Kernel.Tests.MoneyTests.Base_currency_amounts_use_rate_one_and_rates_are_positive [< 1 ms]
[dotnet]   Passed Erp.Kernel.Tests.MoneyTests.Base_amount_is_rounded_half_away_from_zero_to_the_base_currency [< 1 ms]
[dotnet]   Passed Erp.Kernel.Tests.ListEngineTests.A_cursor_belongs_to_one_sort [321 ms]
[dotnet]   Passed Erp.Kernel.Tests.ServedListTests.A_served_list_whose_serving_list_is_missing_stays_without_a_binding [335 ms]
[dotnet]   Passed Erp.Kernel.Tests.ServedListTests.A_served_list_must_name_another_list [14 ms]
[dotnet]   Passed Erp.Kernel.Tests.ListEngineTests.Bad_filters_name_the_problem(text: "seen eq '2026-09-01 08:00'", code: "list.valueDateTime") [71 ms]
[dotnet]   Passed Erp.Kernel.Tests.ListEngineTests.Bad_filters_name_the_problem(text: "day eq '2026-13-01'", code: "list.valueDate") [< 1 ms]
[dotnet]   Passed Erp.Kernel.Tests.ListEngineTests.Bad_filters_name_the_problem(text: "name gt null", code: "list.filterSyntax") [< 1 ms]
[dotnet]   Passed Erp.Kernel.Tests.ListEngineTests.Bad_filters_name_the_problem(text: "name eq 'x' and", code: "list.filterSyntax") [< 1 ms]
[dotnet]   Passed Erp.Kernel.Tests.ListEngineTests.Bad_filters_name_the_problem(text: "active eq 1", code: "list.valueBoolean") [< 1 ms]
[dotnet]   Passed Erp.Kernel.Tests.ListEngineTests.Bad_filters_name_the_problem(text: "name in ()", code: "list.filterSyntax") [< 1 ms]
[dotnet]   Passed Erp.Kernel.Tests.ListEngineTests.Bad_filters_name_the_problem(text: "((name eq 'x')", code: "list.filterSyntax") [< 1 ms]
[dotnet]   Passed Erp.Kernel.Tests.ListEngineTests.Bad_filters_name_the_problem(text: "name in ('a', null)", code: "list.filterSyntax") [< 1 ms]
[dotnet]   Passed Erp.Kernel.Tests.ListEngineTests.Bad_filters_name_the_problem(text: "nosuch eq 1", code: "list.unknownColumn") [< 1 ms]
[dotnet]   Passed Erp.Kernel.Tests.ListEngineTests.Bad_filters_name_the_problem(text: "kind eq 'other'", code: "list.valueChoice") [< 1 ms]
[dotnet]   Passed Erp.Kernel.Tests.ListEngineTests.Bad_filters_name_the_problem(text: "name gt 'a'", code: "list.operatorNotAllowed") [< 1 ms]
[dotnet]   Passed Erp.Kernel.Tests.ListEngineTests.Bad_filters_name_the_problem(text: "1.2.3 eq 1", code: "list.filterSyntax") [< 1 ms]
[dotnet]   Passed Erp.Kernel.Tests.ListEngineTests.Bad_filters_name_the_problem(text: "name eq", code: "list.filterSyntax") [< 1 ms]
[dotnet]   Passed Erp.Kernel.Tests.ListEngineTests.Bad_filters_name_the_problem(text: "name = 'x'", code: "list.filterSyntax") [< 1 ms]
[dotnet]   Passed Erp.Kernel.Tests.ListEngineTests.Bad_filters_name_the_problem(text: "quantity eq 'many'", code: "list.valueNumber") [< 1 ms]
[dotnet]   Passed Erp.Kernel.Tests.ListEngineTests.Bad_filters_name_the_problem(text: "active contains 'a'", code: "list.operatorNotAllowed") [< 1 ms]
[dotnet]   Passed Erp.Kernel.Tests.ServedListTests.The_serving_list_lends_its_binding_whatever_the_registration_order(servingFirst: True) [55 ms]
[dotnet]   Passed Erp.Kernel.Tests.ListArabicSearchFieldsTests.Arabic_words_search_only_the_Arabic_search_fields_and_Latin_words_only_the_search_fields [247 ms]
[dotnet]   Passed Erp.Kernel.Tests.ServedListTests.The_serving_list_lends_its_binding_whatever_the_registration_order(servingFirst: False) [20 ms]
[dotnet]   Passed Erp.Modules.Reports.Tests.RenderingTests.Mixed_text_is_ordered_as_a_reader_expects(text: "شركة Al Noor Trading للتجارة", rightToLeft: True, expected: "للتجارة|Al Noor Trading|شركة") [26 ms]
[dotnet]   Passed Erp.Kernel.Tests.ServedListTests.A_served_list_that_needs_a_column_the_serving_list_does_not_bind_is_refused [11 ms]
[dotnet]   Passed Erp.Kernel.Tests.ListEngineTests.Arabic_search_matches_the_spellings_people_type_for_one_another [228 ms]
[dotnet]   Passed Erp.Kernel.Tests.ListEngineTests.Bad_requests_become_400_problems_naming_the_parameter(parameter: "groupBy", value: "name", code: "list.notGroupable") [2 ms]
[dotnet]   Passed Erp.Kernel.Tests.ListEngineTests.Bad_requests_become_400_problems_naming_the_parameter(parameter: "sort", value: "kind", code: "list.notSortable") [1 ms]
[dotnet]   Passed Erp.Kernel.Tests.ListEngineTests.Bad_requests_become_400_problems_naming_the_parameter(parameter: "sort", value: "-", code: "list.sortSyntax") [23 ms]
[dotnet]   Passed Erp.Kernel.Tests.ListEngineTests.Bad_requests_become_400_problems_naming_the_parameter(parameter: "search", value: "a b c d e f g h i", code: "list.searchTooManyWords") [4 ms]
[dotnet]   Passed Erp.Kernel.Tests.ListEngineTests.Bad_requests_become_400_problems_naming_the_parameter(parameter: "sort", value: "a,b,c,d,e", code: "list.sortTooMany") [4 ms]
[dotnet]   Passed Erp.Kernel.Tests.ListEngineTests.Bad_requests_become_400_problems_naming_the_parameter(parameter: "after", value: "eyJzIjoibmFtZSJ9", code: "list.invalidCursor") [1 ms]
[dotnet]   Passed Erp.Kernel.Tests.ListEngineTests.A_search_without_a_sort_puts_the_best_match_first [32 ms]
[dotnet]   Passed Erp.Modules.Reports.Tests.RenderingTests.Mixed_text_is_ordered_as_a_reader_expects(text: "فاتورة 2026-10 رقم 15", rightToLeft: True, expected: "15|رقم|10|-|2026|فاتورة") [5 ms]
[dotnet]   Passed Erp.Modules.Reports.Tests.RenderingTests.Mixed_text_is_ordered_as_a_reader_expects(text: "هاتف +971 4 123-4567 فرع", rightToLeft: True, expected: "فرع|+971 4 123-4567|هاتف") [< 1 ms]
[dotnet]   Passed Erp.Modules.Reports.Tests.RenderingTests.Mixed_text_is_ordered_as_a_reader_expects(text: "Branch: الفرع الرئيسي today", rightToLeft: False, expected: "Branch:|الفرع الرئيسي|today") [3 ms]
[dotnet]   Passed Erp.Modules.Reports.Tests.RenderingTests.Mixed_text_is_ordered_as_a_reader_expects(text: "+971 2 555 7810", rightToLeft: True, expected: "+971 2 555 7810") [< 1 ms]
[dotnet]   Passed Erp.Modules.Reports.Tests.RenderingTests.Mixed_text_is_ordered_as_a_reader_expects(text: "04 555 7810", rightToLeft: True, expected: "04 555 7810") [< 1 ms]
[dotnet]   Passed Erp.Modules.Reports.Tests.RenderingTests.Mixed_text_is_ordered_as_a_reader_expects(text: "05/10/2026 14:30", rightToLeft: True, expected: "14:30|05/10/2026") [1 ms]
[dotnet]   Passed Erp.Modules.Reports.Tests.RenderingTests.A_telephone_number_prints_left_to_right_in_an_arabic_pdf [774 ms]
[dotnet]   Passed Erp.Modules.Reports.Tests.RenderingTests.Arabic_text_is_shaped_into_joining_forms_with_lam_alef [10 ms]
[dotnet]   Passed Erp.Modules.Reports.Tests.RenderingTests.Xlsx_ends_with_the_grand_total_as_a_filter_aware_formula_below_the_filtered_rows [24 ms]
[dotnet]   Passed Erp.Modules.Reports.Tests.RenderingTests.Arabic_letters_that_share_a_glyph_extract_as_the_letters_printed [62 ms]
[dotnet]   Passed Erp.Modules.Reports.Tests.RenderingTests.Each_script_is_drawn_with_a_font_that_has_it [3 ms]
[dotnet]   Passed Erp.Modules.Reports.Tests.RenderingTests.The_first_strong_character_decides_a_values_direction [< 1 ms]
[dotnet]   Passed Erp.Modules.Reports.Tests.RenderingTests.Xlsx_has_a_right_to_left_sheet_with_numbers_as_numbers [< 1 ms]
[dotnet]   Passed Erp.Modules.Reports.Tests.RenderingTests.Csv_carries_the_rows_only_so_another_program_reads_every_line_as_data [1 ms]
[dotnet]   Passed Erp.Modules.Reports.Tests.RenderingTests.Xlsx_writes_totals_in_more_than_one_currency_as_text_and_adds_no_total_to_a_report_without_one [47 ms]
[dotnet]   Passed Erp.Kernel.Tests.ListEngineTests.Keyset_pages_return_every_row_once_in_the_order_of_one_page(sort: "-seen") [104 ms]
[dotnet]   Passed Erp.Kernel.Tests.ListEngineTests.Keyset_pages_return_every_row_once_in_the_order_of_one_page(sort: "name") [121 ms]
[dotnet]   Passed Erp.Kernel.Tests.ListEngineTests.Keyset_pages_return_every_row_once_in_the_order_of_one_page(sort: "code") [292 ms]
[dotnet]   Passed Erp.Kernel.Tests.SecurityTests.A_proof_from_the_challenge_equals_the_stored_hash_only_for_the_right_password [1 s]
[dotnet]   Passed Erp.Kernel.Tests.SecurityTests.Session_tokens_are_256_bit_base64url_and_stored_as_sha256 [< 1 ms]
[dotnet]   Passed Erp.Kernel.Tests.ListEngineTests.Keyset_pages_return_every_row_once_in_the_order_of_one_page(sort: "-quantity,code") [93 ms]
[dotnet]   Passed Erp.Kernel.Tests.ListEngineTests.Keyset_pages_return_every_row_once_in_the_order_of_one_page(sort: "seen") [92 ms]
[dotnet]   Passed Erp.Kernel.Tests.ListEngineTests.Keyset_pages_return_every_row_once_in_the_order_of_one_page(sort: "-name") [87 ms]
[dotnet]   Passed Erp.Kernel.Tests.ListEngineTests.Keyset_pages_return_every_row_once_in_the_order_of_one_page(sort: "-code") [98 ms]
[dotnet]   Passed Erp.Kernel.Tests.ListEngineTests.Keyset_pages_return_every_row_once_in_the_order_of_one_page(sort: "active,-quantity") [116 ms]
[dotnet]   Passed Erp.Kernel.Tests.ListEngineTests.Registration_refuses_definitions_and_bindings_that_cannot_keep_their_promises [20 ms]
[dotnet]   Passed Erp.Kernel.Tests.ListEngineTests.Filters_parse_and_format_back_to_an_equivalent_text(text: "name eq 'x'") [1 ms]
[dotnet]   Passed Erp.Kernel.Tests.ListEngineTests.Filters_parse_and_format_back_to_an_equivalent_text(text: "kind in ('raw', 'finished') and seen ge '2026-09-0"···) [< 1 ms]
[dotnet]   Passed Erp.Kernel.Tests.ListEngineTests.Filters_parse_and_format_back_to_an_equivalent_text(text: "(name eq 'it''s' or code is null) and not quantity"···) [< 1 ms]
[dotnet]   Passed Erp.Kernel.Tests.ListEngineTests.Filters_parse_and_format_back_to_an_equivalent_text(text: "amount lt -1.5 and active ne false and code starts"···) [< 1 ms]
[dotnet]   Passed Erp.Kernel.Tests.SecurityTests.Password_hashes_verify_only_the_right_password_and_use_unique_salts [573 ms]
[dotnet]   Passed Erp.Kernel.Tests.ListArabicSearchFieldsTests.A_Latin_search_queries_the_same_fields_as_before_and_an_Arabic_one_adds_the_Arabic_field [1 s]
[dotnet]   Passed Erp.Modules.Reports.Tests.RenderingTests.A_wide_table_turns_the_page_to_landscape [44 ms]
[dotnet]   Passed Erp.Modules.Reports.Tests.RenderingTests.A_long_report_breaks_into_pages_with_the_header_on_each_and_page_numbers [121 ms]
[dotnet]   Passed Erp.Modules.Reports.Tests.RenderingTests.Long_text_wraps_at_spaces_within_the_width [1 ms]
[dotnet]   Passed Erp.Modules.Reports.Tests.RenderingTests.A_pdf_starts_with_a_well_formed_header [2 ms]
[dotnet]   Passed Erp.Modules.Reports.Tests.RenderingTests.Csv_starts_with_a_byte_order_mark_keeps_raw_values_and_defuses_formulas [< 1 ms]
[dotnet]   Passed Erp.Modules.Reports.Tests.RenderingTests.An_arabic_pdf_is_readable_right_to_left_with_its_fonts_embedded [128 ms]
[dotnet]   Passed Erp.Modules.Reports.Tests.RenderingTests.Numbers_amounts_and_dates_follow_the_language_and_digits [8 ms]
[dotnet]   Passed Erp.Kernel.Tests.ListArabicSearchFieldsTests.Arabic_search_fields_are_text_columns_and_are_bound [5 ms]
[dotnet]   Passed Erp.Kernel.Tests.ListArabicSearchFieldsTests.Latin_words_never_search_the_Arabic_field [20 ms]
[dotnet]   Passed Erp.Kernel.Tests.ListEngineTests.Keyset_pages_of_a_search_in_relevance_order_return_every_row_once(search: "item") [340 ms]
[dotnet]   Passed Erp.Kernel.Tests.ListArabicSearchFieldsTests.Arabic_words_find_people_by_their_Arabic_name_in_the_spellings_people_type [210 ms]
[dotnet]   Passed Erp.Kernel.Tests.ListEngineTests.Keyset_pages_of_a_search_in_relevance_order_return_every_row_once(search: "3") [115 ms]
[dotnet]   Passed Erp.Kernel.Tests.ListEngineTests.Keyset_pages_of_a_search_in_relevance_order_return_every_row_once(search: "item 3") [125 ms]
[dotnet]   Passed Erp.Kernel.Tests.ListEngineTests.Keyset_pages_of_a_search_in_relevance_order_return_every_row_once(search: "c-0") [222 ms]
[dotnet]   Passed Erp.Kernel.Tests.ListEngineTests.A_search_too_broad_to_rank_keeps_the_default_order_on_every_page [327 ms]
[dotnet]   Passed Erp.Kernel.Tests.ListEngineTests.Search_filters_and_groups_select_the_right_rows [77 ms]
[dotnet]   Passed Erp.Kernel.Tests.ListEngineTests.A_search_word_expands_to_a_bounded_set_of_spellings [3 ms]
[dotnet]   Passed Erp.Kernel.Tests.ListEngineTests.Filters_are_bounded_in_length_and_complexity [1 ms]
[dotnet]   Passed Erp.Kernel.Tests.KernelDataTests.Bulk_insert_requires_a_bound_tenant [2 ms]
[dotnet]   Passed Erp.Kernel.Tests.KernelDataTests.Migrations_and_seeding_are_idempotent [165 ms]
[dotnet]   Passed Erp.Kernel.Tests.KernelDataTests.A_unit_of_work_cannot_switch_tenants [25 ms]
[dotnet]   Passed Erp.Kernel.Tests.KernelDataTests.Bulk_insert_cannot_smuggle_rows_into_another_tenant [13 ms]
[dotnet]   Passed Erp.Kernel.Tests.KernelDataTests.Using_a_module_context_before_binding_a_tenant_fails_loudly [13 ms]
[dotnet]   Passed Erp.Kernel.Tests.KernelDataTests.EF_refuses_to_write_a_row_for_another_tenant [31 ms]
[dotnet]   Passed Erp.Kernel.Tests.KernelDataTests.The_query_filter_is_a_second_layer_on_every_tenant_entity [16 ms]
[dotnet]   Passed Erp.Modules.Identity.Tests.SharedDatasetSeedTests.Demo_seed_loads_the_shared_dataset_users_into_the_main_tenant [13 s]
[dotnet]   Passed Erp.Modules.Identity.Tests.SharedDatasetSeedTests.The_dataset_says_which_users_are_active_and_a_file_without_the_column_loads_all_active [13 ms]
[dotnet]   Passed Erp.Modules.Identity.Tests.UserLifecycleTests.The_permission_catalogue_carries_what_the_matrix_needs [675 ms]
[dotnet]   Passed Erp.Modules.Lists.Tests.SavedViewsTests.Every_change_to_a_view_is_audited_with_its_author [994 ms]
[dotnet]   Passed Erp.Modules.Tenancy.Tests.CompanyScopeTests.A_bound_scope_shows_only_its_companies_cannot_be_widened_and_refuses_writes_elsewhere [164 ms]
[dotnet]   Passed Erp.Modules.Tenancy.Tests.CompanyScopeTests.System_work_sees_every_company_and_a_user_sees_none_until_bound [34 ms]
[dotnet]   Passed Erp.Modules.Identity.Tests.AuthTests.The_session_cookie_is_secure_over_https_and_not_on_plain_http [701 ms]
[dotnet]   Passed Erp.Modules.Identity.Tests.AuthTests.The_session_probe_always_answers_200_even_with_a_stale_or_malformed_session_cookie [16 ms]
[dotnet]   Passed Erp.Modules.Identity.Tests.UserLifecycleTests.An_administrator_resets_a_password_and_the_user_is_signed_out_everywhere [1 s]
[dotnet]   Passed Erp.Modules.Reports.Tests.ReportApiTests.Another_tenants_company_or_no_company_is_not_found_and_bad_parameters_are_explained [1 s]
[dotnet]   Passed Erp.Modules.Lists.Tests.SavedViewsTests.Personal_views_are_private_to_their_owner [641 ms]
[dotnet]   Passed Erp.Modules.Lists.Tests.SavedViewsTests.Every_field_is_validated_against_the_list_in_the_users_language [217 ms]
[dotnet]   Passed Erp.Modules.Lists.Tests.SavedViewsTests.Shared_views_reach_every_reader_and_only_sharers_change_them [465 ms]
[dotnet]   Passed Erp.Modules.Lists.Tests.SavedViewsTests.The_definition_describes_columns_operators_choices_presets_and_sharing [395 ms]
[dotnet]   Passed Erp.Modules.Identity.Tests.UserLifecycleTests.Copying_a_role_keeps_its_permissions_under_a_new_name [464 ms]
[dotnet]   Passed Erp.Modules.Identity.Tests.UserCorrectionsTests.A_role_granting_more_than_the_caller_holds_is_neither_renamed_copied_nor_deleted_by_them [1 s]
[dotnet]   Passed Erp.Modules.Identity.Tests.AuthTests.The_pause_ends_by_itself_when_the_failures_leave_the_window [1 s]
[dotnet]   Passed Erp.Modules.Identity.Tests.UserCorrectionsTests.A_user_has_a_name_in_Arabic_that_the_list_filters [537 ms]
[dotnet]   Passed Erp.Modules.Identity.Tests.UserLifecycleTests.The_access_view_says_what_a_user_can_do_and_which_role_grants_it [873 ms]
[dotnet]   Passed Erp.Modules.Identity.Tests.UsersListTests.Bad_queries_are_refused_naming_the_parameter(parameter: "filter", value: "isActive eq 'yes'", code: "list.valueBoolean") [765 ms]
[dotnet]   Passed Erp.Modules.Tenancy.Tests.TenantTests.Reading_and_renaming_need_their_permissions [1 s]
[dotnet]   Passed Erp.Modules.Reports.Tests.ReportApiTests.Exports_carry_the_rows_as_csv_and_as_a_workbook [422 ms]
[dotnet]   Passed Erp.Modules.Reports.Tests.ReportApiTests.A_printed_users_list_names_the_roles_for_a_reader_of_roles_and_exports_moments_as_the_wall_clock [963 ms]
[dotnet] [xUnit.net 00:00:19.55]   Finished:    Erp.Modules.Lists.Tests (ID = '3ab372e8c1b058abe35539ecb2b78dba197b5a9f0242af81daadb3c7868d679e')
[dotnet]   Passed Erp.Modules.Lists.Tests.SavedViewsTests.One_default_per_owner_and_names_unique_per_owner [765 ms]
[dotnet] Results File: /out/trx/suite_net10.0_20261007182018.trx
[dotnet] 
[dotnet] Test Run Successful.
[dotnet] Total tests: 6
[dotnet]      Passed: 6
[dotnet]  Total time: 20.2304 Seconds
[dotnet]   Passed Erp.Gates.Tests.G2.G2PermissionTests.Every_declared_permission_is_in_the_catalogue_and_every_catalogue_permission_is_used [17 ms]
[dotnet]   Passed Erp.Gates.Tests.G2.G2PermissionTests.Every_endpoint_declares_exactly_one_permission_or_is_reviewed_anonymous [4 ms]
[dotnet]   Passed Erp.Modules.Identity.Tests.UsersListTests.Bad_queries_are_refused_naming_the_parameter(parameter: "filter", value: "language eq 'ar", code: "list.filterSyntax") [360 ms]
[dotnet]   Passed Erp.Modules.Identity.Tests.UsersListTests.Bad_queries_are_refused_naming_the_parameter(parameter: "filter", value: "language eq", code: "list.filterSyntax") [239 ms]
[dotnet]   Passed Erp.Modules.Identity.Tests.UsersListTests.Bad_queries_are_refused_naming_the_parameter(parameter: "filter", value: "(language eq 'ar'", code: "list.filterSyntax") [346 ms]
[dotnet]   Passed Erp.Modules.Identity.Tests.UserCorrectionsTests.The_sign_in_address_of_another_user_is_corrected_and_stays_unique_in_the_workspace [1 s]
[dotnet]   Passed Erp.Modules.Identity.Tests.UsersListTests.Bad_queries_are_refused_naming_the_parameter(parameter: "after", value: "not-a-cursor", code: "list.invalidCursor") [188 ms]
[dotnet]   Passed Erp.Modules.Identity.Tests.UserLifecycleTests.Signed_in_users_change_their_password_by_proving_the_current_one_and_other_sessions_end [1 s]
[dotnet]   Passed Erp.Modules.Tenancy.Tests.TenantTests.Each_user_reads_their_own_workspace [650 ms]
[dotnet]   Passed Erp.Modules.Tenancy.Tests.TenantTests.Renaming_needs_both_names_and_the_version_and_refuses_a_stale_version [601 ms]
[dotnet]   Passed Erp.Gates.Tests.G2.G2PermissionTests.A_user_whose_roles_grant_nothing_is_denied_everything_and_sees_no_menu [2 s]
[dotnet]   Passed Erp.Modules.Identity.Tests.UsersListTests.Bad_queries_are_refused_naming_the_parameter(parameter: "filter", value: "displayName eq 5", code: "list.valueText") [184 ms]
[dotnet]   Passed Erp.Modules.Identity.Tests.UsersListTests.Bad_queries_are_refused_naming_the_parameter(parameter: "filter", value: "createdAt ge 'yesterday'", code: "list.valueDateTime") [243 ms]
[dotnet]   Passed Erp.Modules.Identity.Tests.UsersListTests.Bad_queries_are_refused_naming_the_parameter(parameter: "filter", value: "isActive gt true", code: "list.operatorNotAllowed") [206 ms]
[dotnet]   Passed Erp.Modules.Identity.Tests.AuthTests.Five_failures_pause_that_client_without_saying_so_until_an_administrator_unblocks [2 s]
[dotnet]   Passed Erp.Modules.Identity.Tests.UsersListTests.Bad_queries_are_refused_naming_the_parameter(parameter: "filter", value: "language eq 'ar' and", code: "list.filterSyntax") [191 ms]
[dotnet]   Passed Erp.Modules.Identity.Tests.AuthTests.A_suspended_workspace_cannot_be_signed_in_to [460 ms]
[dotnet]   Passed Erp.Modules.Identity.Tests.UsersListTests.Bad_queries_are_refused_naming_the_parameter(parameter: "groupBy", value: "nosuch", code: "list.unknownColumn") [526 ms]
[dotnet]   Passed Erp.Modules.Identity.Tests.UserLifecycleTests.An_invited_user_signs_in_once_with_the_set_up_code_and_chooses_a_password [1 s]
[dotnet]   Passed Erp.Modules.Tenancy.Tests.GrantRulesTests.Only_someone_who_works_in_every_company_creates_a_company_or_changes_a_company_code [2 s]
[dotnet]   Passed Erp.Modules.Reports.Tests.ReportApiTests.Another_areas_columns_and_parameters_are_left_out_for_a_caller_who_cannot_read_that_area [3 s]
[dotnet]   Passed Erp.Modules.Identity.Tests.UsersListTests.Bad_queries_are_refused_naming_the_parameter(parameter: "filter", value: "language = 'ar'", code: "list.filterSyntax") [334 ms]
[dotnet]   Passed Erp.Modules.Identity.Tests.UserCorrectionsTests.A_user_who_never_signed_in_is_deleted_and_anyone_who_signed_in_stays [1 s]
[dotnet]   Passed Erp.Modules.Identity.Tests.RateLimitTests.Sign_in_attempts_beyond_the_limit_get_429_with_a_localized_problem [2 s]
[dotnet]   Passed Erp.Modules.Identity.Tests.UsersListTests.Bad_queries_are_refused_naming_the_parameter(parameter: "groupBy", value: "displayName", code: "list.notGroupable") [545 ms]
[dotnet]   Passed Erp.Modules.Identity.Tests.UserLifecycleTests.An_expired_set_up_code_fails_like_a_wrong_password [780 ms]
[dotnet]   Passed Erp.Modules.Identity.Tests.UsersListTests.Bad_queries_are_refused_naming_the_parameter(parameter: "filter", value: "language eq 'fr'", code: "list.valueChoice") [288 ms]
[dotnet]   Passed Erp.Modules.Identity.Tests.UsersListTests.Bad_queries_are_refused_naming_the_parameter(parameter: "sort", value: "display name", code: "list.sortSyntax") [214 ms]
[dotnet]   Passed Erp.Modules.Identity.Tests.UsersListTests.Bad_queries_are_refused_naming_the_parameter(parameter: "filter", value: "language gt 'ar'", code: "list.operatorNotAllowed") [194 ms]
[dotnet]   Passed Erp.Modules.Tenancy.Tests.GrantRulesTests.The_access_version_tells_nothing_about_companies_the_caller_cannot_see [1 s]
[dotnet]   Passed Erp.Modules.Tenancy.Tests.AccessTests.Administrators_give_only_their_own_companies_and_never_change_their_own_access [3 s]
[dotnet]   Passed Erp.Modules.Tenancy.Tests.CompanyTests.A_company_with_no_arabic_legal_name_is_headed_by_its_english_name_in_an_arabic_profile [1 s]
[dotnet]   Passed Erp.Modules.Tenancy.Tests.CompanyTests.Changes_need_the_version_read_and_a_company_can_be_deactivated_and_reactivated [485 ms]
[dotnet]   Passed Erp.Modules.Reports.Tests.ReportApiTests.A_role_without_the_data_permission_cannot_run_the_report_and_does_not_see_it [742 ms]
[dotnet]   Passed Erp.Modules.Reports.Tests.ReportApiTests.A_list_prints_with_its_own_query_columns_and_totals [506 ms]
[dotnet]   Passed Erp.Modules.Identity.Tests.UsersListTests.Bad_queries_are_refused_naming_the_parameter(parameter: "sort", value: "nosuch", code: "list.unknownColumn") [251 ms]
[dotnet]   Passed Erp.Modules.Identity.Tests.UsersListTests.Bad_queries_are_refused_naming_the_parameter(parameter: "sort", value: "language", code: "list.notSortable") [223 ms]
[dotnet]   Passed Erp.Modules.Identity.Tests.AuthTests.The_same_email_in_two_workspaces_asks_which_one_only_when_both_passwords_match [2 s]
[dotnet]   Passed Erp.Modules.Identity.Tests.UsersListTests.Bad_queries_are_refused_naming_the_parameter(parameter: "filter", value: "nosuch eq 'x'", code: "list.unknownColumn") [323 ms]
[dotnet]   Passed Erp.Modules.Identity.Tests.UsersListTests.Bad_queries_are_refused_naming_the_parameter(parameter: "sort", value: "displayName,displayName", code: "list.sortSyntax") [178 ms]
[dotnet]   Passed Erp.Modules.Identity.Tests.AuthTests.Cookie_requests_that_change_data_need_the_request_header [639 ms]
[dotnet]   Passed Erp.Modules.Tenancy.Tests.GrantRulesTests.A_user_holding_only_the_access_permission_cannot_take_access_from_the_administrator [1 s]
[dotnet]   Passed Erp.Modules.Tenancy.Tests.AccessTests.A_new_user_works_in_no_company_until_given_access_and_then_only_in_the_companies_given [1 s]
[dotnet]   Passed Erp.Modules.Tenancy.Tests.CompanyTests.Branches_belong_to_one_company_and_codes_are_unique_within_it [984 ms]
[dotnet]   Passed Erp.Modules.Tenancy.Tests.AccessTests.The_access_list_pages_users_with_their_companies [611 ms]
[dotnet]   Passed Erp.Modules.Reports.Tests.ReportApiTests.The_branch_directory_groups_by_company_with_counts_and_by_any_groupable_column [303 ms]
[dotnet]   Passed Erp.Modules.Reports.Tests.ReportApiTests.The_roles_report_totals_users_and_permissions_per_kind_and_overall [453 ms]
[dotnet]   Passed Erp.Modules.Reports.Tests.ReportApiTests.A_company_profile_prints_in_arabic_from_an_english_session [560 ms]
[dotnet]   Passed Erp.Modules.Identity.Tests.AuthTests.Expired_sessions_and_malformed_tokens_are_refused [231 ms]
[dotnet]   Passed Erp.Modules.Identity.Tests.UsersListTests.A_search_in_relevance_order_pages_every_row_once_in_the_order_of_one_page(search: "a") [815 ms]
[dotnet]   Passed Erp.Modules.Identity.Tests.AuthTests.Signing_in_returns_the_session_and_sets_a_strict_http_only_cookie [322 ms]
[dotnet]   Passed Erp.Modules.Identity.Tests.ModulePermissionsTests.A_role_that_may_only_view_and_create_contacts_works_end_to_end [3 s]
[dotnet]   Passed Erp.Modules.Tenancy.Tests.CompanyTests.The_same_logo_in_two_companies_has_a_different_tag_in_each [644 ms]
[dotnet]   Passed Erp.Modules.Tenancy.Tests.CompanyTests.Logos_must_be_real_images_of_the_stated_type_and_are_served_back [483 ms]
[dotnet]   Passed Erp.Modules.Tenancy.Tests.CompanyTests.The_companies_list_never_reads_logo_bytes_and_still_searches_filters_sorts_and_groups [658 ms]
[dotnet]   Passed Erp.Modules.Tenancy.Tests.GrantRulesTests.A_new_company_is_given_to_every_administrator_of_the_whole_workspace_and_to_nobody_holding_less [2 s]
[dotnet]   Passed Erp.Modules.Reports.Tests.ReportApiTests.The_catalogue_lists_reports_and_lists_in_the_callers_language [725 ms]
[dotnet]   Passed Erp.Modules.Identity.Tests.UsersAndRolesTests.User_search_finds_by_name_or_email_and_escapes_wildcards [2 s]
[dotnet]   Passed Erp.Modules.Identity.Tests.AuthTests.Deactivating_a_user_ends_their_sessions [1 s]
[dotnet]   Passed Erp.Modules.Identity.Tests.UsersListTests.A_search_in_relevance_order_pages_every_row_once_in_the_order_of_one_page(search: "al m") [1 s]
[dotnet]   Passed Erp.Modules.Identity.Tests.AuthTests.Wrong_password_and_unknown_email_get_the_same_answer [753 ms]
[dotnet]   Passed Erp.Modules.Identity.Tests.UsersAndRolesTests.The_administrator_role_cannot_be_changed_or_deleted_and_grants_every_permission [931 ms]
[dotnet]   Passed Erp.Modules.Identity.Tests.UsersListTests.A_search_in_relevance_order_pages_every_row_once_in_the_order_of_one_page(search: "فاطمه") [709 ms]
[dotnet]   Passed Erp.Modules.Tenancy.Tests.CompanyTests.Validation_names_every_bad_field_in_the_callers_language [423 ms]
[dotnet]   Passed Erp.Modules.Tenancy.Tests.AccessTests.The_access_list_keeps_the_list_contract_and_needs_only_its_own_permission [1 s]
[dotnet]   Passed Erp.Modules.Tenancy.Tests.CompanyTests.An_administrator_creates_a_company_works_in_it_and_reads_it_back [644 ms]
[dotnet]   Passed Erp.Modules.Tenancy.Tests.CompanyTests.A_company_or_branch_needs_only_a_name_and_gets_a_code_made_from_it [663 ms]
[dotnet]   Passed Erp.Modules.Identity.Tests.AuthTests.Signing_out_revokes_the_session_for_good [522 ms]
[dotnet]   Passed Erp.Modules.Identity.Tests.UsersAndRolesTests.Permission_catalogue_is_labelled_in_the_users_language [722 ms]
[dotnet]   Passed Erp.Modules.Identity.Tests.UsersListTests.A_search_in_relevance_order_pages_every_row_once_in_the_order_of_one_page(search: "om") [856 ms]
[dotnet]   Passed Erp.Modules.Identity.Tests.UsersListTests.A_search_in_relevance_order_pages_every_row_once_in_the_order_of_one_page(search: "haddad omar") [394 ms]
[dotnet]   Passed Erp.Modules.Identity.Tests.PlatformHttpTests.Server_errors_reveal_nothing_but_a_trace_id [1 s]
[dotnet]   Passed Erp.Modules.Identity.Tests.PlatformHttpTests.Unknown_api_paths_answer_404_problems_not_the_app_shell [9 ms]
[dotnet]   Passed Erp.Modules.Identity.Tests.PlatformHttpTests.Health_is_public_and_checks_the_database [110 ms]
[dotnet]   Passed Erp.Modules.Tenancy.Tests.AccessTests.The_working_company_is_kept_across_sessions_and_falls_back_when_access_is_removed [2 s]
[dotnet]   Passed Erp.Gates.Tests.G2.G2PermissionTests.Every_list_endpoint_needs_the_lists_own_permission_and_shared_view_writes_need_sharing [9 s]
[dotnet]   Passed Erp.Modules.Identity.Tests.PlatformHttpTests.Responses_carry_security_headers_and_api_responses_are_not_cached [12 ms]
[dotnet]   Passed Erp.Modules.Identity.Tests.UsersListTests.Search_finds_a_name_written_in_Arabic [783 ms]
[dotnet]   Passed Erp.Modules.Identity.Tests.UsersListTests.Sorting_orders_by_the_column_with_nulls_last_ascending_and_first_descending [781 ms]
[dotnet]   Passed Erp.Modules.Tenancy.Tests.GrantRulesTests.A_branch_limited_administrator_sees_reads_changes_and_gives_only_their_own_branch [3 s]
[dotnet] [xUnit.net 00:00:31.11]   Finished:    Erp.Modules.Reports.Tests (ID = 'aa0ba11486d2994c9cc221f697ec8de6f8bbe06fde0d65669e5f45ee23fe8e20')
[dotnet]   Passed Erp.Gates.Tests.G2.G2PermissionTests.The_host_refuses_to_start_with_an_endpoint_whose_permission_is_not_in_the_catalogue [202 ms]
[dotnet]   Passed Erp.Modules.Reports.Tests.ReportApiTests.A_users_list_names_roles_beyond_the_first_page_of_roles [5 s]
[dotnet] Results File: /out/trx/suite_net10.0_20261007182030.trx
[dotnet] 
[dotnet] Test Run Successful.
[dotnet] Total tests: 34
[dotnet]      Passed: 34
[dotnet]  Total time: 31.9731 Seconds
[dotnet]   Passed Erp.Modules.Identity.Tests.UsersListTests.Keyset_paging_returns_the_same_rows_in_the_same_order_as_one_page(sort: "-displayName") [694 ms]
[dotnet]   Passed Erp.Modules.Identity.Tests.UsersListTests.Keyset_paging_returns_the_same_rows_in_the_same_order_as_one_page(sort: "displayName") [851 ms]
[dotnet]   Passed Erp.Modules.Tenancy.Tests.GrantRulesTests.Saving_access_needs_the_version_read_and_two_saves_never_overwrite_each_other [1 s]
[dotnet]   Passed Erp.Gates.Tests.G2.G2PermissionTests.Users_cannot_escalate_their_own_privileges [2 s]
[dotnet]   Passed Erp.Modules.Identity.Tests.UsersListTests.Keyset_paging_returns_the_same_rows_in_the_same_order_as_one_page(sort: "createdAt") [403 ms]
[dotnet]   Passed Erp.Modules.Identity.Tests.UsersAndRolesTests.Racing_deletes_and_unblocks_of_one_user_answer_without_a_server_error [4 s]
[dotnet]   Passed Erp.Modules.Identity.Tests.UsersListTests.Keyset_paging_returns_the_same_rows_in_the_same_order_as_one_page(sort: "lastSignInAt,-displayName") [634 ms]
[dotnet]   Passed Erp.Modules.Identity.Tests.UsersListTests.Keyset_paging_returns_the_same_rows_in_the_same_order_as_one_page(sort: "-createdAt") [506 ms]
[dotnet]   Passed Erp.Gates.Tests.SelfTests.GateSelfTests.The_database_check_catches_a_unique_index_across_tenants [272 ms]
[dotnet]   Passed Erp.Modules.Identity.Tests.UsersListTests.Keyset_paging_returns_the_same_rows_in_the_same_order_as_one_page(sort: "email") [773 ms]
[dotnet]   Passed Erp.Modules.Identity.Tests.UsersListTests.Keyset_paging_returns_the_same_rows_in_the_same_order_as_one_page(sort: "-lastSignInAt") [815 ms]
[dotnet]   Passed Erp.Modules.Identity.Tests.UsersAndRolesTests.Changing_the_language_preference_follows_the_user [2 s]
[dotnet]   Passed Erp.Modules.Identity.Tests.UsersListTests.Keyset_paging_returns_the_same_rows_in_the_same_order_as_one_page(sort: "lastSignInAt") [883 ms]
[dotnet]   Passed Erp.Modules.Identity.Tests.UsersListTests.Filters_select_exactly_the_matching_rows [1 s]
[dotnet]   Passed Erp.Modules.Identity.Tests.UsersAndRolesTests.The_digits_preference_follows_the_user_and_leaves_the_language_alone [1 s]
[dotnet]   Passed Erp.Modules.Identity.Tests.UsersListTests.Search_matches_every_word_in_any_search_field_ignoring_case_and_order [642 ms]
[dotnet]   Passed Erp.Modules.Identity.Tests.UsersAndRolesTests.Saving_over_someone_elses_change_is_refused [515 ms]
[dotnet]   Passed Erp.Gates.Tests.G2.G2PermissionTests.Creating_a_user_cannot_grant_more_than_the_caller_holds [5 s]
[dotnet]   Passed Erp.Modules.Identity.Tests.UsersListTests.A_cursor_belongs_to_its_sort_and_cannot_be_combined_with_skip [451 ms]
[dotnet]   Passed Erp.Modules.Identity.Tests.UsersListTests.A_search_lists_the_best_match_first_and_reads_Arabic_spelling_variants [445 ms]
[dotnet]   Passed Erp.Modules.Identity.Tests.UsersListTests.Grouping_counts_every_matching_row_once [507 ms]
[dotnet]   Passed Erp.Modules.Identity.Tests.UsersAndRolesTests.Validation_errors_name_each_field_in_the_requested_language [1 s]
[dotnet]   Passed Erp.Gates.Tests.G2.G2PermissionTests.Anonymous_callers_get_401_from_every_permissioned_endpoint [68 ms]
[dotnet]   Passed Erp.Gates.Tests.G2.G2PermissionTests.The_reviewed_permission_map_catches_a_weaker_permission_an_unreviewed_endpoint_and_a_stale_line [349 ms]
[dotnet] [xUnit.net 00:00:40.10]   Finished:    Erp.Modules.Identity.Tests (ID = 'c22946a00a079b5bd17fa697d59967873c784c899ebaee038a5706484c46b106')
[dotnet]   Passed Erp.Modules.Identity.Tests.UsersAndRolesTests.Duplicate_email_in_the_same_workspace_is_a_conflict [615 ms]
[dotnet]   Passed Erp.Modules.Identity.Tests.UsersListTests.The_roles_list_serves_the_same_contract_in_memory [879 ms]
[dotnet] Results File: /out/trx/suite_net10.0_20261007182039.trx
[dotnet] 
[dotnet] Test Run Successful.
[dotnet] Total tests: 80
[dotnet]      Passed: 80
[dotnet]  Total time: 40.9789 Seconds
[dotnet]   Passed Erp.Modules.Tenancy.Tests.ProvisioningTests.Suspending_a_workspace_ends_its_sessions_and_activating_it_restores_sign_in [4 s]
[dotnet]   Passed Erp.Modules.Tenancy.Tests.ProvisioningTests.An_operator_provisions_a_workspace_with_its_first_company_branch_and_administrator [1 s]
[dotnet]   Passed Erp.Gates.Tests.SelfTests.GateSelfTests.The_subject_check_catches_me_endpoints_that_act_on_the_user_a_request_names [11 s]
[dotnet] [xUnit.net 00:00:46.36]   Finished:    Erp.Modules.Tenancy.Tests (ID = '7c336b43d696105a19512de164fe1230cb02ef2c7773107fd16d0ceb1101f39a')
[dotnet]   Passed Erp.Modules.Tenancy.Tests.ProvisioningTests.Workspace_settings_are_validated_and_kept [680 ms]
[dotnet] Results File: /out/trx/suite_net10.0_20261007182045.trx
[dotnet] 
[dotnet] Test Run Successful.
[dotnet] Total tests: 28
[dotnet]      Passed: 28
[dotnet]  Total time: 47.0556 Seconds
[dotnet]   Passed Erp.Gates.Tests.G1.G1SignInThrottleTests.Failed_sign_ins_from_one_client_never_lock_the_account_out_for_anyone_else [23 s]
[dotnet]   Passed Erp.Gates.Tests.G2.G2PermissionTests.Every_registered_list_is_readable_with_its_permission_alone [8 s]
[dotnet]   Passed Erp.Kernel.Tests.BulkTimeoutTests.A_configured_bulk_timeout_is_used_and_an_unset_one_defaults_to_an_hour [< 1 ms]
[dotnet]   Passed Erp.Kernel.Tests.BulkTimeoutTests.A_bulk_timeout_below_the_minimum_or_unreadable_is_refused(value: "30") [< 1 ms]
[dotnet]   Passed Erp.Kernel.Tests.BulkTimeoutTests.A_bulk_timeout_below_the_minimum_or_unreadable_is_refused(value: "599") [< 1 ms]
[dotnet]   Passed Erp.Kernel.Tests.BulkTimeoutTests.A_bulk_timeout_below_the_minimum_or_unreadable_is_refused(value: "-1") [< 1 ms]
[dotnet]   Passed Erp.Kernel.Tests.BulkTimeoutTests.A_bulk_timeout_below_the_minimum_or_unreadable_is_refused(value: "ten minutes") [< 1 ms]
[dotnet]   Passed Erp.Kernel.Tests.BulkTimeoutTests.The_bulk_connection_cannot_be_chosen_after_the_unit_of_work_used_its_connection [49 ms]
[dotnet]   Passed Erp.Kernel.Tests.BulkTimeoutTests.The_bulk_loader_never_runs_a_statement_under_the_bulk_minimum_even_on_a_request_connection [2 ms]
[dotnet]   Passed Erp.Kernel.Tests.BulkTimeoutTests.Every_command_on_a_bulk_unit_of_work_inherits_the_long_timeout [45 ms]
[dotnet]   Passed Erp.Kernel.Tests.BulkTimeoutTests.A_seed_statement_longer_than_the_default_timeout_finishes [< 1 ms]
[dotnet]   Passed Erp.Gates.Tests.G2.G2PermissionTests.The_host_refuses_a_list_whose_endpoint_declares_another_permission [115 ms]
[dotnet] [xUnit.net 00:00:48.66]   Finished:    Erp.Kernel.Tests (ID = '1ac195ec15f33ab4788e3de64df3053333a57179a8cf50eb11a1918a6450c228')
[dotnet]   Passed Erp.Kernel.Tests.BulkTimeoutTests.Request_units_of_work_keep_the_short_default_timeout [< 1 ms]
[dotnet] Results File: /out/trx/suite_net10.0_20261007182047.trx
[dotnet] 
[dotnet] Test Run Successful.
[dotnet] Total tests: 156
[dotnet]      Passed: 156
[dotnet]  Total time: 49.3627 Seconds
[dotnet]   Passed Erp.Gates.Tests.G2.G2PermissionTests.Sharing_a_view_needs_the_share_permission_and_the_lists_own_permission [2 s]
[dotnet]   Passed Erp.Gates.Tests.G2.G2PermissionTests.Undeclared_endpoints_fall_back_to_deny [3 ms]
[dotnet]   Passed Erp.Gates.Tests.G2.G2PermissionTests.The_host_refuses_to_start_with_an_endpoint_that_declares_no_permission [30 ms]
[dotnet]   Passed Erp.Gates.Tests.G2.G2PermissionTests.Requests_that_only_read_cannot_write [8 ms]
[dotnet]   Passed Erp.Gates.Tests.G2.G2PermissionTests.No_endpoint_grants_more_than_the_caller_holds [6 s]
[dotnet]   Passed Erp.Gates.Tests.G2.G2PermissionTests.Every_module_route_is_under_a_reviewed_map_or_derives_its_permission_from_its_list [28 ms]
[dotnet]   Passed Erp.Gates.Tests.G1.G1SignInThrottleTests.Sign_in_failures_give_one_answer_that_states_no_policy [11 s]
[dotnet]   Passed Erp.Gates.Tests.SelfTests.GateSelfTests.The_company_grant_check_catches_access_given_without_checking_the_caller_or_the_user [31 s]
[dotnet]   Passed Erp.Gates.Tests.SelfTests.GateSelfTests.The_database_check_catches_a_table_without_row_level_security [124 ms]
[dotnet]   Passed Erp.Gates.Tests.G1.G1BranchScopeAttackTests.A_user_limited_to_one_branch_cannot_reach_another_branch_of_the_company_through_any_endpoint [1 m 47 s]
[dotnet]   Passed Erp.Gates.Tests.G2.G2PermissionTests.Granting_exactly_one_permission_opens_exactly_the_endpoints_that_declare_it [2 m]
[dotnet]   Passed Erp.Gates.Tests.G2.G2PermissionTests.No_endpoint_that_changes_data_is_guarded_by_a_read_permission [7 ms]
[dotnet]   Passed Erp.Gates.Tests.G2.G2PermissionTests.Every_endpoint_under_a_reviewed_prefix_declares_exactly_its_reviewed_permission [10 ms]
[dotnet]   Passed Erp.Gates.Tests.G2.G2PermissionTests.The_declaration_check_catches_AllowAnonymous_stacked_on_a_permission [72 ms]
[dotnet]   Passed Erp.Gates.Tests.SelfTests.GateSelfTests.The_report_data_check_catches_a_report_printing_data_its_permission_does_not_grant [1 m 57 s]
[dotnet]   Passed Erp.Gates.Tests.SelfTests.GateSelfTests.The_reachable_state_walk_judges_every_field_of_registration_objects [46 ms]
[dotnet]   Passed Erp.Gates.Tests.SelfTests.GateSelfTests.The_process_state_check_catches_a_static_cache_and_a_stateful_singleton [4 s]
[dotnet]   Passed Erp.Gates.Tests.SelfTests.GateSelfTests.The_company_policy_check_catches_a_company_table_without_the_company_scope [635 ms]
[dotnet]   Passed Erp.Gates.Tests.G2.G2AccountTakeoverTests.Acting_on_a_record_that_grants_access_needs_everything_it_grants [35 s]
[dotnet]   Passed Erp.Gates.Tests.G2.G2AccountTakeoverTests.Nobody_resets_their_own_password_or_ends_their_own_access_through_administration [2 s]
[dotnet]   Passed Erp.Gates.Tests.SelfTests.GateSelfTests.The_grant_bearing_record_check_catches_a_role_delete_without_the_grant_check [35 s]
[dotnet]   Passed Erp.Gates.Tests.G2.G2AccountTakeoverTests.Acting_on_a_user_needs_every_permission_that_user_holds [20 s]
[dotnet]   Passed Erp.Gates.Tests.G2.G2AccountTakeoverTests.Creating_from_a_role_cannot_grant_more_than_the_caller_holds [1 s]
[dotnet]   Passed Erp.Gates.Tests.SelfTests.GateSelfTests.The_grant_bearing_record_check_catches_an_edit_that_skips_the_access_check_when_only_the_email_changes [31 s]
[dotnet]   Passed Erp.Gates.Tests.SelfTests.GateSelfTests.The_grant_escalation_check_catches_an_endpoint_that_grants_any_role [13 s]
[dotnet]   Passed Erp.Gates.Tests.SelfTests.GateSelfTests.The_permission_checks_catch_a_write_guarded_by_a_read_permission_and_a_read_that_writes [931 ms]
[dotnet]   Passed Erp.Gates.Tests.SelfTests.WriteOracleSelfTests.The_write_oracle_check_catches_a_create_that_refuses_another_tenants_address [17 s]
[dotnet]   Passed Erp.Gates.Tests.G1.G1CompanyScopeTests.Every_company_table_carries_the_standard_company_scope_policy [219 ms]
[dotnet]   Passed Erp.Gates.Tests.G1.G1CompanyScopeTests.The_application_role_sees_and_changes_only_the_bound_companies_in_every_company_table [723 ms]
[dotnet]   Passed Erp.Gates.Tests.G1.G1CredentialTests.The_function_owner_writes_only_where_reviewed [152 ms]
[dotnet]   Passed Erp.Gates.Tests.G1.G1CredentialTests.The_sign_in_lookup_reveals_no_hash_and_no_account_before_the_password_is_proven [536 ms]
[dotnet]   Passed Erp.Gates.Tests.G1.G1CredentialTests.The_application_role_can_read_no_stored_credential [172 ms]
[dotnet]   Passed Erp.Gates.Tests.G1.G1CredentialTests.No_reviewed_function_returns_a_credential_column_or_a_whole_row [83 ms]
[dotnet]   Passed Erp.Gates.Tests.G1.G1DatabaseIsolationTests.Every_table_is_tenant_owned_or_a_reviewed_platform_table [295 ms]
[dotnet]   Passed Erp.Gates.Tests.G1.G1DatabaseIsolationTests.A_tenant_set_for_the_whole_connection_or_left_by_an_earlier_transaction_is_ignored [110 ms]
[dotnet]   Passed Erp.Gates.Tests.G1.G1DatabaseIsolationTests.Application_role_sees_and_changes_only_its_own_tenant_in_every_tenant_table [2 s]
[dotnet]   Passed Erp.Gates.Tests.G1.G1DatabaseIsolationTests.Foreign_keys_between_tenant_tables_include_the_tenant [14 ms]
[dotnet]   Passed Erp.Gates.Tests.G1.G1DatabaseIsolationTests.Tenant_tables_have_an_id_primary_key [134 ms]
[dotnet]   Passed Erp.Gates.Tests.G1.G1DatabaseIsolationTests.Tenant_tables_enforce_row_level_security_with_the_standard_policy [98 ms]
[dotnet]   Passed Erp.Gates.Tests.G1.G1DatabaseIsolationTests.Security_definer_functions_are_exactly_the_reviewed_ones [9 ms]
[dotnet]   Passed Erp.Gates.Tests.G1.G1DatabaseIsolationTests.Leakproof_functions_are_postgres_defaults_or_reviewed [132 ms]
[dotnet]   Passed Erp.Gates.Tests.G1.G1DatabaseIsolationTests.Audit_trail_is_append_only_for_the_application [158 ms]
[dotnet]   Passed Erp.Gates.Tests.G1.G1DatabaseIsolationTests.Application_role_cannot_bypass_row_level_security_or_become_a_role_that_can [196 ms]
[dotnet]   Passed Erp.Gates.Tests.G1.G1ProcessStateTests.Process_wide_state_is_immutable_or_reviewed [754 ms]
[dotnet]   Passed Erp.Gates.Tests.G1.G1ReviewedLookupTests.Only_reviewed_source_files_name_a_reviewed_function [117 ms]
[dotnet]   Passed Erp.Gates.Tests.G1.G1ReviewedLookupTests.Every_reviewed_function_has_reviewed_callers_and_sources [2 ms]
[dotnet]   Passed Erp.Gates.Tests.G1.G1ReviewedLookupTests.Reviewed_lookups_answer_nothing_inside_a_tenant_bound_transaction [53 ms]
[dotnet]   Passed Erp.Gates.Tests.G1.G1TenantSettingCodeTests.Only_reviewed_methods_name_the_tenant_setting [129 ms]
[dotnet]   Passed Erp.Gates.Tests.G1.G1TenantSettingCodeTests.The_scan_finds_a_helper_that_names_the_tenant_setting [69 ms]
[dotnet]   Passed Erp.Gates.Tests.G1.G1TenantSourceTests.Only_reviewed_files_choose_a_tenant_or_step_around_the_unit_of_work [114 ms]
[dotnet]   Passed Erp.Gates.Tests.G1.G1TenantSourceTests.The_scanner_catches_every_planted_bypass [3 ms]
[dotnet]   Passed Erp.Gates.Tests.G1.G1TenantValueRuleTests.Every_shape_of_setting_change_is_read_with_its_value [66 ms]
[dotnet]   Passed Erp.Gates.Tests.G1.G1TenantValueRuleTests.A_request_may_run_its_SQL_only_under_the_tenant_it_may_bind [3 ms]
[dotnet]   Passed Erp.Gates.Tests.G1.G1UniqueIndexTests.Unique_indexes_on_tenant_tables_include_the_tenant [192 ms]
[dotnet]   Passed Erp.Gates.Tests.G1.G1WriteOracleTests.Writes_answer_the_same_for_another_tenants_values_as_for_values_that_exist_nowhere [9 s]
[dotnet]   Passed Erp.Gates.Tests.G2.G2CompanyAccessGrantTests.Company_access_is_given_and_taken_only_within_what_the_caller_holds_and_never_from_a_stronger_user [15 s]
[dotnet]   Passed Erp.Gates.Tests.G2.G2ReportDataTests.The_report_catalogue_lists_only_what_the_caller_may_run_and_see [15 s]
[dotnet]   Passed Erp.Gates.Tests.G2.G2ReportDataTests.Every_report_prints_only_data_its_permissions_show_elsewhere [1 m 29 s]
[dotnet]   Passed Erp.Gates.Tests.G1.G1CompanyIsolationTests.A_user_of_company_X_cannot_reach_company_Y_through_any_endpoint [8 m 25 s]
[dotnet]   Passed Erp.Gates.Tests.Rules.AuditGateTests.Every_tenant_table_carries_the_audit_trigger_unless_reviewed_exempt [175 ms]
[dotnet]   Passed Erp.Gates.Tests.Rules.AuditGateTests.Changing_ones_own_interface_preferences_is_audited_field_by_field [1 s]
[dotnet]   Passed Erp.Gates.Tests.Rules.AuditGateTests.Writes_through_the_API_leave_field_level_audit_rows_attributed_to_the_user [459 ms]
[dotnet]   Passed Erp.Gates.Tests.Rules.AuditGateTests.Writes_that_bypass_the_ORM_are_audited_too [41 ms]
[dotnet]   Passed Erp.Gates.Tests.Rules.AuditGateTests.Passwords_are_redacted_in_the_audit_trail [409 ms]
[dotnet]   Passed Erp.Gates.Tests.Rules.BulkTimeoutGateTests.Only_the_seed_runner_and_the_platform_build_the_application_pools [31 ms]
[dotnet]   Passed Erp.Gates.Tests.Rules.BulkTimeoutGateTests.Bulk_code_never_sets_a_literal_command_timeout_or_opens_its_own_connection [34 ms]
[dotnet]   Passed Erp.Gates.Tests.Rules.BulkTimeoutGateTests.The_seed_runner_puts_every_tenant_seed_on_the_bulk_pool [< 1 ms]
[dotnet]   Passed Erp.Gates.Tests.Rules.LicenceGateTests.The_font_check_catches_an_unreviewed_font_changed_bytes_and_a_missing_licence [19 ms]
[dotnet]   Passed Erp.Gates.Tests.Rules.LicenceGateTests.Every_NuGet_package_has_an_allowed_licence [219 ms]
[dotnet]   Passed Erp.Gates.Tests.Rules.LicenceGateTests.Every_font_file_in_the_repository_is_reviewed_with_its_licence_beside_it [270 ms]
[dotnet]   Passed Erp.Gates.Tests.Rules.LicenceGateTests.Every_npm_package_has_an_allowed_licence [38 ms]
[dotnet]   Passed Erp.Gates.Tests.Rules.ListContractGateTests.Every_sortable_column_orders_its_list_both_ways_and_keyset_paging_matches_one_page [10 s]
[dotnet]   Passed Erp.Gates.Tests.Rules.ListContractGateTests.Every_filterable_column_filters_its_list_and_other_columns_are_refused [8 s]
[dotnet]   Passed Erp.Gates.Tests.Rules.ListContractGateTests.Every_registered_list_documents_the_list_query_contract_and_its_definition [571 ms]
[dotnet]   Passed Erp.Gates.Tests.G2.G2SubjectTests.An_action_on_the_caller_never_acts_on_another_user_the_request_names [1 m 38 s]
[dotnet]   Passed Erp.Gates.Tests.Rules.ListContractGateTests.Every_search_field_is_searched_word_by_word_and_grouping_counts_every_row_once [4 s]
[dotnet]   Passed Erp.Gates.Tests.Rules.ListIndexGateTests.Search_fields_and_sortable_columns_of_database_lists_are_indexed [320 ms]
[dotnet]   Passed Erp.Gates.Tests.Rules.MoneyGateTests.No_floating_point_or_money_columns_in_the_database [9 ms]
[dotnet]   Passed Erp.Gates.Tests.Rules.ModuleBoundaryGateTests.Modules_use_one_another_only_through_their_contracts [62 ms]
[dotnet]   Passed Erp.Gates.Tests.Rules.ModuleBoundaryGateTests.The_boundary_check_catches_a_module_reaching_into_another_one [5 ms]
[dotnet]   Passed Erp.Gates.Tests.Rules.MoneyGateTests.No_float_or_double_in_server_code [53 ms]
[dotnet]   Passed Erp.Gates.Tests.Rules.MoneyGateTests.No_parseFloat_in_front_end_code [60 ms]
[dotnet]   Passed Erp.Gates.Tests.Rules.OpenApiGateTests.OpenApi_document_covers_every_endpoint_with_its_permission [126 ms]
[dotnet]   Passed Erp.Gates.Tests.Rules.RegistrationGateTests.Every_registered_list_is_served_as_a_page_whose_rows_carry_its_columns [112 ms]
[dotnet]   Passed Erp.Gates.Tests.Rules.RegistrationGateTests.Navigation_reaches_every_screen_and_every_menu_entry_opens_a_screen_with_its_permission [12 ms]
[dotnet]   Passed Erp.Gates.Tests.Rules.OpenApiGateTests.Decimals_are_documented_as_strings [238 ms]
[dotnet]   Passed Erp.Gates.Tests.Rules.ShellGateTests.Screens_format_numbers_amounts_and_dates_through_the_kernel_formatter [34 ms]
[dotnet]   Passed Erp.Gates.Tests.Rules.ShellGateTests.Language_and_digit_fields_document_their_allowed_values [140 ms]
[dotnet]   Passed Erp.Gates.Tests.Rules.ShellGateTests.Stylesheets_and_inline_styles_use_logical_directions_only [242 ms]
[dotnet]   Passed Erp.Gates.Tests.Rules.ShellGateTests.Every_navigation_group_has_an_English_and_Arabic_heading [1 ms]
[dotnet]   Passed Erp.Gates.Tests.Rules.StringGateTests.Every_problem_and_validation_code_in_server_code_has_text [22 ms]
[dotnet]   Passed Erp.Gates.Tests.Rules.StringGateTests.Server_string_files_have_matching_English_and_Arabic_keys [21 ms]
[dotnet]   Passed Erp.Gates.Tests.Rules.StringGateTests.Web_string_files_have_matching_English_and_Arabic_keys [3 ms]
[dotnet]   Passed Erp.Gates.Tests.Rules.StringGateTests.Every_permission_module_and_menu_entry_has_labels [9 ms]
[dotnet]   Passed Erp.Gates.Tests.Rules.StringGateTests.Count_messages_use_plural_forms [4 ms]
[dotnet]   Passed Erp.Gates.Tests.SelfTests.ResponseTextSelfTests.Only_a_recent_instant_and_a_short_dated_text_are_scrubbed_as_the_print_stamp [2 ms]
[dotnet]   Passed Erp.Gates.Tests.SelfTests.ResponseTextSelfTests.A_compressed_pdf_and_a_zipped_workbook_are_read_for_their_text [595 ms]
[dotnet]   Passed Erp.Gates.Tests.SelfTests.ResponseTextSelfTests.Right_to_left_runs_are_also_given_in_logical_order [1 ms]
[dotnet]   Passed Erp.Gates.Tests.G1.G1ClientStateTests.Every_use_of_a_carrier_that_outlives_the_document_is_reviewed [99 ms]
[dotnet]   Passed Erp.Gates.Tests.G1.G1ClientStateTests.Every_piece_of_module_level_state_in_the_web_sources_is_reviewed [39 ms]
[dotnet]   Passed Erp.Gates.Tests.G1.G1ClientStateTests.The_carrier_inventory_finds_the_planted_cookie_and_window_name [22 ms]
[dotnet]   Passed Erp.Gates.Tests.G1.G1ClientStateTests.The_inventory_finds_planted_module_state [2 ms]
[dotnet]   Passed Erp.Gates.Tests.Rules.ReportGateTests.Every_report_and_printable_list_renders_in_every_format_and_both_languages [6 s]
[dotnet]   Passed Erp.Gates.Tests.Rules.ReportGateTests.Every_list_is_printable_and_every_report_is_well_formed [8 ms]
[dotnet]   Passed Erp.Gates.Tests.G1.G1NonInterferenceTests.What_tenant_A_is_answered_never_depends_on_what_tenant_B_did [6 m 41 s]
[dotnet] [xUnit.net 00:39:06.58]   Finished:    Erp.Gates.Tests (ID = 'd67f9af34c5c91feae69a31c7ab81956a411c8cd54ea4942d23c1fd06e059e25')
[dotnet]   Passed Erp.Gates.Tests.G1.G1HttpIsolationTests.Tenant_A_cannot_reach_tenant_B_through_any_endpoint [36 m 47 s]
[dotnet] Results File: /out/trx/suite_net10.0_20261007185905.trx
[dotnet] 
[dotnet] Test Run Successful.
[dotnet] Total tests: 120
[dotnet]      Passed: 120
[dotnet]  Total time: 39.1241 Minutes
[dotnet] 
[dotnet] [1m-- .NET tests: self-http[0m
[dotnet] Test run for /work/tests/Erp.Gates.Tests/bin/Release/net10.0/Erp.Gates.Tests.dll (.NETCoreApp,Version=v10.0)
[dotnet] A total of 1 test files matched the specified pattern.
[dotnet] [xUnit.net 00:00:00.00] xUnit.net VSTest Adapter v3.1.5+1b188a7b0a (64-bit .NET 10.0.12)
[dotnet] [xUnit.net 00:00:00.26]   Discovering: Erp.Gates.Tests
[dotnet] [xUnit.net 00:00:00.63]   Discovered:  Erp.Gates.Tests
[dotnet] [xUnit.net 00:00:00.82]   Starting:    Erp.Gates.Tests
[dotnet] [xUnit.net 00:42:19.29]   Finished:    Erp.Gates.Tests (ID = 'd67f9af34c5c91feae69a31c7ab81956a411c8cd54ea4942d23c1fd06e059e25')
[dotnet]   Passed Erp.Gates.Tests.SelfTests.GateSelfTests.The_HTTP_attack_catches_planted_header_route_and_body_leaks [41 m 56 s]
[dotnet] Results File: /out/trx/self-http_net10.0_20261007190217.trx
[dotnet] 
[dotnet] Test Run Successful.
[dotnet] Total tests: 1
[dotnet]      Passed: 1
[dotnet]  Total time: 42.3324 Minutes
[dotnet] 
[dotnet] [1m-- .NET tests: self-company[0m
[dotnet] Test run for /work/tests/Erp.Gates.Tests/bin/Release/net10.0/Erp.Gates.Tests.dll (.NETCoreApp,Version=v10.0)
[dotnet] A total of 1 test files matched the specified pattern.
[dotnet] [xUnit.net 00:00:00.00] xUnit.net VSTest Adapter v3.1.5+1b188a7b0a (64-bit .NET 10.0.12)
[dotnet] [xUnit.net 00:00:00.23]   Discovering: Erp.Gates.Tests
[dotnet] [xUnit.net 00:00:00.59]   Discovered:  Erp.Gates.Tests
[dotnet] [xUnit.net 00:00:00.80]   Starting:    Erp.Gates.Tests
[dotnet]   Passed Erp.Gates.Tests.SelfTests.GateSelfTests.The_branch_attack_catches_reads_and_writes_that_ignore_the_branch_limits [2 m 12 s]
[dotnet] [xUnit.net 00:20:59.64]   Finished:    Erp.Gates.Tests (ID = 'd67f9af34c5c91feae69a31c7ab81956a411c8cd54ea4942d23c1fd06e059e25')
[dotnet]   Passed Erp.Gates.Tests.SelfTests.GateSelfTests.The_company_attack_catches_an_endpoint_that_widens_the_company_scope [18 m 21 s]
[dotnet] Results File: /out/trx/self-company_net10.0_20261007184058.trx
[dotnet] 
[dotnet] Test Run Successful.
[dotnet] Total tests: 2
[dotnet]      Passed: 2
[dotnet]  Total time: 21.0058 Minutes
[dotnet] 
[dotnet] [1m-- .NET tests: self-noninterference[0m
[dotnet] Test run for /work/tests/Erp.Gates.Tests/bin/Release/net10.0/Erp.Gates.Tests.dll (.NETCoreApp,Version=v10.0)
[dotnet] A total of 1 test files matched the specified pattern.
[dotnet] [xUnit.net 00:00:00.00] xUnit.net VSTest Adapter v3.1.5+1b188a7b0a (64-bit .NET 10.0.12)
[dotnet] [xUnit.net 00:00:00.26]   Discovering: Erp.Gates.Tests
[dotnet] [xUnit.net 00:00:00.62]   Discovered:  Erp.Gates.Tests
[dotnet] [xUnit.net 00:00:00.81]   Starting:    Erp.Gates.Tests
[dotnet]   Passed Erp.Gates.Tests.SelfTests.NonInterferenceSelfTests.The_non_interference_check_catches_shared_state_that_leaks_no_marker [2 m 58 s]
[dotnet] [xUnit.net 00:03:23.01]   Finished:    Erp.Gates.Tests (ID = 'd67f9af34c5c91feae69a31c7ab81956a411c8cd54ea4942d23c1fd06e059e25')
[dotnet]   Passed Erp.Gates.Tests.SelfTests.NonInterferenceSelfTests.The_non_interference_check_ignores_only_times_and_trace_ids [4 ms]
[dotnet] Results File: /out/trx/self-noninterference_net10.0_20261007182321.trx
[dotnet] 
[dotnet] Test Run Successful.
[dotnet] Total tests: 2
[dotnet]      Passed: 2
[dotnet]  Total time: 3.3992 Minutes
[1mstage dotnet passed in 2563 s[0m
[1mstage web passed in 817 s[0m
[e2e] [1mEnd-to-end tests in Chromium[0m
[e2e] 
[e2e] [1m== Copying sources (without build output)[0m
[e2e] 
[e2e] [1m== End-to-end: Playwright against http://localhost:20160[0m
[e2e] 
[e2e] added 3 packages in 537ms
[e2e] 
[e2e] Running 65 tests using 1 worker
[e2e] 
[e2e] client isolation: 16 steps per tenant judged on 7 markers in 12 carriers; canary.za86ewft@alnoor.example (A) and canary.zb8nwlem@gulfsteel.example (B)
[e2e]   ✓   1 [chromium] › specs/client-isolation.spec.ts:208:7 › G1 in the browser: one tab, tenant B then tenant A › after B signs out, the tab holds nothing of B, and A sees nothing of B on any screen, in storage or in memory (7.2s)
[e2e]   ✓   2 [chromium] › specs/client-isolation.spec.ts:267:7 › G1 in the browser: one tab, tenant B then tenant A › after signing out, Back does not bring the signed-out person's screens back (1.4s)
[e2e] history: B left 3 addresses with its search and record; A went Back 4 times: / / / /
[e2e]   ✓   3 [chromium] › specs/client-isolation.spec.ts:286:7 › G1 in the browser: one tab, tenant B then tenant A › after B signs out and A signs in, Back through every entry B left in the tab shows A nothing of B (3.7s)
[e2e]   ✓   4 [chromium] › specs/client-isolation.spec.ts:353:7 › G1 in the browser: one tab, tenant B then tenant A › signing out in one tab ends the session in every other tab of the browser at once (1.3s)
[e2e]   ✓   5 [chromium] › specs/client-isolation.spec.ts:371:7 › G1 in the browser: one tab, tenant B then tenant A › the judges' self-test: a marker planted in each carrier of the tab is found (1.8s)
[e2e]   ✓   6 [chromium] › specs/forms-reports.spec.ts:15:7 › record forms and printed documents › a form tracks changes, asks before leaving, saves with Ctrl+S and moves to the next record with Alt+PageDown (901ms)
[e2e]   ✓   7 [chromium] › specs/forms-reports.spec.ts:52:7 › record forms and printed documents › a record prints as an Arabic PDF from Alt+R, and its document reads right to left (710ms)
[e2e]   ✓   8 [chromium] › specs/forms-reports.spec.ts:81:7 › record forms and printed documents › the reports screen shows a grouped report as an Arabic document and exports it (650ms)
[e2e]   ✓   9 [chromium] › specs/forms-reports.spec.ts:101:7 › record forms and printed documents › a totalled report: roles and access shows each kind's totals and the grand total, and exports it (648ms)
[e2e]   ✓  10 [chromium] › specs/forms-reports.spec.ts:142:7 › record forms and printed documents › a list prints what it shows: the filtered users list as PDF and CSV (1.5s)
[e2e]   ✓  11 [chromium] › specs/identity.spec.ts:7:7 › users, roles and permissions › an administrator creates a user with a restricted role from the keyboard, and that user sees and can do only what it grants (3.0s)
[e2e]   ✓  12 [chromium] › specs/identity.spec.ts:85:7 › users, roles and permissions › a role is built in the permission matrix with search and a bulk toggle, then copied and deleted (1.6s)
[e2e]   ✓  13 [chromium] › specs/identity.spec.ts:115:7 › users, roles and permissions › a user who may change roles but not delete them sees no Delete role, and a role granting more than they hold is read-only (1.5s)
[e2e]   ✓  14 [chromium] › specs/identity.spec.ts:160:7 › users, roles and permissions › an invitation sent to a mistyped address is corrected, and a user who never signed in is deleted (942ms)
[e2e]   ✓  15 [chromium] › specs/identity.spec.ts:192:9 › users, roles and permissions › at 1440 px the sign-in history fits the record panel and matrix headers keep whole words (en) (825ms)
[e2e]   ✓  16 [chromium] › specs/identity.spec.ts:192:9 › users, roles and permissions › at 1440 px the sign-in history fits the record panel and matrix headers keep whole words (ar) (774ms)
[e2e]   ✓  17 [chromium] › specs/identity.spec.ts:242:7 › users, roles and permissions › the Administrator role and the matrix read right to left in Arabic (606ms)
[e2e]   ✓  18 [chromium] › specs/lists.spec.ts:17:7 › list framework › finds one user by keyboard: the search box has focus, words in any order, Enter opens the only match (916ms)
[e2e]   ✓  19 [chromium] › specs/lists.spec.ts:37:7 › list framework › lists a search best match first, opens it with Enter, and reads Arabic spelling variants (1.1s)
[e2e]   ✓  20 [chromium] › specs/lists.spec.ts:57:7 › list framework › column header buttons keep Enter and Space; rows keep one column layout (639ms)
[e2e]   ✓  21 [chromium] › specs/lists.spec.ts:80:7 › list framework › moves through rows with the arrow keys, selects with Space and opens with Enter (691ms)
[e2e]   ✓  22 [chromium] › specs/lists.spec.ts:106:7 › list framework › sorts from a header and filters from the column menu; the address keeps the state (31.2s)
[e2e]   ✓  23 [chromium] › specs/lists.spec.ts:136:7 › list framework › groups by a column with counts and opens a group's rows (2.7s)
[e2e]   ✓  24 [chromium] › specs/lists.spec.ts:151:7 › list framework › chooses columns and saves a personal default view that opens next time (3.3s)
[e2e]   ✓  25 [chromium] › specs/lists.spec.ts:181:7 › list framework › a read-only user keeps personal views but is not offered sharing (1.0s)
[e2e]   ✓  26 [chromium] › specs/lists.spec.ts:195:7 › list framework › the list works right to left in Arabic with Arabic counts and headers (1.4s)
[e2e]   ✓  27 [chromium] › specs/navigation.spec.ts:24:7 › navigation reaches every screen › an administrator opens every menu entry in English and each screen loads (2.4s)
[e2e]   ✓  28 [chromium] › specs/navigation.spec.ts:30:7 › navigation reaches every screen › an administrator opens every menu entry in Arabic, right to left, and each screen loads (1.5s)
[e2e]   ✓  29 [chromium] › specs/permissions.spec.ts:5:7 › screens hide what the user cannot do › a user whose roles grant nothing sees no menu and cannot open a screen by address (934ms)
[e2e]   ✓  30 [chromium] › specs/permissions.spec.ts:15:7 › screens hide what the user cannot do › a read-only user can browse users, and the list is server-paged and searchable (1.2s)
[e2e]   ✓  31 [chromium] › specs/permissions.spec.ts:27:7 › screens hide what the user cannot do › counts take the right plural form in Arabic (1.4s)
[e2e]   ✓  32 [chromium] › specs/permissions.spec.ts:40:7 › screens hide what the user cannot do › signing out returns to the sign-in screen and the session is gone (930ms)
[e2e]   ✓  33 [chromium] › specs/shell.spec.ts:13:7 › app shell › a fresh visit, with or without a stale session cookie, logs no error and no failed request (421ms)
[e2e]   ✓  34 [chromium] › specs/shell.spec.ts:26:7 › app shell › the printed-at and printed-by stamp of a screen shows on paper only, never on screen (834ms)
[e2e]   ✓  35 [chromium] › specs/shell.spec.ts:41:7 › app shell › nothing marked for paper shows on screen, in English or Arabic: not the letterhead, not the footer (977ms)
[e2e]   ✓  36 [chromium] › specs/shell.spec.ts:65:7 › app shell › the tab's title names the screen, and follows the language at once (1.8s)
[e2e] switch to Arabic on the users list: 105 ms
[e2e]   ✓  37 [chromium] › specs/shell.spec.ts:82:7 › app shell › switch to Arabic in one click on a working screen: everything mirrors at once, records stay, and it survives an immediate reload (1.7s)
[e2e] palette to the Roles screen: 69 ms, 3 steps, 6 keystrokes
[e2e]   ✓  38 [chromium] › specs/shell.spec.ts:114:7 › app shell › keyboard only: the palette reaches any screen, Alt+M walks the navigation, ? lists every shortcut (635ms)
[e2e]   ✓  39 [chromium] › specs/shell.spec.ts:156:7 › app shell › shortcuts work with an Arabic keyboard layout (matched by key position) (600ms)
[e2e]   ✓  40 [chromium] › specs/shell.spec.ts:169:7 › app shell › the palette finds a record and opens it (1.2s)
[e2e]   ✓  41 [chromium] › specs/shell.spec.ts:185:7 › app shell › the palette leads from a few record matches to the list of every match (747ms)
[e2e]   ✓  42 [chromium] › specs/shell.spec.ts:203:9 › app shell › at phone width nothing is wider than the window (en) (613ms)
[e2e]   ✓  43 [chromium] › specs/shell.spec.ts:203:9 › app shell › at phone width nothing is wider than the window (ar) (594ms)
[e2e]   ✓  44 [chromium] › specs/shell.spec.ts:224:7 › app shell › the palette offers a user with no roles nothing they cannot open (887ms)
[e2e]   ✓  45 [chromium] › specs/shell.spec.ts:238:7 › app shell › Arabic-Indic digits are a per-user choice that follows the user (1.8s)
[e2e]   ✓  46 [chromium] › specs/shell.spec.ts:268:7 › app shell › printing shows the screen's content with a letterhead and none of the app's chrome (31.0s)
[e2e]   ✓  47 [chromium] › specs/shell.spec.ts:288:7 › app shell › a printed list screen is a document: no buttons, menus, selection boxes, sort marks or key hints (3.0s)
[e2e]   ✓  48 [chromium] › specs/shell.spec.ts:329:9 › app shell › the status line stays in view on every screen and the page never scrolls (1366x768) (3.2s)
[e2e]   ✓  49 [chromium] › specs/shell.spec.ts:329:9 › app shell › the status line stays in view on every screen and the page never scrolls (1280x720) (2.1s)
[e2e]   ✓  50 [chromium] › specs/shell.spec.ts:329:9 › app shell › the status line stays in view on every screen and the page never scrolls (1920x1080) (2.0s)
[e2e]   ✓  51 [chromium] › specs/shell.spec.ts:353:7 › app shell › Arabic text renders in the bundled Arabic font on screen and in print, whatever the device has (943ms)
[e2e]   ✓  52 [chromium] › specs/shell.spec.ts:382:9 › app shell › every shell screen and dialog meets the accessibility basics (en) (1.5s)
[e2e]   ✓  53 [chromium] › specs/shell.spec.ts:382:9 › app shell › every shell screen and dialog meets the accessibility basics (ar) (1.7s)
[e2e] sign-in to workspace: 272 ms
[e2e]   ✓  54 [chromium] › specs/sign-in.spec.ts:5:7 › sign in to an empty workspace › keyboard only, in English, lands in the workspace with its menu (557ms)
[e2e]   ✓  55 [chromium] › specs/sign-in.spec.ts:17:7 › sign in to an empty workspace › in Arabic, right to left, from the first screen (613ms)
[e2e]   ✓  56 [chromium] › specs/sign-in.spec.ts:33:7 › sign in to an empty workspace › a wrong password shows one message in the screen's language and clears the password (1.3s)
[e2e]   ✓  57 [chromium] › specs/sign-in.spec.ts:41:7 › sign in to an empty workspace › a failed sign-in message follows a switch to Arabic, right to left, with nothing left in English (1.4s)
[e2e]   ✓  58 [chromium] › specs/sign-in.spec.ts:50:7 › sign in to an empty workspace › empty fields are explained without a round trip (258ms)
[e2e]   ✓  59 [chromium] › specs/sign-in.spec.ts:56:7 › sign in to an empty workspace › the device remembers the e-mail, so the next sign-in is password then Enter; signing out forgets it (950ms)
[e2e]   ✓  60 [chromium] › specs/tenancy.spec.ts:19:7 › companies, branches and the working company › an administrator creates a company and its first branch from the keyboard, then works in it (2.6s)
[e2e]   ✓  61 [chromium] › specs/tenancy.spec.ts:71:7 › companies, branches and the working company › in Arabic the companies read right to left and the switcher works the same way (902ms)
[e2e]   ✓  62 [chromium] › specs/tenancy.spec.ts:88:7 › companies, branches and the working company › a read-only user works in one company: sees only it, cannot switch or edit (783ms)
[e2e]   ✓  63 [chromium] › specs/tenancy.spec.ts:108:7 › companies, branches and the working company › branches: search word by word, group by company and narrow to one company from the column menu (1.5s)
[e2e]   ✓  64 [chromium] › specs/tenancy.spec.ts:151:7 › companies, branches and the working company › access: find a user by e-mail, see their companies and limit them to branches (1.2s)
[e2e]   ✓  65 [chromium] › specs/tenancy.spec.ts:172:7 › companies, branches and the working company › at phone width the working company stays readable and the switcher opens inside the window (771ms)
[e2e] 
[e2e]   65 passed (2.5m)
[e2e] 
[e2e] [1m== Comparison harness: built ours drivers against http://localhost:20160 (health check)[0m
[e2e] waiting 61 s for the end-to-end suite's sign-ins to leave the sign-in limit's window
[e2e] 
[e2e] added 2 packages in 458ms
[e2e] built for ours: api-update-user, arabic-report, create-company-branch, create-restricted-user, edit-and-save, find-user, print-list-arabic, reach-screen-keyboard, sign-in, switch-company, switch-to-arabic
[e2e] api-update-user          ours  verified  steps 2  keys 243  machine 0.025s  human 71.14s  human+wait 71.163s  -> ../out/ours-health/results/api-update-user-20261007T190556-4fd8.json
[e2e] arabic-report            ours  verified  steps 2  keys 0  machine 0.129s  human 5.3s  human+wait 5.342s  -> ../out/ours-health/results/arabic-report-20261007T190558-b012.json
[e2e] create-company-branch    ours  error     steps 6  keys 44  machine 0.638s  human 27.22s  human+wait 27.457s  (keyboard: error TimeoutError: page.waitForFunction: Timeout 120000ms exceeded.)  -> ../out/ours-health/results/create-company-branch-20261007T190601-034e.json
[e2e] create-restricted-user   ours  verified  steps 5  keys 37  machine 0.562s  human 20.91s  human+wait 21.142s  -> ../out/ours-health/results/create-restricted-user-20261007T190806-6f7e.json
[e2e] edit-and-save            ours  verified  steps 3  keys 17  machine 0.158s  human 9.72s  human+wait 9.775s  -> ../out/ours-health/results/edit-and-save-20261007T190811-29b9.json
[e2e] find-user                ours  verified  steps 4  keys 20  machine 0.367s  human 14.35s  human+wait 14.395s  -> ../out/ours-health/results/find-user-20261007T190815-ca47.json
[e2e] print-list-arabic        ours  verified  steps 3  keys 13  machine 0.465s  human 11.09s  human+wait 11.337s  -> ../out/ours-health/results/print-list-arabic-20261007T190817-e834.json
[e2e] reach-screen-keyboard    ours  verified  steps 2  keys 3  machine 0.081s  human 3.15s  human+wait 3.209s  -> ../out/ours-health/results/reach-screen-keyboard-20261007T190820-e6ff.json
[e2e] sign-in                  ours  verified  steps 4  keys 57  machine 0.288s  human 19.06s  human+wait 19.246s  -> ../out/ours-health/results/sign-in-20261007T190824-87d4.json
[e2e] switch-company           ours  verified  steps 1  keys 0  machine 0.087s  human 2.65s  human+wait 2.703s  -> ../out/ours-health/results/switch-company-20261007T190828-f122.json
[e2e] switch-to-arabic         ours  verified  steps 1  keys 0  machine 0.075s  human 2.65s  human+wait 2.653s  -> ../out/ours-health/results/switch-to-arabic-20261007T190832-6cef.json
[e2e] output: ../../../out/ours-health
[31mstage e2e FAILED (exit 1 after 2974 s); end of its log:[0m
  ✓  47 [chromium] › specs/shell.spec.ts:288:7 › app shell › a printed list screen is a document: no buttons, menus, selection boxes, sort marks or key hints (3.0s)
  ✓  48 [chromium] › specs/shell.spec.ts:329:9 › app shell › the status line stays in view on every screen and the page never scrolls (1366x768) (3.2s)
  ✓  49 [chromium] › specs/shell.spec.ts:329:9 › app shell › the status line stays in view on every screen and the page never scrolls (1280x720) (2.1s)
  ✓  50 [chromium] › specs/shell.spec.ts:329:9 › app shell › the status line stays in view on every screen and the page never scrolls (1920x1080) (2.0s)
  ✓  51 [chromium] › specs/shell.spec.ts:353:7 › app shell › Arabic text renders in the bundled Arabic font on screen and in print, whatever the device has (943ms)
  ✓  52 [chromium] › specs/shell.spec.ts:382:9 › app shell › every shell screen and dialog meets the accessibility basics (en) (1.5s)
  ✓  53 [chromium] › specs/shell.spec.ts:382:9 › app shell › every shell screen and dialog meets the accessibility basics (ar) (1.7s)
sign-in to workspace: 272 ms
  ✓  54 [chromium] › specs/sign-in.spec.ts:5:7 › sign in to an empty workspace › keyboard only, in English, lands in the workspace with its menu (557ms)
  ✓  55 [chromium] › specs/sign-in.spec.ts:17:7 › sign in to an empty workspace › in Arabic, right to left, from the first screen (613ms)
  ✓  56 [chromium] › specs/sign-in.spec.ts:33:7 › sign in to an empty workspace › a wrong password shows one message in the screen's language and clears the password (1.3s)
  ✓  57 [chromium] › specs/sign-in.spec.ts:41:7 › sign in to an empty workspace › a failed sign-in message follows a switch to Arabic, right to left, with nothing left in English (1.4s)
  ✓  58 [chromium] › specs/sign-in.spec.ts:50:7 › sign in to an empty workspace › empty fields are explained without a round trip (258ms)
  ✓  59 [chromium] › specs/sign-in.spec.ts:56:7 › sign in to an empty workspace › the device remembers the e-mail, so the next sign-in is password then Enter; signing out forgets it (950ms)
  ✓  60 [chromium] › specs/tenancy.spec.ts:19:7 › companies, branches and the working company › an administrator creates a company and its first branch from the keyboard, then works in it (2.6s)
  ✓  61 [chromium] › specs/tenancy.spec.ts:71:7 › companies, branches and the working company › in Arabic the companies read right to left and the switcher works the same way (902ms)
  ✓  62 [chromium] › specs/tenancy.spec.ts:88:7 › companies, branches and the working company › a read-only user works in one company: sees only it, cannot switch or edit (783ms)
  ✓  63 [chromium] › specs/tenancy.spec.ts:108:7 › companies, branches and the working company › branches: search word by word, group by company and narrow to one company from the column menu (1.5s)
  ✓  64 [chromium] › specs/tenancy.spec.ts:151:7 › companies, branches and the working company › access: find a user by e-mail, see their companies and limit them to branches (1.2s)
  ✓  65 [chromium] › specs/tenancy.spec.ts:172:7 › companies, branches and the working company › at phone width the working company stays readable and the switcher opens inside the window (771ms)

  65 passed (2.5m)

[1m== Comparison harness: built ours drivers against http://localhost:20160 (health check)[0m
waiting 61 s for the end-to-end suite's sign-ins to leave the sign-in limit's window

added 2 packages in 458ms
built for ours: api-update-user, arabic-report, create-company-branch, create-restricted-user, edit-and-save, find-user, print-list-arabic, reach-screen-keyboard, sign-in, switch-company, switch-to-arabic
api-update-user          ours  verified  steps 2  keys 243  machine 0.025s  human 71.14s  human+wait 71.163s  -> ../out/ours-health/results/api-update-user-20261007T190556-4fd8.json
arabic-report            ours  verified  steps 2  keys 0  machine 0.129s  human 5.3s  human+wait 5.342s  -> ../out/ours-health/results/arabic-report-20261007T190558-b012.json
create-company-branch    ours  error     steps 6  keys 44  machine 0.638s  human 27.22s  human+wait 27.457s  (keyboard: error TimeoutError: page.waitForFunction: Timeout 120000ms exceeded.)  -> ../out/ours-health/results/create-company-branch-20261007T190601-034e.json
create-restricted-user   ours  verified  steps 5  keys 37  machine 0.562s  human 20.91s  human+wait 21.142s  -> ../out/ours-health/results/create-restricted-user-20261007T190806-6f7e.json
edit-and-save            ours  verified  steps 3  keys 17  machine 0.158s  human 9.72s  human+wait 9.775s  -> ../out/ours-health/results/edit-and-save-20261007T190811-29b9.json
find-user                ours  verified  steps 4  keys 20  machine 0.367s  human 14.35s  human+wait 14.395s  -> ../out/ours-health/results/find-user-20261007T190815-ca47.json
print-list-arabic        ours  verified  steps 3  keys 13  machine 0.465s  human 11.09s  human+wait 11.337s  -> ../out/ours-health/results/print-list-arabic-20261007T190817-e834.json
reach-screen-keyboard    ours  verified  steps 2  keys 3  machine 0.081s  human 3.15s  human+wait 3.209s  -> ../out/ours-health/results/reach-screen-keyboard-20261007T190820-e6ff.json
sign-in                  ours  verified  steps 4  keys 57  machine 0.288s  human 19.06s  human+wait 19.246s  -> ../out/ours-health/results/sign-in-20261007T190824-87d4.json
switch-company           ours  verified  steps 1  keys 0  machine 0.087s  human 2.65s  human+wait 2.703s  -> ../out/ours-health/results/switch-company-20261007T190828-f122.json
switch-to-arabic         ours  verified  steps 1  keys 0  machine 0.075s  human 2.65s  human+wait 2.653s  -> ../out/ours-health/results/switch-to-arabic-20261007T190832-6cef.json
output: ../../../out/ours-health
[31merp: verify stages failed: e2e[0m
[31merp: verify FAILED (exit 1)[0m
rc=1 end=2026-10-07T19:09:11Z
