Test run for /home/shan/critic/p02-tenancy-r6-plants/tests/Erp.Gates.Tests/bin/Release/net10.0/Erp.Gates.Tests.dll (.NETCoreApp,Version=v10.0)
VSTest version 18.0.2 (x64)

Starting test execution, please wait...
A total of 1 test files matched the specified pattern.
[xUnit.net 00:00:00.00] xUnit.net VSTest Adapter v3.1.5+1b188a7b0a (64-bit .NET 10.0.12)
[xUnit.net 00:00:00.16]   Discovering: Erp.Gates.Tests
[xUnit.net 00:00:00.38]   Discovered:  Erp.Gates.Tests
[xUnit.net 00:00:00.53]   Starting:    Erp.Gates.Tests
[xUnit.net 00:00:05.49]     Erp.Gates.Tests.G2.G2CompanyAccessGrantTests.Company_access_is_given_and_taken_only_within_what_the_caller_holds_and_never_from_a_stronger_user [FAIL]
[xUnit.net 00:00:05.49]       Assembly fixture type 'Erp.Gates.Tests.Infrastructure.GateFixture' threw in InitializeAsync
[xUnit.net 00:00:05.49]       ---- System.InvalidOperationException : Endpoint authorisation is incomplete:
[xUnit.net 00:00:05.49]       HTTP: PUT /api/tenancy/tenant => UpdateTenant: declares no permission
[xUnit.net 00:00:05.50]       Stack Trace:
[xUnit.net 00:00:05.50]         
[xUnit.net 00:00:05.50]         ----- Inner Stack Trace -----
[xUnit.net 00:00:05.50]         /home/shan/critic/p02-tenancy-r6-plants/src/Kernel/Erp.Kernel/Hosting/ErpPlatform.cs(236,0): at Erp.Kernel.Hosting.ErpPlatform.ValidateEndpoints(WebApplication app)
[xUnit.net 00:00:05.50]         /home/shan/critic/p02-tenancy-r6-plants/src/Kernel/Erp.Kernel/Hosting/ErpPlatform.cs(202,0): at Erp.Kernel.Hosting.ErpPlatform.UseErpPlatform(WebApplication app)
[xUnit.net 00:00:05.50]         /home/shan/critic/p02-tenancy-r6-plants/src/Host/Erp.Host/Program.cs(8,0): at Program.<Main>$(String[] args)
[xUnit.net 00:00:05.50]            at Program.<Main>(String[] args)
[xUnit.net 00:00:05.50]            at System.Reflection.MethodBaseInvoker.InterpretedInvoke_Method(Object obj, IntPtr* args)
[xUnit.net 00:00:05.50]            at System.Reflection.MethodBaseInvoker.InvokeDirectByRefWithFewArgs(Object obj, Span`1 copyOfArgs, BindingFlags invokeAttr)
[xUnit.net 00:00:05.50]         --- End of stack trace from previous location ---
[xUnit.net 00:00:05.50]            at Microsoft.AspNetCore.Mvc.Testing.DeferredHostBuilder.DeferredHost.StartAsync(CancellationToken cancellationToken)
[xUnit.net 00:00:05.50]            at Microsoft.Extensions.Hosting.HostingAbstractionsHostExtensions.Start(IHost host)
[xUnit.net 00:00:05.50]            at Microsoft.AspNetCore.Mvc.Testing.WebApplicationFactory`1.CreateHost(IHostBuilder builder)
[xUnit.net 00:00:05.50]            at Microsoft.AspNetCore.Mvc.Testing.WebApplicationFactory`1.ConfigureHostBuilder(IHostBuilder hostBuilder)
[xUnit.net 00:00:05.50]            at Microsoft.AspNetCore.Mvc.Testing.WebApplicationFactory`1.StartServer()
[xUnit.net 00:00:05.50]            at Microsoft.AspNetCore.Mvc.Testing.WebApplicationFactory`1.get_Services()
[xUnit.net 00:00:05.50]         /home/shan/critic/p02-tenancy-r6-plants/tests/Erp.Testing/ErpTestEnvironment.cs(128,0): at Erp.Testing.ErpTestEnvironment.SeedAsync(TestDatabaseServer server, String database, SeedPlan plan, IDictionary`2 settings)
[xUnit.net 00:00:05.50]         /home/shan/critic/p02-tenancy-r6-plants/tests/Erp.Testing/ErpTestEnvironment.cs(138,0): at Erp.Testing.ErpTestEnvironment.SeedAsync(TestDatabaseServer server, String database, SeedPlan plan, IDictionary`2 settings)
[xUnit.net 00:00:05.50]         /home/shan/critic/p02-tenancy-r6-plants/tests/Erp.Testing/ErpTestEnvironment.cs(90,0): at Erp.Testing.ErpTestEnvironment.<>c__DisplayClass34_0.<<StartGateAsync>b__0>d.MoveNext()
[xUnit.net 00:00:05.50]         --- End of stack trace from previous location ---
[xUnit.net 00:00:05.50]         /home/shan/critic/p02-tenancy-r6-plants/tests/Erp.Testing/TestDatabaseServer.cs(160,0): at Erp.Testing.TestDatabaseServer.<>c__DisplayClass25_0.<<GateTemplateAsync>b__3>d.MoveNext()
[xUnit.net 00:00:05.50]         --- End of stack trace from previous location ---
[xUnit.net 00:00:05.50]         /home/shan/critic/p02-tenancy-r6-plants/tests/Erp.Testing/TestDatabaseServer.cs(165,0): at Erp.Testing.TestDatabaseServer.GateTemplateAsync(IDictionary`2 settings, Func`2 seed)
[xUnit.net 00:00:05.50]         /home/shan/critic/p02-tenancy-r6-plants/tests/Erp.Testing/ErpTestEnvironment.cs(87,0): at Erp.Testing.ErpTestEnvironment.StartGateAsync(IDictionary`2 settings)
[xUnit.net 00:00:05.50]         /home/shan/critic/p02-tenancy-r6-plants/tests/Erp.Gates.Tests/Infrastructure/GateFixture.cs(17,0): at Erp.Gates.Tests.Infrastructure.GateFixture.InitializeAsync()
[xUnit.net 00:00:05.51]     Erp.Gates.Tests.G2.G2ReportDataTests.The_report_catalogue_lists_only_what_the_caller_may_run_and_see [FAIL]
[xUnit.net 00:00:05.51]       Assembly fixture type 'Erp.Gates.Tests.Infrastructure.GateFixture' threw in InitializeAsync
[xUnit.net 00:00:05.51]       ---- System.InvalidOperationException : Endpoint authorisation is incomplete:
[xUnit.net 00:00:05.51]       HTTP: PUT /api/tenancy/tenant => UpdateTenant: declares no permission
[xUnit.net 00:00:05.51]       Stack Trace:
[xUnit.net 00:00:05.51]         
[xUnit.net 00:00:05.51]         ----- Inner Stack Trace -----
[xUnit.net 00:00:05.51]         /home/shan/critic/p02-tenancy-r6-plants/src/Kernel/Erp.Kernel/Hosting/ErpPlatform.cs(236,0): at Erp.Kernel.Hosting.ErpPlatform.ValidateEndpoints(WebApplication app)
[xUnit.net 00:00:05.51]         /home/shan/critic/p02-tenancy-r6-plants/src/Kernel/Erp.Kernel/Hosting/ErpPlatform.cs(202,0): at Erp.Kernel.Hosting.ErpPlatform.UseErpPlatform(WebApplication app)
[xUnit.net 00:00:05.51]         /home/shan/critic/p02-tenancy-r6-plants/src/Host/Erp.Host/Program.cs(8,0): at Program.<Main>$(String[] args)
[xUnit.net 00:00:05.51]            at Program.<Main>(String[] args)
[xUnit.net 00:00:05.51]            at System.Reflection.MethodBaseInvoker.InterpretedInvoke_Method(Object obj, IntPtr* args)
[xUnit.net 00:00:05.51]            at System.Reflection.MethodBaseInvoker.InvokeDirectByRefWithFewArgs(Object obj, Span`1 copyOfArgs, BindingFlags invokeAttr)
[xUnit.net 00:00:05.51]         --- End of stack trace from previous location ---
[xUnit.net 00:00:05.51]            at Microsoft.AspNetCore.Mvc.Testing.DeferredHostBuilder.DeferredHost.StartAsync(CancellationToken cancellationToken)
[xUnit.net 00:00:05.51]            at Microsoft.Extensions.Hosting.HostingAbstractionsHostExtensions.Start(IHost host)
[xUnit.net 00:00:05.51]            at Microsoft.AspNetCore.Mvc.Testing.WebApplicationFactory`1.CreateHost(IHostBuilder builder)
[xUnit.net 00:00:05.51]            at Microsoft.AspNetCore.Mvc.Testing.WebApplicationFactory`1.ConfigureHostBuilder(IHostBuilder hostBuilder)
[xUnit.net 00:00:05.51]            at Microsoft.AspNetCore.Mvc.Testing.WebApplicationFactory`1.StartServer()
[xUnit.net 00:00:05.51]            at Microsoft.AspNetCore.Mvc.Testing.WebApplicationFactory`1.get_Services()
[xUnit.net 00:00:05.51]         /home/shan/critic/p02-tenancy-r6-plants/tests/Erp.Testing/ErpTestEnvironment.cs(128,0): at Erp.Testing.ErpTestEnvironment.SeedAsync(TestDatabaseServer server, String database, SeedPlan plan, IDictionary`2 settings)
[xUnit.net 00:00:05.51]         /home/shan/critic/p02-tenancy-r6-plants/tests/Erp.Testing/ErpTestEnvironment.cs(138,0): at Erp.Testing.ErpTestEnvironment.SeedAsync(TestDatabaseServer server, String database, SeedPlan plan, IDictionary`2 settings)
[xUnit.net 00:00:05.51]         /home/shan/critic/p02-tenancy-r6-plants/tests/Erp.Testing/ErpTestEnvironment.cs(90,0): at Erp.Testing.ErpTestEnvironment.<>c__DisplayClass34_0.<<StartGateAsync>b__0>d.MoveNext()
[xUnit.net 00:00:05.51]         --- End of stack trace from previous location ---
[xUnit.net 00:00:05.51]         /home/shan/critic/p02-tenancy-r6-plants/tests/Erp.Testing/TestDatabaseServer.cs(160,0): at Erp.Testing.TestDatabaseServer.<>c__DisplayClass25_0.<<GateTemplateAsync>b__3>d.MoveNext()
[xUnit.net 00:00:05.51]         --- End of stack trace from previous location ---
[xUnit.net 00:00:05.51]         /home/shan/critic/p02-tenancy-r6-plants/tests/Erp.Testing/TestDatabaseServer.cs(165,0): at Erp.Testing.TestDatabaseServer.GateTemplateAsync(IDictionary`2 settings, Func`2 seed)
[xUnit.net 00:00:05.51]         /home/shan/critic/p02-tenancy-r6-plants/tests/Erp.Testing/ErpTestEnvironment.cs(87,0): at Erp.Testing.ErpTestEnvironment.StartGateAsync(IDictionary`2 settings)
[xUnit.net 00:00:05.51]         /home/shan/critic/p02-tenancy-r6-plants/tests/Erp.Gates.Tests/Infrastructure/GateFixture.cs(17,0): at Erp.Gates.Tests.Infrastructure.GateFixture.InitializeAsync()
[xUnit.net 00:00:05.51]     Erp.Gates.Tests.G2.G2ReportDataTests.Every_report_prints_only_data_its_permissions_show_elsewhere [FAIL]
[xUnit.net 00:00:05.51]       Assembly fixture type 'Erp.Gates.Tests.Infrastructure.GateFixture' threw in InitializeAsync
[xUnit.net 00:00:05.51]       ---- System.InvalidOperationException : Endpoint authorisation is incomplete:
[xUnit.net 00:00:05.51]       HTTP: PUT /api/tenancy/tenant => UpdateTenant: declares no permission
[xUnit.net 00:00:05.51]       Stack Trace:
[xUnit.net 00:00:05.51]         
[xUnit.net 00:00:05.51]         ----- Inner Stack Trace -----
[xUnit.net 00:00:05.51]         /home/shan/critic/p02-tenancy-r6-plants/src/Kernel/Erp.Kernel/Hosting/ErpPlatform.cs(236,0): at Erp.Kernel.Hosting.ErpPlatform.ValidateEndpoints(WebApplication app)
[xUnit.net 00:00:05.51]         /home/shan/critic/p02-tenancy-r6-plants/src/Kernel/Erp.Kernel/Hosting/ErpPlatform.cs(202,0): at Erp.Kernel.Hosting.ErpPlatform.UseErpPlatform(WebApplication app)
[xUnit.net 00:00:05.51]         /home/shan/critic/p02-tenancy-r6-plants/src/Host/Erp.Host/Program.cs(8,0): at Program.<Main>$(String[] args)
[xUnit.net 00:00:05.51]            at Program.<Main>(String[] args)
[xUnit.net 00:00:05.51]            at System.Reflection.MethodBaseInvoker.InterpretedInvoke_Method(Object obj, IntPtr* args)
[xUnit.net 00:00:05.51]            at System.Reflection.MethodBaseInvoker.InvokeDirectByRefWithFewArgs(Object obj, Span`1 copyOfArgs, BindingFlags invokeAttr)
[xUnit.net 00:00:05.51]         --- End of stack trace from previous location ---
[xUnit.net 00:00:05.51]            at Microsoft.AspNetCore.Mvc.Testing.DeferredHostBuilder.DeferredHost.StartAsync(CancellationToken cancellationToken)
[xUnit.net 00:00:05.51]            at Microsoft.Extensions.Hosting.HostingAbstractionsHostExtensions.Start(IHost host)
[xUnit.net 00:00:05.51]            at Microsoft.AspNetCore.Mvc.Testing.WebApplicationFactory`1.CreateHost(IHostBuilder builder)
[xUnit.net 00:00:05.51]            at Microsoft.AspNetCore.Mvc.Testing.WebApplicationFactory`1.ConfigureHostBuilder(IHostBuilder hostBuilder)
[xUnit.net 00:00:05.51]            at Microsoft.AspNetCore.Mvc.Testing.WebApplicationFactory`1.StartServer()
[xUnit.net 00:00:05.51]            at Microsoft.AspNetCore.Mvc.Testing.WebApplicationFactory`1.get_Services()
[xUnit.net 00:00:05.51]         /home/shan/critic/p02-tenancy-r6-plants/tests/Erp.Testing/ErpTestEnvironment.cs(128,0): at Erp.Testing.ErpTestEnvironment.SeedAsync(TestDatabaseServer server, String database, SeedPlan plan, IDictionary`2 settings)
[xUnit.net 00:00:05.51]         /home/shan/critic/p02-tenancy-r6-plants/tests/Erp.Testing/ErpTestEnvironment.cs(138,0): at Erp.Testing.ErpTestEnvironment.SeedAsync(TestDatabaseServer server, String database, SeedPlan plan, IDictionary`2 settings)
[xUnit.net 00:00:05.51]         /home/shan/critic/p02-tenancy-r6-plants/tests/Erp.Testing/ErpTestEnvironment.cs(90,0): at Erp.Testing.ErpTestEnvironment.<>c__DisplayClass34_0.<<StartGateAsync>b__0>d.MoveNext()
[xUnit.net 00:00:05.51]         --- End of stack trace from previous location ---
[xUnit.net 00:00:05.51]         /home/shan/critic/p02-tenancy-r6-plants/tests/Erp.Testing/TestDatabaseServer.cs(160,0): at Erp.Testing.TestDatabaseServer.<>c__DisplayClass25_0.<<GateTemplateAsync>b__3>d.MoveNext()
[xUnit.net 00:00:05.51]         --- End of stack trace from previous location ---
[xUnit.net 00:00:05.51]         /home/shan/critic/p02-tenancy-r6-plants/tests/Erp.Testing/TestDatabaseServer.cs(165,0): at Erp.Testing.TestDatabaseServer.GateTemplateAsync(IDictionary`2 settings, Func`2 seed)
[xUnit.net 00:00:05.51]         /home/shan/critic/p02-tenancy-r6-plants/tests/Erp.Testing/ErpTestEnvironment.cs(87,0): at Erp.Testing.ErpTestEnvironment.StartGateAsync(IDictionary`2 settings)
[xUnit.net 00:00:05.51]         /home/shan/critic/p02-tenancy-r6-plants/tests/Erp.Gates.Tests/Infrastructure/GateFixture.cs(17,0): at Erp.Gates.Tests.Infrastructure.GateFixture.InitializeAsync()
[xUnit.net 00:00:05.51]     Erp.Gates.Tests.G1.G1BranchScopeAttackTests.A_user_limited_to_one_branch_cannot_reach_another_branch_of_the_company_through_any_endpoint [FAIL]
[xUnit.net 00:00:05.51]       Assembly fixture type 'Erp.Gates.Tests.Infrastructure.GateFixture' threw in InitializeAsync
[xUnit.net 00:00:05.51]       ---- System.InvalidOperationException : Endpoint authorisation is incomplete:
[xUnit.net 00:00:05.51]       HTTP: PUT /api/tenancy/tenant => UpdateTenant: declares no permission
[xUnit.net 00:00:05.51]       Stack Trace:
[xUnit.net 00:00:05.51]         
[xUnit.net 00:00:05.51]         ----- Inner Stack Trace -----
[xUnit.net 00:00:05.51]         /home/shan/critic/p02-tenancy-r6-plants/src/Kernel/Erp.Kernel/Hosting/ErpPlatform.cs(236,0): at Erp.Kernel.Hosting.ErpPlatform.ValidateEndpoints(WebApplication app)
[xUnit.net 00:00:05.51]         /home/shan/critic/p02-tenancy-r6-plants/src/Kernel/Erp.Kernel/Hosting/ErpPlatform.cs(202,0): at Erp.Kernel.Hosting.ErpPlatform.UseErpPlatform(WebApplication app)
[xUnit.net 00:00:05.51]         /home/shan/critic/p02-tenancy-r6-plants/src/Host/Erp.Host/Program.cs(8,0): at Program.<Main>$(String[] args)
[xUnit.net 00:00:05.51]            at Program.<Main>(String[] args)
[xUnit.net 00:00:05.51]            at System.Reflection.MethodBaseInvoker.InterpretedInvoke_Method(Object obj, IntPtr* args)
[xUnit.net 00:00:05.51]            at System.Reflection.MethodBaseInvoker.InvokeDirectByRefWithFewArgs(Object obj, Span`1 copyOfArgs, BindingFlags invokeAttr)
[xUnit.net 00:00:05.51]         --- End of stack trace from previous location ---
[xUnit.net 00:00:05.51]            at Microsoft.AspNetCore.Mvc.Testing.DeferredHostBuilder.DeferredHost.StartAsync(CancellationToken cancellationToken)
[xUnit.net 00:00:05.51]            at Microsoft.Extensions.Hosting.HostingAbstractionsHostExtensions.Start(IHost host)
[xUnit.net 00:00:05.51]            at Microsoft.AspNetCore.Mvc.Testing.WebApplicationFactory`1.CreateHost(IHostBuilder builder)
[xUnit.net 00:00:05.51]            at Microsoft.AspNetCore.Mvc.Testing.WebApplicationFactory`1.ConfigureHostBuilder(IHostBuilder hostBuilder)
[xUnit.net 00:00:05.51]            at Microsoft.AspNetCore.Mvc.Testing.WebApplicationFactory`1.StartServer()
[xUnit.net 00:00:05.51]            at Microsoft.AspNetCore.Mvc.Testing.WebApplicationFactory`1.get_Services()
[xUnit.net 00:00:05.51]         /home/shan/critic/p02-tenancy-r6-plants/tests/Erp.Testing/ErpTestEnvironment.cs(128,0): at Erp.Testing.ErpTestEnvironment.SeedAsync(TestDatabaseServer server, String database, SeedPlan plan, IDictionary`2 settings)
[xUnit.net 00:00:05.51]         /home/shan/critic/p02-tenancy-r6-plants/tests/Erp.Testing/ErpTestEnvironment.cs(138,0): at Erp.Testing.ErpTestEnvironment.SeedAsync(TestDatabaseServer server, String database, SeedPlan plan, IDictionary`2 settings)
[xUnit.net 00:00:05.51]         /home/shan/critic/p02-tenancy-r6-plants/tests/Erp.Testing/ErpTestEnvironment.cs(90,0): at Erp.Testing.ErpTestEnvironment.<>c__DisplayClass34_0.<<StartGateAsync>b__0>d.MoveNext()
[xUnit.net 00:00:05.51]         --- End of stack trace from previous location ---
[xUnit.net 00:00:05.51]         /home/shan/critic/p02-tenancy-r6-plants/tests/Erp.Testing/TestDatabaseServer.cs(160,0): at Erp.Testing.TestDatabaseServer.<>c__DisplayClass25_0.<<GateTemplateAsync>b__3>d.MoveNext()
[xUnit.net 00:00:05.51]         --- End of stack trace from previous location ---
[xUnit.net 00:00:05.51]         /home/shan/critic/p02-tenancy-r6-plants/tests/Erp.Testing/TestDatabaseServer.cs(165,0): at Erp.Testing.TestDatabaseServer.GateTemplateAsync(IDictionary`2 settings, Func`2 seed)
[xUnit.net 00:00:05.51]         /home/shan/critic/p02-tenancy-r6-plants/tests/Erp.Testing/ErpTestEnvironment.cs(87,0): at Erp.Testing.ErpTestEnvironment.StartGateAsync(IDictionary`2 settings)
[xUnit.net 00:00:05.51]         /home/shan/critic/p02-tenancy-r6-plants/tests/Erp.Gates.Tests/Infrastructure/GateFixture.cs(17,0): at Erp.Gates.Tests.Infrastructure.GateFixture.InitializeAsync()
[xUnit.net 00:00:05.51]     Erp.Gates.Tests.G2.G2PermissionTests.Undeclared_endpoints_fall_back_to_deny [FAIL]
[xUnit.net 00:00:05.51]       Assembly fixture type 'Erp.Gates.Tests.Infrastructure.GateFixture' threw in InitializeAsync
[xUnit.net 00:00:05.51]       ---- System.InvalidOperationException : Endpoint authorisation is incomplete:
[xUnit.net 00:00:05.51]       HTTP: PUT /api/tenancy/tenant => UpdateTenant: declares no permission
[xUnit.net 00:00:05.51]       Stack Trace:
[xUnit.net 00:00:05.51]         
[xUnit.net 00:00:05.51]         ----- Inner Stack Trace -----
[xUnit.net 00:00:05.51]         /home/shan/critic/p02-tenancy-r6-plants/src/Kernel/Erp.Kernel/Hosting/ErpPlatform.cs(236,0): at Erp.Kernel.Hosting.ErpPlatform.ValidateEndpoints(WebApplication app)
[xUnit.net 00:00:05.51]         /home/shan/critic/p02-tenancy-r6-plants/src/Kernel/Erp.Kernel/Hosting/ErpPlatform.cs(202,0): at Erp.Kernel.Hosting.ErpPlatform.UseErpPlatform(WebApplication app)
[xUnit.net 00:00:05.51]         /home/shan/critic/p02-tenancy-r6-plants/src/Host/Erp.Host/Program.cs(8,0): at Program.<Main>$(String[] args)
[xUnit.net 00:00:05.51]            at Program.<Main>(String[] args)
[xUnit.net 00:00:05.51]            at System.Reflection.MethodBaseInvoker.InterpretedInvoke_Method(Object obj, IntPtr* args)
[xUnit.net 00:00:05.51]            at System.Reflection.MethodBaseInvoker.InvokeDirectByRefWithFewArgs(Object obj, Span`1 copyOfArgs, BindingFlags invokeAttr)
[xUnit.net 00:00:05.51]         --- End of stack trace from previous location ---
[xUnit.net 00:00:05.51]            at Microsoft.AspNetCore.Mvc.Testing.DeferredHostBuilder.DeferredHost.StartAsync(CancellationToken cancellationToken)
[xUnit.net 00:00:05.51]            at Microsoft.Extensions.Hosting.HostingAbstractionsHostExtensions.Start(IHost host)
[xUnit.net 00:00:05.51]            at Microsoft.AspNetCore.Mvc.Testing.WebApplicationFactory`1.CreateHost(IHostBuilder builder)
[xUnit.net 00:00:05.51]            at Microsoft.AspNetCore.Mvc.Testing.WebApplicationFactory`1.ConfigureHostBuilder(IHostBuilder hostBuilder)
[xUnit.net 00:00:05.51]            at Microsoft.AspNetCore.Mvc.Testing.WebApplicationFactory`1.StartServer()
[xUnit.net 00:00:05.51]            at Microsoft.AspNetCore.Mvc.Testing.WebApplicationFactory`1.get_Services()
[xUnit.net 00:00:05.51]         /home/shan/critic/p02-tenancy-r6-plants/tests/Erp.Testing/ErpTestEnvironment.cs(128,0): at Erp.Testing.ErpTestEnvironment.SeedAsync(TestDatabaseServer server, String database, SeedPlan plan, IDictionary`2 settings)
[xUnit.net 00:00:05.51]         /home/shan/critic/p02-tenancy-r6-plants/tests/Erp.Testing/ErpTestEnvironment.cs(138,0): at Erp.Testing.ErpTestEnvironment.SeedAsync(TestDatabaseServer server, String database, SeedPlan plan, IDictionary`2 settings)
[xUnit.net 00:00:05.51]         /home/shan/critic/p02-tenancy-r6-plants/tests/Erp.Testing/ErpTestEnvironment.cs(90,0): at Erp.Testing.ErpTestEnvironment.<>c__DisplayClass34_0.<<StartGateAsync>b__0>d.MoveNext()
[xUnit.net 00:00:05.51]         --- End of stack trace from previous location ---
[xUnit.net 00:00:05.51]         /home/shan/critic/p02-tenancy-r6-plants/tests/Erp.Testing/TestDatabaseServer.cs(160,0): at Erp.Testing.TestDatabaseServer.<>c__DisplayClass25_0.<<GateTemplateAsync>b__3>d.MoveNext()
[xUnit.net 00:00:05.51]         --- End of stack trace from previous location ---
[xUnit.net 00:00:05.51]         /home/shan/critic/p02-tenancy-r6-plants/tests/Erp.Testing/TestDatabaseServer.cs(165,0): at Erp.Testing.TestDatabaseServer.GateTemplateAsync(IDictionary`2 settings, Func`2 seed)
[xUnit.net 00:00:05.51]         /home/shan/critic/p02-tenancy-r6-plants/tests/Erp.Testing/ErpTestEnvironment.cs(87,0): at Erp.Testing.ErpTestEnvironment.StartGateAsync(IDictionary`2 settings)
[xUnit.net 00:00:05.51]         /home/shan/critic/p02-tenancy-r6-plants/tests/Erp.Gates.Tests/Infrastructure/GateFixture.cs(17,0): at Erp.Gates.Tests.Infrastructure.GateFixture.InitializeAsync()
[xUnit.net 00:00:05.51]     Erp.Gates.Tests.G2.G2PermissionTests.Every_list_endpoint_needs_the_lists_own_permission_and_shared_view_writes_need_sharing [FAIL]
[xUnit.net 00:00:05.51]       Assembly fixture type 'Erp.Gates.Tests.Infrastructure.GateFixture' threw in InitializeAsync
[xUnit.net 00:00:05.51]       ---- System.InvalidOperationException : Endpoint authorisation is incomplete:
[xUnit.net 00:00:05.51]       HTTP: PUT /api/tenancy/tenant => UpdateTenant: declares no permission
[xUnit.net 00:00:05.51]       Stack Trace:
[xUnit.net 00:00:05.51]         
[xUnit.net 00:00:05.51]         ----- Inner Stack Trace -----
[xUnit.net 00:00:05.51]         /home/shan/critic/p02-tenancy-r6-plants/src/Kernel/Erp.Kernel/Hosting/ErpPlatform.cs(236,0): at Erp.Kernel.Hosting.ErpPlatform.ValidateEndpoints(WebApplication app)
[xUnit.net 00:00:05.51]         /home/shan/critic/p02-tenancy-r6-plants/src/Kernel/Erp.Kernel/Hosting/ErpPlatform.cs(202,0): at Erp.Kernel.Hosting.ErpPlatform.UseErpPlatform(WebApplication app)
[xUnit.net 00:00:05.51]         /home/shan/critic/p02-tenancy-r6-plants/src/Host/Erp.Host/Program.cs(8,0): at Program.<Main>$(String[] args)
[xUnit.net 00:00:05.51]            at Program.<Main>(String[] args)
[xUnit.net 00:00:05.51]            at System.Reflection.MethodBaseInvoker.InterpretedInvoke_Method(Object obj, IntPtr* args)
[xUnit.net 00:00:05.51]            at System.Reflection.MethodBaseInvoker.InvokeDirectByRefWithFewArgs(Object obj, Span`1 copyOfArgs, BindingFlags invokeAttr)
[xUnit.net 00:00:05.51]         --- End of stack trace from previous location ---
[xUnit.net 00:00:05.51]            at Microsoft.AspNetCore.Mvc.Testing.DeferredHostBuilder.DeferredHost.StartAsync(CancellationToken cancellationToken)
[xUnit.net 00:00:05.51]            at Microsoft.Extensions.Hosting.HostingAbstractionsHostExtensions.Start(IHost host)
[xUnit.net 00:00:05.51]            at Microsoft.AspNetCore.Mvc.Testing.WebApplicationFactory`1.CreateHost(IHostBuilder builder)
[xUnit.net 00:00:05.51]            at Microsoft.AspNetCore.Mvc.Testing.WebApplicationFactory`1.ConfigureHostBuilder(IHostBuilder hostBuilder)
[xUnit.net 00:00:05.51]            at Microsoft.AspNetCore.Mvc.Testing.WebApplicationFactory`1.StartServer()
[xUnit.net 00:00:05.51]            at Microsoft.AspNetCore.Mvc.Testing.WebApplicationFactory`1.get_Services()
[xUnit.net 00:00:05.51]         /home/shan/critic/p02-tenancy-r6-plants/tests/Erp.Testing/ErpTestEnvironment.cs(128,0): at Erp.Testing.ErpTestEnvironment.SeedAsync(TestDatabaseServer server, String database, SeedPlan plan, IDictionary`2 settings)
[xUnit.net 00:00:05.51]         /home/shan/critic/p02-tenancy-r6-plants/tests/Erp.Testing/ErpTestEnvironment.cs(138,0): at Erp.Testing.ErpTestEnvironment.SeedAsync(TestDatabaseServer server, String database, SeedPlan plan, IDictionary`2 settings)
[xUnit.net 00:00:05.51]         /home/shan/critic/p02-tenancy-r6-plants/tests/Erp.Testing/ErpTestEnvironment.cs(90,0): at Erp.Testing.ErpTestEnvironment.<>c__DisplayClass34_0.<<StartGateAsync>b__0>d.MoveNext()
[xUnit.net 00:00:05.51]         --- End of stack trace from previous location ---
[xUnit.net 00:00:05.51]         /home/shan/critic/p02-tenancy-r6-plants/tests/Erp.Testing/TestDatabaseServer.cs(160,0): at Erp.Testing.TestDatabaseServer.<>c__DisplayClass25_0.<<GateTemplateAsync>b__3>d.MoveNext()
[xUnit.net 00:00:05.51]         --- End of stack trace from previous location ---
[xUnit.net 00:00:05.51]         /home/shan/critic/p02-tenancy-r6-plants/tests/Erp.Testing/TestDatabaseServer.cs(165,0): at Erp.Testing.TestDatabaseServer.GateTemplateAsync(IDictionary`2 settings, Func`2 seed)
[xUnit.net 00:00:05.51]         /home/shan/critic/p02-tenancy-r6-plants/tests/Erp.Testing/ErpTestEnvironment.cs(87,0): at Erp.Testing.ErpTestEnvironment.StartGateAsync(IDictionary`2 settings)
[xUnit.net 00:00:05.51]         /home/shan/critic/p02-tenancy-r6-plants/tests/Erp.Gates.Tests/Infrastructure/GateFixture.cs(17,0): at Erp.Gates.Tests.Infrastructure.GateFixture.InitializeAsync()
[xUnit.net 00:00:05.51]     Erp.Gates.Tests.G2.G2PermissionTests.Sharing_a_view_needs_the_share_permission_and_the_lists_own_permission [FAIL]
[xUnit.net 00:00:05.51]       Assembly fixture type 'Erp.Gates.Tests.Infrastructure.GateFixture' threw in InitializeAsync
[xUnit.net 00:00:05.51]       ---- System.InvalidOperationException : Endpoint authorisation is incomplete:
[xUnit.net 00:00:05.51]       HTTP: PUT /api/tenancy/tenant => UpdateTenant: declares no permission
[xUnit.net 00:00:05.51]       Stack Trace:
[xUnit.net 00:00:05.51]         
[xUnit.net 00:00:05.51]         ----- Inner Stack Trace -----
[xUnit.net 00:00:05.51]         /home/shan/critic/p02-tenancy-r6-plants/src/Kernel/Erp.Kernel/Hosting/ErpPlatform.cs(236,0): at Erp.Kernel.Hosting.ErpPlatform.ValidateEndpoints(WebApplication app)
[xUnit.net 00:00:05.51]         /home/shan/critic/p02-tenancy-r6-plants/src/Kernel/Erp.Kernel/Hosting/ErpPlatform.cs(202,0): at Erp.Kernel.Hosting.ErpPlatform.UseErpPlatform(WebApplication app)
[xUnit.net 00:00:05.51]         /home/shan/critic/p02-tenancy-r6-plants/src/Host/Erp.Host/Program.cs(8,0): at Program.<Main>$(String[] args)
[xUnit.net 00:00:05.51]            at Program.<Main>(String[] args)
[xUnit.net 00:00:05.51]            at System.Reflection.MethodBaseInvoker.InterpretedInvoke_Method(Object obj, IntPtr* args)
[xUnit.net 00:00:05.51]            at System.Reflection.MethodBaseInvoker.InvokeDirectByRefWithFewArgs(Object obj, Span`1 copyOfArgs, BindingFlags invokeAttr)
[xUnit.net 00:00:05.51]         --- End of stack trace from previous location ---
[xUnit.net 00:00:05.51]            at Microsoft.AspNetCore.Mvc.Testing.DeferredHostBuilder.DeferredHost.StartAsync(CancellationToken cancellationToken)
[xUnit.net 00:00:05.51]            at Microsoft.Extensions.Hosting.HostingAbstractionsHostExtensions.Start(IHost host)
[xUnit.net 00:00:05.51]            at Microsoft.AspNetCore.Mvc.Testing.WebApplicationFactory`1.CreateHost(IHostBuilder builder)
[xUnit.net 00:00:05.51]            at Microsoft.AspNetCore.Mvc.Testing.WebApplicationFactory`1.ConfigureHostBuilder(IHostBuilder hostBuilder)
[xUnit.net 00:00:05.51]            at Microsoft.AspNetCore.Mvc.Testing.WebApplicationFactory`1.StartServer()
[xUnit.net 00:00:05.51]            at Microsoft.AspNetCore.Mvc.Testing.WebApplicationFactory`1.get_Services()
[xUnit.net 00:00:05.51]         /home/shan/critic/p02-tenancy-r6-plants/tests/Erp.Testing/ErpTestEnvironment.cs(128,0): at Erp.Testing.ErpTestEnvironment.SeedAsync(TestDatabaseServer server, String database, SeedPlan plan, IDictionary`2 settings)
[xUnit.net 00:00:05.51]         /home/shan/critic/p02-tenancy-r6-plants/tests/Erp.Testing/ErpTestEnvironment.cs(138,0): at Erp.Testing.ErpTestEnvironment.SeedAsync(TestDatabaseServer server, String database, SeedPlan plan, IDictionary`2 settings)
[xUnit.net 00:00:05.51]         /home/shan/critic/p02-tenancy-r6-plants/tests/Erp.Testing/ErpTestEnvironment.cs(90,0): at Erp.Testing.ErpTestEnvironment.<>c__DisplayClass34_0.<<StartGateAsync>b__0>d.MoveNext()
[xUnit.net 00:00:05.51]         --- End of stack trace from previous location ---
[xUnit.net 00:00:05.51]         /home/shan/critic/p02-tenancy-r6-plants/tests/Erp.Testing/TestDatabaseServer.cs(160,0): at Erp.Testing.TestDatabaseServer.<>c__DisplayClass25_0.<<GateTemplateAsync>b__3>d.MoveNext()
[xUnit.net 00:00:05.51]         --- End of stack trace from previous location ---
[xUnit.net 00:00:05.51]         /home/shan/critic/p02-tenancy-r6-plants/tests/Erp.Testing/TestDatabaseServer.cs(165,0): at Erp.Testing.TestDatabaseServer.GateTemplateAsync(IDictionary`2 settings, Func`2 seed)
[xUnit.net 00:00:05.51]         /home/shan/critic/p02-tenancy-r6-plants/tests/Erp.Testing/ErpTestEnvironment.cs(87,0): at Erp.Testing.ErpTestEnvironment.StartGateAsync(IDictionary`2 settings)
[xUnit.net 00:00:05.51]         /home/shan/critic/p02-tenancy-r6-plants/tests/Erp.Gates.Tests/Infrastructure/GateFixture.cs(17,0): at Erp.Gates.Tests.Infrastructure.GateFixture.InitializeAsync()
[xUnit.net 00:00:05.51]     Erp.Gates.Tests.G2.G2PermissionTests.Every_registered_list_is_readable_with_its_permission_alone [FAIL]
[xUnit.net 00:00:05.51]       Assembly fixture type 'Erp.Gates.Tests.Infrastructure.GateFixture' threw in InitializeAsync
[xUnit.net 00:00:05.51]       ---- System.InvalidOperationException : Endpoint authorisation is incomplete:
[xUnit.net 00:00:05.51]       HTTP: PUT /api/tenancy/tenant => UpdateTenant: declares no permission
[xUnit.net 00:00:05.51]       Stack Trace:
[xUnit.net 00:00:05.51]         
[xUnit.net 00:00:05.51]         ----- Inner Stack Trace -----
[xUnit.net 00:00:05.51]         /home/shan/critic/p02-tenancy-r6-plants/src/Kernel/Erp.Kernel/Hosting/ErpPlatform.cs(236,0): at Erp.Kernel.Hosting.ErpPlatform.ValidateEndpoints(WebApplication app)
[xUnit.net 00:00:05.51]         /home/shan/critic/p02-tenancy-r6-plants/src/Kernel/Erp.Kernel/Hosting/ErpPlatform.cs(202,0): at Erp.Kernel.Hosting.ErpPlatform.UseErpPlatform(WebApplication app)
[xUnit.net 00:00:05.51]         /home/shan/critic/p02-tenancy-r6-plants/src/Host/Erp.Host/Program.cs(8,0): at Program.<Main>$(String[] args)
[xUnit.net 00:00:05.51]            at Program.<Main>(String[] args)
[xUnit.net 00:00:05.51]            at System.Reflection.MethodBaseInvoker.InterpretedInvoke_Method(Object obj, IntPtr* args)
[xUnit.net 00:00:05.51]            at System.Reflection.MethodBaseInvoker.InvokeDirectByRefWithFewArgs(Object obj, Span`1 copyOfArgs, BindingFlags invokeAttr)
[xUnit.net 00:00:05.51]         --- End of stack trace from previous location ---
[xUnit.net 00:00:05.51]            at Microsoft.AspNetCore.Mvc.Testing.DeferredHostBuilder.DeferredHost.StartAsync(CancellationToken cancellationToken)
[xUnit.net 00:00:05.51]            at Microsoft.Extensions.Hosting.HostingAbstractionsHostExtensions.Start(IHost host)
[xUnit.net 00:00:05.51]            at Microsoft.AspNetCore.Mvc.Testing.WebApplicationFactory`1.CreateHost(IHostBuilder builder)
[xUnit.net 00:00:05.51]            at Microsoft.AspNetCore.Mvc.Testing.WebApplicationFactory`1.ConfigureHostBuilder(IHostBuilder hostBuilder)
[xUnit.net 00:00:05.51]            at Microsoft.AspNetCore.Mvc.Testing.WebApplicationFactory`1.StartServer()
[xUnit.net 00:00:05.51]            at Microsoft.AspNetCore.Mvc.Testing.WebApplicationFactory`1.get_Services()
[xUnit.net 00:00:05.51]         /home/shan/critic/p02-tenancy-r6-plants/tests/Erp.Testing/ErpTestEnvironment.cs(128,0): at Erp.Testing.ErpTestEnvironment.SeedAsync(TestDatabaseServer server, String database, SeedPlan plan, IDictionary`2 settings)
[xUnit.net 00:00:05.51]         /home/shan/critic/p02-tenancy-r6-plants/tests/Erp.Testing/ErpTestEnvironment.cs(138,0): at Erp.Testing.ErpTestEnvironment.SeedAsync(TestDatabaseServer server, String database, SeedPlan plan, IDictionary`2 settings)
[xUnit.net 00:00:05.51]         /home/shan/critic/p02-tenancy-r6-plants/tests/Erp.Testing/ErpTestEnvironment.cs(90,0): at Erp.Testing.ErpTestEnvironment.<>c__DisplayClass34_0.<<StartGateAsync>b__0>d.MoveNext()
[xUnit.net 00:00:05.51]         --- End of stack trace from previous location ---
[xUnit.net 00:00:05.51]         /home/shan/critic/p02-tenancy-r6-plants/tests/Erp.Testing/TestDatabaseServer.cs(160,0): at Erp.Testing.TestDatabaseServer.<>c__DisplayClass25_0.<<GateTemplateAsync>b__3>d.MoveNext()
[xUnit.net 00:00:05.51]         --- End of stack trace from previous location ---
[xUnit.net 00:00:05.51]         /home/shan/critic/p02-tenancy-r6-plants/tests/Erp.Testing/TestDatabaseServer.cs(165,0): at Erp.Testing.TestDatabaseServer.GateTemplateAsync(IDictionary`2 settings, Func`2 seed)
[xUnit.net 00:00:05.51]         /home/shan/critic/p02-tenancy-r6-plants/tests/Erp.Testing/ErpTestEnvironment.cs(87,0): at Erp.Testing.ErpTestEnvironment.StartGateAsync(IDictionary`2 settings)
[xUnit.net 00:00:05.51]         /home/shan/critic/p02-tenancy-r6-plants/tests/Erp.Gates.Tests/Infrastructure/GateFixture.cs(17,0): at Erp.Gates.Tests.Infrastructure.GateFixture.InitializeAsync()
[xUnit.net 00:00:05.51]     Erp.Gates.Tests.G2.G2PermissionTests.The_host_refuses_a_list_whose_endpoint_declares_another_permission [FAIL]
[xUnit.net 00:00:05.51]       Assembly fixture type 'Erp.Gates.Tests.Infrastructure.GateFixture' threw in InitializeAsync
[xUnit.net 00:00:05.51]       ---- System.InvalidOperationException : Endpoint authorisation is incomplete:
[xUnit.net 00:00:05.51]       HTTP: PUT /api/tenancy/tenant => UpdateTenant: declares no permission
[xUnit.net 00:00:05.51]       Stack Trace:
[xUnit.net 00:00:05.51]         
[xUnit.net 00:00:05.51]         ----- Inner Stack Trace -----
[xUnit.net 00:00:05.51]         /home/shan/critic/p02-tenancy-r6-plants/src/Kernel/Erp.Kernel/Hosting/ErpPlatform.cs(236,0): at Erp.Kernel.Hosting.ErpPlatform.ValidateEndpoints(WebApplication app)
[xUnit.net 00:00:05.51]         /home/shan/critic/p02-tenancy-r6-plants/src/Kernel/Erp.Kernel/Hosting/ErpPlatform.cs(202,0): at Erp.Kernel.Hosting.ErpPlatform.UseErpPlatform(WebApplication app)
[xUnit.net 00:00:05.51]         /home/shan/critic/p02-tenancy-r6-plants/src/Host/Erp.Host/Program.cs(8,0): at Program.<Main>$(String[] args)
[xUnit.net 00:00:05.51]            at Program.<Main>(String[] args)
[xUnit.net 00:00:05.51]            at System.Reflection.MethodBaseInvoker.InterpretedInvoke_Method(Object obj, IntPtr* args)
[xUnit.net 00:00:05.51]            at System.Reflection.MethodBaseInvoker.InvokeDirectByRefWithFewArgs(Object obj, Span`1 copyOfArgs, BindingFlags invokeAttr)
[xUnit.net 00:00:05.51]         --- End of stack trace from previous location ---
[xUnit.net 00:00:05.51]            at Microsoft.AspNetCore.Mvc.Testing.DeferredHostBuilder.DeferredHost.StartAsync(CancellationToken cancellationToken)
[xUnit.net 00:00:05.51]            at Microsoft.Extensions.Hosting.HostingAbstractionsHostExtensions.Start(IHost host)
[xUnit.net 00:00:05.51]            at Microsoft.AspNetCore.Mvc.Testing.WebApplicationFactory`1.CreateHost(IHostBuilder builder)
[xUnit.net 00:00:05.51]            at Microsoft.AspNetCore.Mvc.Testing.WebApplicationFactory`1.ConfigureHostBuilder(IHostBuilder hostBuilder)
[xUnit.net 00:00:05.51]            at Microsoft.AspNetCore.Mvc.Testing.WebApplicationFactory`1.StartServer()
[xUnit.net 00:00:05.51]            at Microsoft.AspNetCore.Mvc.Testing.WebApplicationFactory`1.get_Services()
[xUnit.net 00:00:05.51]         /home/shan/critic/p02-tenancy-r6-plants/tests/Erp.Testing/ErpTestEnvironment.cs(128,0): at Erp.Testing.ErpTestEnvironment.SeedAsync(TestDatabaseServer server, String database, SeedPlan plan, IDictionary`2 settings)
[xUnit.net 00:00:05.51]         /home/shan/critic/p02-tenancy-r6-plants/tests/Erp.Testing/ErpTestEnvironment.cs(138,0): at Erp.Testing.ErpTestEnvironment.SeedAsync(TestDatabaseServer server, String database, SeedPlan plan, IDictionary`2 settings)
[xUnit.net 00:00:05.51]         /home/shan/critic/p02-tenancy-r6-plants/tests/Erp.Testing/ErpTestEnvironment.cs(90,0): at Erp.Testing.ErpTestEnvironment.<>c__DisplayClass34_0.<<StartGateAsync>b__0>d.MoveNext()
[xUnit.net 00:00:05.51]         --- End of stack trace from previous location ---
[xUnit.net 00:00:05.51]         /home/shan/critic/p02-tenancy-r6-plants/tests/Erp.Testing/TestDatabaseServer.cs(160,0): at Erp.Testing.TestDatabaseServer.<>c__DisplayClass25_0.<<GateTemplateAsync>b__3>d.MoveNext()
[xUnit.net 00:00:05.51]         --- End of stack trace from previous location ---
[xUnit.net 00:00:05.51]         /home/shan/critic/p02-tenancy-r6-plants/tests/Erp.Testing/TestDatabaseServer.cs(165,0): at Erp.Testing.TestDatabaseServer.GateTemplateAsync(IDictionary`2 settings, Func`2 seed)
[xUnit.net 00:00:05.51]         /home/shan/critic/p02-tenancy-r6-plants/tests/Erp.Testing/ErpTestEnvironment.cs(87,0): at Erp.Testing.ErpTestEnvironment.StartGateAsync(IDictionary`2 settings)
[xUnit.net 00:00:05.51]         /home/shan/critic/p02-tenancy-r6-plants/tests/Erp.Gates.Tests/Infrastructure/GateFixture.cs(17,0): at Erp.Gates.Tests.Infrastructure.GateFixture.InitializeAsync()
  Failed Erp.Gates.Tests.G2.G2CompanyAccessGrantTests.Company_access_is_given_and_taken_only_within_what_the_caller_holds_and_never_from_a_stronger_user [1 ms]
  Error Message:
   Assembly fixture type 'Erp.Gates.Tests.Infrastructure.GateFixture' threw in InitializeAsync
---- System.InvalidOperationException : Endpoint authorisation is incomplete:
HTTP: PUT /api/tenancy/tenant => UpdateTenant: declares no permission
  Stack Trace:
  
----- Inner Stack Trace -----
   at Erp.Kernel.Hosting.ErpPlatform.ValidateEndpoints(WebApplication app) in /home/shan/critic/p02-tenancy-r6-plants/src/Kernel/Erp.Kernel/Hosting/ErpPlatform.cs:line 236
   at Erp.Kernel.Hosting.ErpPlatform.UseErpPlatform(WebApplication app) in /home/shan/critic/p02-tenancy-r6-plants/src/Kernel/Erp.Kernel/Hosting/ErpPlatform.cs:line 202
   at Program.<Main>$(String[] args) in /home/shan/critic/p02-tenancy-r6-plants/src/Host/Erp.Host/Program.cs:line 8
   at Program.<Main>(String[] args)
   at System.Reflection.MethodBaseInvoker.InterpretedInvoke_Method(Object obj, IntPtr* args)
   at System.Reflection.MethodBaseInvoker.InvokeDirectByRefWithFewArgs(Object obj, Span`1 copyOfArgs, BindingFlags invokeAttr)
--- End of stack trace from previous location ---
   at Microsoft.AspNetCore.Mvc.Testing.DeferredHostBuilder.DeferredHost.StartAsync(CancellationToken cancellationToken)
   at Microsoft.Extensions.Hosting.HostingAbstractionsHostExtensions.Start(IHost host)
   at Microsoft.AspNetCore.Mvc.Testing.WebApplicationFactory`1.CreateHost(IHostBuilder builder)
   at Microsoft.AspNetCore.Mvc.Testing.WebApplicationFactory`1.ConfigureHostBuilder(IHostBuilder hostBuilder)
   at Microsoft.AspNetCore.Mvc.Testing.WebApplicationFactory`1.StartServer()
   at Microsoft.AspNetCore.Mvc.Testing.WebApplicationFactory`1.get_Services()
   at Erp.Testing.ErpTestEnvironment.SeedAsync(TestDatabaseServer server, String database, SeedPlan plan, IDictionary`2 settings) in /home/shan/critic/p02-tenancy-r6-plants/tests/Erp.Testing/ErpTestEnvironment.cs:line 128
   at Erp.Testing.ErpTestEnvironment.SeedAsync(TestDatabaseServer server, String database, SeedPlan plan, IDictionary`2 settings) in /home/shan/critic/p02-tenancy-r6-plants/tests/Erp.Testing/ErpTestEnvironment.cs:line 138
   at Erp.Testing.ErpTestEnvironment.<>c__DisplayClass34_0.<<StartGateAsync>b__0>d.MoveNext() in /home/shan/critic/p02-tenancy-r6-plants/tests/Erp.Testing/ErpTestEnvironment.cs:line 90
--- End of stack trace from previous location ---
   at Erp.Testing.TestDatabaseServer.<>c__DisplayClass25_0.<<GateTemplateAsync>b__3>d.MoveNext() in /home/shan/critic/p02-tenancy-r6-plants/tests/Erp.Testing/TestDatabaseServer.cs:line 160
--- End of stack trace from previous location ---
   at Erp.Testing.TestDatabaseServer.GateTemplateAsync(IDictionary`2 settings, Func`2 seed) in /home/shan/critic/p02-tenancy-r6-plants/tests/Erp.Testing/TestDatabaseServer.cs:line 165
   at Erp.Testing.ErpTestEnvironment.StartGateAsync(IDictionary`2 settings) in /home/shan/critic/p02-tenancy-r6-plants/tests/Erp.Testing/ErpTestEnvironment.cs:line 87
   at Erp.Gates.Tests.Infrastructure.GateFixture.InitializeAsync() in /home/shan/critic/p02-tenancy-r6-plants/tests/Erp.Gates.Tests/Infrastructure/GateFixture.cs:line 17
  Failed Erp.Gates.Tests.G2.G2ReportDataTests.The_report_catalogue_lists_only_what_the_caller_may_run_and_see [1 ms]
  Error Message:
   Assembly fixture type 'Erp.Gates.Tests.Infrastructure.GateFixture' threw in InitializeAsync
---- System.InvalidOperationException : Endpoint authorisation is incomplete:
HTTP: PUT /api/tenancy/tenant => UpdateTenant: declares no permission
  Stack Trace:
  
----- Inner Stack Trace -----
   at Erp.Kernel.Hosting.ErpPlatform.ValidateEndpoints(WebApplication app) in /home/shan/critic/p02-tenancy-r6-plants/src/Kernel/Erp.Kernel/Hosting/ErpPlatform.cs:line 236
   at Erp.Kernel.Hosting.ErpPlatform.UseErpPlatform(WebApplication app) in /home/shan/critic/p02-tenancy-r6-plants/src/Kernel/Erp.Kernel/Hosting/ErpPlatform.cs:line 202
   at Program.<Main>$(String[] args) in /home/shan/critic/p02-tenancy-r6-plants/src/Host/Erp.Host/Program.cs:line 8
   at Program.<Main>(String[] args)
   at System.Reflection.MethodBaseInvoker.InterpretedInvoke_Method(Object obj, IntPtr* args)
   at System.Reflection.MethodBaseInvoker.InvokeDirectByRefWithFewArgs(Object obj, Span`1 copyOfArgs, BindingFlags invokeAttr)
--- End of stack trace from previous location ---
   at Microsoft.AspNetCore.Mvc.Testing.DeferredHostBuilder.DeferredHost.StartAsync(CancellationToken cancellationToken)
   at Microsoft.Extensions.Hosting.HostingAbstractionsHostExtensions.Start(IHost host)
   at Microsoft.AspNetCore.Mvc.Testing.WebApplicationFactory`1.CreateHost(IHostBuilder builder)
   at Microsoft.AspNetCore.Mvc.Testing.WebApplicationFactory`1.ConfigureHostBuilder(IHostBuilder hostBuilder)
   at Microsoft.AspNetCore.Mvc.Testing.WebApplicationFactory`1.StartServer()
   at Microsoft.AspNetCore.Mvc.Testing.WebApplicationFactory`1.get_Services()
   at Erp.Testing.ErpTestEnvironment.SeedAsync(TestDatabaseServer server, String database, SeedPlan plan, IDictionary`2 settings) in /home/shan/critic/p02-tenancy-r6-plants/tests/Erp.Testing/ErpTestEnvironment.cs:line 128
   at Erp.Testing.ErpTestEnvironment.SeedAsync(TestDatabaseServer server, String database, SeedPlan plan, IDictionary`2 settings) in /home/shan/critic/p02-tenancy-r6-plants/tests/Erp.Testing/ErpTestEnvironment.cs:line 138
   at Erp.Testing.ErpTestEnvironment.<>c__DisplayClass34_0.<<StartGateAsync>b__0>d.MoveNext() in /home/shan/critic/p02-tenancy-r6-plants/tests/Erp.Testing/ErpTestEnvironment.cs:line 90
--- End of stack trace from previous location ---
   at Erp.Testing.TestDatabaseServer.<>c__DisplayClass25_0.<<GateTemplateAsync>b__3>d.MoveNext() in /home/shan/critic/p02-tenancy-r6-plants/tests/Erp.Testing/TestDatabaseServer.cs:line 160
--- End of stack trace from previous location ---
   at Erp.Testing.TestDatabaseServer.GateTemplateAsync(IDictionary`2 settings, Func`2 seed) in /home/shan/critic/p02-tenancy-r6-plants/tests/Erp.Testing/TestDatabaseServer.cs:line 165
   at Erp.Testing.ErpTestEnvironment.StartGateAsync(IDictionary`2 settings) in /home/shan/critic/p02-tenancy-r6-plants/tests/Erp.Testing/ErpTestEnvironment.cs:line 87
   at Erp.Gates.Tests.Infrastructure.GateFixture.InitializeAsync() in /home/shan/critic/p02-tenancy-r6-plants/tests/Erp.Gates.Tests/Infrastructure/GateFixture.cs:line 17
  Failed Erp.Gates.Tests.G2.G2ReportDataTests.Every_report_prints_only_data_its_permissions_show_elsewhere [1 ms]
  Error Message:
   Assembly fixture type 'Erp.Gates.Tests.Infrastructure.GateFixture' threw in InitializeAsync
---- System.InvalidOperationException : Endpoint authorisation is incomplete:
HTTP: PUT /api/tenancy/tenant => UpdateTenant: declares no permission
  Stack Trace:
  
----- Inner Stack Trace -----
   at Erp.Kernel.Hosting.ErpPlatform.ValidateEndpoints(WebApplication app) in /home/shan/critic/p02-tenancy-r6-plants/src/Kernel/Erp.Kernel/Hosting/ErpPlatform.cs:line 236
   at Erp.Kernel.Hosting.ErpPlatform.UseErpPlatform(WebApplication app) in /home/shan/critic/p02-tenancy-r6-plants/src/Kernel/Erp.Kernel/Hosting/ErpPlatform.cs:line 202
   at Program.<Main>$(String[] args) in /home/shan/critic/p02-tenancy-r6-plants/src/Host/Erp.Host/Program.cs:line 8
   at Program.<Main>(String[] args)
   at System.Reflection.MethodBaseInvoker.InterpretedInvoke_Method(Object obj, IntPtr* args)
   at System.Reflection.MethodBaseInvoker.InvokeDirectByRefWithFewArgs(Object obj, Span`1 copyOfArgs, BindingFlags invokeAttr)
--- End of stack trace from previous location ---
   at Microsoft.AspNetCore.Mvc.Testing.DeferredHostBuilder.DeferredHost.StartAsync(CancellationToken cancellationToken)
   at Microsoft.Extensions.Hosting.HostingAbstractionsHostExtensions.Start(IHost host)
   at Microsoft.AspNetCore.Mvc.Testing.WebApplicationFactory`1.CreateHost(IHostBuilder builder)
   at Microsoft.AspNetCore.Mvc.Testing.WebApplicationFactory`1.ConfigureHostBuilder(IHostBuilder hostBuilder)
   at Microsoft.AspNetCore.Mvc.Testing.WebApplicationFactory`1.StartServer()
   at Microsoft.AspNetCore.Mvc.Testing.WebApplicationFactory`1.get_Services()
   at Erp.Testing.ErpTestEnvironment.SeedAsync(TestDatabaseServer server, String database, SeedPlan plan, IDictionary`2 settings) in /home/shan/critic/p02-tenancy-r6-plants/tests/Erp.Testing/ErpTestEnvironment.cs:line 128
   at Erp.Testing.ErpTestEnvironment.SeedAsync(TestDatabaseServer server, String database, SeedPlan plan, IDictionary`2 settings) in /home/shan/critic/p02-tenancy-r6-plants/tests/Erp.Testing/ErpTestEnvironment.cs:line 138
   at Erp.Testing.ErpTestEnvironment.<>c__DisplayClass34_0.<<StartGateAsync>b__0>d.MoveNext() in /home/shan/critic/p02-tenancy-r6-plants/tests/Erp.Testing/ErpTestEnvironment.cs:line 90
--- End of stack trace from previous location ---
   at Erp.Testing.TestDatabaseServer.<>c__DisplayClass25_0.<<GateTemplateAsync>b__3>d.MoveNext() in /home/shan/critic/p02-tenancy-r6-plants/tests/Erp.Testing/TestDatabaseServer.cs:line 160
--- End of stack trace from previous location ---
   at Erp.Testing.TestDatabaseServer.GateTemplateAsync(IDictionary`2 settings, Func`2 seed) in /home/shan/critic/p02-tenancy-r6-plants/tests/Erp.Testing/TestDatabaseServer.cs:line 165
   at Erp.Testing.ErpTestEnvironment.StartGateAsync(IDictionary`2 settings) in /home/shan/critic/p02-tenancy-r6-plants/tests/Erp.Testing/ErpTestEnvironment.cs:line 87
   at Erp.Gates.Tests.Infrastructure.GateFixture.InitializeAsync() in /home/shan/critic/p02-tenancy-r6-plants/tests/Erp.Gates.Tests/Infrastructure/GateFixture.cs:line 17
  Failed Erp.Gates.Tests.G1.G1BranchScopeAttackTests.A_user_limited_to_one_branch_cannot_reach_another_branch_of_the_company_through_any_endpoint [1 ms]
  Error Message:
   Assembly fixture type 'Erp.Gates.Tests.Infrastructure.GateFixture' threw in InitializeAsync
---- System.InvalidOperationException : Endpoint authorisation is incomplete:
HTTP: PUT /api/tenancy/tenant => UpdateTenant: declares no permission
  Stack Trace:
  
----- Inner Stack Trace -----
   at Erp.Kernel.Hosting.ErpPlatform.ValidateEndpoints(WebApplication app) in /home/shan/critic/p02-tenancy-r6-plants/src/Kernel/Erp.Kernel/Hosting/ErpPlatform.cs:line 236
   at Erp.Kernel.Hosting.ErpPlatform.UseErpPlatform(WebApplication app) in /home/shan/critic/p02-tenancy-r6-plants/src/Kernel/Erp.Kernel/Hosting/ErpPlatform.cs:line 202
   at Program.<Main>$(String[] args) in /home/shan/critic/p02-tenancy-r6-plants/src/Host/Erp.Host/Program.cs:line 8
   at Program.<Main>(String[] args)
   at System.Reflection.MethodBaseInvoker.InterpretedInvoke_Method(Object obj, IntPtr* args)
   at System.Reflection.MethodBaseInvoker.InvokeDirectByRefWithFewArgs(Object obj, Span`1 copyOfArgs, BindingFlags invokeAttr)
--- End of stack trace from previous location ---
   at Microsoft.AspNetCore.Mvc.Testing.DeferredHostBuilder.DeferredHost.StartAsync(CancellationToken cancellationToken)
   at Microsoft.Extensions.Hosting.HostingAbstractionsHostExtensions.Start(IHost host)
   at Microsoft.AspNetCore.Mvc.Testing.WebApplicationFactory`1.CreateHost(IHostBuilder builder)
   at Microsoft.AspNetCore.Mvc.Testing.WebApplicationFactory`1.ConfigureHostBuilder(IHostBuilder hostBuilder)
   at Microsoft.AspNetCore.Mvc.Testing.WebApplicationFactory`1.StartServer()
   at Microsoft.AspNetCore.Mvc.Testing.WebApplicationFactory`1.get_Services()
   at Erp.Testing.ErpTestEnvironment.SeedAsync(TestDatabaseServer server, String database, SeedPlan plan, IDictionary`2 settings) in /home/shan/critic/p02-tenancy-r6-plants/tests/Erp.Testing/ErpTestEnvironment.cs:line 128
   at Erp.Testing.ErpTestEnvironment.SeedAsync(TestDatabaseServer server, String database, SeedPlan plan, IDictionary`2 settings) in /home/shan/critic/p02-tenancy-r6-plants/tests/Erp.Testing/ErpTestEnvironment.cs:line 138
   at Erp.Testing.ErpTestEnvironment.<>c__DisplayClass34_0.<<StartGateAsync>b__0>d.MoveNext() in /home/shan/critic/p02-tenancy-r6-plants/tests/Erp.Testing/ErpTestEnvironment.cs:line 90
--- End of stack trace from previous location ---
   at Erp.Testing.TestDatabaseServer.<>c__DisplayClass25_0.<<GateTemplateAsync>b__3>d.MoveNext() in /home/shan/critic/p02-tenancy-r6-plants/tests/Erp.Testing/TestDatabaseServer.cs:line 160
--- End of stack trace from previous location ---
   at Erp.Testing.TestDatabaseServer.GateTemplateAsync(IDictionary`2 settings, Func`2 seed) in /home/shan/critic/p02-tenancy-r6-plants/tests/Erp.Testing/TestDatabaseServer.cs:line 165
   at Erp.Testing.ErpTestEnvironment.StartGateAsync(IDictionary`2 settings) in /home/shan/critic/p02-tenancy-r6-plants/tests/Erp.Testing/ErpTestEnvironment.cs:line 87
   at Erp.Gates.Tests.Infrastructure.GateFixture.InitializeAsync() in /home/shan/critic/p02-tenancy-r6-plants/tests/Erp.Gates.Tests/Infrastructure/GateFixture.cs:line 17
  Failed Erp.Gates.Tests.G2.G2PermissionTests.Undeclared_endpoints_fall_back_to_deny [1 ms]
  Error Message:
   Assembly fixture type 'Erp.Gates.Tests.Infrastructure.GateFixture' threw in InitializeAsync
---- System.InvalidOperationException : Endpoint authorisation is incomplete:
HTTP: PUT /api/tenancy/tenant => UpdateTenant: declares no permission
  Stack Trace:
  
----- Inner Stack Trace -----
   at Erp.Kernel.Hosting.ErpPlatform.ValidateEndpoints(WebApplication app) in /home/shan/critic/p02-tenancy-r6-plants/src/Kernel/Erp.Kernel/Hosting/ErpPlatform.cs:line 236
   at Erp.Kernel.Hosting.ErpPlatform.UseErpPlatform(WebApplication app) in /home/shan/critic/p02-tenancy-r6-plants/src/Kernel/Erp.Kernel/Hosting/ErpPlatform.cs:line 202
   at Program.<Main>$(String[] args) in /home/shan/critic/p02-tenancy-r6-plants/src/Host/Erp.Host/Program.cs:line 8
   at Program.<Main>(String[] args)
   at System.Reflection.MethodBaseInvoker.InterpretedInvoke_Method(Object obj, IntPtr* args)
   at System.Reflection.MethodBaseInvoker.InvokeDirectByRefWithFewArgs(Object obj, Span`1 copyOfArgs, BindingFlags invokeAttr)
--- End of stack trace from previous location ---
   at Microsoft.AspNetCore.Mvc.Testing.DeferredHostBuilder.DeferredHost.StartAsync(CancellationToken cancellationToken)
   at Microsoft.Extensions.Hosting.HostingAbstractionsHostExtensions.Start(IHost host)
   at Microsoft.AspNetCore.Mvc.Testing.WebApplicationFactory`1.CreateHost(IHostBuilder builder)
   at Microsoft.AspNetCore.Mvc.Testing.WebApplicationFactory`1.ConfigureHostBuilder(IHostBuilder hostBuilder)
   at Microsoft.AspNetCore.Mvc.Testing.WebApplicationFactory`1.StartServer()
   at Microsoft.AspNetCore.Mvc.Testing.WebApplicationFactory`1.get_Services()
   at Erp.Testing.ErpTestEnvironment.SeedAsync(TestDatabaseServer server, String database, SeedPlan plan, IDictionary`2 settings) in /home/shan/critic/p02-tenancy-r6-plants/tests/Erp.Testing/ErpTestEnvironment.cs:line 128
   at Erp.Testing.ErpTestEnvironment.SeedAsync(TestDatabaseServer server, String database, SeedPlan plan, IDictionary`2 settings) in /home/shan/critic/p02-tenancy-r6-plants/tests/Erp.Testing/ErpTestEnvironment.cs:line 138
   at Erp.Testing.ErpTestEnvironment.<>c__DisplayClass34_0.<<StartGateAsync>b__0>d.MoveNext() in /home/shan/critic/p02-tenancy-r6-plants/tests/Erp.Testing/ErpTestEnvironment.cs:line 90
--- End of stack trace from previous location ---
   at Erp.Testing.TestDatabaseServer.<>c__DisplayClass25_0.<<GateTemplateAsync>b__3>d.MoveNext() in /home/shan/critic/p02-tenancy-r6-plants/tests/Erp.Testing/TestDatabaseServer.cs:line 160
--- End of stack trace from previous location ---
   at Erp.Testing.TestDatabaseServer.GateTemplateAsync(IDictionary`2 settings, Func`2 seed) in /home/shan/critic/p02-tenancy-r6-plants/tests/Erp.Testing/TestDatabaseServer.cs:line 165
   at Erp.Testing.ErpTestEnvironment.StartGateAsync(IDictionary`2 settings) in /home/shan/critic/p02-tenancy-r6-plants/tests/Erp.Testing/ErpTestEnvironment.cs:line 87
   at Erp.Gates.Tests.Infrastructure.GateFixture.InitializeAsync() in /home/shan/critic/p02-tenancy-r6-plants/tests/Erp.Gates.Tests/Infrastructure/GateFixture.cs:line 17
  Failed Erp.Gates.Tests.G2.G2PermissionTests.Every_list_endpoint_needs_the_lists_own_permission_and_shared_view_writes_need_sharing [1 ms]
  Error Message:
   Assembly fixture type 'Erp.Gates.Tests.Infrastructure.GateFixture' threw in InitializeAsync
---- System.InvalidOperationException : Endpoint authorisation is incomplete:
HTTP: PUT /api/tenancy/tenant => UpdateTenant: declares no permission
  Stack Trace:
  
----- Inner Stack Trace -----
   at Erp.Kernel.Hosting.ErpPlatform.ValidateEndpoints(WebApplication app) in /home/shan/critic/p02-tenancy-r6-plants/src/Kernel/Erp.Kernel/Hosting/ErpPlatform.cs:line 236
   at Erp.Kernel.Hosting.ErpPlatform.UseErpPlatform(WebApplication app) in /home/shan/critic/p02-tenancy-r6-plants/src/Kernel/Erp.Kernel/Hosting/ErpPlatform.cs:line 202
   at Program.<Main>$(String[] args) in /home/shan/critic/p02-tenancy-r6-plants/src/Host/Erp.Host/Program.cs:line 8
   at Program.<Main>(String[] args)
   at System.Reflection.MethodBaseInvoker.InterpretedInvoke_Method(Object obj, IntPtr* args)
   at System.Reflection.MethodBaseInvoker.InvokeDirectByRefWithFewArgs(Object obj, Span`1 copyOfArgs, BindingFlags invokeAttr)
--- End of stack trace from previous location ---
   at Microsoft.AspNetCore.Mvc.Testing.DeferredHostBuilder.DeferredHost.StartAsync(CancellationToken cancellationToken)
   at Microsoft.Extensions.Hosting.HostingAbstractionsHostExtensions.Start(IHost host)
   at Microsoft.AspNetCore.Mvc.Testing.WebApplicationFactory`1.CreateHost(IHostBuilder builder)
   at Microsoft.AspNetCore.Mvc.Testing.WebApplicationFactory`1.ConfigureHostBuilder(IHostBuilder hostBuilder)
   at Microsoft.AspNetCore.Mvc.Testing.WebApplicationFactory`1.StartServer()
   at Microsoft.AspNetCore.Mvc.Testing.WebApplicationFactory`1.get_Services()
   at Erp.Testing.ErpTestEnvironment.SeedAsync(TestDatabaseServer server, String database, SeedPlan plan, IDictionary`2 settings) in /home/shan/critic/p02-tenancy-r6-plants/tests/Erp.Testing/ErpTestEnvironment.cs:line 128
   at Erp.Testing.ErpTestEnvironment.SeedAsync(TestDatabaseServer server, String database, SeedPlan plan, IDictionary`2 settings) in /home/shan/critic/p02-tenancy-r6-plants/tests/Erp.Testing/ErpTestEnvironment.cs:line 138
   at Erp.Testing.ErpTestEnvironment.<>c__DisplayClass34_0.<<StartGateAsync>b__0>d.MoveNext() in /home/shan/critic/p02-tenancy-r6-plants/tests/Erp.Testing/ErpTestEnvironment.cs:line 90
--- End of stack trace from previous location ---
   at Erp.Testing.TestDatabaseServer.<>c__DisplayClass25_0.<<GateTemplateAsync>b__3>d.MoveNext() in /home/shan/critic/p02-tenancy-r6-plants/tests/Erp.Testing/TestDatabaseServer.cs:line 160
--- End of stack trace from previous location ---
   at Erp.Testing.TestDatabaseServer.GateTemplateAsync(IDictionary`2 settings, Func`2 seed) in /home/shan/critic/p02-tenancy-r6-plants/tests/Erp.Testing/TestDatabaseServer.cs:line 165
   at Erp.Testing.ErpTestEnvironment.StartGateAsync(IDictionary`2 settings) in /home/shan/critic/p02-tenancy-r6-plants/tests/Erp.Testing/ErpTestEnvironment.cs:line 87
   at Erp.Gates.Tests.Infrastructure.GateFixture.InitializeAsync() in /home/shan/critic/p02-tenancy-r6-plants/tests/Erp.Gates.Tests/Infrastructure/GateFixture.cs:line 17
  Failed Erp.Gates.Tests.G2.G2PermissionTests.Sharing_a_view_needs_the_share_permission_and_the_lists_own_permission [1 ms]
  Error Message:
   Assembly fixture type 'Erp.Gates.Tests.Infrastructure.GateFixture' threw in InitializeAsync
---- System.InvalidOperationException : Endpoint authorisation is incomplete:
HTTP: PUT /api/tenancy/tenant => UpdateTenant: declares no permission
  Stack Trace:
  
----- Inner Stack Trace -----
   at Erp.Kernel.Hosting.ErpPlatform.ValidateEndpoints(WebApplication app) in /home/shan/critic/p02-tenancy-r6-plants/src/Kernel/Erp.Kernel/Hosting/ErpPlatform.cs:line 236
   at Erp.Kernel.Hosting.ErpPlatform.UseErpPlatform(WebApplication app) in /home/shan/critic/p02-tenancy-r6-plants/src/Kernel/Erp.Kernel/Hosting/ErpPlatform.cs:line 202
   at Program.<Main>$(String[] args) in /home/shan/critic/p02-tenancy-r6-plants/src/Host/Erp.Host/Program.cs:line 8
   at Program.<Main>(String[] args)
   at System.Reflection.MethodBaseInvoker.InterpretedInvoke_Method(Object obj, IntPtr* args)
   at System.Reflection.MethodBaseInvoker.InvokeDirectByRefWithFewArgs(Object obj, Span`1 copyOfArgs, BindingFlags invokeAttr)
--- End of stack trace from previous location ---
   at Microsoft.AspNetCore.Mvc.Testing.DeferredHostBuilder.DeferredHost.StartAsync(CancellationToken cancellationToken)
   at Microsoft.Extensions.Hosting.HostingAbstractionsHostExtensions.Start(IHost host)
   at Microsoft.AspNetCore.Mvc.Testing.WebApplicationFactory`1.CreateHost(IHostBuilder builder)
   at Microsoft.AspNetCore.Mvc.Testing.WebApplicationFactory`1.ConfigureHostBuilder(IHostBuilder hostBuilder)
   at Microsoft.AspNetCore.Mvc.Testing.WebApplicationFactory`1.StartServer()
   at Microsoft.AspNetCore.Mvc.Testing.WebApplicationFactory`1.get_Services()
   at Erp.Testing.ErpTestEnvironment.SeedAsync(TestDatabaseServer server, String database, SeedPlan plan, IDictionary`2 settings) in /home/shan/critic/p02-tenancy-r6-plants/tests/Erp.Testing/ErpTestEnvironment.cs:line 128
   at Erp.Testing.ErpTestEnvironment.SeedAsync(TestDatabaseServer server, String database, SeedPlan plan, IDictionary`2 settings) in /home/shan/critic/p02-tenancy-r6-plants/tests/Erp.Testing/ErpTestEnvironment.cs:line 138
   at Erp.Testing.ErpTestEnvironment.<>c__DisplayClass34_0.<<StartGateAsync>b__0>d.MoveNext() in /home/shan/critic/p02-tenancy-r6-plants/tests/Erp.Testing/ErpTestEnvironment.cs:line 90
--- End of stack trace from previous location ---
   at Erp.Testing.TestDatabaseServer.<>c__DisplayClass25_0.<<GateTemplateAsync>b__3>d.MoveNext() in /home/shan/critic/p02-tenancy-r6-plants/tests/Erp.Testing/TestDatabaseServer.cs:line 160
--- End of stack trace from previous location ---
   at Erp.Testing.TestDatabaseServer.GateTemplateAsync(IDictionary`2 settings, Func`2 seed) in /home/shan/critic/p02-tenancy-r6-plants/tests/Erp.Testing/TestDatabaseServer.cs:line 165
   at Erp.Testing.ErpTestEnvironment.StartGateAsync(IDictionary`2 settings) in /home/shan/critic/p02-tenancy-r6-plants/tests/Erp.Testing/ErpTestEnvironment.cs:line 87
   at Erp.Gates.Tests.Infrastructure.GateFixture.InitializeAsync() in /home/shan/critic/p02-tenancy-r6-plants/tests/Erp.Gates.Tests/Infrastructure/GateFixture.cs:line 17
  Failed Erp.Gates.Tests.G2.G2PermissionTests.Every_registered_list_is_readable_with_its_permission_alone [1 ms]
  Error Message:
   Assembly fixture type 'Erp.Gates.Tests.Infrastructure.GateFixture' threw in InitializeAsync
---- System.InvalidOperationException : Endpoint authorisation is incomplete:
HTTP: PUT /api/tenancy/tenant => UpdateTenant: declares no permission
  Stack Trace:
  
----- Inner Stack Trace -----
   at Erp.Kernel.Hosting.ErpPlatform.ValidateEndpoints(WebApplication app) in /home/shan/critic/p02-tenancy-r6-plants/src/Kernel/Erp.Kernel/Hosting/ErpPlatform.cs:line 236
   at Erp.Kernel.Hosting.ErpPlatform.UseErpPlatform(WebApplication app) in /home/shan/critic/p02-tenancy-r6-plants/src/Kernel/Erp.Kernel/Hosting/ErpPlatform.cs:line 202
   at Program.<Main>$(String[] args) in /home/shan/critic/p02-tenancy-r6-plants/src/Host/Erp.Host/Program.cs:line 8
   at Program.<Main>(String[] args)
   at System.Reflection.MethodBaseInvoker.InterpretedInvoke_Method(Object obj, IntPtr* args)
   at System.Reflection.MethodBaseInvoker.InvokeDirectByRefWithFewArgs(Object obj, Span`1 copyOfArgs, BindingFlags invokeAttr)
--- End of stack trace from previous location ---
   at Microsoft.AspNetCore.Mvc.Testing.DeferredHostBuilder.DeferredHost.StartAsync(CancellationToken cancellationToken)
   at Microsoft.Extensions.Hosting.HostingAbstractionsHostExtensions.Start(IHost host)
   at Microsoft.AspNetCore.Mvc.Testing.WebApplicationFactory`1.CreateHost(IHostBuilder builder)
   at Microsoft.AspNetCore.Mvc.Testing.WebApplicationFactory`1.ConfigureHostBuilder(IHostBuilder hostBuilder)
   at Microsoft.AspNetCore.Mvc.Testing.WebApplicationFactory`1.StartServer()
   at Microsoft.AspNetCore.Mvc.Testing.WebApplicationFactory`1.get_Services()
   at Erp.Testing.ErpTestEnvironment.SeedAsync(TestDatabaseServer server, String database, SeedPlan plan, IDictionary`2 settings) in /home/shan/critic/p02-tenancy-r6-plants/tests/Erp.Testing/ErpTestEnvironment.cs:line 128
   at Erp.Testing.ErpTestEnvironment.SeedAsync(TestDatabaseServer server, String database, SeedPlan plan, IDictionary`2 settings) in /home/shan/critic/p02-tenancy-r6-plants/tests/Erp.Testing/ErpTestEnvironment.cs:line 138
   at Erp.Testing.ErpTestEnvironment.<>c__DisplayClass34_0.<<StartGateAsync>b__0>d.MoveNext() in /home/shan/critic/p02-tenancy-r6-plants/tests/Erp.Testing/ErpTestEnvironment.cs:line 90
--- End of stack trace from previous location ---
   at Erp.Testing.TestDatabaseServer.<>c__DisplayClass25_0.<<GateTemplateAsync>b__3>d.MoveNext() in /home/shan/critic/p02-tenancy-r6-plants/tests/Erp.Testing/TestDatabaseServer.cs:line 160
--- End of stack trace from previous location ---
   at Erp.Testing.TestDatabaseServer.GateTemplateAsync(IDictionary`2 settings, Func`2 seed) in /home/shan/critic/p02-tenancy-r6-plants/tests/Erp.Testing/TestDatabaseServer.cs:line 165
   at Erp.Testing.ErpTestEnvironment.StartGateAsync(IDictionary`2 settings) in /home/shan/critic/p02-tenancy-r6-plants/tests/Erp.Testing/ErpTestEnvironment.cs:line 87
   at Erp.Gates.Tests.Infrastructure.GateFixture.InitializeAsync() in /home/shan/critic/p02-tenancy-r6-plants/tests/Erp.Gates.Tests/Infrastructure/GateFixture.cs:line 17
  Failed Erp.Gates.Tests.G2.G2PermissionTests.The_host_refuses_a_list_whose_endpoint_declares_another_permission [1 ms]
  Error Message:
   Assembly fixture type 'Erp.Gates.Tests.Infrastructure.GateFixture' threw in InitializeAsync
---- System.InvalidOperationException : Endpoint authorisation is incomplete:
HTTP: PUT /api/tenancy/tenant => UpdateTenant: declares no permission
  Stack Trace:
  
----- Inner Stack Trace -----
   at Erp.Kernel.Hosting.ErpPlatform.ValidateEndpoints(WebApplication app) in /home/shan/critic/p02-tenancy-r6-plants/src/Kernel/Erp.Kernel/Hosting/ErpPlatform.cs:line 236
   at Erp.Kernel.Hosting.ErpPlatform.UseErpPlatform(WebApplication app) in /home/shan/critic/p02-tenancy-r6-plants/src/Kernel/Erp.Kernel/Hosting/ErpPlatform.cs:line 202
   at Program.<Main>$(String[] args) in /home/shan/critic/p02-tenancy-r6-plants/src/Host/Erp.Host/Program.cs:line 8
   at Program.<Main>(String[] args)
   at System.Reflection.MethodBaseInvoker.InterpretedInvoke_Method(Object obj, IntPtr* args)
   at System.Reflection.MethodBaseInvoker.InvokeDirectByRefWithFewArgs(Object obj, Span`1 copyOfArgs, BindingFlags invokeAttr)
--- End of stack trace from previous location ---
   at Microsoft.AspNetCore.Mvc.Testing.DeferredHostBuilder.DeferredHost.StartAsync(CancellationToken cancellationToken)
   at Microsoft.Extensions.Hosting.HostingAbstractionsHostExtensions.Start(IHost host)
   at Microsoft.AspNetCore.Mvc.Testing.WebApplicationFactory`1.CreateHost(IHostBuilder builder)
   at Microsoft.AspNetCore.Mvc.Testing.WebApplicationFactory`1.ConfigureHostBuilder(IHostBuilder hostBuilder)
   at Microsoft.AspNetCore.Mvc.Testing.WebApplicationFactory`1.StartServer()
   at Microsoft.AspNetCore.Mvc.Testing.WebApplicationFactory`1.get_Services()
   at Erp.Testing.ErpTestEnvironment.SeedAsync(TestDatabaseServer server, String database, SeedPlan plan, IDictionary`2 settings) in /home/shan/critic/p02-tenancy-r6-plants/tests/Erp.Testing/ErpTestEnvironment.cs:line 128
   at Erp.Testing.ErpTestEnvironment.SeedAsync(TestDatabaseServer server, String database, SeedPlan plan, IDictionary`2 settings) in /home/shan/critic/p02-tenancy-r6-plants/tests/Erp.Testing/ErpTestEnvironment.cs:line 138
   at Erp.Testing.ErpTestEnvironment.<>c__DisplayClass34_0.<<StartGateAsync>b__0>d.MoveNext() in /home/shan/critic/p02-tenancy-r6-plants/tests/Erp.Testing/ErpTestEnvironment.cs:line 90
--- End of stack trace from previous location ---
   at Erp.Testing.TestDatabaseServer.<>c__DisplayClass25_0.<<GateTemplateAsync>b__3>d.MoveNext() in /home/shan/critic/p02-tenancy-r6-plants/tests/Erp.Testing/TestDatabaseServer.cs:line 160
--- End of stack trace from previous location ---
   at Erp.Testing.TestDatabaseServer.GateTemplateAsync(IDictionary`2 settings, Func`2 seed) in /home/shan/critic/p02-tenancy-r6-plants/tests/Erp.Testing/TestDatabaseServer.cs:line 165
   at Erp.Testing.ErpTestEnvironment.StartGateAsync(IDictionary`2 settings) in /home/shan/critic/p02-tenancy-r6-plants/tests/Erp.Testing/ErpTestEnvironment.cs:line 87
   at Erp.Gates.Tests.Infrastructure.GateFixture.InitializeAsync() in /home/shan/critic/p02-tenancy-r6-plants/tests/Erp.Gates.Tests/Infrastructure/GateFixture.cs:line 17
[xUnit.net 00:00:05.52]     Erp.Gates.Tests.G2.G2PermissionTests.The_host_refuses_to_start_with_an_endpoint_whose_permission_is_not_in_the_catalogue [FAIL]
[xUnit.net 00:00:05.52]       Assembly fixture type 'Erp.Gates.Tests.Infrastructure.GateFixture' threw in InitializeAsync
[xUnit.net 00:00:05.52]       ---- System.InvalidOperationException : Endpoint authorisation is incomplete:
[xUnit.net 00:00:05.52]       HTTP: PUT /api/tenancy/tenant => UpdateTenant: declares no permission
[xUnit.net 00:00:05.52]       Stack Trace:
[xUnit.net 00:00:05.52]         
[xUnit.net 00:00:05.52]         ----- Inner Stack Trace -----
[xUnit.net 00:00:05.52]         /home/shan/critic/p02-tenancy-r6-plants/src/Kernel/Erp.Kernel/Hosting/ErpPlatform.cs(236,0): at Erp.Kernel.Hosting.ErpPlatform.ValidateEndpoints(WebApplication app)
[xUnit.net 00:00:05.52]         /home/shan/critic/p02-tenancy-r6-plants/src/Kernel/Erp.Kernel/Hosting/ErpPlatform.cs(202,0): at Erp.Kernel.Hosting.ErpPlatform.UseErpPlatform(WebApplication app)
[xUnit.net 00:00:05.52]         /home/shan/critic/p02-tenancy-r6-plants/src/Host/Erp.Host/Program.cs(8,0): at Program.<Main>$(String[] args)
[xUnit.net 00:00:05.52]            at Program.<Main>(String[] args)
[xUnit.net 00:00:05.52]            at System.Reflection.MethodBaseInvoker.InterpretedInvoke_Method(Object obj, IntPtr* args)
[xUnit.net 00:00:05.52]            at System.Reflection.MethodBaseInvoker.InvokeDirectByRefWithFewArgs(Object obj, Span`1 copyOfArgs, BindingFlags invokeAttr)
[xUnit.net 00:00:05.52]         --- End of stack trace from previous location ---
[xUnit.net 00:00:05.52]            at Microsoft.AspNetCore.Mvc.Testing.DeferredHostBuilder.DeferredHost.StartAsync(CancellationToken cancellationToken)
[xUnit.net 00:00:05.52]            at Microsoft.Extensions.Hosting.HostingAbstractionsHostExtensions.Start(IHost host)
[xUnit.net 00:00:05.52]            at Microsoft.AspNetCore.Mvc.Testing.WebApplicationFactory`1.CreateHost(IHostBuilder builder)
[xUnit.net 00:00:05.52]            at Microsoft.AspNetCore.Mvc.Testing.WebApplicationFactory`1.ConfigureHostBuilder(IHostBuilder hostBuilder)
[xUnit.net 00:00:05.52]            at Microsoft.AspNetCore.Mvc.Testing.WebApplicationFactory`1.StartServer()
[xUnit.net 00:00:05.52]            at Microsoft.AspNetCore.Mvc.Testing.WebApplicationFactory`1.get_Services()
[xUnit.net 00:00:05.52]         /home/shan/critic/p02-tenancy-r6-plants/tests/Erp.Testing/ErpTestEnvironment.cs(128,0): at Erp.Testing.ErpTestEnvironment.SeedAsync(TestDatabaseServer server, String database, SeedPlan plan, IDictionary`2 settings)
[xUnit.net 00:00:05.52]         /home/shan/critic/p02-tenancy-r6-plants/tests/Erp.Testing/ErpTestEnvironment.cs(138,0): at Erp.Testing.ErpTestEnvironment.SeedAsync(TestDatabaseServer server, String database, SeedPlan plan, IDictionary`2 settings)
[xUnit.net 00:00:05.52]         /home/shan/critic/p02-tenancy-r6-plants/tests/Erp.Testing/ErpTestEnvironment.cs(90,0): at Erp.Testing.ErpTestEnvironment.<>c__DisplayClass34_0.<<StartGateAsync>b__0>d.MoveNext()
[xUnit.net 00:00:05.52]         --- End of stack trace from previous location ---
[xUnit.net 00:00:05.52]         /home/shan/critic/p02-tenancy-r6-plants/tests/Erp.Testing/TestDatabaseServer.cs(160,0): at Erp.Testing.TestDatabaseServer.<>c__DisplayClass25_0.<<GateTemplateAsync>b__3>d.MoveNext()
[xUnit.net 00:00:05.52]         --- End of stack trace from previous location ---
[xUnit.net 00:00:05.52]         /home/shan/critic/p02-tenancy-r6-plants/tests/Erp.Testing/TestDatabaseServer.cs(165,0): at Erp.Testing.TestDatabaseServer.GateTemplateAsync(IDictionary`2 settings, Func`2 seed)
[xUnit.net 00:00:05.52]         /home/shan/critic/p02-tenancy-r6-plants/tests/Erp.Testing/ErpTestEnvironment.cs(87,0): at Erp.Testing.ErpTestEnvironment.StartGateAsync(IDictionary`2 settings)
[xUnit.net 00:00:05.52]         /home/shan/critic/p02-tenancy-r6-plants/tests/Erp.Gates.Tests/Infrastructure/GateFixture.cs(17,0): at Erp.Gates.Tests.Infrastructure.GateFixture.InitializeAsync()
[xUnit.net 00:00:05.52]     Erp.Gates.Tests.G2.G2PermissionTests.The_host_refuses_to_start_with_an_endpoint_that_declares_no_permission [FAIL]
[xUnit.net 00:00:05.52]       Assembly fixture type 'Erp.Gates.Tests.Infrastructure.GateFixture' threw in InitializeAsync
[xUnit.net 00:00:05.52]       ---- System.InvalidOperationException : Endpoint authorisation is incomplete:
[xUnit.net 00:00:05.52]       HTTP: PUT /api/tenancy/tenant => UpdateTenant: declares no permission
[xUnit.net 00:00:05.52]       Stack Trace:
[xUnit.net 00:00:05.52]         
[xUnit.net 00:00:05.52]         ----- Inner Stack Trace -----
[xUnit.net 00:00:05.52]         /home/shan/critic/p02-tenancy-r6-plants/src/Kernel/Erp.Kernel/Hosting/ErpPlatform.cs(236,0): at Erp.Kernel.Hosting.ErpPlatform.ValidateEndpoints(WebApplication app)
[xUnit.net 00:00:05.52]         /home/shan/critic/p02-tenancy-r6-plants/src/Kernel/Erp.Kernel/Hosting/ErpPlatform.cs(202,0): at Erp.Kernel.Hosting.ErpPlatform.UseErpPlatform(WebApplication app)
[xUnit.net 00:00:05.52]         /home/shan/critic/p02-tenancy-r6-plants/src/Host/Erp.Host/Program.cs(8,0): at Program.<Main>$(String[] args)
[xUnit.net 00:00:05.52]            at Program.<Main>(String[] args)
[xUnit.net 00:00:05.52]            at System.Reflection.MethodBaseInvoker.InterpretedInvoke_Method(Object obj, IntPtr* args)
[xUnit.net 00:00:05.52]            at System.Reflection.MethodBaseInvoker.InvokeDirectByRefWithFewArgs(Object obj, Span`1 copyOfArgs, BindingFlags invokeAttr)
[xUnit.net 00:00:05.52]         --- End of stack trace from previous location ---
[xUnit.net 00:00:05.52]            at Microsoft.AspNetCore.Mvc.Testing.DeferredHostBuilder.DeferredHost.StartAsync(CancellationToken cancellationToken)
[xUnit.net 00:00:05.52]            at Microsoft.Extensions.Hosting.HostingAbstractionsHostExtensions.Start(IHost host)
[xUnit.net 00:00:05.52]            at Microsoft.AspNetCore.Mvc.Testing.WebApplicationFactory`1.CreateHost(IHostBuilder builder)
[xUnit.net 00:00:05.52]            at Microsoft.AspNetCore.Mvc.Testing.WebApplicationFactory`1.ConfigureHostBuilder(IHostBuilder hostBuilder)
[xUnit.net 00:00:05.52]            at Microsoft.AspNetCore.Mvc.Testing.WebApplicationFactory`1.StartServer()
[xUnit.net 00:00:05.52]            at Microsoft.AspNetCore.Mvc.Testing.WebApplicationFactory`1.get_Services()
[xUnit.net 00:00:05.52]         /home/shan/critic/p02-tenancy-r6-plants/tests/Erp.Testing/ErpTestEnvironment.cs(128,0): at Erp.Testing.ErpTestEnvironment.SeedAsync(TestDatabaseServer server, String database, SeedPlan plan, IDictionary`2 settings)
[xUnit.net 00:00:05.52]         /home/shan/critic/p02-tenancy-r6-plants/tests/Erp.Testing/ErpTestEnvironment.cs(138,0): at Erp.Testing.ErpTestEnvironment.SeedAsync(TestDatabaseServer server, String database, SeedPlan plan, IDictionary`2 settings)
[xUnit.net 00:00:05.52]         /home/shan/critic/p02-tenancy-r6-plants/tests/Erp.Testing/ErpTestEnvironment.cs(90,0): at Erp.Testing.ErpTestEnvironment.<>c__DisplayClass34_0.<<StartGateAsync>b__0>d.MoveNext()
[xUnit.net 00:00:05.52]         --- End of stack trace from previous location ---
[xUnit.net 00:00:05.52]         /home/shan/critic/p02-tenancy-r6-plants/tests/Erp.Testing/TestDatabaseServer.cs(160,0): at Erp.Testing.TestDatabaseServer.<>c__DisplayClass25_0.<<GateTemplateAsync>b__3>d.MoveNext()
[xUnit.net 00:00:05.52]         --- End of stack trace from previous location ---
[xUnit.net 00:00:05.52]         /home/shan/critic/p02-tenancy-r6-plants/tests/Erp.Testing/TestDatabaseServer.cs(165,0): at Erp.Testing.TestDatabaseServer.GateTemplateAsync(IDictionary`2 settings, Func`2 seed)
[xUnit.net 00:00:05.52]         /home/shan/critic/p02-tenancy-r6-plants/tests/Erp.Testing/ErpTestEnvironment.cs(87,0): at Erp.Testing.ErpTestEnvironment.StartGateAsync(IDictionary`2 settings)
[xUnit.net 00:00:05.52]         /home/shan/critic/p02-tenancy-r6-plants/tests/Erp.Gates.Tests/Infrastructure/GateFixture.cs(17,0): at Erp.Gates.Tests.Infrastructure.GateFixture.InitializeAsync()
[xUnit.net 00:00:05.52]     Erp.Gates.Tests.G2.G2PermissionTests.No_endpoint_grants_more_than_the_caller_holds [FAIL]
[xUnit.net 00:00:05.52]       Assembly fixture type 'Erp.Gates.Tests.Infrastructure.GateFixture' threw in InitializeAsync
[xUnit.net 00:00:05.52]       ---- System.InvalidOperationException : Endpoint authorisation is incomplete:
[xUnit.net 00:00:05.52]       HTTP: PUT /api/tenancy/tenant => UpdateTenant: declares no permission
[xUnit.net 00:00:05.52]       Stack Trace:
[xUnit.net 00:00:05.52]         
[xUnit.net 00:00:05.52]         ----- Inner Stack Trace -----
[xUnit.net 00:00:05.52]         /home/shan/critic/p02-tenancy-r6-plants/src/Kernel/Erp.Kernel/Hosting/ErpPlatform.cs(236,0): at Erp.Kernel.Hosting.ErpPlatform.ValidateEndpoints(WebApplication app)
[xUnit.net 00:00:05.52]         /home/shan/critic/p02-tenancy-r6-plants/src/Kernel/Erp.Kernel/Hosting/ErpPlatform.cs(202,0): at Erp.Kernel.Hosting.ErpPlatform.UseErpPlatform(WebApplication app)
[xUnit.net 00:00:05.52]         /home/shan/critic/p02-tenancy-r6-plants/src/Host/Erp.Host/Program.cs(8,0): at Program.<Main>$(String[] args)
[xUnit.net 00:00:05.52]            at Program.<Main>(String[] args)
[xUnit.net 00:00:05.52]            at System.Reflection.MethodBaseInvoker.InterpretedInvoke_Method(Object obj, IntPtr* args)
[xUnit.net 00:00:05.52]            at System.Reflection.MethodBaseInvoker.InvokeDirectByRefWithFewArgs(Object obj, Span`1 copyOfArgs, BindingFlags invokeAttr)
[xUnit.net 00:00:05.52]         --- End of stack trace from previous location ---
[xUnit.net 00:00:05.52]            at Microsoft.AspNetCore.Mvc.Testing.DeferredHostBuilder.DeferredHost.StartAsync(CancellationToken cancellationToken)
[xUnit.net 00:00:05.52]            at Microsoft.Extensions.Hosting.HostingAbstractionsHostExtensions.Start(IHost host)
[xUnit.net 00:00:05.52]            at Microsoft.AspNetCore.Mvc.Testing.WebApplicationFactory`1.CreateHost(IHostBuilder builder)
[xUnit.net 00:00:05.52]            at Microsoft.AspNetCore.Mvc.Testing.WebApplicationFactory`1.ConfigureHostBuilder(IHostBuilder hostBuilder)
[xUnit.net 00:00:05.52]            at Microsoft.AspNetCore.Mvc.Testing.WebApplicationFactory`1.StartServer()
[xUnit.net 00:00:05.52]            at Microsoft.AspNetCore.Mvc.Testing.WebApplicationFactory`1.get_Services()
[xUnit.net 00:00:05.52]         /home/shan/critic/p02-tenancy-r6-plants/tests/Erp.Testing/ErpTestEnvironment.cs(128,0): at Erp.Testing.ErpTestEnvironment.SeedAsync(TestDatabaseServer server, String database, SeedPlan plan, IDictionary`2 settings)
[xUnit.net 00:00:05.52]         /home/shan/critic/p02-tenancy-r6-plants/tests/Erp.Testing/ErpTestEnvironment.cs(138,0): at Erp.Testing.ErpTestEnvironment.SeedAsync(TestDatabaseServer server, String database, SeedPlan plan, IDictionary`2 settings)
[xUnit.net 00:00:05.52]         /home/shan/critic/p02-tenancy-r6-plants/tests/Erp.Testing/ErpTestEnvironment.cs(90,0): at Erp.Testing.ErpTestEnvironment.<>c__DisplayClass34_0.<<StartGateAsync>b__0>d.MoveNext()
[xUnit.net 00:00:05.52]         --- End of stack trace from previous location ---
[xUnit.net 00:00:05.52]         /home/shan/critic/p02-tenancy-r6-plants/tests/Erp.Testing/TestDatabaseServer.cs(160,0): at Erp.Testing.TestDatabaseServer.<>c__DisplayClass25_0.<<GateTemplateAsync>b__3>d.MoveNext()
[xUnit.net 00:00:05.52]         --- End of stack trace from previous location ---
[xUnit.net 00:00:05.52]         /home/shan/critic/p02-tenancy-r6-plants/tests/Erp.Testing/TestDatabaseServer.cs(165,0): at Erp.Testing.TestDatabaseServer.GateTemplateAsync(IDictionary`2 settings, Func`2 seed)
[xUnit.net 00:00:05.52]         /home/shan/critic/p02-tenancy-r6-plants/tests/Erp.Testing/ErpTestEnvironment.cs(87,0): at Erp.Testing.ErpTestEnvironment.StartGateAsync(IDictionary`2 settings)
[xUnit.net 00:00:05.52]         /home/shan/critic/p02-tenancy-r6-plants/tests/Erp.Gates.Tests/Infrastructure/GateFixture.cs(17,0): at Erp.Gates.Tests.Infrastructure.GateFixture.InitializeAsync()
[xUnit.net 00:00:05.52]     Erp.Gates.Tests.G2.G2PermissionTests.Creating_a_user_cannot_grant_more_than_the_caller_holds [FAIL]
[xUnit.net 00:00:05.52]       Assembly fixture type 'Erp.Gates.Tests.Infrastructure.GateFixture' threw in InitializeAsync
[xUnit.net 00:00:05.52]       ---- System.InvalidOperationException : Endpoint authorisation is incomplete:
[xUnit.net 00:00:05.52]       HTTP: PUT /api/tenancy/tenant => UpdateTenant: declares no permission
[xUnit.net 00:00:05.52]       Stack Trace:
[xUnit.net 00:00:05.52]         
[xUnit.net 00:00:05.52]         ----- Inner Stack Trace -----
[xUnit.net 00:00:05.52]         /home/shan/critic/p02-tenancy-r6-plants/src/Kernel/Erp.Kernel/Hosting/ErpPlatform.cs(236,0): at Erp.Kernel.Hosting.ErpPlatform.ValidateEndpoints(WebApplication app)
[xUnit.net 00:00:05.52]         /home/shan/critic/p02-tenancy-r6-plants/src/Kernel/Erp.Kernel/Hosting/ErpPlatform.cs(202,0): at Erp.Kernel.Hosting.ErpPlatform.UseErpPlatform(WebApplication app)
[xUnit.net 00:00:05.52]         /home/shan/critic/p02-tenancy-r6-plants/src/Host/Erp.Host/Program.cs(8,0): at Program.<Main>$(String[] args)
[xUnit.net 00:00:05.52]            at Program.<Main>(String[] args)
[xUnit.net 00:00:05.52]            at System.Reflection.MethodBaseInvoker.InterpretedInvoke_Method(Object obj, IntPtr* args)
[xUnit.net 00:00:05.52]            at System.Reflection.MethodBaseInvoker.InvokeDirectByRefWithFewArgs(Object obj, Span`1 copyOfArgs, BindingFlags invokeAttr)
[xUnit.net 00:00:05.52]         --- End of stack trace from previous location ---
[xUnit.net 00:00:05.52]            at Microsoft.AspNetCore.Mvc.Testing.DeferredHostBuilder.DeferredHost.StartAsync(CancellationToken cancellationToken)
[xUnit.net 00:00:05.52]            at Microsoft.Extensions.Hosting.HostingAbstractionsHostExtensions.Start(IHost host)
[xUnit.net 00:00:05.52]            at Microsoft.AspNetCore.Mvc.Testing.WebApplicationFactory`1.CreateHost(IHostBuilder builder)
[xUnit.net 00:00:05.52]            at Microsoft.AspNetCore.Mvc.Testing.WebApplicationFactory`1.ConfigureHostBuilder(IHostBuilder hostBuilder)
[xUnit.net 00:00:05.52]            at Microsoft.AspNetCore.Mvc.Testing.WebApplicationFactory`1.StartServer()
[xUnit.net 00:00:05.52]            at Microsoft.AspNetCore.Mvc.Testing.WebApplicationFactory`1.get_Services()
[xUnit.net 00:00:05.52]         /home/shan/critic/p02-tenancy-r6-plants/tests/Erp.Testing/ErpTestEnvironment.cs(128,0): at Erp.Testing.ErpTestEnvironment.SeedAsync(TestDatabaseServer server, String database, SeedPlan plan, IDictionary`2 settings)
[xUnit.net 00:00:05.52]         /home/shan/critic/p02-tenancy-r6-plants/tests/Erp.Testing/ErpTestEnvironment.cs(138,0): at Erp.Testing.ErpTestEnvironment.SeedAsync(TestDatabaseServer server, String database, SeedPlan plan, IDictionary`2 settings)
[xUnit.net 00:00:05.52]         /home/shan/critic/p02-tenancy-r6-plants/tests/Erp.Testing/ErpTestEnvironment.cs(90,0): at Erp.Testing.ErpTestEnvironment.<>c__DisplayClass34_0.<<StartGateAsync>b__0>d.MoveNext()
[xUnit.net 00:00:05.52]         --- End of stack trace from previous location ---
[xUnit.net 00:00:05.52]         /home/shan/critic/p02-tenancy-r6-plants/tests/Erp.Testing/TestDatabaseServer.cs(160,0): at Erp.Testing.TestDatabaseServer.<>c__DisplayClass25_0.<<GateTemplateAsync>b__3>d.MoveNext()
[xUnit.net 00:00:05.52]         --- End of stack trace from previous location ---
[xUnit.net 00:00:05.52]         /home/shan/critic/p02-tenancy-r6-plants/tests/Erp.Testing/TestDatabaseServer.cs(165,0): at Erp.Testing.TestDatabaseServer.GateTemplateAsync(IDictionary`2 settings, Func`2 seed)
[xUnit.net 00:00:05.52]         /home/shan/critic/p02-tenancy-r6-plants/tests/Erp.Testing/ErpTestEnvironment.cs(87,0): at Erp.Testing.ErpTestEnvironment.StartGateAsync(IDictionary`2 settings)
[xUnit.net 00:00:05.52]         /home/shan/critic/p02-tenancy-r6-plants/tests/Erp.Gates.Tests/Infrastructure/GateFixture.cs(17,0): at Erp.Gates.Tests.Infrastructure.GateFixture.InitializeAsync()
[xUnit.net 00:00:05.52]     Erp.Gates.Tests.G2.G2PermissionTests.Users_cannot_escalate_their_own_privileges [FAIL]
[xUnit.net 00:00:05.52]       Assembly fixture type 'Erp.Gates.Tests.Infrastructure.GateFixture' threw in InitializeAsync
[xUnit.net 00:00:05.52]       ---- System.InvalidOperationException : Endpoint authorisation is incomplete:
[xUnit.net 00:00:05.52]       HTTP: PUT /api/tenancy/tenant => UpdateTenant: declares no permission
[xUnit.net 00:00:05.52]       Stack Trace:
[xUnit.net 00:00:05.52]         
[xUnit.net 00:00:05.52]         ----- Inner Stack Trace -----
[xUnit.net 00:00:05.52]         /home/shan/critic/p02-tenancy-r6-plants/src/Kernel/Erp.Kernel/Hosting/ErpPlatform.cs(236,0): at Erp.Kernel.Hosting.ErpPlatform.ValidateEndpoints(WebApplication app)
[xUnit.net 00:00:05.52]         /home/shan/critic/p02-tenancy-r6-plants/src/Kernel/Erp.Kernel/Hosting/ErpPlatform.cs(202,0): at Erp.Kernel.Hosting.ErpPlatform.UseErpPlatform(WebApplication app)
[xUnit.net 00:00:05.52]         /home/shan/critic/p02-tenancy-r6-plants/src/Host/Erp.Host/Program.cs(8,0): at Program.<Main>$(String[] args)
[xUnit.net 00:00:05.52]            at Program.<Main>(String[] args)
[xUnit.net 00:00:05.52]            at System.Reflection.MethodBaseInvoker.InterpretedInvoke_Method(Object obj, IntPtr* args)
[xUnit.net 00:00:05.52]            at System.Reflection.MethodBaseInvoker.InvokeDirectByRefWithFewArgs(Object obj, Span`1 copyOfArgs, BindingFlags invokeAttr)
[xUnit.net 00:00:05.52]         --- End of stack trace from previous location ---
[xUnit.net 00:00:05.52]            at Microsoft.AspNetCore.Mvc.Testing.DeferredHostBuilder.DeferredHost.StartAsync(CancellationToken cancellationToken)
[xUnit.net 00:00:05.52]            at Microsoft.Extensions.Hosting.HostingAbstractionsHostExtensions.Start(IHost host)
[xUnit.net 00:00:05.52]            at Microsoft.AspNetCore.Mvc.Testing.WebApplicationFactory`1.CreateHost(IHostBuilder builder)
[xUnit.net 00:00:05.52]            at Microsoft.AspNetCore.Mvc.Testing.WebApplicationFactory`1.ConfigureHostBuilder(IHostBuilder hostBuilder)
[xUnit.net 00:00:05.52]            at Microsoft.AspNetCore.Mvc.Testing.WebApplicationFactory`1.StartServer()
[xUnit.net 00:00:05.52]            at Microsoft.AspNetCore.Mvc.Testing.WebApplicationFactory`1.get_Services()
[xUnit.net 00:00:05.52]         /home/shan/critic/p02-tenancy-r6-plants/tests/Erp.Testing/ErpTestEnvironment.cs(128,0): at Erp.Testing.ErpTestEnvironment.SeedAsync(TestDatabaseServer server, String database, SeedPlan plan, IDictionary`2 settings)
[xUnit.net 00:00:05.52]         /home/shan/critic/p02-tenancy-r6-plants/tests/Erp.Testing/ErpTestEnvironment.cs(138,0): at Erp.Testing.ErpTestEnvironment.SeedAsync(TestDatabaseServer server, String database, SeedPlan plan, IDictionary`2 settings)
[xUnit.net 00:00:05.52]         /home/shan/critic/p02-tenancy-r6-plants/tests/Erp.Testing/ErpTestEnvironment.cs(90,0): at Erp.Testing.ErpTestEnvironment.<>c__DisplayClass34_0.<<StartGateAsync>b__0>d.MoveNext()
[xUnit.net 00:00:05.52]         --- End of stack trace from previous location ---
[xUnit.net 00:00:05.52]         /home/shan/critic/p02-tenancy-r6-plants/tests/Erp.Testing/TestDatabaseServer.cs(160,0): at Erp.Testing.TestDatabaseServer.<>c__DisplayClass25_0.<<GateTemplateAsync>b__3>d.MoveNext()
[xUnit.net 00:00:05.52]         --- End of stack trace from previous location ---
[xUnit.net 00:00:05.52]         /home/shan/critic/p02-tenancy-r6-plants/tests/Erp.Testing/TestDatabaseServer.cs(165,0): at Erp.Testing.TestDatabaseServer.GateTemplateAsync(IDictionary`2 settings, Func`2 seed)
[xUnit.net 00:00:05.52]         /home/shan/critic/p02-tenancy-r6-plants/tests/Erp.Testing/ErpTestEnvironment.cs(87,0): at Erp.Testing.ErpTestEnvironment.StartGateAsync(IDictionary`2 settings)
[xUnit.net 00:00:05.52]         /home/shan/critic/p02-tenancy-r6-plants/tests/Erp.Gates.Tests/Infrastructure/GateFixture.cs(17,0): at Erp.Gates.Tests.Infrastructure.GateFixture.InitializeAsync()
[xUnit.net 00:00:05.52]     Erp.Gates.Tests.G2.G2PermissionTests.Granting_exactly_one_permission_opens_exactly_the_endpoints_that_declare_it [FAIL]
[xUnit.net 00:00:05.52]       Assembly fixture type 'Erp.Gates.Tests.Infrastructure.GateFixture' threw in InitializeAsync
[xUnit.net 00:00:05.52]       ---- System.InvalidOperationException : Endpoint authorisation is incomplete:
[xUnit.net 00:00:05.52]       HTTP: PUT /api/tenancy/tenant => UpdateTenant: declares no permission
[xUnit.net 00:00:05.52]       Stack Trace:
[xUnit.net 00:00:05.52]         
[xUnit.net 00:00:05.52]         ----- Inner Stack Trace -----
[xUnit.net 00:00:05.52]         /home/shan/critic/p02-tenancy-r6-plants/src/Kernel/Erp.Kernel/Hosting/ErpPlatform.cs(236,0): at Erp.Kernel.Hosting.ErpPlatform.ValidateEndpoints(WebApplication app)
[xUnit.net 00:00:05.52]         /home/shan/critic/p02-tenancy-r6-plants/src/Kernel/Erp.Kernel/Hosting/ErpPlatform.cs(202,0): at Erp.Kernel.Hosting.ErpPlatform.UseErpPlatform(WebApplication app)
[xUnit.net 00:00:05.52]         /home/shan/critic/p02-tenancy-r6-plants/src/Host/Erp.Host/Program.cs(8,0): at Program.<Main>$(String[] args)
[xUnit.net 00:00:05.52]            at Program.<Main>(String[] args)
[xUnit.net 00:00:05.52]            at System.Reflection.MethodBaseInvoker.InterpretedInvoke_Method(Object obj, IntPtr* args)
[xUnit.net 00:00:05.52]            at System.Reflection.MethodBaseInvoker.InvokeDirectByRefWithFewArgs(Object obj, Span`1 copyOfArgs, BindingFlags invokeAttr)
[xUnit.net 00:00:05.52]         --- End of stack trace from previous location ---
[xUnit.net 00:00:05.52]            at Microsoft.AspNetCore.Mvc.Testing.DeferredHostBuilder.DeferredHost.StartAsync(CancellationToken cancellationToken)
[xUnit.net 00:00:05.52]            at Microsoft.Extensions.Hosting.HostingAbstractionsHostExtensions.Start(IHost host)
[xUnit.net 00:00:05.52]            at Microsoft.AspNetCore.Mvc.Testing.WebApplicationFactory`1.CreateHost(IHostBuilder builder)
[xUnit.net 00:00:05.52]            at Microsoft.AspNetCore.Mvc.Testing.WebApplicationFactory`1.ConfigureHostBuilder(IHostBuilder hostBuilder)
[xUnit.net 00:00:05.52]            at Microsoft.AspNetCore.Mvc.Testing.WebApplicationFactory`1.StartServer()
[xUnit.net 00:00:05.52]            at Microsoft.AspNetCore.Mvc.Testing.WebApplicationFactory`1.get_Services()
[xUnit.net 00:00:05.52]         /home/shan/critic/p02-tenancy-r6-plants/tests/Erp.Testing/ErpTestEnvironment.cs(128,0): at Erp.Testing.ErpTestEnvironment.SeedAsync(TestDatabaseServer server, String database, SeedPlan plan, IDictionary`2 settings)
[xUnit.net 00:00:05.52]         /home/shan/critic/p02-tenancy-r6-plants/tests/Erp.Testing/ErpTestEnvironment.cs(138,0): at Erp.Testing.ErpTestEnvironment.SeedAsync(TestDatabaseServer server, String database, SeedPlan plan, IDictionary`2 settings)
[xUnit.net 00:00:05.52]         /home/shan/critic/p02-tenancy-r6-plants/tests/Erp.Testing/ErpTestEnvironment.cs(90,0): at Erp.Testing.ErpTestEnvironment.<>c__DisplayClass34_0.<<StartGateAsync>b__0>d.MoveNext()
[xUnit.net 00:00:05.52]         --- End of stack trace from previous location ---
[xUnit.net 00:00:05.52]         /home/shan/critic/p02-tenancy-r6-plants/tests/Erp.Testing/TestDatabaseServer.cs(160,0): at Erp.Testing.TestDatabaseServer.<>c__DisplayClass25_0.<<GateTemplateAsync>b__3>d.MoveNext()
[xUnit.net 00:00:05.52]         --- End of stack trace from previous location ---
[xUnit.net 00:00:05.52]         /home/shan/critic/p02-tenancy-r6-plants/tests/Erp.Testing/TestDatabaseServer.cs(165,0): at Erp.Testing.TestDatabaseServer.GateTemplateAsync(IDictionary`2 settings, Func`2 seed)
[xUnit.net 00:00:05.52]         /home/shan/critic/p02-tenancy-r6-plants/tests/Erp.Testing/ErpTestEnvironment.cs(87,0): at Erp.Testing.ErpTestEnvironment.StartGateAsync(IDictionary`2 settings)
[xUnit.net 00:00:05.52]         /home/shan/critic/p02-tenancy-r6-plants/tests/Erp.Gates.Tests/Infrastructure/GateFixture.cs(17,0): at Erp.Gates.Tests.Infrastructure.GateFixture.InitializeAsync()
[xUnit.net 00:00:05.52]     Erp.Gates.Tests.G2.G2PermissionTests.A_user_whose_roles_grant_nothing_is_denied_everything_and_sees_no_menu [FAIL]
[xUnit.net 00:00:05.52]       Assembly fixture type 'Erp.Gates.Tests.Infrastructure.GateFixture' threw in InitializeAsync
[xUnit.net 00:00:05.52]       ---- System.InvalidOperationException : Endpoint authorisation is incomplete:
[xUnit.net 00:00:05.52]       HTTP: PUT /api/tenancy/tenant => UpdateTenant: declares no permission
[xUnit.net 00:00:05.52]       Stack Trace:
[xUnit.net 00:00:05.52]         
[xUnit.net 00:00:05.52]         ----- Inner Stack Trace -----
[xUnit.net 00:00:05.52]         /home/shan/critic/p02-tenancy-r6-plants/src/Kernel/Erp.Kernel/Hosting/ErpPlatform.cs(236,0): at Erp.Kernel.Hosting.ErpPlatform.ValidateEndpoints(WebApplication app)
[xUnit.net 00:00:05.52]         /home/shan/critic/p02-tenancy-r6-plants/src/Kernel/Erp.Kernel/Hosting/ErpPlatform.cs(202,0): at Erp.Kernel.Hosting.ErpPlatform.UseErpPlatform(WebApplication app)
[xUnit.net 00:00:05.52]         /home/shan/critic/p02-tenancy-r6-plants/src/Host/Erp.Host/Program.cs(8,0): at Program.<Main>$(String[] args)
[xUnit.net 00:00:05.52]            at Program.<Main>(String[] args)
[xUnit.net 00:00:05.52]            at System.Reflection.MethodBaseInvoker.InterpretedInvoke_Method(Object obj, IntPtr* args)
[xUnit.net 00:00:05.52]            at System.Reflection.MethodBaseInvoker.InvokeDirectByRefWithFewArgs(Object obj, Span`1 copyOfArgs, BindingFlags invokeAttr)
[xUnit.net 00:00:05.52]         --- End of stack trace from previous location ---
[xUnit.net 00:00:05.52]            at Microsoft.AspNetCore.Mvc.Testing.DeferredHostBuilder.DeferredHost.StartAsync(CancellationToken cancellationToken)
[xUnit.net 00:00:05.52]            at Microsoft.Extensions.Hosting.HostingAbstractionsHostExtensions.Start(IHost host)
[xUnit.net 00:00:05.52]            at Microsoft.AspNetCore.Mvc.Testing.WebApplicationFactory`1.CreateHost(IHostBuilder builder)
[xUnit.net 00:00:05.52]            at Microsoft.AspNetCore.Mvc.Testing.WebApplicationFactory`1.ConfigureHostBuilder(IHostBuilder hostBuilder)
[xUnit.net 00:00:05.52]            at Microsoft.AspNetCore.Mvc.Testing.WebApplicationFactory`1.StartServer()
[xUnit.net 00:00:05.52]            at Microsoft.AspNetCore.Mvc.Testing.WebApplicationFactory`1.get_Services()
[xUnit.net 00:00:05.52]         /home/shan/critic/p02-tenancy-r6-plants/tests/Erp.Testing/ErpTestEnvironment.cs(128,0): at Erp.Testing.ErpTestEnvironment.SeedAsync(TestDatabaseServer server, String database, SeedPlan plan, IDictionary`2 settings)
[xUnit.net 00:00:05.52]         /home/shan/critic/p02-tenancy-r6-plants/tests/Erp.Testing/ErpTestEnvironment.cs(138,0): at Erp.Testing.ErpTestEnvironment.SeedAsync(TestDatabaseServer server, String database, SeedPlan plan, IDictionary`2 settings)
[xUnit.net 00:00:05.52]         /home/shan/critic/p02-tenancy-r6-plants/tests/Erp.Testing/ErpTestEnvironment.cs(90,0): at Erp.Testing.ErpTestEnvironment.<>c__DisplayClass34_0.<<StartGateAsync>b__0>d.MoveNext()
[xUnit.net 00:00:05.52]         --- End of stack trace from previous location ---
[xUnit.net 00:00:05.52]         /home/shan/critic/p02-tenancy-r6-plants/tests/Erp.Testing/TestDatabaseServer.cs(160,0): at Erp.Testing.TestDatabaseServer.<>c__DisplayClass25_0.<<GateTemplateAsync>b__3>d.MoveNext()
[xUnit.net 00:00:05.52]         --- End of stack trace from previous location ---
[xUnit.net 00:00:05.52]         /home/shan/critic/p02-tenancy-r6-plants/tests/Erp.Testing/TestDatabaseServer.cs(165,0): at Erp.Testing.TestDatabaseServer.GateTemplateAsync(IDictionary`2 settings, Func`2 seed)
[xUnit.net 00:00:05.52]         /home/shan/critic/p02-tenancy-r6-plants/tests/Erp.Testing/ErpTestEnvironment.cs(87,0): at Erp.Testing.ErpTestEnvironment.StartGateAsync(IDictionary`2 settings)
[xUnit.net 00:00:05.52]         /home/shan/critic/p02-tenancy-r6-plants/tests/Erp.Gates.Tests/Infrastructure/GateFixture.cs(17,0): at Erp.Gates.Tests.Infrastructure.GateFixture.InitializeAsync()
[xUnit.net 00:00:05.52]     Erp.Gates.Tests.G2.G2PermissionTests.Anonymous_callers_get_401_from_every_permissioned_endpoint [FAIL]
[xUnit.net 00:00:05.52]       Assembly fixture type 'Erp.Gates.Tests.Infrastructure.GateFixture' threw in InitializeAsync
[xUnit.net 00:00:05.52]       ---- System.InvalidOperationException : Endpoint authorisation is incomplete:
[xUnit.net 00:00:05.52]       HTTP: PUT /api/tenancy/tenant => UpdateTenant: declares no permission
[xUnit.net 00:00:05.52]       Stack Trace:
[xUnit.net 00:00:05.52]         
[xUnit.net 00:00:05.52]         ----- Inner Stack Trace -----
[xUnit.net 00:00:05.52]         /home/shan/critic/p02-tenancy-r6-plants/src/Kernel/Erp.Kernel/Hosting/ErpPlatform.cs(236,0): at Erp.Kernel.Hosting.ErpPlatform.ValidateEndpoints(WebApplication app)
[xUnit.net 00:00:05.52]         /home/shan/critic/p02-tenancy-r6-plants/src/Kernel/Erp.Kernel/Hosting/ErpPlatform.cs(202,0): at Erp.Kernel.Hosting.ErpPlatform.UseErpPlatform(WebApplication app)
[xUnit.net 00:00:05.52]         /home/shan/critic/p02-tenancy-r6-plants/src/Host/Erp.Host/Program.cs(8,0): at Program.<Main>$(String[] args)
[xUnit.net 00:00:05.52]            at Program.<Main>(String[] args)
[xUnit.net 00:00:05.52]            at System.Reflection.MethodBaseInvoker.InterpretedInvoke_Method(Object obj, IntPtr* args)
[xUnit.net 00:00:05.52]            at System.Reflection.MethodBaseInvoker.InvokeDirectByRefWithFewArgs(Object obj, Span`1 copyOfArgs, BindingFlags invokeAttr)
[xUnit.net 00:00:05.52]         --- End of stack trace from previous location ---
[xUnit.net 00:00:05.52]            at Microsoft.AspNetCore.Mvc.Testing.DeferredHostBuilder.DeferredHost.StartAsync(CancellationToken cancellationToken)
[xUnit.net 00:00:05.52]            at Microsoft.Extensions.Hosting.HostingAbstractionsHostExtensions.Start(IHost host)
[xUnit.net 00:00:05.52]            at Microsoft.AspNetCore.Mvc.Testing.WebApplicationFactory`1.CreateHost(IHostBuilder builder)
[xUnit.net 00:00:05.52]            at Microsoft.AspNetCore.Mvc.Testing.WebApplicationFactory`1.ConfigureHostBuilder(IHostBuilder hostBuilder)
[xUnit.net 00:00:05.52]            at Microsoft.AspNetCore.Mvc.Testing.WebApplicationFactory`1.StartServer()
[xUnit.net 00:00:05.52]            at Microsoft.AspNetCore.Mvc.Testing.WebApplicationFactory`1.get_Services()
[xUnit.net 00:00:05.52]         /home/shan/critic/p02-tenancy-r6-plants/tests/Erp.Testing/ErpTestEnvironment.cs(128,0): at Erp.Testing.ErpTestEnvironment.SeedAsync(TestDatabaseServer server, String database, SeedPlan plan, IDictionary`2 settings)
[xUnit.net 00:00:05.52]         /home/shan/critic/p02-tenancy-r6-plants/tests/Erp.Testing/ErpTestEnvironment.cs(138,0): at Erp.Testing.ErpTestEnvironment.SeedAsync(TestDatabaseServer server, String database, SeedPlan plan, IDictionary`2 settings)
[xUnit.net 00:00:05.52]         /home/shan/critic/p02-tenancy-r6-plants/tests/Erp.Testing/ErpTestEnvironment.cs(90,0): at Erp.Testing.ErpTestEnvironment.<>c__DisplayClass34_0.<<StartGateAsync>b__0>d.MoveNext()
[xUnit.net 00:00:05.52]         --- End of stack trace from previous location ---
[xUnit.net 00:00:05.52]         /home/shan/critic/p02-tenancy-r6-plants/tests/Erp.Testing/TestDatabaseServer.cs(160,0): at Erp.Testing.TestDatabaseServer.<>c__DisplayClass25_0.<<GateTemplateAsync>b__3>d.MoveNext()
[xUnit.net 00:00:05.52]         --- End of stack trace from previous location ---
[xUnit.net 00:00:05.52]         /home/shan/critic/p02-tenancy-r6-plants/tests/Erp.Testing/TestDatabaseServer.cs(165,0): at Erp.Testing.TestDatabaseServer.GateTemplateAsync(IDictionary`2 settings, Func`2 seed)
[xUnit.net 00:00:05.52]         /home/shan/critic/p02-tenancy-r6-plants/tests/Erp.Testing/ErpTestEnvironment.cs(87,0): at Erp.Testing.ErpTestEnvironment.StartGateAsync(IDictionary`2 settings)
[xUnit.net 00:00:05.52]         /home/shan/critic/p02-tenancy-r6-plants/tests/Erp.Gates.Tests/Infrastructure/GateFixture.cs(17,0): at Erp.Gates.Tests.Infrastructure.GateFixture.InitializeAsync()
[xUnit.net 00:00:05.52]     Erp.Gates.Tests.G2.G2PermissionTests.Every_declared_permission_is_in_the_catalogue_and_every_catalogue_permission_is_used [FAIL]
[xUnit.net 00:00:05.52]       Assembly fixture type 'Erp.Gates.Tests.Infrastructure.GateFixture' threw in InitializeAsync
[xUnit.net 00:00:05.52]       ---- System.InvalidOperationException : Endpoint authorisation is incomplete:
[xUnit.net 00:00:05.52]       HTTP: PUT /api/tenancy/tenant => UpdateTenant: declares no permission
[xUnit.net 00:00:05.52]       Stack Trace:
[xUnit.net 00:00:05.52]         
[xUnit.net 00:00:05.52]         ----- Inner Stack Trace -----
[xUnit.net 00:00:05.52]         /home/shan/critic/p02-tenancy-r6-plants/src/Kernel/Erp.Kernel/Hosting/ErpPlatform.cs(236,0): at Erp.Kernel.Hosting.ErpPlatform.ValidateEndpoints(WebApplication app)
[xUnit.net 00:00:05.52]         /home/shan/critic/p02-tenancy-r6-plants/src/Kernel/Erp.Kernel/Hosting/ErpPlatform.cs(202,0): at Erp.Kernel.Hosting.ErpPlatform.UseErpPlatform(WebApplication app)
[xUnit.net 00:00:05.52]         /home/shan/critic/p02-tenancy-r6-plants/src/Host/Erp.Host/Program.cs(8,0): at Program.<Main>$(String[] args)
[xUnit.net 00:00:05.52]            at Program.<Main>(String[] args)
[xUnit.net 00:00:05.52]            at System.Reflection.MethodBaseInvoker.InterpretedInvoke_Method(Object obj, IntPtr* args)
[xUnit.net 00:00:05.52]            at System.Reflection.MethodBaseInvoker.InvokeDirectByRefWithFewArgs(Object obj, Span`1 copyOfArgs, BindingFlags invokeAttr)
[xUnit.net 00:00:05.52]         --- End of stack trace from previous location ---
[xUnit.net 00:00:05.52]            at Microsoft.AspNetCore.Mvc.Testing.DeferredHostBuilder.DeferredHost.StartAsync(CancellationToken cancellationToken)
[xUnit.net 00:00:05.52]            at Microsoft.Extensions.Hosting.HostingAbstractionsHostExtensions.Start(IHost host)
[xUnit.net 00:00:05.52]            at Microsoft.AspNetCore.Mvc.Testing.WebApplicationFactory`1.CreateHost(IHostBuilder builder)
[xUnit.net 00:00:05.52]            at Microsoft.AspNetCore.Mvc.Testing.WebApplicationFactory`1.ConfigureHostBuilder(IHostBuilder hostBuilder)
[xUnit.net 00:00:05.52]            at Microsoft.AspNetCore.Mvc.Testing.WebApplicationFactory`1.StartServer()
[xUnit.net 00:00:05.52]            at Microsoft.AspNetCore.Mvc.Testing.WebApplicationFactory`1.get_Services()
[xUnit.net 00:00:05.52]         /home/shan/critic/p02-tenancy-r6-plants/tests/Erp.Testing/ErpTestEnvironment.cs(128,0): at Erp.Testing.ErpTestEnvironment.SeedAsync(TestDatabaseServer server, String database, SeedPlan plan, IDictionary`2 settings)
[xUnit.net 00:00:05.52]         /home/shan/critic/p02-tenancy-r6-plants/tests/Erp.Testing/ErpTestEnvironment.cs(138,0): at Erp.Testing.ErpTestEnvironment.SeedAsync(TestDatabaseServer server, String database, SeedPlan plan, IDictionary`2 settings)
[xUnit.net 00:00:05.52]         /home/shan/critic/p02-tenancy-r6-plants/tests/Erp.Testing/ErpTestEnvironment.cs(90,0): at Erp.Testing.ErpTestEnvironment.<>c__DisplayClass34_0.<<StartGateAsync>b__0>d.MoveNext()
[xUnit.net 00:00:05.52]         --- End of stack trace from previous location ---
[xUnit.net 00:00:05.52]         /home/shan/critic/p02-tenancy-r6-plants/tests/Erp.Testing/TestDatabaseServer.cs(160,0): at Erp.Testing.TestDatabaseServer.<>c__DisplayClass25_0.<<GateTemplateAsync>b__3>d.MoveNext()
[xUnit.net 00:00:05.52]         --- End of stack trace from previous location ---
[xUnit.net 00:00:05.52]         /home/shan/critic/p02-tenancy-r6-plants/tests/Erp.Testing/TestDatabaseServer.cs(165,0): at Erp.Testing.TestDatabaseServer.GateTemplateAsync(IDictionary`2 settings, Func`2 seed)
[xUnit.net 00:00:05.52]         /home/shan/critic/p02-tenancy-r6-plants/tests/Erp.Testing/ErpTestEnvironment.cs(87,0): at Erp.Testing.ErpTestEnvironment.StartGateAsync(IDictionary`2 settings)
[xUnit.net 00:00:05.52]         /home/shan/critic/p02-tenancy-r6-plants/tests/Erp.Gates.Tests/Infrastructure/GateFixture.cs(17,0): at Erp.Gates.Tests.Infrastructure.GateFixture.InitializeAsync()
  Failed Erp.Gates.Tests.G2.G2PermissionTests.The_host_refuses_to_start_with_an_endpoint_whose_permission_is_not_in_the_catalogue [1 ms]
  Error Message:
   Assembly fixture type 'Erp.Gates.Tests.Infrastructure.GateFixture' threw in InitializeAsync
---- System.InvalidOperationException : Endpoint authorisation is incomplete:
HTTP: PUT /api/tenancy/tenant => UpdateTenant: declares no permission
  Stack Trace:
  
----- Inner Stack Trace -----
   at Erp.Kernel.Hosting.ErpPlatform.ValidateEndpoints(WebApplication app) in /home/shan/critic/p02-tenancy-r6-plants/src/Kernel/Erp.Kernel/Hosting/ErpPlatform.cs:line 236
   at Erp.Kernel.Hosting.ErpPlatform.UseErpPlatform(WebApplication app) in /home/shan/critic/p02-tenancy-r6-plants/src/Kernel/Erp.Kernel/Hosting/ErpPlatform.cs:line 202
   at Program.<Main>$(String[] args) in /home/shan/critic/p02-tenancy-r6-plants/src/Host/Erp.Host/Program.cs:line 8
   at Program.<Main>(String[] args)
   at System.Reflection.MethodBaseInvoker.InterpretedInvoke_Method(Object obj, IntPtr* args)
   at System.Reflection.MethodBaseInvoker.InvokeDirectByRefWithFewArgs(Object obj, Span`1 copyOfArgs, BindingFlags invokeAttr)
--- End of stack trace from previous location ---
   at Microsoft.AspNetCore.Mvc.Testing.DeferredHostBuilder.DeferredHost.StartAsync(CancellationToken cancellationToken)
   at Microsoft.Extensions.Hosting.HostingAbstractionsHostExtensions.Start(IHost host)
   at Microsoft.AspNetCore.Mvc.Testing.WebApplicationFactory`1.CreateHost(IHostBuilder builder)
   at Microsoft.AspNetCore.Mvc.Testing.WebApplicationFactory`1.ConfigureHostBuilder(IHostBuilder hostBuilder)
   at Microsoft.AspNetCore.Mvc.Testing.WebApplicationFactory`1.StartServer()
   at Microsoft.AspNetCore.Mvc.Testing.WebApplicationFactory`1.get_Services()
   at Erp.Testing.ErpTestEnvironment.SeedAsync(TestDatabaseServer server, String database, SeedPlan plan, IDictionary`2 settings) in /home/shan/critic/p02-tenancy-r6-plants/tests/Erp.Testing/ErpTestEnvironment.cs:line 128
   at Erp.Testing.ErpTestEnvironment.SeedAsync(TestDatabaseServer server, String database, SeedPlan plan, IDictionary`2 settings) in /home/shan/critic/p02-tenancy-r6-plants/tests/Erp.Testing/ErpTestEnvironment.cs:line 138
   at Erp.Testing.ErpTestEnvironment.<>c__DisplayClass34_0.<<StartGateAsync>b__0>d.MoveNext() in /home/shan/critic/p02-tenancy-r6-plants/tests/Erp.Testing/ErpTestEnvironment.cs:line 90
--- End of stack trace from previous location ---
   at Erp.Testing.TestDatabaseServer.<>c__DisplayClass25_0.<<GateTemplateAsync>b__3>d.MoveNext() in /home/shan/critic/p02-tenancy-r6-plants/tests/Erp.Testing/TestDatabaseServer.cs:line 160
--- End of stack trace from previous location ---
   at Erp.Testing.TestDatabaseServer.GateTemplateAsync(IDictionary`2 settings, Func`2 seed) in /home/shan/critic/p02-tenancy-r6-plants/tests/Erp.Testing/TestDatabaseServer.cs:line 165
   at Erp.Testing.ErpTestEnvironment.StartGateAsync(IDictionary`2 settings) in /home/shan/critic/p02-tenancy-r6-plants/tests/Erp.Testing/ErpTestEnvironment.cs:line 87
   at Erp.Gates.Tests.Infrastructure.GateFixture.InitializeAsync() in /home/shan/critic/p02-tenancy-r6-plants/tests/Erp.Gates.Tests/Infrastructure/GateFixture.cs:line 17
  Failed Erp.Gates.Tests.G2.G2PermissionTests.The_host_refuses_to_start_with_an_endpoint_that_declares_no_permission [1 ms]
  Error Message:
   Assembly fixture type 'Erp.Gates.Tests.Infrastructure.GateFixture' threw in InitializeAsync
---- System.InvalidOperationException : Endpoint authorisation is incomplete:
HTTP: PUT /api/tenancy/tenant => UpdateTenant: declares no permission
  Stack Trace:
  
----- Inner Stack Trace -----
   at Erp.Kernel.Hosting.ErpPlatform.ValidateEndpoints(WebApplication app) in /home/shan/critic/p02-tenancy-r6-plants/src/Kernel/Erp.Kernel/Hosting/ErpPlatform.cs:line 236
   at Erp.Kernel.Hosting.ErpPlatform.UseErpPlatform(WebApplication app) in /home/shan/critic/p02-tenancy-r6-plants/src/Kernel/Erp.Kernel/Hosting/ErpPlatform.cs:line 202
   at Program.<Main>$(String[] args) in /home/shan/critic/p02-tenancy-r6-plants/src/Host/Erp.Host/Program.cs:line 8
   at Program.<Main>(String[] args)
   at System.Reflection.MethodBaseInvoker.InterpretedInvoke_Method(Object obj, IntPtr* args)
   at System.Reflection.MethodBaseInvoker.InvokeDirectByRefWithFewArgs(Object obj, Span`1 copyOfArgs, BindingFlags invokeAttr)
--- End of stack trace from previous location ---
   at Microsoft.AspNetCore.Mvc.Testing.DeferredHostBuilder.DeferredHost.StartAsync(CancellationToken cancellationToken)
   at Microsoft.Extensions.Hosting.HostingAbstractionsHostExtensions.Start(IHost host)
   at Microsoft.AspNetCore.Mvc.Testing.WebApplicationFactory`1.CreateHost(IHostBuilder builder)
   at Microsoft.AspNetCore.Mvc.Testing.WebApplicationFactory`1.ConfigureHostBuilder(IHostBuilder hostBuilder)
   at Microsoft.AspNetCore.Mvc.Testing.WebApplicationFactory`1.StartServer()
   at Microsoft.AspNetCore.Mvc.Testing.WebApplicationFactory`1.get_Services()
   at Erp.Testing.ErpTestEnvironment.SeedAsync(TestDatabaseServer server, String database, SeedPlan plan, IDictionary`2 settings) in /home/shan/critic/p02-tenancy-r6-plants/tests/Erp.Testing/ErpTestEnvironment.cs:line 128
   at Erp.Testing.ErpTestEnvironment.SeedAsync(TestDatabaseServer server, String database, SeedPlan plan, IDictionary`2 settings) in /home/shan/critic/p02-tenancy-r6-plants/tests/Erp.Testing/ErpTestEnvironment.cs:line 138
   at Erp.Testing.ErpTestEnvironment.<>c__DisplayClass34_0.<<StartGateAsync>b__0>d.MoveNext() in /home/shan/critic/p02-tenancy-r6-plants/tests/Erp.Testing/ErpTestEnvironment.cs:line 90
--- End of stack trace from previous location ---
   at Erp.Testing.TestDatabaseServer.<>c__DisplayClass25_0.<<GateTemplateAsync>b__3>d.MoveNext() in /home/shan/critic/p02-tenancy-r6-plants/tests/Erp.Testing/TestDatabaseServer.cs:line 160
--- End of stack trace from previous location ---
   at Erp.Testing.TestDatabaseServer.GateTemplateAsync(IDictionary`2 settings, Func`2 seed) in /home/shan/critic/p02-tenancy-r6-plants/tests/Erp.Testing/TestDatabaseServer.cs:line 165
   at Erp.Testing.ErpTestEnvironment.StartGateAsync(IDictionary`2 settings) in /home/shan/critic/p02-tenancy-r6-plants/tests/Erp.Testing/ErpTestEnvironment.cs:line 87
   at Erp.Gates.Tests.Infrastructure.GateFixture.InitializeAsync() in /home/shan/critic/p02-tenancy-r6-plants/tests/Erp.Gates.Tests/Infrastructure/GateFixture.cs:line 17
  Failed Erp.Gates.Tests.G2.G2PermissionTests.No_endpoint_grants_more_than_the_caller_holds [1 ms]
  Error Message:
   Assembly fixture type 'Erp.Gates.Tests.Infrastructure.GateFixture' threw in InitializeAsync
---- System.InvalidOperationException : Endpoint authorisation is incomplete:
HTTP: PUT /api/tenancy/tenant => UpdateTenant: declares no permission
  Stack Trace:
  
----- Inner Stack Trace -----
   at Erp.Kernel.Hosting.ErpPlatform.ValidateEndpoints(WebApplication app) in /home/shan/critic/p02-tenancy-r6-plants/src/Kernel/Erp.Kernel/Hosting/ErpPlatform.cs:line 236
   at Erp.Kernel.Hosting.ErpPlatform.UseErpPlatform(WebApplication app) in /home/shan/critic/p02-tenancy-r6-plants/src/Kernel/Erp.Kernel/Hosting/ErpPlatform.cs:line 202
   at Program.<Main>$(String[] args) in /home/shan/critic/p02-tenancy-r6-plants/src/Host/Erp.Host/Program.cs:line 8
   at Program.<Main>(String[] args)
   at System.Reflection.MethodBaseInvoker.InterpretedInvoke_Method(Object obj, IntPtr* args)
   at System.Reflection.MethodBaseInvoker.InvokeDirectByRefWithFewArgs(Object obj, Span`1 copyOfArgs, BindingFlags invokeAttr)
--- End of stack trace from previous location ---
   at Microsoft.AspNetCore.Mvc.Testing.DeferredHostBuilder.DeferredHost.StartAsync(CancellationToken cancellationToken)
   at Microsoft.Extensions.Hosting.HostingAbstractionsHostExtensions.Start(IHost host)
   at Microsoft.AspNetCore.Mvc.Testing.WebApplicationFactory`1.CreateHost(IHostBuilder builder)
   at Microsoft.AspNetCore.Mvc.Testing.WebApplicationFactory`1.ConfigureHostBuilder(IHostBuilder hostBuilder)
   at Microsoft.AspNetCore.Mvc.Testing.WebApplicationFactory`1.StartServer()
   at Microsoft.AspNetCore.Mvc.Testing.WebApplicationFactory`1.get_Services()
   at Erp.Testing.ErpTestEnvironment.SeedAsync(TestDatabaseServer server, String database, SeedPlan plan, IDictionary`2 settings) in /home/shan/critic/p02-tenancy-r6-plants/tests/Erp.Testing/ErpTestEnvironment.cs:line 128
   at Erp.Testing.ErpTestEnvironment.SeedAsync(TestDatabaseServer server, String database, SeedPlan plan, IDictionary`2 settings) in /home/shan/critic/p02-tenancy-r6-plants/tests/Erp.Testing/ErpTestEnvironment.cs:line 138
   at Erp.Testing.ErpTestEnvironment.<>c__DisplayClass34_0.<<StartGateAsync>b__0>d.MoveNext() in /home/shan/critic/p02-tenancy-r6-plants/tests/Erp.Testing/ErpTestEnvironment.cs:line 90
--- End of stack trace from previous location ---
   at Erp.Testing.TestDatabaseServer.<>c__DisplayClass25_0.<<GateTemplateAsync>b__3>d.MoveNext() in /home/shan/critic/p02-tenancy-r6-plants/tests/Erp.Testing/TestDatabaseServer.cs:line 160
--- End of stack trace from previous location ---
   at Erp.Testing.TestDatabaseServer.GateTemplateAsync(IDictionary`2 settings, Func`2 seed) in /home/shan/critic/p02-tenancy-r6-plants/tests/Erp.Testing/TestDatabaseServer.cs:line 165
   at Erp.Testing.ErpTestEnvironment.StartGateAsync(IDictionary`2 settings) in /home/shan/critic/p02-tenancy-r6-plants/tests/Erp.Testing/ErpTestEnvironment.cs:line 87
   at Erp.Gates.Tests.Infrastructure.GateFixture.InitializeAsync() in /home/shan/critic/p02-tenancy-r6-plants/tests/Erp.Gates.Tests/Infrastructure/GateFixture.cs:line 17
  Failed Erp.Gates.Tests.G2.G2PermissionTests.Creating_a_user_cannot_grant_more_than_the_caller_holds [1 ms]
  Error Message:
   Assembly fixture type 'Erp.Gates.Tests.Infrastructure.GateFixture' threw in InitializeAsync
---- System.InvalidOperationException : Endpoint authorisation is incomplete:
HTTP: PUT /api/tenancy/tenant => UpdateTenant: declares no permission
  Stack Trace:
  
----- Inner Stack Trace -----
   at Erp.Kernel.Hosting.ErpPlatform.ValidateEndpoints(WebApplication app) in /home/shan/critic/p02-tenancy-r6-plants/src/Kernel/Erp.Kernel/Hosting/ErpPlatform.cs:line 236
   at Erp.Kernel.Hosting.ErpPlatform.UseErpPlatform(WebApplication app) in /home/shan/critic/p02-tenancy-r6-plants/src/Kernel/Erp.Kernel/Hosting/ErpPlatform.cs:line 202
   at Program.<Main>$(String[] args) in /home/shan/critic/p02-tenancy-r6-plants/src/Host/Erp.Host/Program.cs:line 8
   at Program.<Main>(String[] args)
   at System.Reflection.MethodBaseInvoker.InterpretedInvoke_Method(Object obj, IntPtr* args)
   at System.Reflection.MethodBaseInvoker.InvokeDirectByRefWithFewArgs(Object obj, Span`1 copyOfArgs, BindingFlags invokeAttr)
--- End of stack trace from previous location ---
   at Microsoft.AspNetCore.Mvc.Testing.DeferredHostBuilder.DeferredHost.StartAsync(CancellationToken cancellationToken)
   at Microsoft.Extensions.Hosting.HostingAbstractionsHostExtensions.Start(IHost host)
   at Microsoft.AspNetCore.Mvc.Testing.WebApplicationFactory`1.CreateHost(IHostBuilder builder)
   at Microsoft.AspNetCore.Mvc.Testing.WebApplicationFactory`1.ConfigureHostBuilder(IHostBuilder hostBuilder)
   at Microsoft.AspNetCore.Mvc.Testing.WebApplicationFactory`1.StartServer()
   at Microsoft.AspNetCore.Mvc.Testing.WebApplicationFactory`1.get_Services()
   at Erp.Testing.ErpTestEnvironment.SeedAsync(TestDatabaseServer server, String database, SeedPlan plan, IDictionary`2 settings) in /home/shan/critic/p02-tenancy-r6-plants/tests/Erp.Testing/ErpTestEnvironment.cs:line 128
   at Erp.Testing.ErpTestEnvironment.SeedAsync(TestDatabaseServer server, String database, SeedPlan plan, IDictionary`2 settings) in /home/shan/critic/p02-tenancy-r6-plants/tests/Erp.Testing/ErpTestEnvironment.cs:line 138
   at Erp.Testing.ErpTestEnvironment.<>c__DisplayClass34_0.<<StartGateAsync>b__0>d.MoveNext() in /home/shan/critic/p02-tenancy-r6-plants/tests/Erp.Testing/ErpTestEnvironment.cs:line 90
--- End of stack trace from previous location ---
   at Erp.Testing.TestDatabaseServer.<>c__DisplayClass25_0.<<GateTemplateAsync>b__3>d.MoveNext() in /home/shan/critic/p02-tenancy-r6-plants/tests/Erp.Testing/TestDatabaseServer.cs:line 160
--- End of stack trace from previous location ---
   at Erp.Testing.TestDatabaseServer.GateTemplateAsync(IDictionary`2 settings, Func`2 seed) in /home/shan/critic/p02-tenancy-r6-plants/tests/Erp.Testing/TestDatabaseServer.cs:line 165
   at Erp.Testing.ErpTestEnvironment.StartGateAsync(IDictionary`2 settings) in /home/shan/critic/p02-tenancy-r6-plants/tests/Erp.Testing/ErpTestEnvironment.cs:line 87
   at Erp.Gates.Tests.Infrastructure.GateFixture.InitializeAsync() in /home/shan/critic/p02-tenancy-r6-plants/tests/Erp.Gates.Tests/Infrastructure/GateFixture.cs:line 17
  Failed Erp.Gates.Tests.G2.G2PermissionTests.Users_cannot_escalate_their_own_privileges [1 ms]
  Error Message:
   Assembly fixture type 'Erp.Gates.Tests.Infrastructure.GateFixture' threw in InitializeAsync
---- System.InvalidOperationException : Endpoint authorisation is incomplete:
HTTP: PUT /api/tenancy/tenant => UpdateTenant: declares no permission
  Stack Trace:
  
----- Inner Stack Trace -----
   at Erp.Kernel.Hosting.ErpPlatform.ValidateEndpoints(WebApplication app) in /home/shan/critic/p02-tenancy-r6-plants/src/Kernel/Erp.Kernel/Hosting/ErpPlatform.cs:line 236
   at Erp.Kernel.Hosting.ErpPlatform.UseErpPlatform(WebApplication app) in /home/shan/critic/p02-tenancy-r6-plants/src/Kernel/Erp.Kernel/Hosting/ErpPlatform.cs:line 202
   at Program.<Main>$(String[] args) in /home/shan/critic/p02-tenancy-r6-plants/src/Host/Erp.Host/Program.cs:line 8
   at Program.<Main>(String[] args)
   at System.Reflection.MethodBaseInvoker.InterpretedInvoke_Method(Object obj, IntPtr* args)
   at System.Reflection.MethodBaseInvoker.InvokeDirectByRefWithFewArgs(Object obj, Span`1 copyOfArgs, BindingFlags invokeAttr)
--- End of stack trace from previous location ---
   at Microsoft.AspNetCore.Mvc.Testing.DeferredHostBuilder.DeferredHost.StartAsync(CancellationToken cancellationToken)
   at Microsoft.Extensions.Hosting.HostingAbstractionsHostExtensions.Start(IHost host)
   at Microsoft.AspNetCore.Mvc.Testing.WebApplicationFactory`1.CreateHost(IHostBuilder builder)
   at Microsoft.AspNetCore.Mvc.Testing.WebApplicationFactory`1.ConfigureHostBuilder(IHostBuilder hostBuilder)
   at Microsoft.AspNetCore.Mvc.Testing.WebApplicationFactory`1.StartServer()
   at Microsoft.AspNetCore.Mvc.Testing.WebApplicationFactory`1.get_Services()
   at Erp.Testing.ErpTestEnvironment.SeedAsync(TestDatabaseServer server, String database, SeedPlan plan, IDictionary`2 settings) in /home/shan/critic/p02-tenancy-r6-plants/tests/Erp.Testing/ErpTestEnvironment.cs:line 128
   at Erp.Testing.ErpTestEnvironment.SeedAsync(TestDatabaseServer server, String database, SeedPlan plan, IDictionary`2 settings) in /home/shan/critic/p02-tenancy-r6-plants/tests/Erp.Testing/ErpTestEnvironment.cs:line 138
   at Erp.Testing.ErpTestEnvironment.<>c__DisplayClass34_0.<<StartGateAsync>b__0>d.MoveNext() in /home/shan/critic/p02-tenancy-r6-plants/tests/Erp.Testing/ErpTestEnvironment.cs:line 90
--- End of stack trace from previous location ---
   at Erp.Testing.TestDatabaseServer.<>c__DisplayClass25_0.<<GateTemplateAsync>b__3>d.MoveNext() in /home/shan/critic/p02-tenancy-r6-plants/tests/Erp.Testing/TestDatabaseServer.cs:line 160
--- End of stack trace from previous location ---
   at Erp.Testing.TestDatabaseServer.GateTemplateAsync(IDictionary`2 settings, Func`2 seed) in /home/shan/critic/p02-tenancy-r6-plants/tests/Erp.Testing/TestDatabaseServer.cs:line 165
   at Erp.Testing.ErpTestEnvironment.StartGateAsync(IDictionary`2 settings) in /home/shan/critic/p02-tenancy-r6-plants/tests/Erp.Testing/ErpTestEnvironment.cs:line 87
   at Erp.Gates.Tests.Infrastructure.GateFixture.InitializeAsync() in /home/shan/critic/p02-tenancy-r6-plants/tests/Erp.Gates.Tests/Infrastructure/GateFixture.cs:line 17
  Failed Erp.Gates.Tests.G2.G2PermissionTests.Granting_exactly_one_permission_opens_exactly_the_endpoints_that_declare_it [1 ms]
  Error Message:
   Assembly fixture type 'Erp.Gates.Tests.Infrastructure.GateFixture' threw in InitializeAsync
---- System.InvalidOperationException : Endpoint authorisation is incomplete:
HTTP: PUT /api/tenancy/tenant => UpdateTenant: declares no permission
  Stack Trace:
  
----- Inner Stack Trace -----
   at Erp.Kernel.Hosting.ErpPlatform.ValidateEndpoints(WebApplication app) in /home/shan/critic/p02-tenancy-r6-plants/src/Kernel/Erp.Kernel/Hosting/ErpPlatform.cs:line 236
   at Erp.Kernel.Hosting.ErpPlatform.UseErpPlatform(WebApplication app) in /home/shan/critic/p02-tenancy-r6-plants/src/Kernel/Erp.Kernel/Hosting/ErpPlatform.cs:line 202
   at Program.<Main>$(String[] args) in /home/shan/critic/p02-tenancy-r6-plants/src/Host/Erp.Host/Program.cs:line 8
   at Program.<Main>(String[] args)
   at System.Reflection.MethodBaseInvoker.InterpretedInvoke_Method(Object obj, IntPtr* args)
   at System.Reflection.MethodBaseInvoker.InvokeDirectByRefWithFewArgs(Object obj, Span`1 copyOfArgs, BindingFlags invokeAttr)
--- End of stack trace from previous location ---
   at Microsoft.AspNetCore.Mvc.Testing.DeferredHostBuilder.DeferredHost.StartAsync(CancellationToken cancellationToken)
   at Microsoft.Extensions.Hosting.HostingAbstractionsHostExtensions.Start(IHost host)
   at Microsoft.AspNetCore.Mvc.Testing.WebApplicationFactory`1.CreateHost(IHostBuilder builder)
   at Microsoft.AspNetCore.Mvc.Testing.WebApplicationFactory`1.ConfigureHostBuilder(IHostBuilder hostBuilder)
   at Microsoft.AspNetCore.Mvc.Testing.WebApplicationFactory`1.StartServer()
   at Microsoft.AspNetCore.Mvc.Testing.WebApplicationFactory`1.get_Services()
   at Erp.Testing.ErpTestEnvironment.SeedAsync(TestDatabaseServer server, String database, SeedPlan plan, IDictionary`2 settings) in /home/shan/critic/p02-tenancy-r6-plants/tests/Erp.Testing/ErpTestEnvironment.cs:line 128
   at Erp.Testing.ErpTestEnvironment.SeedAsync(TestDatabaseServer server, String database, SeedPlan plan, IDictionary`2 settings) in /home/shan/critic/p02-tenancy-r6-plants/tests/Erp.Testing/ErpTestEnvironment.cs:line 138
   at Erp.Testing.ErpTestEnvironment.<>c__DisplayClass34_0.<<StartGateAsync>b__0>d.MoveNext() in /home/shan/critic/p02-tenancy-r6-plants/tests/Erp.Testing/ErpTestEnvironment.cs:line 90
--- End of stack trace from previous location ---
   at Erp.Testing.TestDatabaseServer.<>c__DisplayClass25_0.<<GateTemplateAsync>b__3>d.MoveNext() in /home/shan/critic/p02-tenancy-r6-plants/tests/Erp.Testing/TestDatabaseServer.cs:line 160
--- End of stack trace from previous location ---
   at Erp.Testing.TestDatabaseServer.GateTemplateAsync(IDictionary`2 settings, Func`2 seed) in /home/shan/critic/p02-tenancy-r6-plants/tests/Erp.Testing/TestDatabaseServer.cs:line 165
   at Erp.Testing.ErpTestEnvironment.StartGateAsync(IDictionary`2 settings) in /home/shan/critic/p02-tenancy-r6-plants/tests/Erp.Testing/ErpTestEnvironment.cs:line 87
   at Erp.Gates.Tests.Infrastructure.GateFixture.InitializeAsync() in /home/shan/critic/p02-tenancy-r6-plants/tests/Erp.Gates.Tests/Infrastructure/GateFixture.cs:line 17
  Failed Erp.Gates.Tests.G2.G2PermissionTests.A_user_whose_roles_grant_nothing_is_denied_everything_and_sees_no_menu [1 ms]
  Error Message:
   Assembly fixture type 'Erp.Gates.Tests.Infrastructure.GateFixture' threw in InitializeAsync
---- System.InvalidOperationException : Endpoint authorisation is incomplete:
HTTP: PUT /api/tenancy/tenant => UpdateTenant: declares no permission
  Stack Trace:
  
----- Inner Stack Trace -----
   at Erp.Kernel.Hosting.ErpPlatform.ValidateEndpoints(WebApplication app) in /home/shan/critic/p02-tenancy-r6-plants/src/Kernel/Erp.Kernel/Hosting/ErpPlatform.cs:line 236
   at Erp.Kernel.Hosting.ErpPlatform.UseErpPlatform(WebApplication app) in /home/shan/critic/p02-tenancy-r6-plants/src/Kernel/Erp.Kernel/Hosting/ErpPlatform.cs:line 202
   at Program.<Main>$(String[] args) in /home/shan/critic/p02-tenancy-r6-plants/src/Host/Erp.Host/Program.cs:line 8
   at Program.<Main>(String[] args)
   at System.Reflection.MethodBaseInvoker.InterpretedInvoke_Method(Object obj, IntPtr* args)
   at System.Reflection.MethodBaseInvoker.InvokeDirectByRefWithFewArgs(Object obj, Span`1 copyOfArgs, BindingFlags invokeAttr)
--- End of stack trace from previous location ---
   at Microsoft.AspNetCore.Mvc.Testing.DeferredHostBuilder.DeferredHost.StartAsync(CancellationToken cancellationToken)
   at Microsoft.Extensions.Hosting.HostingAbstractionsHostExtensions.Start(IHost host)
   at Microsoft.AspNetCore.Mvc.Testing.WebApplicationFactory`1.CreateHost(IHostBuilder builder)
   at Microsoft.AspNetCore.Mvc.Testing.WebApplicationFactory`1.ConfigureHostBuilder(IHostBuilder hostBuilder)
   at Microsoft.AspNetCore.Mvc.Testing.WebApplicationFactory`1.StartServer()
   at Microsoft.AspNetCore.Mvc.Testing.WebApplicationFactory`1.get_Services()
   at Erp.Testing.ErpTestEnvironment.SeedAsync(TestDatabaseServer server, String database, SeedPlan plan, IDictionary`2 settings) in /home/shan/critic/p02-tenancy-r6-plants/tests/Erp.Testing/ErpTestEnvironment.cs:line 128
   at Erp.Testing.ErpTestEnvironment.SeedAsync(TestDatabaseServer server, String database, SeedPlan plan, IDictionary`2 settings) in /home/shan/critic/p02-tenancy-r6-plants/tests/Erp.Testing/ErpTestEnvironment.cs:line 138
   at Erp.Testing.ErpTestEnvironment.<>c__DisplayClass34_0.<<StartGateAsync>b__0>d.MoveNext() in /home/shan/critic/p02-tenancy-r6-plants/tests/Erp.Testing/ErpTestEnvironment.cs:line 90
--- End of stack trace from previous location ---
   at Erp.Testing.TestDatabaseServer.<>c__DisplayClass25_0.<<GateTemplateAsync>b__3>d.MoveNext() in /home/shan/critic/p02-tenancy-r6-plants/tests/Erp.Testing/TestDatabaseServer.cs:line 160
--- End of stack trace from previous location ---
   at Erp.Testing.TestDatabaseServer.GateTemplateAsync(IDictionary`2 settings, Func`2 seed) in /home/shan/critic/p02-tenancy-r6-plants/tests/Erp.Testing/TestDatabaseServer.cs:line 165
   at Erp.Testing.ErpTestEnvironment.StartGateAsync(IDictionary`2 settings) in /home/shan/critic/p02-tenancy-r6-plants/tests/Erp.Testing/ErpTestEnvironment.cs:line 87
   at Erp.Gates.Tests.Infrastructure.GateFixture.InitializeAsync() in /home/shan/critic/p02-tenancy-r6-plants/tests/Erp.Gates.Tests/Infrastructure/GateFixture.cs:line 17
  Failed Erp.Gates.Tests.G2.G2PermissionTests.Anonymous_callers_get_401_from_every_permissioned_endpoint [1 ms]
  Error Message:
   Assembly fixture type 'Erp.Gates.Tests.Infrastructure.GateFixture' threw in InitializeAsync
---- System.InvalidOperationException : Endpoint authorisation is incomplete:
HTTP: PUT /api/tenancy/tenant => UpdateTenant: declares no permission
  Stack Trace:
  
----- Inner Stack Trace -----
   at Erp.Kernel.Hosting.ErpPlatform.ValidateEndpoints(WebApplication app) in /home/shan/critic/p02-tenancy-r6-plants/src/Kernel/Erp.Kernel/Hosting/ErpPlatform.cs:line 236
   at Erp.Kernel.Hosting.ErpPlatform.UseErpPlatform(WebApplication app) in /home/shan/critic/p02-tenancy-r6-plants/src/Kernel/Erp.Kernel/Hosting/ErpPlatform.cs:line 202
   at Program.<Main>$(String[] args) in /home/shan/critic/p02-tenancy-r6-plants/src/Host/Erp.Host/Program.cs:line 8
   at Program.<Main>(String[] args)
   at System.Reflection.MethodBaseInvoker.InterpretedInvoke_Method(Object obj, IntPtr* args)
   at System.Reflection.MethodBaseInvoker.InvokeDirectByRefWithFewArgs(Object obj, Span`1 copyOfArgs, BindingFlags invokeAttr)
--- End of stack trace from previous location ---
   at Microsoft.AspNetCore.Mvc.Testing.DeferredHostBuilder.DeferredHost.StartAsync(CancellationToken cancellationToken)
   at Microsoft.Extensions.Hosting.HostingAbstractionsHostExtensions.Start(IHost host)
   at Microsoft.AspNetCore.Mvc.Testing.WebApplicationFactory`1.CreateHost(IHostBuilder builder)
   at Microsoft.AspNetCore.Mvc.Testing.WebApplicationFactory`1.ConfigureHostBuilder(IHostBuilder hostBuilder)
   at Microsoft.AspNetCore.Mvc.Testing.WebApplicationFactory`1.StartServer()
   at Microsoft.AspNetCore.Mvc.Testing.WebApplicationFactory`1.get_Services()
   at Erp.Testing.ErpTestEnvironment.SeedAsync(TestDatabaseServer server, String database, SeedPlan plan, IDictionary`2 settings) in /home/shan/critic/p02-tenancy-r6-plants/tests/Erp.Testing/ErpTestEnvironment.cs:line 128
   at Erp.Testing.ErpTestEnvironment.SeedAsync(TestDatabaseServer server, String database, SeedPlan plan, IDictionary`2 settings) in /home/shan/critic/p02-tenancy-r6-plants/tests/Erp.Testing/ErpTestEnvironment.cs:line 138
   at Erp.Testing.ErpTestEnvironment.<>c__DisplayClass34_0.<<StartGateAsync>b__0>d.MoveNext() in /home/shan/critic/p02-tenancy-r6-plants/tests/Erp.Testing/ErpTestEnvironment.cs:line 90
--- End of stack trace from previous location ---
   at Erp.Testing.TestDatabaseServer.<>c__DisplayClass25_0.<<GateTemplateAsync>b__3>d.MoveNext() in /home/shan/critic/p02-tenancy-r6-plants/tests/Erp.Testing/TestDatabaseServer.cs:line 160
--- End of stack trace from previous location ---
   at Erp.Testing.TestDatabaseServer.GateTemplateAsync(IDictionary`2 settings, Func`2 seed) in /home/shan/critic/p02-tenancy-r6-plants/tests/Erp.Testing/TestDatabaseServer.cs:line 165
   at Erp.Testing.ErpTestEnvironment.StartGateAsync(IDictionary`2 settings) in /home/shan/critic/p02-tenancy-r6-plants/tests/Erp.Testing/ErpTestEnvironment.cs:line 87
   at Erp.Gates.Tests.Infrastructure.GateFixture.InitializeAsync() in /home/shan/critic/p02-tenancy-r6-plants/tests/Erp.Gates.Tests/Infrastructure/GateFixture.cs:line 17
  Failed Erp.Gates.Tests.G2.G2PermissionTests.Every_declared_permission_is_in_the_catalogue_and_every_catalogue_permission_is_used [1 ms]
  Error Message:
   Assembly fixture type 'Erp.Gates.Tests.Infrastructure.GateFixture' threw in InitializeAsync
---- System.InvalidOperationException : Endpoint authorisation is incomplete:
HTTP: PUT /api/tenancy/tenant => UpdateTenant: declares no permission
  Stack Trace:
  
----- Inner Stack Trace -----
   at Erp.Kernel.Hosting.ErpPlatform.ValidateEndpoints(WebApplication app) in /home/shan/critic/p02-tenancy-r6-plants/src/Kernel/Erp.Kernel/Hosting/ErpPlatform.cs:line 236
   at Erp.Kernel.Hosting.ErpPlatform.UseErpPlatform(WebApplication app) in /home/shan/critic/p02-tenancy-r6-plants/src/Kernel/Erp.Kernel/Hosting/ErpPlatform.cs:line 202
   at Program.<Main>$(String[] args) in /home/shan/critic/p02-tenancy-r6-plants/src/Host/Erp.Host/Program.cs:line 8
   at Program.<Main>(String[] args)
   at System.Reflection.MethodBaseInvoker.InterpretedInvoke_Method(Object obj, IntPtr* args)
   at System.Reflection.MethodBaseInvoker.InvokeDirectByRefWithFewArgs(Object obj, Span`1 copyOfArgs, BindingFlags invokeAttr)
--- End of stack trace from previous location ---
   at Microsoft.AspNetCore.Mvc.Testing.DeferredHostBuilder.DeferredHost.StartAsync(CancellationToken cancellationToken)
   at Microsoft.Extensions.Hosting.HostingAbstractionsHostExtensions.Start(IHost host)
   at Microsoft.AspNetCore.Mvc.Testing.WebApplicationFactory`1.CreateHost(IHostBuilder builder)
   at Microsoft.AspNetCore.Mvc.Testing.WebApplicationFactory`1.ConfigureHostBuilder(IHostBuilder hostBuilder)
   at Microsoft.AspNetCore.Mvc.Testing.WebApplicationFactory`1.StartServer()
   at Microsoft.AspNetCore.Mvc.Testing.WebApplicationFactory`1.get_Services()
   at Erp.Testing.ErpTestEnvironment.SeedAsync(TestDatabaseServer server, String database, SeedPlan plan, IDictionary`2 settings) in /home/shan/critic/p02-tenancy-r6-plants/tests/Erp.Testing/ErpTestEnvironment.cs:line 128
   at Erp.Testing.ErpTestEnvironment.SeedAsync(TestDatabaseServer server, String database, SeedPlan plan, IDictionary`2 settings) in /home/shan/critic/p02-tenancy-r6-plants/tests/Erp.Testing/ErpTestEnvironment.cs:line 138
   at Erp.Testing.ErpTestEnvironment.<>c__DisplayClass34_0.<<StartGateAsync>b__0>d.MoveNext() in /home/shan/critic/p02-tenancy-r6-plants/tests/Erp.Testing/ErpTestEnvironment.cs:line 90
--- End of stack trace from previous location ---
   at Erp.Testing.TestDatabaseServer.<>c__DisplayClass25_0.<<GateTemplateAsync>b__3>d.MoveNext() in /home/shan/critic/p02-tenancy-r6-plants/tests/Erp.Testing/TestDatabaseServer.cs:line 160
--- End of stack trace from previous location ---
   at Erp.Testing.TestDatabaseServer.GateTemplateAsync(IDictionary`2 settings, Func`2 seed) in /home/shan/critic/p02-tenancy-r6-plants/tests/Erp.Testing/TestDatabaseServer.cs:line 165
   at Erp.Testing.ErpTestEnvironment.StartGateAsync(IDictionary`2 settings) in /home/shan/critic/p02-tenancy-r6-plants/tests/Erp.Testing/ErpTestEnvironment.cs:line 87
   at Erp.Gates.Tests.Infrastructure.GateFixture.InitializeAsync() in /home/shan/critic/p02-tenancy-r6-plants/tests/Erp.Gates.Tests/Infrastructure/GateFixture.cs:line 17
[xUnit.net 00:00:05.53]     Erp.Gates.Tests.G2.G2PermissionTests.Requests_that_only_read_cannot_write [FAIL]
[xUnit.net 00:00:05.53]       Assembly fixture type 'Erp.Gates.Tests.Infrastructure.GateFixture' threw in InitializeAsync
[xUnit.net 00:00:05.53]       ---- System.InvalidOperationException : Endpoint authorisation is incomplete:
[xUnit.net 00:00:05.53]       HTTP: PUT /api/tenancy/tenant => UpdateTenant: declares no permission
[xUnit.net 00:00:05.53]       Stack Trace:
[xUnit.net 00:00:05.53]         
[xUnit.net 00:00:05.53]         ----- Inner Stack Trace -----
[xUnit.net 00:00:05.53]         /home/shan/critic/p02-tenancy-r6-plants/src/Kernel/Erp.Kernel/Hosting/ErpPlatform.cs(236,0): at Erp.Kernel.Hosting.ErpPlatform.ValidateEndpoints(WebApplication app)
[xUnit.net 00:00:05.53]         /home/shan/critic/p02-tenancy-r6-plants/src/Kernel/Erp.Kernel/Hosting/ErpPlatform.cs(202,0): at Erp.Kernel.Hosting.ErpPlatform.UseErpPlatform(WebApplication app)
[xUnit.net 00:00:05.53]         /home/shan/critic/p02-tenancy-r6-plants/src/Host/Erp.Host/Program.cs(8,0): at Program.<Main>$(String[] args)
[xUnit.net 00:00:05.53]            at Program.<Main>(String[] args)
[xUnit.net 00:00:05.53]            at System.Reflection.MethodBaseInvoker.InterpretedInvoke_Method(Object obj, IntPtr* args)
[xUnit.net 00:00:05.53]            at System.Reflection.MethodBaseInvoker.InvokeDirectByRefWithFewArgs(Object obj, Span`1 copyOfArgs, BindingFlags invokeAttr)
[xUnit.net 00:00:05.53]         --- End of stack trace from previous location ---
[xUnit.net 00:00:05.53]            at Microsoft.AspNetCore.Mvc.Testing.DeferredHostBuilder.DeferredHost.StartAsync(CancellationToken cancellationToken)
[xUnit.net 00:00:05.53]            at Microsoft.Extensions.Hosting.HostingAbstractionsHostExtensions.Start(IHost host)
[xUnit.net 00:00:05.53]            at Microsoft.AspNetCore.Mvc.Testing.WebApplicationFactory`1.CreateHost(IHostBuilder builder)
[xUnit.net 00:00:05.53]            at Microsoft.AspNetCore.Mvc.Testing.WebApplicationFactory`1.ConfigureHostBuilder(IHostBuilder hostBuilder)
[xUnit.net 00:00:05.53]            at Microsoft.AspNetCore.Mvc.Testing.WebApplicationFactory`1.StartServer()
[xUnit.net 00:00:05.53]            at Microsoft.AspNetCore.Mvc.Testing.WebApplicationFactory`1.get_Services()
[xUnit.net 00:00:05.53]         /home/shan/critic/p02-tenancy-r6-plants/tests/Erp.Testing/ErpTestEnvironment.cs(128,0): at Erp.Testing.ErpTestEnvironment.SeedAsync(TestDatabaseServer server, String database, SeedPlan plan, IDictionary`2 settings)
[xUnit.net 00:00:05.53]         /home/shan/critic/p02-tenancy-r6-plants/tests/Erp.Testing/ErpTestEnvironment.cs(138,0): at Erp.Testing.ErpTestEnvironment.SeedAsync(TestDatabaseServer server, String database, SeedPlan plan, IDictionary`2 settings)
[xUnit.net 00:00:05.53]         /home/shan/critic/p02-tenancy-r6-plants/tests/Erp.Testing/ErpTestEnvironment.cs(90,0): at Erp.Testing.ErpTestEnvironment.<>c__DisplayClass34_0.<<StartGateAsync>b__0>d.MoveNext()
[xUnit.net 00:00:05.53]         --- End of stack trace from previous location ---
[xUnit.net 00:00:05.53]         /home/shan/critic/p02-tenancy-r6-plants/tests/Erp.Testing/TestDatabaseServer.cs(160,0): at Erp.Testing.TestDatabaseServer.<>c__DisplayClass25_0.<<GateTemplateAsync>b__3>d.MoveNext()
[xUnit.net 00:00:05.53]         --- End of stack trace from previous location ---
[xUnit.net 00:00:05.53]         /home/shan/critic/p02-tenancy-r6-plants/tests/Erp.Testing/TestDatabaseServer.cs(165,0): at Erp.Testing.TestDatabaseServer.GateTemplateAsync(IDictionary`2 settings, Func`2 seed)
[xUnit.net 00:00:05.53]         /home/shan/critic/p02-tenancy-r6-plants/tests/Erp.Testing/ErpTestEnvironment.cs(87,0): at Erp.Testing.ErpTestEnvironment.StartGateAsync(IDictionary`2 settings)
[xUnit.net 00:00:05.53]         /home/shan/critic/p02-tenancy-r6-plants/tests/Erp.Gates.Tests/Infrastructure/GateFixture.cs(17,0): at Erp.Gates.Tests.Infrastructure.GateFixture.InitializeAsync()
[xUnit.net 00:00:05.53]     Erp.Gates.Tests.G2.G2PermissionTests.No_endpoint_that_changes_data_is_guarded_by_a_read_permission [FAIL]
[xUnit.net 00:00:05.53]       Assembly fixture type 'Erp.Gates.Tests.Infrastructure.GateFixture' threw in InitializeAsync
[xUnit.net 00:00:05.53]       ---- System.InvalidOperationException : Endpoint authorisation is incomplete:
[xUnit.net 00:00:05.53]       HTTP: PUT /api/tenancy/tenant => UpdateTenant: declares no permission
[xUnit.net 00:00:05.53]       Stack Trace:
[xUnit.net 00:00:05.53]         
[xUnit.net 00:00:05.53]         ----- Inner Stack Trace -----
[xUnit.net 00:00:05.53]         /home/shan/critic/p02-tenancy-r6-plants/src/Kernel/Erp.Kernel/Hosting/ErpPlatform.cs(236,0): at Erp.Kernel.Hosting.ErpPlatform.ValidateEndpoints(WebApplication app)
[xUnit.net 00:00:05.53]         /home/shan/critic/p02-tenancy-r6-plants/src/Kernel/Erp.Kernel/Hosting/ErpPlatform.cs(202,0): at Erp.Kernel.Hosting.ErpPlatform.UseErpPlatform(WebApplication app)
[xUnit.net 00:00:05.53]         /home/shan/critic/p02-tenancy-r6-plants/src/Host/Erp.Host/Program.cs(8,0): at Program.<Main>$(String[] args)
[xUnit.net 00:00:05.53]            at Program.<Main>(String[] args)
[xUnit.net 00:00:05.53]            at System.Reflection.MethodBaseInvoker.InterpretedInvoke_Method(Object obj, IntPtr* args)
[xUnit.net 00:00:05.53]            at System.Reflection.MethodBaseInvoker.InvokeDirectByRefWithFewArgs(Object obj, Span`1 copyOfArgs, BindingFlags invokeAttr)
[xUnit.net 00:00:05.53]         --- End of stack trace from previous location ---
[xUnit.net 00:00:05.53]            at Microsoft.AspNetCore.Mvc.Testing.DeferredHostBuilder.DeferredHost.StartAsync(CancellationToken cancellationToken)
[xUnit.net 00:00:05.53]            at Microsoft.Extensions.Hosting.HostingAbstractionsHostExtensions.Start(IHost host)
[xUnit.net 00:00:05.53]            at Microsoft.AspNetCore.Mvc.Testing.WebApplicationFactory`1.CreateHost(IHostBuilder builder)
[xUnit.net 00:00:05.53]            at Microsoft.AspNetCore.Mvc.Testing.WebApplicationFactory`1.ConfigureHostBuilder(IHostBuilder hostBuilder)
[xUnit.net 00:00:05.53]            at Microsoft.AspNetCore.Mvc.Testing.WebApplicationFactory`1.StartServer()
[xUnit.net 00:00:05.53]            at Microsoft.AspNetCore.Mvc.Testing.WebApplicationFactory`1.get_Services()
[xUnit.net 00:00:05.53]         /home/shan/critic/p02-tenancy-r6-plants/tests/Erp.Testing/ErpTestEnvironment.cs(128,0): at Erp.Testing.ErpTestEnvironment.SeedAsync(TestDatabaseServer server, String database, SeedPlan plan, IDictionary`2 settings)
[xUnit.net 00:00:05.53]         /home/shan/critic/p02-tenancy-r6-plants/tests/Erp.Testing/ErpTestEnvironment.cs(138,0): at Erp.Testing.ErpTestEnvironment.SeedAsync(TestDatabaseServer server, String database, SeedPlan plan, IDictionary`2 settings)
[xUnit.net 00:00:05.53]         /home/shan/critic/p02-tenancy-r6-plants/tests/Erp.Testing/ErpTestEnvironment.cs(90,0): at Erp.Testing.ErpTestEnvironment.<>c__DisplayClass34_0.<<StartGateAsync>b__0>d.MoveNext()
[xUnit.net 00:00:05.53]         --- End of stack trace from previous location ---
[xUnit.net 00:00:05.53]         /home/shan/critic/p02-tenancy-r6-plants/tests/Erp.Testing/TestDatabaseServer.cs(160,0): at Erp.Testing.TestDatabaseServer.<>c__DisplayClass25_0.<<GateTemplateAsync>b__3>d.MoveNext()
[xUnit.net 00:00:05.53]         --- End of stack trace from previous location ---
[xUnit.net 00:00:05.53]         /home/shan/critic/p02-tenancy-r6-plants/tests/Erp.Testing/TestDatabaseServer.cs(165,0): at Erp.Testing.TestDatabaseServer.GateTemplateAsync(IDictionary`2 settings, Func`2 seed)
[xUnit.net 00:00:05.53]         /home/shan/critic/p02-tenancy-r6-plants/tests/Erp.Testing/ErpTestEnvironment.cs(87,0): at Erp.Testing.ErpTestEnvironment.StartGateAsync(IDictionary`2 settings)
[xUnit.net 00:00:05.53]         /home/shan/critic/p02-tenancy-r6-plants/tests/Erp.Gates.Tests/Infrastructure/GateFixture.cs(17,0): at Erp.Gates.Tests.Infrastructure.GateFixture.InitializeAsync()
[xUnit.net 00:00:05.53]     Erp.Gates.Tests.G2.G2PermissionTests.The_declaration_check_catches_AllowAnonymous_stacked_on_a_permission [FAIL]
[xUnit.net 00:00:05.53]       Assembly fixture type 'Erp.Gates.Tests.Infrastructure.GateFixture' threw in InitializeAsync
[xUnit.net 00:00:05.53]       ---- System.InvalidOperationException : Endpoint authorisation is incomplete:
[xUnit.net 00:00:05.53]       HTTP: PUT /api/tenancy/tenant => UpdateTenant: declares no permission
[xUnit.net 00:00:05.53]       Stack Trace:
[xUnit.net 00:00:05.53]         
[xUnit.net 00:00:05.53]         ----- Inner Stack Trace -----
[xUnit.net 00:00:05.53]         /home/shan/critic/p02-tenancy-r6-plants/src/Kernel/Erp.Kernel/Hosting/ErpPlatform.cs(236,0): at Erp.Kernel.Hosting.ErpPlatform.ValidateEndpoints(WebApplication app)
[xUnit.net 00:00:05.53]         /home/shan/critic/p02-tenancy-r6-plants/src/Kernel/Erp.Kernel/Hosting/ErpPlatform.cs(202,0): at Erp.Kernel.Hosting.ErpPlatform.UseErpPlatform(WebApplication app)
[xUnit.net 00:00:05.53]         /home/shan/critic/p02-tenancy-r6-plants/src/Host/Erp.Host/Program.cs(8,0): at Program.<Main>$(String[] args)
[xUnit.net 00:00:05.53]            at Program.<Main>(String[] args)
[xUnit.net 00:00:05.53]            at System.Reflection.MethodBaseInvoker.InterpretedInvoke_Method(Object obj, IntPtr* args)
[xUnit.net 00:00:05.53]            at System.Reflection.MethodBaseInvoker.InvokeDirectByRefWithFewArgs(Object obj, Span`1 copyOfArgs, BindingFlags invokeAttr)
[xUnit.net 00:00:05.53]         --- End of stack trace from previous location ---
[xUnit.net 00:00:05.53]            at Microsoft.AspNetCore.Mvc.Testing.DeferredHostBuilder.DeferredHost.StartAsync(CancellationToken cancellationToken)
[xUnit.net 00:00:05.53]            at Microsoft.Extensions.Hosting.HostingAbstractionsHostExtensions.Start(IHost host)
[xUnit.net 00:00:05.53]            at Microsoft.AspNetCore.Mvc.Testing.WebApplicationFactory`1.CreateHost(IHostBuilder builder)
[xUnit.net 00:00:05.53]            at Microsoft.AspNetCore.Mvc.Testing.WebApplicationFactory`1.ConfigureHostBuilder(IHostBuilder hostBuilder)
[xUnit.net 00:00:05.53]            at Microsoft.AspNetCore.Mvc.Testing.WebApplicationFactory`1.StartServer()
[xUnit.net 00:00:05.53]            at Microsoft.AspNetCore.Mvc.Testing.WebApplicationFactory`1.get_Services()
[xUnit.net 00:00:05.53]         /home/shan/critic/p02-tenancy-r6-plants/tests/Erp.Testing/ErpTestEnvironment.cs(128,0): at Erp.Testing.ErpTestEnvironment.SeedAsync(TestDatabaseServer server, String database, SeedPlan plan, IDictionary`2 settings)
[xUnit.net 00:00:05.53]         /home/shan/critic/p02-tenancy-r6-plants/tests/Erp.Testing/ErpTestEnvironment.cs(138,0): at Erp.Testing.ErpTestEnvironment.SeedAsync(TestDatabaseServer server, String database, SeedPlan plan, IDictionary`2 settings)
[xUnit.net 00:00:05.53]         /home/shan/critic/p02-tenancy-r6-plants/tests/Erp.Testing/ErpTestEnvironment.cs(90,0): at Erp.Testing.ErpTestEnvironment.<>c__DisplayClass34_0.<<StartGateAsync>b__0>d.MoveNext()
[xUnit.net 00:00:05.53]         --- End of stack trace from previous location ---
[xUnit.net 00:00:05.53]         /home/shan/critic/p02-tenancy-r6-plants/tests/Erp.Testing/TestDatabaseServer.cs(160,0): at Erp.Testing.TestDatabaseServer.<>c__DisplayClass25_0.<<GateTemplateAsync>b__3>d.MoveNext()
[xUnit.net 00:00:05.53]         --- End of stack trace from previous location ---
[xUnit.net 00:00:05.53]         /home/shan/critic/p02-tenancy-r6-plants/tests/Erp.Testing/TestDatabaseServer.cs(165,0): at Erp.Testing.TestDatabaseServer.GateTemplateAsync(IDictionary`2 settings, Func`2 seed)
[xUnit.net 00:00:05.53]         /home/shan/critic/p02-tenancy-r6-plants/tests/Erp.Testing/ErpTestEnvironment.cs(87,0): at Erp.Testing.ErpTestEnvironment.StartGateAsync(IDictionary`2 settings)
[xUnit.net 00:00:05.53]         /home/shan/critic/p02-tenancy-r6-plants/tests/Erp.Gates.Tests/Infrastructure/GateFixture.cs(17,0): at Erp.Gates.Tests.Infrastructure.GateFixture.InitializeAsync()
[xUnit.net 00:00:05.53]     Erp.Gates.Tests.G2.G2PermissionTests.The_reviewed_permission_map_catches_a_weaker_permission_an_unreviewed_endpoint_and_a_stale_line [FAIL]
[xUnit.net 00:00:05.53]       Assembly fixture type 'Erp.Gates.Tests.Infrastructure.GateFixture' threw in InitializeAsync
[xUnit.net 00:00:05.53]       ---- System.InvalidOperationException : Endpoint authorisation is incomplete:
[xUnit.net 00:00:05.53]       HTTP: PUT /api/tenancy/tenant => UpdateTenant: declares no permission
[xUnit.net 00:00:05.53]       Stack Trace:
[xUnit.net 00:00:05.53]         
[xUnit.net 00:00:05.53]         ----- Inner Stack Trace -----
[xUnit.net 00:00:05.53]         /home/shan/critic/p02-tenancy-r6-plants/src/Kernel/Erp.Kernel/Hosting/ErpPlatform.cs(236,0): at Erp.Kernel.Hosting.ErpPlatform.ValidateEndpoints(WebApplication app)
[xUnit.net 00:00:05.53]         /home/shan/critic/p02-tenancy-r6-plants/src/Kernel/Erp.Kernel/Hosting/ErpPlatform.cs(202,0): at Erp.Kernel.Hosting.ErpPlatform.UseErpPlatform(WebApplication app)
[xUnit.net 00:00:05.53]         /home/shan/critic/p02-tenancy-r6-plants/src/Host/Erp.Host/Program.cs(8,0): at Program.<Main>$(String[] args)
[xUnit.net 00:00:05.53]            at Program.<Main>(String[] args)
[xUnit.net 00:00:05.53]            at System.Reflection.MethodBaseInvoker.InterpretedInvoke_Method(Object obj, IntPtr* args)
[xUnit.net 00:00:05.53]            at System.Reflection.MethodBaseInvoker.InvokeDirectByRefWithFewArgs(Object obj, Span`1 copyOfArgs, BindingFlags invokeAttr)
[xUnit.net 00:00:05.53]         --- End of stack trace from previous location ---
[xUnit.net 00:00:05.53]            at Microsoft.AspNetCore.Mvc.Testing.DeferredHostBuilder.DeferredHost.StartAsync(CancellationToken cancellationToken)
[xUnit.net 00:00:05.53]            at Microsoft.Extensions.Hosting.HostingAbstractionsHostExtensions.Start(IHost host)
[xUnit.net 00:00:05.53]            at Microsoft.AspNetCore.Mvc.Testing.WebApplicationFactory`1.CreateHost(IHostBuilder builder)
[xUnit.net 00:00:05.53]            at Microsoft.AspNetCore.Mvc.Testing.WebApplicationFactory`1.ConfigureHostBuilder(IHostBuilder hostBuilder)
[xUnit.net 00:00:05.53]            at Microsoft.AspNetCore.Mvc.Testing.WebApplicationFactory`1.StartServer()
[xUnit.net 00:00:05.53]            at Microsoft.AspNetCore.Mvc.Testing.WebApplicationFactory`1.get_Services()
[xUnit.net 00:00:05.53]         /home/shan/critic/p02-tenancy-r6-plants/tests/Erp.Testing/ErpTestEnvironment.cs(128,0): at Erp.Testing.ErpTestEnvironment.SeedAsync(TestDatabaseServer server, String database, SeedPlan plan, IDictionary`2 settings)
[xUnit.net 00:00:05.53]         /home/shan/critic/p02-tenancy-r6-plants/tests/Erp.Testing/ErpTestEnvironment.cs(138,0): at Erp.Testing.ErpTestEnvironment.SeedAsync(TestDatabaseServer server, String database, SeedPlan plan, IDictionary`2 settings)
[xUnit.net 00:00:05.53]         /home/shan/critic/p02-tenancy-r6-plants/tests/Erp.Testing/ErpTestEnvironment.cs(90,0): at Erp.Testing.ErpTestEnvironment.<>c__DisplayClass34_0.<<StartGateAsync>b__0>d.MoveNext()
[xUnit.net 00:00:05.53]         --- End of stack trace from previous location ---
[xUnit.net 00:00:05.53]         /home/shan/critic/p02-tenancy-r6-plants/tests/Erp.Testing/TestDatabaseServer.cs(160,0): at Erp.Testing.TestDatabaseServer.<>c__DisplayClass25_0.<<GateTemplateAsync>b__3>d.MoveNext()
[xUnit.net 00:00:05.53]         --- End of stack trace from previous location ---
[xUnit.net 00:00:05.53]         /home/shan/critic/p02-tenancy-r6-plants/tests/Erp.Testing/TestDatabaseServer.cs(165,0): at Erp.Testing.TestDatabaseServer.GateTemplateAsync(IDictionary`2 settings, Func`2 seed)
[xUnit.net 00:00:05.53]         /home/shan/critic/p02-tenancy-r6-plants/tests/Erp.Testing/ErpTestEnvironment.cs(87,0): at Erp.Testing.ErpTestEnvironment.StartGateAsync(IDictionary`2 settings)
[xUnit.net 00:00:05.53]         /home/shan/critic/p02-tenancy-r6-plants/tests/Erp.Gates.Tests/Infrastructure/GateFixture.cs(17,0): at Erp.Gates.Tests.Infrastructure.GateFixture.InitializeAsync()
[xUnit.net 00:00:05.53]     Erp.Gates.Tests.G2.G2PermissionTests.Every_module_route_is_under_a_reviewed_map_or_derives_its_permission_from_its_list [FAIL]
[xUnit.net 00:00:05.53]       Assembly fixture type 'Erp.Gates.Tests.Infrastructure.GateFixture' threw in InitializeAsync
[xUnit.net 00:00:05.53]       ---- System.InvalidOperationException : Endpoint authorisation is incomplete:
[xUnit.net 00:00:05.53]       HTTP: PUT /api/tenancy/tenant => UpdateTenant: declares no permission
[xUnit.net 00:00:05.53]       Stack Trace:
[xUnit.net 00:00:05.53]         
[xUnit.net 00:00:05.53]         ----- Inner Stack Trace -----
[xUnit.net 00:00:05.53]         /home/shan/critic/p02-tenancy-r6-plants/src/Kernel/Erp.Kernel/Hosting/ErpPlatform.cs(236,0): at Erp.Kernel.Hosting.ErpPlatform.ValidateEndpoints(WebApplication app)
[xUnit.net 00:00:05.53]         /home/shan/critic/p02-tenancy-r6-plants/src/Kernel/Erp.Kernel/Hosting/ErpPlatform.cs(202,0): at Erp.Kernel.Hosting.ErpPlatform.UseErpPlatform(WebApplication app)
[xUnit.net 00:00:05.53]         /home/shan/critic/p02-tenancy-r6-plants/src/Host/Erp.Host/Program.cs(8,0): at Program.<Main>$(String[] args)
[xUnit.net 00:00:05.53]            at Program.<Main>(String[] args)
[xUnit.net 00:00:05.53]            at System.Reflection.MethodBaseInvoker.InterpretedInvoke_Method(Object obj, IntPtr* args)
[xUnit.net 00:00:05.53]            at System.Reflection.MethodBaseInvoker.InvokeDirectByRefWithFewArgs(Object obj, Span`1 copyOfArgs, BindingFlags invokeAttr)
[xUnit.net 00:00:05.53]         --- End of stack trace from previous location ---
[xUnit.net 00:00:05.53]            at Microsoft.AspNetCore.Mvc.Testing.DeferredHostBuilder.DeferredHost.StartAsync(CancellationToken cancellationToken)
[xUnit.net 00:00:05.53]            at Microsoft.Extensions.Hosting.HostingAbstractionsHostExtensions.Start(IHost host)
[xUnit.net 00:00:05.53]            at Microsoft.AspNetCore.Mvc.Testing.WebApplicationFactory`1.CreateHost(IHostBuilder builder)
[xUnit.net 00:00:05.53]            at Microsoft.AspNetCore.Mvc.Testing.WebApplicationFactory`1.ConfigureHostBuilder(IHostBuilder hostBuilder)
[xUnit.net 00:00:05.53]            at Microsoft.AspNetCore.Mvc.Testing.WebApplicationFactory`1.StartServer()
[xUnit.net 00:00:05.53]            at Microsoft.AspNetCore.Mvc.Testing.WebApplicationFactory`1.get_Services()
[xUnit.net 00:00:05.53]         /home/shan/critic/p02-tenancy-r6-plants/tests/Erp.Testing/ErpTestEnvironment.cs(128,0): at Erp.Testing.ErpTestEnvironment.SeedAsync(TestDatabaseServer server, String database, SeedPlan plan, IDictionary`2 settings)
[xUnit.net 00:00:05.53]         /home/shan/critic/p02-tenancy-r6-plants/tests/Erp.Testing/ErpTestEnvironment.cs(138,0): at Erp.Testing.ErpTestEnvironment.SeedAsync(TestDatabaseServer server, String database, SeedPlan plan, IDictionary`2 settings)
[xUnit.net 00:00:05.53]         /home/shan/critic/p02-tenancy-r6-plants/tests/Erp.Testing/ErpTestEnvironment.cs(90,0): at Erp.Testing.ErpTestEnvironment.<>c__DisplayClass34_0.<<StartGateAsync>b__0>d.MoveNext()
[xUnit.net 00:00:05.53]         --- End of stack trace from previous location ---
[xUnit.net 00:00:05.53]         /home/shan/critic/p02-tenancy-r6-plants/tests/Erp.Testing/TestDatabaseServer.cs(160,0): at Erp.Testing.TestDatabaseServer.<>c__DisplayClass25_0.<<GateTemplateAsync>b__3>d.MoveNext()
[xUnit.net 00:00:05.53]         --- End of stack trace from previous location ---
[xUnit.net 00:00:05.53]         /home/shan/critic/p02-tenancy-r6-plants/tests/Erp.Testing/TestDatabaseServer.cs(165,0): at Erp.Testing.TestDatabaseServer.GateTemplateAsync(IDictionary`2 settings, Func`2 seed)
[xUnit.net 00:00:05.53]         /home/shan/critic/p02-tenancy-r6-plants/tests/Erp.Testing/ErpTestEnvironment.cs(87,0): at Erp.Testing.ErpTestEnvironment.StartGateAsync(IDictionary`2 settings)
[xUnit.net 00:00:05.53]         /home/shan/critic/p02-tenancy-r6-plants/tests/Erp.Gates.Tests/Infrastructure/GateFixture.cs(17,0): at Erp.Gates.Tests.Infrastructure.GateFixture.InitializeAsync()
[xUnit.net 00:00:05.53]     Erp.Gates.Tests.G2.G2PermissionTests.Every_endpoint_under_a_reviewed_prefix_declares_exactly_its_reviewed_permission [FAIL]
[xUnit.net 00:00:05.53]       Assembly fixture type 'Erp.Gates.Tests.Infrastructure.GateFixture' threw in InitializeAsync
[xUnit.net 00:00:05.53]       ---- System.InvalidOperationException : Endpoint authorisation is incomplete:
[xUnit.net 00:00:05.53]       HTTP: PUT /api/tenancy/tenant => UpdateTenant: declares no permission
[xUnit.net 00:00:05.53]       Stack Trace:
[xUnit.net 00:00:05.53]         
[xUnit.net 00:00:05.53]         ----- Inner Stack Trace -----
[xUnit.net 00:00:05.53]         /home/shan/critic/p02-tenancy-r6-plants/src/Kernel/Erp.Kernel/Hosting/ErpPlatform.cs(236,0): at Erp.Kernel.Hosting.ErpPlatform.ValidateEndpoints(WebApplication app)
[xUnit.net 00:00:05.53]         /home/shan/critic/p02-tenancy-r6-plants/src/Kernel/Erp.Kernel/Hosting/ErpPlatform.cs(202,0): at Erp.Kernel.Hosting.ErpPlatform.UseErpPlatform(WebApplication app)
[xUnit.net 00:00:05.53]         /home/shan/critic/p02-tenancy-r6-plants/src/Host/Erp.Host/Program.cs(8,0): at Program.<Main>$(String[] args)
[xUnit.net 00:00:05.53]            at Program.<Main>(String[] args)
[xUnit.net 00:00:05.53]            at System.Reflection.MethodBaseInvoker.InterpretedInvoke_Method(Object obj, IntPtr* args)
[xUnit.net 00:00:05.53]            at System.Reflection.MethodBaseInvoker.InvokeDirectByRefWithFewArgs(Object obj, Span`1 copyOfArgs, BindingFlags invokeAttr)
[xUnit.net 00:00:05.53]         --- End of stack trace from previous location ---
[xUnit.net 00:00:05.53]            at Microsoft.AspNetCore.Mvc.Testing.DeferredHostBuilder.DeferredHost.StartAsync(CancellationToken cancellationToken)
[xUnit.net 00:00:05.53]            at Microsoft.Extensions.Hosting.HostingAbstractionsHostExtensions.Start(IHost host)
[xUnit.net 00:00:05.53]            at Microsoft.AspNetCore.Mvc.Testing.WebApplicationFactory`1.CreateHost(IHostBuilder builder)
[xUnit.net 00:00:05.53]            at Microsoft.AspNetCore.Mvc.Testing.WebApplicationFactory`1.ConfigureHostBuilder(IHostBuilder hostBuilder)
[xUnit.net 00:00:05.53]            at Microsoft.AspNetCore.Mvc.Testing.WebApplicationFactory`1.StartServer()
[xUnit.net 00:00:05.53]            at Microsoft.AspNetCore.Mvc.Testing.WebApplicationFactory`1.get_Services()
[xUnit.net 00:00:05.53]         /home/shan/critic/p02-tenancy-r6-plants/tests/Erp.Testing/ErpTestEnvironment.cs(128,0): at Erp.Testing.ErpTestEnvironment.SeedAsync(TestDatabaseServer server, String database, SeedPlan plan, IDictionary`2 settings)
[xUnit.net 00:00:05.53]         /home/shan/critic/p02-tenancy-r6-plants/tests/Erp.Testing/ErpTestEnvironment.cs(138,0): at Erp.Testing.ErpTestEnvironment.SeedAsync(TestDatabaseServer server, String database, SeedPlan plan, IDictionary`2 settings)
[xUnit.net 00:00:05.53]         /home/shan/critic/p02-tenancy-r6-plants/tests/Erp.Testing/ErpTestEnvironment.cs(90,0): at Erp.Testing.ErpTestEnvironment.<>c__DisplayClass34_0.<<StartGateAsync>b__0>d.MoveNext()
[xUnit.net 00:00:05.53]         --- End of stack trace from previous location ---
[xUnit.net 00:00:05.53]         /home/shan/critic/p02-tenancy-r6-plants/tests/Erp.Testing/TestDatabaseServer.cs(160,0): at Erp.Testing.TestDatabaseServer.<>c__DisplayClass25_0.<<GateTemplateAsync>b__3>d.MoveNext()
[xUnit.net 00:00:05.53]         --- End of stack trace from previous location ---
[xUnit.net 00:00:05.53]         /home/shan/critic/p02-tenancy-r6-plants/tests/Erp.Testing/TestDatabaseServer.cs(165,0): at Erp.Testing.TestDatabaseServer.GateTemplateAsync(IDictionary`2 settings, Func`2 seed)
[xUnit.net 00:00:05.53]         /home/shan/critic/p02-tenancy-r6-plants/tests/Erp.Testing/ErpTestEnvironment.cs(87,0): at Erp.Testing.ErpTestEnvironment.StartGateAsync(IDictionary`2 settings)
[xUnit.net 00:00:05.53]         /home/shan/critic/p02-tenancy-r6-plants/tests/Erp.Gates.Tests/Infrastructure/GateFixture.cs(17,0): at Erp.Gates.Tests.Infrastructure.GateFixture.InitializeAsync()
[xUnit.net 00:00:05.53]     Erp.Gates.Tests.G2.G2PermissionTests.Every_endpoint_declares_exactly_one_permission_or_is_reviewed_anonymous [FAIL]
[xUnit.net 00:00:05.53]       Assembly fixture type 'Erp.Gates.Tests.Infrastructure.GateFixture' threw in InitializeAsync
[xUnit.net 00:00:05.53]       ---- System.InvalidOperationException : Endpoint authorisation is incomplete:
[xUnit.net 00:00:05.53]       HTTP: PUT /api/tenancy/tenant => UpdateTenant: declares no permission
[xUnit.net 00:00:05.53]       Stack Trace:
[xUnit.net 00:00:05.53]         
[xUnit.net 00:00:05.53]         ----- Inner Stack Trace -----
[xUnit.net 00:00:05.53]         /home/shan/critic/p02-tenancy-r6-plants/src/Kernel/Erp.Kernel/Hosting/ErpPlatform.cs(236,0): at Erp.Kernel.Hosting.ErpPlatform.ValidateEndpoints(WebApplication app)
[xUnit.net 00:00:05.53]         /home/shan/critic/p02-tenancy-r6-plants/src/Kernel/Erp.Kernel/Hosting/ErpPlatform.cs(202,0): at Erp.Kernel.Hosting.ErpPlatform.UseErpPlatform(WebApplication app)
[xUnit.net 00:00:05.53]         /home/shan/critic/p02-tenancy-r6-plants/src/Host/Erp.Host/Program.cs(8,0): at Program.<Main>$(String[] args)
[xUnit.net 00:00:05.53]            at Program.<Main>(String[] args)
[xUnit.net 00:00:05.53]            at System.Reflection.MethodBaseInvoker.InterpretedInvoke_Method(Object obj, IntPtr* args)
[xUnit.net 00:00:05.53]            at System.Reflection.MethodBaseInvoker.InvokeDirectByRefWithFewArgs(Object obj, Span`1 copyOfArgs, BindingFlags invokeAttr)
[xUnit.net 00:00:05.53]         --- End of stack trace from previous location ---
[xUnit.net 00:00:05.53]            at Microsoft.AspNetCore.Mvc.Testing.DeferredHostBuilder.DeferredHost.StartAsync(CancellationToken cancellationToken)
[xUnit.net 00:00:05.53]            at Microsoft.Extensions.Hosting.HostingAbstractionsHostExtensions.Start(IHost host)
[xUnit.net 00:00:05.53]            at Microsoft.AspNetCore.Mvc.Testing.WebApplicationFactory`1.CreateHost(IHostBuilder builder)
[xUnit.net 00:00:05.53]            at Microsoft.AspNetCore.Mvc.Testing.WebApplicationFactory`1.ConfigureHostBuilder(IHostBuilder hostBuilder)
[xUnit.net 00:00:05.53]            at Microsoft.AspNetCore.Mvc.Testing.WebApplicationFactory`1.StartServer()
[xUnit.net 00:00:05.53]            at Microsoft.AspNetCore.Mvc.Testing.WebApplicationFactory`1.get_Services()
[xUnit.net 00:00:05.53]         /home/shan/critic/p02-tenancy-r6-plants/tests/Erp.Testing/ErpTestEnvironment.cs(128,0): at Erp.Testing.ErpTestEnvironment.SeedAsync(TestDatabaseServer server, String database, SeedPlan plan, IDictionary`2 settings)
[xUnit.net 00:00:05.53]         /home/shan/critic/p02-tenancy-r6-plants/tests/Erp.Testing/ErpTestEnvironment.cs(138,0): at Erp.Testing.ErpTestEnvironment.SeedAsync(TestDatabaseServer server, String database, SeedPlan plan, IDictionary`2 settings)
[xUnit.net 00:00:05.53]         /home/shan/critic/p02-tenancy-r6-plants/tests/Erp.Testing/ErpTestEnvironment.cs(90,0): at Erp.Testing.ErpTestEnvironment.<>c__DisplayClass34_0.<<StartGateAsync>b__0>d.MoveNext()
[xUnit.net 00:00:05.53]         --- End of stack trace from previous location ---
[xUnit.net 00:00:05.53]         /home/shan/critic/p02-tenancy-r6-plants/tests/Erp.Testing/TestDatabaseServer.cs(160,0): at Erp.Testing.TestDatabaseServer.<>c__DisplayClass25_0.<<GateTemplateAsync>b__3>d.MoveNext()
[xUnit.net 00:00:05.53]         --- End of stack trace from previous location ---
[xUnit.net 00:00:05.53]         /home/shan/critic/p02-tenancy-r6-plants/tests/Erp.Testing/TestDatabaseServer.cs(165,0): at Erp.Testing.TestDatabaseServer.GateTemplateAsync(IDictionary`2 settings, Func`2 seed)
[xUnit.net 00:00:05.53]         /home/shan/critic/p02-tenancy-r6-plants/tests/Erp.Testing/ErpTestEnvironment.cs(87,0): at Erp.Testing.ErpTestEnvironment.StartGateAsync(IDictionary`2 settings)
[xUnit.net 00:00:05.53]         /home/shan/critic/p02-tenancy-r6-plants/tests/Erp.Gates.Tests/Infrastructure/GateFixture.cs(17,0): at Erp.Gates.Tests.Infrastructure.GateFixture.InitializeAsync()
[xUnit.net 00:00:05.53]     Erp.Gates.Tests.G1.G1DatabaseIsolationTests.Audit_trail_is_append_only_for_the_application [FAIL]
[xUnit.net 00:00:05.53]       Assembly fixture type 'Erp.Gates.Tests.Infrastructure.GateFixture' threw in InitializeAsync
[xUnit.net 00:00:05.53]       ---- System.InvalidOperationException : Endpoint authorisation is incomplete:
[xUnit.net 00:00:05.53]       HTTP: PUT /api/tenancy/tenant => UpdateTenant: declares no permission
[xUnit.net 00:00:05.53]       Stack Trace:
[xUnit.net 00:00:05.53]         
[xUnit.net 00:00:05.53]         ----- Inner Stack Trace -----
[xUnit.net 00:00:05.53]         /home/shan/critic/p02-tenancy-r6-plants/src/Kernel/Erp.Kernel/Hosting/ErpPlatform.cs(236,0): at Erp.Kernel.Hosting.ErpPlatform.ValidateEndpoints(WebApplication app)
[xUnit.net 00:00:05.53]         /home/shan/critic/p02-tenancy-r6-plants/src/Kernel/Erp.Kernel/Hosting/ErpPlatform.cs(202,0): at Erp.Kernel.Hosting.ErpPlatform.UseErpPlatform(WebApplication app)
[xUnit.net 00:00:05.53]         /home/shan/critic/p02-tenancy-r6-plants/src/Host/Erp.Host/Program.cs(8,0): at Program.<Main>$(String[] args)
[xUnit.net 00:00:05.53]            at Program.<Main>(String[] args)
[xUnit.net 00:00:05.53]            at System.Reflection.MethodBaseInvoker.InterpretedInvoke_Method(Object obj, IntPtr* args)
[xUnit.net 00:00:05.53]            at System.Reflection.MethodBaseInvoker.InvokeDirectByRefWithFewArgs(Object obj, Span`1 copyOfArgs, BindingFlags invokeAttr)
[xUnit.net 00:00:05.53]         --- End of stack trace from previous location ---
[xUnit.net 00:00:05.53]            at Microsoft.AspNetCore.Mvc.Testing.DeferredHostBuilder.DeferredHost.StartAsync(CancellationToken cancellationToken)
[xUnit.net 00:00:05.53]            at Microsoft.Extensions.Hosting.HostingAbstractionsHostExtensions.Start(IHost host)
[xUnit.net 00:00:05.53]            at Microsoft.AspNetCore.Mvc.Testing.WebApplicationFactory`1.CreateHost(IHostBuilder builder)
[xUnit.net 00:00:05.53]            at Microsoft.AspNetCore.Mvc.Testing.WebApplicationFactory`1.ConfigureHostBuilder(IHostBuilder hostBuilder)
[xUnit.net 00:00:05.53]            at Microsoft.AspNetCore.Mvc.Testing.WebApplicationFactory`1.StartServer()
[xUnit.net 00:00:05.53]            at Microsoft.AspNetCore.Mvc.Testing.WebApplicationFactory`1.get_Services()
[xUnit.net 00:00:05.53]         /home/shan/critic/p02-tenancy-r6-plants/tests/Erp.Testing/ErpTestEnvironment.cs(128,0): at Erp.Testing.ErpTestEnvironment.SeedAsync(TestDatabaseServer server, String database, SeedPlan plan, IDictionary`2 settings)
[xUnit.net 00:00:05.53]         /home/shan/critic/p02-tenancy-r6-plants/tests/Erp.Testing/ErpTestEnvironment.cs(138,0): at Erp.Testing.ErpTestEnvironment.SeedAsync(TestDatabaseServer server, String database, SeedPlan plan, IDictionary`2 settings)
[xUnit.net 00:00:05.53]         /home/shan/critic/p02-tenancy-r6-plants/tests/Erp.Testing/ErpTestEnvironment.cs(90,0): at Erp.Testing.ErpTestEnvironment.<>c__DisplayClass34_0.<<StartGateAsync>b__0>d.MoveNext()
[xUnit.net 00:00:05.53]         --- End of stack trace from previous location ---
[xUnit.net 00:00:05.53]         /home/shan/critic/p02-tenancy-r6-plants/tests/Erp.Testing/TestDatabaseServer.cs(160,0): at Erp.Testing.TestDatabaseServer.<>c__DisplayClass25_0.<<GateTemplateAsync>b__3>d.MoveNext()
[xUnit.net 00:00:05.53]         --- End of stack trace from previous location ---
[xUnit.net 00:00:05.53]         /home/shan/critic/p02-tenancy-r6-plants/tests/Erp.Testing/TestDatabaseServer.cs(165,0): at Erp.Testing.TestDatabaseServer.GateTemplateAsync(IDictionary`2 settings, Func`2 seed)
[xUnit.net 00:00:05.53]         /home/shan/critic/p02-tenancy-r6-plants/tests/Erp.Testing/ErpTestEnvironment.cs(87,0): at Erp.Testing.ErpTestEnvironment.StartGateAsync(IDictionary`2 settings)
[xUnit.net 00:00:05.53]         /home/shan/critic/p02-tenancy-r6-plants/tests/Erp.Gates.Tests/Infrastructure/GateFixture.cs(17,0): at Erp.Gates.Tests.Infrastructure.GateFixture.InitializeAsync()
[xUnit.net 00:00:05.53]     Erp.Gates.Tests.G1.G1DatabaseIsolationTests.A_tenant_set_for_the_whole_connection_or_left_by_an_earlier_transaction_is_ignored [FAIL]
[xUnit.net 00:00:05.53]       Assembly fixture type 'Erp.Gates.Tests.Infrastructure.GateFixture' threw in InitializeAsync
[xUnit.net 00:00:05.53]       ---- System.InvalidOperationException : Endpoint authorisation is incomplete:
[xUnit.net 00:00:05.53]       HTTP: PUT /api/tenancy/tenant => UpdateTenant: declares no permission
[xUnit.net 00:00:05.53]       Stack Trace:
[xUnit.net 00:00:05.53]         
[xUnit.net 00:00:05.53]         ----- Inner Stack Trace -----
[xUnit.net 00:00:05.53]         /home/shan/critic/p02-tenancy-r6-plants/src/Kernel/Erp.Kernel/Hosting/ErpPlatform.cs(236,0): at Erp.Kernel.Hosting.ErpPlatform.ValidateEndpoints(WebApplication app)
[xUnit.net 00:00:05.53]         /home/shan/critic/p02-tenancy-r6-plants/src/Kernel/Erp.Kernel/Hosting/ErpPlatform.cs(202,0): at Erp.Kernel.Hosting.ErpPlatform.UseErpPlatform(WebApplication app)
[xUnit.net 00:00:05.53]         /home/shan/critic/p02-tenancy-r6-plants/src/Host/Erp.Host/Program.cs(8,0): at Program.<Main>$(String[] args)
[xUnit.net 00:00:05.53]            at Program.<Main>(String[] args)
[xUnit.net 00:00:05.53]            at System.Reflection.MethodBaseInvoker.InterpretedInvoke_Method(Object obj, IntPtr* args)
[xUnit.net 00:00:05.53]            at System.Reflection.MethodBaseInvoker.InvokeDirectByRefWithFewArgs(Object obj, Span`1 copyOfArgs, BindingFlags invokeAttr)
[xUnit.net 00:00:05.53]         --- End of stack trace from previous location ---
[xUnit.net 00:00:05.53]            at Microsoft.AspNetCore.Mvc.Testing.DeferredHostBuilder.DeferredHost.StartAsync(CancellationToken cancellationToken)
[xUnit.net 00:00:05.53]            at Microsoft.Extensions.Hosting.HostingAbstractionsHostExtensions.Start(IHost host)
[xUnit.net 00:00:05.53]            at Microsoft.AspNetCore.Mvc.Testing.WebApplicationFactory`1.CreateHost(IHostBuilder builder)
[xUnit.net 00:00:05.53]            at Microsoft.AspNetCore.Mvc.Testing.WebApplicationFactory`1.ConfigureHostBuilder(IHostBuilder hostBuilder)
[xUnit.net 00:00:05.53]            at Microsoft.AspNetCore.Mvc.Testing.WebApplicationFactory`1.StartServer()
[xUnit.net 00:00:05.53]            at Microsoft.AspNetCore.Mvc.Testing.WebApplicationFactory`1.get_Services()
[xUnit.net 00:00:05.53]         /home/shan/critic/p02-tenancy-r6-plants/tests/Erp.Testing/ErpTestEnvironment.cs(128,0): at Erp.Testing.ErpTestEnvironment.SeedAsync(TestDatabaseServer server, String database, SeedPlan plan, IDictionary`2 settings)
[xUnit.net 00:00:05.53]         /home/shan/critic/p02-tenancy-r6-plants/tests/Erp.Testing/ErpTestEnvironment.cs(138,0): at Erp.Testing.ErpTestEnvironment.SeedAsync(TestDatabaseServer server, String database, SeedPlan plan, IDictionary`2 settings)
[xUnit.net 00:00:05.53]         /home/shan/critic/p02-tenancy-r6-plants/tests/Erp.Testing/ErpTestEnvironment.cs(90,0): at Erp.Testing.ErpTestEnvironment.<>c__DisplayClass34_0.<<StartGateAsync>b__0>d.MoveNext()
[xUnit.net 00:00:05.53]         --- End of stack trace from previous location ---
[xUnit.net 00:00:05.53]         /home/shan/critic/p02-tenancy-r6-plants/tests/Erp.Testing/TestDatabaseServer.cs(160,0): at Erp.Testing.TestDatabaseServer.<>c__DisplayClass25_0.<<GateTemplateAsync>b__3>d.MoveNext()
[xUnit.net 00:00:05.53]         --- End of stack trace from previous location ---
[xUnit.net 00:00:05.53]         /home/shan/critic/p02-tenancy-r6-plants/tests/Erp.Testing/TestDatabaseServer.cs(165,0): at Erp.Testing.TestDatabaseServer.GateTemplateAsync(IDictionary`2 settings, Func`2 seed)
[xUnit.net 00:00:05.53]         /home/shan/critic/p02-tenancy-r6-plants/tests/Erp.Testing/ErpTestEnvironment.cs(87,0): at Erp.Testing.ErpTestEnvironment.StartGateAsync(IDictionary`2 settings)
[xUnit.net 00:00:05.53]         /home/shan/critic/p02-tenancy-r6-plants/tests/Erp.Gates.Tests/Infrastructure/GateFixture.cs(17,0): at Erp.Gates.Tests.Infrastructure.GateFixture.InitializeAsync()
  Failed Erp.Gates.Tests.G2.G2PermissionTests.Requests_that_only_read_cannot_write [1 ms]
  Error Message:
   Assembly fixture type 'Erp.Gates.Tests.Infrastructure.GateFixture' threw in InitializeAsync
---- System.InvalidOperationException : Endpoint authorisation is incomplete:
HTTP: PUT /api/tenancy/tenant => UpdateTenant: declares no permission
  Stack Trace:
  
----- Inner Stack Trace -----
   at Erp.Kernel.Hosting.ErpPlatform.ValidateEndpoints(WebApplication app) in /home/shan/critic/p02-tenancy-r6-plants/src/Kernel/Erp.Kernel/Hosting/ErpPlatform.cs:line 236
   at Erp.Kernel.Hosting.ErpPlatform.UseErpPlatform(WebApplication app) in /home/shan/critic/p02-tenancy-r6-plants/src/Kernel/Erp.Kernel/Hosting/ErpPlatform.cs:line 202
   at Program.<Main>$(String[] args) in /home/shan/critic/p02-tenancy-r6-plants/src/Host/Erp.Host/Program.cs:line 8
   at Program.<Main>(String[] args)
   at System.Reflection.MethodBaseInvoker.InterpretedInvoke_Method(Object obj, IntPtr* args)
   at System.Reflection.MethodBaseInvoker.InvokeDirectByRefWithFewArgs(Object obj, Span`1 copyOfArgs, BindingFlags invokeAttr)
--- End of stack trace from previous location ---
   at Microsoft.AspNetCore.Mvc.Testing.DeferredHostBuilder.DeferredHost.StartAsync(CancellationToken cancellationToken)
   at Microsoft.Extensions.Hosting.HostingAbstractionsHostExtensions.Start(IHost host)
   at Microsoft.AspNetCore.Mvc.Testing.WebApplicationFactory`1.CreateHost(IHostBuilder builder)
   at Microsoft.AspNetCore.Mvc.Testing.WebApplicationFactory`1.ConfigureHostBuilder(IHostBuilder hostBuilder)
   at Microsoft.AspNetCore.Mvc.Testing.WebApplicationFactory`1.StartServer()
   at Microsoft.AspNetCore.Mvc.Testing.WebApplicationFactory`1.get_Services()
   at Erp.Testing.ErpTestEnvironment.SeedAsync(TestDatabaseServer server, String database, SeedPlan plan, IDictionary`2 settings) in /home/shan/critic/p02-tenancy-r6-plants/tests/Erp.Testing/ErpTestEnvironment.cs:line 128
   at Erp.Testing.ErpTestEnvironment.SeedAsync(TestDatabaseServer server, String database, SeedPlan plan, IDictionary`2 settings) in /home/shan/critic/p02-tenancy-r6-plants/tests/Erp.Testing/ErpTestEnvironment.cs:line 138
   at Erp.Testing.ErpTestEnvironment.<>c__DisplayClass34_0.<<StartGateAsync>b__0>d.MoveNext() in /home/shan/critic/p02-tenancy-r6-plants/tests/Erp.Testing/ErpTestEnvironment.cs:line 90
--- End of stack trace from previous location ---
   at Erp.Testing.TestDatabaseServer.<>c__DisplayClass25_0.<<GateTemplateAsync>b__3>d.MoveNext() in /home/shan/critic/p02-tenancy-r6-plants/tests/Erp.Testing/TestDatabaseServer.cs:line 160
--- End of stack trace from previous location ---
   at Erp.Testing.TestDatabaseServer.GateTemplateAsync(IDictionary`2 settings, Func`2 seed) in /home/shan/critic/p02-tenancy-r6-plants/tests/Erp.Testing/TestDatabaseServer.cs:line 165
   at Erp.Testing.ErpTestEnvironment.StartGateAsync(IDictionary`2 settings) in /home/shan/critic/p02-tenancy-r6-plants/tests/Erp.Testing/ErpTestEnvironment.cs:line 87
   at Erp.Gates.Tests.Infrastructure.GateFixture.InitializeAsync() in /home/shan/critic/p02-tenancy-r6-plants/tests/Erp.Gates.Tests/Infrastructure/GateFixture.cs:line 17
  Failed Erp.Gates.Tests.G2.G2PermissionTests.No_endpoint_that_changes_data_is_guarded_by_a_read_permission [1 ms]
  Error Message:
   Assembly fixture type 'Erp.Gates.Tests.Infrastructure.GateFixture' threw in InitializeAsync
---- System.InvalidOperationException : Endpoint authorisation is incomplete:
HTTP: PUT /api/tenancy/tenant => UpdateTenant: declares no permission
  Stack Trace:
  
----- Inner Stack Trace -----
   at Erp.Kernel.Hosting.ErpPlatform.ValidateEndpoints(WebApplication app) in /home/shan/critic/p02-tenancy-r6-plants/src/Kernel/Erp.Kernel/Hosting/ErpPlatform.cs:line 236
   at Erp.Kernel.Hosting.ErpPlatform.UseErpPlatform(WebApplication app) in /home/shan/critic/p02-tenancy-r6-plants/src/Kernel/Erp.Kernel/Hosting/ErpPlatform.cs:line 202
   at Program.<Main>$(String[] args) in /home/shan/critic/p02-tenancy-r6-plants/src/Host/Erp.Host/Program.cs:line 8
   at Program.<Main>(String[] args)
   at System.Reflection.MethodBaseInvoker.InterpretedInvoke_Method(Object obj, IntPtr* args)
   at System.Reflection.MethodBaseInvoker.InvokeDirectByRefWithFewArgs(Object obj, Span`1 copyOfArgs, BindingFlags invokeAttr)
--- End of stack trace from previous location ---
   at Microsoft.AspNetCore.Mvc.Testing.DeferredHostBuilder.DeferredHost.StartAsync(CancellationToken cancellationToken)
   at Microsoft.Extensions.Hosting.HostingAbstractionsHostExtensions.Start(IHost host)
   at Microsoft.AspNetCore.Mvc.Testing.WebApplicationFactory`1.CreateHost(IHostBuilder builder)
   at Microsoft.AspNetCore.Mvc.Testing.WebApplicationFactory`1.ConfigureHostBuilder(IHostBuilder hostBuilder)
   at Microsoft.AspNetCore.Mvc.Testing.WebApplicationFactory`1.StartServer()
   at Microsoft.AspNetCore.Mvc.Testing.WebApplicationFactory`1.get_Services()
   at Erp.Testing.ErpTestEnvironment.SeedAsync(TestDatabaseServer server, String database, SeedPlan plan, IDictionary`2 settings) in /home/shan/critic/p02-tenancy-r6-plants/tests/Erp.Testing/ErpTestEnvironment.cs:line 128
   at Erp.Testing.ErpTestEnvironment.SeedAsync(TestDatabaseServer server, String database, SeedPlan plan, IDictionary`2 settings) in /home/shan/critic/p02-tenancy-r6-plants/tests/Erp.Testing/ErpTestEnvironment.cs:line 138
   at Erp.Testing.ErpTestEnvironment.<>c__DisplayClass34_0.<<StartGateAsync>b__0>d.MoveNext() in /home/shan/critic/p02-tenancy-r6-plants/tests/Erp.Testing/ErpTestEnvironment.cs:line 90
--- End of stack trace from previous location ---
   at Erp.Testing.TestDatabaseServer.<>c__DisplayClass25_0.<<GateTemplateAsync>b__3>d.MoveNext() in /home/shan/critic/p02-tenancy-r6-plants/tests/Erp.Testing/TestDatabaseServer.cs:line 160
--- End of stack trace from previous location ---
   at Erp.Testing.TestDatabaseServer.GateTemplateAsync(IDictionary`2 settings, Func`2 seed) in /home/shan/critic/p02-tenancy-r6-plants/tests/Erp.Testing/TestDatabaseServer.cs:line 165
   at Erp.Testing.ErpTestEnvironment.StartGateAsync(IDictionary`2 settings) in /home/shan/critic/p02-tenancy-r6-plants/tests/Erp.Testing/ErpTestEnvironment.cs:line 87
   at Erp.Gates.Tests.Infrastructure.GateFixture.InitializeAsync() in /home/shan/critic/p02-tenancy-r6-plants/tests/Erp.Gates.Tests/Infrastructure/GateFixture.cs:line 17
  Failed Erp.Gates.Tests.G2.G2PermissionTests.The_declaration_check_catches_AllowAnonymous_stacked_on_a_permission [1 ms]
  Error Message:
   Assembly fixture type 'Erp.Gates.Tests.Infrastructure.GateFixture' threw in InitializeAsync
---- System.InvalidOperationException : Endpoint authorisation is incomplete:
HTTP: PUT /api/tenancy/tenant => UpdateTenant: declares no permission
  Stack Trace:
  
----- Inner Stack Trace -----
   at Erp.Kernel.Hosting.ErpPlatform.ValidateEndpoints(WebApplication app) in /home/shan/critic/p02-tenancy-r6-plants/src/Kernel/Erp.Kernel/Hosting/ErpPlatform.cs:line 236
   at Erp.Kernel.Hosting.ErpPlatform.UseErpPlatform(WebApplication app) in /home/shan/critic/p02-tenancy-r6-plants/src/Kernel/Erp.Kernel/Hosting/ErpPlatform.cs:line 202
   at Program.<Main>$(String[] args) in /home/shan/critic/p02-tenancy-r6-plants/src/Host/Erp.Host/Program.cs:line 8
   at Program.<Main>(String[] args)
   at System.Reflection.MethodBaseInvoker.InterpretedInvoke_Method(Object obj, IntPtr* args)
   at System.Reflection.MethodBaseInvoker.InvokeDirectByRefWithFewArgs(Object obj, Span`1 copyOfArgs, BindingFlags invokeAttr)
--- End of stack trace from previous location ---
   at Microsoft.AspNetCore.Mvc.Testing.DeferredHostBuilder.DeferredHost.StartAsync(CancellationToken cancellationToken)
   at Microsoft.Extensions.Hosting.HostingAbstractionsHostExtensions.Start(IHost host)
   at Microsoft.AspNetCore.Mvc.Testing.WebApplicationFactory`1.CreateHost(IHostBuilder builder)
   at Microsoft.AspNetCore.Mvc.Testing.WebApplicationFactory`1.ConfigureHostBuilder(IHostBuilder hostBuilder)
   at Microsoft.AspNetCore.Mvc.Testing.WebApplicationFactory`1.StartServer()
   at Microsoft.AspNetCore.Mvc.Testing.WebApplicationFactory`1.get_Services()
   at Erp.Testing.ErpTestEnvironment.SeedAsync(TestDatabaseServer server, String database, SeedPlan plan, IDictionary`2 settings) in /home/shan/critic/p02-tenancy-r6-plants/tests/Erp.Testing/ErpTestEnvironment.cs:line 128
   at Erp.Testing.ErpTestEnvironment.SeedAsync(TestDatabaseServer server, String database, SeedPlan plan, IDictionary`2 settings) in /home/shan/critic/p02-tenancy-r6-plants/tests/Erp.Testing/ErpTestEnvironment.cs:line 138
   at Erp.Testing.ErpTestEnvironment.<>c__DisplayClass34_0.<<StartGateAsync>b__0>d.MoveNext() in /home/shan/critic/p02-tenancy-r6-plants/tests/Erp.Testing/ErpTestEnvironment.cs:line 90
--- End of stack trace from previous location ---
   at Erp.Testing.TestDatabaseServer.<>c__DisplayClass25_0.<<GateTemplateAsync>b__3>d.MoveNext() in /home/shan/critic/p02-tenancy-r6-plants/tests/Erp.Testing/TestDatabaseServer.cs:line 160
--- End of stack trace from previous location ---
   at Erp.Testing.TestDatabaseServer.GateTemplateAsync(IDictionary`2 settings, Func`2 seed) in /home/shan/critic/p02-tenancy-r6-plants/tests/Erp.Testing/TestDatabaseServer.cs:line 165
   at Erp.Testing.ErpTestEnvironment.StartGateAsync(IDictionary`2 settings) in /home/shan/critic/p02-tenancy-r6-plants/tests/Erp.Testing/ErpTestEnvironment.cs:line 87
   at Erp.Gates.Tests.Infrastructure.GateFixture.InitializeAsync() in /home/shan/critic/p02-tenancy-r6-plants/tests/Erp.Gates.Tests/Infrastructure/GateFixture.cs:line 17
  Failed Erp.Gates.Tests.G2.G2PermissionTests.The_reviewed_permission_map_catches_a_weaker_permission_an_unreviewed_endpoint_and_a_stale_line [1 ms]
  Error Message:
   Assembly fixture type 'Erp.Gates.Tests.Infrastructure.GateFixture' threw in InitializeAsync
---- System.InvalidOperationException : Endpoint authorisation is incomplete:
HTTP: PUT /api/tenancy/tenant => UpdateTenant: declares no permission
  Stack Trace:
  
----- Inner Stack Trace -----
   at Erp.Kernel.Hosting.ErpPlatform.ValidateEndpoints(WebApplication app) in /home/shan/critic/p02-tenancy-r6-plants/src/Kernel/Erp.Kernel/Hosting/ErpPlatform.cs:line 236
   at Erp.Kernel.Hosting.ErpPlatform.UseErpPlatform(WebApplication app) in /home/shan/critic/p02-tenancy-r6-plants/src/Kernel/Erp.Kernel/Hosting/ErpPlatform.cs:line 202
   at Program.<Main>$(String[] args) in /home/shan/critic/p02-tenancy-r6-plants/src/Host/Erp.Host/Program.cs:line 8
   at Program.<Main>(String[] args)
   at System.Reflection.MethodBaseInvoker.InterpretedInvoke_Method(Object obj, IntPtr* args)
   at System.Reflection.MethodBaseInvoker.InvokeDirectByRefWithFewArgs(Object obj, Span`1 copyOfArgs, BindingFlags invokeAttr)
--- End of stack trace from previous location ---
   at Microsoft.AspNetCore.Mvc.Testing.DeferredHostBuilder.DeferredHost.StartAsync(CancellationToken cancellationToken)
   at Microsoft.Extensions.Hosting.HostingAbstractionsHostExtensions.Start(IHost host)
   at Microsoft.AspNetCore.Mvc.Testing.WebApplicationFactory`1.CreateHost(IHostBuilder builder)
   at Microsoft.AspNetCore.Mvc.Testing.WebApplicationFactory`1.ConfigureHostBuilder(IHostBuilder hostBuilder)
   at Microsoft.AspNetCore.Mvc.Testing.WebApplicationFactory`1.StartServer()
   at Microsoft.AspNetCore.Mvc.Testing.WebApplicationFactory`1.get_Services()
   at Erp.Testing.ErpTestEnvironment.SeedAsync(TestDatabaseServer server, String database, SeedPlan plan, IDictionary`2 settings) in /home/shan/critic/p02-tenancy-r6-plants/tests/Erp.Testing/ErpTestEnvironment.cs:line 128
   at Erp.Testing.ErpTestEnvironment.SeedAsync(TestDatabaseServer server, String database, SeedPlan plan, IDictionary`2 settings) in /home/shan/critic/p02-tenancy-r6-plants/tests/Erp.Testing/ErpTestEnvironment.cs:line 138
   at Erp.Testing.ErpTestEnvironment.<>c__DisplayClass34_0.<<StartGateAsync>b__0>d.MoveNext() in /home/shan/critic/p02-tenancy-r6-plants/tests/Erp.Testing/ErpTestEnvironment.cs:line 90
--- End of stack trace from previous location ---
   at Erp.Testing.TestDatabaseServer.<>c__DisplayClass25_0.<<GateTemplateAsync>b__3>d.MoveNext() in /home/shan/critic/p02-tenancy-r6-plants/tests/Erp.Testing/TestDatabaseServer.cs:line 160
--- End of stack trace from previous location ---
   at Erp.Testing.TestDatabaseServer.GateTemplateAsync(IDictionary`2 settings, Func`2 seed) in /home/shan/critic/p02-tenancy-r6-plants/tests/Erp.Testing/TestDatabaseServer.cs:line 165
   at Erp.Testing.ErpTestEnvironment.StartGateAsync(IDictionary`2 settings) in /home/shan/critic/p02-tenancy-r6-plants/tests/Erp.Testing/ErpTestEnvironment.cs:line 87
   at Erp.Gates.Tests.Infrastructure.GateFixture.InitializeAsync() in /home/shan/critic/p02-tenancy-r6-plants/tests/Erp.Gates.Tests/Infrastructure/GateFixture.cs:line 17
  Failed Erp.Gates.Tests.G2.G2PermissionTests.Every_module_route_is_under_a_reviewed_map_or_derives_its_permission_from_its_list [1 ms]
  Error Message:
   Assembly fixture type 'Erp.Gates.Tests.Infrastructure.GateFixture' threw in InitializeAsync
---- System.InvalidOperationException : Endpoint authorisation is incomplete:
HTTP: PUT /api/tenancy/tenant => UpdateTenant: declares no permission
  Stack Trace:
  
----- Inner Stack Trace -----
   at Erp.Kernel.Hosting.ErpPlatform.ValidateEndpoints(WebApplication app) in /home/shan/critic/p02-tenancy-r6-plants/src/Kernel/Erp.Kernel/Hosting/ErpPlatform.cs:line 236
   at Erp.Kernel.Hosting.ErpPlatform.UseErpPlatform(WebApplication app) in /home/shan/critic/p02-tenancy-r6-plants/src/Kernel/Erp.Kernel/Hosting/ErpPlatform.cs:line 202
   at Program.<Main>$(String[] args) in /home/shan/critic/p02-tenancy-r6-plants/src/Host/Erp.Host/Program.cs:line 8
   at Program.<Main>(String[] args)
   at System.Reflection.MethodBaseInvoker.InterpretedInvoke_Method(Object obj, IntPtr* args)
   at System.Reflection.MethodBaseInvoker.InvokeDirectByRefWithFewArgs(Object obj, Span`1 copyOfArgs, BindingFlags invokeAttr)
--- End of stack trace from previous location ---
   at Microsoft.AspNetCore.Mvc.Testing.DeferredHostBuilder.DeferredHost.StartAsync(CancellationToken cancellationToken)
   at Microsoft.Extensions.Hosting.HostingAbstractionsHostExtensions.Start(IHost host)
   at Microsoft.AspNetCore.Mvc.Testing.WebApplicationFactory`1.CreateHost(IHostBuilder builder)
   at Microsoft.AspNetCore.Mvc.Testing.WebApplicationFactory`1.ConfigureHostBuilder(IHostBuilder hostBuilder)
   at Microsoft.AspNetCore.Mvc.Testing.WebApplicationFactory`1.StartServer()
   at Microsoft.AspNetCore.Mvc.Testing.WebApplicationFactory`1.get_Services()
   at Erp.Testing.ErpTestEnvironment.SeedAsync(TestDatabaseServer server, String database, SeedPlan plan, IDictionary`2 settings) in /home/shan/critic/p02-tenancy-r6-plants/tests/Erp.Testing/ErpTestEnvironment.cs:line 128
   at Erp.Testing.ErpTestEnvironment.SeedAsync(TestDatabaseServer server, String database, SeedPlan plan, IDictionary`2 settings) in /home/shan/critic/p02-tenancy-r6-plants/tests/Erp.Testing/ErpTestEnvironment.cs:line 138
   at Erp.Testing.ErpTestEnvironment.<>c__DisplayClass34_0.<<StartGateAsync>b__0>d.MoveNext() in /home/shan/critic/p02-tenancy-r6-plants/tests/Erp.Testing/ErpTestEnvironment.cs:line 90
--- End of stack trace from previous location ---
   at Erp.Testing.TestDatabaseServer.<>c__DisplayClass25_0.<<GateTemplateAsync>b__3>d.MoveNext() in /home/shan/critic/p02-tenancy-r6-plants/tests/Erp.Testing/TestDatabaseServer.cs:line 160
--- End of stack trace from previous location ---
   at Erp.Testing.TestDatabaseServer.GateTemplateAsync(IDictionary`2 settings, Func`2 seed) in /home/shan/critic/p02-tenancy-r6-plants/tests/Erp.Testing/TestDatabaseServer.cs:line 165
   at Erp.Testing.ErpTestEnvironment.StartGateAsync(IDictionary`2 settings) in /home/shan/critic/p02-tenancy-r6-plants/tests/Erp.Testing/ErpTestEnvironment.cs:line 87
   at Erp.Gates.Tests.Infrastructure.GateFixture.InitializeAsync() in /home/shan/critic/p02-tenancy-r6-plants/tests/Erp.Gates.Tests/Infrastructure/GateFixture.cs:line 17
  Failed Erp.Gates.Tests.G2.G2PermissionTests.Every_endpoint_under_a_reviewed_prefix_declares_exactly_its_reviewed_permission [1 ms]
  Error Message:
   Assembly fixture type 'Erp.Gates.Tests.Infrastructure.GateFixture' threw in InitializeAsync
---- System.InvalidOperationException : Endpoint authorisation is incomplete:
HTTP: PUT /api/tenancy/tenant => UpdateTenant: declares no permission
  Stack Trace:
  
----- Inner Stack Trace -----
   at Erp.Kernel.Hosting.ErpPlatform.ValidateEndpoints(WebApplication app) in /home/shan/critic/p02-tenancy-r6-plants/src/Kernel/Erp.Kernel/Hosting/ErpPlatform.cs:line 236
   at Erp.Kernel.Hosting.ErpPlatform.UseErpPlatform(WebApplication app) in /home/shan/critic/p02-tenancy-r6-plants/src/Kernel/Erp.Kernel/Hosting/ErpPlatform.cs:line 202
   at Program.<Main>$(String[] args) in /home/shan/critic/p02-tenancy-r6-plants/src/Host/Erp.Host/Program.cs:line 8
   at Program.<Main>(String[] args)
   at System.Reflection.MethodBaseInvoker.InterpretedInvoke_Method(Object obj, IntPtr* args)
   at System.Reflection.MethodBaseInvoker.InvokeDirectByRefWithFewArgs(Object obj, Span`1 copyOfArgs, BindingFlags invokeAttr)
--- End of stack trace from previous location ---
   at Microsoft.AspNetCore.Mvc.Testing.DeferredHostBuilder.DeferredHost.StartAsync(CancellationToken cancellationToken)
   at Microsoft.Extensions.Hosting.HostingAbstractionsHostExtensions.Start(IHost host)
   at Microsoft.AspNetCore.Mvc.Testing.WebApplicationFactory`1.CreateHost(IHostBuilder builder)
   at Microsoft.AspNetCore.Mvc.Testing.WebApplicationFactory`1.ConfigureHostBuilder(IHostBuilder hostBuilder)
   at Microsoft.AspNetCore.Mvc.Testing.WebApplicationFactory`1.StartServer()
   at Microsoft.AspNetCore.Mvc.Testing.WebApplicationFactory`1.get_Services()
   at Erp.Testing.ErpTestEnvironment.SeedAsync(TestDatabaseServer server, String database, SeedPlan plan, IDictionary`2 settings) in /home/shan/critic/p02-tenancy-r6-plants/tests/Erp.Testing/ErpTestEnvironment.cs:line 128
   at Erp.Testing.ErpTestEnvironment.SeedAsync(TestDatabaseServer server, String database, SeedPlan plan, IDictionary`2 settings) in /home/shan/critic/p02-tenancy-r6-plants/tests/Erp.Testing/ErpTestEnvironment.cs:line 138
   at Erp.Testing.ErpTestEnvironment.<>c__DisplayClass34_0.<<StartGateAsync>b__0>d.MoveNext() in /home/shan/critic/p02-tenancy-r6-plants/tests/Erp.Testing/ErpTestEnvironment.cs:line 90
--- End of stack trace from previous location ---
   at Erp.Testing.TestDatabaseServer.<>c__DisplayClass25_0.<<GateTemplateAsync>b__3>d.MoveNext() in /home/shan/critic/p02-tenancy-r6-plants/tests/Erp.Testing/TestDatabaseServer.cs:line 160
--- End of stack trace from previous location ---
   at Erp.Testing.TestDatabaseServer.GateTemplateAsync(IDictionary`2 settings, Func`2 seed) in /home/shan/critic/p02-tenancy-r6-plants/tests/Erp.Testing/TestDatabaseServer.cs:line 165
   at Erp.Testing.ErpTestEnvironment.StartGateAsync(IDictionary`2 settings) in /home/shan/critic/p02-tenancy-r6-plants/tests/Erp.Testing/ErpTestEnvironment.cs:line 87
   at Erp.Gates.Tests.Infrastructure.GateFixture.InitializeAsync() in /home/shan/critic/p02-tenancy-r6-plants/tests/Erp.Gates.Tests/Infrastructure/GateFixture.cs:line 17
  Failed Erp.Gates.Tests.G2.G2PermissionTests.Every_endpoint_declares_exactly_one_permission_or_is_reviewed_anonymous [1 ms]
  Error Message:
   Assembly fixture type 'Erp.Gates.Tests.Infrastructure.GateFixture' threw in InitializeAsync
---- System.InvalidOperationException : Endpoint authorisation is incomplete:
HTTP: PUT /api/tenancy/tenant => UpdateTenant: declares no permission
  Stack Trace:
  
----- Inner Stack Trace -----
   at Erp.Kernel.Hosting.ErpPlatform.ValidateEndpoints(WebApplication app) in /home/shan/critic/p02-tenancy-r6-plants/src/Kernel/Erp.Kernel/Hosting/ErpPlatform.cs:line 236
   at Erp.Kernel.Hosting.ErpPlatform.UseErpPlatform(WebApplication app) in /home/shan/critic/p02-tenancy-r6-plants/src/Kernel/Erp.Kernel/Hosting/ErpPlatform.cs:line 202
   at Program.<Main>$(String[] args) in /home/shan/critic/p02-tenancy-r6-plants/src/Host/Erp.Host/Program.cs:line 8
   at Program.<Main>(String[] args)
   at System.Reflection.MethodBaseInvoker.InterpretedInvoke_Method(Object obj, IntPtr* args)
   at System.Reflection.MethodBaseInvoker.InvokeDirectByRefWithFewArgs(Object obj, Span`1 copyOfArgs, BindingFlags invokeAttr)
--- End of stack trace from previous location ---
   at Microsoft.AspNetCore.Mvc.Testing.DeferredHostBuilder.DeferredHost.StartAsync(CancellationToken cancellationToken)
   at Microsoft.Extensions.Hosting.HostingAbstractionsHostExtensions.Start(IHost host)
   at Microsoft.AspNetCore.Mvc.Testing.WebApplicationFactory`1.CreateHost(IHostBuilder builder)
   at Microsoft.AspNetCore.Mvc.Testing.WebApplicationFactory`1.ConfigureHostBuilder(IHostBuilder hostBuilder)
   at Microsoft.AspNetCore.Mvc.Testing.WebApplicationFactory`1.StartServer()
   at Microsoft.AspNetCore.Mvc.Testing.WebApplicationFactory`1.get_Services()
   at Erp.Testing.ErpTestEnvironment.SeedAsync(TestDatabaseServer server, String database, SeedPlan plan, IDictionary`2 settings) in /home/shan/critic/p02-tenancy-r6-plants/tests/Erp.Testing/ErpTestEnvironment.cs:line 128
   at Erp.Testing.ErpTestEnvironment.SeedAsync(TestDatabaseServer server, String database, SeedPlan plan, IDictionary`2 settings) in /home/shan/critic/p02-tenancy-r6-plants/tests/Erp.Testing/ErpTestEnvironment.cs:line 138
   at Erp.Testing.ErpTestEnvironment.<>c__DisplayClass34_0.<<StartGateAsync>b__0>d.MoveNext() in /home/shan/critic/p02-tenancy-r6-plants/tests/Erp.Testing/ErpTestEnvironment.cs:line 90
--- End of stack trace from previous location ---
   at Erp.Testing.TestDatabaseServer.<>c__DisplayClass25_0.<<GateTemplateAsync>b__3>d.MoveNext() in /home/shan/critic/p02-tenancy-r6-plants/tests/Erp.Testing/TestDatabaseServer.cs:line 160
--- End of stack trace from previous location ---
   at Erp.Testing.TestDatabaseServer.GateTemplateAsync(IDictionary`2 settings, Func`2 seed) in /home/shan/critic/p02-tenancy-r6-plants/tests/Erp.Testing/TestDatabaseServer.cs:line 165
   at Erp.Testing.ErpTestEnvironment.StartGateAsync(IDictionary`2 settings) in /home/shan/critic/p02-tenancy-r6-plants/tests/Erp.Testing/ErpTestEnvironment.cs:line 87
   at Erp.Gates.Tests.Infrastructure.GateFixture.InitializeAsync() in /home/shan/critic/p02-tenancy-r6-plants/tests/Erp.Gates.Tests/Infrastructure/GateFixture.cs:line 17
  Failed Erp.Gates.Tests.G1.G1DatabaseIsolationTests.Audit_trail_is_append_only_for_the_application [1 ms]
  Error Message:
   Assembly fixture type 'Erp.Gates.Tests.Infrastructure.GateFixture' threw in InitializeAsync
---- System.InvalidOperationException : Endpoint authorisation is incomplete:
HTTP: PUT /api/tenancy/tenant => UpdateTenant: declares no permission
  Stack Trace:
  
----- Inner Stack Trace -----
   at Erp.Kernel.Hosting.ErpPlatform.ValidateEndpoints(WebApplication app) in /home/shan/critic/p02-tenancy-r6-plants/src/Kernel/Erp.Kernel/Hosting/ErpPlatform.cs:line 236
   at Erp.Kernel.Hosting.ErpPlatform.UseErpPlatform(WebApplication app) in /home/shan/critic/p02-tenancy-r6-plants/src/Kernel/Erp.Kernel/Hosting/ErpPlatform.cs:line 202
   at Program.<Main>$(String[] args) in /home/shan/critic/p02-tenancy-r6-plants/src/Host/Erp.Host/Program.cs:line 8
   at Program.<Main>(String[] args)
   at System.Reflection.MethodBaseInvoker.InterpretedInvoke_Method(Object obj, IntPtr* args)
   at System.Reflection.MethodBaseInvoker.InvokeDirectByRefWithFewArgs(Object obj, Span`1 copyOfArgs, BindingFlags invokeAttr)
--- End of stack trace from previous location ---
   at Microsoft.AspNetCore.Mvc.Testing.DeferredHostBuilder.DeferredHost.StartAsync(CancellationToken cancellationToken)
   at Microsoft.Extensions.Hosting.HostingAbstractionsHostExtensions.Start(IHost host)
   at Microsoft.AspNetCore.Mvc.Testing.WebApplicationFactory`1.CreateHost(IHostBuilder builder)
   at Microsoft.AspNetCore.Mvc.Testing.WebApplicationFactory`1.ConfigureHostBuilder(IHostBuilder hostBuilder)
   at Microsoft.AspNetCore.Mvc.Testing.WebApplicationFactory`1.StartServer()
   at Microsoft.AspNetCore.Mvc.Testing.WebApplicationFactory`1.get_Services()
   at Erp.Testing.ErpTestEnvironment.SeedAsync(TestDatabaseServer server, String database, SeedPlan plan, IDictionary`2 settings) in /home/shan/critic/p02-tenancy-r6-plants/tests/Erp.Testing/ErpTestEnvironment.cs:line 128
   at Erp.Testing.ErpTestEnvironment.SeedAsync(TestDatabaseServer server, String database, SeedPlan plan, IDictionary`2 settings) in /home/shan/critic/p02-tenancy-r6-plants/tests/Erp.Testing/ErpTestEnvironment.cs:line 138
   at Erp.Testing.ErpTestEnvironment.<>c__DisplayClass34_0.<<StartGateAsync>b__0>d.MoveNext() in /home/shan/critic/p02-tenancy-r6-plants/tests/Erp.Testing/ErpTestEnvironment.cs:line 90
--- End of stack trace from previous location ---
   at Erp.Testing.TestDatabaseServer.<>c__DisplayClass25_0.<<GateTemplateAsync>b__3>d.MoveNext() in /home/shan/critic/p02-tenancy-r6-plants/tests/Erp.Testing/TestDatabaseServer.cs:line 160
--- End of stack trace from previous location ---
   at Erp.Testing.TestDatabaseServer.GateTemplateAsync(IDictionary`2 settings, Func`2 seed) in /home/shan/critic/p02-tenancy-r6-plants/tests/Erp.Testing/TestDatabaseServer.cs:line 165
   at Erp.Testing.ErpTestEnvironment.StartGateAsync(IDictionary`2 settings) in /home/shan/critic/p02-tenancy-r6-plants/tests/Erp.Testing/ErpTestEnvironment.cs:line 87
   at Erp.Gates.Tests.Infrastructure.GateFixture.InitializeAsync() in /home/shan/critic/p02-tenancy-r6-plants/tests/Erp.Gates.Tests/Infrastructure/GateFixture.cs:line 17
  Failed Erp.Gates.Tests.G1.G1DatabaseIsolationTests.A_tenant_set_for_the_whole_connection_or_left_by_an_earlier_transaction_is_ignored [1 ms]
  Error Message:
   Assembly fixture type 'Erp.Gates.Tests.Infrastructure.GateFixture' threw in InitializeAsync
---- System.InvalidOperationException : Endpoint authorisation is incomplete:
HTTP: PUT /api/tenancy/tenant => UpdateTenant: declares no permission
  Stack Trace:
  
----- Inner Stack Trace -----
   at Erp.Kernel.Hosting.ErpPlatform.ValidateEndpoints(WebApplication app) in /home/shan/critic/p02-tenancy-r6-plants/src/Kernel/Erp.Kernel/Hosting/ErpPlatform.cs:line 236
   at Erp.Kernel.Hosting.ErpPlatform.UseErpPlatform(WebApplication app) in /home/shan/critic/p02-tenancy-r6-plants/src/Kernel/Erp.Kernel/Hosting/ErpPlatform.cs:line 202
   at Program.<Main>$(String[] args) in /home/shan/critic/p02-tenancy-r6-plants/src/Host/Erp.Host/Program.cs:line 8
   at Program.<Main>(String[] args)
   at System.Reflection.MethodBaseInvoker.InterpretedInvoke_Method(Object obj, IntPtr* args)
   at System.Reflection.MethodBaseInvoker.InvokeDirectByRefWithFewArgs(Object obj, Span`1 copyOfArgs, BindingFlags invokeAttr)
--- End of stack trace from previous location ---
   at Microsoft.AspNetCore.Mvc.Testing.DeferredHostBuilder.DeferredHost.StartAsync(CancellationToken cancellationToken)
   at Microsoft.Extensions.Hosting.HostingAbstractionsHostExtensions.Start(IHost host)
   at Microsoft.AspNetCore.Mvc.Testing.WebApplicationFactory`1.CreateHost(IHostBuilder builder)
   at Microsoft.AspNetCore.Mvc.Testing.WebApplicationFactory`1.ConfigureHostBuilder(IHostBuilder hostBuilder)
   at Microsoft.AspNetCore.Mvc.Testing.WebApplicationFactory`1.StartServer()
   at Microsoft.AspNetCore.Mvc.Testing.WebApplicationFactory`1.get_Services()
   at Erp.Testing.ErpTestEnvironment.SeedAsync(TestDatabaseServer server, String database, SeedPlan plan, IDictionary`2 settings) in /home/shan/critic/p02-tenancy-r6-plants/tests/Erp.Testing/ErpTestEnvironment.cs:line 128
   at Erp.Testing.ErpTestEnvironment.SeedAsync(TestDatabaseServer server, String database, SeedPlan plan, IDictionary`2 settings) in /home/shan/critic/p02-tenancy-r6-plants/tests/Erp.Testing/ErpTestEnvironment.cs:line 138
   at Erp.Testing.ErpTestEnvironment.<>c__DisplayClass34_0.<<StartGateAsync>b__0>d.MoveNext() in /home/shan/critic/p02-tenancy-r6-plants/tests/Erp.Testing/ErpTestEnvironment.cs:line 90
--- End of stack trace from previous location ---
   at Erp.Testing.TestDatabaseServer.<>c__DisplayClass25_0.<<GateTemplateAsync>b__3>d.MoveNext() in /home/shan/critic/p02-tenancy-r6-plants/tests/Erp.Testing/TestDatabaseServer.cs:line 160
--- End of stack trace from previous location ---
   at Erp.Testing.TestDatabaseServer.GateTemplateAsync(IDictionary`2 settings, Func`2 seed) in /home/shan/critic/p02-tenancy-r6-plants/tests/Erp.Testing/TestDatabaseServer.cs:line 165
   at Erp.Testing.ErpTestEnvironment.StartGateAsync(IDictionary`2 settings) in /home/shan/critic/p02-tenancy-r6-plants/tests/Erp.Testing/ErpTestEnvironment.cs:line 87
   at Erp.Gates.Tests.Infrastructure.GateFixture.InitializeAsync() in /home/shan/critic/p02-tenancy-r6-plants/tests/Erp.Gates.Tests/Infrastructure/GateFixture.cs:line 17
[xUnit.net 00:00:05.53]     Erp.Gates.Tests.G1.G1DatabaseIsolationTests.Application_role_sees_and_changes_only_its_own_tenant_in_every_tenant_table [FAIL]
[xUnit.net 00:00:05.53]       Assembly fixture type 'Erp.Gates.Tests.Infrastructure.GateFixture' threw in InitializeAsync
[xUnit.net 00:00:05.53]       ---- System.InvalidOperationException : Endpoint authorisation is incomplete:
[xUnit.net 00:00:05.53]       HTTP: PUT /api/tenancy/tenant => UpdateTenant: declares no permission
[xUnit.net 00:00:05.53]       Stack Trace:
[xUnit.net 00:00:05.53]         
[xUnit.net 00:00:05.53]         ----- Inner Stack Trace -----
[xUnit.net 00:00:05.53]         /home/shan/critic/p02-tenancy-r6-plants/src/Kernel/Erp.Kernel/Hosting/ErpPlatform.cs(236,0): at Erp.Kernel.Hosting.ErpPlatform.ValidateEndpoints(WebApplication app)
[xUnit.net 00:00:05.53]         /home/shan/critic/p02-tenancy-r6-plants/src/Kernel/Erp.Kernel/Hosting/ErpPlatform.cs(202,0): at Erp.Kernel.Hosting.ErpPlatform.UseErpPlatform(WebApplication app)
[xUnit.net 00:00:05.53]         /home/shan/critic/p02-tenancy-r6-plants/src/Host/Erp.Host/Program.cs(8,0): at Program.<Main>$(String[] args)
[xUnit.net 00:00:05.53]            at Program.<Main>(String[] args)
[xUnit.net 00:00:05.53]            at System.Reflection.MethodBaseInvoker.InterpretedInvoke_Method(Object obj, IntPtr* args)
[xUnit.net 00:00:05.53]            at System.Reflection.MethodBaseInvoker.InvokeDirectByRefWithFewArgs(Object obj, Span`1 copyOfArgs, BindingFlags invokeAttr)
[xUnit.net 00:00:05.53]         --- End of stack trace from previous location ---
[xUnit.net 00:00:05.53]            at Microsoft.AspNetCore.Mvc.Testing.DeferredHostBuilder.DeferredHost.StartAsync(CancellationToken cancellationToken)
[xUnit.net 00:00:05.53]            at Microsoft.Extensions.Hosting.HostingAbstractionsHostExtensions.Start(IHost host)
[xUnit.net 00:00:05.53]            at Microsoft.AspNetCore.Mvc.Testing.WebApplicationFactory`1.CreateHost(IHostBuilder builder)
[xUnit.net 00:00:05.53]            at Microsoft.AspNetCore.Mvc.Testing.WebApplicationFactory`1.ConfigureHostBuilder(IHostBuilder hostBuilder)
[xUnit.net 00:00:05.53]            at Microsoft.AspNetCore.Mvc.Testing.WebApplicationFactory`1.StartServer()
[xUnit.net 00:00:05.53]            at Microsoft.AspNetCore.Mvc.Testing.WebApplicationFactory`1.get_Services()
[xUnit.net 00:00:05.53]         /home/shan/critic/p02-tenancy-r6-plants/tests/Erp.Testing/ErpTestEnvironment.cs(128,0): at Erp.Testing.ErpTestEnvironment.SeedAsync(TestDatabaseServer server, String database, SeedPlan plan, IDictionary`2 settings)
[xUnit.net 00:00:05.53]         /home/shan/critic/p02-tenancy-r6-plants/tests/Erp.Testing/ErpTestEnvironment.cs(138,0): at Erp.Testing.ErpTestEnvironment.SeedAsync(TestDatabaseServer server, String database, SeedPlan plan, IDictionary`2 settings)
[xUnit.net 00:00:05.53]         /home/shan/critic/p02-tenancy-r6-plants/tests/Erp.Testing/ErpTestEnvironment.cs(90,0): at Erp.Testing.ErpTestEnvironment.<>c__DisplayClass34_0.<<StartGateAsync>b__0>d.MoveNext()
[xUnit.net 00:00:05.53]         --- End of stack trace from previous location ---
[xUnit.net 00:00:05.53]         /home/shan/critic/p02-tenancy-r6-plants/tests/Erp.Testing/TestDatabaseServer.cs(160,0): at Erp.Testing.TestDatabaseServer.<>c__DisplayClass25_0.<<GateTemplateAsync>b__3>d.MoveNext()
[xUnit.net 00:00:05.53]         --- End of stack trace from previous location ---
[xUnit.net 00:00:05.53]         /home/shan/critic/p02-tenancy-r6-plants/tests/Erp.Testing/TestDatabaseServer.cs(165,0): at Erp.Testing.TestDatabaseServer.GateTemplateAsync(IDictionary`2 settings, Func`2 seed)
[xUnit.net 00:00:05.53]         /home/shan/critic/p02-tenancy-r6-plants/tests/Erp.Testing/ErpTestEnvironment.cs(87,0): at Erp.Testing.ErpTestEnvironment.StartGateAsync(IDictionary`2 settings)
[xUnit.net 00:00:05.53]         /home/shan/critic/p02-tenancy-r6-plants/tests/Erp.Gates.Tests/Infrastructure/GateFixture.cs(17,0): at Erp.Gates.Tests.Infrastructure.GateFixture.InitializeAsync()
[xUnit.net 00:00:05.53]     Erp.Gates.Tests.G1.G1DatabaseIsolationTests.Tenant_tables_have_an_id_primary_key [FAIL]
[xUnit.net 00:00:05.53]       Assembly fixture type 'Erp.Gates.Tests.Infrastructure.GateFixture' threw in InitializeAsync
[xUnit.net 00:00:05.53]       ---- System.InvalidOperationException : Endpoint authorisation is incomplete:
[xUnit.net 00:00:05.53]       HTTP: PUT /api/tenancy/tenant => UpdateTenant: declares no permission
[xUnit.net 00:00:05.53]       Stack Trace:
[xUnit.net 00:00:05.53]         
[xUnit.net 00:00:05.53]         ----- Inner Stack Trace -----
[xUnit.net 00:00:05.53]         /home/shan/critic/p02-tenancy-r6-plants/src/Kernel/Erp.Kernel/Hosting/ErpPlatform.cs(236,0): at Erp.Kernel.Hosting.ErpPlatform.ValidateEndpoints(WebApplication app)
[xUnit.net 00:00:05.53]         /home/shan/critic/p02-tenancy-r6-plants/src/Kernel/Erp.Kernel/Hosting/ErpPlatform.cs(202,0): at Erp.Kernel.Hosting.ErpPlatform.UseErpPlatform(WebApplication app)
[xUnit.net 00:00:05.53]         /home/shan/critic/p02-tenancy-r6-plants/src/Host/Erp.Host/Program.cs(8,0): at Program.<Main>$(String[] args)
[xUnit.net 00:00:05.53]            at Program.<Main>(String[] args)
[xUnit.net 00:00:05.53]            at System.Reflection.MethodBaseInvoker.InterpretedInvoke_Method(Object obj, IntPtr* args)
[xUnit.net 00:00:05.53]            at System.Reflection.MethodBaseInvoker.InvokeDirectByRefWithFewArgs(Object obj, Span`1 copyOfArgs, BindingFlags invokeAttr)
[xUnit.net 00:00:05.53]         --- End of stack trace from previous location ---
[xUnit.net 00:00:05.53]            at Microsoft.AspNetCore.Mvc.Testing.DeferredHostBuilder.DeferredHost.StartAsync(CancellationToken cancellationToken)
[xUnit.net 00:00:05.53]            at Microsoft.Extensions.Hosting.HostingAbstractionsHostExtensions.Start(IHost host)
[xUnit.net 00:00:05.53]            at Microsoft.AspNetCore.Mvc.Testing.WebApplicationFactory`1.CreateHost(IHostBuilder builder)
[xUnit.net 00:00:05.53]            at Microsoft.AspNetCore.Mvc.Testing.WebApplicationFactory`1.ConfigureHostBuilder(IHostBuilder hostBuilder)
[xUnit.net 00:00:05.53]            at Microsoft.AspNetCore.Mvc.Testing.WebApplicationFactory`1.StartServer()
[xUnit.net 00:00:05.53]            at Microsoft.AspNetCore.Mvc.Testing.WebApplicationFactory`1.get_Services()
[xUnit.net 00:00:05.53]         /home/shan/critic/p02-tenancy-r6-plants/tests/Erp.Testing/ErpTestEnvironment.cs(128,0): at Erp.Testing.ErpTestEnvironment.SeedAsync(TestDatabaseServer server, String database, SeedPlan plan, IDictionary`2 settings)
[xUnit.net 00:00:05.53]         /home/shan/critic/p02-tenancy-r6-plants/tests/Erp.Testing/ErpTestEnvironment.cs(138,0): at Erp.Testing.ErpTestEnvironment.SeedAsync(TestDatabaseServer server, String database, SeedPlan plan, IDictionary`2 settings)
[xUnit.net 00:00:05.53]         /home/shan/critic/p02-tenancy-r6-plants/tests/Erp.Testing/ErpTestEnvironment.cs(90,0): at Erp.Testing.ErpTestEnvironment.<>c__DisplayClass34_0.<<StartGateAsync>b__0>d.MoveNext()
[xUnit.net 00:00:05.53]         --- End of stack trace from previous location ---
[xUnit.net 00:00:05.53]         /home/shan/critic/p02-tenancy-r6-plants/tests/Erp.Testing/TestDatabaseServer.cs(160,0): at Erp.Testing.TestDatabaseServer.<>c__DisplayClass25_0.<<GateTemplateAsync>b__3>d.MoveNext()
[xUnit.net 00:00:05.53]         --- End of stack trace from previous location ---
[xUnit.net 00:00:05.53]         /home/shan/critic/p02-tenancy-r6-plants/tests/Erp.Testing/TestDatabaseServer.cs(165,0): at Erp.Testing.TestDatabaseServer.GateTemplateAsync(IDictionary`2 settings, Func`2 seed)
[xUnit.net 00:00:05.53]         /home/shan/critic/p02-tenancy-r6-plants/tests/Erp.Testing/ErpTestEnvironment.cs(87,0): at Erp.Testing.ErpTestEnvironment.StartGateAsync(IDictionary`2 settings)
[xUnit.net 00:00:05.53]         /home/shan/critic/p02-tenancy-r6-plants/tests/Erp.Gates.Tests/Infrastructure/GateFixture.cs(17,0): at Erp.Gates.Tests.Infrastructure.GateFixture.InitializeAsync()
[xUnit.net 00:00:05.53]     Erp.Gates.Tests.G1.G1DatabaseIsolationTests.Foreign_keys_between_tenant_tables_include_the_tenant [FAIL]
[xUnit.net 00:00:05.53]       Assembly fixture type 'Erp.Gates.Tests.Infrastructure.GateFixture' threw in InitializeAsync
[xUnit.net 00:00:05.53]       ---- System.InvalidOperationException : Endpoint authorisation is incomplete:
[xUnit.net 00:00:05.53]       HTTP: PUT /api/tenancy/tenant => UpdateTenant: declares no permission
[xUnit.net 00:00:05.53]       Stack Trace:
[xUnit.net 00:00:05.53]         
[xUnit.net 00:00:05.53]         ----- Inner Stack Trace -----
[xUnit.net 00:00:05.53]         /home/shan/critic/p02-tenancy-r6-plants/src/Kernel/Erp.Kernel/Hosting/ErpPlatform.cs(236,0): at Erp.Kernel.Hosting.ErpPlatform.ValidateEndpoints(WebApplication app)
[xUnit.net 00:00:05.53]         /home/shan/critic/p02-tenancy-r6-plants/src/Kernel/Erp.Kernel/Hosting/ErpPlatform.cs(202,0): at Erp.Kernel.Hosting.ErpPlatform.UseErpPlatform(WebApplication app)
[xUnit.net 00:00:05.53]         /home/shan/critic/p02-tenancy-r6-plants/src/Host/Erp.Host/Program.cs(8,0): at Program.<Main>$(String[] args)
[xUnit.net 00:00:05.53]            at Program.<Main>(String[] args)
[xUnit.net 00:00:05.53]            at System.Reflection.MethodBaseInvoker.InterpretedInvoke_Method(Object obj, IntPtr* args)
[xUnit.net 00:00:05.53]            at System.Reflection.MethodBaseInvoker.InvokeDirectByRefWithFewArgs(Object obj, Span`1 copyOfArgs, BindingFlags invokeAttr)
[xUnit.net 00:00:05.53]         --- End of stack trace from previous location ---
[xUnit.net 00:00:05.53]            at Microsoft.AspNetCore.Mvc.Testing.DeferredHostBuilder.DeferredHost.StartAsync(CancellationToken cancellationToken)
[xUnit.net 00:00:05.53]            at Microsoft.Extensions.Hosting.HostingAbstractionsHostExtensions.Start(IHost host)
[xUnit.net 00:00:05.53]            at Microsoft.AspNetCore.Mvc.Testing.WebApplicationFactory`1.CreateHost(IHostBuilder builder)
[xUnit.net 00:00:05.53]            at Microsoft.AspNetCore.Mvc.Testing.WebApplicationFactory`1.ConfigureHostBuilder(IHostBuilder hostBuilder)
[xUnit.net 00:00:05.53]            at Microsoft.AspNetCore.Mvc.Testing.WebApplicationFactory`1.StartServer()
[xUnit.net 00:00:05.53]            at Microsoft.AspNetCore.Mvc.Testing.WebApplicationFactory`1.get_Services()
[xUnit.net 00:00:05.53]         /home/shan/critic/p02-tenancy-r6-plants/tests/Erp.Testing/ErpTestEnvironment.cs(128,0): at Erp.Testing.ErpTestEnvironment.SeedAsync(TestDatabaseServer server, String database, SeedPlan plan, IDictionary`2 settings)
[xUnit.net 00:00:05.53]         /home/shan/critic/p02-tenancy-r6-plants/tests/Erp.Testing/ErpTestEnvironment.cs(138,0): at Erp.Testing.ErpTestEnvironment.SeedAsync(TestDatabaseServer server, String database, SeedPlan plan, IDictionary`2 settings)
[xUnit.net 00:00:05.53]         /home/shan/critic/p02-tenancy-r6-plants/tests/Erp.Testing/ErpTestEnvironment.cs(90,0): at Erp.Testing.ErpTestEnvironment.<>c__DisplayClass34_0.<<StartGateAsync>b__0>d.MoveNext()
[xUnit.net 00:00:05.53]         --- End of stack trace from previous location ---
[xUnit.net 00:00:05.53]         /home/shan/critic/p02-tenancy-r6-plants/tests/Erp.Testing/TestDatabaseServer.cs(160,0): at Erp.Testing.TestDatabaseServer.<>c__DisplayClass25_0.<<GateTemplateAsync>b__3>d.MoveNext()
[xUnit.net 00:00:05.53]         --- End of stack trace from previous location ---
[xUnit.net 00:00:05.53]         /home/shan/critic/p02-tenancy-r6-plants/tests/Erp.Testing/TestDatabaseServer.cs(165,0): at Erp.Testing.TestDatabaseServer.GateTemplateAsync(IDictionary`2 settings, Func`2 seed)
[xUnit.net 00:00:05.53]         /home/shan/critic/p02-tenancy-r6-plants/tests/Erp.Testing/ErpTestEnvironment.cs(87,0): at Erp.Testing.ErpTestEnvironment.StartGateAsync(IDictionary`2 settings)
[xUnit.net 00:00:05.53]         /home/shan/critic/p02-tenancy-r6-plants/tests/Erp.Gates.Tests/Infrastructure/GateFixture.cs(17,0): at Erp.Gates.Tests.Infrastructure.GateFixture.InitializeAsync()
[xUnit.net 00:00:05.54]     Erp.Gates.Tests.G1.G1DatabaseIsolationTests.Leakproof_functions_are_postgres_defaults_or_reviewed [FAIL]
[xUnit.net 00:00:05.54]       Assembly fixture type 'Erp.Gates.Tests.Infrastructure.GateFixture' threw in InitializeAsync
[xUnit.net 00:00:05.54]       ---- System.InvalidOperationException : Endpoint authorisation is incomplete:
[xUnit.net 00:00:05.54]       HTTP: PUT /api/tenancy/tenant => UpdateTenant: declares no permission
[xUnit.net 00:00:05.54]       Stack Trace:
[xUnit.net 00:00:05.54]         
[xUnit.net 00:00:05.54]         ----- Inner Stack Trace -----
[xUnit.net 00:00:05.54]         /home/shan/critic/p02-tenancy-r6-plants/src/Kernel/Erp.Kernel/Hosting/ErpPlatform.cs(236,0): at Erp.Kernel.Hosting.ErpPlatform.ValidateEndpoints(WebApplication app)
[xUnit.net 00:00:05.54]         /home/shan/critic/p02-tenancy-r6-plants/src/Kernel/Erp.Kernel/Hosting/ErpPlatform.cs(202,0): at Erp.Kernel.Hosting.ErpPlatform.UseErpPlatform(WebApplication app)
[xUnit.net 00:00:05.54]         /home/shan/critic/p02-tenancy-r6-plants/src/Host/Erp.Host/Program.cs(8,0): at Program.<Main>$(String[] args)
[xUnit.net 00:00:05.54]            at Program.<Main>(String[] args)
[xUnit.net 00:00:05.54]            at System.Reflection.MethodBaseInvoker.InterpretedInvoke_Method(Object obj, IntPtr* args)
[xUnit.net 00:00:05.54]            at System.Reflection.MethodBaseInvoker.InvokeDirectByRefWithFewArgs(Object obj, Span`1 copyOfArgs, BindingFlags invokeAttr)
[xUnit.net 00:00:05.54]         --- End of stack trace from previous location ---
[xUnit.net 00:00:05.54]            at Microsoft.AspNetCore.Mvc.Testing.DeferredHostBuilder.DeferredHost.StartAsync(CancellationToken cancellationToken)
[xUnit.net 00:00:05.54]            at Microsoft.Extensions.Hosting.HostingAbstractionsHostExtensions.Start(IHost host)
[xUnit.net 00:00:05.54]            at Microsoft.AspNetCore.Mvc.Testing.WebApplicationFactory`1.CreateHost(IHostBuilder builder)
[xUnit.net 00:00:05.54]            at Microsoft.AspNetCore.Mvc.Testing.WebApplicationFactory`1.ConfigureHostBuilder(IHostBuilder hostBuilder)
[xUnit.net 00:00:05.54]            at Microsoft.AspNetCore.Mvc.Testing.WebApplicationFactory`1.StartServer()
[xUnit.net 00:00:05.54]            at Microsoft.AspNetCore.Mvc.Testing.WebApplicationFactory`1.get_Services()
[xUnit.net 00:00:05.54]         /home/shan/critic/p02-tenancy-r6-plants/tests/Erp.Testing/ErpTestEnvironment.cs(128,0): at Erp.Testing.ErpTestEnvironment.SeedAsync(TestDatabaseServer server, String database, SeedPlan plan, IDictionary`2 settings)
[xUnit.net 00:00:05.54]         /home/shan/critic/p02-tenancy-r6-plants/tests/Erp.Testing/ErpTestEnvironment.cs(138,0): at Erp.Testing.ErpTestEnvironment.SeedAsync(TestDatabaseServer server, String database, SeedPlan plan, IDictionary`2 settings)
[xUnit.net 00:00:05.54]         /home/shan/critic/p02-tenancy-r6-plants/tests/Erp.Testing/ErpTestEnvironment.cs(90,0): at Erp.Testing.ErpTestEnvironment.<>c__DisplayClass34_0.<<StartGateAsync>b__0>d.MoveNext()
[xUnit.net 00:00:05.54]         --- End of stack trace from previous location ---
[xUnit.net 00:00:05.54]         /home/shan/critic/p02-tenancy-r6-plants/tests/Erp.Testing/TestDatabaseServer.cs(160,0): at Erp.Testing.TestDatabaseServer.<>c__DisplayClass25_0.<<GateTemplateAsync>b__3>d.MoveNext()
[xUnit.net 00:00:05.54]         --- End of stack trace from previous location ---
[xUnit.net 00:00:05.54]         /home/shan/critic/p02-tenancy-r6-plants/tests/Erp.Testing/TestDatabaseServer.cs(165,0): at Erp.Testing.TestDatabaseServer.GateTemplateAsync(IDictionary`2 settings, Func`2 seed)
[xUnit.net 00:00:05.54]         /home/shan/critic/p02-tenancy-r6-plants/tests/Erp.Testing/ErpTestEnvironment.cs(87,0): at Erp.Testing.ErpTestEnvironment.StartGateAsync(IDictionary`2 settings)
[xUnit.net 00:00:05.54]         /home/shan/critic/p02-tenancy-r6-plants/tests/Erp.Gates.Tests/Infrastructure/GateFixture.cs(17,0): at Erp.Gates.Tests.Infrastructure.GateFixture.InitializeAsync()
[xUnit.net 00:00:05.54]     Erp.Gates.Tests.G1.G1DatabaseIsolationTests.Security_definer_functions_are_exactly_the_reviewed_ones [FAIL]
[xUnit.net 00:00:05.54]       Assembly fixture type 'Erp.Gates.Tests.Infrastructure.GateFixture' threw in InitializeAsync
[xUnit.net 00:00:05.54]       ---- System.InvalidOperationException : Endpoint authorisation is incomplete:
[xUnit.net 00:00:05.54]       HTTP: PUT /api/tenancy/tenant => UpdateTenant: declares no permission
[xUnit.net 00:00:05.54]       Stack Trace:
[xUnit.net 00:00:05.54]         
[xUnit.net 00:00:05.54]         ----- Inner Stack Trace -----
[xUnit.net 00:00:05.54]         /home/shan/critic/p02-tenancy-r6-plants/src/Kernel/Erp.Kernel/Hosting/ErpPlatform.cs(236,0): at Erp.Kernel.Hosting.ErpPlatform.ValidateEndpoints(WebApplication app)
[xUnit.net 00:00:05.54]         /home/shan/critic/p02-tenancy-r6-plants/src/Kernel/Erp.Kernel/Hosting/ErpPlatform.cs(202,0): at Erp.Kernel.Hosting.ErpPlatform.UseErpPlatform(WebApplication app)
[xUnit.net 00:00:05.54]         /home/shan/critic/p02-tenancy-r6-plants/src/Host/Erp.Host/Program.cs(8,0): at Program.<Main>$(String[] args)
[xUnit.net 00:00:05.54]            at Program.<Main>(String[] args)
[xUnit.net 00:00:05.54]            at System.Reflection.MethodBaseInvoker.InterpretedInvoke_Method(Object obj, IntPtr* args)
[xUnit.net 00:00:05.54]            at System.Reflection.MethodBaseInvoker.InvokeDirectByRefWithFewArgs(Object obj, Span`1 copyOfArgs, BindingFlags invokeAttr)
[xUnit.net 00:00:05.54]         --- End of stack trace from previous location ---
[xUnit.net 00:00:05.54]            at Microsoft.AspNetCore.Mvc.Testing.DeferredHostBuilder.DeferredHost.StartAsync(CancellationToken cancellationToken)
[xUnit.net 00:00:05.54]            at Microsoft.Extensions.Hosting.HostingAbstractionsHostExtensions.Start(IHost host)
[xUnit.net 00:00:05.54]            at Microsoft.AspNetCore.Mvc.Testing.WebApplicationFactory`1.CreateHost(IHostBuilder builder)
[xUnit.net 00:00:05.54]            at Microsoft.AspNetCore.Mvc.Testing.WebApplicationFactory`1.ConfigureHostBuilder(IHostBuilder hostBuilder)
[xUnit.net 00:00:05.54]            at Microsoft.AspNetCore.Mvc.Testing.WebApplicationFactory`1.StartServer()
[xUnit.net 00:00:05.54]            at Microsoft.AspNetCore.Mvc.Testing.WebApplicationFactory`1.get_Services()
[xUnit.net 00:00:05.54]         /home/shan/critic/p02-tenancy-r6-plants/tests/Erp.Testing/ErpTestEnvironment.cs(128,0): at Erp.Testing.ErpTestEnvironment.SeedAsync(TestDatabaseServer server, String database, SeedPlan plan, IDictionary`2 settings)
[xUnit.net 00:00:05.54]         /home/shan/critic/p02-tenancy-r6-plants/tests/Erp.Testing/ErpTestEnvironment.cs(138,0): at Erp.Testing.ErpTestEnvironment.SeedAsync(TestDatabaseServer server, String database, SeedPlan plan, IDictionary`2 settings)
[xUnit.net 00:00:05.54]         /home/shan/critic/p02-tenancy-r6-plants/tests/Erp.Testing/ErpTestEnvironment.cs(90,0): at Erp.Testing.ErpTestEnvironment.<>c__DisplayClass34_0.<<StartGateAsync>b__0>d.MoveNext()
[xUnit.net 00:00:05.54]         --- End of stack trace from previous location ---
[xUnit.net 00:00:05.54]         /home/shan/critic/p02-tenancy-r6-plants/tests/Erp.Testing/TestDatabaseServer.cs(160,0): at Erp.Testing.TestDatabaseServer.<>c__DisplayClass25_0.<<GateTemplateAsync>b__3>d.MoveNext()
[xUnit.net 00:00:05.54]         --- End of stack trace from previous location ---
[xUnit.net 00:00:05.54]         /home/shan/critic/p02-tenancy-r6-plants/tests/Erp.Testing/TestDatabaseServer.cs(165,0): at Erp.Testing.TestDatabaseServer.GateTemplateAsync(IDictionary`2 settings, Func`2 seed)
[xUnit.net 00:00:05.54]         /home/shan/critic/p02-tenancy-r6-plants/tests/Erp.Testing/ErpTestEnvironment.cs(87,0): at Erp.Testing.ErpTestEnvironment.StartGateAsync(IDictionary`2 settings)
[xUnit.net 00:00:05.54]         /home/shan/critic/p02-tenancy-r6-plants/tests/Erp.Gates.Tests/Infrastructure/GateFixture.cs(17,0): at Erp.Gates.Tests.Infrastructure.GateFixture.InitializeAsync()
[xUnit.net 00:00:05.54]     Erp.Gates.Tests.G1.G1DatabaseIsolationTests.Application_role_cannot_bypass_row_level_security_or_become_a_role_that_can [FAIL]
[xUnit.net 00:00:05.54]       Assembly fixture type 'Erp.Gates.Tests.Infrastructure.GateFixture' threw in InitializeAsync
[xUnit.net 00:00:05.54]       ---- System.InvalidOperationException : Endpoint authorisation is incomplete:
[xUnit.net 00:00:05.54]       HTTP: PUT /api/tenancy/tenant => UpdateTenant: declares no permission
[xUnit.net 00:00:05.54]       Stack Trace:
[xUnit.net 00:00:05.54]         
[xUnit.net 00:00:05.54]         ----- Inner Stack Trace -----
[xUnit.net 00:00:05.54]         /home/shan/critic/p02-tenancy-r6-plants/src/Kernel/Erp.Kernel/Hosting/ErpPlatform.cs(236,0): at Erp.Kernel.Hosting.ErpPlatform.ValidateEndpoints(WebApplication app)
[xUnit.net 00:00:05.54]         /home/shan/critic/p02-tenancy-r6-plants/src/Kernel/Erp.Kernel/Hosting/ErpPlatform.cs(202,0): at Erp.Kernel.Hosting.ErpPlatform.UseErpPlatform(WebApplication app)
[xUnit.net 00:00:05.54]         /home/shan/critic/p02-tenancy-r6-plants/src/Host/Erp.Host/Program.cs(8,0): at Program.<Main>$(String[] args)
[xUnit.net 00:00:05.54]            at Program.<Main>(String[] args)
[xUnit.net 00:00:05.54]            at System.Reflection.MethodBaseInvoker.InterpretedInvoke_Method(Object obj, IntPtr* args)
[xUnit.net 00:00:05.54]            at System.Reflection.MethodBaseInvoker.InvokeDirectByRefWithFewArgs(Object obj, Span`1 copyOfArgs, BindingFlags invokeAttr)
[xUnit.net 00:00:05.54]         --- End of stack trace from previous location ---
[xUnit.net 00:00:05.54]            at Microsoft.AspNetCore.Mvc.Testing.DeferredHostBuilder.DeferredHost.StartAsync(CancellationToken cancellationToken)
[xUnit.net 00:00:05.54]            at Microsoft.Extensions.Hosting.HostingAbstractionsHostExtensions.Start(IHost host)
[xUnit.net 00:00:05.54]            at Microsoft.AspNetCore.Mvc.Testing.WebApplicationFactory`1.CreateHost(IHostBuilder builder)
[xUnit.net 00:00:05.54]            at Microsoft.AspNetCore.Mvc.Testing.WebApplicationFactory`1.ConfigureHostBuilder(IHostBuilder hostBuilder)
[xUnit.net 00:00:05.54]            at Microsoft.AspNetCore.Mvc.Testing.WebApplicationFactory`1.StartServer()
[xUnit.net 00:00:05.54]            at Microsoft.AspNetCore.Mvc.Testing.WebApplicationFactory`1.get_Services()
[xUnit.net 00:00:05.54]         /home/shan/critic/p02-tenancy-r6-plants/tests/Erp.Testing/ErpTestEnvironment.cs(128,0): at Erp.Testing.ErpTestEnvironment.SeedAsync(TestDatabaseServer server, String database, SeedPlan plan, IDictionary`2 settings)
[xUnit.net 00:00:05.54]         /home/shan/critic/p02-tenancy-r6-plants/tests/Erp.Testing/ErpTestEnvironment.cs(138,0): at Erp.Testing.ErpTestEnvironment.SeedAsync(TestDatabaseServer server, String database, SeedPlan plan, IDictionary`2 settings)
[xUnit.net 00:00:05.54]         /home/shan/critic/p02-tenancy-r6-plants/tests/Erp.Testing/ErpTestEnvironment.cs(90,0): at Erp.Testing.ErpTestEnvironment.<>c__DisplayClass34_0.<<StartGateAsync>b__0>d.MoveNext()
[xUnit.net 00:00:05.54]         --- End of stack trace from previous location ---
[xUnit.net 00:00:05.54]         /home/shan/critic/p02-tenancy-r6-plants/tests/Erp.Testing/TestDatabaseServer.cs(160,0): at Erp.Testing.TestDatabaseServer.<>c__DisplayClass25_0.<<GateTemplateAsync>b__3>d.MoveNext()
[xUnit.net 00:00:05.54]         --- End of stack trace from previous location ---
[xUnit.net 00:00:05.54]         /home/shan/critic/p02-tenancy-r6-plants/tests/Erp.Testing/TestDatabaseServer.cs(165,0): at Erp.Testing.TestDatabaseServer.GateTemplateAsync(IDictionary`2 settings, Func`2 seed)
[xUnit.net 00:00:05.54]         /home/shan/critic/p02-tenancy-r6-plants/tests/Erp.Testing/ErpTestEnvironment.cs(87,0): at Erp.Testing.ErpTestEnvironment.StartGateAsync(IDictionary`2 settings)
[xUnit.net 00:00:05.54]         /home/shan/critic/p02-tenancy-r6-plants/tests/Erp.Gates.Tests/Infrastructure/GateFixture.cs(17,0): at Erp.Gates.Tests.Infrastructure.GateFixture.InitializeAsync()
[xUnit.net 00:00:05.54]     Erp.Gates.Tests.G1.G1DatabaseIsolationTests.Tenant_tables_enforce_row_level_security_with_the_standard_policy [FAIL]
[xUnit.net 00:00:05.54]       Assembly fixture type 'Erp.Gates.Tests.Infrastructure.GateFixture' threw in InitializeAsync
[xUnit.net 00:00:05.54]       ---- System.InvalidOperationException : Endpoint authorisation is incomplete:
[xUnit.net 00:00:05.54]       HTTP: PUT /api/tenancy/tenant => UpdateTenant: declares no permission
[xUnit.net 00:00:05.54]       Stack Trace:
[xUnit.net 00:00:05.54]         
[xUnit.net 00:00:05.54]         ----- Inner Stack Trace -----
[xUnit.net 00:00:05.54]         /home/shan/critic/p02-tenancy-r6-plants/src/Kernel/Erp.Kernel/Hosting/ErpPlatform.cs(236,0): at Erp.Kernel.Hosting.ErpPlatform.ValidateEndpoints(WebApplication app)
[xUnit.net 00:00:05.54]         /home/shan/critic/p02-tenancy-r6-plants/src/Kernel/Erp.Kernel/Hosting/ErpPlatform.cs(202,0): at Erp.Kernel.Hosting.ErpPlatform.UseErpPlatform(WebApplication app)
[xUnit.net 00:00:05.54]         /home/shan/critic/p02-tenancy-r6-plants/src/Host/Erp.Host/Program.cs(8,0): at Program.<Main>$(String[] args)
[xUnit.net 00:00:05.54]            at Program.<Main>(String[] args)
[xUnit.net 00:00:05.54]            at System.Reflection.MethodBaseInvoker.InterpretedInvoke_Method(Object obj, IntPtr* args)
[xUnit.net 00:00:05.54]            at System.Reflection.MethodBaseInvoker.InvokeDirectByRefWithFewArgs(Object obj, Span`1 copyOfArgs, BindingFlags invokeAttr)
[xUnit.net 00:00:05.54]         --- End of stack trace from previous location ---
[xUnit.net 00:00:05.54]            at Microsoft.AspNetCore.Mvc.Testing.DeferredHostBuilder.DeferredHost.StartAsync(CancellationToken cancellationToken)
[xUnit.net 00:00:05.54]            at Microsoft.Extensions.Hosting.HostingAbstractionsHostExtensions.Start(IHost host)
[xUnit.net 00:00:05.54]            at Microsoft.AspNetCore.Mvc.Testing.WebApplicationFactory`1.CreateHost(IHostBuilder builder)
[xUnit.net 00:00:05.54]            at Microsoft.AspNetCore.Mvc.Testing.WebApplicationFactory`1.ConfigureHostBuilder(IHostBuilder hostBuilder)
[xUnit.net 00:00:05.54]            at Microsoft.AspNetCore.Mvc.Testing.WebApplicationFactory`1.StartServer()
[xUnit.net 00:00:05.54]            at Microsoft.AspNetCore.Mvc.Testing.WebApplicationFactory`1.get_Services()
[xUnit.net 00:00:05.54]         /home/shan/critic/p02-tenancy-r6-plants/tests/Erp.Testing/ErpTestEnvironment.cs(128,0): at Erp.Testing.ErpTestEnvironment.SeedAsync(TestDatabaseServer server, String database, SeedPlan plan, IDictionary`2 settings)
[xUnit.net 00:00:05.54]         /home/shan/critic/p02-tenancy-r6-plants/tests/Erp.Testing/ErpTestEnvironment.cs(138,0): at Erp.Testing.ErpTestEnvironment.SeedAsync(TestDatabaseServer server, String database, SeedPlan plan, IDictionary`2 settings)
[xUnit.net 00:00:05.54]         /home/shan/critic/p02-tenancy-r6-plants/tests/Erp.Testing/ErpTestEnvironment.cs(90,0): at Erp.Testing.ErpTestEnvironment.<>c__DisplayClass34_0.<<StartGateAsync>b__0>d.MoveNext()
[xUnit.net 00:00:05.54]         --- End of stack trace from previous location ---
[xUnit.net 00:00:05.54]         /home/shan/critic/p02-tenancy-r6-plants/tests/Erp.Testing/TestDatabaseServer.cs(160,0): at Erp.Testing.TestDatabaseServer.<>c__DisplayClass25_0.<<GateTemplateAsync>b__3>d.MoveNext()
[xUnit.net 00:00:05.54]         --- End of stack trace from previous location ---
[xUnit.net 00:00:05.54]         /home/shan/critic/p02-tenancy-r6-plants/tests/Erp.Testing/TestDatabaseServer.cs(165,0): at Erp.Testing.TestDatabaseServer.GateTemplateAsync(IDictionary`2 settings, Func`2 seed)
[xUnit.net 00:00:05.54]         /home/shan/critic/p02-tenancy-r6-plants/tests/Erp.Testing/ErpTestEnvironment.cs(87,0): at Erp.Testing.ErpTestEnvironment.StartGateAsync(IDictionary`2 settings)
[xUnit.net 00:00:05.54]         /home/shan/critic/p02-tenancy-r6-plants/tests/Erp.Gates.Tests/Infrastructure/GateFixture.cs(17,0): at Erp.Gates.Tests.Infrastructure.GateFixture.InitializeAsync()
[xUnit.net 00:00:05.54]     Erp.Gates.Tests.G1.G1DatabaseIsolationTests.Every_table_is_tenant_owned_or_a_reviewed_platform_table [FAIL]
[xUnit.net 00:00:05.54]       Assembly fixture type 'Erp.Gates.Tests.Infrastructure.GateFixture' threw in InitializeAsync
[xUnit.net 00:00:05.54]       ---- System.InvalidOperationException : Endpoint authorisation is incomplete:
[xUnit.net 00:00:05.54]       HTTP: PUT /api/tenancy/tenant => UpdateTenant: declares no permission
[xUnit.net 00:00:05.54]       Stack Trace:
[xUnit.net 00:00:05.54]         
[xUnit.net 00:00:05.54]         ----- Inner Stack Trace -----
[xUnit.net 00:00:05.54]         /home/shan/critic/p02-tenancy-r6-plants/src/Kernel/Erp.Kernel/Hosting/ErpPlatform.cs(236,0): at Erp.Kernel.Hosting.ErpPlatform.ValidateEndpoints(WebApplication app)
[xUnit.net 00:00:05.54]         /home/shan/critic/p02-tenancy-r6-plants/src/Kernel/Erp.Kernel/Hosting/ErpPlatform.cs(202,0): at Erp.Kernel.Hosting.ErpPlatform.UseErpPlatform(WebApplication app)
[xUnit.net 00:00:05.54]         /home/shan/critic/p02-tenancy-r6-plants/src/Host/Erp.Host/Program.cs(8,0): at Program.<Main>$(String[] args)
[xUnit.net 00:00:05.54]            at Program.<Main>(String[] args)
[xUnit.net 00:00:05.54]            at System.Reflection.MethodBaseInvoker.InterpretedInvoke_Method(Object obj, IntPtr* args)
[xUnit.net 00:00:05.54]            at System.Reflection.MethodBaseInvoker.InvokeDirectByRefWithFewArgs(Object obj, Span`1 copyOfArgs, BindingFlags invokeAttr)
[xUnit.net 00:00:05.54]         --- End of stack trace from previous location ---
[xUnit.net 00:00:05.54]            at Microsoft.AspNetCore.Mvc.Testing.DeferredHostBuilder.DeferredHost.StartAsync(CancellationToken cancellationToken)
[xUnit.net 00:00:05.54]            at Microsoft.Extensions.Hosting.HostingAbstractionsHostExtensions.Start(IHost host)
[xUnit.net 00:00:05.54]            at Microsoft.AspNetCore.Mvc.Testing.WebApplicationFactory`1.CreateHost(IHostBuilder builder)
[xUnit.net 00:00:05.54]            at Microsoft.AspNetCore.Mvc.Testing.WebApplicationFactory`1.ConfigureHostBuilder(IHostBuilder hostBuilder)
[xUnit.net 00:00:05.54]            at Microsoft.AspNetCore.Mvc.Testing.WebApplicationFactory`1.StartServer()
[xUnit.net 00:00:05.54]            at Microsoft.AspNetCore.Mvc.Testing.WebApplicationFactory`1.get_Services()
[xUnit.net 00:00:05.54]         /home/shan/critic/p02-tenancy-r6-plants/tests/Erp.Testing/ErpTestEnvironment.cs(128,0): at Erp.Testing.ErpTestEnvironment.SeedAsync(TestDatabaseServer server, String database, SeedPlan plan, IDictionary`2 settings)
[xUnit.net 00:00:05.54]         /home/shan/critic/p02-tenancy-r6-plants/tests/Erp.Testing/ErpTestEnvironment.cs(138,0): at Erp.Testing.ErpTestEnvironment.SeedAsync(TestDatabaseServer server, String database, SeedPlan plan, IDictionary`2 settings)
[xUnit.net 00:00:05.54]         /home/shan/critic/p02-tenancy-r6-plants/tests/Erp.Testing/ErpTestEnvironment.cs(90,0): at Erp.Testing.ErpTestEnvironment.<>c__DisplayClass34_0.<<StartGateAsync>b__0>d.MoveNext()
[xUnit.net 00:00:05.54]         --- End of stack trace from previous location ---
[xUnit.net 00:00:05.54]         /home/shan/critic/p02-tenancy-r6-plants/tests/Erp.Testing/TestDatabaseServer.cs(160,0): at Erp.Testing.TestDatabaseServer.<>c__DisplayClass25_0.<<GateTemplateAsync>b__3>d.MoveNext()
[xUnit.net 00:00:05.54]         --- End of stack trace from previous location ---
[xUnit.net 00:00:05.54]         /home/shan/critic/p02-tenancy-r6-plants/tests/Erp.Testing/TestDatabaseServer.cs(165,0): at Erp.Testing.TestDatabaseServer.GateTemplateAsync(IDictionary`2 settings, Func`2 seed)
[xUnit.net 00:00:05.54]         /home/shan/critic/p02-tenancy-r6-plants/tests/Erp.Testing/ErpTestEnvironment.cs(87,0): at Erp.Testing.ErpTestEnvironment.StartGateAsync(IDictionary`2 settings)
[xUnit.net 00:00:05.54]         /home/shan/critic/p02-tenancy-r6-plants/tests/Erp.Gates.Tests/Infrastructure/GateFixture.cs(17,0): at Erp.Gates.Tests.Infrastructure.GateFixture.InitializeAsync()
[xUnit.net 00:00:05.54]     Erp.Gates.Tests.G1.G1CompanyScopeTests.The_application_role_sees_and_changes_only_the_bound_companies_in_every_company_table [FAIL]
[xUnit.net 00:00:05.54]       Assembly fixture type 'Erp.Gates.Tests.Infrastructure.GateFixture' threw in InitializeAsync
[xUnit.net 00:00:05.54]       ---- System.InvalidOperationException : Endpoint authorisation is incomplete:
[xUnit.net 00:00:05.54]       HTTP: PUT /api/tenancy/tenant => UpdateTenant: declares no permission
[xUnit.net 00:00:05.54]       Stack Trace:
[xUnit.net 00:00:05.54]         
[xUnit.net 00:00:05.54]         ----- Inner Stack Trace -----
[xUnit.net 00:00:05.54]         /home/shan/critic/p02-tenancy-r6-plants/src/Kernel/Erp.Kernel/Hosting/ErpPlatform.cs(236,0): at Erp.Kernel.Hosting.ErpPlatform.ValidateEndpoints(WebApplication app)
[xUnit.net 00:00:05.54]         /home/shan/critic/p02-tenancy-r6-plants/src/Kernel/Erp.Kernel/Hosting/ErpPlatform.cs(202,0): at Erp.Kernel.Hosting.ErpPlatform.UseErpPlatform(WebApplication app)
[xUnit.net 00:00:05.54]         /home/shan/critic/p02-tenancy-r6-plants/src/Host/Erp.Host/Program.cs(8,0): at Program.<Main>$(String[] args)
[xUnit.net 00:00:05.54]            at Program.<Main>(String[] args)
[xUnit.net 00:00:05.54]            at System.Reflection.MethodBaseInvoker.InterpretedInvoke_Method(Object obj, IntPtr* args)
[xUnit.net 00:00:05.54]            at System.Reflection.MethodBaseInvoker.InvokeDirectByRefWithFewArgs(Object obj, Span`1 copyOfArgs, BindingFlags invokeAttr)
[xUnit.net 00:00:05.54]         --- End of stack trace from previous location ---
[xUnit.net 00:00:05.54]            at Microsoft.AspNetCore.Mvc.Testing.DeferredHostBuilder.DeferredHost.StartAsync(CancellationToken cancellationToken)
[xUnit.net 00:00:05.54]            at Microsoft.Extensions.Hosting.HostingAbstractionsHostExtensions.Start(IHost host)
[xUnit.net 00:00:05.54]            at Microsoft.AspNetCore.Mvc.Testing.WebApplicationFactory`1.CreateHost(IHostBuilder builder)
[xUnit.net 00:00:05.54]            at Microsoft.AspNetCore.Mvc.Testing.WebApplicationFactory`1.ConfigureHostBuilder(IHostBuilder hostBuilder)
[xUnit.net 00:00:05.54]            at Microsoft.AspNetCore.Mvc.Testing.WebApplicationFactory`1.StartServer()
[xUnit.net 00:00:05.54]            at Microsoft.AspNetCore.Mvc.Testing.WebApplicationFactory`1.get_Services()
[xUnit.net 00:00:05.54]         /home/shan/critic/p02-tenancy-r6-plants/tests/Erp.Testing/ErpTestEnvironment.cs(128,0): at Erp.Testing.ErpTestEnvironment.SeedAsync(TestDatabaseServer server, String database, SeedPlan plan, IDictionary`2 settings)
[xUnit.net 00:00:05.54]         /home/shan/critic/p02-tenancy-r6-plants/tests/Erp.Testing/ErpTestEnvironment.cs(138,0): at Erp.Testing.ErpTestEnvironment.SeedAsync(TestDatabaseServer server, String database, SeedPlan plan, IDictionary`2 settings)
[xUnit.net 00:00:05.54]         /home/shan/critic/p02-tenancy-r6-plants/tests/Erp.Testing/ErpTestEnvironment.cs(90,0): at Erp.Testing.ErpTestEnvironment.<>c__DisplayClass34_0.<<StartGateAsync>b__0>d.MoveNext()
[xUnit.net 00:00:05.54]         --- End of stack trace from previous location ---
[xUnit.net 00:00:05.54]         /home/shan/critic/p02-tenancy-r6-plants/tests/Erp.Testing/TestDatabaseServer.cs(160,0): at Erp.Testing.TestDatabaseServer.<>c__DisplayClass25_0.<<GateTemplateAsync>b__3>d.MoveNext()
[xUnit.net 00:00:05.54]         --- End of stack trace from previous location ---
[xUnit.net 00:00:05.54]         /home/shan/critic/p02-tenancy-r6-plants/tests/Erp.Testing/TestDatabaseServer.cs(165,0): at Erp.Testing.TestDatabaseServer.GateTemplateAsync(IDictionary`2 settings, Func`2 seed)
[xUnit.net 00:00:05.54]         /home/shan/critic/p02-tenancy-r6-plants/tests/Erp.Testing/ErpTestEnvironment.cs(87,0): at Erp.Testing.ErpTestEnvironment.StartGateAsync(IDictionary`2 settings)
[xUnit.net 00:00:05.54]         /home/shan/critic/p02-tenancy-r6-plants/tests/Erp.Gates.Tests/Infrastructure/GateFixture.cs(17,0): at Erp.Gates.Tests.Infrastructure.GateFixture.InitializeAsync()
  Failed Erp.Gates.Tests.G1.G1DatabaseIsolationTests.Application_role_sees_and_changes_only_its_own_tenant_in_every_tenant_table [1 ms]
  Error Message:
   Assembly fixture type 'Erp.Gates.Tests.Infrastructure.GateFixture' threw in InitializeAsync
---- System.InvalidOperationException : Endpoint authorisation is incomplete:
HTTP: PUT /api/tenancy/tenant => UpdateTenant: declares no permission
  Stack Trace:
  
----- Inner Stack Trace -----
   at Erp.Kernel.Hosting.ErpPlatform.ValidateEndpoints(WebApplication app) in /home/shan/critic/p02-tenancy-r6-plants/src/Kernel/Erp.Kernel/Hosting/ErpPlatform.cs:line 236
   at Erp.Kernel.Hosting.ErpPlatform.UseErpPlatform(WebApplication app) in /home/shan/critic/p02-tenancy-r6-plants/src/Kernel/Erp.Kernel/Hosting/ErpPlatform.cs:line 202
   at Program.<Main>$(String[] args) in /home/shan/critic/p02-tenancy-r6-plants/src/Host/Erp.Host/Program.cs:line 8
   at Program.<Main>(String[] args)
   at System.Reflection.MethodBaseInvoker.InterpretedInvoke_Method(Object obj, IntPtr* args)
   at System.Reflection.MethodBaseInvoker.InvokeDirectByRefWithFewArgs(Object obj, Span`1 copyOfArgs, BindingFlags invokeAttr)
--- End of stack trace from previous location ---
   at Microsoft.AspNetCore.Mvc.Testing.DeferredHostBuilder.DeferredHost.StartAsync(CancellationToken cancellationToken)
   at Microsoft.Extensions.Hosting.HostingAbstractionsHostExtensions.Start(IHost host)
   at Microsoft.AspNetCore.Mvc.Testing.WebApplicationFactory`1.CreateHost(IHostBuilder builder)
   at Microsoft.AspNetCore.Mvc.Testing.WebApplicationFactory`1.ConfigureHostBuilder(IHostBuilder hostBuilder)
   at Microsoft.AspNetCore.Mvc.Testing.WebApplicationFactory`1.StartServer()
   at Microsoft.AspNetCore.Mvc.Testing.WebApplicationFactory`1.get_Services()
   at Erp.Testing.ErpTestEnvironment.SeedAsync(TestDatabaseServer server, String database, SeedPlan plan, IDictionary`2 settings) in /home/shan/critic/p02-tenancy-r6-plants/tests/Erp.Testing/ErpTestEnvironment.cs:line 128
   at Erp.Testing.ErpTestEnvironment.SeedAsync(TestDatabaseServer server, String database, SeedPlan plan, IDictionary`2 settings) in /home/shan/critic/p02-tenancy-r6-plants/tests/Erp.Testing/ErpTestEnvironment.cs:line 138
   at Erp.Testing.ErpTestEnvironment.<>c__DisplayClass34_0.<<StartGateAsync>b__0>d.MoveNext() in /home/shan/critic/p02-tenancy-r6-plants/tests/Erp.Testing/ErpTestEnvironment.cs:line 90
--- End of stack trace from previous location ---
   at Erp.Testing.TestDatabaseServer.<>c__DisplayClass25_0.<<GateTemplateAsync>b__3>d.MoveNext() in /home/shan/critic/p02-tenancy-r6-plants/tests/Erp.Testing/TestDatabaseServer.cs:line 160
--- End of stack trace from previous location ---
   at Erp.Testing.TestDatabaseServer.GateTemplateAsync(IDictionary`2 settings, Func`2 seed) in /home/shan/critic/p02-tenancy-r6-plants/tests/Erp.Testing/TestDatabaseServer.cs:line 165
   at Erp.Testing.ErpTestEnvironment.StartGateAsync(IDictionary`2 settings) in /home/shan/critic/p02-tenancy-r6-plants/tests/Erp.Testing/ErpTestEnvironment.cs:line 87
   at Erp.Gates.Tests.Infrastructure.GateFixture.InitializeAsync() in /home/shan/critic/p02-tenancy-r6-plants/tests/Erp.Gates.Tests/Infrastructure/GateFixture.cs:line 17
  Failed Erp.Gates.Tests.G1.G1DatabaseIsolationTests.Tenant_tables_have_an_id_primary_key [1 ms]
  Error Message:
   Assembly fixture type 'Erp.Gates.Tests.Infrastructure.GateFixture' threw in InitializeAsync
---- System.InvalidOperationException : Endpoint authorisation is incomplete:
HTTP: PUT /api/tenancy/tenant => UpdateTenant: declares no permission
  Stack Trace:
  
----- Inner Stack Trace -----
   at Erp.Kernel.Hosting.ErpPlatform.ValidateEndpoints(WebApplication app) in /home/shan/critic/p02-tenancy-r6-plants/src/Kernel/Erp.Kernel/Hosting/ErpPlatform.cs:line 236
   at Erp.Kernel.Hosting.ErpPlatform.UseErpPlatform(WebApplication app) in /home/shan/critic/p02-tenancy-r6-plants/src/Kernel/Erp.Kernel/Hosting/ErpPlatform.cs:line 202
   at Program.<Main>$(String[] args) in /home/shan/critic/p02-tenancy-r6-plants/src/Host/Erp.Host/Program.cs:line 8
   at Program.<Main>(String[] args)
   at System.Reflection.MethodBaseInvoker.InterpretedInvoke_Method(Object obj, IntPtr* args)
   at System.Reflection.MethodBaseInvoker.InvokeDirectByRefWithFewArgs(Object obj, Span`1 copyOfArgs, BindingFlags invokeAttr)
--- End of stack trace from previous location ---
   at Microsoft.AspNetCore.Mvc.Testing.DeferredHostBuilder.DeferredHost.StartAsync(CancellationToken cancellationToken)
   at Microsoft.Extensions.Hosting.HostingAbstractionsHostExtensions.Start(IHost host)
   at Microsoft.AspNetCore.Mvc.Testing.WebApplicationFactory`1.CreateHost(IHostBuilder builder)
   at Microsoft.AspNetCore.Mvc.Testing.WebApplicationFactory`1.ConfigureHostBuilder(IHostBuilder hostBuilder)
   at Microsoft.AspNetCore.Mvc.Testing.WebApplicationFactory`1.StartServer()
   at Microsoft.AspNetCore.Mvc.Testing.WebApplicationFactory`1.get_Services()
   at Erp.Testing.ErpTestEnvironment.SeedAsync(TestDatabaseServer server, String database, SeedPlan plan, IDictionary`2 settings) in /home/shan/critic/p02-tenancy-r6-plants/tests/Erp.Testing/ErpTestEnvironment.cs:line 128
   at Erp.Testing.ErpTestEnvironment.SeedAsync(TestDatabaseServer server, String database, SeedPlan plan, IDictionary`2 settings) in /home/shan/critic/p02-tenancy-r6-plants/tests/Erp.Testing/ErpTestEnvironment.cs:line 138
   at Erp.Testing.ErpTestEnvironment.<>c__DisplayClass34_0.<<StartGateAsync>b__0>d.MoveNext() in /home/shan/critic/p02-tenancy-r6-plants/tests/Erp.Testing/ErpTestEnvironment.cs:line 90
--- End of stack trace from previous location ---
   at Erp.Testing.TestDatabaseServer.<>c__DisplayClass25_0.<<GateTemplateAsync>b__3>d.MoveNext() in /home/shan/critic/p02-tenancy-r6-plants/tests/Erp.Testing/TestDatabaseServer.cs:line 160
--- End of stack trace from previous location ---
   at Erp.Testing.TestDatabaseServer.GateTemplateAsync(IDictionary`2 settings, Func`2 seed) in /home/shan/critic/p02-tenancy-r6-plants/tests/Erp.Testing/TestDatabaseServer.cs:line 165
   at Erp.Testing.ErpTestEnvironment.StartGateAsync(IDictionary`2 settings) in /home/shan/critic/p02-tenancy-r6-plants/tests/Erp.Testing/ErpTestEnvironment.cs:line 87
   at Erp.Gates.Tests.Infrastructure.GateFixture.InitializeAsync() in /home/shan/critic/p02-tenancy-r6-plants/tests/Erp.Gates.Tests/Infrastructure/GateFixture.cs:line 17
  Failed Erp.Gates.Tests.G1.G1DatabaseIsolationTests.Foreign_keys_between_tenant_tables_include_the_tenant [1 ms]
  Error Message:
   Assembly fixture type 'Erp.Gates.Tests.Infrastructure.GateFixture' threw in InitializeAsync
---- System.InvalidOperationException : Endpoint authorisation is incomplete:
HTTP: PUT /api/tenancy/tenant => UpdateTenant: declares no permission
  Stack Trace:
  
----- Inner Stack Trace -----
   at Erp.Kernel.Hosting.ErpPlatform.ValidateEndpoints(WebApplication app) in /home/shan/critic/p02-tenancy-r6-plants/src/Kernel/Erp.Kernel/Hosting/ErpPlatform.cs:line 236
   at Erp.Kernel.Hosting.ErpPlatform.UseErpPlatform(WebApplication app) in /home/shan/critic/p02-tenancy-r6-plants/src/Kernel/Erp.Kernel/Hosting/ErpPlatform.cs:line 202
   at Program.<Main>$(String[] args) in /home/shan/critic/p02-tenancy-r6-plants/src/Host/Erp.Host/Program.cs:line 8
   at Program.<Main>(String[] args)
   at System.Reflection.MethodBaseInvoker.InterpretedInvoke_Method(Object obj, IntPtr* args)
   at System.Reflection.MethodBaseInvoker.InvokeDirectByRefWithFewArgs(Object obj, Span`1 copyOfArgs, BindingFlags invokeAttr)
--- End of stack trace from previous location ---
   at Microsoft.AspNetCore.Mvc.Testing.DeferredHostBuilder.DeferredHost.StartAsync(CancellationToken cancellationToken)
   at Microsoft.Extensions.Hosting.HostingAbstractionsHostExtensions.Start(IHost host)
   at Microsoft.AspNetCore.Mvc.Testing.WebApplicationFactory`1.CreateHost(IHostBuilder builder)
   at Microsoft.AspNetCore.Mvc.Testing.WebApplicationFactory`1.ConfigureHostBuilder(IHostBuilder hostBuilder)
   at Microsoft.AspNetCore.Mvc.Testing.WebApplicationFactory`1.StartServer()
   at Microsoft.AspNetCore.Mvc.Testing.WebApplicationFactory`1.get_Services()
   at Erp.Testing.ErpTestEnvironment.SeedAsync(TestDatabaseServer server, String database, SeedPlan plan, IDictionary`2 settings) in /home/shan/critic/p02-tenancy-r6-plants/tests/Erp.Testing/ErpTestEnvironment.cs:line 128
   at Erp.Testing.ErpTestEnvironment.SeedAsync(TestDatabaseServer server, String database, SeedPlan plan, IDictionary`2 settings) in /home/shan/critic/p02-tenancy-r6-plants/tests/Erp.Testing/ErpTestEnvironment.cs:line 138
   at Erp.Testing.ErpTestEnvironment.<>c__DisplayClass34_0.<<StartGateAsync>b__0>d.MoveNext() in /home/shan/critic/p02-tenancy-r6-plants/tests/Erp.Testing/ErpTestEnvironment.cs:line 90
--- End of stack trace from previous location ---
   at Erp.Testing.TestDatabaseServer.<>c__DisplayClass25_0.<<GateTemplateAsync>b__3>d.MoveNext() in /home/shan/critic/p02-tenancy-r6-plants/tests/Erp.Testing/TestDatabaseServer.cs:line 160
--- End of stack trace from previous location ---
   at Erp.Testing.TestDatabaseServer.GateTemplateAsync(IDictionary`2 settings, Func`2 seed) in /home/shan/critic/p02-tenancy-r6-plants/tests/Erp.Testing/TestDatabaseServer.cs:line 165
   at Erp.Testing.ErpTestEnvironment.StartGateAsync(IDictionary`2 settings) in /home/shan/critic/p02-tenancy-r6-plants/tests/Erp.Testing/ErpTestEnvironment.cs:line 87
   at Erp.Gates.Tests.Infrastructure.GateFixture.InitializeAsync() in /home/shan/critic/p02-tenancy-r6-plants/tests/Erp.Gates.Tests/Infrastructure/GateFixture.cs:line 17
  Failed Erp.Gates.Tests.G1.G1DatabaseIsolationTests.Leakproof_functions_are_postgres_defaults_or_reviewed [1 ms]
  Error Message:
   Assembly fixture type 'Erp.Gates.Tests.Infrastructure.GateFixture' threw in InitializeAsync
---- System.InvalidOperationException : Endpoint authorisation is incomplete:
HTTP: PUT /api/tenancy/tenant => UpdateTenant: declares no permission
  Stack Trace:
  
----- Inner Stack Trace -----
   at Erp.Kernel.Hosting.ErpPlatform.ValidateEndpoints(WebApplication app) in /home/shan/critic/p02-tenancy-r6-plants/src/Kernel/Erp.Kernel/Hosting/ErpPlatform.cs:line 236
   at Erp.Kernel.Hosting.ErpPlatform.UseErpPlatform(WebApplication app) in /home/shan/critic/p02-tenancy-r6-plants/src/Kernel/Erp.Kernel/Hosting/ErpPlatform.cs:line 202
   at Program.<Main>$(String[] args) in /home/shan/critic/p02-tenancy-r6-plants/src/Host/Erp.Host/Program.cs:line 8
   at Program.<Main>(String[] args)
   at System.Reflection.MethodBaseInvoker.InterpretedInvoke_Method(Object obj, IntPtr* args)
   at System.Reflection.MethodBaseInvoker.InvokeDirectByRefWithFewArgs(Object obj, Span`1 copyOfArgs, BindingFlags invokeAttr)
--- End of stack trace from previous location ---
   at Microsoft.AspNetCore.Mvc.Testing.DeferredHostBuilder.DeferredHost.StartAsync(CancellationToken cancellationToken)
   at Microsoft.Extensions.Hosting.HostingAbstractionsHostExtensions.Start(IHost host)
   at Microsoft.AspNetCore.Mvc.Testing.WebApplicationFactory`1.CreateHost(IHostBuilder builder)
   at Microsoft.AspNetCore.Mvc.Testing.WebApplicationFactory`1.ConfigureHostBuilder(IHostBuilder hostBuilder)
   at Microsoft.AspNetCore.Mvc.Testing.WebApplicationFactory`1.StartServer()
   at Microsoft.AspNetCore.Mvc.Testing.WebApplicationFactory`1.get_Services()
   at Erp.Testing.ErpTestEnvironment.SeedAsync(TestDatabaseServer server, String database, SeedPlan plan, IDictionary`2 settings) in /home/shan/critic/p02-tenancy-r6-plants/tests/Erp.Testing/ErpTestEnvironment.cs:line 128
   at Erp.Testing.ErpTestEnvironment.SeedAsync(TestDatabaseServer server, String database, SeedPlan plan, IDictionary`2 settings) in /home/shan/critic/p02-tenancy-r6-plants/tests/Erp.Testing/ErpTestEnvironment.cs:line 138
   at Erp.Testing.ErpTestEnvironment.<>c__DisplayClass34_0.<<StartGateAsync>b__0>d.MoveNext() in /home/shan/critic/p02-tenancy-r6-plants/tests/Erp.Testing/ErpTestEnvironment.cs:line 90
--- End of stack trace from previous location ---
   at Erp.Testing.TestDatabaseServer.<>c__DisplayClass25_0.<<GateTemplateAsync>b__3>d.MoveNext() in /home/shan/critic/p02-tenancy-r6-plants/tests/Erp.Testing/TestDatabaseServer.cs:line 160
--- End of stack trace from previous location ---
   at Erp.Testing.TestDatabaseServer.GateTemplateAsync(IDictionary`2 settings, Func`2 seed) in /home/shan/critic/p02-tenancy-r6-plants/tests/Erp.Testing/TestDatabaseServer.cs:line 165
   at Erp.Testing.ErpTestEnvironment.StartGateAsync(IDictionary`2 settings) in /home/shan/critic/p02-tenancy-r6-plants/tests/Erp.Testing/ErpTestEnvironment.cs:line 87
   at Erp.Gates.Tests.Infrastructure.GateFixture.InitializeAsync() in /home/shan/critic/p02-tenancy-r6-plants/tests/Erp.Gates.Tests/Infrastructure/GateFixture.cs:line 17
  Failed Erp.Gates.Tests.G1.G1DatabaseIsolationTests.Security_definer_functions_are_exactly_the_reviewed_ones [1 ms]
  Error Message:
   Assembly fixture type 'Erp.Gates.Tests.Infrastructure.GateFixture' threw in InitializeAsync
---- System.InvalidOperationException : Endpoint authorisation is incomplete:
HTTP: PUT /api/tenancy/tenant => UpdateTenant: declares no permission
  Stack Trace:
  
----- Inner Stack Trace -----
   at Erp.Kernel.Hosting.ErpPlatform.ValidateEndpoints(WebApplication app) in /home/shan/critic/p02-tenancy-r6-plants/src/Kernel/Erp.Kernel/Hosting/ErpPlatform.cs:line 236
   at Erp.Kernel.Hosting.ErpPlatform.UseErpPlatform(WebApplication app) in /home/shan/critic/p02-tenancy-r6-plants/src/Kernel/Erp.Kernel/Hosting/ErpPlatform.cs:line 202
   at Program.<Main>$(String[] args) in /home/shan/critic/p02-tenancy-r6-plants/src/Host/Erp.Host/Program.cs:line 8
   at Program.<Main>(String[] args)
   at System.Reflection.MethodBaseInvoker.InterpretedInvoke_Method(Object obj, IntPtr* args)
   at System.Reflection.MethodBaseInvoker.InvokeDirectByRefWithFewArgs(Object obj, Span`1 copyOfArgs, BindingFlags invokeAttr)
--- End of stack trace from previous location ---
   at Microsoft.AspNetCore.Mvc.Testing.DeferredHostBuilder.DeferredHost.StartAsync(CancellationToken cancellationToken)
   at Microsoft.Extensions.Hosting.HostingAbstractionsHostExtensions.Start(IHost host)
   at Microsoft.AspNetCore.Mvc.Testing.WebApplicationFactory`1.CreateHost(IHostBuilder builder)
   at Microsoft.AspNetCore.Mvc.Testing.WebApplicationFactory`1.ConfigureHostBuilder(IHostBuilder hostBuilder)
   at Microsoft.AspNetCore.Mvc.Testing.WebApplicationFactory`1.StartServer()
   at Microsoft.AspNetCore.Mvc.Testing.WebApplicationFactory`1.get_Services()
   at Erp.Testing.ErpTestEnvironment.SeedAsync(TestDatabaseServer server, String database, SeedPlan plan, IDictionary`2 settings) in /home/shan/critic/p02-tenancy-r6-plants/tests/Erp.Testing/ErpTestEnvironment.cs:line 128
   at Erp.Testing.ErpTestEnvironment.SeedAsync(TestDatabaseServer server, String database, SeedPlan plan, IDictionary`2 settings) in /home/shan/critic/p02-tenancy-r6-plants/tests/Erp.Testing/ErpTestEnvironment.cs:line 138
   at Erp.Testing.ErpTestEnvironment.<>c__DisplayClass34_0.<<StartGateAsync>b__0>d.MoveNext() in /home/shan/critic/p02-tenancy-r6-plants/tests/Erp.Testing/ErpTestEnvironment.cs:line 90
--- End of stack trace from previous location ---
   at Erp.Testing.TestDatabaseServer.<>c__DisplayClass25_0.<<GateTemplateAsync>b__3>d.MoveNext() in /home/shan/critic/p02-tenancy-r6-plants/tests/Erp.Testing/TestDatabaseServer.cs:line 160
--- End of stack trace from previous location ---
   at Erp.Testing.TestDatabaseServer.GateTemplateAsync(IDictionary`2 settings, Func`2 seed) in /home/shan/critic/p02-tenancy-r6-plants/tests/Erp.Testing/TestDatabaseServer.cs:line 165
   at Erp.Testing.ErpTestEnvironment.StartGateAsync(IDictionary`2 settings) in /home/shan/critic/p02-tenancy-r6-plants/tests/Erp.Testing/ErpTestEnvironment.cs:line 87
   at Erp.Gates.Tests.Infrastructure.GateFixture.InitializeAsync() in /home/shan/critic/p02-tenancy-r6-plants/tests/Erp.Gates.Tests/Infrastructure/GateFixture.cs:line 17
  Failed Erp.Gates.Tests.G1.G1DatabaseIsolationTests.Application_role_cannot_bypass_row_level_security_or_become_a_role_that_can [1 ms]
  Error Message:
   Assembly fixture type 'Erp.Gates.Tests.Infrastructure.GateFixture' threw in InitializeAsync
---- System.InvalidOperationException : Endpoint authorisation is incomplete:
HTTP: PUT /api/tenancy/tenant => UpdateTenant: declares no permission
  Stack Trace:
  
----- Inner Stack Trace -----
   at Erp.Kernel.Hosting.ErpPlatform.ValidateEndpoints(WebApplication app) in /home/shan/critic/p02-tenancy-r6-plants/src/Kernel/Erp.Kernel/Hosting/ErpPlatform.cs:line 236
   at Erp.Kernel.Hosting.ErpPlatform.UseErpPlatform(WebApplication app) in /home/shan/critic/p02-tenancy-r6-plants/src/Kernel/Erp.Kernel/Hosting/ErpPlatform.cs:line 202
   at Program.<Main>$(String[] args) in /home/shan/critic/p02-tenancy-r6-plants/src/Host/Erp.Host/Program.cs:line 8
   at Program.<Main>(String[] args)
   at System.Reflection.MethodBaseInvoker.InterpretedInvoke_Method(Object obj, IntPtr* args)
   at System.Reflection.MethodBaseInvoker.InvokeDirectByRefWithFewArgs(Object obj, Span`1 copyOfArgs, BindingFlags invokeAttr)
--- End of stack trace from previous location ---
   at Microsoft.AspNetCore.Mvc.Testing.DeferredHostBuilder.DeferredHost.StartAsync(CancellationToken cancellationToken)
   at Microsoft.Extensions.Hosting.HostingAbstractionsHostExtensions.Start(IHost host)
   at Microsoft.AspNetCore.Mvc.Testing.WebApplicationFactory`1.CreateHost(IHostBuilder builder)
   at Microsoft.AspNetCore.Mvc.Testing.WebApplicationFactory`1.ConfigureHostBuilder(IHostBuilder hostBuilder)
   at Microsoft.AspNetCore.Mvc.Testing.WebApplicationFactory`1.StartServer()
   at Microsoft.AspNetCore.Mvc.Testing.WebApplicationFactory`1.get_Services()
   at Erp.Testing.ErpTestEnvironment.SeedAsync(TestDatabaseServer server, String database, SeedPlan plan, IDictionary`2 settings) in /home/shan/critic/p02-tenancy-r6-plants/tests/Erp.Testing/ErpTestEnvironment.cs:line 128
   at Erp.Testing.ErpTestEnvironment.SeedAsync(TestDatabaseServer server, String database, SeedPlan plan, IDictionary`2 settings) in /home/shan/critic/p02-tenancy-r6-plants/tests/Erp.Testing/ErpTestEnvironment.cs:line 138
   at Erp.Testing.ErpTestEnvironment.<>c__DisplayClass34_0.<<StartGateAsync>b__0>d.MoveNext() in /home/shan/critic/p02-tenancy-r6-plants/tests/Erp.Testing/ErpTestEnvironment.cs:line 90
--- End of stack trace from previous location ---
   at Erp.Testing.TestDatabaseServer.<>c__DisplayClass25_0.<<GateTemplateAsync>b__3>d.MoveNext() in /home/shan/critic/p02-tenancy-r6-plants/tests/Erp.Testing/TestDatabaseServer.cs:line 160
--- End of stack trace from previous location ---
   at Erp.Testing.TestDatabaseServer.GateTemplateAsync(IDictionary`2 settings, Func`2 seed) in /home/shan/critic/p02-tenancy-r6-plants/tests/Erp.Testing/TestDatabaseServer.cs:line 165
   at Erp.Testing.ErpTestEnvironment.StartGateAsync(IDictionary`2 settings) in /home/shan/critic/p02-tenancy-r6-plants/tests/Erp.Testing/ErpTestEnvironment.cs:line 87
   at Erp.Gates.Tests.Infrastructure.GateFixture.InitializeAsync() in /home/shan/critic/p02-tenancy-r6-plants/tests/Erp.Gates.Tests/Infrastructure/GateFixture.cs:line 17
  Failed Erp.Gates.Tests.G1.G1DatabaseIsolationTests.Tenant_tables_enforce_row_level_security_with_the_standard_policy [1 ms]
  Error Message:
   Assembly fixture type 'Erp.Gates.Tests.Infrastructure.GateFixture' threw in InitializeAsync
---- System.InvalidOperationException : Endpoint authorisation is incomplete:
HTTP: PUT /api/tenancy/tenant => UpdateTenant: declares no permission
  Stack Trace:
  
----- Inner Stack Trace -----
   at Erp.Kernel.Hosting.ErpPlatform.ValidateEndpoints(WebApplication app) in /home/shan/critic/p02-tenancy-r6-plants/src/Kernel/Erp.Kernel/Hosting/ErpPlatform.cs:line 236
   at Erp.Kernel.Hosting.ErpPlatform.UseErpPlatform(WebApplication app) in /home/shan/critic/p02-tenancy-r6-plants/src/Kernel/Erp.Kernel/Hosting/ErpPlatform.cs:line 202
   at Program.<Main>$(String[] args) in /home/shan/critic/p02-tenancy-r6-plants/src/Host/Erp.Host/Program.cs:line 8
   at Program.<Main>(String[] args)
   at System.Reflection.MethodBaseInvoker.InterpretedInvoke_Method(Object obj, IntPtr* args)
   at System.Reflection.MethodBaseInvoker.InvokeDirectByRefWithFewArgs(Object obj, Span`1 copyOfArgs, BindingFlags invokeAttr)
--- End of stack trace from previous location ---
   at Microsoft.AspNetCore.Mvc.Testing.DeferredHostBuilder.DeferredHost.StartAsync(CancellationToken cancellationToken)
   at Microsoft.Extensions.Hosting.HostingAbstractionsHostExtensions.Start(IHost host)
   at Microsoft.AspNetCore.Mvc.Testing.WebApplicationFactory`1.CreateHost(IHostBuilder builder)
   at Microsoft.AspNetCore.Mvc.Testing.WebApplicationFactory`1.ConfigureHostBuilder(IHostBuilder hostBuilder)
   at Microsoft.AspNetCore.Mvc.Testing.WebApplicationFactory`1.StartServer()
   at Microsoft.AspNetCore.Mvc.Testing.WebApplicationFactory`1.get_Services()
   at Erp.Testing.ErpTestEnvironment.SeedAsync(TestDatabaseServer server, String database, SeedPlan plan, IDictionary`2 settings) in /home/shan/critic/p02-tenancy-r6-plants/tests/Erp.Testing/ErpTestEnvironment.cs:line 128
   at Erp.Testing.ErpTestEnvironment.SeedAsync(TestDatabaseServer server, String database, SeedPlan plan, IDictionary`2 settings) in /home/shan/critic/p02-tenancy-r6-plants/tests/Erp.Testing/ErpTestEnvironment.cs:line 138
   at Erp.Testing.ErpTestEnvironment.<>c__DisplayClass34_0.<<StartGateAsync>b__0>d.MoveNext() in /home/shan/critic/p02-tenancy-r6-plants/tests/Erp.Testing/ErpTestEnvironment.cs:line 90
--- End of stack trace from previous location ---
   at Erp.Testing.TestDatabaseServer.<>c__DisplayClass25_0.<<GateTemplateAsync>b__3>d.MoveNext() in /home/shan/critic/p02-tenancy-r6-plants/tests/Erp.Testing/TestDatabaseServer.cs:line 160
--- End of stack trace from previous location ---
   at Erp.Testing.TestDatabaseServer.GateTemplateAsync(IDictionary`2 settings, Func`2 seed) in /home/shan/critic/p02-tenancy-r6-plants/tests/Erp.Testing/TestDatabaseServer.cs:line 165
   at Erp.Testing.ErpTestEnvironment.StartGateAsync(IDictionary`2 settings) in /home/shan/critic/p02-tenancy-r6-plants/tests/Erp.Testing/ErpTestEnvironment.cs:line 87
   at Erp.Gates.Tests.Infrastructure.GateFixture.InitializeAsync() in /home/shan/critic/p02-tenancy-r6-plants/tests/Erp.Gates.Tests/Infrastructure/GateFixture.cs:line 17
  Failed Erp.Gates.Tests.G1.G1DatabaseIsolationTests.Every_table_is_tenant_owned_or_a_reviewed_platform_table [1 ms]
  Error Message:
   Assembly fixture type 'Erp.Gates.Tests.Infrastructure.GateFixture' threw in InitializeAsync
---- System.InvalidOperationException : Endpoint authorisation is incomplete:
HTTP: PUT /api/tenancy/tenant => UpdateTenant: declares no permission
  Stack Trace:
  
----- Inner Stack Trace -----
   at Erp.Kernel.Hosting.ErpPlatform.ValidateEndpoints(WebApplication app) in /home/shan/critic/p02-tenancy-r6-plants/src/Kernel/Erp.Kernel/Hosting/ErpPlatform.cs:line 236
   at Erp.Kernel.Hosting.ErpPlatform.UseErpPlatform(WebApplication app) in /home/shan/critic/p02-tenancy-r6-plants/src/Kernel/Erp.Kernel/Hosting/ErpPlatform.cs:line 202
   at Program.<Main>$(String[] args) in /home/shan/critic/p02-tenancy-r6-plants/src/Host/Erp.Host/Program.cs:line 8
   at Program.<Main>(String[] args)
   at System.Reflection.MethodBaseInvoker.InterpretedInvoke_Method(Object obj, IntPtr* args)
   at System.Reflection.MethodBaseInvoker.InvokeDirectByRefWithFewArgs(Object obj, Span`1 copyOfArgs, BindingFlags invokeAttr)
--- End of stack trace from previous location ---
   at Microsoft.AspNetCore.Mvc.Testing.DeferredHostBuilder.DeferredHost.StartAsync(CancellationToken cancellationToken)
   at Microsoft.Extensions.Hosting.HostingAbstractionsHostExtensions.Start(IHost host)
   at Microsoft.AspNetCore.Mvc.Testing.WebApplicationFactory`1.CreateHost(IHostBuilder builder)
   at Microsoft.AspNetCore.Mvc.Testing.WebApplicationFactory`1.ConfigureHostBuilder(IHostBuilder hostBuilder)
   at Microsoft.AspNetCore.Mvc.Testing.WebApplicationFactory`1.StartServer()
   at Microsoft.AspNetCore.Mvc.Testing.WebApplicationFactory`1.get_Services()
   at Erp.Testing.ErpTestEnvironment.SeedAsync(TestDatabaseServer server, String database, SeedPlan plan, IDictionary`2 settings) in /home/shan/critic/p02-tenancy-r6-plants/tests/Erp.Testing/ErpTestEnvironment.cs:line 128
   at Erp.Testing.ErpTestEnvironment.SeedAsync(TestDatabaseServer server, String database, SeedPlan plan, IDictionary`2 settings) in /home/shan/critic/p02-tenancy-r6-plants/tests/Erp.Testing/ErpTestEnvironment.cs:line 138
   at Erp.Testing.ErpTestEnvironment.<>c__DisplayClass34_0.<<StartGateAsync>b__0>d.MoveNext() in /home/shan/critic/p02-tenancy-r6-plants/tests/Erp.Testing/ErpTestEnvironment.cs:line 90
--- End of stack trace from previous location ---
   at Erp.Testing.TestDatabaseServer.<>c__DisplayClass25_0.<<GateTemplateAsync>b__3>d.MoveNext() in /home/shan/critic/p02-tenancy-r6-plants/tests/Erp.Testing/TestDatabaseServer.cs:line 160
--- End of stack trace from previous location ---
   at Erp.Testing.TestDatabaseServer.GateTemplateAsync(IDictionary`2 settings, Func`2 seed) in /home/shan/critic/p02-tenancy-r6-plants/tests/Erp.Testing/TestDatabaseServer.cs:line 165
   at Erp.Testing.ErpTestEnvironment.StartGateAsync(IDictionary`2 settings) in /home/shan/critic/p02-tenancy-r6-plants/tests/Erp.Testing/ErpTestEnvironment.cs:line 87
   at Erp.Gates.Tests.Infrastructure.GateFixture.InitializeAsync() in /home/shan/critic/p02-tenancy-r6-plants/tests/Erp.Gates.Tests/Infrastructure/GateFixture.cs:line 17
  Failed Erp.Gates.Tests.G1.G1CompanyScopeTests.The_application_role_sees_and_changes_only_the_bound_companies_in_every_company_table [1 ms]
  Error Message:
   Assembly fixture type 'Erp.Gates.Tests.Infrastructure.GateFixture' threw in InitializeAsync
---- System.InvalidOperationException : Endpoint authorisation is incomplete:
HTTP: PUT /api/tenancy/tenant => UpdateTenant: declares no permission
  Stack Trace:
  
----- Inner Stack Trace -----
   at Erp.Kernel.Hosting.ErpPlatform.ValidateEndpoints(WebApplication app) in /home/shan/critic/p02-tenancy-r6-plants/src/Kernel/Erp.Kernel/Hosting/ErpPlatform.cs:line 236
   at Erp.Kernel.Hosting.ErpPlatform.UseErpPlatform(WebApplication app) in /home/shan/critic/p02-tenancy-r6-plants/src/Kernel/Erp.Kernel/Hosting/ErpPlatform.cs:line 202
   at Program.<Main>$(String[] args) in /home/shan/critic/p02-tenancy-r6-plants/src/Host/Erp.Host/Program.cs:line 8
   at Program.<Main>(String[] args)
   at System.Reflection.MethodBaseInvoker.InterpretedInvoke_Method(Object obj, IntPtr* args)
   at System.Reflection.MethodBaseInvoker.InvokeDirectByRefWithFewArgs(Object obj, Span`1 copyOfArgs, BindingFlags invokeAttr)
--- End of stack trace from previous location ---
   at Microsoft.AspNetCore.Mvc.Testing.DeferredHostBuilder.DeferredHost.StartAsync(CancellationToken cancellationToken)
   at Microsoft.Extensions.Hosting.HostingAbstractionsHostExtensions.Start(IHost host)
   at Microsoft.AspNetCore.Mvc.Testing.WebApplicationFactory`1.CreateHost(IHostBuilder builder)
   at Microsoft.AspNetCore.Mvc.Testing.WebApplicationFactory`1.ConfigureHostBuilder(IHostBuilder hostBuilder)
   at Microsoft.AspNetCore.Mvc.Testing.WebApplicationFactory`1.StartServer()
   at Microsoft.AspNetCore.Mvc.Testing.WebApplicationFactory`1.get_Services()
   at Erp.Testing.ErpTestEnvironment.SeedAsync(TestDatabaseServer server, String database, SeedPlan plan, IDictionary`2 settings) in /home/shan/critic/p02-tenancy-r6-plants/tests/Erp.Testing/ErpTestEnvironment.cs:line 128
   at Erp.Testing.ErpTestEnvironment.SeedAsync(TestDatabaseServer server, String database, SeedPlan plan, IDictionary`2 settings) in /home/shan/critic/p02-tenancy-r6-plants/tests/Erp.Testing/ErpTestEnvironment.cs:line 138
   at Erp.Testing.ErpTestEnvironment.<>c__DisplayClass34_0.<<StartGateAsync>b__0>d.MoveNext() in /home/shan/critic/p02-tenancy-r6-plants/tests/Erp.Testing/ErpTestEnvironment.cs:line 90
--- End of stack trace from previous location ---
   at Erp.Testing.TestDatabaseServer.<>c__DisplayClass25_0.<<GateTemplateAsync>b__3>d.MoveNext() in /home/shan/critic/p02-tenancy-r6-plants/tests/Erp.Testing/TestDatabaseServer.cs:line 160
--- End of stack trace from previous location ---
   at Erp.Testing.TestDatabaseServer.GateTemplateAsync(IDictionary`2 settings, Func`2 seed) in /home/shan/critic/p02-tenancy-r6-plants/tests/Erp.Testing/TestDatabaseServer.cs:line 165
   at Erp.Testing.ErpTestEnvironment.StartGateAsync(IDictionary`2 settings) in /home/shan/critic/p02-tenancy-r6-plants/tests/Erp.Testing/ErpTestEnvironment.cs:line 87
   at Erp.Gates.Tests.Infrastructure.GateFixture.InitializeAsync() in /home/shan/critic/p02-tenancy-r6-plants/tests/Erp.Gates.Tests/Infrastructure/GateFixture.cs:line 17
[xUnit.net 00:00:05.54]     Erp.Gates.Tests.G1.G1CompanyScopeTests.Every_company_table_carries_the_standard_company_scope_policy [FAIL]
[xUnit.net 00:00:05.54]       Assembly fixture type 'Erp.Gates.Tests.Infrastructure.GateFixture' threw in InitializeAsync
[xUnit.net 00:00:05.54]       ---- System.InvalidOperationException : Endpoint authorisation is incomplete:
[xUnit.net 00:00:05.54]       HTTP: PUT /api/tenancy/tenant => UpdateTenant: declares no permission
[xUnit.net 00:00:05.54]       Stack Trace:
[xUnit.net 00:00:05.54]         
[xUnit.net 00:00:05.54]         ----- Inner Stack Trace -----
[xUnit.net 00:00:05.54]         /home/shan/critic/p02-tenancy-r6-plants/src/Kernel/Erp.Kernel/Hosting/ErpPlatform.cs(236,0): at Erp.Kernel.Hosting.ErpPlatform.ValidateEndpoints(WebApplication app)
[xUnit.net 00:00:05.54]         /home/shan/critic/p02-tenancy-r6-plants/src/Kernel/Erp.Kernel/Hosting/ErpPlatform.cs(202,0): at Erp.Kernel.Hosting.ErpPlatform.UseErpPlatform(WebApplication app)
[xUnit.net 00:00:05.54]         /home/shan/critic/p02-tenancy-r6-plants/src/Host/Erp.Host/Program.cs(8,0): at Program.<Main>$(String[] args)
[xUnit.net 00:00:05.54]            at Program.<Main>(String[] args)
[xUnit.net 00:00:05.54]            at System.Reflection.MethodBaseInvoker.InterpretedInvoke_Method(Object obj, IntPtr* args)
[xUnit.net 00:00:05.54]            at System.Reflection.MethodBaseInvoker.InvokeDirectByRefWithFewArgs(Object obj, Span`1 copyOfArgs, BindingFlags invokeAttr)
[xUnit.net 00:00:05.54]         --- End of stack trace from previous location ---
[xUnit.net 00:00:05.54]            at Microsoft.AspNetCore.Mvc.Testing.DeferredHostBuilder.DeferredHost.StartAsync(CancellationToken cancellationToken)
[xUnit.net 00:00:05.54]            at Microsoft.Extensions.Hosting.HostingAbstractionsHostExtensions.Start(IHost host)
[xUnit.net 00:00:05.54]            at Microsoft.AspNetCore.Mvc.Testing.WebApplicationFactory`1.CreateHost(IHostBuilder builder)
[xUnit.net 00:00:05.54]            at Microsoft.AspNetCore.Mvc.Testing.WebApplicationFactory`1.ConfigureHostBuilder(IHostBuilder hostBuilder)
[xUnit.net 00:00:05.54]            at Microsoft.AspNetCore.Mvc.Testing.WebApplicationFactory`1.StartServer()
[xUnit.net 00:00:05.54]            at Microsoft.AspNetCore.Mvc.Testing.WebApplicationFactory`1.get_Services()
[xUnit.net 00:00:05.54]         /home/shan/critic/p02-tenancy-r6-plants/tests/Erp.Testing/ErpTestEnvironment.cs(128,0): at Erp.Testing.ErpTestEnvironment.SeedAsync(TestDatabaseServer server, String database, SeedPlan plan, IDictionary`2 settings)
[xUnit.net 00:00:05.54]         /home/shan/critic/p02-tenancy-r6-plants/tests/Erp.Testing/ErpTestEnvironment.cs(138,0): at Erp.Testing.ErpTestEnvironment.SeedAsync(TestDatabaseServer server, String database, SeedPlan plan, IDictionary`2 settings)
[xUnit.net 00:00:05.54]         /home/shan/critic/p02-tenancy-r6-plants/tests/Erp.Testing/ErpTestEnvironment.cs(90,0): at Erp.Testing.ErpTestEnvironment.<>c__DisplayClass34_0.<<StartGateAsync>b__0>d.MoveNext()
[xUnit.net 00:00:05.54]         --- End of stack trace from previous location ---
[xUnit.net 00:00:05.54]         /home/shan/critic/p02-tenancy-r6-plants/tests/Erp.Testing/TestDatabaseServer.cs(160,0): at Erp.Testing.TestDatabaseServer.<>c__DisplayClass25_0.<<GateTemplateAsync>b__3>d.MoveNext()
[xUnit.net 00:00:05.54]         --- End of stack trace from previous location ---
[xUnit.net 00:00:05.54]         /home/shan/critic/p02-tenancy-r6-plants/tests/Erp.Testing/TestDatabaseServer.cs(165,0): at Erp.Testing.TestDatabaseServer.GateTemplateAsync(IDictionary`2 settings, Func`2 seed)
[xUnit.net 00:00:05.54]         /home/shan/critic/p02-tenancy-r6-plants/tests/Erp.Testing/ErpTestEnvironment.cs(87,0): at Erp.Testing.ErpTestEnvironment.StartGateAsync(IDictionary`2 settings)
[xUnit.net 00:00:05.54]         /home/shan/critic/p02-tenancy-r6-plants/tests/Erp.Gates.Tests/Infrastructure/GateFixture.cs(17,0): at Erp.Gates.Tests.Infrastructure.GateFixture.InitializeAsync()
[xUnit.net 00:00:05.54]     Erp.Gates.Tests.G1.G1HttpIsolationTests.Tenant_A_cannot_reach_tenant_B_through_any_endpoint [FAIL]
[xUnit.net 00:00:05.54]       Assembly fixture type 'Erp.Gates.Tests.Infrastructure.GateFixture' threw in InitializeAsync
[xUnit.net 00:00:05.54]       ---- System.InvalidOperationException : Endpoint authorisation is incomplete:
[xUnit.net 00:00:05.54]       HTTP: PUT /api/tenancy/tenant => UpdateTenant: declares no permission
[xUnit.net 00:00:05.54]       Stack Trace:
[xUnit.net 00:00:05.54]         
[xUnit.net 00:00:05.54]         ----- Inner Stack Trace -----
[xUnit.net 00:00:05.54]         /home/shan/critic/p02-tenancy-r6-plants/src/Kernel/Erp.Kernel/Hosting/ErpPlatform.cs(236,0): at Erp.Kernel.Hosting.ErpPlatform.ValidateEndpoints(WebApplication app)
[xUnit.net 00:00:05.54]         /home/shan/critic/p02-tenancy-r6-plants/src/Kernel/Erp.Kernel/Hosting/ErpPlatform.cs(202,0): at Erp.Kernel.Hosting.ErpPlatform.UseErpPlatform(WebApplication app)
[xUnit.net 00:00:05.54]         /home/shan/critic/p02-tenancy-r6-plants/src/Host/Erp.Host/Program.cs(8,0): at Program.<Main>$(String[] args)
[xUnit.net 00:00:05.54]            at Program.<Main>(String[] args)
[xUnit.net 00:00:05.54]            at System.Reflection.MethodBaseInvoker.InterpretedInvoke_Method(Object obj, IntPtr* args)
[xUnit.net 00:00:05.54]            at System.Reflection.MethodBaseInvoker.InvokeDirectByRefWithFewArgs(Object obj, Span`1 copyOfArgs, BindingFlags invokeAttr)
[xUnit.net 00:00:05.54]         --- End of stack trace from previous location ---
[xUnit.net 00:00:05.54]            at Microsoft.AspNetCore.Mvc.Testing.DeferredHostBuilder.DeferredHost.StartAsync(CancellationToken cancellationToken)
[xUnit.net 00:00:05.54]            at Microsoft.Extensions.Hosting.HostingAbstractionsHostExtensions.Start(IHost host)
[xUnit.net 00:00:05.54]            at Microsoft.AspNetCore.Mvc.Testing.WebApplicationFactory`1.CreateHost(IHostBuilder builder)
[xUnit.net 00:00:05.54]            at Microsoft.AspNetCore.Mvc.Testing.WebApplicationFactory`1.ConfigureHostBuilder(IHostBuilder hostBuilder)
[xUnit.net 00:00:05.54]            at Microsoft.AspNetCore.Mvc.Testing.WebApplicationFactory`1.StartServer()
[xUnit.net 00:00:05.54]            at Microsoft.AspNetCore.Mvc.Testing.WebApplicationFactory`1.get_Services()
[xUnit.net 00:00:05.54]         /home/shan/critic/p02-tenancy-r6-plants/tests/Erp.Testing/ErpTestEnvironment.cs(128,0): at Erp.Testing.ErpTestEnvironment.SeedAsync(TestDatabaseServer server, String database, SeedPlan plan, IDictionary`2 settings)
[xUnit.net 00:00:05.54]         /home/shan/critic/p02-tenancy-r6-plants/tests/Erp.Testing/ErpTestEnvironment.cs(138,0): at Erp.Testing.ErpTestEnvironment.SeedAsync(TestDatabaseServer server, String database, SeedPlan plan, IDictionary`2 settings)
[xUnit.net 00:00:05.54]         /home/shan/critic/p02-tenancy-r6-plants/tests/Erp.Testing/ErpTestEnvironment.cs(90,0): at Erp.Testing.ErpTestEnvironment.<>c__DisplayClass34_0.<<StartGateAsync>b__0>d.MoveNext()
[xUnit.net 00:00:05.54]         --- End of stack trace from previous location ---
[xUnit.net 00:00:05.54]         /home/shan/critic/p02-tenancy-r6-plants/tests/Erp.Testing/TestDatabaseServer.cs(160,0): at Erp.Testing.TestDatabaseServer.<>c__DisplayClass25_0.<<GateTemplateAsync>b__3>d.MoveNext()
[xUnit.net 00:00:05.54]         --- End of stack trace from previous location ---
[xUnit.net 00:00:05.54]         /home/shan/critic/p02-tenancy-r6-plants/tests/Erp.Testing/TestDatabaseServer.cs(165,0): at Erp.Testing.TestDatabaseServer.GateTemplateAsync(IDictionary`2 settings, Func`2 seed)
[xUnit.net 00:00:05.54]         /home/shan/critic/p02-tenancy-r6-plants/tests/Erp.Testing/ErpTestEnvironment.cs(87,0): at Erp.Testing.ErpTestEnvironment.StartGateAsync(IDictionary`2 settings)
[xUnit.net 00:00:05.54]         /home/shan/critic/p02-tenancy-r6-plants/tests/Erp.Gates.Tests/Infrastructure/GateFixture.cs(17,0): at Erp.Gates.Tests.Infrastructure.GateFixture.InitializeAsync()
[xUnit.net 00:00:05.54]     Erp.Gates.Tests.G1.G1TenantSourceTests.The_scanner_catches_every_planted_bypass [FAIL]
[xUnit.net 00:00:05.54]       Assembly fixture type 'Erp.Gates.Tests.Infrastructure.GateFixture' threw in InitializeAsync
[xUnit.net 00:00:05.54]       ---- System.InvalidOperationException : Endpoint authorisation is incomplete:
[xUnit.net 00:00:05.54]       HTTP: PUT /api/tenancy/tenant => UpdateTenant: declares no permission
[xUnit.net 00:00:05.54]       Stack Trace:
[xUnit.net 00:00:05.54]         
[xUnit.net 00:00:05.54]         ----- Inner Stack Trace -----
[xUnit.net 00:00:05.54]         /home/shan/critic/p02-tenancy-r6-plants/src/Kernel/Erp.Kernel/Hosting/ErpPlatform.cs(236,0): at Erp.Kernel.Hosting.ErpPlatform.ValidateEndpoints(WebApplication app)
[xUnit.net 00:00:05.54]         /home/shan/critic/p02-tenancy-r6-plants/src/Kernel/Erp.Kernel/Hosting/ErpPlatform.cs(202,0): at Erp.Kernel.Hosting.ErpPlatform.UseErpPlatform(WebApplication app)
[xUnit.net 00:00:05.54]         /home/shan/critic/p02-tenancy-r6-plants/src/Host/Erp.Host/Program.cs(8,0): at Program.<Main>$(String[] args)
[xUnit.net 00:00:05.54]            at Program.<Main>(String[] args)
[xUnit.net 00:00:05.54]            at System.Reflection.MethodBaseInvoker.InterpretedInvoke_Method(Object obj, IntPtr* args)
[xUnit.net 00:00:05.54]            at System.Reflection.MethodBaseInvoker.InvokeDirectByRefWithFewArgs(Object obj, Span`1 copyOfArgs, BindingFlags invokeAttr)
[xUnit.net 00:00:05.54]         --- End of stack trace from previous location ---
[xUnit.net 00:00:05.54]            at Microsoft.AspNetCore.Mvc.Testing.DeferredHostBuilder.DeferredHost.StartAsync(CancellationToken cancellationToken)
[xUnit.net 00:00:05.54]            at Microsoft.Extensions.Hosting.HostingAbstractionsHostExtensions.Start(IHost host)
[xUnit.net 00:00:05.54]            at Microsoft.AspNetCore.Mvc.Testing.WebApplicationFactory`1.CreateHost(IHostBuilder builder)
[xUnit.net 00:00:05.54]            at Microsoft.AspNetCore.Mvc.Testing.WebApplicationFactory`1.ConfigureHostBuilder(IHostBuilder hostBuilder)
[xUnit.net 00:00:05.54]            at Microsoft.AspNetCore.Mvc.Testing.WebApplicationFactory`1.StartServer()
[xUnit.net 00:00:05.54]            at Microsoft.AspNetCore.Mvc.Testing.WebApplicationFactory`1.get_Services()
[xUnit.net 00:00:05.54]         /home/shan/critic/p02-tenancy-r6-plants/tests/Erp.Testing/ErpTestEnvironment.cs(128,0): at Erp.Testing.ErpTestEnvironment.SeedAsync(TestDatabaseServer server, String database, SeedPlan plan, IDictionary`2 settings)
[xUnit.net 00:00:05.54]         /home/shan/critic/p02-tenancy-r6-plants/tests/Erp.Testing/ErpTestEnvironment.cs(138,0): at Erp.Testing.ErpTestEnvironment.SeedAsync(TestDatabaseServer server, String database, SeedPlan plan, IDictionary`2 settings)
[xUnit.net 00:00:05.54]         /home/shan/critic/p02-tenancy-r6-plants/tests/Erp.Testing/ErpTestEnvironment.cs(90,0): at Erp.Testing.ErpTestEnvironment.<>c__DisplayClass34_0.<<StartGateAsync>b__0>d.MoveNext()
[xUnit.net 00:00:05.54]         --- End of stack trace from previous location ---
[xUnit.net 00:00:05.54]         /home/shan/critic/p02-tenancy-r6-plants/tests/Erp.Testing/TestDatabaseServer.cs(160,0): at Erp.Testing.TestDatabaseServer.<>c__DisplayClass25_0.<<GateTemplateAsync>b__3>d.MoveNext()
[xUnit.net 00:00:05.54]         --- End of stack trace from previous location ---
[xUnit.net 00:00:05.54]         /home/shan/critic/p02-tenancy-r6-plants/tests/Erp.Testing/TestDatabaseServer.cs(165,0): at Erp.Testing.TestDatabaseServer.GateTemplateAsync(IDictionary`2 settings, Func`2 seed)
[xUnit.net 00:00:05.54]         /home/shan/critic/p02-tenancy-r6-plants/tests/Erp.Testing/ErpTestEnvironment.cs(87,0): at Erp.Testing.ErpTestEnvironment.StartGateAsync(IDictionary`2 settings)
[xUnit.net 00:00:05.54]         /home/shan/critic/p02-tenancy-r6-plants/tests/Erp.Gates.Tests/Infrastructure/GateFixture.cs(17,0): at Erp.Gates.Tests.Infrastructure.GateFixture.InitializeAsync()
[xUnit.net 00:00:05.54]     Erp.Gates.Tests.G1.G1TenantSourceTests.Only_reviewed_files_choose_a_tenant_or_step_around_the_unit_of_work [FAIL]
[xUnit.net 00:00:05.54]       Assembly fixture type 'Erp.Gates.Tests.Infrastructure.GateFixture' threw in InitializeAsync
[xUnit.net 00:00:05.54]       ---- System.InvalidOperationException : Endpoint authorisation is incomplete:
[xUnit.net 00:00:05.54]       HTTP: PUT /api/tenancy/tenant => UpdateTenant: declares no permission
[xUnit.net 00:00:05.54]       Stack Trace:
[xUnit.net 00:00:05.54]         
[xUnit.net 00:00:05.54]         ----- Inner Stack Trace -----
[xUnit.net 00:00:05.54]         /home/shan/critic/p02-tenancy-r6-plants/src/Kernel/Erp.Kernel/Hosting/ErpPlatform.cs(236,0): at Erp.Kernel.Hosting.ErpPlatform.ValidateEndpoints(WebApplication app)
[xUnit.net 00:00:05.54]         /home/shan/critic/p02-tenancy-r6-plants/src/Kernel/Erp.Kernel/Hosting/ErpPlatform.cs(202,0): at Erp.Kernel.Hosting.ErpPlatform.UseErpPlatform(WebApplication app)
[xUnit.net 00:00:05.54]         /home/shan/critic/p02-tenancy-r6-plants/src/Host/Erp.Host/Program.cs(8,0): at Program.<Main>$(String[] args)
[xUnit.net 00:00:05.54]            at Program.<Main>(String[] args)
[xUnit.net 00:00:05.54]            at System.Reflection.MethodBaseInvoker.InterpretedInvoke_Method(Object obj, IntPtr* args)
[xUnit.net 00:00:05.54]            at System.Reflection.MethodBaseInvoker.InvokeDirectByRefWithFewArgs(Object obj, Span`1 copyOfArgs, BindingFlags invokeAttr)
[xUnit.net 00:00:05.54]         --- End of stack trace from previous location ---
[xUnit.net 00:00:05.54]            at Microsoft.AspNetCore.Mvc.Testing.DeferredHostBuilder.DeferredHost.StartAsync(CancellationToken cancellationToken)
[xUnit.net 00:00:05.54]            at Microsoft.Extensions.Hosting.HostingAbstractionsHostExtensions.Start(IHost host)
[xUnit.net 00:00:05.54]            at Microsoft.AspNetCore.Mvc.Testing.WebApplicationFactory`1.CreateHost(IHostBuilder builder)
[xUnit.net 00:00:05.54]            at Microsoft.AspNetCore.Mvc.Testing.WebApplicationFactory`1.ConfigureHostBuilder(IHostBuilder hostBuilder)
[xUnit.net 00:00:05.54]            at Microsoft.AspNetCore.Mvc.Testing.WebApplicationFactory`1.StartServer()
[xUnit.net 00:00:05.54]            at Microsoft.AspNetCore.Mvc.Testing.WebApplicationFactory`1.get_Services()
[xUnit.net 00:00:05.54]         /home/shan/critic/p02-tenancy-r6-plants/tests/Erp.Testing/ErpTestEnvironment.cs(128,0): at Erp.Testing.ErpTestEnvironment.SeedAsync(TestDatabaseServer server, String database, SeedPlan plan, IDictionary`2 settings)
[xUnit.net 00:00:05.54]         /home/shan/critic/p02-tenancy-r6-plants/tests/Erp.Testing/ErpTestEnvironment.cs(138,0): at Erp.Testing.ErpTestEnvironment.SeedAsync(TestDatabaseServer server, String database, SeedPlan plan, IDictionary`2 settings)
[xUnit.net 00:00:05.54]         /home/shan/critic/p02-tenancy-r6-plants/tests/Erp.Testing/ErpTestEnvironment.cs(90,0): at Erp.Testing.ErpTestEnvironment.<>c__DisplayClass34_0.<<StartGateAsync>b__0>d.MoveNext()
[xUnit.net 00:00:05.54]         --- End of stack trace from previous location ---
[xUnit.net 00:00:05.54]         /home/shan/critic/p02-tenancy-r6-plants/tests/Erp.Testing/TestDatabaseServer.cs(160,0): at Erp.Testing.TestDatabaseServer.<>c__DisplayClass25_0.<<GateTemplateAsync>b__3>d.MoveNext()
[xUnit.net 00:00:05.54]         --- End of stack trace from previous location ---
[xUnit.net 00:00:05.54]         /home/shan/critic/p02-tenancy-r6-plants/tests/Erp.Testing/TestDatabaseServer.cs(165,0): at Erp.Testing.TestDatabaseServer.GateTemplateAsync(IDictionary`2 settings, Func`2 seed)
[xUnit.net 00:00:05.54]         /home/shan/critic/p02-tenancy-r6-plants/tests/Erp.Testing/ErpTestEnvironment.cs(87,0): at Erp.Testing.ErpTestEnvironment.StartGateAsync(IDictionary`2 settings)
[xUnit.net 00:00:05.54]         /home/shan/critic/p02-tenancy-r6-plants/tests/Erp.Gates.Tests/Infrastructure/GateFixture.cs(17,0): at Erp.Gates.Tests.Infrastructure.GateFixture.InitializeAsync()
[xUnit.net 00:00:05.54]     [Test Assembly Cleanup Failure (/home/shan/critic/p02-tenancy-r6-plants/tests/Erp.Gates.Tests/bin/Release/net10.0/Erp.Gates.Tests.dll)] Xunit.Sdk.TestPipelineException
[xUnit.net 00:00:05.54]       Assembly fixture type 'Erp.Gates.Tests.Infrastructure.GateFixture' threw in DisposeAsync
[xUnit.net 00:00:05.54]       ---- System.NullReferenceException : Object reference not set to an instance of an object.
[xUnit.net 00:00:05.54]       Stack Trace:
[xUnit.net 00:00:05.54]         --- End of stack trace from previous location ---
[xUnit.net 00:00:05.54]         ----- Inner Stack Trace -----
[xUnit.net 00:00:05.54]         /home/shan/critic/p02-tenancy-r6-plants/tests/Erp.Gates.Tests/Infrastructure/GateFixture.cs(21,0): at Erp.Gates.Tests.Infrastructure.GateFixture.DisposeAsync()
[xUnit.net 00:00:05.54]   Finished:    Erp.Gates.Tests (ID = '451ec3f5f7e3e128ee46d748fccba099b97caff14fc6f18c906df4fda118ceed')
  Failed Erp.Gates.Tests.G1.G1CompanyScopeTests.Every_company_table_carries_the_standard_company_scope_policy [1 ms]
  Error Message:
   Assembly fixture type 'Erp.Gates.Tests.Infrastructure.GateFixture' threw in InitializeAsync
---- System.InvalidOperationException : Endpoint authorisation is incomplete:
HTTP: PUT /api/tenancy/tenant => UpdateTenant: declares no permission
  Stack Trace:
  
----- Inner Stack Trace -----
   at Erp.Kernel.Hosting.ErpPlatform.ValidateEndpoints(WebApplication app) in /home/shan/critic/p02-tenancy-r6-plants/src/Kernel/Erp.Kernel/Hosting/ErpPlatform.cs:line 236
   at Erp.Kernel.Hosting.ErpPlatform.UseErpPlatform(WebApplication app) in /home/shan/critic/p02-tenancy-r6-plants/src/Kernel/Erp.Kernel/Hosting/ErpPlatform.cs:line 202
   at Program.<Main>$(String[] args) in /home/shan/critic/p02-tenancy-r6-plants/src/Host/Erp.Host/Program.cs:line 8
   at Program.<Main>(String[] args)
   at System.Reflection.MethodBaseInvoker.InterpretedInvoke_Method(Object obj, IntPtr* args)
   at System.Reflection.MethodBaseInvoker.InvokeDirectByRefWithFewArgs(Object obj, Span`1 copyOfArgs, BindingFlags invokeAttr)
--- End of stack trace from previous location ---
   at Microsoft.AspNetCore.Mvc.Testing.DeferredHostBuilder.DeferredHost.StartAsync(CancellationToken cancellationToken)
   at Microsoft.Extensions.Hosting.HostingAbstractionsHostExtensions.Start(IHost host)
   at Microsoft.AspNetCore.Mvc.Testing.WebApplicationFactory`1.CreateHost(IHostBuilder builder)
   at Microsoft.AspNetCore.Mvc.Testing.WebApplicationFactory`1.ConfigureHostBuilder(IHostBuilder hostBuilder)
   at Microsoft.AspNetCore.Mvc.Testing.WebApplicationFactory`1.StartServer()
   at Microsoft.AspNetCore.Mvc.Testing.WebApplicationFactory`1.get_Services()
   at Erp.Testing.ErpTestEnvironment.SeedAsync(TestDatabaseServer server, String database, SeedPlan plan, IDictionary`2 settings) in /home/shan/critic/p02-tenancy-r6-plants/tests/Erp.Testing/ErpTestEnvironment.cs:line 128
   at Erp.Testing.ErpTestEnvironment.SeedAsync(TestDatabaseServer server, String database, SeedPlan plan, IDictionary`2 settings) in /home/shan/critic/p02-tenancy-r6-plants/tests/Erp.Testing/ErpTestEnvironment.cs:line 138
   at Erp.Testing.ErpTestEnvironment.<>c__DisplayClass34_0.<<StartGateAsync>b__0>d.MoveNext() in /home/shan/critic/p02-tenancy-r6-plants/tests/Erp.Testing/ErpTestEnvironment.cs:line 90
--- End of stack trace from previous location ---
   at Erp.Testing.TestDatabaseServer.<>c__DisplayClass25_0.<<GateTemplateAsync>b__3>d.MoveNext() in /home/shan/critic/p02-tenancy-r6-plants/tests/Erp.Testing/TestDatabaseServer.cs:line 160
--- End of stack trace from previous location ---
   at Erp.Testing.TestDatabaseServer.GateTemplateAsync(IDictionary`2 settings, Func`2 seed) in /home/shan/critic/p02-tenancy-r6-plants/tests/Erp.Testing/TestDatabaseServer.cs:line 165
   at Erp.Testing.ErpTestEnvironment.StartGateAsync(IDictionary`2 settings) in /home/shan/critic/p02-tenancy-r6-plants/tests/Erp.Testing/ErpTestEnvironment.cs:line 87
   at Erp.Gates.Tests.Infrastructure.GateFixture.InitializeAsync() in /home/shan/critic/p02-tenancy-r6-plants/tests/Erp.Gates.Tests/Infrastructure/GateFixture.cs:line 17
  Failed Erp.Gates.Tests.G1.G1HttpIsolationTests.Tenant_A_cannot_reach_tenant_B_through_any_endpoint [1 ms]
  Error Message:
   Assembly fixture type 'Erp.Gates.Tests.Infrastructure.GateFixture' threw in InitializeAsync
---- System.InvalidOperationException : Endpoint authorisation is incomplete:
HTTP: PUT /api/tenancy/tenant => UpdateTenant: declares no permission
  Stack Trace:
  
----- Inner Stack Trace -----
   at Erp.Kernel.Hosting.ErpPlatform.ValidateEndpoints(WebApplication app) in /home/shan/critic/p02-tenancy-r6-plants/src/Kernel/Erp.Kernel/Hosting/ErpPlatform.cs:line 236
   at Erp.Kernel.Hosting.ErpPlatform.UseErpPlatform(WebApplication app) in /home/shan/critic/p02-tenancy-r6-plants/src/Kernel/Erp.Kernel/Hosting/ErpPlatform.cs:line 202
   at Program.<Main>$(String[] args) in /home/shan/critic/p02-tenancy-r6-plants/src/Host/Erp.Host/Program.cs:line 8
   at Program.<Main>(String[] args)
   at System.Reflection.MethodBaseInvoker.InterpretedInvoke_Method(Object obj, IntPtr* args)
   at System.Reflection.MethodBaseInvoker.InvokeDirectByRefWithFewArgs(Object obj, Span`1 copyOfArgs, BindingFlags invokeAttr)
--- End of stack trace from previous location ---
   at Microsoft.AspNetCore.Mvc.Testing.DeferredHostBuilder.DeferredHost.StartAsync(CancellationToken cancellationToken)
   at Microsoft.Extensions.Hosting.HostingAbstractionsHostExtensions.Start(IHost host)
   at Microsoft.AspNetCore.Mvc.Testing.WebApplicationFactory`1.CreateHost(IHostBuilder builder)
   at Microsoft.AspNetCore.Mvc.Testing.WebApplicationFactory`1.ConfigureHostBuilder(IHostBuilder hostBuilder)
   at Microsoft.AspNetCore.Mvc.Testing.WebApplicationFactory`1.StartServer()
   at Microsoft.AspNetCore.Mvc.Testing.WebApplicationFactory`1.get_Services()
   at Erp.Testing.ErpTestEnvironment.SeedAsync(TestDatabaseServer server, String database, SeedPlan plan, IDictionary`2 settings) in /home/shan/critic/p02-tenancy-r6-plants/tests/Erp.Testing/ErpTestEnvironment.cs:line 128
   at Erp.Testing.ErpTestEnvironment.SeedAsync(TestDatabaseServer server, String database, SeedPlan plan, IDictionary`2 settings) in /home/shan/critic/p02-tenancy-r6-plants/tests/Erp.Testing/ErpTestEnvironment.cs:line 138
   at Erp.Testing.ErpTestEnvironment.<>c__DisplayClass34_0.<<StartGateAsync>b__0>d.MoveNext() in /home/shan/critic/p02-tenancy-r6-plants/tests/Erp.Testing/ErpTestEnvironment.cs:line 90
--- End of stack trace from previous location ---
   at Erp.Testing.TestDatabaseServer.<>c__DisplayClass25_0.<<GateTemplateAsync>b__3>d.MoveNext() in /home/shan/critic/p02-tenancy-r6-plants/tests/Erp.Testing/TestDatabaseServer.cs:line 160
--- End of stack trace from previous location ---
   at Erp.Testing.TestDatabaseServer.GateTemplateAsync(IDictionary`2 settings, Func`2 seed) in /home/shan/critic/p02-tenancy-r6-plants/tests/Erp.Testing/TestDatabaseServer.cs:line 165
   at Erp.Testing.ErpTestEnvironment.StartGateAsync(IDictionary`2 settings) in /home/shan/critic/p02-tenancy-r6-plants/tests/Erp.Testing/ErpTestEnvironment.cs:line 87
   at Erp.Gates.Tests.Infrastructure.GateFixture.InitializeAsync() in /home/shan/critic/p02-tenancy-r6-plants/tests/Erp.Gates.Tests/Infrastructure/GateFixture.cs:line 17
  Failed Erp.Gates.Tests.G1.G1TenantSourceTests.The_scanner_catches_every_planted_bypass [1 ms]
  Error Message:
   Assembly fixture type 'Erp.Gates.Tests.Infrastructure.GateFixture' threw in InitializeAsync
---- System.InvalidOperationException : Endpoint authorisation is incomplete:
HTTP: PUT /api/tenancy/tenant => UpdateTenant: declares no permission
  Stack Trace:
  
----- Inner Stack Trace -----
   at Erp.Kernel.Hosting.ErpPlatform.ValidateEndpoints(WebApplication app) in /home/shan/critic/p02-tenancy-r6-plants/src/Kernel/Erp.Kernel/Hosting/ErpPlatform.cs:line 236
   at Erp.Kernel.Hosting.ErpPlatform.UseErpPlatform(WebApplication app) in /home/shan/critic/p02-tenancy-r6-plants/src/Kernel/Erp.Kernel/Hosting/ErpPlatform.cs:line 202
   at Program.<Main>$(String[] args) in /home/shan/critic/p02-tenancy-r6-plants/src/Host/Erp.Host/Program.cs:line 8
   at Program.<Main>(String[] args)
   at System.Reflection.MethodBaseInvoker.InterpretedInvoke_Method(Object obj, IntPtr* args)
   at System.Reflection.MethodBaseInvoker.InvokeDirectByRefWithFewArgs(Object obj, Span`1 copyOfArgs, BindingFlags invokeAttr)
--- End of stack trace from previous location ---
   at Microsoft.AspNetCore.Mvc.Testing.DeferredHostBuilder.DeferredHost.StartAsync(CancellationToken cancellationToken)
   at Microsoft.Extensions.Hosting.HostingAbstractionsHostExtensions.Start(IHost host)
   at Microsoft.AspNetCore.Mvc.Testing.WebApplicationFactory`1.CreateHost(IHostBuilder builder)
   at Microsoft.AspNetCore.Mvc.Testing.WebApplicationFactory`1.ConfigureHostBuilder(IHostBuilder hostBuilder)
   at Microsoft.AspNetCore.Mvc.Testing.WebApplicationFactory`1.StartServer()
   at Microsoft.AspNetCore.Mvc.Testing.WebApplicationFactory`1.get_Services()
   at Erp.Testing.ErpTestEnvironment.SeedAsync(TestDatabaseServer server, String database, SeedPlan plan, IDictionary`2 settings) in /home/shan/critic/p02-tenancy-r6-plants/tests/Erp.Testing/ErpTestEnvironment.cs:line 128
   at Erp.Testing.ErpTestEnvironment.SeedAsync(TestDatabaseServer server, String database, SeedPlan plan, IDictionary`2 settings) in /home/shan/critic/p02-tenancy-r6-plants/tests/Erp.Testing/ErpTestEnvironment.cs:line 138
   at Erp.Testing.ErpTestEnvironment.<>c__DisplayClass34_0.<<StartGateAsync>b__0>d.MoveNext() in /home/shan/critic/p02-tenancy-r6-plants/tests/Erp.Testing/ErpTestEnvironment.cs:line 90
--- End of stack trace from previous location ---
   at Erp.Testing.TestDatabaseServer.<>c__DisplayClass25_0.<<GateTemplateAsync>b__3>d.MoveNext() in /home/shan/critic/p02-tenancy-r6-plants/tests/Erp.Testing/TestDatabaseServer.cs:line 160
--- End of stack trace from previous location ---
   at Erp.Testing.TestDatabaseServer.GateTemplateAsync(IDictionary`2 settings, Func`2 seed) in /home/shan/critic/p02-tenancy-r6-plants/tests/Erp.Testing/TestDatabaseServer.cs:line 165
   at Erp.Testing.ErpTestEnvironment.StartGateAsync(IDictionary`2 settings) in /home/shan/critic/p02-tenancy-r6-plants/tests/Erp.Testing/ErpTestEnvironment.cs:line 87
   at Erp.Gates.Tests.Infrastructure.GateFixture.InitializeAsync() in /home/shan/critic/p02-tenancy-r6-plants/tests/Erp.Gates.Tests/Infrastructure/GateFixture.cs:line 17
  Failed Erp.Gates.Tests.G1.G1TenantSourceTests.Only_reviewed_files_choose_a_tenant_or_step_around_the_unit_of_work [1 ms]
  Error Message:
   Assembly fixture type 'Erp.Gates.Tests.Infrastructure.GateFixture' threw in InitializeAsync
---- System.InvalidOperationException : Endpoint authorisation is incomplete:
HTTP: PUT /api/tenancy/tenant => UpdateTenant: declares no permission
  Stack Trace:
  
----- Inner Stack Trace -----
   at Erp.Kernel.Hosting.ErpPlatform.ValidateEndpoints(WebApplication app) in /home/shan/critic/p02-tenancy-r6-plants/src/Kernel/Erp.Kernel/Hosting/ErpPlatform.cs:line 236
   at Erp.Kernel.Hosting.ErpPlatform.UseErpPlatform(WebApplication app) in /home/shan/critic/p02-tenancy-r6-plants/src/Kernel/Erp.Kernel/Hosting/ErpPlatform.cs:line 202
   at Program.<Main>$(String[] args) in /home/shan/critic/p02-tenancy-r6-plants/src/Host/Erp.Host/Program.cs:line 8
   at Program.<Main>(String[] args)
   at System.Reflection.MethodBaseInvoker.InterpretedInvoke_Method(Object obj, IntPtr* args)
   at System.Reflection.MethodBaseInvoker.InvokeDirectByRefWithFewArgs(Object obj, Span`1 copyOfArgs, BindingFlags invokeAttr)
--- End of stack trace from previous location ---
   at Microsoft.AspNetCore.Mvc.Testing.DeferredHostBuilder.DeferredHost.StartAsync(CancellationToken cancellationToken)
   at Microsoft.Extensions.Hosting.HostingAbstractionsHostExtensions.Start(IHost host)
   at Microsoft.AspNetCore.Mvc.Testing.WebApplicationFactory`1.CreateHost(IHostBuilder builder)
   at Microsoft.AspNetCore.Mvc.Testing.WebApplicationFactory`1.ConfigureHostBuilder(IHostBuilder hostBuilder)
   at Microsoft.AspNetCore.Mvc.Testing.WebApplicationFactory`1.StartServer()
   at Microsoft.AspNetCore.Mvc.Testing.WebApplicationFactory`1.get_Services()
   at Erp.Testing.ErpTestEnvironment.SeedAsync(TestDatabaseServer server, String database, SeedPlan plan, IDictionary`2 settings) in /home/shan/critic/p02-tenancy-r6-plants/tests/Erp.Testing/ErpTestEnvironment.cs:line 128
   at Erp.Testing.ErpTestEnvironment.SeedAsync(TestDatabaseServer server, String database, SeedPlan plan, IDictionary`2 settings) in /home/shan/critic/p02-tenancy-r6-plants/tests/Erp.Testing/ErpTestEnvironment.cs:line 138
   at Erp.Testing.ErpTestEnvironment.<>c__DisplayClass34_0.<<StartGateAsync>b__0>d.MoveNext() in /home/shan/critic/p02-tenancy-r6-plants/tests/Erp.Testing/ErpTestEnvironment.cs:line 90
--- End of stack trace from previous location ---
   at Erp.Testing.TestDatabaseServer.<>c__DisplayClass25_0.<<GateTemplateAsync>b__3>d.MoveNext() in /home/shan/critic/p02-tenancy-r6-plants/tests/Erp.Testing/TestDatabaseServer.cs:line 160
--- End of stack trace from previous location ---
   at Erp.Testing.TestDatabaseServer.GateTemplateAsync(IDictionary`2 settings, Func`2 seed) in /home/shan/critic/p02-tenancy-r6-plants/tests/Erp.Testing/TestDatabaseServer.cs:line 165
   at Erp.Testing.ErpTestEnvironment.StartGateAsync(IDictionary`2 settings) in /home/shan/critic/p02-tenancy-r6-plants/tests/Erp.Testing/ErpTestEnvironment.cs:line 87
   at Erp.Gates.Tests.Infrastructure.GateFixture.InitializeAsync() in /home/shan/critic/p02-tenancy-r6-plants/tests/Erp.Gates.Tests/Infrastructure/GateFixture.cs:line 17

Test Run Failed.
Total tests: 40
     Failed: 40
 Total time: 5.8555 Seconds
rc=1 secs=7
