verify-slot: slot 1 of 2 taken at 2026-10-09T12:57:24Z after waiting 0 s; time the run from here
[1m[1/3] Side by side: .NET build and tests | web and comparison harness | clean stack, then end-to-end[0m
[e2e] [1mClean stack: build, migrate, seed, serve (project c-p00-foundation-r8-verify, port 20060)[0m
[e2e] [1mBuilding the application image[0m
[e2e]  Image erp-app:c-p00-foundation-r8-verify Building 
[e2e] #1 [internal] load local bake definitions
[e2e] #1 reading from stdin 679B done
[e2e] #1 DONE 0.0s
[e2e] 
[e2e] #2 [internal] load build definition from Dockerfile
[e2e] #2 transferring dockerfile: 2.14kB done
[e2e] #2 DONE 0.1s
[e2e] 
[e2e] #3 resolve image config for docker-image://docker.io/docker/dockerfile:1
[web] 
[web] [1m== Copying sources (without build output)[0m
[dotnet] 
[dotnet] [1m== Copying sources (without build output)[0m
[dotnet] 
[dotnet] [1m== .NET: restore and build (warnings are errors)[0m
[web] 
[web] [1m== Web: install, type-check, string gate, unit tests, build[0m
[e2e] #3 DONE 1.3s
[e2e] 
[e2e] #4 docker-image://docker.io/docker/dockerfile:1@sha256:4edf897a3ffa55b89f906fc8cc78afdb3f1834cc9c7083565e611a8a7d5fe99e
[e2e] #4 resolve docker.io/docker/dockerfile:1@sha256:4edf897a3ffa55b89f906fc8cc78afdb3f1834cc9c7083565e611a8a7d5fe99e 0.0s done
[e2e] #4 CACHED
[e2e] 
[e2e] #5 [internal] load metadata for mcr.microsoft.com/dotnet/aspnet:10.0
[e2e] #5 DONE 0.3s
[e2e] 
[e2e] #6 [internal] load metadata for mcr.microsoft.com/dotnet/sdk:10.0
[e2e] #6 DONE 0.3s
[e2e] 
[e2e] #7 [internal] load metadata for docker.io/library/node:22-alpine
[e2e] #7 DONE 1.1s
[e2e] 
[e2e] #8 [internal] load .dockerignore
[e2e] #8 transferring context: 187B done
[e2e] #8 DONE 0.1s
[e2e] 
[e2e] #9 [build 1/7] FROM mcr.microsoft.com/dotnet/sdk:10.0@sha256:e70cdb7f80b0348f5cb85f19a8f670fca061f033d57eed12fa003d58b0e06317
[e2e] #9 resolve mcr.microsoft.com/dotnet/sdk:10.0@sha256:e70cdb7f80b0348f5cb85f19a8f670fca061f033d57eed12fa003d58b0e06317 0.1s done
[e2e] #9 DONE 0.1s
[e2e] 
[e2e] #10 [web 1/6] FROM docker.io/library/node:22-alpine@sha256:0a7108bf6c7bf5de370ffb1a3ed6be93d405b43ff159f681a8d18c0e2bc2e402
[e2e] #10 resolve docker.io/library/node:22-alpine@sha256:0a7108bf6c7bf5de370ffb1a3ed6be93d405b43ff159f681a8d18c0e2bc2e402 0.1s done
[e2e] #10 DONE 0.1s
[e2e] 
[e2e] #11 [stage-3 1/4] FROM mcr.microsoft.com/dotnet/aspnet:10.0@sha256:222759b391a1aaf241166672c8f99b2d4ada452e7b5319f3c6e8f265a37b5ad4
[e2e] #11 resolve mcr.microsoft.com/dotnet/aspnet:10.0@sha256:222759b391a1aaf241166672c8f99b2d4ada452e7b5319f3c6e8f265a37b5ad4 0.1s done
[e2e] #11 DONE 0.1s
[e2e] 
[e2e] #12 [internal] load build context
[e2e] #12 transferring context: 3.10MB 0.0s done
[e2e] #12 DONE 0.1s
[e2e] 
[e2e] #10 [web 1/6] FROM docker.io/library/node:22-alpine@sha256:0a7108bf6c7bf5de370ffb1a3ed6be93d405b43ff159f681a8d18c0e2bc2e402
[e2e] #10 CACHED
[e2e] 
[e2e] #13 [web 2/6] WORKDIR /web
[e2e] #13 CACHED
[e2e] 
[e2e] #14 [web 3/6] COPY web/package.json web/package-lock.json ./
[e2e] #14 CACHED
[e2e] 
[e2e] #15 [web 4/6] RUN --mount=type=secret,id=extra_ca,target=/run/secrets/extra_ca --mount=type=cache,target=/root/.npm     if [ -s /run/secrets/extra_ca ]; then export NODE_EXTRA_CA_CERTS=/run/secrets/extra_ca; fi;     npm ci --no-audit --no-fund
[e2e] #15 CACHED
[e2e] 
[e2e] #16 [strings 2/3] COPY web/src/modules/ /modules/
[e2e] #16 DONE 0.1s
[e2e] 
[e2e] #17 [web 5/6] COPY web/ ./
[e2e] #17 DONE 0.1s
[e2e] 
[e2e] #18 [web 6/6] RUN npm run check && npm run build
[e2e] #18 ...
[e2e] 
[e2e] #19 [strings 3/3] RUN cd /modules && mkdir /strings && for d in */i18n; do mkdir -p "/strings/$d" && cp "$d"/*.json "/strings/$d/"; done
[e2e] #19 DONE 0.4s
[e2e] 
[e2e] #18 [web 6/6] RUN npm run check && npm run build
[web] 
[web] added 59 packages in 3s
[e2e] #18 0.921 
[e2e] #18 0.921 > erp-web@0.1.0 check
[e2e] #18 0.921 > node scripts/check-strings.mjs && node scripts/check-a11y.mjs
[e2e] #18 0.921 
[e2e] #18 2.157 String check passed: 71 source files, 705 keys in English and Arabic, 70 plural messages.
[e2e] #18 3.713 Accessibility check passed: 1054 JSX elements checked.
[e2e] #18 3.769 npm notice
[e2e] #18 3.769 npm notice New major version of npm available! 10.9.9 -> 12.2.0
[e2e] #18 3.769 npm notice Changelog: https://github.com/npm/cli/releases/tag/v12.2.0
[e2e] #18 3.769 npm notice To update run: npm install -g npm@12.2.0
[e2e] #18 3.769 npm notice
[e2e] #18 4.003 
[e2e] #18 4.003 > erp-web@0.1.0 build
[e2e] #18 4.003 > tsc -b && vite build
[e2e] #18 4.003 
[web] String check passed: 71 source files, 705 keys in English and Arabic, 70 plural messages.
[web] Accessibility check passed: 1054 JSX elements checked.
[web] 
[web] [1m[46m RUN [49m[22m [36mv4.0.18 [39m[90m/work/web[39m
[web] 
[web]  [32m✓[39m src/modules/identity/model.test.ts [2m([22m[2m14 tests[22m[2m)[22m[32m 30[2mms[22m[39m
[web]  [32m✓[39m src/kernel/lists/model.test.ts [2m([22m[2m16 tests[22m[2m)[22m[32m 43[2mms[22m[39m
[web]  [32m✓[39m src/modules/reports/ReportsPage.test.tsx [2m([22m[2m7 tests[22m[2m)[22m[33m 498[2mms[22m[39m
[web]      [33m[2m✓[22m[39m runs a report with its parameters and draws an Arabic document right to left on an English screen; the address keeps the choice [33m 321[2mms[22m[39m
[web] [90mstderr[2m | src/kernel/forms/forms.test.tsx[2m > [22m[2mthe record form[2m > [22m[2mtracks unsaved changes, guards leaving, saves with Ctrl+S and maps the server's field errors to their fields
[web] [22m[39mAn update to RecordForm inside a test was not wrapped in act(...).
[web] 
[web] When testing, code that causes React state updates should be wrapped into act(...):
[web] 
[web] act(() => {
[web]   /* fire events that update state */
[web] });
[web] /* assert on the output */
[web] 
[web] This ensures that you're testing the behavior the user would see in the browser. Learn more at https://react.dev/link/wrap-tests-with-act
[web] 
[web] [90mstderr[2m | src/kernel/forms/forms.test.tsx[2m > [22m[2mthe record form[2m > [22m[2masks in the same dialog whichever way the user leaves: a menu link saves and then leaves, or discards and leaves
[web] [22m[39mAn update to RecordForm inside a test was not wrapped in act(...).
[web] 
[web] When testing, code that causes React state updates should be wrapped into act(...):
[web] 
[web] act(() => {
[web]   /* fire events that update state */
[web] });
[web] /* assert on the output */
[web] 
[web] This ensures that you're testing the behavior the user would see in the browser. Learn more at https://react.dev/link/wrap-tests-with-act
[web] 
[web] [90mstderr[2m | src/kernel/forms/forms.test.tsx[2m > [22m[2mthe record form[2m > [22m[2masks in the same dialog whichever way the user leaves: a menu link saves and then leaves, or discards and leaves
[web] [22m[39mAn update to RecordForm inside a test was not wrapped in act(...).
[web] 
[web] When testing, code that causes React state updates should be wrapped into act(...):
[web] 
[web] act(() => {
[web]   /* fire events that update state */
[web] });
[web] /* assert on the output */
[web] 
[web] This ensures that you're testing the behavior the user would see in the browser. Learn more at https://react.dev/link/wrap-tests-with-act
[web] 
[web]  [32m✓[39m src/kernel/forms/forms.test.tsx [2m([22m[2m15 tests[22m[2m)[22m[33m 1011[2mms[22m[39m
[web]      [33m[2m✓[22m[39m tracks unsaved changes, guards leaving, saves with Ctrl+S and maps the server's field errors to their fields [33m 396[2mms[22m[39m
[web]  [32m✓[39m src/modules/tenancy/WorkplaceSwitcher.test.tsx [2m([22m[2m5 tests[22m[2m)[22m[33m 1049[2mms[22m[39m
[web]      [33m[2m✓[22m[39m shows the working company and branch, and switches by keyboard: Alt+C, type, Enter [33m 566[2mms[22m[39m
[web]  [32m✓[39m src/modules/shell/SignInPasskey.test.tsx [2m([22m[2m5 tests[22m[2m)[22m[33m 362[2mms[22m[39m
[web]  [32m✓[39m src/modules/tenancy/BranchesPage.test.tsx [2m([22m[2m3 tests[22m[2m)[22m[33m 1427[2mms[22m[39m
[web]      [33m[2m✓[22m[39m shows each branch's company by code and name, groups by company with those labels and offers the companies as filter choices [33m 901[2mms[22m[39m
[web]      [33m[2m✓[22m[39m lists users with the companies they may work in (branch counts where limited to branches) [33m 397[2mms[22m[39m
[web]  [32m✓[39m src/modules/shell/SignInPage.test.tsx [2m([22m[2m19 tests[22m[2m)[22m[33m 1466[2mms[22m[39m
[web]      [33m[2m✓[22m[39m starts in Arabic, right to left, when the device prefers Arabic [33m 442[2mms[22m[39m
[web]  [32m✓[39m src/kernel/historyGuard.test.ts [2m([22m[2m13 tests[22m[2m)[22m[32m 36[2mms[22m[39m
[web]  [32m✓[39m src/modules/tenancy/AccessPage.test.tsx [2m([22m[2m3 tests[22m[2m)[22m[33m 1492[2mms[22m[39m
[web]      [33m[2m✓[22m[39m says why a stronger user's access is read-only and offers no way to change it [33m 445[2mms[22m[39m
[web]      [33m[2m✓[22m[39m lets a branch-limited manager give only their own branch [33m 577[2mms[22m[39m
[web]      [33m[2m✓[22m[39m says when another administrator saved first and reloads their change on request [33m 461[2mms[22m[39m
[web]  [32m✓[39m src/kernel/shortcuts.test.tsx [2m([22m[2m8 tests[22m[2m)[22m[32m 66[2mms[22m[39m
[web]  [32m✓[39m src/kernel/preferences.test.ts [2m([22m[2m8 tests[22m[2m)[22m[32m 299[2mms[22m[39m
[web]  [32m✓[39m src/kernel/signInAddress.test.ts [2m([22m[2m5 tests[22m[2m)[22m[32m 33[2mms[22m[39m
[web]  [32m✓[39m src/kernel/format.test.ts [2m([22m[2m8 tests[22m[2m)[22m[32m 248[2mms[22m[39m
[web]  [32m✓[39m src/modules/tenancy/CompaniesPage.test.tsx [2m([22m[2m8 tests[22m[2m)[22m[33m 3101[2mms[22m[39m
[web]      [33m[2m✓[22m[39m creates a company from the keyboard (Alt+N, type, Ctrl+S), shows server validation, then adds its first branch with Enter [33m 1195[2mms[22m[39m
[web]      [33m[2m✓[22m[39m keeps the new company's branch line, and what is typed in it, right after the save: the saved answer is the record, not read again (p01 round 6 health check) [33m 432[2mms[22m[39m
[web]      [33m[2m✓[22m[39m keeps a branch just added when the branches read on opening the form answers after it (a busy server) [33m 327[2mms[22m[39m
[web]  [32m✓[39m src/kernel/print.test.tsx [2m([22m[2m3 tests[22m[2m)[22m[32m 52[2mms[22m[39m
[web]  [32m✓[39m src/kernel/lists/format.test.ts [2m([22m[2m4 tests[22m[2m)[22m[32m 4[2mms[22m[39m
[web]  [32m✓[39m src/test/keySweepCoverage.test.ts [2m([22m[2m7 tests[22m[2m)[22m[32m 17[2mms[22m[39m
[web]  [32m✓[39m src/kernel/router.test.ts [2m([22m[2m2 tests[22m[2m)[22m[32m 18[2mms[22m[39m
[web]  [32m✓[39m src/kernel/extensions.test.ts [2m([22m[2m4 tests[22m[2m)[22m[32m 6[2mms[22m[39m
[web]  [32m✓[39m src/kernel/i18n.test.ts [2m([22m[2m7 tests[22m[2m)[22m[32m 47[2mms[22m[39m
[web]  [32m✓[39m src/modules/shell/paletteSearch.test.ts [2m([22m[2m4 tests[22m[2m)[22m[32m 15[2mms[22m[39m
[web]  [32m✓[39m src/kernel/session.test.ts [2m([22m[2m2 tests[22m[2m)[22m[32m 4[2mms[22m[39m
[web]  [32m✓[39m src/kernel/api.test.ts [2m([22m[2m2 tests[22m[2m)[22m[32m 45[2mms[22m[39m
[web]  [32m✓[39m src/kernel/messageFormat.test.ts [2m([22m[2m5 tests[22m[2m)[22m[32m 72[2mms[22m[39m
[e2e] #18 26.75 vite v7.3.6 building client environment for production...
[web]  [32m✓[39m src/modules/shell/AppShell.test.tsx [2m([22m[2m20 tests[22m[2m)[22m[33m 5833[2mms[22m[39m
[web]      [33m[2m✓[22m[39m opens with Ctrl+K, finds a screen as the user types, and opens it with Enter [33m 869[2mms[22m[39m
[web]      [33m[2m✓[22m[39m finds an English screen by its Arabic name and records through module sources [33m 637[2mms[22m[39m
[web]      [33m[2m✓[22m[39m ends a source's records with 'show all matches', which opens the list narrowed to the query [33m 656[2mms[22m[39m
[web]      [33m[2m✓[22m[39m finds a role by its English or Arabic name and opens it in the roles list (critic p04 round 4) [33m 500[2mms[22m[39m
[web]      [33m[2m✓[22m[39m never asks the roles, companies or branches sources without their read permissions [33m 354[2mms[22m[39m
[web]      [33m[2m✓[22m[39m finds companies and branches by code and opens the record in its list, in Arabic too [33m 498[2mms[22m[39m
[web]      [33m[2m✓[22m[39m offers a user with no roles no screens and never asks a record source they may not use [33m 400[2mms[22m[39m
[web]      [33m[2m✓[22m[39m closes with Escape and gives the focus back [33m 748[2mms[22m[39m
[web]      [33m[2m✓[22m[39m shows Arabic-Indic digits on Arabic screens when the user chooses them [33m 380[2mms[22m[39m
[e2e] #18 26.85 transforming...
[web]  [32m✓[39m src/kernel/lists/ListView.test.tsx [2m([22m[2m19 tests[22m[2m)[22m[33m 6550[2mms[22m[39m
[web]      [33m[2m✓[22m[39m shows the first rows with their count and puts the cursor in the search box [33m 555[2mms[22m[39m
[web]      [33m[2m✓[22m[39m searches as the user types and opens the only match with Enter [33m 486[2mms[22m[39m
[web]      [33m[2m✓[22m[39m closes an open record with Escape wherever the focus is on the page [33m 438[2mms[22m[39m
[web]      [33m[2m✓[22m[39m lists a search best match first and opens the best match with Enter [33m 737[2mms[22m[39m
[web]      [33m[2m✓[22m[39m waits for a just-applied search's own rows before Enter opens the best match [33m 1034[2mms[22m[39m
[web]      [33m[2m✓[22m[39m keeps the default order and Enter's usual meaning when the server did not rank a broad search [33m 439[2mms[22m[39m
[web]      [33m[2m✓[22m[39m keeps a sort chosen from the header while searching [33m 556[2mms[22m[39m
[web]      [33m[2m✓[22m[39m sorts from the header and filters from the column menu [33m 421[2mms[22m[39m
[web]  [32m✓[39m src/kernel/forms/keyboardPermissions.test.tsx [2m([22m[2m5 tests[22m[2m)[22m[33m 12051[2mms[22m[39m
[web]      [33m[2m✓[22m[39m an existing record: no key sends anything but reads [33m 4354[2mms[22m[39m
[web]      [33m[2m✓[22m[39m a new record the user may not create: no key sends anything [33m 3836[2mms[22m[39m
[web]      [33m[2m✓[22m[39m the control: the same sweep on an editable form finds the save keys' writes [33m 3785[2mms[22m[39m
[e2e] #18 33.69 ✓ 112 modules transformed.
[web]  [32m✓[39m src/modules/tenancy/screens.test.tsx [2m([22m[2m60 tests[22m[2m)[22m[33m 13645[2mms[22m[39m
[web]      [33m[2m✓[22m[39m companies: with every tenancy permission, every action is offered [33m 978[2mms[22m[39m
[web]      [33m[2m✓[22m[39m companies: without tenancy.access.read, exactly the actions that need it disappear [33m 473[2mms[22m[39m
[web]      [33m[2m✓[22m[39m companies: without tenancy.access.update, exactly the actions that need it disappear [33m 493[2mms[22m[39m
[web]      [33m[2m✓[22m[39m companies: without tenancy.companies.create, exactly the actions that need it disappear [33m 485[2mms[22m[39m
[web]      [33m[2m✓[22m[39m companies: without tenancy.tenant.update, exactly the actions that need it disappear [33m 430[2mms[22m[39m
[web]      [33m[2m✓[22m[39m companies: without tenancy.workplace.read, exactly the actions that need it disappear [33m 541[2mms[22m[39m
[web]      [33m[2m✓[22m[39m branches: without tenancy.companies.read, exactly the actions that need it disappear [33m 327[2mms[22m[39m
[web]      [33m[2m✓[22m[39m access: without tenancy.companies.create, exactly the actions that need it disappear [33m 440[2mms[22m[39m
[web]      [33m[2m✓[22m[39m access: without tenancy.workplace.switch, exactly the actions that need it disappear [33m 428[2mms[22m[39m
[web]      [33m[2m✓[22m[39m tenant: without tenancy.access.read, exactly the actions that need it disappear [33m 494[2mms[22m[39m
[web]      [33m[2m✓[22m[39m companies and branches: the new-record key opens nothing without the create permission [33m 740[2mms[22m[39m
[e2e] #18 34.76 rendering chunks...
[e2e] #18 34.77 computing gzip size...
[e2e] #18 34.80 dist/index.html                                                   0.49 kB │ gzip:   0.30 kB
[e2e] #18 34.80 dist/assets/noto-sans-arabic-arabic-wght-normal-BhzieyvS.woff2  165.96 kB
[e2e] #18 34.80 dist/assets/index-C5vVYhyY.css                                   36.97 kB │ gzip:   7.79 kB
[e2e] #18 34.80 dist/assets/index-DqihsOEX.js                                   531.82 kB │ gzip: 152.62 kB
[e2e] #18 34.80 
[e2e] #18 34.80 (!) Some chunks are larger than 400 kB after minification. Consider:
[e2e] #18 34.80 - Using dynamic import() to code-split the application
[e2e] #18 34.80 - Use build.rollupOptions.output.manualChunks to improve chunking: https://rollupjs.org/configuration-options/#output-manualchunks
[e2e] #18 34.80 - Adjust chunk size limit for this warning via build.chunkSizeWarningLimit.
[e2e] #18 34.80 ✓ built in 8.02s
[e2e] #18 DONE 35.1s
[e2e] 
[e2e] #20 [build 6/7] COPY --from=strings /strings/ web/src/modules/
[e2e] #20 CACHED
[e2e] 
[e2e] #21 [stage-3 2/4] WORKDIR /app
[e2e] #21 CACHED
[e2e] 
[e2e] #22 [build 2/7] WORKDIR /src
[e2e] #22 CACHED
[e2e] 
[e2e] #23 [build 3/7] COPY global.json Directory.Build.props Directory.Packages.props ./
[e2e] #23 CACHED
[e2e] 
[e2e] #24 [build 4/7] COPY src/ src/
[e2e] #24 CACHED
[e2e] 
[e2e] #25 [build 7/7] RUN --mount=type=cache,target=/root/.nuget/packages dotnet publish src/Host/Erp.Host/Erp.Host.csproj -c Release -o /app --no-restore
[e2e] #25 CACHED
[e2e] 
[e2e] #26 [stage-3 3/4] COPY --from=build /app ./
[e2e] #26 CACHED
[e2e] 
[e2e] #27 [build 5/7] RUN --mount=type=secret,id=extra_ca,target=/run/secrets/extra_ca --mount=type=cache,target=/root/.nuget/packages     if [ -s /run/secrets/extra_ca ]; then cat /run/secrets/extra_ca >>/etc/ssl/certs/ca-certificates.crt; fi;     dotnet restore src/Host/Erp.Host/Erp.Host.csproj
[e2e] #27 CACHED
[e2e] 
[e2e] #28 [stage-3 4/4] COPY --from=web /web/dist ./wwwroot
[e2e] #28 CACHED
[e2e] 
[e2e] #29 exporting to image
[e2e] #29 exporting layers done
[e2e] #29 exporting manifest sha256:4c6d19fd5bad32221e097d85ca15227716be756e7060e74621735a0d3df10b65 0.0s done
[e2e] #29 exporting config sha256:2561c6a7ef678ad80e707e06b2c27b8a97b9ce6ab7fb5e434e3f383ca1377764 0.0s done
[e2e] #29 exporting attestation manifest sha256:7df9e1b8a9d57bf4260194b423ae5f49ad4d727b27da929af458f8f2014d690f
[e2e] #29 exporting attestation manifest sha256:7df9e1b8a9d57bf4260194b423ae5f49ad4d727b27da929af458f8f2014d690f 0.2s done
[e2e] #29 exporting manifest list sha256:79d6ef5257cfd0454515227a388e0c9773725c2cfb5ac3e211b4eea38a0c20d9
[e2e] #29 exporting manifest list sha256:79d6ef5257cfd0454515227a388e0c9773725c2cfb5ac3e211b4eea38a0c20d9 0.2s done
[e2e] #29 naming to docker.io/library/erp-app:c-p00-foundation-r8-verify
[e2e] #29 naming to docker.io/library/erp-app:c-p00-foundation-r8-verify 0.0s done
[e2e] #29 unpacking to docker.io/library/erp-app:c-p00-foundation-r8-verify
[web]  [32m✓[39m src/modules/identity/screens.test.tsx [2m([22m[2m72 tests[22m[2m)[22m[33m 15950[2mms[22m[39m
[web]      [33m[2m✓[22m[39m creates an invited user from the keyboard: n, local part only, a role by filter, Ctrl+Enter, and shows the set-up code once [33m 1559[2mms[22m[39m
[web]      [33m[2m✓[22m[39m creates a user with a role in one company, the companies they work in and where they start [33m 522[2mms[22m[39m
[web]      [33m[2m✓[22m[39m creates a user with a role in one company, the companies they work in and where they start, and says so when the access is refused [33m 901[2mms[22m[39m
[web]      [33m[2m✓[22m[39m deactivates the chosen users from the keyboard selection, skips those already inactive and reports what the API refused [33m 403[2mms[22m[39m
[web]      [33m[2m✓[22m[39m activates only inactive users [33m 332[2mms[22m[39m
[web]      [33m[2m✓[22m[39m changes nothing and keeps the chosen rows when the confirmation is cancelled with Escape [33m 417[2mms[22m[39m
[web]      [33m[2m✓[22m[39m asks in Arabic, right to left, with Arabic buttons, on an Arabic screen [33m 362[2mms[22m[39m
[web]        [33m[2m✓[22m[39m deactivates every matching user in one request with the list's search, filter and count, after a confirmation [33m 588[2mms[22m[39m
[web]        [33m[2m✓[22m[39m changes nothing and keeps the selection when the confirmation is cancelled [33m 379[2mms[22m[39m
[web]        [33m[2m✓[22m[39m shows the API's reason when the matching rows changed meanwhile [33m 550[2mms[22m[39m
[web]      [33m[2m✓[22m[39m ticks only the permissions a search matches: 'view' then Select all shown gives a view-only role [33m 328[2mms[22m[39m
[web]      [33m[2m✓[22m[39m roles: without identity.roles.delete there is no "Delete role", and the other role actions remain [33m 493[2mms[22m[39m
[web]      [33m[2m✓[22m[39m users: someone whose role grants tenancy.tenant.read is read-only to a user holding every identity permission [33m 343[2mms[22m[39m
[web]      [33m[2m✓[22m[39m roles: a role granting tenancy.tenant.read is read-only to a user holding every identity permission [33m 441[2mms[22m[39m
[web]      [33m[2m✓[22m[39m roles: a role granting lists.views.share is read-only to a user holding every identity permission [33m 392[2mms[22m[39m
[web]      [33m[2m✓[22m[39m users: someone whose role grants ledger.entries.post is read-only to a user holding every identity permission [33m 335[2mms[22m[39m
[web]      [33m[2m✓[22m[39m roles: a role granting ledger.entries.post is read-only to a user holding every identity permission [33m 303[2mms[22m[39m
[e2e] #29 unpacking to docker.io/library/erp-app:c-p00-foundation-r8-verify 2.7s done
[e2e] #29 DONE 3.4s
[e2e] 
[e2e] #30 resolving provenance for metadata file
[e2e] #30 DONE 0.0s
[e2e]  Image erp-app:c-p00-foundation-r8-verify Built 
[e2e] [1mStarting PostgreSQL, setting up the database (roles, migrations, seed: 2000 users) and serving[0m
[e2e]  Network c-p00-foundation-r8-verify_default Creating 
[e2e]  Network c-p00-foundation-r8-verify_default Created 
[e2e]  Volume c-p00-foundation-r8-verify_db-data Creating 
[e2e]  Volume c-p00-foundation-r8-verify_db-data Created 
[e2e]  Container c-p00-foundation-r8-verify-db-1 Creating 
[e2e]  Container c-p00-foundation-r8-verify-db-1 Created 
[e2e]  Container c-p00-foundation-r8-verify-db-1 Starting 
[e2e]  Container c-p00-foundation-r8-verify-db-1 Started 
[e2e]  Container c-p00-foundation-r8-verify-db-1 Waiting 
[dotnet] 
[dotnet] Build succeeded.
[dotnet]     0 Warning(s)
[dotnet]     0 Error(s)
[dotnet] 
[dotnet] Time Elapsed 00:00:50.70
[dotnet] 
[dotnet] [1m== .NET: unit, integration (Testcontainers PostgreSQL) and gate tests[0m
[web]  [32m✓[39m src/modules/tenancy/keyboard.test.tsx [2m([22m[2m8 tests[22m[2m)[22m[33m 34527[2mms[22m[39m
[web]      [33m[2m✓[22m[39m /tenancy/companies?open=c9: no key, and no control the keyboard reaches, sends anything but reads or opens a new record [33m 7125[2mms[22m[39m
[web]      [33m[2m✓[22m[39m /tenancy/branches?open=b1: no key, and no control the keyboard reaches, sends anything but reads or opens a new record [33m 4263[2mms[22m[39m
[web]      [33m[2m✓[22m[39m /tenancy/access?open=u2: no key, and no control the keyboard reaches, sends anything but reads or opens a new record [33m 3834[2mms[22m[39m
[web]      [33m[2m✓[22m[39m /tenancy/tenant: no key, and no control the keyboard reaches, sends anything but reads or opens a new record [33m 2013[2mms[22m[39m
[web]      [33m[2m✓[22m[39m /tenancy/companies: no key, and no control the keyboard reaches, sends anything but reads or opens a new record [33m 5244[2mms[22m[39m
[web]      [33m[2m✓[22m[39m /tenancy/branches: no key, and no control the keyboard reaches, sends anything but reads or opens a new record [33m 4444[2mms[22m[39m
[web]      [33m[2m✓[22m[39m the control: the same sweep for a user who may change companies finds the save keys' writes [33m 4384[2mms[22m[39m
[web]      [33m[2m✓[22m[39m /tenancy/access?open=u2 for a user who may change access, on a user the server marks read-only (one holding more): no key writes [33m 3218[2mms[22m[39m
[e2e]  Container c-p00-foundation-r8-verify-db-1 Healthy 
[e2e]  Container c-p00-foundation-r8-verify-db-1 Running 
[e2e]  Container c-p00-foundation-r8-verify-setup-1 Creating 
[e2e]  Container c-p00-foundation-r8-verify-setup-1 Created 
[e2e] Attaching to setup-1
[e2e]  Container c-p00-foundation-r8-verify-db-1 Waiting 
[e2e]  Container c-p00-foundation-r8-verify-db-1 Healthy 
[e2e]  Container c-p00-foundation-r8-verify-setup-1 Starting 
[web]  [32m✓[39m src/modules/identity/keyboard.test.tsx [2m([22m[2m5 tests[22m[2m)[22m[33m 36927[2mms[22m[39m
[web]      [33m[2m✓[22m[39m /identity/users?open=u1: no key, and no control the keyboard reaches, sends anything but reads or opens a new record [33m 10629[2mms[22m[39m
[web]      [33m[2m✓[22m[39m /identity/roles?open=r-clerk: no key, and no control the keyboard reaches, sends anything but reads or opens a new record [33m 8553[2mms[22m[39m
[web]      [33m[2m✓[22m[39m /identity/users: no key, and no control the keyboard reaches, sends anything but reads or opens a new record [33m 7673[2mms[22m[39m
[web]      [33m[2m✓[22m[39m /identity/roles: no key, and no control the keyboard reaches, sends anything but reads or opens a new record [33m 5715[2mms[22m[39m
[web]      [33m[2m✓[22m[39m the control: every row chosen shows the selection bar, and an editor's sweep finds the bulk deactivation [33m 4316[2mms[22m[39m
[e2e]  Container c-p00-foundation-r8-verify-setup-1 Started 
[e2e] setup-1  | info: Erp.Kernel.Data.DatabaseBootstrap[0]
[e2e] setup-1  |       Creating database erp
[e2e] setup-1  | info: Erp.Kernel.Data.DatabaseMigrator[0]
[e2e] setup-1  |       Migrating KernelDbContext: 4 pending
[web]  [32m✓[39m src/modules/shell/clientIsolation.test.tsx [2m([22m[2m7 tests[22m[2m)[22m[33m 42925[2mms[22m[39m
[web]      [33m[2m✓[22m[39m tenant A sees, and the tab keeps, nothing of tenant B after B signs out [33m 21318[2mms[22m[39m
[web]      [33m[2m✓[22m[39m in Arabic with Arabic-Indic digits, tenant A sees, and the tab keeps, nothing of tenant B after B signs out [33m 20093[2mms[22m[39m
[web]      [33m[2m✓[22m[39m an address someone types or follows is kept, and stamped for the person in the tab [33m 402[2mms[22m[39m
[web]      [33m[2m✓[22m[39m signing out forgets every cookie the document can read, whatever its path, and the tab's window name [33m 483[2mms[22m[39m
[web]      [33m[2m✓[22m[39m a session that ends by itself (401) starts over and forgets the person, keeping only the e-mail [33m 353[2mms[22m[39m
[web] 
[web] [2m Test Files [22m [1m[32m33 passed[39m[22m[90m (33)[39m
[web] [2m      Tests [22m [1m[32m373 passed[39m[22m[90m (373)[39m
[web] [2m   Start at [22m 12:57:44
[web] [2m   Duration [22m 48.25s[2m (transform 11.52s, setup 1.57s, import 33.99s, tests 179.85s, environment 40.45s)[22m
[web] 
[web] JSON report written to /out/vitest.json
[e2e] setup-1  | info: Erp.Kernel.Data.DatabaseMigrator[0]
[e2e] setup-1  |       Migrating TenancyDbContext: 6 pending
[e2e] setup-1  | info: Erp.Kernel.Data.DatabaseMigrator[0]
[e2e] setup-1  |       Migrating IdentityDbContext: 9 pending
[e2e] setup-1  | info: Erp.Kernel.Data.DatabaseMigrator[0]
[e2e] setup-1  |       Migrating ListsDbContext: 1 pending
[e2e] setup-1  | info: Erp.Kernel.Seeding.SeedRunner[0]
[e2e] setup-1  |       Seeded tenant alnoor (Demo) in 6209 ms
[e2e] setup-1  | info: Erp.Kernel.Seeding.SeedRunner[0]
[e2e] setup-1  |       Seeded tenant gulfsteel (Demo) in 1159 ms
[e2e] setup-1  | info: Erp.Kernel.Data.DatabaseMigrator[0]
[e2e] setup-1  |       Refreshed statistics and index lists in 1012 ms
[e2e] [Ksetup-1 exited with code 0
[e2e]  Compose Stopping Aborting on container exit...
[e2e]  Container c-p00-foundation-r8-verify-setup-1 Stopping 
[e2e]  Container c-p00-foundation-r8-verify-setup-1 Stopped 
[e2e]  Container c-p00-foundation-r8-verify-db-1 Running 
[e2e]  Container c-p00-foundation-r8-verify-app-1 Creating 
[e2e]  Container c-p00-foundation-r8-verify-app-1 Created 
[e2e]  Container c-p00-foundation-r8-verify-db-1 Waiting 
[e2e]  Container c-p00-foundation-r8-verify-db-1 Healthy 
[e2e]  Container c-p00-foundation-r8-verify-setup-1 Starting 
[e2e]  Container c-p00-foundation-r8-verify-setup-1 Started 
[e2e]  Container c-p00-foundation-r8-verify-setup-1 Waiting 
[e2e]  Container c-p00-foundation-r8-verify-setup-1 Exited 
[e2e]  Container c-p00-foundation-r8-verify-app-1 Starting 
[e2e]  Container c-p00-foundation-r8-verify-app-1 Started 
[web] control: the gate passes on the unplanted product
[web] P9-storage: caught (signing out leaves the person's localStorage entries behind)
[web] P9-email: caught (signing out keeps the signed-out person's e-mail on the sign-in screen)
[web] P9: caught (palette answers cached at module level by query, never cleared at sign-out)
[web] C2: caught (the last record opened from the palette kept in a cookie (path=/), and signing out does not forget cookies)
[web] P9-scoped: caught (identity-scoped caches are not emptied when the identity ends)
[web] P9-session-storage: caught (signing out leaves sessionStorage behind)
[web] C1: caught (palette answers kept in the tab's window.name, and signing out does not reset it)
[web] H1: caught (the history guard trusts every entry: Back into the signed-out person's address opens it)
[web] H2: caught (Back and reload are trusted like a typed address)
[web] H3: caught (the history epoch survives the end of an identity (sessionStorage cleared except the epoch))
[web] C2-path: caught (the record cookie scoped to the screen's path (/identity), and signing out forgets cookies only at /)
[web] H4: caught (inside a document, Back to an entry of another identity is not checked)
[web] client isolation gate self-test: 12 plants, all caught
[web] control: the gate passes on the unplanted product
[web] U1: caught (New role offered without identity.roles.create)
[web] U1-users: caught (New user offered without identity.users.create)
[web] U1-shortcut: caught (Alt+N opens a new role without identity.roles.create)
[web] U-delete: caught (Delete role offered without identity.roles.delete (critic p03 round 1))
[web] U-copy: caught (Copy role offered for a role granting more than the user holds)
[web] U2: caught (A user's grants compared only on identity permissions (critic p03 round 3))
[web] U-unreadable: caught (Roles the screen cannot read counted as within the signed-in user (critic p03 round 5: a clerk offered Save on the Administrator))
[web] U2-roles: caught (A role's grants compared only on identity permissions)
[web] U-company-roles: caught (Roles held in one company left out of what a user holds)
[web] U-elsewhere: caught (A user holding roles in companies the signed-in user does not work in treated as editable)
[web] identity screens permission gate self-test: 10 plants, all caught
[web] control: the gate passes on the unplanted product
[web] U1: caught (company logo upload and remove offered without tenancy.companies.update)
[web] U2: caught (the company's branch line offered without tenancy.branches.create)
[web] U2-new: caught (New branch (button and Alt+N) offered without tenancy.branches.create)
[web] U-company-new: caught (New company (button and Alt+N) offered without tenancy.companies.create)
[web] P3b: caught (the company form editable for everyone (critic p06 round 1's plant: canEdit true))
[web] U-company-save: caught (the company form editable and saved without tenancy.companies.update)
[web] U-company-address: caught (the company's address editable without tenancy.companies.update (its fields ignore the form's read-only state))
[web] U-company-some-branches: caught (the company record editable by someone who works in only some of its branches)
[web] U-logo-some-branches: caught (the company logo changeable by someone who works in only some of its branches)
[web] U-branchline-some-branches: caught (the company's branch line offered to someone who works in only some of its branches (critic p02 round 4))
[web] U-newbranch-some-branches: caught (New branch offered to someone who works in only some branches of every company (critic p02 round 4))
[web] U-branchcode-some-branches: caught (a branch code editable by someone who works in only some branches of its company (critic p02 round 4))
[web] P3b-branch: caught (the branch form editable for everyone (P3b on the branch screen))
[web] U-branch-save: caught (the branch form editable and saved without tenancy.branches.update)
[web] P3b-access: caught (the company access form saveable for everyone (P3b on the access screen))
[web] U-access-save: caught (company access editable and saved without tenancy.access.update)
[web] U-access-stronger: caught (company access of a user the server marks read-only offered for change)
[web] U-access-boxes: caught (the company and branch boxes of a read-only access form left changeable)
[web] U-tenant-save: caught (workspace settings editable and saved without tenancy.tenant.update)
[web] U-tenant-some-companies: caught (workspace settings offered to someone who works in only some companies or branches (critic p02 round 6))
[web] P3b-tenant: caught (the workspace settings form shown and editable for everyone (P3b on the workspace screen))
[web] tenancy screens permission gate self-test: 21 plants, all caught
[web] control: the gate passes on the unplanted product
[web] W1: caught (the record form editable, with Save, for a read-only user (critic p06 round 2))
[web] W2: caught (Ctrl+S left on for a read-only user and save() not checking the permission (critic p06 round 2))
[web] W2-enter: caught (Ctrl+Enter left on for a read-only user and save() not checking the permission)
[web] W2-sheet: caught (the save keys offered to a read-only user in the shortcut sheet (save() still refuses))
[web] W2-discard: caught (the discard key offered to a read-only user in the shortcut sheet)
[web] W-leave: caught (Escape on a read-only record asks to save it, and 'Save and close' saves it)
[web] W-new: caught (a new record editable and saved by a user who may not create it)
[web] K-roles-n: caught (the roles screen's plain n opens a new role for a user who may not create roles)
[web] K-users-alt-n: caught (Alt+N opens a new user for a user who may not create users)
[web] K-branches-alt-n: caught (Alt+N opens a new branch for a user who may not create branches)
[web] K-bulk: caught (the list's bulk actions offered on chosen rows without their permission (users: deactivate))
[web] K-company-form: caught (the company form editable for a user who may only read it: its save keys write)
[web] K-access-form: caught (a user's company access editable though the server marks it read-only: its save keys write)
[web] K-role-form: caught (a role editable for a user who may only read roles: its save keys write)
[web] K-user-form: caught (a user editable for a user who may only read users: its save keys write)
[web] K-sign-out-everywhere: caught (End every session of a user offered to a user who may only read users)
[web] K-unblock: caught (Unblock sign-ins offered to a user who may only read users)
[web] screen permission gate by keyboard, self-test: 17 plants, all caught
[web] vite v7.3.6 building client environment for production...
[web] transforming...
[web] ✓ 112 modules transformed.
[web] rendering chunks...
[web] computing gzip size...
[web] dist/index.html                                                   0.49 kB │ gzip:   0.30 kB
[web] dist/assets/noto-sans-arabic-arabic-wght-normal-BhzieyvS.woff2  165.96 kB
[web] dist/assets/index-C5vVYhyY.css                                   36.97 kB │ gzip:   7.79 kB
[web] dist/assets/index-DqihsOEX.js                                   531.82 kB │ gzip: 152.62 kB
[web] 
[web] (!) Some chunks are larger than 400 kB after minification. Consider:
[web] - Using dynamic import() to code-split the application
[web] - Use build.rollupOptions.output.manualChunks to improve chunking: https://rollupjs.org/configuration-options/#output-manualchunks
[web] - Adjust chunk size limit for this warning via build.chunkSizeWarningLimit.
[web] ✓ built in 4.81s
[web] 
[web] [1m== Comparison harness (gauntlet/compare): install and unit tests[0m
[web] 
[web] added 2 packages in 1s
[web] ✔ add-rate: the Odoo baseline was produced by the current driver and its counts follow from its steps (28.688167ms)
[web] ✔ api-update-user: the Odoo baseline was produced by the current driver and its counts follow from its steps (7.798094ms)
[web] ✔ arabic-report: the Odoo baseline was produced by the current driver and its counts follow from its steps (10.553744ms)
[web] ✔ attach-file: the Odoo baseline was produced by the current driver and its counts follow from its steps (5.426007ms)
[web] ✔ configure-sequence: the Odoo baseline was produced by the current driver and its counts follow from its steps (44.193176ms)
[web] ✔ create-company-branch: the Odoo baseline was produced by the current driver and its counts follow from its steps (23.690357ms)
[web] ✔ create-restricted-user: the Odoo baseline was produced by the current driver and its counts follow from its steps (7.114874ms)
[web] ✔ custom-field-filter: the Odoo baseline was produced by the current driver and its counts follow from its steps (5.151346ms)
[web] ✔ edit-and-save: the Odoo baseline was produced by the current driver and its counts follow from its steps (7.3655ms)
[web] ✔ export-filtered-list: the Odoo baseline was produced by the current driver and its counts follow from its steps (9.674194ms)
[web] ✔ find-record: the Odoo baseline was produced by the current driver and its counts follow from its steps (7.736225ms)
[web] ✔ find-user: the Odoo baseline was produced by the current driver and its counts follow from its steps (4.869188ms)
[web] ✔ follow-approval: the Odoo baseline was produced by the current driver and its counts follow from its steps (5.808225ms)
[web] ✔ import-5000: the Odoo baseline was produced by the current driver and its counts follow from its steps (7.442957ms)
[web] ✔ keyboard-navigation: the Odoo baseline was produced by the current driver and its counts follow from its steps (3.953738ms)
[web] ✔ print-list-arabic: the Odoo baseline was produced by the current driver and its counts follow from its steps (4.83394ms)
[web] ✔ reach-screen-keyboard: the Odoo baseline was produced by the current driver and its counts follow from its steps (8.699759ms)
[web] ✔ see-and-rerun-job: the Odoo baseline was produced by the current driver and its counts follow from its steps (5.046743ms)
[web] ✔ sign-in: the Odoo baseline was produced by the current driver and its counts follow from its steps (8.802312ms)
[web] ✔ switch-company: the Odoo baseline was produced by the current driver and its counts follow from its steps (7.221154ms)
[web] ✔ switch-to-arabic: the Odoo baseline was produced by the current driver and its counts follow from its steps (4.30598ms)
[web] ✔ who-changed-field: the Odoo baseline was produced by the current driver and its counts follow from its steps (6.321117ms)
[web] ✔ screenshot names are random and never name a product (20.852266ms)
[web] ✔ revealsProduct catches product names in any case (0.355758ms)
[web] ✔ both products have a branding profile; extra brand words are added (0.725363ms)
[web] ✔ the demo data's company names and codes are masked in both products (round 3 blindness finding) (0.305931ms)
[web] ✔ letters A and B are assigned at random (0.987551ms)
[web] ✔ committed Odoo baseline screenshots have neutral names and the key lives outside the shots folder (1.674639ms)
[web] ✔ the blind review page shows neutral captions, never the moments a driver named (14.460022ms)
[web] ✔ a placeholder naming the vendor is cleared, not painted over (0.577767ms)
[web] ✔ a side-by-side folder keeps the blind part (shots, review page) apart from the key and results (511.922228ms)
[web] ✔ side by side, the products run in a random order per task (6.102344ms)
[web] ✔ identity codes are masked wherever they stand in a text: a workspace label, an e-mail domain (round 5 blindness finding) (3134.976077ms)
[web] ✔ every product's shots mask every product's demo names and codes (round 7: the same sign-in showed in one product and was masked in the other) (1969.156649ms)
[web] ✔ a name cut short by its list cell is painted over within the cell, not across the next column, and every masked cell edge to edge (round 7, p02 critic: rows looked misaligned around a masked name) (1933.928163ms)
[web] ✔ --list prints every task (741.664352ms)
[web] ✔ bad arguments fail with usage (1724.784171ms)
[web] ✔ one command runs a task on our product and writes a result JSON (6852.860097ms)
[web] ✔ the blind review page shows A and B only and keeps the mapping in key.json (27.833196ms)
[web] ✔ ours wins only when strictly lower on every metric (3.191901ms)
[web] ✔ a tie is a loss (0.639878ms)
[web] ✔ zero rule: a count metric on which both score exactly 0 is left out, neither a tie nor a win; the rest decides (1.118289ms)
[web] ✔ zero rule: only both exactly 0; 0 against anything else is compared as usual (0.260452ms)
[web] ✔ zero rule: count metrics only; a time metric equal on both sides still ties, even at 0, and the tie is a loss (0.346492ms)
[web] ✔ zero rule: any other tie is still a loss, beside a metric left out (0.323516ms)
[web] ✔ zero rule: when every metric ties the task is a loss, with or without metrics left out (0.426278ms)
[web] ✔ zero rule: the comparison output names the metrics left out, in its fields and in words (3.014833ms)
[web] ✔ whole paths: ours wins only when one of its paths beats the reference on every metric by itself (1.4088ms)
[web] ✔ whole paths: over repeats each path is judged on the medians of its own times (0.677692ms)
[web] ✔ an unbuilt or failed product is never a win (0.225062ms)
[web] ✔ median of repeated runs uses the median machine seconds (0.218921ms)
[web] ✔ the generator is deterministic: a fresh run reproduces the shared files byte for byte (4474.253607ms)
[web] ✔ volumes match the bar: 100,000 contacts, users and rates; 5,000 import rows (390.063293ms)
[web] ✔ the needle name occurs exactly once and the import file has plain headers (162.304839ms)
[web] ✔ the generator keeps rates as fixed six-decimal strings (12.219312ms)
[web] ✔ the random source is seeded (0.343864ms)
[web] ✔ every driver imports only the fixture clients and Node file helpers, and runs no unreadable code (338.167917ms)
[web] ✔ the driver lint catches planted escapes (15.071528ms)
[web] ✔ an error before the measured part keeps the address, the console and a screenshot outside blind/ (4308.924385ms)
[web] ✔ an error in the reference folder records the address and console but writes no screenshot there (3408.699154ms)
[web] ✔ a verified run records no failure capture (4134.687663ms)
[web] ✔ control: an honest driver verifies; reading and locating are allowed while measured (3747.650112ms)
[web] ✔ plant: typing through ctx.page.keyboard -> the run is invalid, never verified (3111.126824ms)
[web] ✔ plant: pressing a key through op.page.keyboard -> the run is invalid, never verified (3654.585744ms)
[web] ✔ plant: clicking a locator directly -> the run is invalid, never verified (3234.601511ms)
[web] ✔ plant: filling a field directly -> the run is invalid, never verified (7061.744393ms)
[web] ✔ plant: the mouse -> the run is invalid, never verified (9421.937429ms)
[web] ✔ plant: a deep link (goto) -> the run is invalid, never verified (5025.6224ms)
[web] ✔ plant: a reload -> the run is invalid, never verified (3670.884ms)
[web] ✔ plant: page script that clicks (evaluate) -> the run is invalid, never verified (4573.819212ms)
[web] ✔ plant: locator script that clicks (locator.evaluate) -> the run is invalid, never verified (3876.080071ms)
[web] ✔ plant: a condition that clicks -> the run is invalid, never verified (4100.803214ms)
[web] ✔ plant: a condition that sets a value -> the run is invalid, never verified (3720.10063ms)
[web] ✔ plant: a condition that changes the page -> the run is invalid, never verified (3779.688826ms)
[web] ✔ plant: a condition that defers an action (setTimeout) -> the run is invalid, never verified (4017.430626ms)
[web] ✔ plant: an asynchronous condition -> the run is invalid, never verified (5404.303111ms)
[web] ✔ plant: a condition that navigates -> the run is invalid, never verified (3698.750594ms)
[web] ✔ plant: a condition that calls the back end from the page -> the run is invalid, never verified (4489.196425ms)
[web] ✔ plant: a back-end call from the harness (fetch) -> the run is invalid, never verified (4550.61097ms)
[web] ✔ plant: a back-end call from the harness (http.request) -> the run is invalid, never verified (3851.970489ms)
[web] ✔ plant: a second page in the same context -> the run is invalid, never verified (3399.595204ms)
[web] ✔ plant: a new browser context -> the run is invalid, never verified (4073.437447ms)
[web] ✔ plant: the page request context (page.request) -> the run is invalid, never verified (2973.505016ms)
[web] ✔ plant: reaching a browser-driver internal (_mainFrame) -> the run is invalid, never verified (2291.117638ms)
[web] ✔ plant: closing the page (Symbol.asyncDispose) -> the run is invalid, never verified (3365.306152ms)
[web] ✔ plant: an action whose refusal the driver swallows -> the run is invalid, never verified (3550.622371ms)
[web] ✔ plant: a keyboard kept from set-up and used while measured is refused (2634.228865ms)
[web] ✔ plant: an internal channel kept from set-up is refused there too (3726.579146ms)
[web] ✔ plant: a driver cannot stop the clock, drop steps or reach the raw page (3040.720652ms)
[web] ✔ plant: browserKey refuses an action passed by the driver (3160.731511ms)
[web] ✔ plant: the guard controls cannot be claimed by a driver (1.065963ms)
[web] ✔ set-up may act on the product but never run page script; verify() only reads (3489.397388ms)
[web] ✔ plant U1 (round 3): page script installed during sign-in to act in the measured part -> invalid (6199.066249ms)
[web] ✔ plant U1b (round 3): a listener installed through a locator in set-up -> invalid (4100.191316ms)
[web] ✔ plant U2 (round 3): an init script added to the context in set-up (an F9 that does the task) -> invalid (6805.094519ms)
[web] ✔ plant U2b (round 3): exposed functions, routes and extra headers made in set-up -> invalid (13014.696594ms)
[web] ✔ plant U3 (round 3): even a script that escaped the guard would not survive: the start page is a fresh context (4934.94533ms)
[web] ✔ plant H2 (round 3): the start state is checked: a field the product refills from what sign-in typed -> invalid (2566.960096ms)
[web] ✔ plant H2b (round 3): a start screen that carries state in its address -> invalid (1447.186723ms)
[web] ✔ plant H2c (round 3): a task already done by set-up before the clock -> invalid (2378.14822ms)
[web] ✔ plant V1 (round 3): verify() that acts on the page -> invalid (3852.44232ms)
[web] ✔ plant V2 (round 3): verify() that changes the product through the back end -> invalid (3286.598087ms)
[web] ✔ plant S1 (round 3): a newline inside op.type (Enter without a step) -> invalid (3360.464195ms)
[web] ✔ plant K1 (round 3): a driver that declares chain to drop mental preparation -> invalid (3540.529737ms)
[web] ✔ plant T1 (round 3): screenshots while the product works neither hide its time nor go undeclared (12554.072174ms)
[web] ✔ the real ours sign-in driver verifies on a stand-in sign-in page (14929.451621ms)
[web] ✔ the whole-e-mail path fails on a sign-in screen that does not move on by itself (no password typed into the e-mail field) (8765.418996ms)
[web] ✔ plant H1 (round 2): the ours sign-in driver types the password through ctx.page.keyboard -> invalid (8557.001336ms)
[web] ✔ plant K1 (round 3, the real driver): the ours sign-in driver with every step declared chained -> invalid (12856.318217ms)
[web] ✔ plant K1 on the passkey path (round 8): the confirmation on the device declared chained -> invalid (5413.099819ms)
[web] ✔ the real ours find-user driver verifies on a stand-in users screen (4769.362909ms)
[web] ✔ plant H2 (round 3, the real driver): ours find-user signs in, opens Users and types the name before the clock -> never a 1-step win (12385.349336ms)
[web] ✔ an API task counts each request, and its screenshots show the neutral request transcript (2901.544607ms)
[web] ✔ plant: signing in to the API inside the measured part is refused (2850.921592ms)
[web] ✔ plant P1 (round 4): an action left pending in a second browser context from set-up -> never verified (8530.686941ms)
[web] ✔ plant P2 (round 4): launching another browser in set-up -> invalid (1021.157689ms)
[web] ✔ plant P3 (round 4): a browser-wide debugging session or trace from set-up -> invalid (1914.693286ms)
[web] ✔ plant L1 (round 4): set-up changes where the product opens (a home preference) -> invalid (2681.473123ms)
[web] ✔ plant L2 (round 4): a list start whose address names the task's data -> invalid (4970.875559ms)
[web] ✔ control (round 4): a home start that lands on the home, with set-up contexts of its own, still verifies (3822.027335ms)
[web] ✔ plant C1 (round 4): text copied to the clipboard in set-up and pasted while measured -> invalid (11446.012679ms)
[web] ✔ control (round 4): text copied inside the measured part may be pasted (3397.645987ms)
[web] ✔ a run that fails in set-up records what the page showed (critic p04 round 4: an intermittent sign-in wait left nothing to read) (2116.955861ms)
[web] ✔ control (round 5): the honest path on the slow page waits for the 2 s answer (5319.913355ms)
[web] ✔ plant T2 (round 5): run() returns after the click and verify() waits for the end state -> invalid (3142.257447ms)
[web] ✔ plant T2b (round 5): run() returns after the click and verify() reads once -> the screen is frozen as the clock stopped (9732.235455ms)
[web] ✔ plant T2g (round 5): run() returns while a save is still under way and verify() reads the back end -> the save is on the clock (4340.71395ms)
[web] ✔ control (round 5): images and reads still loading when run() returns are not waited for (2465.261559ms)
[web] ✔ plant T2c (round 5): a save committed after its answer, and verify() polls the back end until it shows -> invalid (3205.685649ms)
[web] ✔ plant T2d (round 5): a request the page sends 600 ms after the click cannot finish after the clock stops (7756.513472ms)
[web] ✔ plant T2h (round 6): verify() that polls is refused on arrival, before the clock as well as after it -> invalid, quickly (4705.550538ms)
[web] ✔ plant T2f (round 5): verify() that sleeps on a timer, or polls a slow read with varied requests -> invalid (11210.480752ms)
[web] ✔ plant T2e (round 5): verify() that waits with ctx.until or waitForURL -> invalid (8679.163883ms)
[web] ✔ plant U4 (round 5): a fetch captured when the driver module loads, used while measured -> invalid (2382.774785ms)
[web] ✔ plant U5 (round 5): process.getBuiltinModule reaches child_process or net while measured -> invalid, nothing sent (9935.938113ms)
[web] ✔ plant U5b (round 5): every other way out of the driver process is refused, in set-up too -> invalid (29201.145416ms)
[web] ✔ plant U5c (round 5): the driver process cannot write outside its scratch folder, itself or through the harness (5451.522207ms)
[web] ✔ plant U5d (round 5): a timer left by set-up that calls the back end while measured -> invalid (6133.24412ms)
[web] ✔ plant U5h (round 5): a slow back-end call set-up leaves running lands before the clock, never inside it -> invalid (4189.983715ms)
[web] ✔ plant U5i (round 5): page script smuggled as a crafted function text cannot run outside the sentinel -> invalid (5324.648713ms)
[web] ✔ plant U5j (round 5): set-up leaves a request of Playwright's own HTTP client running -> invalid (2755.500336ms)
[web] ✔ plant U5k (round 5): an API session with a header that changes what a typed request does -> invalid (778.967902ms)
[web] ✔ plant U5e (round 5): no driver module runs in the harness process, and its clock is out of the driver's reach (4716.421651ms)
[web] ✔ plant U5f (round 5): a driver object handed straight to execute() is refused, never measured (0.495585ms)
[web] ✔ plant U5g (round 5, the real driver): ours api-update-user sends its PUT through a child process -> invalid, nothing sent (4455.212563ms)
[web] ✔ plant C2 (round 5): ControlOrMeta+v: text copied in set-up is pasted while measured -> invalid (2818.426091ms)
[web] ✔ plant C3 (round 5): an empty copy, then Control+v: text copied in set-up is pasted while measured -> invalid (3453.176915ms)
[web] ✔ plant C4 (round 5): Control+KeyV: text copied in set-up is pasted while measured -> invalid (2829.2217ms)
[web] ✔ plant C5 (round 5): control+V written in other cases: text copied in set-up is pasted while measured -> invalid (2414.64954ms)
[web] ✔ plant C6 (round 5): Shift+Control+v: text copied in set-up is pasted while measured -> invalid (2949.168888ms)
[web] ✔ control (round 5): the clipboard is empty at the start, whatever set-up copied (3136.700289ms)
[web] ✔ KLM (round 5): typing right after an Enter that opened a new screen starts with a mental step (3433.34339ms)
[web] ✔ operator times are the published Card, Moran and Newell averages (1.681112ms)
[web] ✔ typing counts one key per character plus Shift for capitals and symbols (1.866914ms)
[web] ✔ a chord counts each key in it (0.276047ms)
[web] ✔ a click is M + P + BB, with homing when the hand comes from the keyboard (0.409487ms)
[web] ✔ a chained step has no mental preparation (0.177766ms)
[web] ✔ the operator starts with the hand on the mouse (0.192855ms)
[web] ✔ file picks are modelled as a double click (0.269384ms)
[web] ✔ totals for a short path add up (0.65265ms)
[web] ✔ unknown step kinds are rejected (4.987682ms)
[web] ✔ a scroll is a mouse step modelled like a click (0.345192ms)
[web] ✔ continuation is derived from the steps: typing after a click on its field, after a key; Enter after typing or an arrow (0.397884ms)
[web] ✔ plant K1 (round 3): a chain flag written on a step changes nothing; only the sequence counts (0.214638ms)
[web] ✔ round 5: no step continues one that began on another screen (a key that opened a new screen, then typing) (1.747961ms)
[web] ✔ every npm dependency of the harness is under an allowed licence (1.221528ms)
[web] ✔ dependencies are pinned to exact versions (0.66571ms)
[web] ✔ steps, keystrokes and waits are counted the same way every time (1862.90713ms)
[web] ✔ choosing a file counts the dialog click and the pick (883.259982ms)
[web] ✔ a step before start() is refused (396.665867ms)
[web] ✔ blind screenshots paint branding over, go grey, and leave title and favicon neutral (1230.57547ms)
[web] ✔ a screenshot after the end of a task never shortens the measured time (1049.332832ms)
[web] ✔ round 3 fault T1: a screenshot taken while measuring stays on the clock (it cannot hide the product working) (1216.558117ms)
[web] ✔ round 2 fault: the done screenshot after finish() leaves machine seconds unchanged (1227.150271ms)
[web] ✔ while measuring, only the moments the task declares are shot, each once; their time stays on the clock (907.456532ms)
[web] ✔ round 3 fault S1: op.type refuses control characters (a newline would press Enter without a step) (654.086656ms)
[web] ✔ round 3 fault K1: a driver cannot declare continuation (chain) or pass options that act uncounted (594.322126ms)
[web] ✔ an API request is one step whose keystrokes are the request typed plus Enter (588.037151ms)
[web] ✔ a wait condition works on a page whose content security policy forbids eval (our product) (631.009868ms)
[web] ✔ round 5: paste and copy chords are read as the keys they press, whatever their spelling (1.050412ms)
[web] ✔ a screenshot the browser fails to take ends the run: it is tried once, never again on the clock (round 6) (637.51185ms)
[web] ✔ passkey: set-up makes a passkey at once; measured, the request waits for the person, and confirming is one step with no keystroke (922.133401ms)
[web] ✔ passkey: the device follows the person to a fresh browser, and the page cannot answer for the person (1046.487617ms)
[web] ✔ passkey: confirming is refused without a device, and fails when the product never asks (1300.194456ms)
[web] ✔ every driver imports only the fixture clients and Node file helpers, and runs no unreadable code (494.635336ms)
[web] ✔ the driver lint catches planted escapes (4.704452ms)
[web] ✔ the source check accepts page functions that only read, every driver's among them (55.223412ms)
[web] ✔ the source check refuses a page function that acts or can act later: an async function (S1) (0.960473ms)
[web] ✔ the source check refuses a page function that acts or can act later: an async function inside a reader (S1, as the critic wrote it) (0.399999ms)
[web] ✔ the source check refuses a page function that acts or can act later: a generator (0.581624ms)
[web] ✔ the source check refuses a page function that acts or can act later: a property write (S2: onfinish) (0.35899ms)
[web] ✔ the source check refuses a page function that acts or can act later: a value write (0.437954ms)
[web] ✔ the source check refuses a page function that acts or can act later: a text write (0.431451ms)
[web] ✔ the source check refuses a page function that acts or can act later: a write to the address (0.626843ms)
[web] ✔ the source check refuses a page function that acts or can act later: an assignment to location itself (0.364521ms)
[web] ✔ the source check refuses a page function that acts or can act later: location.assign (0.326778ms)
[web] ✔ the source check refuses a page function that acts or can act later: location.replace with a javascript: address (0.351305ms)
[web] ✔ the source check refuses a page function that acts or can act later: document.location (0.241611ms)
[web] ✔ the source check refuses a page function that acts or can act later: the address object kept in a name (0.318692ms)
[web] ✔ the source check refuses a page function that acts or can act later: window (0.228626ms)
[web] ✔ the source check refuses a page function that acts or can act later: globalThis (0.197776ms)
[web] ✔ the source check refuses a page function that acts or can act later: self, top, parent, frames (0.276249ms)
[web] ✔ the source check refuses a page function that acts or can act later: this (0.938009ms)
[web] ✔ the source check refuses a page function that acts or can act later: an iframe's window (0.27153ms)
[web] ✔ the source check refuses a page function that acts or can act later: the document's window (0.154361ms)
[web] ✔ the source check refuses a page function that acts or can act later: a computed member name (0.552417ms)
[web] ✔ the source check refuses a page function that acts or can act later: a computed member name (template) (0.244777ms)
[web] ✔ the source check refuses a page function that acts or can act later: a destructured address (0.414288ms)
[web] ✔ the source check refuses a page function that acts or can act later: Object.values (reaches the address) (0.318582ms)
[web] ✔ the source check refuses a page function that acts or can act later: Object.getOwnPropertyDescriptor (0.211412ms)
[web] ✔ the source check refuses a page function that acts or can act later: JSON.stringify with a replacer (0.196233ms)
[web] ✔ the source check refuses a page function that acts or can act later: Reflect (0.178639ms)
[web] ✔ the source check refuses a page function that acts or can act later: eval (0.164631ms)
[web] ✔ the source check refuses a page function that acts or can act later: Function (0.168298ms)
[web] ✔ the source check refuses a page function that acts or can act later: a constructor reached through a function (0.221783ms)
[web] ✔ the source check refuses a page function that acts or can act later: a prototype (0.158148ms)
[web] ✔ the source check refuses a page function that acts or can act later: a promise continuation (0.234177ms)
[web] ✔ the source check refuses a page function that acts or can act later: an object that is a promise (0.30264ms)
[web] ✔ the source check refuses a page function that acts or can act later: an observer (S3) (0.329383ms)
[web] ✔ the source check refuses a page function that acts or can act later: a promise (0.267501ms)
[web] ✔ the source check refuses a page function that acts or can act later: an image (it loads an address) (0.264856ms)
[web] ✔ the source check refuses a page function that acts or can act later: a class (3.63949ms)
[web] ✔ the source check refuses a page function that acts or can act later: a tagged template (4.284562ms)
[web] ✔ the source check refuses a page function that acts or can act later: an import (0.24597ms)
[web] ✔ the source check refuses a page function that acts or can act later: with (5.179208ms)
[web] ✔ the source check refuses a page function that acts or can act later: delete (4.281458ms)
[web] ✔ the source check refuses a page function that acts or can act later: an update of a global (0.426632ms)
[web] ✔ the source check refuses a page function that acts or can act later: a debugger statement (0.35402ms)
[web] ✔ the source check refuses text that is not exactly one function expression (0.434377ms)
[web] ✔ the read world sees the document but not the page's own script world (647.109805ms)
[web] ✔ the read world refuses and reports a click (the product's handler never runs) (962.944755ms)
[web] ✔ the read world refuses and reports focus (1009.16317ms)
[web] ✔ the read world refuses and reports a value (987.711846ms)
[web] ✔ the read world refuses and reports a text change (1301.342212ms)
[web] ✔ the read world refuses and reports an attribute (a javascript: address on a link) (1216.158609ms)
[web] ✔ the read world refuses and reports a new element (1041.774799ms)
[web] ✔ the read world refuses and reports an event (1122.919591ms)
[web] ✔ the read world refuses and reports a form submit (1026.436136ms)
[web] ✔ the read world refuses and reports the network (912.609489ms)
[web] ✔ the read world refuses and reports a timer (816.906417ms)
[web] ✔ the read world refuses and reports a promise continuation (1049.923902ms)
[web] ✔ the read world refuses and reports a promise of a thenable (1200.927921ms)
[web] ✔ the read world refuses and reports an observer (887.68212ms)
[web] ✔ the read world refuses and reports an animation (S2) (1520.149301ms)
[web] ✔ the read world refuses and reports a listener (1144.9558ms)
[web] ✔ the read world refuses and reports a handler property (861.719017ms)
[web] ✔ the read world refuses and reports storage (843.706865ms)
[web] ✔ the read world refuses and reports history (1123.852334ms)
[web] ✔ the read world refuses and reports property values by enumeration (the address among them) (833.226705ms)
[web] ✔ the read world refuses and reports a replacer that sees every value (913.639391ms)
[web] ✔ the read world refuses and reports eval (822.133422ms)
[web] ✔ the read world refuses and reports the Function constructor through a function (1021.485944ms)
[web] ✔ the read world refuses and reports another window through the document (889.118629ms)
[web] ✔ the read world refuses and reports an iframe's own script world (962.786815ms)
[web] ✔ the read world refuses and reports a selection change (971.339985ms)
[web] ✔ the read world refuses and reports a document write (1111.879842ms)
[web] ✔ the read world stays armed after a call returns: what a function scheduled finds every action refused (S1 at its root) (1130.446305ms)
[web] ✔ the read world cannot be re-armed or patched: its prototypes are frozen (786.537583ms)
[web] ✔ the read world lets every kind of read through: queries, XPath, walkers, styles, ranges, text (495.381646ms)
[web] ✔ the read world reports a change it cannot refuse (a data attribute) as a change to the page (460.002115ms)
[web] ✔ a new document gets a new, armed read world (632.8784ms)
[web] ✔ a page function that runs too long is ended (797.482402ms)
[web] ✔ the screen fingerprint sees the text, attributes, values and focus, but not what the blind shot empties (555.991504ms)
[web] ✔ the freeze holds the screen as it was for longer than the product's answer: no late answer, no timer (3771.082041ms)
[web] ✔ control: the honest path verifies (3 steps, 10 keys) (3908.801471ms)
[web] ✔ plant S1: a reader whose native-await continuation fills and saves -> invalid, nothing done (4712.629044ms)
[web] ✔ plant S2: a condition that schedules the work through an animation callback -> invalid, nothing done (5360.16143ms)
[web] ✔ plant S3: a reader that leaves an observer to act on the next change -> invalid, nothing done (4901.425281ms)
[web] ✔ plant a javascript: address set by a condition (it would run later in the page's own world) -> invalid, nothing done (5241.113856ms)
[web] ✔ plant location.replace with a javascript: address -> invalid, nothing done (6589.881196ms)
[web] ✔ plant the address object reached by enumerating the document -> invalid, nothing done (6367.996793ms)
[web] ✔ plant Object kept under another name (the source check cannot see it; the world refuses it) -> invalid, nothing done (5928.157251ms)
[web] ✔ plant a condition that clicks (the source check allows a call; the world refuses it) -> invalid, nothing done (5872.927724ms)
[web] ✔ plant a condition that animates -> invalid, nothing done (6255.863061ms)
[web] ✔ plant a condition that reaches an iframe's own script world -> invalid, nothing done (5904.85522ms)
[web] ✔ plant a reader whose result is a promise-like object -> invalid, nothing done (5790.182619ms)
[web] ✔ plant a reader handed a page object as its argument -> invalid, nothing done (5513.44843ms)
[web] ✔ plant T3 (round 6): run() returns before a 2 s answer and verify() reads the page in short reads -> never verified (9011.813539ms)
[web] ✔ plant T4: the answer is fast but the page shows it by a timer 1.2 s later; run() returns at once -> never verified (7002.725064ms)
[web] ✔ plant T6: a read aborted at the clock whose failure writes the end state -> invalid (the screen changed after the clock) (3202.17618ms)
[web] ✔ control: an honest product with a live ticker on screen still verifies; the freeze holds its screen still through verify() (4768.805561ms)
[web] ✔ a document still loading when run() returns stays on the clock (round 7: the reference's client reloading after a save) (5826.687893ms)
[web] ✔ plant S1 (round 6, the real driver): the critic's plant in ours edit-and-save is caught in review by the lint (5.708298ms)
[web] ✔ a variant's own set-up and sign-in run before its measured part (round 6: only the base driver's did) (7245.500576ms)
[web] ✔ ratchet.json has every comparison minimum (3.705639ms)
[web] ✔ tasks and named tasks never go below their minimum (244.52753ms)
[web] ✔ built Odoo drivers never go below their minimum (47.526278ms)
[web] ✔ built drivers for our product never go below their minimum (40.899951ms)
[web] ✔ verified Odoo baselines never go below their minimum, and each is complete (18.672391ms)
[web] ✔ the recorded reference volume never goes below the minimum per main list (2.136591ms)
[web] ✔ harness tests never go below their minimum (live rig checks counted apart) (27.505413ms)
[web] ✔ planted uncounted-action drivers never go below their minimum (1.586541ms)
[web] ✔ page-function plants never go below their minimum (round 7) (0.653648ms)
[web] ✔ API tasks never go below their minimum (9.955242ms)
[web] ✔ instrument mutations never go below their minimum, and each still finds what it mutates (13.462849ms)
[web] ✔ the mutation check reads each test by name, and runs one control per test file for all its patterns (3.470126ms)
[web] ✔ rig volume: every main list is asked for its 100,000th row (2.305696ms)
[web] ✔ rig volume: a list one row short is reported by name with the top-up command (18.520103ms)
[web] ✔ run.mjs refuses an Odoo run when the live rig is short of a main list, and records nothing (1855.645238ms)
[web] ✔ run.mjs refuses an Odoo run when the rig cannot be checked (903.992528ms)
[web] ✔ run.mjs checks the rig before an Odoo run and goes on when every list holds 100,000 rows (1167.944598ms)
[web] ✔ the driver process starts under the permission model with the network lockdown preloaded (8.680091ms)
[web] ✔ inside the driver process: no child process, no worker, no writes outside the scratch folder, no socket (4916.089003ms)
[web] ✔ inside the driver process: every way to open a socket is refused by its own lock (round 7, critic mutation M4) (3409.470964ms)
[web] ✔ the stand-ins a driver holds behave like Playwright objects: sync reads, locators, listeners, ready (3175.214855ms)
[web] ✔ the harness reads drivers and tasks through the driver process and never imports them (13.301032ms)
[web] ✔ a driver process that stops answering is stopped, and the next run gets a new one (10171.0505ms)
[web] ✔ plant X1 (round 6): every run has a driver process of its own, so a driver cannot slow or steer the next run (the other product's included) (39775.343048ms)
[web] ✔ our product declares its sign-in limit; Odoo has none (9.042825ms)
[web] ✔ an API sign-in from the driver process is paced by the harness and waits out a 429 (4866.599528ms)
[web] ✔ a browser sign-in refused with 429 is tried again in a fresh context, after the abandoned one ended (4484.363093ms)
[web] ✔ a browser sign-in refused every time ends the run in an error, never a measurement (2647.699388ms)
[web] ✔ a sign-in the harness paces inside verify() is not charged to the pass (the meter reports it apart) (13114.755064ms)
[web] ✔ every task the bar names is defined and marked as named (177.261497ms)
[web] ✔ task definitions are product-neutral and complete (9.114652ms)
[web] ✔ every task declares where the runner starts it and the moments every driver shoots (instrument 4) (85.592561ms)
[web] ✔ every task has a driver for each product (18.165201ms)
[web] ✔ every Odoo driver is built; placeholders in task text resolve from the dataset (89.406636ms)
[web] ✔ an unbuilt driver reports "not built" without touching a browser (122.176297ms)
[web] ✔ print-list-arabic (routed from p06): the ours driver takes its menu words from the product's own strings, which hold them in both languages (9.507915ms)
[web] ℹ tests 320
[web] ℹ suites 0
[web] ℹ pass 320
[web] ℹ fail 0
[web] ℹ cancelled 0
[web] ℹ skipped 0
[web] ℹ todo 0
[web] ℹ duration_ms 778347.856793
[web] 
[web] [1m== Comparison harness: instrument mutations (each must be caught)[0m
[web] M1 the keystroke operator K changed: caught (2 failing, 11 passing)
[web] M2 no greyscale in the blind shots: caught (1 failing, 0 passing)
[web] M3 a click allowed in the read world: caught (1 failing, 0 passing)
[web] M4 no Socket#connect lock: caught (1 failing, 0 passing)
[web] M5 no freeze at all when the clock stops: caught (2 failing, 1 passing)
[web] M6 the demo tenant's code not masked: caught (1 failing, 0 passing)
[web] M7 no abort of what is still loading: caught (2 failing, 1 passing)
[web] M8 no script freeze (abort only): caught (2 failing, 1 passing)
[web] M9 no source check of page functions: caught (1 failing, 0 passing)
[web] M10 the read world not armed: caught (1 failing, 0 passing)
[web] M11 no screen check after verify(): caught (1 failing, 0 passing)
[web] M12 a variant's own hooks ignored: caught (1 failing, 0 passing)
[web] M13 no document settle: caught (1 failing, 0 passing)
[web] M14 a product's shots mask only its own names: caught (1 failing, 0 passing)
[web] M15 the lint ignores page functions: caught (1 failing, 0 passing)
[web] M16 a name cut short by its cell painted with its whole box: caught (1 failing, 0 passing)
[web] M17 the zero rule leaves out a time metric too: caught (1 failing, 0 passing)
[web] M18 any tie on a count metric left out, not only both at 0: caught (1 failing, 0 passing)
[web] M19 a tie counted as a win: caught (1 failing, 0 passing)
[web] M20 ours judged on the best of each metric across its paths: caught (1 failing, 0 passing)
[web] M21 the device answers without the person once the clock runs: caught (1 failing, 0 passing)
[web] M22 a confirmation on the device modelled as free: caught (1 failing, 0 passing)
[web] M23 the shim holds only the container, not its prototype: caught (1 failing, 0 passing)
[web] 23 of 23 mutations of the instrument run, every one caught
[dotnet] == suite: passed
[dotnet] == self-http: passed
[dotnet] == self-company: passed
[dotnet] == self-noninterference: passed
[dotnet] 
[dotnet] [1m-- .NET tests: suite[0m
[dotnet] Test run for /work/tests/Erp.Gates.Tests/bin/Release/net10.0/Erp.Gates.Tests.dll (.NETCoreApp,Version=v10.0)
[dotnet] Test run for /work/tests/Erp.Modules.Reports.Tests/bin/Release/net10.0/Erp.Modules.Reports.Tests.dll (.NETCoreApp,Version=v10.0)
[dotnet] Test run for /work/tests/Erp.Modules.Identity.Tests/bin/Release/net10.0/Erp.Modules.Identity.Tests.dll (.NETCoreApp,Version=v10.0)
[dotnet] Test run for /work/tests/Erp.Kernel.Tests/bin/Release/net10.0/Erp.Kernel.Tests.dll (.NETCoreApp,Version=v10.0)
[dotnet] Test run for /work/tests/Erp.Modules.Lists.Tests/bin/Release/net10.0/Erp.Modules.Lists.Tests.dll (.NETCoreApp,Version=v10.0)
[dotnet] A total of 1 test files matched the specified pattern.
[dotnet] Test run for /work/tests/Erp.Modules.Tenancy.Tests/bin/Release/net10.0/Erp.Modules.Tenancy.Tests.dll (.NETCoreApp,Version=v10.0)
[dotnet] A total of 1 test files matched the specified pattern.
[dotnet] A total of 1 test files matched the specified pattern.
[dotnet] A total of 1 test files matched the specified pattern.
[dotnet] A total of 1 test files matched the specified pattern.
[dotnet] A total of 1 test files matched the specified pattern.
[dotnet] [xUnit.net 00:00:00.00] xUnit.net VSTest Adapter v3.1.5+1b188a7b0a (64-bit .NET 10.0.12)
[dotnet] [xUnit.net 00:00:00.00] xUnit.net VSTest Adapter v3.1.5+1b188a7b0a (64-bit .NET 10.0.12)
[dotnet] [xUnit.net 00:00:00.02] xUnit.net VSTest Adapter v3.1.5+1b188a7b0a (64-bit .NET 10.0.12)
[dotnet] [xUnit.net 00:00:00.63]   Discovering: Erp.Modules.Lists.Tests
[dotnet] [xUnit.net 00:00:00.38]   Discovering: Erp.Kernel.Tests
[dotnet] [xUnit.net 00:00:00.00] xUnit.net VSTest Adapter v3.1.5+1b188a7b0a (64-bit .NET 10.0.12)
[dotnet] [xUnit.net 00:00:00.11] xUnit.net VSTest Adapter v3.1.5+1b188a7b0a (64-bit .NET 10.0.12)
[dotnet] [xUnit.net 00:00:00.00] xUnit.net VSTest Adapter v3.1.5+1b188a7b0a (64-bit .NET 10.0.12)
[dotnet] [xUnit.net 00:00:01.10]   Discovered:  Erp.Kernel.Tests
[dotnet] [xUnit.net 00:00:00.86]   Discovering: Erp.Modules.Reports.Tests
[dotnet] [xUnit.net 00:00:01.39]   Discovering: Erp.Gates.Tests
[dotnet] [xUnit.net 00:00:00.84]   Discovering: Erp.Modules.Identity.Tests
[dotnet] [xUnit.net 00:00:01.77]   Starting:    Erp.Kernel.Tests
[dotnet] [xUnit.net 00:00:02.22]   Discovered:  Erp.Modules.Lists.Tests
[dotnet] [xUnit.net 00:00:01.53]   Discovered:  Erp.Modules.Reports.Tests
[dotnet] [xUnit.net 00:00:02.65]   Starting:    Erp.Modules.Lists.Tests
[dotnet]   Passed Erp.Kernel.Tests.LocalizationTests.Plural_categories_follow_the_CLDR_rules(language: "en", number: 1, expected: "one") [174 ms]
[dotnet]   Passed Erp.Kernel.Tests.MoneyTests.Currency_codes_are_three_upper_case_letters(code: "A1D") [157 ms]
[dotnet]   Passed Erp.Kernel.Tests.SecurityTests.Email_validation(value: "a@.example", valid: False) [197 ms]
[dotnet]   Passed Erp.Kernel.Tests.SecurityTests.Email_validation(value: "a b@c.example", valid: False) [< 1 ms]
[dotnet]   Passed Erp.Kernel.Tests.SecurityTests.Email_validation(value: "a@@b.example", valid: False) [< 1 ms]
[dotnet]   Passed Erp.Kernel.Tests.MoneyTests.Currency_codes_are_three_upper_case_letters(code: "AEDX") [< 1 ms]
[dotnet]   Passed Erp.Kernel.Tests.MoneyTests.Currency_codes_are_three_upper_case_letters(code: "aed") [< 1 ms]
[dotnet]   Passed Erp.Kernel.Tests.MoneyTests.Currency_codes_are_three_upper_case_letters(code: "AE") [< 1 ms]
[dotnet]   Passed Erp.Kernel.Tests.LocalizationTests.Plural_categories_follow_the_CLDR_rules(language: "ar", number: 99, expected: "many") [< 1 ms]
[dotnet]   Passed Erp.Kernel.Tests.LocalizationTests.Plural_categories_follow_the_CLDR_rules(language: "ar", number: 10, expected: "few") [< 1 ms]
[dotnet]   Passed Erp.Kernel.Tests.LocalizationTests.Plural_categories_follow_the_CLDR_rules(language: "en", number: 0, expected: "other") [< 1 ms]
[dotnet]   Passed Erp.Kernel.Tests.LocalizationTests.Plural_categories_follow_the_CLDR_rules(language: "en", number: 2, expected: "other") [< 1 ms]
[dotnet]   Passed Erp.Kernel.Tests.LocalizationTests.Plural_categories_follow_the_CLDR_rules(language: "ar", number: 3, expected: "few") [< 1 ms]
[dotnet]   Passed Erp.Kernel.Tests.LocalizationTests.Plural_categories_follow_the_CLDR_rules(language: "ar", number: 100, expected: "other") [< 1 ms]
[dotnet]   Passed Erp.Kernel.Tests.LocalizationTests.Plural_categories_follow_the_CLDR_rules(language: "ar", number: 103, expected: "few") [< 1 ms]
[dotnet]   Passed Erp.Kernel.Tests.LocalizationTests.Plural_categories_follow_the_CLDR_rules(language: "ar", number: 11, expected: "many") [< 1 ms]
[dotnet]   Passed Erp.Kernel.Tests.LocalizationTests.Plural_categories_follow_the_CLDR_rules(language: "ar", number: 0, expected: "zero") [< 1 ms]
[dotnet]   Passed Erp.Kernel.Tests.LocalizationTests.Plural_categories_follow_the_CLDR_rules(language: "ar", number: 1, expected: "one") [< 1 ms]
[dotnet]   Passed Erp.Kernel.Tests.LocalizationTests.Plural_categories_follow_the_CLDR_rules(language: "ar", number: 2, expected: "two") [< 1 ms]
[dotnet]   Passed Erp.Kernel.Tests.LocalizationTests.Plural_categories_follow_the_CLDR_rules(language: "ar", number: 102, expected: "other") [< 1 ms]
[dotnet]   Passed Erp.Kernel.Tests.LocalizationTests.Plural_categories_follow_the_CLDR_rules(language: "ar", number: 1.5, expected: "other") [< 1 ms]
[dotnet]   Passed Erp.Kernel.Tests.SecurityTests.Email_validation(value: "a@b.example", valid: True) [14 ms]
[dotnet]   Passed Erp.Kernel.Tests.SecurityTests.Email_validation(value: "first.last+tag@sub.domain.ae", valid: True) [< 1 ms]
[dotnet]   Passed Erp.Kernel.Tests.SecurityTests.Email_validation(value: "no-at.example", valid: False) [< 1 ms]
[dotnet]   Passed Erp.Kernel.Tests.SecurityTests.Email_validation(value: "a@b", valid: False) [< 1 ms]
[dotnet]   Passed Erp.Kernel.Tests.ProblemMappingTests.Database_errors_map_the_same_whether_EF_wraps_them_or_not(sqlState: "23505", status: 409, code: "duplicate") [236 ms]
[dotnet]   Passed Erp.Kernel.Tests.ProblemMappingTests.Database_errors_map_the_same_whether_EF_wraps_them_or_not(sqlState: "23503", status: 404, code: "notFound") [< 1 ms]
[dotnet]   Passed Erp.Kernel.Tests.ProblemMappingTests.Database_errors_map_the_same_whether_EF_wraps_them_or_not(sqlState: "55P03", status: 409, code: "concurrency") [< 1 ms]
[dotnet]   Passed Erp.Kernel.Tests.ListArabicSearchFieldsTests.A_word_matches_the_Arabic_search_fields_when_it_has_an_Arabic_letter(word: "omar", fields: ["name", "email"]) [246 ms]
[dotnet]   Passed Erp.Kernel.Tests.ListArabicSearchFieldsTests.A_word_matches_the_Arabic_search_fields_when_it_has_an_Arabic_letter(word: "فاطمه", fields: ["name", "nameAr"]) [< 1 ms]
[dotnet]   Passed Erp.Kernel.Tests.ListArabicSearchFieldsTests.A_word_matches_the_Arabic_search_fields_when_it_has_an_Arabic_letter(word: "١٢٣", fields: ["name", "email"]) [< 1 ms]
[dotnet]   Passed Erp.Kernel.Tests.ProblemMappingTests.Database_errors_map_the_same_whether_EF_wraps_them_or_not(sqlState: "40P01", status: 409, code: "concurrency") [< 1 ms]
[dotnet]   Passed Erp.Kernel.Tests.ListArabicSearchFieldsTests.A_word_matches_the_Arabic_search_fields_when_it_has_an_Arabic_letter(word: "x@مثال", fields: ["name", "nameAr"]) [24 ms]
[dotnet]   Passed Erp.Kernel.Tests.ListArabicSearchFieldsTests.A_word_matches_the_Arabic_search_fields_when_it_has_an_Arabic_letter(word: "o'neil-2", fields: ["name", "email"]) [< 1 ms]
[dotnet]   Passed Erp.Kernel.Tests.ListArabicSearchFieldsTests.A_word_matches_the_Arabic_search_fields_when_it_has_an_Arabic_letter(word: "ﻓﺎﻃﻤﺔ", fields: ["name", "nameAr"]) [< 1 ms]
[dotnet]   Passed Erp.Kernel.Tests.UnitOfWorkTests.Problems_inside_typed_unions_count_as_failures [258 ms]
[dotnet]   Passed Erp.Kernel.Tests.ProblemMappingTests.Database_errors_map_the_same_whether_EF_wraps_them_or_not(sqlState: "42501", status: 404, code: "notFound") [< 1 ms]
[dotnet]   Passed Erp.Kernel.Tests.ProblemMappingTests.Database_errors_map_the_same_whether_EF_wraps_them_or_not(sqlState: "22012", status: 500, code: "internal") [< 1 ms]
[dotnet]   Passed Erp.Kernel.Tests.ProblemMappingTests.Database_errors_map_the_same_whether_EF_wraps_them_or_not(sqlState: "40001", status: 409, code: "concurrency") [< 1 ms]
[dotnet]   Passed Erp.Kernel.Tests.ListArabicSearchFieldsTests.A_word_has_an_Arabic_letter_when_it_contains_one(word: "x@مثال", arabic: True) [32 ms]
[dotnet]   Passed Erp.Kernel.Tests.ListArabicSearchFieldsTests.A_word_has_an_Arabic_letter_when_it_contains_one(word: "o'neil-2", arabic: False) [< 1 ms]
[dotnet]   Passed Erp.Kernel.Tests.ListArabicSearchFieldsTests.A_word_has_an_Arabic_letter_when_it_contains_one(word: "omar", arabic: False) [< 1 ms]
[dotnet]   Passed Erp.Kernel.Tests.ListArabicSearchFieldsTests.A_word_has_an_Arabic_letter_when_it_contains_one(word: "١٢٣", arabic: False) [< 1 ms]
[dotnet]   Passed Erp.Kernel.Tests.ListArabicSearchFieldsTests.A_word_has_an_Arabic_letter_when_it_contains_one(word: "ﻓﺎﻃﻤﺔ", arabic: True) [< 1 ms]
[dotnet]   Passed Erp.Kernel.Tests.ListArabicSearchFieldsTests.A_word_has_an_Arabic_letter_when_it_contains_one(word: "فاطمه", arabic: True) [< 1 ms]
[dotnet]   Passed Erp.Kernel.Tests.SecurityTests.Permission_keys_are_module_resource_action(key: "identity.users", valid: False) [24 ms]
[dotnet]   Passed Erp.Kernel.Tests.SecurityTests.Permission_keys_are_module_resource_action(key: "identity.users.read", valid: True) [< 1 ms]
[dotnet]   Passed Erp.Kernel.Tests.SecurityTests.Permission_keys_are_module_resource_action(key: "identity..read", valid: False) [< 1 ms]
[dotnet]   Passed Erp.Kernel.Tests.SecurityTests.Permission_keys_are_module_resource_action(key: "identity.userRoles.assignAll", valid: True) [< 1 ms]
[dotnet]   Passed Erp.Kernel.Tests.SecurityTests.Permission_keys_are_module_resource_action(key: "Identity.users.read", valid: False) [< 1 ms]
[dotnet]   Passed Erp.Kernel.Tests.SecurityTests.Permission_keys_are_module_resource_action(key: "identity.users.read.extra", valid: False) [< 1 ms]
[dotnet]   Passed Erp.Kernel.Tests.ProblemMappingTests.Anything_unknown_is_an_internal_error_and_a_concurrent_save_is_a_conflict [30 ms]
[dotnet]   Passed Erp.Kernel.Tests.UnitOfWorkTests.Plain_results_report_their_own_status [60 ms]
[dotnet]   Passed Erp.Kernel.Tests.MoneyTests.Money_records_its_base_currency_and_only_adds_against_the_same_base [58 ms]
[dotnet] [xUnit.net 00:00:01.48]   Discovering: Erp.Modules.Tenancy.Tests
[dotnet]   Passed Erp.Kernel.Tests.LocalizationTests.Request_language_comes_from_accept_language_when_not_signed_in(header: "de", expected: "en") [106 ms]
[dotnet]   Passed Erp.Kernel.Tests.LocalizationTests.Request_language_comes_from_accept_language_when_not_signed_in(header: "", expected: "en") [< 1 ms]
[dotnet]   Passed Erp.Kernel.Tests.LocalizationTests.Request_language_comes_from_accept_language_when_not_signed_in(header: "ar-AE,ar;q=0.9,en;q=0.8", expected: "ar") [< 1 ms]
[dotnet]   Passed Erp.Kernel.Tests.LocalizationTests.Request_language_comes_from_accept_language_when_not_signed_in(header: "fr-FR,ar;q=0.5", expected: "ar") [< 1 ms]
[dotnet]   Passed Erp.Kernel.Tests.LocalizationTests.Request_language_comes_from_accept_language_when_not_signed_in(header: "en-GB,en;q=0.9", expected: "en") [< 1 ms]
[dotnet]   Passed Erp.Kernel.Tests.TenantBindingTests.A_principal_without_a_tenant_claim_may_bind_nothing [376 ms]
[dotnet]   Passed Erp.Kernel.Tests.ModuleListTests.A_flag_column_may_name_its_two_values_and_nothing_else [409 ms]
[dotnet]   Passed Erp.Kernel.Tests.ModuleListTests.A_valid_list_has_no_problems [< 1 ms]
[dotnet]   Passed Erp.Kernel.Tests.TenantBindingTests.A_permissioned_request_may_bind_only_the_principals_tenant [38 ms]
[dotnet]   Passed Erp.Kernel.Tests.LocalizationTests.Messages_fill_named_placeholders_and_exact_plural_branches [68 ms]
[dotnet]   Passed Erp.Kernel.Tests.SecurityTests.Forwarded_headers_are_trusted_only_from_configured_proxies [146 ms]
[dotnet]   Passed Erp.Kernel.Tests.TenantBindingTests.Reads_and_read_only_operations_run_read_only(method: "HEAD", marked: False, readOnly: True) [65 ms]
[dotnet]   Passed Erp.Kernel.Tests.TenantBindingTests.Reads_and_read_only_operations_run_read_only(method: "GET", marked: False, readOnly: True) [< 1 ms]
[dotnet] [xUnit.net 00:00:02.43]   Discovered:  Erp.Gates.Tests
[dotnet] [xUnit.net 00:00:01.83]   Discovered:  Erp.Modules.Identity.Tests
[dotnet]   Passed Erp.Kernel.Tests.ModuleListTests.A_money_column_names_its_currency_column [66 ms]
[dotnet]   Passed Erp.Kernel.Tests.ModuleListTests.A_list_must_belong_to_its_module_and_name_real_columns [< 1 ms]
[dotnet]   Passed Erp.Kernel.Tests.TenantBindingTests.Reads_and_read_only_operations_run_read_only(method: "POST", marked: True, readOnly: True) [4 ms]
[dotnet]   Passed Erp.Kernel.Tests.TenantBindingTests.Reads_and_read_only_operations_run_read_only(method: "POST", marked: False, readOnly: False) [< 1 ms]
[dotnet]   Passed Erp.Kernel.Tests.TenantBindingTests.Reads_and_read_only_operations_run_read_only(method: "DELETE", marked: False, readOnly: False) [< 1 ms]
[dotnet]   Passed Erp.Kernel.Tests.TenantBindingTests.Reads_and_read_only_operations_run_read_only(method: "PUT", marked: False, readOnly: False) [< 1 ms]
[dotnet]   Passed Erp.Kernel.Tests.TenantBindingTests.Requests_without_a_principal_or_a_permission_bind_what_they_resolved [6 ms]
[dotnet]   Passed Erp.Kernel.Tests.LocalizationTests.A_key_without_a_translation_stops_the_catalog_from_loading [127 ms]
[dotnet]   Passed Erp.Kernel.Tests.LocalizationTests.Kernel_strings_exist_in_both_languages_and_format_arguments [3 ms]
[dotnet]   Passed Erp.Kernel.Tests.SecurityTests.Weaker_hashes_still_verify_and_ask_to_be_upgraded [129 ms]
[dotnet] [xUnit.net 00:00:02.07]   Starting:    Erp.Modules.Reports.Tests
[dotnet]   Passed Erp.Kernel.Tests.MoneyTests.Money_travels_as_decimal_strings_in_json [269 ms]
[dotnet]   Passed Erp.Kernel.Tests.InMemoryQueryTests.Answers_as_linq_to_objects_does(query: "enumerated without operators") [621 ms]
[dotnet]   Passed Erp.Kernel.Tests.MoneyTests.Only_same_currency_and_rate_can_be_added [24 ms]
[dotnet]   Passed Erp.Kernel.Tests.MoneyTests.Amount_must_fit_the_currency_minor_units [< 1 ms]
[dotnet]   Passed Erp.Kernel.Tests.InMemoryQueryAgainstCompiledTests.The_same_rows_in_the_same_order_as_the_compiled_in_memory_query(name: "sum") [669 ms]
[dotnet]   Passed Erp.Kernel.Tests.MoneyTests.Base_currency_amounts_use_rate_one_and_rates_are_positive [24 ms]
[dotnet]   Passed Erp.Kernel.Tests.MoneyTests.Base_amount_is_rounded_half_away_from_zero_to_the_base_currency [9 ms]
[dotnet]   Passed Erp.Kernel.Tests.ListEngineTests.A_cursor_belongs_to_one_sort [710 ms]
[dotnet]   Passed Erp.Kernel.Tests.InMemoryQueryAgainstCompiledTests.The_same_rows_in_the_same_order_as_the_compiled_in_memory_query(name: "page") [42 ms]
[dotnet]   Passed Erp.Kernel.Tests.InMemoryQueryTests.Answers_as_linq_to_objects_does(query: "where, order, then by, skip, take") [105 ms]
[dotnet]   Passed Erp.Kernel.Tests.InMemoryQueryAgainstCompiledTests.The_same_rows_in_the_same_order_as_the_compiled_in_memory_query(name: "select") [29 ms]
[dotnet]   Passed Erp.Kernel.Tests.InMemoryQueryAgainstCompiledTests.The_same_rows_in_the_same_order_as_the_compiled_in_memory_query(name: "order") [7 ms]
[dotnet]   Passed Erp.Kernel.Tests.InMemoryQueryTests.Answers_as_linq_to_objects_does(query: "any and first") [51 ms]
[dotnet]   Passed Erp.Kernel.Tests.ListEngineTests.Bad_filters_name_the_problem(text: "seen eq '2026-09-01 08:00'", code: "list.valueDateTime") [78 ms]
[dotnet]   Passed Erp.Kernel.Tests.ListEngineTests.Bad_filters_name_the_problem(text: "day eq '2026-13-01'", code: "list.valueDate") [< 1 ms]
[dotnet]   Passed Erp.Kernel.Tests.ListEngineTests.Bad_filters_name_the_problem(text: "name gt null", code: "list.filterSyntax") [< 1 ms]
[dotnet]   Passed Erp.Kernel.Tests.ListEngineTests.Bad_filters_name_the_problem(text: "name eq 'x' and", code: "list.filterSyntax") [< 1 ms]
[dotnet]   Passed Erp.Kernel.Tests.ListEngineTests.Bad_filters_name_the_problem(text: "active eq 1", code: "list.valueBoolean") [< 1 ms]
[dotnet]   Passed Erp.Kernel.Tests.ListEngineTests.Bad_filters_name_the_problem(text: "name in ()", code: "list.filterSyntax") [< 1 ms]
[dotnet]   Passed Erp.Kernel.Tests.ServedListTests.A_served_list_whose_serving_list_is_missing_stays_without_a_binding [797 ms]
[dotnet]   Passed Erp.Kernel.Tests.ListEngineTests.Bad_filters_name_the_problem(text: "((name eq 'x')", code: "list.filterSyntax") [< 1 ms]
[dotnet]   Passed Erp.Kernel.Tests.ListEngineTests.Bad_filters_name_the_problem(text: "name in ('a', null)", code: "list.filterSyntax") [< 1 ms]
[dotnet]   Passed Erp.Kernel.Tests.ListEngineTests.Bad_filters_name_the_problem(text: "nosuch eq 1", code: "list.unknownColumn") [< 1 ms]
[dotnet]   Passed Erp.Kernel.Tests.ListEngineTests.Bad_filters_name_the_problem(text: "kind eq 'other'", code: "list.valueChoice") [< 1 ms]
[dotnet]   Passed Erp.Kernel.Tests.ListEngineTests.Bad_filters_name_the_problem(text: "name gt 'a'", code: "list.operatorNotAllowed") [< 1 ms]
[dotnet]   Passed Erp.Kernel.Tests.ListEngineTests.Bad_filters_name_the_problem(text: "1.2.3 eq 1", code: "list.filterSyntax") [< 1 ms]
[dotnet]   Passed Erp.Kernel.Tests.ListEngineTests.Bad_filters_name_the_problem(text: "name eq", code: "list.filterSyntax") [< 1 ms]
[dotnet]   Passed Erp.Kernel.Tests.ListEngineTests.Bad_filters_name_the_problem(text: "name = 'x'", code: "list.filterSyntax") [< 1 ms]
[dotnet]   Passed Erp.Kernel.Tests.ListEngineTests.Bad_filters_name_the_problem(text: "quantity eq 'many'", code: "list.valueNumber") [< 1 ms]
[dotnet]   Passed Erp.Kernel.Tests.InMemoryQueryTests.Answers_as_linq_to_objects_does(query: "project to a new record") [29 ms]
[dotnet]   Passed Erp.Kernel.Tests.ListEngineTests.Bad_filters_name_the_problem(text: "active contains 'a'", code: "list.operatorNotAllowed") [< 1 ms]
[dotnet]   Passed Erp.Kernel.Tests.InMemoryQueryTests.Answers_as_linq_to_objects_does(query: "distinct ordered currencies") [3 ms]
[dotnet]   Passed Erp.Kernel.Tests.InMemoryQueryTests.Answers_as_linq_to_objects_does(query: "order by descending with nulls") [2 ms]
[dotnet]   Passed Erp.Kernel.Tests.ServedListTests.A_served_list_must_name_another_list [24 ms]
[dotnet]   Passed Erp.Kernel.Tests.InMemoryQueryAgainstCompiledTests.The_same_rows_in_the_same_order_as_the_compiled_in_memory_query(name: "count") [87 ms]
[dotnet]   Passed Erp.Kernel.Tests.InMemoryQueryTests.Answers_as_linq_to_objects_does(query: "group with counts and sums") [76 ms]
[dotnet]   Passed Erp.Kernel.Tests.InMemoryQueryTests.Answers_as_linq_to_objects_does(query: "count with a predicate on a nullable text") [2 ms]
[dotnet]   Passed Erp.Kernel.Tests.InMemoryQueryAgainstCompiledTests.The_same_rows_in_the_same_order_as_the_compiled_in_memory_query(name: "any") [95 ms]
[dotnet]   Passed Erp.Kernel.Tests.ListArabicSearchFieldsTests.Arabic_words_search_only_the_Arabic_search_fields_and_Latin_words_only_the_search_fields [634 ms]
[dotnet]   Passed Erp.Kernel.Tests.InMemoryQueryTests.Wraps_a_source_once_and_keeps_its_rows [22 ms]
[dotnet]   Passed Erp.Kernel.Tests.InMemoryQueryAgainstCompiledTests.The_same_rows_in_the_same_order_as_the_compiled_in_memory_query(name: "keyset") [31 ms]
[dotnet]   Passed Erp.Kernel.Tests.InMemoryQueryAgainstCompiledTests.The_same_rows_in_the_same_order_as_the_compiled_in_memory_query(name: "where") [5 ms]
[dotnet]   Passed Erp.Kernel.Tests.ListEngineTests.Rows_in_memory_are_paged_as_linq_to_objects_orders_them(search: "", filter: "kind eq 'raw' and quantity ge 2", sort: "-quantity,code") [192 ms]
[dotnet] [xUnit.net 00:00:03.00]   Starting:    Erp.Gates.Tests
[dotnet]   Passed Erp.Kernel.Tests.ServedListTests.The_serving_list_lends_its_binding_whatever_the_registration_order(servingFirst: True) [216 ms]
[dotnet]   Passed Erp.Kernel.Tests.ListEngineTests.Rows_in_memory_are_paged_as_linq_to_objects_orders_them(search: "c-0", filter: "active eq true or seen eq null", sort: "seen") [86 ms]
[dotnet]   Passed Erp.Kernel.Tests.ListEngineTests.Rows_in_memory_are_paged_as_linq_to_objects_orders_them(search: "", filter: "code startswith 'C-01' or code eq null", sort: "-code") [10 ms]
[dotnet]   Passed Erp.Kernel.Tests.ListEngineTests.Rows_in_memory_are_paged_as_linq_to_objects_orders_them(search: "", filter: "", sort: "") [8 ms]
[dotnet]   Passed Erp.Kernel.Tests.ServedListTests.The_serving_list_lends_its_binding_whatever_the_registration_order(servingFirst: False) [87 ms]
[dotnet]   Passed Erp.Kernel.Tests.ListEngineTests.Rows_in_memory_are_paged_as_linq_to_objects_orders_them(search: "item 3", filter: "", sort: "") [10 ms]
[dotnet]   Passed Erp.Kernel.Tests.ServedListTests.A_served_list_that_needs_a_column_the_serving_list_does_not_bind_is_refused [22 ms]
[dotnet]   Passed Erp.Kernel.Tests.InMemoryQueryAgainstCompiledTests.The_same_rows_in_the_same_order_as_the_compiled_in_memory_query(name: "group") [165 ms]
[dotnet] [xUnit.net 00:00:02.43]   Discovered:  Erp.Modules.Tenancy.Tests
[dotnet] [xUnit.net 00:00:02.95]   Starting:    Erp.Modules.Identity.Tests
[dotnet]   Passed Erp.Kernel.Tests.InMemoryQueryAgainstCompiledTests.Running_a_query_again_compiles_no_method [36 ms]
[dotnet]   Passed Erp.Kernel.Tests.InMemoryQueryAgainstCompiledTests.A_query_already_interpreted_is_kept_and_its_operators_stay_interpreted [12 ms]
[dotnet]   Passed Erp.Kernel.Tests.ListEngineTests.Arabic_search_matches_the_spellings_people_type_for_one_another [414 ms]
[dotnet]   Passed Erp.Kernel.Tests.ListEngineTests.Bad_requests_become_400_problems_naming_the_parameter(parameter: "groupBy", value: "name", code: "list.notGroupable") [6 ms]
[dotnet]   Passed Erp.Kernel.Tests.ListEngineTests.Bad_requests_become_400_problems_naming_the_parameter(parameter: "sort", value: "kind", code: "list.notSortable") [4 ms]
[dotnet]   Passed Erp.Kernel.Tests.ListEngineTests.Bad_requests_become_400_problems_naming_the_parameter(parameter: "sort", value: "-", code: "list.sortSyntax") [107 ms]
[dotnet]   Passed Erp.Kernel.Tests.ListEngineTests.Bad_requests_become_400_problems_naming_the_parameter(parameter: "search", value: "a b c d e f g h i", code: "list.searchTooManyWords") [7 ms]
[dotnet]   Passed Erp.Kernel.Tests.ListEngineTests.Bad_requests_become_400_problems_naming_the_parameter(parameter: "sort", value: "a,b,c,d,e", code: "list.sortTooMany") [3 ms]
[dotnet]   Passed Erp.Kernel.Tests.ListEngineTests.Bad_requests_become_400_problems_naming_the_parameter(parameter: "after", value: "eyJzIjoibmFtZSJ9", code: "list.invalidCursor") [5 ms]
[dotnet] [xUnit.net 00:00:03.23]   Starting:    Erp.Modules.Tenancy.Tests
[dotnet]   Passed Erp.Modules.Reports.Tests.RenderingTests.Mixed_text_is_ordered_as_a_reader_expects(text: "شركة Al Noor Trading للتجارة", rightToLeft: True, expected: "للتجارة|Al Noor Trading|شركة") [86 ms]
[dotnet]   Passed Erp.Modules.Reports.Tests.RenderingTests.Mixed_text_is_ordered_as_a_reader_expects(text: "فاتورة 2026-10 رقم 15", rightToLeft: True, expected: "15|رقم|10|-|2026|فاتورة") [9 ms]
[dotnet]   Passed Erp.Modules.Reports.Tests.RenderingTests.Mixed_text_is_ordered_as_a_reader_expects(text: "هاتف +971 4 123-4567 فرع", rightToLeft: True, expected: "فرع|+971 4 123-4567|هاتف") [< 1 ms]
[dotnet]   Passed Erp.Modules.Reports.Tests.RenderingTests.Mixed_text_is_ordered_as_a_reader_expects(text: "Branch: الفرع الرئيسي today", rightToLeft: False, expected: "Branch:|الفرع الرئيسي|today") [< 1 ms]
[dotnet]   Passed Erp.Modules.Reports.Tests.RenderingTests.Mixed_text_is_ordered_as_a_reader_expects(text: "+971 2 555 7810", rightToLeft: True, expected: "+971 2 555 7810") [< 1 ms]
[dotnet]   Passed Erp.Modules.Reports.Tests.RenderingTests.Mixed_text_is_ordered_as_a_reader_expects(text: "04 555 7810", rightToLeft: True, expected: "04 555 7810") [< 1 ms]
[dotnet]   Passed Erp.Modules.Reports.Tests.RenderingTests.Mixed_text_is_ordered_as_a_reader_expects(text: "05/10/2026 14:30", rightToLeft: True, expected: "14:30|05/10/2026") [< 1 ms]
[dotnet]   Passed Erp.Modules.Reports.Tests.RenderingTests.Exports_write_the_grouping_column_once_when_the_document_prints_it [190 ms]
[dotnet]   Passed Erp.Kernel.Tests.ListEngineTests.A_search_without_a_sort_puts_the_best_match_first [33 ms]
[dotnet]   Passed Erp.Kernel.Tests.ListEngineTests.Keyset_pages_return_every_row_once_in_the_order_of_one_page(sort: "-seen") [119 ms]
[dotnet]   Passed Erp.Kernel.Tests.ListEngineTests.Keyset_pages_return_every_row_once_in_the_order_of_one_page(sort: "name") [92 ms]
[dotnet]   Passed Erp.Kernel.Tests.ListEngineTests.Keyset_pages_return_every_row_once_in_the_order_of_one_page(sort: "code") [83 ms]
[dotnet]   Passed Erp.Kernel.Tests.ListEngineTests.Keyset_pages_return_every_row_once_in_the_order_of_one_page(sort: "-quantity,code") [231 ms]
[dotnet]   Passed Erp.Kernel.Tests.ListEngineTests.Keyset_pages_return_every_row_once_in_the_order_of_one_page(sort: "seen") [173 ms]
[dotnet]   Passed Erp.Kernel.Tests.ListEngineTests.Keyset_pages_return_every_row_once_in_the_order_of_one_page(sort: "-name") [129 ms]
[dotnet]   Passed Erp.Kernel.Tests.ListEngineTests.Keyset_pages_return_every_row_once_in_the_order_of_one_page(sort: "-code") [191 ms]
[dotnet]   Passed Erp.Kernel.Tests.SecurityTests.A_proof_from_the_challenge_equals_the_stored_hash_only_for_the_right_password [2 s]
[dotnet]   Passed Erp.Kernel.Tests.SecurityTests.Session_tokens_are_256_bit_base64url_and_stored_as_sha256 [2 ms]
[dotnet]   Passed Erp.Kernel.Tests.ListEngineTests.Keyset_pages_return_every_row_once_in_the_order_of_one_page(sort: "active,-quantity") [65 ms]
[dotnet]   Passed Erp.Kernel.Tests.ListEngineTests.Registration_refuses_definitions_and_bindings_that_cannot_keep_their_promises [16 ms]
[dotnet]   Passed Erp.Kernel.Tests.ListEngineTests.Filters_parse_and_format_back_to_an_equivalent_text(text: "name eq 'x'") [1 ms]
[dotnet]   Passed Erp.Kernel.Tests.ListEngineTests.Filters_parse_and_format_back_to_an_equivalent_text(text: "kind in ('raw', 'finished') and seen ge '2026-09-0"···) [< 1 ms]
[dotnet]   Passed Erp.Kernel.Tests.ListEngineTests.Filters_parse_and_format_back_to_an_equivalent_text(text: "(name eq 'it''s' or code is null) and not quantity"···) [< 1 ms]
[dotnet]   Passed Erp.Kernel.Tests.ListEngineTests.Filters_parse_and_format_back_to_an_equivalent_text(text: "amount lt -1.5 and active ne false and code starts"···) [< 1 ms]
[dotnet]   Passed Erp.Kernel.Tests.ListEngineTests.Keyset_pages_of_a_search_in_relevance_order_return_every_row_once(search: "item") [213 ms]
[dotnet]   Passed Erp.Modules.Reports.Tests.RenderingTests.A_telephone_number_prints_left_to_right_in_an_arabic_pdf [1 s]
[dotnet]   Passed Erp.Modules.Reports.Tests.RenderingTests.Arabic_text_is_shaped_into_joining_forms_with_lam_alef [6 ms]
[dotnet]   Passed Erp.Modules.Reports.Tests.RenderingTests.A_font_subset_keeps_the_drawn_glyphs_and_their_components_at_their_ids [54 ms]
[dotnet]   Passed Erp.Modules.Reports.Tests.RenderingTests.A_line_narrower_than_one_character_still_ends [28 ms]
[dotnet]   Passed Erp.Modules.Reports.Tests.RenderingTests.Xlsx_ends_with_the_grand_total_as_a_filter_aware_formula_below_the_filtered_rows [15 ms]
[dotnet]   Passed Erp.Modules.Reports.Tests.RenderingTests.Font_units_scale_to_thousandths_of_an_em_rounded_half_to_even_as_decimals_round [461 ms]
[dotnet]   Passed Erp.Modules.Reports.Tests.RenderingTests.Arabic_letters_that_share_a_glyph_extract_as_the_letters_printed [11 ms]
[dotnet]   Passed Erp.Modules.Reports.Tests.RenderingTests.Csv_cut_at_its_row_limit_ends_with_a_line_saying_so [1 ms]
[dotnet]   Passed Erp.Modules.Reports.Tests.RenderingTests.A_long_run_maps_every_glyph_back_to_its_characters_and_a_line_shaped_again_is_the_same [11 ms]
[dotnet]   Passed Erp.Kernel.Tests.ListEngineTests.Keyset_pages_of_a_search_in_relevance_order_return_every_row_once(search: "3") [41 ms]
[dotnet]   Passed Erp.Kernel.Tests.ListEngineTests.Keyset_pages_of_a_search_in_relevance_order_return_every_row_once(search: "item 3") [54 ms]
[dotnet]   Passed Erp.Kernel.Tests.ListEngineTests.Keyset_pages_of_a_search_in_relevance_order_return_every_row_once(search: "c-0") [77 ms]
[dotnet]   Passed Erp.Kernel.Tests.ListEngineTests.Matching_is_every_row_the_search_and_filter_select_whatever_the_paging_sort_or_grouping [39 ms]
[dotnet]   Passed Erp.Kernel.Tests.SecurityTests.Password_hashes_verify_only_the_right_password_and_use_unique_salts [995 ms]
[dotnet]   Passed Erp.Kernel.Tests.ListArabicSearchFieldsTests.A_Latin_search_queries_the_same_fields_as_before_and_an_Arabic_one_adds_the_Arabic_field [2 s]
[dotnet]   Passed Erp.Kernel.Tests.ListArabicSearchFieldsTests.Arabic_search_fields_are_text_columns_and_are_bound [2 ms]
[dotnet]   Passed Erp.Kernel.Tests.ListArabicSearchFieldsTests.Latin_words_never_search_the_Arabic_field [21 ms]
[dotnet]   Passed Erp.Modules.Reports.Tests.RenderingTests.Each_script_is_drawn_with_a_font_that_has_it [4 ms]
[dotnet]   Passed Erp.Modules.Reports.Tests.RenderingTests.The_first_strong_character_decides_a_values_direction [< 1 ms]
[dotnet]   Passed Erp.Modules.Reports.Tests.RenderingTests.Xlsx_has_a_right_to_left_sheet_with_numbers_as_numbers [5 ms]
[dotnet]   Passed Erp.Modules.Reports.Tests.RenderingTests.A_very_long_unbroken_value_wraps_quickly_into_at_most_the_lines_kept(arabic: True) [136 ms]
[dotnet]   Passed Erp.Modules.Reports.Tests.RenderingTests.A_very_long_unbroken_value_wraps_quickly_into_at_most_the_lines_kept(arabic: False) [67 ms]
[dotnet]   Passed Erp.Modules.Reports.Tests.RenderingTests.Csv_carries_the_rows_only_so_another_program_reads_every_line_as_data [< 1 ms]
[dotnet]   Passed Erp.Modules.Reports.Tests.RenderingTests.Xlsx_writes_totals_in_more_than_one_currency_as_text_and_adds_no_total_to_a_report_without_one [74 ms]
[dotnet]   Passed Erp.Modules.Reports.Tests.RenderingTests.A_wide_table_turns_the_page_to_landscape [51 ms]
[dotnet]   Passed Erp.Modules.Reports.Tests.RenderingTests.A_long_report_breaks_into_pages_with_the_header_on_each_and_page_numbers [172 ms]
[dotnet]   Passed Erp.Modules.Reports.Tests.RenderingTests.Long_text_wraps_at_spaces_within_the_width [< 1 ms]
[dotnet]   Passed Erp.Modules.Reports.Tests.RenderingTests.A_pdf_starts_with_a_well_formed_header [1 ms]
[dotnet]   Passed Erp.Modules.Reports.Tests.RenderingTests.Csv_starts_with_a_byte_order_mark_keeps_raw_values_and_defuses_formulas [2 ms]
[dotnet]   Passed Erp.Modules.Reports.Tests.RenderingTests.Xlsx_cut_at_its_row_limit_says_so_under_the_table_outside_the_filter [2 ms]
[dotnet]   Passed Erp.Modules.Reports.Tests.RenderingTests.An_arabic_pdf_is_readable_right_to_left_with_its_fonts_embedded [50 ms]
[dotnet]   Passed Erp.Modules.Reports.Tests.RenderingTests.Arabic_runs_are_written_whole_and_in_reading_order_so_a_reader_extracts_words_intact [11 ms]
[dotnet]   Passed Erp.Modules.Reports.Tests.RenderingTests.Numbers_amounts_and_dates_follow_the_language_and_digits [< 1 ms]
[dotnet]   Passed Erp.Modules.Reports.Tests.RenderingTests.A_pdf_embeds_only_the_glyphs_it_draws_and_every_letter_keeps_its_outline [41 ms]
[dotnet]   Passed Erp.Modules.Reports.Tests.RenderingTests.A_composite_glyph_keeps_the_glyphs_it_is_built_from [7 ms]
[dotnet]   Passed Erp.Kernel.Tests.ListArabicSearchFieldsTests.Arabic_words_find_people_by_their_Arabic_name_in_the_spellings_people_type [78 ms]
[dotnet]   Passed Erp.Kernel.Tests.ListEngineTests.A_search_too_broad_to_rank_keeps_the_default_order_on_every_page [679 ms]
[dotnet]   Passed Erp.Kernel.Tests.ListEngineTests.Search_filters_and_groups_select_the_right_rows [47 ms]
[dotnet]   Passed Erp.Kernel.Tests.ListEngineTests.A_search_word_expands_to_a_bounded_set_of_spellings [3 ms]
[dotnet]   Passed Erp.Kernel.Tests.ListEngineTests.Filters_are_bounded_in_length_and_complexity [< 1 ms]
[dotnet]   Passed Erp.Modules.Reports.Tests.RenderingTests.A_report_with_a_huge_cell_renders_in_seconds [104 ms]
[dotnet]   Passed Erp.Kernel.Tests.KernelDataTests.Bulk_insert_requires_a_bound_tenant [7 ms]
[dotnet]   Passed Erp.Kernel.Tests.KernelDataTests.Migrations_and_seeding_are_idempotent [581 ms]
[dotnet]   Passed Erp.Kernel.Tests.KernelDataTests.A_unit_of_work_cannot_switch_tenants [138 ms]
[dotnet]   Passed Erp.Kernel.Tests.KernelDataTests.Bulk_insert_cannot_smuggle_rows_into_another_tenant [47 ms]
[dotnet]   Passed Erp.Kernel.Tests.KernelDataTests.Using_a_module_context_before_binding_a_tenant_fails_loudly [19 ms]
[dotnet]   Passed Erp.Kernel.Tests.KernelDataTests.EF_refuses_to_write_a_row_for_another_tenant [43 ms]
[dotnet]   Passed Erp.Kernel.Tests.KernelDataTests.The_query_filter_is_a_second_layer_on_every_tenant_entity [27 ms]
[dotnet]   Passed Erp.Modules.Lists.Tests.SavedViewsTests.Every_change_to_a_view_is_audited_with_its_author [3 s]
[dotnet]   Passed Erp.Modules.Lists.Tests.SavedViewsTests.Personal_views_are_private_to_their_owner [1 s]
[dotnet]   Passed Erp.Modules.Lists.Tests.SavedViewsTests.Every_field_is_validated_against_the_list_in_the_users_language [1 s]
[dotnet]   Passed Erp.Modules.Lists.Tests.SavedViewsTests.Shared_views_reach_every_reader_and_only_sharers_change_them [612 ms]
[dotnet]   Passed Erp.Modules.Lists.Tests.SavedViewsTests.The_definition_describes_columns_operators_choices_presets_and_sharing [636 ms]
[dotnet] [xUnit.net 00:00:51.83]   Finished:    Erp.Modules.Lists.Tests (ID = '3ab372e8c1b058abe35539ecb2b78dba197b5a9f0242af81daadb3c7868d679e')
[dotnet]   Passed Erp.Modules.Identity.Tests.SharedDatasetSeedTests.Demo_seed_loads_the_shared_dataset_users_into_the_main_tenant [47 s]
[dotnet]   Passed Erp.Modules.Identity.Tests.SharedDatasetSeedTests.The_dataset_says_which_users_are_active_and_a_file_without_the_column_loads_all_active [18 ms]
[dotnet]   Passed Erp.Modules.Lists.Tests.SavedViewsTests.One_default_per_owner_and_names_unique_per_owner [1 s]
[dotnet] Results File: /out/trx/suite_net10.0_20261009125918.trx
[dotnet] 
[dotnet] Test Run Successful.
[dotnet] Total tests: 6
[dotnet]      Passed: 6
[dotnet]  Total time: 53.3794 Seconds
[dotnet]   Passed Erp.Modules.Identity.Tests.PlatformHttpTests.Server_errors_reveal_nothing_but_a_trace_id [1 s]
[dotnet]   Passed Erp.Modules.Identity.Tests.PlatformHttpTests.Unknown_api_paths_answer_404_problems_not_the_app_shell [56 ms]
[dotnet]   Passed Erp.Modules.Identity.Tests.PlatformHttpTests.Health_is_public_and_checks_the_database [106 ms]
[dotnet]   Passed Erp.Modules.Identity.Tests.PlatformHttpTests.Responses_carry_security_headers_and_api_responses_are_not_cached [26 ms]
[dotnet]   Passed Erp.Modules.Tenancy.Tests.TenantTests.Reading_and_renaming_need_their_permissions [3 s]
[dotnet]   Passed Erp.Modules.Reports.Tests.ReportApiTests.Another_tenants_company_or_no_company_is_not_found_and_bad_parameters_are_explained [5 s]
[dotnet]   Passed Erp.Modules.Tenancy.Tests.TenantTests.Each_user_reads_their_own_workspace [2 s]
[dotnet]   Passed Erp.Modules.Reports.Tests.ReportApiTests.Exports_carry_the_rows_as_csv_and_as_a_workbook [1 s]
[dotnet]   Passed Erp.Modules.Tenancy.Tests.AccessTests.Administrators_give_only_their_own_companies_and_never_change_their_own_access [11 s]
[dotnet]   Passed Erp.Modules.Tenancy.Tests.TenantTests.Renaming_needs_both_names_and_the_version_and_refuses_a_stale_version [1 s]
[dotnet]   Passed Erp.Modules.Reports.Tests.ReportApiTests.The_reports_isolation_probe_reports_requests_that_get_no_answer_and_runs_the_rest [165 ms]
[dotnet]   Passed Erp.Modules.Identity.Tests.UserLifecycleTests.The_permission_catalogue_carries_what_the_matrix_needs [4 s]
[dotnet]   Passed Erp.Modules.Reports.Tests.ReportApiTests.A_printed_users_list_names_the_roles_for_a_reader_of_roles_and_exports_moments_as_the_wall_clock [3 s]
[dotnet]   Passed Erp.Modules.Tenancy.Tests.GrantRulesTests.Only_someone_who_works_in_every_company_creates_a_company_or_changes_a_company_code [4 s]
[dotnet]   Passed Erp.Modules.Tenancy.Tests.AccessTests.A_new_user_works_in_no_company_until_given_access_and_then_only_in_the_companies_given [3 s]
[dotnet]   Passed Erp.Modules.Identity.Tests.UsersListTests.Bad_queries_are_refused_naming_the_parameter(parameter: "filter", value: "isActive eq 'yes'", code: "list.valueBoolean") [2 s]
[dotnet]   Passed Erp.Modules.Tenancy.Tests.AccessTests.The_access_list_pages_users_with_their_companies [1 s]
[dotnet]   Passed Erp.Modules.Identity.Tests.UsersListTests.Bad_queries_are_refused_naming_the_parameter(parameter: "filter", value: "language eq 'ar", code: "list.filterSyntax") [1 s]
[dotnet]   Passed Erp.Modules.Tenancy.Tests.CompanyTests.A_company_with_no_arabic_legal_name_is_headed_by_its_english_name_in_an_arabic_profile [4 s]
[dotnet]   Passed Erp.Modules.Tenancy.Tests.GrantRulesTests.The_access_version_tells_nothing_about_companies_the_caller_cannot_see [3 s]
[dotnet]   Passed Erp.Modules.Identity.Tests.UsersListTests.Bad_queries_are_refused_naming_the_parameter(parameter: "filter", value: "language eq", code: "list.filterSyntax") [1 s]
[dotnet]   Passed Erp.Modules.Identity.Tests.UsersListTests.Bad_queries_are_refused_naming_the_parameter(parameter: "filter", value: "(language eq 'ar'", code: "list.filterSyntax") [706 ms]
[dotnet]   Passed Erp.Modules.Identity.Tests.UsersListTests.Bad_queries_are_refused_naming_the_parameter(parameter: "after", value: "not-a-cursor", code: "list.invalidCursor") [567 ms]
[dotnet]   Passed Erp.Modules.Identity.Tests.UsersListTests.Bad_queries_are_refused_naming_the_parameter(parameter: "filter", value: "displayName eq 5", code: "list.valueText") [861 ms]
[dotnet]   Passed Erp.Modules.Tenancy.Tests.AccessTests.The_access_list_keeps_the_list_contract_and_needs_only_its_own_permission [3 s]
[dotnet]   Passed Erp.Modules.Identity.Tests.UsersListTests.Bad_queries_are_refused_naming_the_parameter(parameter: "filter", value: "createdAt ge 'yesterday'", code: "list.valueDateTime") [806 ms]
[dotnet]   Passed Erp.Modules.Identity.Tests.UserLifecycleTests.An_administrator_resets_a_password_and_the_user_is_signed_out_everywhere [8 s]
[dotnet]   Passed Erp.Modules.Identity.Tests.UsersListTests.Bad_queries_are_refused_naming_the_parameter(parameter: "filter", value: "isActive gt true", code: "list.operatorNotAllowed") [801 ms]
[dotnet]   Passed Erp.Modules.Tenancy.Tests.CompanyTests.Changes_need_the_version_read_and_a_company_can_be_deactivated_and_reactivated [3 s]
[dotnet]   Passed Erp.Modules.Tenancy.Tests.CompanyScopeTests.Binding_companies_with_a_query_in_the_same_round_trip_runs_the_query_inside_the_bound_scope [234 ms]
[dotnet]   Passed Erp.Modules.Tenancy.Tests.CompanyScopeTests.A_read_only_request_binding_is_read_only_from_the_first_statement [25 ms]
[dotnet]   Passed Erp.Modules.Tenancy.Tests.CompanyScopeTests.A_bound_scope_shows_only_its_companies_cannot_be_widened_and_refuses_writes_elsewhere [70 ms]
[dotnet]   Passed Erp.Modules.Tenancy.Tests.CompanyScopeTests.System_work_sees_every_company_and_a_user_sees_none_until_bound [31 ms]
[dotnet]   Passed Erp.Modules.Tenancy.Tests.CompanyScopeTests.The_workspace_record_is_written_only_by_a_unit_of_work_that_holds_the_whole_workspace [48 ms]
[dotnet]   Passed Erp.Modules.Reports.Tests.ReportApiTests.Another_areas_columns_and_parameters_are_left_out_for_a_caller_who_cannot_read_that_area [7 s]
[dotnet]   Passed Erp.Modules.Identity.Tests.UsersListTests.Bad_queries_are_refused_naming_the_parameter(parameter: "filter", value: "language eq 'ar' and", code: "list.filterSyntax") [369 ms]
[dotnet]   Passed Erp.Modules.Identity.Tests.UserLifecycleTests.Copying_a_role_keeps_its_permissions_under_a_new_name [1 s]
[dotnet]   Passed Erp.Modules.Identity.Tests.UsersListTests.Bad_queries_are_refused_naming_the_parameter(parameter: "groupBy", value: "nosuch", code: "list.unknownColumn") [652 ms]
[dotnet]   Passed Erp.Modules.Identity.Tests.UsersListTests.Bad_queries_are_refused_naming_the_parameter(parameter: "filter", value: "language = 'ar'", code: "list.filterSyntax") [583 ms]
[dotnet]   Passed Erp.Modules.Tenancy.Tests.CompanyTests.Branches_belong_to_one_company_and_codes_are_unique_within_it [2 s]
[dotnet]   Passed Erp.Modules.Reports.Tests.ReportApiTests.A_role_without_the_data_permission_cannot_run_the_report_and_does_not_see_it [927 ms]
[dotnet]   Passed Erp.Modules.Reports.Tests.ReportApiTests.The_printed_roles_list_names_each_roles_type_and_aligns_counts_as_numbers [418 ms]
[dotnet]   Passed Erp.Modules.Identity.Tests.UsersListTests.Bad_queries_are_refused_naming_the_parameter(parameter: "groupBy", value: "displayName", code: "list.notGroupable") [261 ms]
[dotnet]   Passed Erp.Modules.Identity.Tests.UsersListTests.Bad_queries_are_refused_naming_the_parameter(parameter: "filter", value: "language eq 'fr'", code: "list.valueChoice") [193 ms]
[dotnet]   Passed Erp.Modules.Identity.Tests.UsersListTests.Bad_queries_are_refused_naming_the_parameter(parameter: "sort", value: "display name", code: "list.sortSyntax") [545 ms]
[dotnet]   Passed Erp.Modules.Identity.Tests.UsersListTests.Bad_queries_are_refused_naming_the_parameter(parameter: "filter", value: "language gt 'ar'", code: "list.operatorNotAllowed") [384 ms]
[dotnet]   Passed Erp.Modules.Tenancy.Tests.GrantRulesTests.A_user_holding_only_the_access_permission_cannot_take_access_from_the_administrator [7 s]
[dotnet]   Passed Erp.Modules.Tenancy.Tests.AccessTests.The_working_company_is_kept_across_sessions_and_falls_back_when_access_is_removed [4 s]
[dotnet]   Passed Erp.Modules.Reports.Tests.ReportApiTests.The_api_description_gives_every_report_route_its_document_schema_and_file_types [1 s]
[dotnet]   Passed Erp.Modules.Identity.Tests.UsersListTests.Bad_queries_are_refused_naming_the_parameter(parameter: "sort", value: "nosuch", code: "list.unknownColumn") [771 ms]
[dotnet]   Passed Erp.Modules.Identity.Tests.UsersListTests.Bad_queries_are_refused_naming_the_parameter(parameter: "sort", value: "language", code: "list.notSortable") [875 ms]
[dotnet]   Passed Erp.Modules.Tenancy.Tests.CompanyTests.The_same_logo_in_two_companies_has_a_different_tag_in_each [1 s]
[dotnet]   Passed Erp.Modules.Tenancy.Tests.CompanyTests.Logos_must_be_real_images_of_the_stated_type_and_are_served_back [518 ms]
[dotnet]   Passed Erp.Modules.Tenancy.Tests.CompanyTests.The_companies_list_never_reads_logo_bytes_and_still_searches_filters_sorts_and_groups [642 ms]
[dotnet]   Passed Erp.Modules.Reports.Tests.ReportApiTests.A_list_of_records_in_a_cell_prints_as_their_codes [1 s]
[dotnet]   Passed Erp.Modules.Identity.Tests.UserLifecycleTests.The_access_view_says_what_a_user_can_do_and_which_role_grants_it [3 s]
[dotnet]   Passed Erp.Modules.Identity.Tests.UsersListTests.Bad_queries_are_refused_naming_the_parameter(parameter: "filter", value: "nosuch eq 'x'", code: "list.unknownColumn") [820 ms]
[dotnet]   Passed Erp.Modules.Identity.Tests.ModulePermissionsTests.A_role_that_may_only_view_and_create_contacts_works_end_to_end [9 s]
[dotnet]   Passed Erp.Kernel.Tests.BulkTimeoutTests.A_configured_bulk_timeout_is_used_and_an_unset_one_defaults_to_an_hour [< 1 ms]
[dotnet]   Passed Erp.Kernel.Tests.BulkTimeoutTests.A_bulk_timeout_below_the_minimum_or_unreadable_is_refused(value: "30") [< 1 ms]
[dotnet]   Passed Erp.Kernel.Tests.BulkTimeoutTests.A_bulk_timeout_below_the_minimum_or_unreadable_is_refused(value: "599") [< 1 ms]
[dotnet]   Passed Erp.Kernel.Tests.BulkTimeoutTests.A_bulk_timeout_below_the_minimum_or_unreadable_is_refused(value: "-1") [< 1 ms]
[dotnet]   Passed Erp.Kernel.Tests.BulkTimeoutTests.A_bulk_timeout_below_the_minimum_or_unreadable_is_refused(value: "ten minutes") [< 1 ms]
[dotnet]   Passed Erp.Kernel.Tests.BulkTimeoutTests.The_bulk_connection_cannot_be_chosen_after_the_unit_of_work_used_its_connection [130 ms]
[dotnet]   Passed Erp.Kernel.Tests.BulkTimeoutTests.The_bulk_loader_never_runs_a_statement_under_the_bulk_minimum_even_on_a_request_connection [2 ms]
[dotnet]   Passed Erp.Kernel.Tests.BulkTimeoutTests.Every_command_on_a_bulk_unit_of_work_inherits_the_long_timeout [104 ms]
[dotnet]   Passed Erp.Kernel.Tests.BulkTimeoutTests.A_seed_statement_longer_than_the_default_timeout_finishes [< 1 ms]
[dotnet] [xUnit.net 00:01:13.59]   Finished:    Erp.Kernel.Tests (ID = '1ac195ec15f33ab4788e3de64df3053333a57179a8cf50eb11a1918a6450c228')
[dotnet]   Passed Erp.Modules.Tenancy.Tests.CompanyTests.Validation_names_every_bad_field_in_the_callers_language [522 ms]
[dotnet]   Passed Erp.Kernel.Tests.BulkTimeoutTests.Request_units_of_work_keep_the_short_default_timeout [< 1 ms]
[dotnet] Results File: /out/trx/suite_net10.0_20261009125941.trx
[dotnet] 
[dotnet]   Passed Erp.Modules.Reports.Tests.ReportApiTests.A_list_prints_with_its_own_query_columns_and_totals [582 ms]
[dotnet] Test Run Successful.
[dotnet] Total tests: 184
[dotnet]      Passed: 184
[dotnet]  Total time: 1.2641 Minutes
[dotnet]   Passed Erp.Modules.Identity.Tests.UsersListTests.Bad_queries_are_refused_naming_the_parameter(parameter: "sort", value: "displayName,displayName", code: "list.sortSyntax") [1 s]
[dotnet]   Passed Erp.Modules.Tenancy.Tests.GrantRulesTests.A_user_who_also_works_in_branches_the_caller_does_not_is_read_only_to_the_caller_and_their_hidden_branches_are_not_counted [4 s]
[dotnet]   Passed Erp.Modules.Tenancy.Tests.CompanyTests.An_administrator_creates_a_company_works_in_it_and_reads_it_back [2 s]
[dotnet]   Passed Erp.Modules.Reports.Tests.ReportApiTests.The_branch_directory_groups_by_company_with_counts_and_by_any_groupable_column [2 s]
[dotnet]   Passed Erp.Modules.Identity.Tests.AuthTests.The_session_cookie_is_secure_over_https_and_not_on_plain_http [4 s]
[dotnet]   Passed Erp.Modules.Identity.Tests.AuthTests.The_session_probe_always_answers_200_even_with_a_stale_or_malformed_session_cookie [113 ms]
[dotnet]   Passed Erp.Modules.Tenancy.Tests.CompanyTests.A_company_or_branch_needs_only_a_name_and_gets_a_code_made_from_it [456 ms]
[dotnet]   Passed Erp.Modules.Reports.Tests.ReportApiTests.The_roles_report_counts_holders_in_one_company_as_the_roles_list_does [2 s]
[dotnet]   Passed Erp.Modules.Reports.Tests.ReportApiTests.The_roles_report_totals_users_and_permissions_per_kind_and_overall [1 s]
[dotnet]   Passed Erp.Modules.Identity.Tests.UsersListTests.A_search_in_relevance_order_pages_every_row_once_in_the_order_of_one_page(search: "a") [5 s]
[dotnet]   Passed Erp.Modules.Reports.Tests.ReportApiTests.A_company_profile_prints_in_arabic_from_an_english_session [1 s]
[dotnet]   Passed Erp.Modules.Reports.Tests.ReportApiTests.The_catalogue_lists_reports_and_lists_in_the_callers_language [289 ms]
[dotnet]   Passed Erp.Modules.Identity.Tests.UserLifecycleTests.Signed_in_users_change_their_password_by_proving_the_current_one_and_other_sessions_end [9 s]
[dotnet]   Passed Erp.Modules.Identity.Tests.UsersListTests.A_search_in_relevance_order_pages_every_row_once_in_the_order_of_one_page(search: "al m") [3 s]
[dotnet]   Passed Erp.Modules.Tenancy.Tests.GrantRulesTests.A_new_company_is_given_to_every_administrator_of_the_whole_workspace_and_to_nobody_holding_less [8 s]
[dotnet]   Passed Erp.Modules.Identity.Tests.UsersListTests.A_search_in_relevance_order_pages_every_row_once_in_the_order_of_one_page(search: "فاطمه") [915 ms]
[dotnet]   Passed Erp.Modules.Identity.Tests.AuthTests.Only_the_owner_changes_a_passkey_and_an_administrator_removes_another_users_passkeys [8 s]
[dotnet]   Passed Erp.Modules.Identity.Tests.MatchingUsersActiveTests.Another_workspaces_users_are_never_matched_or_changed [7 s]
[dotnet]   Passed Erp.Modules.Identity.Tests.UsersAndRolesTests.User_search_finds_by_name_or_email_and_escapes_wildcards [3 s]
[dotnet]   Passed Erp.Modules.Identity.Tests.UsersListTests.A_search_in_relevance_order_pages_every_row_once_in_the_order_of_one_page(search: "om") [758 ms]
[dotnet] [xUnit.net 00:01:25.99]   Finished:    Erp.Modules.Reports.Tests (ID = 'aa0ba11486d2994c9cc221f697ec8de6f8bbe06fde0d65669e5f45ee23fe8e20')
[dotnet]   Passed Erp.Modules.Tenancy.Tests.GrantRulesTests.A_branch_limited_administrator_sees_reads_changes_and_gives_only_their_own_branch [3 s]
[dotnet]   Passed Erp.Modules.Identity.Tests.UsersAndRolesTests.The_administrator_role_cannot_be_changed_or_deleted_and_grants_every_permission [2 s]
[dotnet]   Passed Erp.Modules.Identity.Tests.UsersListTests.A_search_in_relevance_order_pages_every_row_once_in_the_order_of_one_page(search: "haddad omar") [2 s]
[dotnet]   Passed Erp.Modules.Identity.Tests.UserLifecycleTests.An_invited_user_signs_in_once_with_the_set_up_code_and_chooses_a_password [5 s]
[dotnet]   Passed Erp.Modules.Identity.Tests.AuthTests.A_passkey_is_added_soon_after_signing_in_and_signs_in_from_any_start_without_an_email [3 s]
[dotnet]   Passed Erp.Modules.Reports.Tests.ReportApiTests.A_users_list_names_roles_beyond_the_first_page_of_roles [5 s]
[dotnet] Results File: /out/trx/suite_net10.0_20261009125954.trx
[dotnet] 
[dotnet] Test Run Successful.
[dotnet] Total tests: 52
[dotnet]      Passed: 52
[dotnet]  Total time: 1.4833 Minutes
[dotnet]   Passed Erp.Modules.Identity.Tests.UsersAndRolesTests.Permission_catalogue_is_labelled_in_the_users_language [1 s]
[dotnet]   Passed Erp.Modules.Identity.Tests.MatchingUsersActiveTests.Without_the_update_permission_the_request_is_forbidden_and_changes_nothing [3 s]
[dotnet]   Passed Erp.Modules.Identity.Tests.UsersListTests.Search_finds_a_name_written_in_Arabic [1 s]
[dotnet]   Passed Erp.Modules.Identity.Tests.UserCorrectionsTests.A_role_granting_more_than_the_caller_holds_is_neither_renamed_copied_nor_deleted_by_them [3 s]
[dotnet]   Passed Erp.Modules.Identity.Tests.UsersListTests.Sorting_orders_by_the_column_with_nulls_last_ascending_and_first_descending [646 ms]
[dotnet]   Passed Erp.Modules.Identity.Tests.UserLifecycleTests.An_expired_set_up_code_fails_like_a_wrong_password [2 s]
[dotnet]   Passed Erp.Modules.Tenancy.Tests.GrantRulesTests.Saving_access_needs_the_version_read_and_two_saves_never_overwrite_each_other [3 s]
[dotnet]   Passed Erp.Modules.Identity.Tests.AuthTests.The_pause_ends_by_itself_when_the_failures_leave_the_window [3 s]
[dotnet]   Passed Erp.Modules.Identity.Tests.UserCorrectionsTests.A_user_has_a_name_in_Arabic_that_the_list_filters [2 s]
[dotnet]   Passed Erp.Gates.Tests.SelfTests.GateSelfTests.The_database_check_catches_a_unique_index_across_tenants [251 ms]
[dotnet]   Passed Erp.Modules.Identity.Tests.UsersListTests.Keyset_paging_returns_the_same_rows_in_the_same_order_as_one_page(sort: "-displayName") [2 s]
[dotnet]   Passed Erp.Modules.Identity.Tests.MatchingUsersActiveTests.The_filter_narrows_the_match_and_a_changed_count_changes_nothing [4 s]
[dotnet]   Passed Erp.Modules.Identity.Tests.UsersListTests.Keyset_paging_returns_the_same_rows_in_the_same_order_as_one_page(sort: "displayName") [1 s]
[dotnet]   Passed Erp.Modules.Tenancy.Tests.GrantRulesTests.Only_someone_who_works_in_every_company_and_branch_changes_the_workspace [2 s]
[dotnet]   Passed Erp.Modules.Identity.Tests.UserCorrectionsTests.The_sign_in_address_of_another_user_is_corrected_and_stays_unique_in_the_workspace [4 s]
[dotnet]   Passed Erp.Modules.Identity.Tests.UsersListTests.Keyset_paging_returns_the_same_rows_in_the_same_order_as_one_page(sort: "createdAt") [3 s]
[dotnet]   Passed Erp.Modules.Identity.Tests.AuthTests.Five_failures_pause_that_client_without_saying_so_until_an_administrator_unblocks [6 s]
[dotnet]   Passed Erp.Modules.Identity.Tests.UsersAndRolesTests.Racing_deletes_and_unblocks_of_one_user_answer_without_a_server_error [9 s]
[dotnet]   Passed Erp.Modules.Identity.Tests.CompanyRolesTests.Roles_in_one_company_are_created_shown_changed_and_explained [6 s]
[dotnet]   Passed Erp.Modules.Identity.Tests.AuthTests.A_suspended_workspace_cannot_be_signed_in_to [1 s]
[dotnet]   Passed Erp.Modules.Identity.Tests.UsersListTests.Keyset_paging_returns_the_same_rows_in_the_same_order_as_one_page(sort: "lastSignInAt,-displayName") [2 s]
[dotnet]   Passed Erp.Modules.Identity.Tests.UsersListTests.Keyset_paging_returns_the_same_rows_in_the_same_order_as_one_page(sort: "-createdAt") [1 s]
[dotnet]   Passed Erp.Modules.Identity.Tests.CompanyRolesTests.Invalid_company_roles_are_refused_with_field_errors [2 s]
[dotnet]   Passed Erp.Modules.Identity.Tests.UsersAndRolesTests.Changing_the_language_preference_follows_the_user [5 s]
[dotnet]   Passed Erp.Modules.Identity.Tests.UsersListTests.Keyset_paging_returns_the_same_rows_in_the_same_order_as_one_page(sort: "email") [2 s]
[dotnet]   Passed Erp.Modules.Identity.Tests.UserCorrectionsTests.A_user_who_never_signed_in_is_deleted_and_anyone_who_signed_in_stays [7 s]
[dotnet]   Passed Erp.Modules.Identity.Tests.RateLimitTests.Sign_in_attempts_beyond_the_limit_get_429_with_a_localized_problem [6 s]
[dotnet]   Passed Erp.Modules.Tenancy.Tests.ProvisioningTests.Suspending_a_workspace_ends_its_sessions_and_activating_it_restores_sign_in [4 s]
[dotnet]   Passed Erp.Modules.Identity.Tests.CompanyRolesTests.Users_by_role_lists_a_role_held_in_one_company_with_that_company [3 s]
[dotnet]   Passed Erp.Modules.Identity.Tests.UsersListTests.Keyset_paging_returns_the_same_rows_in_the_same_order_as_one_page(sort: "-lastSignInAt") [1 s]
[dotnet]   Passed Erp.Modules.Tenancy.Tests.ProvisioningTests.An_operator_provisions_a_workspace_with_its_first_company_branch_and_administrator [2 s]
[dotnet]   Passed Erp.Modules.Identity.Tests.UsersAndRolesTests.The_digits_preference_follows_the_user_and_leaves_the_language_alone [3 s]
[dotnet]   Passed Erp.Modules.Identity.Tests.MatchingUsersActiveTests.Deactivates_every_matching_user_except_the_caller_and_stronger_users_and_audits_each_change [13 s]
[dotnet]   Passed Erp.Modules.Identity.Tests.UsersListTests.Keyset_paging_returns_the_same_rows_in_the_same_order_as_one_page(sort: "lastSignInAt") [2 s]
[dotnet] [xUnit.net 00:01:46.27]   Finished:    Erp.Modules.Tenancy.Tests (ID = '7c336b43d696105a19512de164fe1230cb02ef2c7773107fd16d0ceb1101f39a')
[dotnet]   Passed Erp.Modules.Tenancy.Tests.ProvisioningTests.Workspace_settings_are_validated_and_kept [580 ms]
[dotnet]   Passed Erp.Modules.Identity.Tests.UsersAndRolesTests.Saving_over_someone_elses_change_is_refused [515 ms]
[dotnet]   Passed Erp.Modules.Identity.Tests.UsersListTests.Filters_select_exactly_the_matching_rows [1 s]
[dotnet]   Passed Erp.Modules.Identity.Tests.CompanyRolesTests.Deleting_a_role_or_a_user_removes_their_company_assignments [3 s]
[dotnet]   Passed Erp.Modules.Identity.Tests.MatchingUsersActiveTests.Bad_requests_are_refused_by_field_and_change_nothing [1 s]
[dotnet] Results File: /out/trx/suite_net10.0_20261009130015.trx
[dotnet] 
[dotnet] Test Run Successful.
[dotnet] Total tests: 33
[dotnet]      Passed: 33
[dotnet]  Total time: 1.8221 Minutes
[dotnet]   Passed Erp.Modules.Identity.Tests.UsersAndRolesTests.Validation_errors_name_each_field_in_the_requested_language [1 s]
[dotnet]   Passed Erp.Modules.Identity.Tests.AuthTests.The_same_email_in_two_workspaces_asks_which_one_only_when_both_passwords_match [9 s]
[dotnet]   Passed Erp.Modules.Identity.Tests.UsersListTests.Search_matches_every_word_in_any_search_field_ignoring_case_and_order [1 s]
[dotnet]   Passed Erp.Modules.Identity.Tests.UsersAndRolesTests.Duplicate_email_in_the_same_workspace_is_a_conflict [973 ms]
[dotnet]   Passed Erp.Modules.Identity.Tests.AuthTests.Cookie_requests_that_change_data_need_the_request_header [989 ms]
[dotnet]   Passed Erp.Modules.Identity.Tests.UsersListTests.A_cursor_belongs_to_its_sort_and_cannot_be_combined_with_skip [325 ms]
[dotnet]   Passed Erp.Modules.Identity.Tests.CompanyRolesTests.The_seeded_accountant_manages_the_first_company_and_reads_the_second [1 s]
[dotnet]   Passed Erp.Modules.Identity.Tests.UsersListTests.A_search_lists_the_best_match_first_and_reads_Arabic_spelling_variants [822 ms]
[dotnet]   Passed Erp.Modules.Identity.Tests.AuthTests.Expired_sessions_and_malformed_tokens_are_refused [1 s]
[dotnet]   Passed Erp.Modules.Identity.Tests.AuthTests.Signing_in_returns_the_session_and_sets_a_strict_http_only_cookie [195 ms]
[dotnet]   Passed Erp.Modules.Identity.Tests.UsersListTests.Grouping_counts_every_matching_row_once [325 ms]
[dotnet]   Passed Erp.Modules.Identity.Tests.UsersListTests.The_roles_list_serves_the_same_contract_in_memory [307 ms]
[dotnet]   Passed Erp.Modules.Identity.Tests.AuthTests.Deactivating_a_user_ends_their_sessions [1 s]
[dotnet]   Passed Erp.Modules.Identity.Tests.AuthTests.Wrong_password_and_unknown_email_get_the_same_answer [767 ms]
[dotnet]   Passed Erp.Modules.Identity.Tests.CompanyRolesTests.An_administrator_sets_where_another_user_starts_work [3 s]
[dotnet]   Passed Erp.Modules.Identity.Tests.AuthTests.Signing_in_to_one_account_from_several_clients_at_once_succeeds_for_each [2 s]
[dotnet]   Passed Erp.Modules.Identity.Tests.AuthTests.A_passkey_answer_is_refused_unless_every_check_holds_and_every_refusal_reads_the_same [2 s]
[dotnet]   Passed Erp.Modules.Identity.Tests.CompanyRolesTests.All_that_match_leaves_alone_users_whose_roles_in_one_company_the_caller_does_not_cover [6 s]
[dotnet]   Passed Erp.Modules.Identity.Tests.AuthTests.Signing_in_from_a_signed_in_browser_answers_for_the_new_session_only [2 s]
[dotnet]   Passed Erp.Modules.Identity.Tests.AuthTests.Signing_out_revokes_the_session_for_good [444 ms]
[dotnet] [xUnit.net 00:02:01.18]   Finished:    Erp.Modules.Identity.Tests (ID = 'c22946a00a079b5bd17fa697d59967873c784c899ebaee038a5706484c46b106')
[dotnet]   Passed Erp.Modules.Identity.Tests.AuthTests.Adding_a_passkey_needs_a_recent_sign_in_this_sessions_challenge_and_an_answer_for_this_site [1 s]
[dotnet] Results File: /out/trx/suite_net10.0_20261009130029.trx
[dotnet] 
[dotnet] Test Run Successful.
[dotnet] Total tests: 98
[dotnet]      Passed: 98
[dotnet]  Total time: 2.0656 Minutes
[dotnet]   Passed Erp.Gates.Tests.SelfTests.GateSelfTests.The_set_takeover_check_catches_all_that_match_letting_a_grant_held_in_one_company_cover_another [5 m 38 s]
[dotnet]   Passed Erp.Gates.Tests.SelfTests.GateSelfTests.The_subject_check_catches_me_endpoints_that_act_on_the_user_a_request_names [9 s]
[dotnet]   Passed Erp.Gates.Tests.SelfTests.GateSelfTests.The_company_grant_check_catches_access_given_without_checking_the_caller_or_the_user [41 s]
[dotnet]   Passed Erp.Gates.Tests.SelfTests.GateSelfTests.The_database_check_catches_a_table_without_row_level_security [367 ms]
[dotnet]   Passed Erp.Gates.Tests.SelfTests.GateSelfTests.The_reachable_state_walk_says_when_it_stopped_at_its_object_budget [1 s]
[dotnet]   Passed Erp.Gates.Tests.SelfTests.GateSelfTests.The_report_data_check_catches_a_report_printing_data_its_permission_does_not_grant [4 m 14 s]
[dotnet]   Passed Erp.Gates.Tests.SelfTests.GateSelfTests.The_reachable_state_walk_judges_every_field_of_registration_objects [92 ms]
[dotnet]   Passed Erp.Gates.Tests.SelfTests.GateSelfTests.The_set_takeover_check_catches_all_that_match_judging_nothing_or_only_roles_held_everywhere [20 ms]
[dotnet]   Passed Erp.Gates.Tests.SelfTests.GateSelfTests.The_company_policy_check_catches_own_rows_writable_outside_the_scope [528 ms]
[dotnet]   Passed Erp.Gates.Tests.SelfTests.GateSelfTests.The_grant_escalation_check_catches_grant_checks_that_compare_only_identity_permissions [2 m 31 s]
[dotnet]   Passed Erp.Gates.Tests.SelfTests.GateSelfTests.The_process_state_check_catches_a_static_cache_and_a_stateful_singleton [1 s]
[dotnet]   Passed Erp.Gates.Tests.G1.G1CompanyIsolationTests.A_user_of_company_X_cannot_reach_company_Y_through_any_endpoint [14 m 19 s]
[dotnet]   Passed Erp.Gates.Tests.SelfTests.ResponseTextSelfTests.Only_a_recent_instant_and_a_short_dated_text_are_scrubbed_as_the_print_stamp [1 ms]
[dotnet]   Passed Erp.Gates.Tests.SelfTests.ResponseTextSelfTests.A_compressed_pdf_and_a_zipped_workbook_are_read_for_their_text [61 ms]
[dotnet]   Passed Erp.Gates.Tests.SelfTests.ResponseTextSelfTests.Right_to_left_runs_are_also_given_in_logical_order [< 1 ms]
[dotnet]   Passed Erp.Gates.Tests.G2.G2PermissionTests.Every_declared_permission_is_in_the_catalogue_and_every_catalogue_permission_is_used [12 ms]
[dotnet]   Passed Erp.Gates.Tests.G2.G2PermissionTests.Every_permissioned_endpoint_is_enforced_by_a_policy_requiring_its_permission [1 ms]
[dotnet]   Passed Erp.Gates.Tests.G2.G2PermissionTests.Every_endpoint_declares_exactly_one_permission_or_is_reviewed_anonymous [9 ms]
[dotnet]   Passed Erp.Gates.Tests.G2.G2PermissionTests.A_user_whose_roles_grant_nothing_is_denied_everything_and_sees_no_menu [5 s]
[dotnet]   Passed Erp.Gates.Tests.G2.G2PermissionTests.Every_list_endpoint_needs_the_lists_own_permission_and_shared_view_writes_need_sharing [18 s]
[dotnet]   Passed Erp.Gates.Tests.G2.G2PermissionTests.The_host_refuses_to_start_with_an_endpoint_whose_permission_is_not_in_the_catalogue [264 ms]
[dotnet]   Passed Erp.Gates.Tests.G2.G2PermissionTests.Users_cannot_escalate_their_own_privileges [1 s]
[dotnet]   Passed Erp.Gates.Tests.G2.G2PermissionTests.The_host_refuses_a_permissioned_endpoint_that_also_allows_anonymous_callers [22 ms]
[dotnet]   Passed Erp.Gates.Tests.G2.G2PermissionTests.Creating_a_user_cannot_grant_more_than_the_caller_holds [3 s]
[dotnet]   Passed Erp.Gates.Tests.G2.G2PermissionTests.Anonymous_callers_get_401_from_every_permissioned_endpoint [46 ms]
[dotnet]   Passed Erp.Gates.Tests.G2.G2PermissionTests.The_reviewed_permission_map_catches_a_weaker_permission_an_unreviewed_endpoint_and_a_stale_line [281 ms]
[dotnet]   Passed Erp.Gates.Tests.G2.G2PermissionTests.The_host_refuses_a_permission_declared_as_metadata_that_no_policy_enforces [47 ms]
[dotnet]   Passed Erp.Gates.Tests.G2.G2PermissionTests.Every_registered_list_is_readable_with_its_permission_alone [7 s]
[dotnet]   Passed Erp.Gates.Tests.G2.G2PermissionTests.The_host_refuses_a_list_whose_endpoint_declares_another_permission [68 ms]
[dotnet]   Passed Erp.Gates.Tests.G2.G2PermissionTests.Sharing_a_view_needs_the_share_permission_and_the_lists_own_permission [2 s]
[dotnet]   Passed Erp.Gates.Tests.G2.G2PermissionTests.Undeclared_endpoints_fall_back_to_deny [11 ms]
[dotnet]   Passed Erp.Gates.Tests.G2.G2PermissionTests.The_host_refuses_to_start_with_an_endpoint_that_declares_no_permission [21 ms]
[dotnet]   Passed Erp.Gates.Tests.G2.G2PermissionTests.Requests_that_only_read_cannot_write [48 ms]
[dotnet]   Passed Erp.Gates.Tests.G2.G2PermissionTests.No_endpoint_grants_more_than_the_caller_holds [33 s]
[dotnet]   Passed Erp.Gates.Tests.G2.G2PermissionTests.Every_module_route_is_under_a_reviewed_map_or_derives_its_permission_from_its_list [10 ms]
[dotnet]   Passed Erp.Gates.Tests.G2.G2PermissionTests.Granting_exactly_one_permission_opens_exactly_the_endpoints_that_declare_it [1 m 32 s]
[dotnet]   Passed Erp.Gates.Tests.G2.G2PermissionTests.No_endpoint_that_changes_data_is_guarded_by_a_read_permission [4 ms]
[dotnet]   Passed Erp.Gates.Tests.G2.G2PermissionTests.Every_endpoint_under_a_reviewed_prefix_declares_exactly_its_reviewed_permission [3 ms]
[dotnet]   Passed Erp.Gates.Tests.G2.G2PermissionTests.The_declaration_check_catches_AllowAnonymous_stacked_on_a_permission [33 ms]
[dotnet]   Passed Erp.Gates.Tests.SelfTests.GateSelfTests.The_grant_bearing_record_check_catches_access_checks_that_compare_only_identity_permissions [3 m 50 s]
[dotnet]   Passed Erp.Gates.Tests.SelfTests.GateSelfTests.The_company_policy_check_catches_a_company_table_without_the_company_scope [922 ms]
[dotnet]   Passed Erp.Gates.Tests.SelfTests.GateSelfTests.The_grant_bearing_record_check_catches_a_role_delete_without_the_grant_check [4 ms]
[dotnet]   Passed Erp.Gates.Tests.SelfTests.GateSelfTests.The_grant_bearing_record_check_catches_an_edit_that_skips_the_access_check_when_only_the_email_changes [5 ms]
[dotnet]   Passed Erp.Gates.Tests.SelfTests.GateSelfTests.The_grant_escalation_check_catches_an_endpoint_that_grants_any_role [1 ms]
[dotnet]   Passed Erp.Gates.Tests.SelfTests.GateSelfTests.The_permission_checks_catch_a_write_guarded_by_a_read_permission_and_a_read_that_writes [545 ms]
[dotnet]   Passed Erp.Gates.Tests.SelfTests.WriteOracleSelfTests.The_write_oracle_check_catches_a_write_telling_another_tenants_id_inside_a_list_of_objects_from_an_unknown_one [16 s]
[dotnet]   Passed Erp.Gates.Tests.SelfTests.ReportPrintSelfTests.The_report_data_check_catches_exports_beyond_their_document_and_list_prints_beyond_their_list [41 s]
[dotnet]   Passed Erp.Gates.Tests.Rules.StringGateTests.Every_problem_and_validation_code_in_server_code_has_text [239 ms]
[dotnet]   Passed Erp.Gates.Tests.Rules.StringGateTests.Server_string_files_have_matching_English_and_Arabic_keys [15 ms]
[dotnet]   Passed Erp.Gates.Tests.Rules.StringGateTests.Web_string_files_have_matching_English_and_Arabic_keys [6 ms]
[dotnet]   Passed Erp.Gates.Tests.Rules.StringGateTests.Every_permission_module_and_menu_entry_has_labels [15 ms]
[dotnet]   Passed Erp.Gates.Tests.Rules.StringGateTests.Count_messages_use_plural_forms [11 ms]
[dotnet]   Passed Erp.Gates.Tests.Rules.ShellGateTests.Screens_format_numbers_amounts_and_dates_through_the_kernel_formatter [51 ms]
[dotnet]   Passed Erp.Gates.Tests.Rules.ShellGateTests.Language_and_digit_fields_document_their_allowed_values [187 ms]
[dotnet]   Passed Erp.Gates.Tests.Rules.ShellGateTests.Stylesheets_and_inline_styles_use_logical_directions_only [453 ms]
[dotnet]   Passed Erp.Gates.Tests.Rules.ShellGateTests.Every_navigation_group_has_an_English_and_Arabic_heading [3 ms]
[dotnet]   Passed Erp.Gates.Tests.Rules.ReportGateTests.Every_report_and_printable_list_renders_in_every_format_and_both_languages [9 s]
[dotnet]   Passed Erp.Gates.Tests.Rules.ReportGateTests.Every_list_is_printable_and_every_report_is_well_formed [2 ms]
[dotnet]   Passed Erp.Gates.Tests.Rules.RegistrationGateTests.Every_registered_list_is_served_as_a_page_whose_rows_carry_its_columns [14 ms]
[dotnet]   Passed Erp.Gates.Tests.Rules.RegistrationGateTests.Navigation_reaches_every_screen_and_every_menu_entry_opens_a_screen_with_its_permission [8 ms]
[dotnet]   Passed Erp.Gates.Tests.Rules.OpenApiGateTests.The_document_is_the_same_for_every_caller_and_never_repeats_the_host_it_was_asked_on [381 ms]
[dotnet]   Passed Erp.Gates.Tests.Rules.OpenApiGateTests.OpenApi_document_covers_every_endpoint_with_its_permission [347 ms]
[dotnet]   Passed Erp.Gates.Tests.Rules.OpenApiGateTests.Decimals_are_documented_as_strings [12 ms]
[dotnet]   Passed Erp.Gates.Tests.Rules.OpenApiGateTests.The_served_description_is_the_whole_current_document_the_same_for_every_caller [822 ms]
[dotnet]   Passed Erp.Gates.Tests.Rules.MoneyGateTests.No_floating_point_or_money_columns_in_the_database [135 ms]
[dotnet]   Passed Erp.Gates.Tests.Rules.MoneyGateTests.No_float_or_double_in_server_code [164 ms]
[dotnet]   Passed Erp.Gates.Tests.Rules.MoneyGateTests.No_parseFloat_in_front_end_code [14 ms]
[dotnet]   Passed Erp.Gates.Tests.Rules.ModuleBoundaryGateTests.Modules_use_one_another_only_through_their_contracts [20 ms]
[dotnet]   Passed Erp.Gates.Tests.Rules.ModuleBoundaryGateTests.The_boundary_check_catches_a_module_reaching_into_another_one [2 ms]
[dotnet]   Passed Erp.Gates.Tests.Rules.ListIndexGateTests.Search_fields_and_sortable_columns_of_database_lists_are_indexed [409 ms]
[dotnet]   Passed Erp.Gates.Tests.Rules.ListContractGateTests.Every_sortable_column_orders_its_list_both_ways_and_keyset_paging_matches_one_page [14 s]
[dotnet]   Passed Erp.Gates.Tests.Rules.ListContractGateTests.Every_filterable_column_filters_its_list_and_other_columns_are_refused [9 s]
[dotnet]   Passed Erp.Gates.Tests.Rules.ListContractGateTests.Every_registered_list_documents_the_list_query_contract_and_its_definition [396 ms]
[dotnet]   Passed Erp.Gates.Tests.Rules.ListContractGateTests.Every_search_field_is_searched_word_by_word_and_grouping_counts_every_row_once [1 s]
[dotnet]   Passed Erp.Gates.Tests.Rules.LicenceGateTests.The_font_check_catches_an_unreviewed_font_changed_bytes_and_a_missing_licence [16 ms]
[dotnet]   Passed Erp.Gates.Tests.Rules.LicenceGateTests.Every_NuGet_package_has_an_allowed_licence [249 ms]
[dotnet]   Passed Erp.Gates.Tests.Rules.LicenceGateTests.Every_font_file_in_the_repository_is_reviewed_with_its_licence_beside_it [518 ms]
[dotnet]   Passed Erp.Gates.Tests.Rules.LicenceGateTests.Every_npm_package_has_an_allowed_licence [23 ms]
[dotnet]   Passed Erp.Gates.Tests.Rules.BulkTimeoutGateTests.Only_the_seed_runner_and_the_platform_build_the_application_pools [22 ms]
[dotnet]   Passed Erp.Gates.Tests.Rules.BulkTimeoutGateTests.Bulk_code_never_sets_a_literal_command_timeout_or_opens_its_own_connection [12 ms]
[dotnet]   Passed Erp.Gates.Tests.Rules.BulkTimeoutGateTests.The_seed_runner_puts_every_tenant_seed_on_the_bulk_pool [< 1 ms]
[dotnet]   Passed Erp.Gates.Tests.SelfTests.WriteOracleSelfTests.The_write_oracle_check_catches_a_create_that_refuses_another_tenants_address [45 s]
[dotnet]   Passed Erp.Gates.Tests.Rules.AuditGateTests.Every_tenant_table_carries_the_audit_trigger_unless_reviewed_exempt [89 ms]
[dotnet]   Passed Erp.Gates.Tests.Rules.AuditGateTests.Changing_ones_own_interface_preferences_is_audited_field_by_field [1 s]
[dotnet]   Passed Erp.Gates.Tests.Rules.AuditGateTests.Writes_through_the_API_leave_field_level_audit_rows_attributed_to_the_user [895 ms]
[dotnet]   Passed Erp.Gates.Tests.Rules.AuditGateTests.Writes_that_bypass_the_ORM_are_audited_too [117 ms]
[dotnet]   Passed Erp.Gates.Tests.Rules.AuditGateTests.Passwords_are_redacted_in_the_audit_trail [672 ms]
[dotnet]   Passed Erp.Gates.Tests.G2.G2ReportDataTests.The_report_catalogue_lists_only_what_the_caller_may_run_and_see [7 s]
[dotnet]   Passed Erp.Gates.Tests.G2.G2SubjectTests.An_action_on_the_caller_never_acts_on_another_user_the_request_names [1 m 41 s]
[dotnet]   Passed Erp.Gates.Tests.G2.G2ReportDataTests.Every_report_prints_only_data_its_permissions_show_elsewhere [1 m 52 s]
[dotnet]   Passed Erp.Gates.Tests.G2.G2CompanyAccessGrantTests.Company_access_is_given_and_taken_only_within_what_the_caller_holds_and_never_from_a_stronger_user [19 s]
[dotnet]   Passed Erp.Gates.Tests.G2.G2CompanyRoleTests.A_permission_held_in_one_company_is_denied_while_working_in_another [1 m 4 s]
[dotnet]   Passed Erp.Gates.Tests.G2.G2CompanyRoleTests.An_administrator_of_one_company_grants_and_acts_only_within_it [9 s]
[dotnet]   Passed Erp.Gates.Tests.G1.G1UniqueIndexTests.Unique_indexes_on_tenant_tables_include_the_tenant [715 ms]
[dotnet]   Passed Erp.Gates.Tests.G1.G1TenantValueRuleTests.Every_shape_of_setting_change_is_read_with_its_value [80 ms]
[dotnet]   Passed Erp.Gates.Tests.G1.G1TenantValueRuleTests.A_request_may_run_its_SQL_only_under_the_tenant_it_may_bind [9 ms]
[dotnet]   Passed Erp.Gates.Tests.G1.G1TenantSourceTests.Only_reviewed_files_choose_a_tenant_or_step_around_the_unit_of_work [447 ms]
[dotnet]   Passed Erp.Gates.Tests.G1.G1TenantSourceTests.The_scanner_catches_every_planted_bypass [2 ms]
[dotnet]   Passed Erp.Gates.Tests.G1.G1TenantSettingCodeTests.Only_reviewed_methods_name_the_tenant_setting [119 ms]
[dotnet]   Passed Erp.Gates.Tests.G1.G1TenantSettingCodeTests.The_scan_finds_a_helper_that_names_the_tenant_setting [81 ms]
[dotnet]   Passed Erp.Gates.Tests.G1.G1RowVersionTests.A_record_version_is_never_a_database_transaction_id [4 s]
[dotnet]   Passed Erp.Gates.Tests.G1.G1ReviewedLookupTests.Only_reviewed_source_files_name_a_reviewed_function [12 ms]
[dotnet]   Passed Erp.Gates.Tests.G1.G1ReviewedLookupTests.Every_reviewed_function_has_reviewed_callers_and_sources [2 ms]
[dotnet]   Passed Erp.Gates.Tests.G1.G1ReviewedLookupTests.Reviewed_lookups_answer_nothing_inside_a_tenant_bound_transaction [385 ms]
[dotnet]   Passed Erp.Gates.Tests.G1.G1ProcessStateTests.Process_wide_state_is_immutable_or_reviewed [811 ms]
[dotnet]   Passed Erp.Gates.Tests.G1.G1PasskeyTests.Tenant_A_cannot_sign_in_to_or_reach_tenant_Bs_passkeys_and_learns_nothing_of_them [1 s]
[dotnet]   Passed Erp.Gates.Tests.G1.G1DatabaseIsolationTests.Every_table_is_tenant_owned_or_a_reviewed_platform_table [68 ms]
[dotnet]   Passed Erp.Gates.Tests.G1.G1DatabaseIsolationTests.A_tenant_set_for_the_whole_connection_or_left_by_an_earlier_transaction_is_ignored [113 ms]
[dotnet]   Passed Erp.Gates.Tests.G1.G1DatabaseIsolationTests.Application_role_sees_and_changes_only_its_own_tenant_in_every_tenant_table [2 s]
[dotnet]   Passed Erp.Gates.Tests.G1.G1DatabaseIsolationTests.Foreign_keys_between_tenant_tables_include_the_tenant [52 ms]
[dotnet]   Passed Erp.Gates.Tests.G1.G1DatabaseIsolationTests.Tenant_tables_have_an_id_primary_key [192 ms]
[dotnet]   Passed Erp.Gates.Tests.G1.G1DatabaseIsolationTests.Tenant_tables_enforce_row_level_security_with_the_standard_policy [168 ms]
[dotnet]   Passed Erp.Gates.Tests.G1.G1DatabaseIsolationTests.Security_definer_functions_are_exactly_the_reviewed_ones [42 ms]
[dotnet]   Passed Erp.Gates.Tests.G1.G1WriteOracleTests.Writes_answer_the_same_for_another_tenants_values_as_for_values_that_exist_nowhere [38 s]
[dotnet]   Passed Erp.Gates.Tests.G1.G1DatabaseIsolationTests.Leakproof_functions_are_postgres_defaults_or_reviewed [145 ms]
[dotnet]   Passed Erp.Gates.Tests.G1.G1DatabaseIsolationTests.Audit_trail_is_append_only_for_the_application [76 ms]
[dotnet]   Passed Erp.Gates.Tests.G1.G1DatabaseIsolationTests.Application_role_cannot_bypass_row_level_security_or_become_a_role_that_can [385 ms]
[dotnet]   Passed Erp.Gates.Tests.G1.G1CredentialTests.The_function_owner_writes_only_where_reviewed [129 ms]
[dotnet]   Passed Erp.Gates.Tests.G1.G1CredentialTests.The_sign_in_lookup_reveals_no_hash_and_no_account_before_the_password_is_proven [536 ms]
[dotnet]   Passed Erp.Gates.Tests.G1.G1CredentialTests.The_application_role_can_read_no_stored_credential [60 ms]
[dotnet]   Passed Erp.Gates.Tests.G1.G1CredentialTests.No_reviewed_function_returns_a_credential_column_or_a_whole_row [39 ms]
[dotnet]   Passed Erp.Gates.Tests.G1.G1CompanyScopeTests.Every_company_table_carries_the_standard_company_scope_policy [137 ms]
[dotnet]   Passed Erp.Gates.Tests.G1.G1CompanyScopeTests.The_application_role_sees_and_changes_only_the_bound_companies_in_every_company_table [619 ms]
[dotnet]   Passed Erp.Gates.Tests.G1.G1ClientStateTests.Every_use_of_a_carrier_that_outlives_the_document_is_reviewed [239 ms]
[dotnet]   Passed Erp.Gates.Tests.G1.G1ClientStateTests.Every_piece_of_module_level_state_in_the_web_sources_is_reviewed [201 ms]
[dotnet]   Passed Erp.Gates.Tests.G1.G1ClientStateTests.The_carrier_inventory_finds_the_planted_cookie_and_window_name [143 ms]
[dotnet]   Passed Erp.Gates.Tests.G1.G1ClientStateTests.The_inventory_finds_planted_module_state [2 ms]
[dotnet]   Passed Erp.Gates.Tests.G1.G1WriteOracleTests.Writes_answer_the_same_for_another_tenants_record_ids_as_for_ids_that_exist_nowhere [17 s]
[dotnet]   Passed Erp.Gates.Tests.G1.DifferentialNormalizationTests.One_pass_gives_what_two_passes_gave(body: "{\"items\":[{\"id\":\"0190a000-0000-7000-8000-0000"···) [11 ms]
[dotnet]   Passed Erp.Gates.Tests.G1.DifferentialNormalizationTests.One_pass_gives_what_two_passes_gave(body: "\"bravo trading\"") [2 ms]
[dotnet]   Passed Erp.Gates.Tests.G1.DifferentialNormalizationTests.One_pass_gives_what_two_passes_gave(body: "not json at all: bravo trading, admin@bravo.exampl"···) [< 1 ms]
[dotnet]   Passed Erp.Gates.Tests.G1.DifferentialNormalizationTests.One_pass_gives_what_two_passes_gave(body: "null") [< 1 ms]
[dotnet]   Passed Erp.Gates.Tests.G1.DifferentialNormalizationTests.One_pass_gives_what_two_passes_gave(body: "{\"type\":\"https://tools.ietf.org/html/rfc9110#se"···) [< 1 ms]
[dotnet]   Passed Erp.Gates.Tests.G1.DifferentialNormalizationTests.One_pass_gives_what_two_passes_gave(body: "42") [< 1 ms]
[dotnet]   Passed Erp.Gates.Tests.G1.DifferentialNormalizationTests.One_pass_gives_what_two_passes_gave(body: "  {\"spaced\" : [ 1 , 2 ] , \"s\" : \"admin@bravo."···) [< 1 ms]
[dotnet]   Passed Erp.Gates.Tests.G1.DifferentialNormalizationTests.One_pass_gives_what_two_passes_gave(body: "{\"bravo trading\":\"key is never scrubbed\",\"x\""···) [< 1 ms]
[dotnet]   Passed Erp.Gates.Tests.G1.DifferentialNormalizationTests.One_pass_gives_what_two_passes_gave(body: "[{\"a\":1.50,\"b\":1e3,\"c\":-0,\"d\":true,\"e\":f"···) [2 ms]
[dotnet]   Passed Erp.Gates.Tests.G1.DifferentialNormalizationTests.One_pass_gives_what_two_passes_gave(body: "{\"nested\":{\"traceId\":\"t\",\"deeper\":[{\"trac"···) [< 1 ms]
[dotnet]   Passed Erp.Gates.Tests.G1.DifferentialNormalizationTests.One_pass_gives_what_two_passes_gave(body: "{\"broken\": bravo}") [< 1 ms]
[dotnet]   Passed Erp.Gates.Tests.G1.DifferentialNormalizationTests.One_pass_gives_what_two_passes_gave(body: "{\"name\":\"شركة برافو\",\"note\":\"مرحبا bravo\","···) [< 1 ms]
[dotnet]   Passed Erp.Gates.Tests.G1.DifferentialNormalizationTests.One_pass_gives_what_two_passes_gave(body: "") [< 1 ms]
[dotnet]   Passed Erp.Gates.Tests.G1.DifferentialNormalizationTests.One_pass_gives_what_two_passes_gave(body: "{\"a\":1} {\"b\":2}") [< 1 ms]
[dotnet]   Passed Erp.Gates.Tests.G1.G1SignInThrottleTests.Failed_sign_ins_from_one_client_never_lock_the_account_out_for_anyone_else [15 s]
[dotnet]   Passed Erp.Gates.Tests.G1.G1SignInThrottleTests.Sign_in_failures_give_one_answer_that_states_no_policy [9 s]
[dotnet]   Passed Erp.Gates.Tests.G1.G1SignInThrottleTests.A_browser_that_signed_in_before_is_not_paused_by_failures_from_its_network_address [16 s]
[dotnet]   Passed Erp.Gates.Tests.G2.G2AccountTakeoverTests.No_endpoint_grants_another_modules_permissions_the_caller_lacks [35 s]
[dotnet]   Passed Erp.Gates.Tests.G1.G1BranchScopeAttackTests.A_user_limited_to_one_branch_cannot_reach_another_branch_of_the_company_through_any_endpoint [4 m 27 s]
[dotnet]   Passed Erp.Gates.Tests.G2.G2AccountTakeoverTests.Acting_on_a_record_that_grants_access_needs_everything_it_grants [3 m 27 s]
[dotnet]   Passed Erp.Gates.Tests.G2.G2AccountTakeoverTests.Nobody_resets_their_own_password_or_ends_their_own_access_through_administration [988 ms]
[dotnet]   Passed Erp.Gates.Tests.G2.G2AccountTakeoverTests.Acting_on_users_chosen_by_a_search_or_filter_needs_every_permission_they_hold [2 m 15 s]
[dotnet]   Passed Erp.Gates.Tests.G2.G2AccountTakeoverTests.Acting_on_a_user_needs_every_permission_that_user_holds [3 m 44 s]
[dotnet]   Passed Erp.Gates.Tests.G2.G2AccountTakeoverTests.Creating_from_a_role_cannot_grant_more_than_the_caller_holds [6 s]
[dotnet]   Passed Erp.Gates.Tests.G1.G1NonInterferenceTests.What_tenant_A_is_answered_never_depends_on_what_tenant_B_did [37 m 17 s]
[dotnet] [xUnit.net 01:08:24.97]   Finished:    Erp.Gates.Tests (ID = 'd67f9af34c5c91feae69a31c7ab81956a411c8cd54ea4942d23c1fd06e059e25')
[dotnet]   Passed Erp.Gates.Tests.G1.G1HttpIsolationTests.Tenant_A_cannot_reach_tenant_B_through_any_endpoint [1 h 7 m]
[dotnet] Results File: /out/trx/suite_net10.0_20261009140652.trx
[dotnet] 
[dotnet] Test Run Successful.
[dotnet] Total tests: 155
[dotnet]      Passed: 155
[dotnet]  Total time: 1.1410 Hours
[dotnet] 
[dotnet] [1m-- .NET tests: self-http[0m
[dotnet] Test run for /work/tests/Erp.Gates.Tests/bin/Release/net10.0/Erp.Gates.Tests.dll (.NETCoreApp,Version=v10.0)
[dotnet] A total of 1 test files matched the specified pattern.
[dotnet] [xUnit.net 00:00:00.00] xUnit.net VSTest Adapter v3.1.5+1b188a7b0a (64-bit .NET 10.0.12)
[dotnet] [xUnit.net 00:00:01.30]   Discovering: Erp.Gates.Tests
[dotnet] [xUnit.net 00:00:03.07]   Discovered:  Erp.Gates.Tests
[dotnet] [xUnit.net 00:00:03.95]   Starting:    Erp.Gates.Tests
[dotnet] [xUnit.net 01:23:19.64]   Finished:    Erp.Gates.Tests (ID = 'd67f9af34c5c91feae69a31c7ab81956a411c8cd54ea4942d23c1fd06e059e25')
[dotnet]   Passed Erp.Gates.Tests.SelfTests.GateSelfTests.The_HTTP_attack_catches_planted_header_route_and_body_leaks [1 h 22 m]
[dotnet] Results File: /out/trx/self-http_net10.0_20261009142143.trx
[dotnet] 
[dotnet] Test Run Successful.
[dotnet] Total tests: 1
[dotnet]      Passed: 1
[dotnet]  Total time: 1.3895 Hours
[dotnet] 
[dotnet] [1m-- .NET tests: self-company[0m
[dotnet] Test run for /work/tests/Erp.Gates.Tests/bin/Release/net10.0/Erp.Gates.Tests.dll (.NETCoreApp,Version=v10.0)
[dotnet] A total of 1 test files matched the specified pattern.
[dotnet] [xUnit.net 00:00:00.01] xUnit.net VSTest Adapter v3.1.5+1b188a7b0a (64-bit .NET 10.0.12)
[dotnet] [xUnit.net 00:00:01.94]   Discovering: Erp.Gates.Tests
[dotnet] [xUnit.net 00:00:03.31]   Discovered:  Erp.Gates.Tests
[dotnet] [xUnit.net 00:00:04.15]   Starting:    Erp.Gates.Tests
[dotnet]   Passed Erp.Gates.Tests.SelfTests.GateSelfTests.The_branch_attack_catches_reads_and_writes_that_ignore_the_branch_limits [4 m 38 s]
[dotnet] [xUnit.net 00:40:52.45]   Finished:    Erp.Gates.Tests (ID = 'd67f9af34c5c91feae69a31c7ab81956a411c8cd54ea4942d23c1fd06e059e25')
[dotnet]   Passed Erp.Gates.Tests.SelfTests.GateSelfTests.The_company_attack_catches_an_endpoint_that_widens_the_company_scope [35 m 2 s]
[dotnet] Results File: /out/trx/self-company_net10.0_20261009133920.trx
[dotnet] 
[dotnet] Test Run Successful.
[dotnet] Total tests: 2
[dotnet]      Passed: 2
[dotnet]  Total time: 40.9511 Minutes
[dotnet] 
[dotnet] [1m-- .NET tests: self-noninterference[0m
[dotnet] Test run for /work/tests/Erp.Gates.Tests/bin/Release/net10.0/Erp.Gates.Tests.dll (.NETCoreApp,Version=v10.0)
[dotnet] A total of 1 test files matched the specified pattern.
[dotnet] [xUnit.net 00:00:00.00] xUnit.net VSTest Adapter v3.1.5+1b188a7b0a (64-bit .NET 10.0.12)
[dotnet] [xUnit.net 00:00:00.92]   Discovering: Erp.Gates.Tests
[dotnet] [xUnit.net 00:00:03.04]   Discovered:  Erp.Gates.Tests
[dotnet] [xUnit.net 00:00:04.99]   Starting:    Erp.Gates.Tests
[dotnet]   Passed Erp.Gates.Tests.SelfTests.NonInterferenceSelfTests.The_non_interference_check_catches_shared_state_that_leaks_no_marker [19 m 2 s]
[dotnet] [xUnit.net 00:20:18.68]   Finished:    Erp.Gates.Tests (ID = 'd67f9af34c5c91feae69a31c7ab81956a411c8cd54ea4942d23c1fd06e059e25')
[dotnet]   Passed Erp.Gates.Tests.SelfTests.NonInterferenceSelfTests.The_write_comparison_also_ignores_only_versions [11 ms]
[dotnet]   Passed Erp.Gates.Tests.SelfTests.NonInterferenceSelfTests.The_non_interference_check_ignores_only_times_and_trace_ids [< 1 ms]
[dotnet] Results File: /out/trx/self-noninterference_net10.0_20261009131843.trx
[dotnet] 
[dotnet] Test Run Successful.
[dotnet] Total tests: 3
[dotnet]      Passed: 3
[dotnet]  Total time: 20.3533 Minutes
[1mstage dotnet passed in 5060 s[0m
[1mstage web passed in 1834 s[0m
[e2e] [1mEnd-to-end tests in Chromium[0m
[e2e] 
[e2e] [1m== Copying sources (without build output)[0m
[e2e] 
[e2e] [1m== End-to-end: Playwright against http://localhost:20060[0m
[e2e] 
[e2e] added 3 packages in 338ms
[e2e] 
[e2e] Running 85 tests using 1 worker
[e2e] 
[e2e] client isolation: 16 steps per tenant judged on 7 markers in 12 carriers; canary.zapzvpht@alnoor.example (A) and canary.zb65auof@gulfsteel.example (B)
[e2e]   ✓   1 [chromium] › specs/client-isolation.spec.ts:208:7 › G1 in the browser: one tab, tenant B then tenant A › after B signs out, the tab holds nothing of B, and A sees nothing of B on any screen, in storage or in memory (8.4s)
[e2e]   ✓   2 [chromium] › specs/client-isolation.spec.ts:267:7 › G1 in the browser: one tab, tenant B then tenant A › after signing out, Back does not bring the signed-out person's screens back (1.4s)
[e2e] history: B left 3 addresses with its search and record; A went Back 4 times: / / / /
[e2e]   ✓   3 [chromium] › specs/client-isolation.spec.ts:286:7 › G1 in the browser: one tab, tenant B then tenant A › after B signs out and A signs in, Back through every entry B left in the tab shows A nothing of B (3.8s)
[e2e]   ✓   4 [chromium] › specs/client-isolation.spec.ts:353:7 › G1 in the browser: one tab, tenant B then tenant A › signing out in one tab ends the session in every other tab of the browser at once (1.5s)
[e2e]   ✓   5 [chromium] › specs/client-isolation.spec.ts:371:7 › G1 in the browser: one tab, tenant B then tenant A › the judges' self-test: a marker planted in each carrier of the tab is found (2.4s)
[e2e]   ✓   6 [chromium] › specs/forms-reports.spec.ts:15:7 › record forms and printed documents › a form tracks changes, asks before leaving, saves with Ctrl+S and moves to the next record with Alt+PageDown (1.1s)
[e2e]   ✓   7 [chromium] › specs/forms-reports.spec.ts:63:7 › record forms and printed documents › a user who may only read a record sees it read-only, and no key of the form sends a change (1.4s)
[e2e]   ✓   8 [chromium] › specs/forms-reports.spec.ts:90:7 › record forms and printed documents › a record prints as an Arabic PDF from Alt+R, and its document reads right to left (1.5s)
[e2e]   ✓   9 [chromium] › specs/forms-reports.spec.ts:119:7 › record forms and printed documents › the reports screen shows a grouped report as an Arabic document and exports it (921ms)
[e2e]   ✓  10 [chromium] › specs/forms-reports.spec.ts:139:7 › record forms and printed documents › a totalled report: roles and access shows each kind's totals and the grand total, and exports it (985ms)
[e2e]   ✓  11 [chromium] › specs/forms-reports.spec.ts:180:7 › record forms and printed documents › a list prints what it shows: the filtered users list as PDF and CSV (2.1s)
[e2e]   ✓  12 [chromium] › specs/identity.spec.ts:7:7 › users, roles and permissions › an administrator creates a user with a restricted role from the keyboard, and that user sees and can do only what it grants (3.2s)
[e2e]   ✓  13 [chromium] › specs/identity.spec.ts:85:7 › users, roles and permissions › a role is built in the permission matrix with search and a bulk toggle, then copied and deleted (1.7s)
[e2e]   ✓  14 [chromium] › specs/identity.spec.ts:115:7 › users, roles and permissions › a user who may change roles but not delete them sees no Delete role, and a role granting more than they hold is read-only (2.0s)
[e2e]   ✓  15 [chromium] › specs/identity.spec.ts:160:7 › users, roles and permissions › an invitation sent to a mistyped address is corrected, and a user who never signed in is deleted (966ms)
[e2e]   ✓  16 [chromium] › specs/identity.spec.ts:192:9 › users, roles and permissions › at 1440 px the sign-in history fits the record panel and matrix headers keep whole words (en) (881ms)
[e2e]   ✓  17 [chromium] › specs/identity.spec.ts:192:9 › users, roles and permissions › at 1440 px the sign-in history fits the record panel and matrix headers keep whole words (ar) (795ms)
[e2e]   ✓  18 [chromium] › specs/identity.spec.ts:242:7 › users, roles and permissions › the Administrator role and the matrix read right to left in Arabic (29.7s)
[e2e]   ✓  19 [chromium] › specs/lists.spec.ts:17:7 › list framework › finds one user by keyboard: the search box has focus, words in any order, Enter opens the only match (3.8s)
[e2e]   ✓  20 [chromium] › specs/lists.spec.ts:37:7 › list framework › lists a search best match first, opens it with Enter, and reads Arabic spelling variants (2.4s)
[e2e]   ✓  21 [chromium] › specs/lists.spec.ts:57:7 › list framework › column header buttons keep Enter and Space; rows keep one column layout (1.1s)
[e2e]   ✓  22 [chromium] › specs/lists.spec.ts:97:7 › list framework › moves through rows with the arrow keys, selects with Space and opens with Enter (1.4s)
[e2e]   ✓  23 [chromium] › specs/lists.spec.ts:123:7 › list framework › sorts from a header and filters from the column menu; the address keeps the state (2.7s)
[e2e]   ✓  24 [chromium] › specs/lists.spec.ts:153:7 › list framework › groups by a column with counts and opens a group's rows (1.3s)
[e2e]   ✓  25 [chromium] › specs/lists.spec.ts:168:7 › list framework › groups by status under the status's own words, as the rows say them (2.0s)
[e2e]   ✓  26 [chromium] › specs/lists.spec.ts:182:7 › list framework › chooses columns and saves a personal default view that opens next time (2.0s)
[e2e]   ✓  27 [chromium] › specs/lists.spec.ts:220:7 › list framework › a read-only user keeps personal views but is not offered sharing (1.2s)
[e2e]   ✓  28 [chromium] › specs/lists.spec.ts:235:7 › list framework › the list works right to left in Arabic with Arabic counts and headers (1.4s)
[e2e]   ✓  29 [chromium] › specs/lists.spec.ts:266:7 › list framework › a value that does not fit is cut at its own end in an Arabic list, the screen's own boxes included (895ms)
[e2e]   ✓  30 [chromium] › specs/lists.spec.ts:289:9 › list framework › every header stays inside its own column, wide and narrow (ar) (1.4s)
[e2e]   ✓  31 [chromium] › specs/lists.spec.ts:289:9 › list framework › every header stays inside its own column, wide and narrow (en) (1.7s)
[e2e]   ✓  32 [chromium] › specs/lists.spec.ts:323:9 › list framework › a screen's record form grows with the window and its tables keep whole headers (en) (3.7s)
[e2e]   ✓  33 [chromium] › specs/lists.spec.ts:323:9 › list framework › a screen's record form grows with the window and its tables keep whole headers (ar) (2.2s)
[e2e]   ✓  34 [chromium] › specs/lists.spec.ts:369:9 › list framework › a list screen is never wider than a desktop window, whatever the top bar holds (ar) (1.5s)
[e2e]   ✓  35 [chromium] › specs/lists.spec.ts:369:9 › list framework › a list screen is never wider than a desktop window, whatever the top bar holds (en) (1.5s)
[e2e]   ✓  36 [chromium] › specs/navigation.spec.ts:24:7 › navigation reaches every screen › an administrator opens every menu entry in English and each screen loads (1.5s)
[e2e]   ✓  37 [chromium] › specs/navigation.spec.ts:30:7 › navigation reaches every screen › an administrator opens every menu entry in Arabic, right to left, and each screen loads (1.5s)
[e2e]   ✓  38 [chromium] › specs/passkey.spec.ts:20:7 › passkeys › added on My account, a passkey signs in with one confirmation on the device: from the plain, a personal and the team's address, in English and Arabic (36.1s)
[e2e]   ✓  39 [chromium] › specs/passkey.spec.ts:60:7 › passkeys › a removed passkey no longer signs in, and the screen says so and keeps the password path (3.7s)
[e2e]   ✓  40 [chromium] › specs/permissions.spec.ts:5:7 › screens hide what the user cannot do › a user whose roles grant nothing sees no menu and cannot open a screen by address (1.6s)
[e2e]   ✓  41 [chromium] › specs/permissions.spec.ts:15:7 › screens hide what the user cannot do › a read-only user can browse users, and the list is server-paged and searchable (1.9s)
[e2e]   ✓  42 [chromium] › specs/permissions.spec.ts:27:7 › screens hide what the user cannot do › counts take the right plural form in Arabic (1.5s)
[e2e]   ✓  43 [chromium] › specs/permissions.spec.ts:40:7 › screens hide what the user cannot do › signing out returns to the sign-in screen and the session is gone (1.0s)
[e2e]   ✓  44 [chromium] › specs/shell.spec.ts:13:7 › app shell › a fresh visit, with or without a stale session cookie, logs no error and no failed request (280ms)
[e2e]   ✓  45 [chromium] › specs/shell.spec.ts:26:7 › app shell › the printed-at and printed-by stamp of a screen shows on paper only, never on screen (749ms)
[e2e]   ✓  46 [chromium] › specs/shell.spec.ts:41:7 › app shell › nothing marked for paper shows on screen, in English or Arabic: not the letterhead, not the footer (1.9s)
[e2e]   ✓  47 [chromium] › specs/shell.spec.ts:65:7 › app shell › the tab's title names the screen, and follows the language at once (2.9s)
[e2e] switch to Arabic on the users list: 97 ms
[e2e]   ✓  48 [chromium] › specs/shell.spec.ts:82:7 › app shell › switch to Arabic in one click on a working screen: everything mirrors at once, records stay, and it survives an immediate reload (2.0s)
[e2e] palette to the Roles screen: 127 ms, 3 steps, 6 keystrokes
[e2e]   ✓  49 [chromium] › specs/shell.spec.ts:114:7 › app shell › keyboard only: the palette reaches any screen, Alt+M walks the navigation, ? lists every shortcut (2.4s)
[e2e]   ✓  50 [chromium] › specs/shell.spec.ts:156:7 › app shell › shortcuts work with an Arabic keyboard layout (matched by key position) (1.2s)
[e2e]   ✓  51 [chromium] › specs/shell.spec.ts:169:7 › app shell › the palette finds a record and opens it (1.9s)
[e2e]   ✓  52 [chromium] › specs/shell.spec.ts:185:7 › app shell › the palette opens a role by its Arabic name, and a company and a branch by code (keyboard only) (2.6s)
[e2e]   ✓  53 [chromium] › specs/shell.spec.ts:221:7 › app shell › the palette leads from a few record matches to the list of every match (24.9s)
[e2e]   ✓  54 [chromium] › specs/shell.spec.ts:239:9 › app shell › at phone width nothing is wider than the window (en) (3.0s)
[e2e]   ✓  55 [chromium] › specs/shell.spec.ts:239:9 › app shell › at phone width nothing is wider than the window (ar) (2.3s)
[e2e]   ✓  56 [chromium] › specs/shell.spec.ts:264:9 › app shell › at laptop widths the top bar fits the window (en) (1.5s)
[e2e]   ✓  57 [chromium] › specs/shell.spec.ts:264:9 › app shell › at laptop widths the top bar fits the window (ar) (1.3s)
[e2e]   ✓  58 [chromium] › specs/shell.spec.ts:288:7 › app shell › the palette offers a user with no roles nothing they cannot open (2.4s)
[e2e]   ✓  59 [chromium] › specs/shell.spec.ts:302:7 › app shell › Arabic-Indic digits are a per-user choice that follows the user (3.9s)
[e2e]   ✓  60 [chromium] › specs/shell.spec.ts:332:7 › app shell › printing shows the screen's content with a letterhead and none of the app's chrome (1.3s)
[e2e]   ✓  61 [chromium] › specs/shell.spec.ts:352:7 › app shell › a printed list screen is a document: no buttons, menus, selection boxes, sort marks or key hints (1.8s)
[e2e]   ✓  62 [chromium] › specs/shell.spec.ts:393:9 › app shell › the status line stays in view on every screen and the page never scrolls (1366x768) (1.7s)
[e2e]   ✓  63 [chromium] › specs/shell.spec.ts:393:9 › app shell › the status line stays in view on every screen and the page never scrolls (1280x720) (1.9s)
[e2e]   ✓  64 [chromium] › specs/shell.spec.ts:393:9 › app shell › the status line stays in view on every screen and the page never scrolls (1920x1080) (1.8s)
[e2e]   ✓  65 [chromium] › specs/shell.spec.ts:417:7 › app shell › Arabic text renders in the bundled Arabic font on screen and in print, whatever the device has (813ms)
[e2e]   ✓  66 [chromium] › specs/shell.spec.ts:445:7 › app shell › every list screen draws each row on one line: every cell inside its row and no line of its own, in English and Arabic, on screen and on paper (4.0s)
[e2e]   ✓  67 [chromium] › specs/shell.spec.ts:502:9 › app shell › every shell screen and dialog meets the accessibility basics (en) (1.5s)
[e2e]   ✓  68 [chromium] › specs/shell.spec.ts:502:9 › app shell › every shell screen and dialog meets the accessibility basics (ar) (1.6s)
[e2e] sign-in to workspace: 322 ms
[e2e]   ✓  69 [chromium] › specs/sign-in.spec.ts:5:7 › sign in to an empty workspace › keyboard only, in English, lands in the workspace with its menu (646ms)
[e2e]   ✓  70 [chromium] › specs/sign-in.spec.ts:17:7 › sign in to an empty workspace › in Arabic, right to left, from the first screen (1.3s)
[e2e]   ✓  71 [chromium] › specs/sign-in.spec.ts:33:7 › sign in to an empty workspace › a wrong password shows one message in the screen's language and clears the password (1.6s)
[e2e]   ✓  72 [chromium] › specs/sign-in.spec.ts:41:7 › sign in to an empty workspace › a failed sign-in message follows a switch to Arabic, right to left, with nothing left in English (26.3s)
[e2e]   ✓  73 [chromium] › specs/sign-in.spec.ts:50:7 › sign in to an empty workspace › empty fields are explained without a round trip (305ms)
[e2e]   ✓  74 [chromium] › specs/sign-in.spec.ts:56:7 › sign in to an empty workspace › the device remembers the e-mail, so the next sign-in is password then Enter; signing out forgets it (3.3s)
[e2e]   ✓  75 [chromium] › specs/sign-in.spec.ts:77:7 › sign in to an empty workspace › first visit on the team's sign-in address: the part before @, Enter, the password, Enter (2.0s)
[e2e]   ✓  76 [chromium] › specs/sign-in.spec.ts:98:7 › sign in to an empty workspace › first visit on the team's sign-in address: the whole e-mail moves on by itself, the password, Enter (1.5s)
[e2e]   ✓  77 [chromium] › specs/sign-in.spec.ts:115:7 › sign in to an empty workspace › returning on the team's sign-in address: the whole remembered e-mail, the password focused, password then Enter (3.6s)
[e2e]   ✓  78 [chromium] › specs/sign-in.spec.ts:140:7 › sign in to an empty workspace › the password can be shown from the keyboard to check it, then hidden, and still signs in (1.5s)
[e2e]   ✓  79 [chromium] › specs/sign-in.spec.ts:161:7 › sign in to an empty workspace › on the team's sign-in address in Arabic the domain stays left to right after the field (337ms)
[e2e]   ✓  80 [chromium] › specs/tenancy.spec.ts:19:7 › companies, branches and the working company › an administrator creates a company and its first branch from the keyboard, then works in it (2.8s)
[e2e]   ✓  81 [chromium] › specs/tenancy.spec.ts:71:7 › companies, branches and the working company › in Arabic the companies read right to left and the switcher works the same way (809ms)
[e2e]   ✓  82 [chromium] › specs/tenancy.spec.ts:88:7 › companies, branches and the working company › a read-only user works in one company: sees only it, cannot switch or edit (1.6s)
[e2e]   ✓  83 [chromium] › specs/tenancy.spec.ts:108:7 › companies, branches and the working company › branches: search word by word, group by company and narrow to one company from the column menu (1.9s)
[e2e]   ✓  84 [chromium] › specs/tenancy.spec.ts:151:7 › companies, branches and the working company › access: find a user by e-mail, see their companies and limit them to branches (1.1s)
[e2e]   ✓  85 [chromium] › specs/tenancy.spec.ts:172:7 › companies, branches and the working company › at phone width the working company stays readable and the switcher opens inside the window (1.3s)
[e2e] 
[e2e]   85 passed (4.5m)
[e2e] 
[e2e] [1m== Comparison harness: built ours drivers against http://localhost:20060 (health check)[0m
[e2e] waiting 61 s for the end-to-end suite's sign-ins to leave the sign-in limit's window
[e2e] 
[e2e] added 2 packages in 325ms
[e2e] built for ours: api-update-user, arabic-report, create-company-branch, create-restricted-user, edit-and-save, find-user, print-list-arabic, reach-screen-keyboard, sign-in, switch-company, switch-to-arabic
[e2e] api-update-user          ours  verified  steps 2  keys 249  machine 0.034s  human 72.82s  human+wait 72.851s  -> ../out/ours-health/results/api-update-user-20261009T142721-38ef.json
[e2e] arabic-report            ours  verified  steps 2  keys 0  machine 0.122s  human 5.3s  human+wait 5.331s  -> ../out/ours-health/results/arabic-report-20261009T142722-40b9.json
[e2e] create-company-branch    ours  verified  steps 6  keys 49  machine 0.452s  human 22.17s  human+wait 22.356s  -> ../out/ours-health/results/create-company-branch-20261009T142724-fca0.json
[e2e] create-restricted-user   ours  verified  steps 5  keys 37  machine 0.684s  human 20.91s  human+wait 21.134s  -> ../out/ours-health/results/create-restricted-user-20261009T142729-9442.json
[e2e] edit-and-save            ours  verified  steps 3  keys 19  machine 0.107s  human 9.72s  human+wait 9.772s  -> ../out/ours-health/results/edit-and-save-20261009T142734-67bd.json
[e2e] find-user                ours  verified  steps 3  keys 3  machine 0.315s  human 5.24s  human+wait 5.3s  -> ../out/ours-health/results/find-user-20261009T142738-5d7a.json
[e2e] print-list-arabic        ours  verified  steps 3  keys 13  machine 0.494s  human 11.09s  human+wait 11.369s  -> ../out/ours-health/results/print-list-arabic-20261009T142824-343f.json
[e2e] reach-screen-keyboard    ours  verified  steps 3  keys 5  machine 0.111s  human 3.15s  human+wait 3.208s  -> ../out/ours-health/results/reach-screen-keyboard-20261009T142826-4448.json
[e2e] sign-in                  ours  verified  steps 1  keys 0  machine 0.031s  human 2.03s  human+wait 2.058s  -> ../out/ours-health/results/sign-in-20261009T142831-cad4.json
[e2e] switch-company           ours  verified  steps 1  keys 0  machine 0.091s  human 2.65s  human+wait 2.702s  -> ../out/ours-health/results/switch-company-20261009T142841-4cec.json
[e2e] switch-to-arabic         ours  verified  steps 1  keys 0  machine 0.08s  human 2.65s  human+wait 2.651s  -> ../out/ours-health/results/switch-to-arabic-20261009T142845-a2ba.json
[e2e] output: ../../../out/ours-health
[1mstage e2e passed in 5522 s[0m
[1m[2/3] .NET timing budgets at demo volume (alone)[0m

[1m== .NET: timing budgets at demo volume (alone)[0m
Test run for /work/tests/Erp.Modules.Lists.Tests/bin/Release/net10.0/Erp.Modules.Lists.Tests.dll (.NETCoreApp,Version=v10.0)
Test run for /work/tests/Erp.Modules.Reports.Tests/bin/Release/net10.0/Erp.Modules.Reports.Tests.dll (.NETCoreApp,Version=v10.0)
Test run for /work/tests/Erp.Gates.Tests/bin/Release/net10.0/Erp.Gates.Tests.dll (.NETCoreApp,Version=v10.0)
Test run for /work/tests/Erp.Kernel.Tests/bin/Release/net10.0/Erp.Kernel.Tests.dll (.NETCoreApp,Version=v10.0)
Test run for /work/tests/Erp.Modules.Tenancy.Tests/bin/Release/net10.0/Erp.Modules.Tenancy.Tests.dll (.NETCoreApp,Version=v10.0)
A total of 1 test files matched the specified pattern.
A total of 1 test files matched the specified pattern.
Test run for /work/tests/Erp.Modules.Identity.Tests/bin/Release/net10.0/Erp.Modules.Identity.Tests.dll (.NETCoreApp,Version=v10.0)
A total of 1 test files matched the specified pattern.
A total of 1 test files matched the specified pattern.
A total of 1 test files matched the specified pattern.
A total of 1 test files matched the specified pattern.
[xUnit.net 00:00:00.01] xUnit.net VSTest Adapter v3.1.5+1b188a7b0a (64-bit .NET 10.0.12)
[xUnit.net 00:00:00.00] xUnit.net VSTest Adapter v3.1.5+1b188a7b0a (64-bit .NET 10.0.12)
[xUnit.net 00:00:00.03] xUnit.net VSTest Adapter v3.1.5+1b188a7b0a (64-bit .NET 10.0.12)
[xUnit.net 00:00:00.00] xUnit.net VSTest Adapter v3.1.5+1b188a7b0a (64-bit .NET 10.0.12)
[xUnit.net 00:00:00.00] xUnit.net VSTest Adapter v3.1.5+1b188a7b0a (64-bit .NET 10.0.12)
[xUnit.net 00:00:00.00] xUnit.net VSTest Adapter v3.1.5+1b188a7b0a (64-bit .NET 10.0.12)
[xUnit.net 00:00:01.02]   Discovering: Erp.Modules.Lists.Tests
[xUnit.net 00:00:01.09]   Discovering: Erp.Kernel.Tests
[xUnit.net 00:00:01.49]   Discovered:  Erp.Modules.Lists.Tests
No test matches the given testcase filter `Load=Timing` in /work/tests/Erp.Modules.Lists.Tests/bin/Release/net10.0/Erp.Modules.Lists.Tests.dll
[xUnit.net 00:00:01.32]   Discovering: Erp.Gates.Tests
[xUnit.net 00:00:00.90]   Discovering: Erp.Modules.Reports.Tests
[xUnit.net 00:00:01.05]   Discovering: Erp.Modules.Tenancy.Tests
[xUnit.net 00:00:01.09]   Discovering: Erp.Modules.Identity.Tests
[xUnit.net 00:00:01.90]   Discovered:  Erp.Kernel.Tests
Results File: /out/trx/_docker-desktop_2026-10-09_14_29_36_net10.0.trx

[xUnit.net 00:00:01.81]   Discovered:  Erp.Modules.Tenancy.Tests
No test matches the given testcase filter `Load=Timing` in /work/tests/Erp.Modules.Tenancy.Tests/bin/Release/net10.0/Erp.Modules.Tenancy.Tests.dll
Results File: /out/trx/_docker-desktop_2026-10-09_14_29_37_net10.0.trx

[xUnit.net 00:00:02.03]   Discovered:  Erp.Modules.Reports.Tests
No test matches the given testcase filter `Load=Timing` in /work/tests/Erp.Modules.Reports.Tests/bin/Release/net10.0/Erp.Modules.Reports.Tests.dll
[xUnit.net 00:00:02.85]   Starting:    Erp.Kernel.Tests
Results File: /out/trx/_docker-desktop_2026-10-09_14_29_37_net10.0[1].trx

[xUnit.net 00:00:02.79]   Discovered:  Erp.Gates.Tests
No test matches the given testcase filter `Load=Timing` in /work/tests/Erp.Gates.Tests/bin/Release/net10.0/Erp.Gates.Tests.dll
[xUnit.net 00:00:02.44]   Discovered:  Erp.Modules.Identity.Tests
Results File: /out/trx/_docker-desktop_2026-10-09_14_29_38_net10.0.trx

[xUnit.net 00:00:02.89]   Starting:    Erp.Modules.Identity.Tests
[xUnit.net 00:00:23.22]   Finished:    Erp.Kernel.Tests (ID = '1ac195ec15f33ab4788e3de64df3053333a57179a8cf50eb11a1918a6450c228')
  Passed Erp.Kernel.Tests.KernelDataTests.Bulk_insert_loads_100000_rows_through_row_level_security_quickly [2 s]
Results File: /out/trx/_docker-desktop_2026-10-09_14_29_58_net10.0.trx

Test Run Successful.
Total tests: 1
     Passed: 1
 Total time: 25.0146 Seconds
  Passed Erp.Modules.Identity.Tests.UsersListVolumeTests.Word_search_is_served_by_the_trigram_index_not_a_table_scan [89 ms]
  Passed Erp.Modules.Identity.Tests.UsersListVolumeTests.One_user_is_found_among_100000_by_the_Arabic_name_in_well_under_a_second [11 s]
  Passed Erp.Modules.Identity.Tests.UsersListVolumeTests.One_user_is_found_among_100000_by_the_name_written_in_Arabic_in_well_under_a_second [2 s]
  Passed Erp.Modules.Identity.Tests.UsersListVolumeTests.Sorted_filtered_grouped_and_deep_keyset_pages_stay_within_budget [4 s]
  Passed Erp.Modules.Identity.Tests.UsersListVolumeTests.The_whole_list_of_100000_users_exports_as_csv_and_xlsx_every_row [29 s]
[xUnit.net 00:01:49.91]   Finished:    Erp.Modules.Identity.Tests (ID = 'c22946a00a079b5bd17fa697d59967873c784c899ebaee038a5706484c46b106')
  Passed Erp.Modules.Identity.Tests.UsersListVolumeTests.One_user_is_found_among_100000_in_well_under_a_second [623 ms]
Results File: /out/trx/_docker-desktop_2026-10-09_14_30_38_net10.0.trx

Test Run Successful.
Total tests: 6
     Passed: 6
 Total time: 1.8716 Minutes
[1m[3/3] Ratchet[0m

verify wall time before the ratchet: 5641 s (maximum on a quiet machine 3600 s; not judged: the machine was busy (load 0.19 at the start and 39.32 at the end on 16 CPUs; quiet is at most 0.5 per CPU at both))
verify processor time: 11671 s (dotnet 9753, web 1577, e2e 254, timing 88; maximum 10500 s)

Test counts this run:
  suite.dotnetTests      passed   541  failed 0  skipped 0  (minimum 541)
  suite.webUnitTests     passed   373  failed 0  skipped 0  (minimum 373)
  suite.e2eTests         passed    85  failed 0  skipped 0  (minimum 85)
  suite.compareTests     passed   320  failed 0  skipped 0  (minimum 320)

Ratchet check FAILED:
  verify.cpuSeconds: the verify stages used 11671 processor seconds, maximum 10500
erp: the failed run's logs and reports are kept in /home/shan/critic/p00-foundation-r8/.verify-failed/20261009T143129Z-4172
[31merp: verify FAILED (exit 1)[0m
